tree
version=v4
num_class=1
num_tree_per_iteration=1
label_index=0
max_feature_idx=6
objective=regression
feature_names=EngineHours LastServiceHours HydraulicPressure RPM FuelUsed LoadCycles ArmCycles
feature_infos=[1769:10007.33333333335] [1559:7586] [97.4022535164342:327.20180171864206] [607.78033909591534:2467.7602496809259] [1.5049456355148902:64.990558770089251] [0:45] [12:135]
tree_sizes=3476 3896 3978 4071 4157 3900 3888 4408 4229 4490 4234 4141 4406 4558 4583 4584 4834 5324 4831 5357 5023 5317 4911 4836 4919 4997 5017 5335 5342 5362 5353 5348 5363 5374 5329 5345 5354 5339 5341 5353 5382 5363 5390 5395 5401 5391 5400 5397 5374 5395 5377 5394 5386 5407 5387 5375 5385 5405 5397 5387 5396 5404 5405 5415 5400 5415 5415 5387 5391 5377 5408 5374 5373 5413 5422 5423 5417 5416 5416 5434 5417 5424 5416 5447 5469 5478 5486 5481 5466 5475 5481 5475 5461 5466 5467 5490 5465 5473 5473 5438 5457 5444 5452 5452 5451 5450 5466 5436 5476 5463 5461 5463 5468 5502 5503

Tree=0
num_leaves=42
num_cat=0
split_feature=0 0 1 0 0 0 0 1 0 1 0 0 0 0 0 0 0 0 0 0 0 0 0 0 1 0 1 0 0 0 5 3 3 0 2 0 0 0 0 0 0
split_gain=3.51753e+06 1.76756e+06 1.07005e+07 2.87712e+06 379324 303674 303105 1.32902e+06 744984 573884 301019 229188 198529 146308 50242 49847.5 49078.9 47873.4 42944.7 39907.2 38165.6 34916.6 33866.7 17928.2 366593 81945.9 26108.3 191283 13125.9 11025.3 2411.97 1752.14 1677.01 1014.73 677.338 499.997 461.72 185.895 16.0762 3.4515 5.82077e-11
threshold=1937.033333333334 3841.6666666666711 2460.5000000000005 3628.9750000000026 3729.6416666666687 3534.6166666666686 6488.3499999999985 4564.0000000000009 6151.5000000000027 5887.5000000000009 2042.2249999999997 6382.2166666666662 6248.0250000000042 1881.1083333333336 3777.3833333333346 3484.8166666666684 1989.4750000000008 1825.4250000000002 6438.7416666666659 6097.5250000000015 3680.9000000000019 3580.358333333334 6196.8833333333359 8077.7583333333287 7306.0000000000009 8017.0583333333243 6517.5000000000009 7487.8749999999964 7455.9416666666648 7518.9416666666575 10.500000000000002 1449.9313192269756 1491.8816426833775 6509.0416666666633 207.26220862752106 3886.4416666666716 6295.3583333333345 2098.4583333333358 8089.4333333333298 7553.2999999999984 7839.8333333333294
decision_type=2 2 2 2 2 2 2 2 2 2 2 2 2 2 2 2 2 2 2 2 2 2 2 2 2 2 2 2 2 2 2 2 2 2 2 2 2 2 2 2 2
left_child=13 2 10 5 20 15 7 35 19 12 16 30 22 17 -6 -4 -2 -1 -13 -9 -5 -7 -10 24 26 34 33 28 -28 -29 -11 -16 -27 -8 -26 -3 -14 -12 -25 -31 -35
right_child=1 6 3 4 14 21 23 8 9 11 37 18 36 -15 31 -17 -18 -19 -20 -21 -22 -23 -24 38 25 32 27 29 -30 39 -32 -33 -34 40 -36 -37 -38 -39 -40 -41 -42
leaf_value=27.353147930342704 19.249554282862693 14.538200092006473 34.534949271944484 24.625642142616332 19.687024745184928 29.647870522762297 14.621299048925749 24.029835676236857 18.845309478480367 23.007020841478059 14.459736548770916 19.148524747728061 14.55088238012325 21.844944876868276 17.363647751733129 31.826284808356316 16.480335501272229 24.618148011405019 16.425830311018974 21.512679249484091 22.182446469215392 27.26979492169675 16.544944876868279 14.373733524212312 19.547871970374135 16.515148486768318 18.73920333514203 15.517377923935829 17.043563647467643 14.358871967036276 22.265866472068524 16.731953469225083 15.882538644511252 14.337496966559439 19.145830276773395 14.337496966559439 14.337496966559439 14.337496966559439 14.337496966559439 14.337496966559439 14.337496966559439
leaf_weight=32 32 32 35 31 30 29 32 31 32 21 32 30 32 32 21 33 32 32 28 32 33 33 32 31 20 22 21 21 25 20 23 23 20 1717 22 1025 122 1108 2418 339 284
leaf_count=32 32 32 35 31 30 29 32 31 32 21 32 30 32 32 21 33 32 32 28 32 33 33 32 31 20 22 21 21 25 20 23 23 20 1717 22 1025 122 1108 2418 339 284
internal_value=15.0921 14.9766 16.5395 25.5753 20.5471 30.9129 14.6189 15.2579 17.7814 16.8029 14.5283 19.8984 15.3545 24.6054 18.1092 33.2205 17.8649 25.9856 17.8341 22.7513 23.3659 28.3821 17.6951 14.4345 14.5275 17.7756 14.4165 14.7725 17.8177 14.4038 22.6196 17.0334 16.2139 14.342 19.3373 14.3436 14.3818 14.3409 14.338 14.3387 14.3375
internal_weight=8000 7904 1472 268 138 130 6432 1440 383 320 1204 102 218 96 74 68 64 64 58 63 64 62 64 4992 2543 84 2459 426 46 380 44 44 42 2033 42 1057 154 1140 2449 359 2001
internal_count=8000 7904 1472 268 138 130 6432 1440 383 320 1204 102 218 96 74 68 64 64 58 63 64 62 64 4992 2543 84 2459 426 46 380 44 44 42 2033 42 1057 154 1140 2449 359 2001
is_linear=0
shrinkage=1


Tree=1
num_leaves=46
num_cat=0
split_feature=0 0 1 0 0 0 0 1 0 1 0 0 0 0 0 0 0 0 0 0 0 0 0 0 1 0 1 0 0 0 3 0 4 4 2 0 0 0 0 0 0 3 4 2 2
split_gain=3.17457e+06 1.59523e+06 9.65724e+06 2.5966e+06 342340 274066 273552 1.19944e+06 672348 517930 271670 208661 179172 132043 45851.9 44987.4 44293.7 43205.8 36016.3 35868.8 34444.5 31512.2 30564.7 16180.2 330850 73956.1 23562.7 172633 11846.1 9950.31 1513.5 915.794 755.409 679.495 611.297 451.247 416.702 167.771 14.5088 3.11497 5.82077e-11 5.82077e-11 5.82077e-11 7.27596e-12 3.63798e-12
threshold=1937.033333333334 3841.6666666666711 2460.5000000000005 3628.9750000000026 3729.6416666666687 3534.6166666666686 6488.3499999999985 4564.0000000000009 6151.5000000000027 5887.5000000000009 2042.2249999999997 6413.9750000000004 6248.0250000000042 1881.1083333333336 3799.3500000000008 3484.8166666666684 1989.4750000000008 1825.4250000000002 6097.5250000000015 6352.3583333333327 3680.9000000000019 3580.358333333334 6196.8833333333359 8077.7583333333287 7306.0000000000009 8017.0583333333243 6517.5000000000009 7487.8749999999964 7455.9416666666648 7518.9416666666575 1491.8816426833775 6509.0416666666633 11.409973889160106 14.772664346170684 207.26220862752106 3886.4416666666716 6295.3583333333345 2098.4583333333358 8089.4333333333298 7553.2999999999984 9776.0916666666762 1776.9906277840062 7.1054417813383575 227.92937061794265 229.6690084641173
decision_type=2 2 2 2 2 2 2 2 2 2 2 2 2 2 2 2 2 2 2 2 2 2 2 2 2 2 2 2 2 2 2 2 2 2 2 2 2 2 2 2 2 2 2 2 2
left_child=13 2 10 5 20 15 7 35 18 12 16 19 22 17 33 -4 -2 -1 -9 -11 -5 -7 -10 24 26 34 31 28 -28 -29 -27 -8 -13 -6 -26 -3 -14 -12 -25 -31 -40 -39 -33 -42 -38
right_child=1 6 3 4 14 21 23 8 9 11 37 32 36 -15 -16 -17 -18 -19 -20 -21 -22 -23 -24 38 25 30 27 29 -30 39 -32 42 -34 -35 -36 -37 44 41 40 -41 43 -43 -44 -45 -46
leaf_value=11.64799349308014 3.9495794892311098 -0.52620688416063788 18.470705174037388 9.0568631325998616 3.6687490609975963 13.827980620285562 -0.44726286274380983 8.4908471630465598 3.5655471205711367 7.7791498118433458 -0.60074725216254599 2.1965312492847442 -0.51415870352648196 6.4152007102966309 1.2709969895226616 15.897473144531251 1.3188217703253031 9.0497436046600352 6.0995482802391052 5.2923300381364493 6.735827035614939 11.568808422666608 1.3802006719633937 -0.68245011837251734 4.2329813194274903 1.3518941088156267 3.4647461482456756 0.40401206413904833 1.8538884887695315 -0.6965686202049256 0.75091475963592536 -0.71687483787536621 1.7804608583450319 4.0563995933532722 3.8510418458418414 -0.71687483787536621 -0.71687483787536621 -0.71687483787536621 -0.71687483787536621 -0.71687483787536621 -0.71687483787536621 -0.71687483787536621 -0.71687483787536621 -0.71687483787536621 -0.71687483787536621
leaf_weight=32 32 32 35 31 26 29 32 31 32 29 32 20 32 32 28 33 32 32 32 29 33 33 32 31 20 22 21 21 25 20 20 358 24 20 22 1025 99 928 2263 339 129 180 1643 26 23
leaf_count=32 32 32 35 31 26 29 32 31 32 29 32 20 32 32 28 33 32 32 32 29 33 33 32 31 20 22 21 21 25 20 20 358 24 20 22 1025 99 928 2263 339 129 180 1643 26 23
internal_value=1.14638e-08 -0.109769 1.37506 9.95904 5.18224 15.0298 -0.449581 0.157537 2.5548 1.62527 -0.535658 4.56603 0.249322 9.03765 2.86626 17.2219 2.6342 10.3489 7.27622 6.53574 7.86008 12.6255 2.47287 -0.624711 -0.536373 2.54932 -0.641781 -0.303664 2.58928 -0.653862 1.06571 -0.712631 1.96958 3.83729 4.03292 -0.711102 -0.674752 -0.713615 -0.716439 -0.715744 -0.716875 -0.716875 -0.716875 -0.716875 -0.716875
internal_weight=8000 7904 1472 268 138 130 6432 1440 383 320 1204 102 218 96 74 68 64 64 63 58 64 62 64 4992 2543 84 2459 426 46 380 42 2033 44 46 42 1057 154 1140 2449 359 2418 1108 2001 155 122
internal_count=8000 7904 1472 268 138 130 6432 1440 383 320 1204 102 218 96 74 68 64 64 63 58 64 62 64 4992 2543 84 2459 426 46 380 42 2033 44 46 42 1057 154 1140 2449 359 2418 1108 2001 155 122
is_linear=0
shrinkage=0.05


Tree=2
num_leaves=47
num_cat=0
split_feature=0 0 1 0 0 0 0 1 0 1 0 0 0 0 0 0 0 0 0 0 0 0 0 0 1 0 1 0 0 0 5 3 3 0 2 0 0 0 0 0 0 0 0 2 2 0
split_gain=2.86505e+06 1.43969e+06 8.71566e+06 2.34343e+06 308962 247345 246881 1.08249e+06 606794 467432 245182 188349 161703 119168 42417.4 40601.1 39975 38993.2 36396.8 32504.7 31086.1 28439.8 27584.7 14602.6 298592 66745.4 21265.4 155801 10691.1 8980.16 1961.17 1511.64 1365.93 826.504 551.696 407.25 376.074 151.413 13.0941 2.81126 5.82077e-11 2.91038e-11 2.91038e-11 1.45519e-11 7.27596e-12 3.63798e-12
threshold=1937.033333333334 3841.6666666666711 2460.5000000000005 3628.9750000000026 3729.6416666666687 3534.6166666666686 6488.3499999999985 4564.0000000000009 6151.5000000000027 5887.5000000000009 2042.2249999999997 6382.2166666666662 6248.0250000000042 1881.1083333333336 3777.3833333333346 3484.8166666666684 1989.4750000000008 1825.4250000000002 6438.7416666666659 6097.5250000000015 3680.9000000000019 3580.358333333334 6196.8833333333359 8077.7583333333287 7306.0000000000009 8017.0583333333243 6517.5000000000009 7487.8749999999964 7455.9416666666648 7518.9416666666575 10.500000000000002 1449.9313192269756 1491.8816426833775 6509.0416666666633 207.26220862752106 3886.4416666666716 6295.3583333333345 2098.4583333333358 8089.4333333333298 7553.2999999999984 8039.0833333333294 4907.6833333333407 3025.3250000000016 187.47626815679496 263.77256857601259 6352.3583333333327
decision_type=2 2 2 2 2 2 2 2 2 2 2 2 2 2 2 2 2 2 2 2 2 2 2 2 2 2 2 2 2 2 2 2 2 2 2 2 2 2 2 2 2 2 2 2 2 2
left_child=13 2 10 5 20 15 7 35 19 12 16 30 22 17 -6 -4 -2 -1 -13 -9 -5 -7 -10 24 26 34 33 28 -28 -29 -11 -16 -27 -8 -26 -3 -14 -12 -25 -31 -35 -37 -39 -41 -43 -38
right_child=1 6 3 4 14 21 23 8 9 11 37 18 36 -15 31 -17 -18 -19 -20 -21 -22 -23 -24 38 25 32 27 29 -30 39 -32 -33 -34 40 -36 41 45 42 -40 43 -42 44 -44 -45 -46 -47
leaf_value=11.06559374332428 3.7521005749702456 -0.49989654012024404 17.547170017787391 8.6040196572580641 4.1726939264933272 13.136580763192013 -0.42489972028415651 8.0663049267184359 3.3872696042060855 7.1538996015276233 -0.57070989385247228 3.6763938013712569 -0.48845078116282825 6.0944405555725103 2.0411921705518448 15.10260009765625 1.2528806781396271 8.5972564220428467 1.1698459829602923 5.7945708632469177 6.399035806366892 10.990367565733015 1.3111906551755965 -0.64832760364778586 4.0213323402404786 1.2842993931336837 3.291508919852121 0.38381145371212844 1.7611940536499024 -0.66174015045166024 6.4855861829674772 1.4544505829396455 0.71336900942027581 -0.68103108406066903 3.6584897128018472 -0.68103108406066903 -0.68103108406066903 -0.68103108406066903 -0.68103108406066903 -0.68103108406066903 -0.68103108406066903 -0.68103108406066903 -0.68103108406066903 -0.68103108406066903 -0.68103108406066903 -0.68103108406066903
leaf_weight=32 32 32 35 31 30 29 32 31 32 21 32 30 32 32 21 33 32 32 28 32 33 33 32 31 20 22 21 21 25 20 23 23 20 1959 22 672 35 608 2418 113 42 330 500 226 23 87
leaf_count=32 32 32 35 31 30 29 32 31 32 21 32 30 32 32 21 33 32 32 28 32 33 33 32 31 20 22 21 21 25 20 23 23 20 1959 22 672 35 608 2418 113 42 330 500 226 23 87
internal_value=1.92474e-08 -0.104281 1.30631 9.46108 4.92312 14.2783 -0.427102 0.14966 2.42706 1.54401 -0.508875 4.33772 0.236856 8.58576 2.72295 16.3608 2.50249 9.83143 2.46634 6.91241 7.46707 11.9942 2.34923 -0.593475 -0.509555 2.42185 -0.609692 -0.288481 2.45982 -0.621169 6.80455 1.73449 1.01243 -0.677 3.83127 -0.675547 -0.641014 -0.677934 -0.680617 -0.679956 -0.681031 -0.681031 -0.681031 -0.681031 -0.681031 -0.681031
internal_weight=8000 7904 1472 268 138 130 6432 1440 383 320 1204 102 218 96 74 68 64 64 58 63 64 62 64 4992 2543 84 2459 426 46 380 44 44 42 2033 42 1057 154 1140 2449 359 2001 1025 1108 339 353 122
internal_count=8000 7904 1472 268 138 130 6432 1440 383 320 1204 102 218 96 74 68 64 64 58 63 64 62 64 4992 2543 84 2459 426 46 380 44 44 42 2033 42 1057 154 1140 2449 359 2001 1025 1108 339 353 122
is_linear=0
shrinkage=0.05


Tree=3
num_leaves=48
num_cat=0
split_feature=0 0 1 0 0 0 1 0 1 0 0 0 0 0 0 0 0 0 0 0 0 0 0 0 1 0 1 0 0 0 0 4 0 4 0 0 0 0 0 2 2 0 0 0 0 0 0
split_gain=2.58571e+06 1.29932e+06 7.86588e+06 2.11681e+06 312671 222810 976950 547632 421857 221277 196252 171484 145937 107550 60613.1 36077.5 35191.4 30142.6 29335.5 26531.8 25418.1 24895.2 20773.7 13178.8 269480 61262.2 19192 140611 14639.6 9648.73 8104.59 1205.02 745.92 615.023 367.544 339.407 136.65 11.8175 2.53717 1.16415e-10 5.82077e-11 2.91038e-11 2.91038e-11 1.45519e-11 7.27596e-12 3.63798e-12 3.63798e-12
threshold=1937.033333333334 3841.6666666666711 2460.5000000000005 3656.2500000000023 3555.7833333333333 6488.3499999999985 4564.0000000000009 6151.5000000000027 5887.5000000000009 2042.2249999999997 3754.3666666666682 6413.9750000000004 6248.0250000000042 1881.1083333333336 3484.8166666666684 1989.4750000000008 1825.4250000000002 6352.3583333333327 6097.5250000000015 3606.200000000003 3702.4166666666683 6196.8833333333359 3799.3500000000008 8077.7583333333287 7306.0000000000009 8006.1500000000042 6517.5000000000009 7487.8749999999964 8039.0833333333294 7455.9416666666648 7518.9416666666575 10.801966379121227 6509.0416666666633 11.409973889160106 3886.4416666666716 6295.3583333333345 2098.4583333333358 8089.4333333333298 7553.2999999999984 157.54411811042806 276.73487064419913 4907.6833333333407 3124.200000000003 7745.7916666666561 5067.5333333333374 7682.9249999999911 6352.3583333333327
decision_type=2 2 2 2 2 2 2 2 2 2 2 2 2 2 2 2 2 2 2 2 2 2 2 2 2 2 2 2 2 2 2 2 2 2 2 2 2 2 2 2 2 2 2 2 2 2 2
left_child=13 2 9 4 14 6 34 18 12 15 20 17 21 16 -4 -2 -1 -10 -8 -6 -5 -9 -12 24 26 -26 32 29 -27 -28 -29 -16 -7 -13 -3 -14 -11 -25 -32 45 -39 -36 -38 -40 -43 -34 -37
right_child=1 5 3 10 19 23 7 8 11 36 22 33 35 -15 31 -17 -18 -19 -20 -21 -22 -23 -24 37 25 28 27 30 -30 -31 38 -33 39 -35 41 46 42 40 43 -41 -42 44 -44 -45 -46 -47 -48
leaf_value=10.512313866615296 3.5644956707954409 -0.4749017018824816 16.669811008998327 7.1327515386766009 11.395814609527589 -0.40365475199650974 7.6629891918551536 3.2179062008857731 7.0463245918010848 -0.54217438977211718 2.9870223939418796 1.9718150761723519 -0.46402823571115737 5.7897187232971197 13.637252502441408 1.1902366608381272 8.1673934459686279 4.766633198179048 5.5048423171043401 9.3260848236083991 5.1238626837730408 1.2456311188638212 1.122151548096112 -0.61591121535147397 3.9382228065939509 2.0777734835942585 3.1269334520612446 0.36462089284544902 0.36528762470071136 1.6731343994140628 -0.62865317940711973 14.145403889247351 -0.64697957038879395 1.5963916920125485 -0.64697957038879395 -0.64697957038879395 -0.64697957038879395 -0.64697957038879395 -0.64697957038879395 -0.64697957038879395 -0.64697957038879395 -0.64697957038879395 -0.64697957038879395 -0.64697957038879395 -0.64697957038879395 -0.64697957038879395 -0.64697957038879395
leaf_weight=32 32 32 35 31 32 32 31 32 29 32 32 20 32 32 20 32 32 29 32 30 32 32 28 31 34 24 21 21 26 25 20 28 129 24 672 35 672 2289 121 1837 129 96 436 218 257 35 87
leaf_count=32 32 32 35 31 32 32 31 32 29 32 32 20 32 32 20 32 32 29 32 30 32 32 28 31 34 24 21 21 26 25 20 28 129 24 672 35 672 2289 121 1837 129 96 436 218 257 35 87
internal_value=-1.64128e-08 -0.0990665 1.24099 8.98803 13.0807 -0.405747 0.142177 2.30571 1.46681 -0.483431 4.16328 4.12084 0.225013 8.15648 15.0875 2.37737 9.33985 5.90648 6.56679 10.3943 6.11236 2.23177 2.11675 -0.563802 -0.484077 2.30076 -0.579207 -0.274057 1.18728 2.33683 -0.590111 13.9337 -0.64315 1.76704 -0.64177 -0.608964 -0.644038 -0.646586 -0.645959 -0.64698 -0.64698 -0.64698 -0.64698 -0.64698 -0.64698 -0.64698 -0.64698
internal_weight=8000 7904 1472 268 145 6432 1440 383 320 1204 123 102 218 96 83 64 64 58 63 62 63 64 60 4992 2543 84 2459 426 50 46 380 48 2033 44 1057 154 1140 2449 359 2001 2418 1025 1108 339 353 164 122
internal_count=8000 7904 1472 268 145 6432 1440 383 320 1204 123 102 218 96 83 64 64 58 63 62 63 64 60 4992 2543 84 2459 426 50 46 380 48 2033 44 1057 154 1140 2449 359 2001 2418 1025 1108 339 353 164 122
is_linear=0
shrinkage=0.05


Tree=4
num_leaves=49
num_cat=0
split_feature=0 0 1 0 0 0 0 1 0 1 0 0 0 0 0 0 0 0 0 0 0 0 0 0 1 0 1 0 0 0 0 3 0 2 2 0 0 0 0 0 0 0 2 2 0 0 0 2
split_gain=2.3336e+06 1.17264e+06 7.09896e+06 1.91095e+06 252303 203226 201086 881697 494238 380726 199702 154764 131708 97063.4 43309.4 34757.3 32559.9 31760.2 27203.7 26475.3 25240.6 22467.9 14644.5 11893.9 243205 55534.2 17320.8 126901 14831.6 8707.98 7314.39 1308.14 673.193 633.651 587.815 331.708 306.314 123.327 10.6653 2.28979 5.82077e-11 5.82077e-11 5.82077e-11 5.82077e-11 2.91038e-11 2.91038e-11 7.27596e-12 7.27596e-12
threshold=1937.033333333334 3841.6666666666711 2460.5000000000005 3628.9750000000026 3729.6416666666687 3511.4750000000026 6488.3499999999985 4564.0000000000009 6151.5000000000027 5887.5000000000009 2042.2249999999997 6413.9750000000004 6248.0250000000042 1881.1083333333336 3580.358333333334 3777.3833333333346 1989.4750000000008 1825.4250000000002 6352.3583333333327 6097.5250000000015 3680.9000000000019 6196.8833333333359 3461.233333333334 8077.7583333333287 7306.0000000000009 8028.2583333333241 6517.5000000000009 7487.8749999999964 7990.7333333333236 7455.9416666666648 7518.9416666666575 1449.9313192269756 6509.0416666666633 204.52028719736225 201.63596294695165 3886.4416666666716 6295.3583333333345 2098.4583333333358 8089.4333333333298 7553.2999999999984 8052.808333333337 9668.1583333333419 265.57721190898707 295.32551640673074 5420.7416666666677 5229.3250000000035 7978.2999999999956 237.85267141354186
decision_type=2 2 2 2 2 2 2 2 2 2 2 2 2 2 2 2 2 2 2 2 2 2 2 2 2 2 2 2 2 2 2 2 2 2 2 2 2 2 2 2 2 2 2 2 2 2 2 2
left_child=13 2 10 5 20 22 7 35 19 12 16 18 21 17 33 -6 -2 -1 -11 -9 -5 -10 -4 24 26 28 32 29 -26 -28 -29 -17 -8 -7 -13 -3 -14 -12 -25 -32 -34 43 -39 -40 45 -37 -41 -43
right_child=1 6 3 4 15 14 23 8 9 11 37 34 36 -15 -16 31 -18 -19 -20 -21 -22 -23 -24 38 25 -27 27 30 -30 -31 39 -33 40 -35 -36 44 -38 42 41 46 -42 47 -44 -45 -46 -47 -48 -49
leaf_value=9.9866981744766239 3.3862707257270817 -0.45115662477910523 16.403993530273436 7.7641167179230726 3.7648485692342124 12.469541549682617 -0.38347200744319709 7.2798401986399002 3.0570109367370608 6.6940084654709402 -0.51506567242904566 1.8455163880561789 -0.44082682001171636 5.5002327919006353 9.9180977098869576 1.8430634737014771 1.1307247874327004 7.7590240001678472 4.5283015415586281 5.2296000957489017 5.7772344647031844 1.1833495266735554 14.668607601042718 -0.58511568115603541 4.142177629470825 0.62668364328496606 2.970586831229074 0.34638983550525848 2.4184973203218902 1.5894776611328125 -0.59722050428390505 1.297242000958194 -0.61463055610656747 12.098043129660867 1.4784911557286979 -0.61463055610656747 -0.61463055610656747 -0.61463055610656747 -0.61463055610656747 -0.61463055610656747 -0.61463055610656747 -0.61463055610656747 -0.61463055610656747 -0.61463055610656747 -0.61463055610656747 -0.61463055610656747 -0.61463055610656747 -0.61463055610656747
leaf_weight=32 32 32 20 31 30 24 32 31 32 29 32 24 32 32 33 21 32 32 29 32 33 32 31 31 24 34 21 21 26 25 20 23 1974 22 20 864 122 1045 2165 276 27 185 63 36 33 128 63 32
leaf_count=32 32 32 20 31 30 24 32 31 32 29 32 24 32 32 33 21 32 32 29 32 33 32 31 31 24 34 21 21 26 25 20 23 1974 22 20 864 122 1045 2165 276 27 185 63 36 33 128 63 32
internal_value=1.51314e-08 -0.0941132 1.17894 8.53863 4.44074 12.8887 -0.385459 0.135068 2.19042 1.39347 -0.45926 3.9148 0.213762 7.74865 11.3003 2.45252 2.2585 8.87286 5.61116 6.23845 6.73963 2.12018 15.3492 -0.535611 -0.459873 2.18572 -0.550247 -0.260354 3.24586 2.21998 -0.560605 1.55775 -0.610992 12.2919 1.67869 -0.609681 -0.578515 -0.611836 -0.614257 -0.613661 -0.614631 -0.614631 -0.614631 -0.614631 -0.614631 -0.614631 -0.614631 -0.614631
internal_weight=8000 7904 1472 268 138 130 6432 1440 383 320 1204 102 218 96 79 74 64 64 58 63 64 64 51 4992 2543 84 2459 426 50 46 380 44 2033 46 44 1057 154 1140 2449 359 2001 2418 1108 2201 1025 992 339 217
internal_count=8000 7904 1472 268 138 130 6432 1440 383 320 1204 102 218 96 79 74 64 64 58 63 64 64 51 4992 2543 84 2459 426 50 46 380 44 2033 46 44 1057 154 1140 2449 359 2001 2418 1108 2201 1025 992 339 217
is_linear=0
shrinkage=0.05


Tree=5
num_leaves=46
num_cat=0
split_feature=0 0 1 0 0 0 1 0 1 0 0 0 0 0 0 0 0 0 0 0 0 0 0 0 1 0 1 0 0 0 3 5 0 0 0 0 0 0 0 0 0 0 0 2 0
split_gain=2.10607e+06 1.0583e+06 6.40681e+06 1.72733e+06 256188 181480 795732 446050 343605 180231 160325 140956 118866 87599.8 39419.8 29385.3 29317.2 29123.4 28663.6 23893.9 20706.1 20277.3 17547.6 10734.3 219493 50257.3 15632 114907 12350.2 12259.9 2393.89 1431.27 770.122 607.557 299.367 276.449 111.303 9.62544 0.0482054 5.82077e-11 7.27596e-12 7.27596e-12 3.63798e-12 3.63798e-12 1.81899e-12
threshold=1937.033333333334 3841.6666666666711 2460.5000000000005 3656.2500000000023 3534.6166666666686 6488.3499999999985 4564.0000000000009 6151.5000000000027 5887.5000000000009 2042.2249999999997 3754.3666666666682 6382.2166666666662 6248.0250000000042 1881.1083333333336 3606.200000000003 1989.4750000000008 3484.8166666666684 6438.7416666666659 1825.4250000000002 6097.5250000000015 3702.4166666666683 6196.8833333333359 3799.3500000000008 8077.7583333333287 7306.0000000000009 8006.1500000000042 6517.5000000000009 7503.7833333333301 7455.9416666666648 8039.0833333333294 1331.1309488765594 10.500000000000002 7536.8833333333232 6509.0416666666633 3886.4416666666716 6295.3583333333345 2098.4583333333358 8089.4333333333298 7569.0833333333303 9447.4500000000135 7888.1166666666641 9900.8250000000207 7775.8999999999969 232.25018180256467 7856.3249999999962
decision_type=2 2 2 2 2 2 2 2 2 2 2 2 2 2 2 2 2 2 2 2 2 2 2 2 2 2 2 2 2 2 2 2 2 2 2 2 2 2 2 2 2 2 2 2 2
left_child=13 2 9 4 16 6 34 19 12 15 20 31 21 18 30 -2 -4 -13 -1 -8 -5 -9 -12 24 26 -26 33 28 -28 -27 -6 -10 -29 -7 -3 -14 -11 -25 -34 -39 42 -41 -40 -37 -44
right_child=1 5 3 10 14 23 7 8 11 36 22 17 35 -15 -16 -17 -18 -19 -20 -21 -22 -23 -24 37 25 29 27 32 -30 -31 -32 -33 38 -35 -36 43 -38 39 40 41 -42 -43 44 -45 -46
leaf_value=9.4873634576797485 3.2169572949409488 -0.42859879394527528 15.053308192661831 6.4359778619581647 10.322983016967775 -0.36429839569609612 6.9158479259860135 2.9041603207588196 6.151524788992746 -0.48931237551150847 2.7034433543682099 3.1825587018330896 -0.41878549158573153 5.2252209901809694 8.4177252960205085 1.0741885466035457 12.976028026234019 0.94040411093405307 7.3710730552673347 4.9681201338768011 4.6228286147117617 1.1241820476483555 0.98948570830481397 -0.55585986952627864 3.5595510931576002 1.8828234155972798 2.822057397024972 -0.26504301890730858 1.288294907297407 0.31568907674115443 11.044711840594257 5.5805932418159827 -0.58631677627563483 -0.58389906883239751 -0.58389906883239751 -0.58389906883239751 -0.58389906883239751 -0.58389906883239751 -0.58389906883239751 -0.58389906883239751 -0.58389906883239751 -0.58389906883239751 -0.58389906883239751 -0.58389906883239751 -0.58389906883239751
leaf_weight=32 32 32 35 31 20 32 31 32 21 32 32 30 32 32 30 32 33 28 32 32 32 32 28 31 34 24 21 20 35 26 27 23 22 2001 1025 101 1108 2015 129 341 125 62 50 21 24
leaf_count=32 32 32 35 31 20 32 31 32 21 32 32 30 32 32 30 32 33 28 32 32 32 32 28 31 34 24 21 20 35 26 27 23 22 2001 1025 101 1108 2015 129 341 125 62 50 21 24
internal_value=-2.04716e-08 -0.0894075 1.12 8.1117 11.8088 -0.366186 0.128315 2.0809 1.32379 -0.436297 3.75335 3.71906 0.203074 7.36122 9.83375 2.14557 14.0452 2.10014 8.42922 5.92653 5.51501 2.01417 1.9036 -0.508831 -0.436879 2.07643 -0.522735 -0.247336 1.86346 1.06791 10.7376 5.85308 -0.566807 -0.580442 -0.579197 -0.54959 -0.581244 -0.583544 -0.584051 -0.583899 -0.583899 -0.583899 -0.583899 -0.583899 -0.583899
internal_weight=8000 7904 1472 268 145 6432 1440 383 320 1204 123 102 218 96 77 64 68 58 64 63 63 64 60 4992 2543 84 2459 426 56 50 47 44 370 2033 1057 154 1140 2449 350 2418 328 403 203 122 74
internal_count=8000 7904 1472 268 145 6432 1440 383 320 1204 123 102 218 96 77 64 68 58 64 63 63 64 60 4992 2543 84 2459 426 56 50 47 44 370 2033 1057 154 1140 2449 350 2418 328 403 203 122 74
is_linear=0
shrinkage=0.05


Tree=6
num_leaves=46
num_cat=0
split_feature=0 0 1 0 0 0 1 0 1 0 0 0 0 0 0 0 0 0 0 0 0 0 0 0 1 0 1 0 0 0 0 5 4 0 0 0 0 0 5 0 0 0 0 2 2
split_gain=1.90073e+06 955120 5.78215e+06 1.55892e+06 232770 163786 718148 402560 310104 162659 144694 127213 107277 79058.8 44176.2 26520.3 26283.9 25868.9 21564.3 18984.1 18687.2 18300.2 15836.7 9687.66 198092 45519.8 14107.9 103919 12555.3 6967.11 5862.67 1291.73 846.811 548.32 270.178 249.495 100.45 8.68693 0.851398 1.51132 0.408722 5.82077e-11 1.45519e-11 1.45519e-11 1.81899e-12
threshold=1937.033333333334 3841.6666666666711 2460.5000000000005 3656.2500000000023 3555.7833333333333 6488.3499999999985 4564.0000000000009 6151.5000000000027 5887.5000000000009 2042.2249999999997 3754.3666666666682 6382.2166666666662 6248.0250000000042 1881.1083333333336 3484.8166666666684 1989.4750000000008 6438.7416666666659 1825.4250000000002 6097.5250000000015 3606.200000000003 3702.4166666666683 6196.8833333333359 3799.3500000000008 8077.7583333333287 7306.0000000000009 8028.2583333333241 6517.5000000000009 7487.8749999999964 7990.7333333333236 7455.9416666666648 7518.9416666666575 10.500000000000002 10.801966379121227 6509.0416666666633 3886.4416666666716 6295.3583333333345 2098.4583333333358 8089.4333333333298 20.500000000000004 7700.7583333333232 7569.0833333333303 7760.4333333333316 4860.3583333333427 233.33113167325016 232.25018180256467
decision_type=2 2 2 2 2 2 2 2 2 2 2 2 2 2 2 2 2 2 2 2 2 2 2 2 2 2 2 2 2 2 2 2 2 2 2 2 2 2 2 2 2 2 2 2 2
left_child=13 2 9 4 14 6 34 18 12 15 20 31 21 17 -4 -2 -13 -1 -8 -6 -5 -9 -12 24 26 28 33 29 -26 -28 -29 -10 -16 -7 -3 -14 -11 -25 40 -40 -32 -35 43 -36 -37
right_child=1 5 3 10 19 23 7 8 11 36 22 16 35 -15 32 -17 -18 -19 -20 -21 -22 -23 -24 37 25 -27 27 30 -30 -31 38 -33 -34 41 42 44 -38 -39 39 -41 -42 -43 -44 -45 -46
leaf_value=9.0129951715469367 3.0561094403266909 -0.4071688435971737 14.300642482212613 6.1141789713213521 9.7475931406021132 -0.34608348531182859 6.5700555370699973 2.7589523434638981 5.8439487275623136 -0.46484676036052408 2.5682712137699131 3.0234307861328129 -0.39784619840211238 4.963959980010987 11.716283111572267 1.0204791194293648 0.89338390486580987 7.0025191783905036 4.7197142958641054 7.9968390655517583 4.3916872620582579 1.0679729778319598 0.94001143340553561 -0.52806688777862065 3.7570911725362146 0.56112812604097762 2.6809545607793903 0.30533826720146906 2.1711865498469427 1.4455890426635742 -0.56126586107107312 5.3015633956245765 12.142263766697475 -0.55470409393310549 -0.55470409393310549 -0.55470409393310549 -0.55470409393310549 -0.55470409393310549 -0.53831447254527698 -0.55470409393310549 -0.55470409393310549 -0.55470409393310549 -0.55470409393310549 -0.55470409393310549 -0.55470409393310549
leaf_weight=32 32 32 35 31 32 32 31 32 21 32 32 30 32 32 20 32 28 32 32 30 32 32 28 31 24 34 21 21 26 25 26 23 28 1610 531 101 1108 2418 22 39 272 391 385 109 21
leaf_count=32 32 32 35 31 32 32 31 32 21 32 32 30 32 32 20 32 28 32 32 30 32 32 28 31 24 34 21 21 26 25 26 23 28 1610 531 101 1108 2418 22 39 272 391 385 109 21
internal_value=4.03193e-10 -0.0849371 1.064 7.70611 11.2183 -0.347877 0.121899 1.97686 1.2576 -0.414482 3.56568 3.5331 0.19292 6.99316 12.9498 2.03829 1.99513 8.00776 5.6302 8.90045 5.23926 1.91346 1.80842 -0.483389 -0.415035 1.97261 -0.496598 -0.234969 2.93242 2.00956 -0.506676 5.56043 11.9648 -0.55142 -0.550238 -0.52211 -0.552182 -0.554367 -0.554175 -0.548793 -0.555277 -0.554704 -0.554704 -0.554704 -0.554704
internal_weight=8000 7904 1472 268 145 6432 1440 383 320 1204 123 102 218 96 83 64 58 64 63 62 63 64 60 4992 2543 84 2459 426 50 46 380 44 48 2033 1057 154 1140 2449 359 61 298 2001 1025 640 122
internal_count=8000 7904 1472 268 145 6432 1440 383 320 1204 123 102 218 96 83 64 58 64 63 62 63 64 60 4992 2543 84 2459 426 50 46 380 44 48 2033 1057 154 1140 2449 359 61 298 2001 1025 640 122
is_linear=0
shrinkage=0.05


Tree=7
num_leaves=52
num_cat=0
split_feature=0 0 1 0 0 0 0 1 0 1 0 0 0 0 0 0 0 0 0 0 0 0 0 0 1 0 1 0 0 0 0 2 0 4 0 0 4 0 0 0 0 5 0 0 2 0 0 0 2 2 0
split_gain=1.71541e+06 861996 5.21839e+06 1.40797e+06 186454 151865 147817 648128 363310 279869 146800 115636 96817.5 71350.6 31974.4 25993.6 23934.5 23346.7 21372.1 19461.8 18426.2 16516 11491.3 8750.93 200631 27761.7 13007.5 93612.2 10335.6 6847.93 590.061 514.003 494.808 423.841 243.836 225.169 157.913 90.6566 50.4932 7.83996 0.0339147 0.00116877 0.00246986 5.82077e-11 5.82077e-11 1.45519e-11 1.45519e-11 3.63798e-12 3.63798e-12 3.63798e-12 1.81899e-12
threshold=1937.033333333334 3841.6666666666711 2460.5000000000005 3628.9750000000026 3729.6416666666687 3511.4750000000026 6488.3499999999985 4564.0000000000009 6151.5000000000027 5887.5000000000009 2042.2249999999997 6413.9750000000004 6248.0250000000042 1881.1083333333336 3555.7833333333333 3799.3500000000008 1989.4750000000008 1825.4250000000002 6352.3583333333327 6097.5250000000015 3680.9000000000019 6196.8833333333359 3461.233333333334 8066.2416666666631 7306.0000000000009 7990.7333333333236 6517.5000000000009 7503.7833333333301 7473.2833333333301 8028.2583333333241 7536.8833333333232 201.63596294695165 6509.0416666666633 14.772664346170684 3886.4416666666716 6295.3583333333345 14.329723652659641 2098.4583333333358 8077.7583333333287 8089.4333333333298 7569.0833333333303 20.500000000000004 7745.7916666666561 9955.9083333333529 292.11432209855974 3680.9000000000019 3329.4000000000015 7990.7333333333236 249.31113128820519 245.28485771161959 6325.2666666666673
decision_type=2 2 2 2 2 2 2 2 2 2 2 2 2 2 2 2 2 2 2 2 2 2 2 2 2 2 2 2 2 2 2 2 2 2 2 2 2 2 2 2 2 2 2 2 2 2 2 2 2 2 2
left_child=13 2 10 5 20 22 7 34 19 12 16 18 21 17 -7 33 -2 -1 -11 -9 -5 -10 -4 24 26 -26 32 28 -28 -27 -29 -13 -8 -6 -3 -14 -16 -12 -25 -40 -32 47 -43 44 -41 46 -39 48 -42 -48 -37
right_child=1 6 3 4 15 14 23 8 9 11 37 31 35 -15 36 -17 -18 -19 -20 -21 -22 -23 -24 38 25 29 27 30 -30 -31 40 -33 -34 -35 -36 50 -38 45 39 43 41 42 -44 -45 -46 -47 49 -49 -50 -51 -52
leaf_value=8.5623459100723274 2.9033039987087252 -0.38681041314266623 14.116095275878905 6.6549094169370591 2.6921375458057111 10.900741744041444 -0.32877931077964606 6.2415526728476252 2.6210047364234925 5.782568319912615 -0.44160442939028144 1.5795724044243495 -0.37795388754457238 4.7157620429992679 8.9581406021118166 0.89301085019750259 0.96945519754663112 6.6523932933807375 3.8629736801673626 4.4837283551692968 4.9572912967566296 1.0145743305794894 12.578847922048261 -0.46243347549630753 3.5692366043726604 2.0626271908099834 2.2111841283525737 -0.24773131817579272 0.80808331171671544 0.89139704257249841 -0.5290419491854581 1.2363636432588101 -0.52696890830993659 2.9982978248596193 -0.52696890830993659 -0.52696890830993659 8.772774110017 -0.52696890830993659 -0.50166355371475224 -0.52696890830993659 -0.52696890830993659 -0.52766543626785278 -0.52696890830993659 -0.52696890830993659 -0.52696890830993659 -0.52696890830993659 -0.52696890830993659 -0.52696890830993659 -0.52696890830993659 -0.52696890830993659 -0.52696890830993659
leaf_weight=32 32 32 20 31 26 32 32 31 32 29 32 24 32 32 20 28 32 32 29 32 33 32 31 31 24 26 35 20 21 24 22 20 1988 20 1025 20 27 800 31 2337 200 20 35 31 50 85 200 39 26 23 102
leaf_count=32 32 32 20 31 26 32 32 31 32 29 32 24 32 32 20 28 32 32 29 32 33 32 31 31 24 26 35 20 21 24 22 20 1988 20 1025 20 27 800 31 2337 200 20 35 31 50 85 200 39 26 23 102
internal_value=-1.8895e-08 -0.0806903 1.0108 7.32081 3.80332 11.0548 -0.330483 0.115804 1.87801 1.19472 -0.393758 3.35645 0.183274 6.6435 9.68166 2.09413 1.93638 7.60737 4.82277 5.34869 5.77958 1.81779 13.1817 -0.45922 -0.393443 2.1714 -0.471293 -0.217408 1.68502 1.50044 -0.511706 1.42357 -0.523829 2.82525 -0.522726 -0.496005 8.85165 -0.524573 -0.525846 -0.526649 -0.527143 -0.527012 -0.527222 -0.526969 -0.526969 -0.526969 -0.526969 -0.526969 -0.526969 -0.526969 -0.526969
internal_weight=8000 7904 1472 268 138 130 6432 1440 383 320 1204 102 218 96 79 74 64 64 58 63 64 64 51 4992 2512 74 2438 418 56 50 362 44 2020 46 1057 154 47 1140 2480 2449 342 320 55 2418 2387 1108 1023 265 226 223 122
internal_count=8000 7904 1472 268 138 130 6432 1440 383 320 1204 102 218 96 79 74 64 64 58 63 64 64 51 4992 2512 74 2438 418 56 50 362 44 2020 46 1057 154 47 1140 2480 2449 342 320 55 2418 2387 1108 1023 265 226 223 122
is_linear=0
shrinkage=0.05


Tree=8
num_leaves=50
num_cat=0
split_feature=0 0 1 0 0 0 1 0 1 0 0 0 0 0 0 0 0 0 0 0 0 0 0 0 1 0 1 0 0 0 0 3 5 0 0 0 0 0 0 5 4 0 0 0 3 0 2 0 2
split_gain=1.54816e+06 777951 4.7096e+06 1.27207e+06 190009 133404 584936 327888 252582 132487 118804 104491 87377.8 64393.9 29106.6 22398.1 21600.9 21299.9 21070.4 17564.2 15070.2 14905.7 12578.9 7897.71 181070 25055 11739.3 84516.8 6180.25 5961.4 4794.59 1686.08 1044.15 446.564 220.062 203.215 81.8176 45.5702 7.07558 0.684142 1.19438 0.832555 2.91038e-11 2.91038e-11 2.91038e-11 1.45519e-11 1.45519e-11 3.63798e-12 3.63798e-12
threshold=1937.033333333334 3841.6666666666711 2460.5000000000005 3656.2500000000023 3534.6166666666686 6488.3499999999985 4564.0000000000009 6151.5000000000027 5887.5000000000009 2042.2249999999997 3754.3666666666682 6382.2166666666662 6248.0250000000042 1881.1083333333336 3606.200000000003 6438.7416666666659 1989.4750000000008 3484.8166666666684 1825.4250000000002 6097.5250000000015 3702.4166666666683 6196.8833333333359 3799.3500000000008 8066.2416666666631 7306.0000000000009 7990.7333333333236 6517.5000000000009 7487.8749999999964 8028.2583333333241 7455.9416666666648 7518.9416666666575 1331.1309488765594 10.500000000000002 6509.0416666666633 3886.4416666666716 6295.3583333333345 2098.4583333333358 8077.7583333333287 8089.4333333333298 20.500000000000004 23.318869518870621 7569.0833333333303 8028.2583333333241 9861.1916666666821 1746.719118969279 2539.1750000000015 233.33113167325016 7953.7583333333232 232.25018180256467
decision_type=2 2 2 2 2 2 2 2 2 2 2 2 2 2 2 2 2 2 2 2 2 2 2 2 2 2 2 2 2 2 2 2 2 2 2 2 2 2 2 2 2 2 2 2 2 2 2 2 2
left_child=13 2 9 4 17 6 34 19 12 16 20 32 21 18 31 -13 -2 -4 -1 -8 -5 -9 -12 24 26 -26 33 29 -27 -28 -29 -6 -10 -7 -3 -14 -11 -25 -39 41 -41 -32 -35 44 -40 48 -36 -43 -38
right_child=1 5 3 10 14 23 7 8 11 36 22 15 35 -15 -16 -17 -18 -19 -20 -21 -22 -23 -24 37 25 28 27 30 -30 -31 39 -33 -34 42 46 -37 45 38 43 40 -42 47 -44 -45 -46 -47 -48 -49 -50
leaf_value=8.134228539466859 2.758138743042946 -0.36746989225503057 12.912746407645091 5.5167960874495972 8.855234527587891 -0.31234034801600502 5.9294750582787303 2.4899543970823288 5.280904624575661 -0.41952419951558118 2.2995102763175965 2.7440053558349611 -0.35905620416160677 4.479973709583283 7.2097600809733073 0.77770343720912938 0.92098241774365308 11.142140382708925 6.3197736024856574 4.2595420241355901 3.969961440563202 0.96384559315629303 0.84836031097386566 -0.43931179546540788 3.3907748301823939 1.9594958415398231 2.4363476344517299 0.27731947281530928 0.84682720542574919 1.2936185989379885 -0.50999636650085456 9.4609395627622259 4.7932602592136551 -0.50062046051025388 -0.50062046051025388 -0.50062046051025388 -0.50062046051025388 -0.4765803513988372 -0.50062046051025388 -0.48632299683310776 -0.50096210304059485 -0.50062046051025388 -0.50062046051025388 -0.50062046051025388 -0.50062046051025388 -0.50062046051025388 -0.50062046051025388 -0.50062046051025388 -0.50062046051025388
leaf_weight=32 32 32 35 31 20 32 31 32 21 32 32 30 32 32 30 28 32 33 32 32 32 32 28 31 24 26 21 21 24 25 26 27 23 1944 840 122 237 31 1896 22 38 205 44 93 429 820 185 60 51
leaf_count=32 32 32 35 31 20 32 31 32 21 32 32 30 32 32 30 28 32 33 32 32 32 32 28 31 24 26 21 21 24 25 26 27 23 1944 840 122 237 31 1896 22 38 205 44 93 429 820 185 60 51
internal_value=-1.58726e-08 -0.0766558 0.960256 6.95477 10.1274 -0.313959 0.110014 1.78411 1.13499 -0.37407 3.21462 3.18863 0.174111 6.31133 8.42653 1.79476 1.83956 12.0535 7.227 5.08126 4.7311 1.7269 1.62231 -0.436259 -0.373771 2.06283 -0.447728 -0.206537 1.42541 1.8153 -0.456549 9.20319 5.026 -0.497638 -0.496589 -0.471205 -0.498344 -0.499554 -0.500316 -0.500456 -0.495594 -0.501458 -0.50062 -0.50062 -0.50062 -0.50062 -0.50062 -0.50062 -0.50062
internal_weight=8000 7904 1472 268 145 6432 1440 383 320 1204 123 102 218 96 77 58 64 68 64 63 63 64 60 4992 2512 74 2438 418 50 46 372 47 44 2020 1057 154 1140 2480 2449 351 60 291 1988 2418 2325 1108 1025 265 288
internal_count=8000 7904 1472 268 145 6432 1440 383 320 1204 123 102 218 96 77 58 64 68 64 63 63 64 60 4992 2512 74 2438 418 50 46 372 47 44 2020 1057 154 1140 2480 2449 351 60 291 1988 2418 2325 1108 1025 265 288
is_linear=0
shrinkage=0.05


Tree=9
num_leaves=53
num_cat=0
split_feature=0 0 1 0 0 0 0 1 0 1 0 0 0 0 0 0 0 0 0 0 0 0 0 0 1 0 1 0 0 3 2 0 0 4 2 0 0 0 0 0 0 5 4 0 0 0 2 0 2 2 2 2
split_gain=1.39721e+06 702101 4.25041e+06 1.14809e+06 152275 124517 120397 527905 295918 227955 119569 94945.8 78858.4 58115.5 27218.3 21991.9 19494.8 19016 18031.9 15851.7 14959.1 13452.4 9732.07 7127.68 163415 22829.3 10594.7 76514.9 8527.39 1006.56 456.92 450.311 403.024 371.462 362.747 198.606 183.402 73.8403 41.1271 6.38568 0.0175468 0.00413497 0.00334366 2.91038e-11 2.91038e-11 1.45519e-11 7.27596e-12 3.63798e-12 3.63798e-12 1.81899e-12 1.81899e-12 9.09495e-13
threshold=1937.033333333334 3841.6666666666711 2460.5000000000005 3628.9750000000026 3729.6416666666687 3511.4750000000026 6488.3499999999985 4564.0000000000009 6151.5000000000027 5887.5000000000009 2042.2249999999997 6413.9750000000004 6248.0250000000042 1881.1083333333336 3580.358333333334 3777.3833333333346 1989.4750000000008 1825.4250000000002 6352.3583333333327 6097.5250000000015 3680.9000000000019 6196.8833333333359 3461.233333333334 8066.2416666666631 7306.0000000000009 8006.1500000000042 6517.5000000000009 7503.7833333333301 7473.2833333333301 1449.9313192269756 201.63596294695165 7536.8833333333232 6509.0416666666633 13.691026452674514 204.52028719736225 3886.4416666666716 6295.3583333333345 2098.4583333333358 8077.7583333333287 8089.4333333333298 7569.0833333333303 20.500000000000004 24.30412793299725 7990.7333333333236 9368.8333333333721 5229.3250000000035 249.31113128820519 7990.7333333333236 220.37577661269157 216.24248456922882 209.23918484500149 246.2978340483422
decision_type=2 2 2 2 2 2 2 2 2 2 2 2 2 2 2 2 2 2 2 2 2 2 2 2 2 2 2 2 2 2 2 2 2 2 2 2 2 2 2 2 2 2 2 2 2 2 2 2 2 2 2 2
left_child=13 2 10 5 20 22 7 35 19 12 16 18 21 17 34 -6 -2 -1 -11 -9 -5 -10 -4 24 26 -26 32 28 -28 -17 -13 -29 -8 -27 -7 -3 -14 -12 -25 -40 -33 47 -43 -34 -41 -37 -46 -42 -47 -38 -45 -50
right_child=1 6 3 4 15 14 23 8 9 11 37 30 36 -15 -16 29 -18 -19 -20 -21 -22 -23 -24 38 25 33 27 31 -30 -31 -32 40 43 -35 -36 45 49 -39 39 44 41 42 -44 50 46 48 -48 -49 51 -51 -52 -53
leaf_value=7.7275169610977175 2.6202318310737613 -0.34909640308469536 12.764653701782228 6.0053652855657766 2.9299849828084312 9.6559910138448082 -0.29672331768088045 5.6330014259584491 2.3654567837715148 5.2394839056606948 -0.39854798931628466 1.4248404453198116 -0.34110338690225039 4.255975073575974 7.6397414236357726 1.424641254686174 0.87493329946883025 6.0037848949432373 3.4762636776628164 4.0465651452541351 4.4757734356504502 0.91565332382451747 11.349961729972593 -0.41734619748688512 2.9122447406544407 1.3023829273879528 2.0016620990208218 -0.23167367458343505 0.72719581013634094 0.94585364694180696 1.1012500041723252 -0.47713110663674096 -0.47558941841125491 0.99764462917577479 9.3749083085493616 -0.47558941841125491 -0.47558941841125491 -0.47558941841125491 -0.45275136193921495 -0.47558941841125491 -0.47558941841125491 -0.47658154964447025 -0.47577112334115168 -0.47558941841125491 -0.47558941841125491 -0.47558941841125491 -0.47558941841125491 -0.47558941841125491 -0.47558941841125491 -0.47558941841125491 -0.47558941841125491 -0.47558941841125491
leaf_weight=32 32 32 20 31 30 24 32 31 32 29 32 24 32 32 33 21 32 32 29 32 33 32 31 31 34 20 35 20 21 23 20 22 1900 20 22 864 89 1108 31 1922 226 20 35 55 451 110 45 39 27 33 33 24
leaf_count=32 32 32 20 31 30 24 32 31 32 29 32 24 32 32 33 21 32 32 29 32 33 32 31 31 34 20 35 20 21 23 20 22 1900 20 22 864 89 1108 31 1922 226 20 35 55 451 110 45 39 27 33 33 24
internal_value=4.48719e-09 -0.072823 0.912243 6.60703 3.43071 9.97881 -0.298261 0.104513 1.69491 1.07824 -0.355367 3.02919 0.165405 5.99576 8.73548 1.8861 1.74758 6.86565 4.35787 4.82719 5.21667 1.64056 11.9047 -0.414446 -0.355082 1.95969 -0.425342 -0.19621 1.52374 1.17437 1.27775 -0.462279 -0.472756 1.15001 9.52156 -0.47176 -0.447644 -0.473427 -0.474576 -0.4753 -0.475765 -0.475671 -0.476066 -0.475589 -0.475589 -0.475589 -0.475589 -0.475589 -0.475589 -0.475589 -0.475589 -0.475589
internal_weight=8000 7904 1472 268 138 130 6432 1440 383 320 1204 102 218 96 79 74 64 64 58 63 64 64 51 4992 2512 74 2438 418 56 44 44 362 2020 40 46 1057 154 1140 2480 2449 342 320 55 1988 2418 1025 496 265 161 122 88 51
internal_count=8000 7904 1472 268 138 130 6432 1440 383 320 1204 102 218 96 79 74 64 64 58 63 64 64 51 4992 2512 74 2438 418 56 44 44 362 2020 40 46 1057 154 1140 2480 2449 342 320 55 1988 2418 1025 496 265 161 122 88 51
is_linear=0
shrinkage=0.05


Tree=10
num_leaves=50
num_cat=0
split_feature=0 0 1 0 0 0 1 0 1 0 0 0 0 0 0 0 0 0 0 0 0 0 0 0 0 1 0 1 0 0 0 5 0 0 0 0 0 0 0 0 5 4 0 0 0 4 0 0 2
split_gain=1.26098e+06 633646 3.83599e+06 1.03804e+06 155746 108659 476434 267066 205729 107911 97026 85809.8 71169.7 52449.2 29805.8 19112.9 17594.1 17161.9 14306.2 12681.7 12278.1 12140.7 10606.2 8783.19 6432.73 147482 20937 9561.69 69054.7 7904.48 5188.42 841.949 406.406 363.729 179.242 165.52 66.6409 37.1171 5.76307 0.0158359 0.00373217 0.00301758 2.91038e-11 2.91038e-11 1.45519e-11 1.45519e-11 3.63798e-12 1.81899e-12 9.09495e-13
threshold=1937.033333333334 3841.6666666666711 2460.5000000000005 3656.2500000000023 3555.7833333333333 6488.3499999999985 4564.0000000000009 6151.5000000000027 5887.5000000000009 2042.2249999999997 3754.3666666666682 6382.2166666666662 6248.0250000000042 1881.1083333333336 3511.4750000000026 6438.7416666666659 1989.4750000000008 1825.4250000000002 6097.5250000000015 3606.200000000003 3702.4166666666683 6196.8833333333359 3799.3500000000008 3461.233333333334 8066.2416666666631 7306.0000000000009 7990.7333333333236 6517.5000000000009 7503.7833333333301 7455.9416666666648 8028.2583333333241 10.500000000000002 7536.8833333333232 6509.0416666666633 3886.4416666666716 6295.3583333333345 2098.4583333333358 8077.7583333333287 8089.4333333333298 7569.0833333333303 20.500000000000004 24.30412793299725 8039.0833333333294 9668.1583333333419 3606.200000000003 4.0095165318328148 8028.2583333333241 3754.3666666666682 207.79396809589602
decision_type=2 2 2 2 2 2 2 2 2 2 2 2 2 2 2 2 2 2 2 2 2 2 2 2 2 2 2 2 2 2 2 2 2 2 2 2 2 2 2 2 2 2 2 2 2 2 2 2 2
left_child=13 2 9 4 14 6 34 18 12 16 20 31 21 17 23 -13 -2 -1 -8 -6 -5 -9 -12 -4 25 27 -27 33 29 -29 -28 -10 -30 -7 -3 -14 -11 -26 -39 -34 46 -42 -35 -40 -38 -36 -41 48 -46
right_child=1 5 3 10 19 24 7 8 11 36 22 15 35 -15 -16 -17 -18 -19 -20 -21 -22 -23 -24 -25 37 26 30 28 32 -31 -32 -33 39 42 45 -37 44 38 43 40 41 -43 -44 -45 47 -47 -48 -49 -50
leaf_value=7.3411408424377447 2.4892202496528628 -0.33164158691652124 12.126420898437502 4.9776942345403858 7.9390788316726688 -0.28188715465366843 5.3513513134371848 2.2471839785575867 4.771677652994792 -0.37862058915197849 2.0809058368206026 2.4914717388153078 -0.32404821123927835 4.0431763648986818 9.3628036499023448 0.67508816790900061 0.83118661930784588 5.703595685958863 3.8442366957664493 6.5081443150838219 3.5814888894557955 0.86987066166475424 0.74838988546814234 10.782463713615172 -0.39647889444904943 3.0756237983703616 1.7683731886056755 2.214447089603969 -0.22008999474346638 0.98741232803889689 0.74888975086311504 4.3337869892949641 -0.4532745383002541 -0.45180993080139165 -0.45180993080139165 -0.45180993080139165 -0.45180993080139165 -0.43011380260990512 -0.45180993080139165 -0.45180993080139165 -0.45275247097015381 -0.45198257582528251 -0.45180993080139165 -0.45180993080139165 -0.45180993080139165 -0.45180993080139165 -0.45180993080139165 -0.45180993080139165 -0.45180993080139165
leaf_weight=32 32 32 20 31 32 32 31 32 21 32 32 30 32 32 32 28 32 32 32 30 32 32 28 31 31 24 26 21 20 35 24 23 22 1959 49 122 973 31 2201 244 20 35 29 217 61 976 21 36 38
leaf_count=32 32 32 20 31 32 32 31 32 21 32 32 30 32 32 32 28 32 32 32 30 32 32 28 31 31 24 26 21 20 35 24 23 22 1959 49 122 973 31 2201 244 20 35 29 217 61 976 21 36 38
internal_value=1.53634e-08 -0.0691818 0.866631 6.27668 9.14269 -0.283348 0.0992876 1.61016 1.02433 -0.337598 2.89805 2.87773 0.157135 5.69597 10.559 1.6146 1.6602 6.52237 4.58583 7.24669 4.26851 1.55853 1.45907 11.3095 -0.393724 -0.337328 1.8617 -0.404074 -0.1864 1.44755 1.27902 4.54278 -0.439165 -0.449118 -0.448172 -0.425262 -0.449755 -0.450847 -0.451535 -0.451977 -0.451888 -0.452263 -0.45181 -0.45181 -0.45181 -0.45181 -0.45181 -0.45181 -0.45181
internal_weight=8000 7904 1472 268 145 6432 1440 383 320 1204 123 102 218 96 83 58 64 64 63 62 63 64 60 51 4992 2512 74 2438 418 56 50 44 362 2020 1057 154 1140 2480 2449 342 320 55 1988 2418 1108 1025 265 135 99
internal_count=8000 7904 1472 268 145 6432 1440 383 320 1204 123 102 218 96 83 58 64 64 63 62 63 64 60 51 4992 2512 74 2438 418 56 50 44 362 2020 1057 154 1140 2480 2449 342 320 55 1988 2418 1108 1025 265 135 99
is_linear=0
shrinkage=0.05


Tree=11
num_leaves=49
num_cat=0
split_feature=0 0 1 0 0 0 1 0 1 0 0 0 0 0 0 0 0 0 0 0 0 0 0 1 0 1 0 0 0 0 3 0 1 5 0 0 2 0 0 0 5 0 2 2 2 2 2 2
split_gain=1.13804e+06 571866 3.46198e+06 936828 140843 98090.9 468213 219707 220017 97389.8 87565.9 61923.8 47335.4 43669.8 21198.6 15878.7 15707.5 15488.7 12911.3 11080.9 10957 9572.13 6090.09 132764 18895.6 8345.75 62552.6 4682.55 4530.61 3495.69 1260.01 1257.24 1944.62 759.859 161.766 144.839 131.185 60.1434 33.4982 5.20117 0.479501 1.93117 0.871085 2.91038e-11 2.91038e-11 1.45519e-11 1.45519e-11 3.63798e-12
threshold=1937.033333333334 3841.6666666666711 2460.5000000000005 3656.2500000000023 3534.6166666666686 6466.4916666666641 4564.0000000000009 6151.5000000000027 5887.5000000000009 2042.2249999999997 3754.3666666666682 6248.0250000000042 1881.1083333333336 6382.2166666666662 3606.200000000003 1989.4750000000008 3484.8166666666684 1825.4250000000002 6097.5250000000015 3702.4166666666683 6196.8833333333359 3799.3500000000008 8066.2416666666631 7306.0000000000009 7990.7333333333236 6517.5000000000009 7487.8749999999964 8028.2583333333241 7455.9416666666648 7518.9416666666575 1331.1309488765594 6509.0416666666633 5887.5000000000009 10.500000000000002 3886.4416666666716 6295.3583333333345 188.4267324113666 2098.4583333333358 8077.7583333333287 8089.4333333333298 20.500000000000004 7569.0833333333303 200.1683714083795 180.89016072346359 237.85267141354186 149.16707844106267 247.16582919775098 241.86952468086599
decision_type=2 2 2 2 2 2 2 2 2 2 2 2 2 2 2 2 2 2 2 2 2 2 2 2 2 2 2 2 2 2 2 2 2 2 2 2 2 2 2 2 2 2 2 2 2 2 2 2
left_child=12 2 9 4 16 6 34 18 11 15 19 20 17 33 30 -2 -4 -1 -8 -5 -9 -12 23 25 -25 31 28 -26 -27 -28 -6 32 -7 -10 -3 -13 -15 -11 -24 -40 41 -31 -42 -33 -41 -36 -39 -46
right_child=1 5 3 10 14 22 7 8 13 37 21 35 -14 36 -16 -17 -18 -19 -20 -21 -22 -23 38 24 27 26 29 -29 -30 40 -32 43 -34 -35 45 -37 -38 46 39 44 42 -43 -44 -45 47 -47 -48 -49
leaf_value=6.9740838408470154 2.3647592425346375 -0.31505948957055807 11.081669158935547 4.7288094674387287 7.5831558227539064 -0.48843335951528238 5.0837834881198027 2.134824737906456 4.53309387025379 -0.35968957282602787 1.9768605440855027 -0.30784580707550052 3.8410176277160648 2.1499834378560383 6.1827372996012375 0.78962731622741567 9.5611669598203726 5.4184157848358154 3.6520248353481293 3.4024144113063812 0.82637713225558407 0.71097038388252265 -0.37665495487951461 2.9218425591786703 1.6799545398125284 2.1037247385297504 0.23446140711506211 0.71144527917106948 1.1075221710205079 -0.44349906261150657 8.1067676968044715 -0.42921943664550782 0.06305847944635333 4.117097672172215 -0.42921943664550782 -0.42921943664550782 1.9732506070818223 -0.42921943664550782 -0.40860811279666037 -0.42921943664550782 -0.43161079247792566 -0.42921943664550782 -0.41956169366836549 -0.42921943664550782 -0.42921943664550782 -0.42921943664550782 -0.42921943664550782 -0.42921943664550782
leaf_weight=32 32 32 35 31 20 31 31 32 21 32 32 32 32 21 30 32 33 32 32 32 32 28 31 24 26 21 21 24 25 26 27 493 33 23 36 106 21 989 31 2019 30 265 30 1495 42 989 119 357
leaf_count=32 32 32 35 31 20 31 31 32 21 32 32 32 32 21 30 32 33 32 32 32 32 28 31 24 26 21 21 24 25 26 27 493 33 23 36 106 21 989 31 2019 30 265 30 1495 42 989 119 357
internal_value=1.13118e-08 -0.0657227 0.8233 5.96284 8.68555 -0.269181 0.0996566 1.6819 1.09683 -0.320718 2.75315 0.1951 5.41117 3.21484 7.22114 1.57719 10.3438 6.19625 4.35654 4.05508 1.4806 1.38611 -0.372549 -0.318196 1.76862 -0.380716 -0.17708 1.21507 1.56231 -0.392166 7.88395 -0.422197 -0.20407 4.31564 -0.425763 -0.401075 2.06162 -0.427268 -0.428305 -0.428959 -0.429656 -0.430495 -0.425586 -0.429219 -0.429219 -0.429219 -0.429219 -0.429219
internal_weight=8000 7904 1472 268 145 6432 1408 351 288 1204 123 202 96 86 77 64 68 64 63 63 64 60 5024 2544 74 2470 418 50 46 372 47 2052 64 44 1057 138 42 1140 2480 2449 351 291 60 1988 2418 1025 1108 399
internal_count=8000 7904 1472 268 145 6432 1408 351 288 1204 123 202 96 86 77 64 68 64 63 63 64 60 5024 2544 74 2470 418 50 46 372 47 2052 64 44 1057 138 42 1140 2480 2449 351 291 60 1988 2418 1025 1108 399
is_linear=0
shrinkage=0.05


Tree=12
num_leaves=52
num_cat=0
split_feature=0 0 1 0 0 0 0 1 0 1 0 0 0 0 0 0 0 0 0 0 0 0 0 0 1 0 1 0 0 0 3 4 4 0 4 0 0 0 0 0 5 0 2 0 0 0 0 0 2 2 0
split_gain=1.02708e+06 516109 3.12444e+06 845846 112556 91945.8 88544.4 388185 217478 167630 87894.3 71255.3 57948.3 42720.2 20458.2 16417.5 14330.5 14153.6 13978.5 11652.5 10916.4 9888.71 7447.09 5234.79 120131 17085.5 7791.82 56453.7 4088.88 3154.86 845.099 356.913 291.753 282.45 269.738 145.994 133.911 54.2794 30.2322 4.69407 0.432753 1.74287 0.786154 0.017576 2.91038e-11 2.91038e-11 1.45519e-11 1.45519e-11 7.27596e-12 3.63798e-12 1.81899e-12
threshold=1937.033333333334 3841.6666666666711 2460.5000000000005 3628.9750000000026 3729.6416666666687 3511.4750000000026 6488.3499999999985 4564.0000000000009 6151.5000000000027 5887.5000000000009 2042.2249999999997 6413.9750000000004 6248.0250000000042 1881.1083333333336 3580.358333333334 3777.3833333333346 1989.4750000000008 6352.3583333333327 1825.4250000000002 6097.5250000000015 3680.9000000000019 6196.8833333333359 3461.233333333334 8066.2416666666631 7306.0000000000009 8006.1500000000042 6517.5000000000009 7487.8749999999964 7455.9416666666648 7518.9416666666575 1449.9313192269756 11.409973889160106 12.318111347369211 6509.0416666666633 13.691026452674514 3886.4416666666716 6295.3583333333345 2098.4583333333358 8077.7583333333287 8089.4333333333298 20.500000000000004 7569.0833333333303 200.1683714083795 6438.7416666666659 7682.9249999999911 9776.0916666666762 5420.7416666666677 3555.7833333333333 271.39647465968568 227.40421252500761 9955.9083333333529
decision_type=2 2 2 2 2 2 2 2 2 2 2 2 2 2 2 2 2 2 2 2 2 2 2 2 2 2 2 2 2 2 2 2 2 2 2 2 2 2 2 2 2 2 2 2 2 2 2 2 2 2 2
left_child=13 2 10 5 20 22 7 35 19 12 16 17 21 18 32 -6 -2 -11 -1 -9 -5 -10 -4 24 26 -26 33 28 -28 -29 -17 -13 -7 -8 -27 -3 -14 -12 -25 -40 41 -31 -42 -38 -35 -41 -37 48 -39 -43 -47
right_child=1 6 3 4 15 14 23 8 9 11 37 31 36 -15 -16 30 -18 -19 -20 -21 -22 -23 -24 38 25 34 27 29 -30 40 -32 -33 -34 44 -36 46 43 47 39 45 42 49 -44 -45 -46 50 -48 -49 -50 -51 -52
leaf_value=6.6253799676895149 2.2465211987495421 -0.29930651197209956 10.966016693115236 5.1475690657092681 2.5123208999633793 8.2924767812093094 -0.25802014507353305 4.8295945690524196 2.0280834645032884 4.5299376783699827 -0.34170508980751041 1.236540681421757 -0.29245351110585033 3.6489666938781742 6.5404379757967863 1.224761081877209 0.75014595147222285 2.9677974043221309 5.1474948644638063 3.469423615932465 3.8409123391816111 0.78505828259512789 9.7284955178537675 -0.35782218712472147 2.504246509776396 1.1095772244781255 1.9985386167253769 0.22273832999524618 1.0521460647583007 -0.42132410269517168 0.78605198911998586 0.95054681835075228 8.0403961875221963 -0.40775847434997559 0.84989573687315001 -0.40775847434997559 -0.40775847434997559 -0.40775847434997559 -0.38817769365925947 -0.40775847434997559 -0.41003024101257329 -0.40775847434997559 -0.39858359813690192 -0.40644261572096085 -0.40775847434997559 -0.40775847434997559 -0.40775847434997559 -0.40775847434997559 -0.40775847434997559 -0.40775847434997559 -0.40775847434997559
leaf_weight=32 32 32 20 31 30 24 32 31 32 29 32 20 32 32 33 21 32 29 32 32 33 32 31 31 34 20 21 21 25 26 23 24 22 1503 20 992 86 897 31 2263 30 204 30 36 485 124 33 167 44 61 31
leaf_count=32 32 32 20 31 30 24 32 31 32 29 32 20 32 32 33 21 32 29 32 32 33 32 31 31 34 20 21 21 25 26 23 24 22 1503 20 992 86 897 31 2263 30 204 30 36 485 124 33 167 44 61 31
internal_value=4.43412e-09 -0.0624366 0.782135 5.6647 2.93836 8.55882 -0.255722 0.0896874 1.45347 0.924816 -0.304682 2.59783 0.142031 5.14061 7.49041 1.61039 1.49833 3.74887 5.88644 4.13871 4.47382 1.40657 10.2138 -0.355359 -0.304484 1.68019 -0.364725 -0.168226 1.48419 -0.372557 0.995436 1.08054 8.17192 -0.405386 0.979736 -0.404475 -0.383491 -0.405904 -0.40689 -0.407511 -0.408173 -0.408971 -0.404307 -0.40737 -0.407758 -0.407758 -0.407758 -0.407758 -0.407758 -0.407758 -0.407758
internal_weight=8000 7904 1472 268 138 130 6432 1440 383 320 1204 102 218 96 79 74 64 58 64 63 64 64 51 4992 2512 74 2438 418 46 372 44 44 46 2020 40 1057 154 1140 2480 2449 351 291 60 122 1988 2418 1025 1108 941 265 155
internal_count=8000 7904 1472 268 138 130 6432 1440 383 320 1204 102 218 96 79 74 64 58 64 63 64 64 51 4992 2512 74 2438 418 46 372 44 44 46 2020 40 1057 154 1140 2480 2449 351 291 60 122 1988 2418 1025 1108 941 265 155
is_linear=0
shrinkage=0.05


Tree=13
num_leaves=54
num_cat=0
split_feature=0 0 1 0 0 0 1 0 1 0 0 0 0 0 0 0 0 0 0 0 0 0 0 0 1 0 1 0 0 0 0 1 5 0 0 0 2 0 0 0 5 2 4 0 6 0 2 0 0 0 0 2 3
split_gain=926940 465788 2.81981e+06 764461 115950 80144.2 382195 178645 180324 79324.6 71494.7 50437.8 38555 35328.8 21680.3 12933.3 12615.6 10516.4 9042.66 9028.83 8924.56 8074.77 6721 4931.86 108170 15794.7 6819.5 51115.3 6068.38 3933.27 912.498 1523.81 609.98 258.712 131.759 117.999 108.887 48.9872 27.2845 4.2364 0.0143446 0.0112071 0.000780141 0.00250679 0.00101235 2.80845e-05 2.91038e-11 1.45519e-11 7.27596e-12 3.63798e-12 1.81899e-12 1.81899e-12 1.81899e-12
threshold=1937.033333333334 3841.6666666666711 2460.5000000000005 3656.2500000000023 3555.7833333333333 6466.4916666666641 4564.0000000000009 6151.5000000000027 5887.5000000000009 2042.2249999999997 3754.3666666666682 6248.0250000000042 1881.1083333333336 6382.2166666666662 3511.4750000000026 1989.4750000000008 1825.4250000000002 6097.5250000000015 3606.200000000003 3702.4166666666683 6196.8833333333359 3799.3500000000008 3461.233333333334 8066.2416666666631 7306.0000000000009 7990.7333333333236 6517.5000000000009 7503.7833333333301 7473.2833333333301 8028.2583333333241 6509.0416666666633 5887.5000000000009 10.500000000000002 7536.8833333333232 3886.4416666666716 6295.3583333333345 188.4267324113666 2098.4583333333358 8077.7583333333287 8089.4333333333298 20.500000000000004 200.98918616505406 17.083230086433364 7588.0666666666575 49.500000000000007 6438.7416666666659 160.75569349272976 7700.7583333333232 5229.3250000000035 7953.7583333333232 7924.0416666666642 243.36123315193217 1646.5901740905629
decision_type=2 2 2 2 2 2 2 2 2 2 2 2 2 2 2 2 2 2 2 2 2 2 2 2 2 2 2 2 2 2 2 2 2 2 2 2 2 2 2 2 2 2 2 2 2 2 2 2 2 2 2 2 2
left_child=12 2 9 4 14 6 34 17 11 15 19 20 16 32 22 -2 -1 -8 -6 -5 -9 -12 -4 24 26 -26 30 28 -28 -27 31 -7 -10 -29 -3 -13 -15 -11 -25 -40 42 -42 43 -35 -44 -37 52 -32 -36 -49 -45 -50 -41
right_child=1 5 3 10 18 23 7 8 13 37 21 35 -14 36 -16 -17 -18 -19 -20 -21 -22 -23 -24 38 25 29 27 33 -30 -31 47 -33 -34 40 48 45 -38 -39 39 46 41 -43 44 50 -46 -47 -48 49 51 -51 -52 -53 -54
leaf_value=6.294110894203186 2.1341951504349708 -0.28434120239689947 10.417715759277344 4.2666032483500826 6.7897102594375616 -0.44728044386832944 4.588114695395193 1.9266792804002764 4.0948197319394071 -0.32461982592940331 1.7893888443708421 -0.27783085340051911 3.4665184974670411 1.9531283968970889 8.0428253650665287 0.71263864487409601 4.890120267868042 3.2959525465965274 5.5814000956217455 3.0693110466003422 0.7458053396083415 0.62671834571020946 9.2420708194855727 -0.33993110236140994 2.6505382061004639 1.5161543516012339 1.6491361127580917 -0.202491312623024 0.57401695223081683 0.62850918645660092 -0.3873705625534058 0.040908025340600451 3.7221014188683554 -0.3867846155166626 -0.3873705625534058 -0.3873705625534058 1.7921144099462603 -0.3873705625534058 -0.3687688015161022 -0.3873705625534058 -0.38754028534067086 -0.38894270147596088 -0.38768603669272528 -0.3873705625534058 -0.3872423624992371 -0.38743634223937989 -0.3873705625534058 -0.3873705625534058 -0.3873705625534058 -0.3873705625534058 -0.3873705625534058 -0.3873705625534058 -0.3873705625534058
leaf_weight=32 32 32 20 31 32 31 31 32 21 32 32 32 32 21 32 32 32 32 30 32 32 28 31 31 24 26 35 20 21 24 1526 33 23 20 864 86 21 1108 31 145 29 28 36 145 20 20 2228 326 136 136 64 25 45
leaf_count=32 32 32 20 31 32 31 31 32 21 32 32 32 32 21 32 32 32 32 30 32 32 28 31 31 24 26 35 20 21 24 1526 33 23 20 864 86 21 1108 31 145 29 28 36 145 20 20 2228 326 136 136 64 25 45
internal_value=-6.03914e-09 -0.0593148 0.743028 5.38147 7.84098 -0.242936 0.0904576 1.51999 0.992417 -0.289448 2.48204 0.176071 4.88358 2.90988 9.063 1.42342 5.59212 3.93178 6.20504 3.65845 1.33624 1.24681 9.70311 -0.336371 -0.287458 1.59618 -0.343891 -0.159814 1.24597 1.09008 -0.381388 -0.195558 3.89999 -0.377283 -0.384251 -0.36198 1.87262 -0.385609 -0.386545 -0.387135 -0.387505 -0.388229 -0.38736 -0.387319 -0.387528 -0.387383 -0.387371 -0.387371 -0.387371 -0.387371 -0.387371 -0.387371 -0.387371
internal_weight=8000 7904 1472 268 145 6432 1408 351 288 1204 123 202 96 86 83 64 64 63 62 63 64 60 51 5024 2544 74 2470 418 56 50 2052 64 44 362 1057 138 42 1140 2480 2449 342 57 285 229 56 106 2418 1988 1025 462 209 161 190
internal_count=8000 7904 1472 268 145 6432 1408 351 288 1204 123 202 96 86 83 64 64 63 62 63 64 60 51 5024 2544 74 2470 418 56 50 2052 64 44 362 1057 138 42 1140 2480 2449 342 57 285 229 56 106 2418 1988 1025 462 209 161 190
is_linear=0
shrinkage=0.05


Tree=14
num_leaves=54
num_cat=0
split_feature=0 0 1 0 0 0 1 0 1 0 0 0 0 0 0 0 0 0 0 0 0 0 0 1 0 1 0 0 0 0 1 5 4 0 0 0 2 0 0 0 5 2 4 0 0 0 0 0 2 2 0 2 2
split_gain=836563 420374 2.54488e+06 689926 104645 72330.2 344931 161228 162742 71590.5 64523.9 45520.2 34795.9 31884.2 19620.1 11672.3 11385.6 9491.01 8161 8148.52 8054.42 7287.48 4451.01 97623.2 14254.7 6154.6 46131.6 5476.71 3549.77 823.529 1375.24 550.507 319.234 233.487 118.913 106.494 98.2706 44.2109 24.6243 3.82335 0.012946 0.0101145 0.000704054 0.00226234 0.000916764 2.53453e-05 1.45519e-11 1.45519e-11 1.45519e-11 1.45519e-11 7.27596e-12 7.27596e-12 1.81899e-12
threshold=1937.033333333334 3841.6666666666711 2460.5000000000005 3656.2500000000023 3555.7833333333333 6466.4916666666641 4564.0000000000009 6151.5000000000027 5887.5000000000009 2042.2249999999997 3754.3666666666682 6248.0250000000042 1881.1083333333336 6382.2166666666662 3484.8166666666684 1989.4750000000008 1825.4250000000002 6097.5250000000015 3606.200000000003 3702.4166666666683 6196.8833333333359 3799.3500000000008 8066.2416666666631 7306.0000000000009 7990.7333333333236 6517.5000000000009 7503.7833333333301 7473.2833333333301 8028.2583333333241 6509.0416666666633 5887.5000000000009 10.500000000000002 10.801966379121227 7536.8833333333232 3886.4416666666716 6295.3583333333345 188.4267324113666 2098.4583333333358 8077.7583333333287 8089.4333333333298 20.500000000000004 200.98918616505406 17.083230086433364 7588.0666666666575 7716.1666666666633 6438.7416666666659 8006.1500000000042 7871.0916666666626 237.85267141354186 220.37577661269157 2490.5250000000033 295.32551640673074 252.97516000535077
decision_type=2 2 2 2 2 2 2 2 2 2 2 2 2 2 2 2 2 2 2 2 2 2 2 2 2 2 2 2 2 2 2 2 2 2 2 2 2 2 2 2 2 2 2 2 2 2 2 2 2 2 2 2 2
left_child=12 2 9 4 14 6 34 17 11 15 19 20 16 31 -4 -2 -1 -8 -6 -5 -9 -12 23 25 -25 29 27 -27 -26 30 -7 -10 -16 -28 -3 -13 -15 -11 -24 -40 42 -42 43 -35 -44 -37 47 -31 -36 -41 52 -51 -39
right_child=1 5 3 10 18 22 7 8 13 37 21 35 -14 36 32 -17 -18 -19 -20 -21 -22 -23 38 24 28 26 33 -29 -30 46 -32 -33 -34 40 48 45 -38 50 39 49 41 -43 44 -45 -46 -47 -48 -49 -50 51 -52 -53 -54
leaf_value=5.9794052362442018 2.0274854511022569 -0.27012412520125512 9.5101101248604909 4.0532729856429563 6.4502248048782356 -0.42491641198435143 4.3587091015231225 1.8303453564643861 3.8900787989298502 -0.30838885325938464 1.6999194175004959 -0.26393930658232423 3.2931923866271973 1.8554719584328787 7.8008394622802744 0.67700671488419184 4.6456141948699949 3.1311549544334412 5.3023301951090502 2.9158455073833469 0.70851507373154166 0.59538244051592693 -0.32293453572257874 2.51801126797994 1.440346618799063 1.5666792569841659 -0.19236673675477506 0.54531610579717726 0.59708372124781206 -0.36800203323364261 0.038862627112504211 3.5359964039014735 8.0623871939522882 -0.36744538784027103 -0.36800203323364261 -0.36800203323364261 1.7025086925143289 -0.36800203323364261 -0.35033036580970212 -0.36800203323364261 -0.3681632683194917 -0.36949556555066793 -0.36841237204415456 -0.36800203323364261 -0.36799449443817145 -0.3680645227432251 -0.36800203323364261 -0.36800203323364261 -0.36800203323364261 -0.36800203323364261 -0.36800203323364261 -0.36800203323364261 -0.36800203323364261
leaf_weight=32 32 32 35 31 32 31 31 32 21 32 32 32 32 21 20 32 32 32 30 32 32 28 31 24 26 35 20 21 24 1756 33 23 28 20 872 86 21 235 31 1704 29 28 21 209 35 20 74 158 153 675 852 39 21
leaf_count=32 32 32 35 31 32 31 31 32 21 32 32 32 32 21 20 32 32 32 30 32 32 28 31 24 26 35 20 21 24 1756 33 23 28 20 872 86 21 235 31 1704 29 28 21 209 35 20 74 158 153 675 852 39 21
internal_value=-3.51081e-09 -0.056349 0.705877 5.11239 7.44893 -0.230789 0.0859347 1.44399 0.942796 -0.274976 2.35794 0.167267 4.6394 2.76439 8.60985 1.35225 5.31251 3.73519 5.89479 3.47553 1.26943 1.18447 -0.319552 -0.273085 1.51637 -0.326696 -0.151824 1.18367 1.03558 -0.362319 -0.18578 3.70499 7.95341 -0.358419 -0.365039 -0.343881 1.77899 -0.366329 -0.367218 -0.367778 -0.36813 -0.368818 -0.367992 -0.367953 -0.368151 -0.368014 -0.368002 -0.368002 -0.368002 -0.368002 -0.368002 -0.368002 -0.368002
internal_weight=8000 7904 1472 268 145 6432 1408 351 288 1204 123 202 96 86 83 64 64 63 62 63 64 60 5024 2544 74 2470 418 56 50 2052 64 44 48 362 1057 138 42 1140 2480 2449 342 57 285 229 56 106 1988 1914 1025 2418 1108 714 256
internal_count=8000 7904 1472 268 145 6432 1408 351 288 1204 123 202 96 86 83 64 64 63 62 63 64 60 5024 2544 74 2470 418 56 50 2052 64 44 48 362 1057 138 42 1140 2480 2449 342 57 285 229 56 106 1988 1914 1025 2418 1108 714 256
is_linear=0
shrinkage=0.05


Tree=15
num_leaves=54
num_cat=0
split_feature=0 0 1 0 0 0 0 1 0 1 0 0 0 0 0 0 0 0 0 0 0 0 0 0 1 0 1 0 0 0 0 1 3 3 0 0 0 0 0 0 5 2 2 4 0 4 0 0 0 0 0 2 3
split_gain=754998 379387 2.29675e+06 623201 83224.8 68730.9 65278 311301 145508 146875 64610.4 41081.9 31403.3 29263.3 12257.1 10942 10534.2 10275.5 8565.64 7986.34 7957.73 7664.52 7269.11 4017.03 88104.9 12864.9 5554.53 41633.7 5055.88 3203.67 743.235 1241.15 712.032 366.702 210.722 107.319 96.111 39.9004 22.2234 3.45058 0.0116838 0.00912832 0.000658753 0.000506294 0.000839034 0.000510009 0.00105532 2.2875e-05 1.45519e-11 1.45519e-11 7.27596e-12 7.27596e-12 1.81899e-12
threshold=1937.033333333334 3841.6666666666711 2460.5000000000005 3628.9750000000026 3729.6416666666687 3534.6166666666686 6466.4916666666641 4564.0000000000009 6151.5000000000027 5887.5000000000009 2042.2249999999997 6248.0250000000042 1881.1083333333336 6352.3583333333327 3777.3833333333346 3461.233333333334 1989.4750000000008 1825.4250000000002 6097.5250000000015 3580.358333333334 3680.9000000000019 6413.9750000000004 6196.8833333333359 8066.2416666666631 7306.0000000000009 7990.7333333333236 6517.5000000000009 7503.7833333333301 7455.9416666666648 8028.2583333333241 6509.0416666666633 5887.5000000000009 1449.9313192269756 1600.7971075951293 7536.8833333333232 3886.4416666666716 6295.3583333333345 2098.4583333333358 8077.7583333333287 8089.4333333333298 20.500000000000004 200.98918616505406 166.99106670558578 17.083230086433364 7745.7916666666561 4.7329881241530574 7603.0499999999984 6438.7416666666659 7871.0916666666626 9955.9083333333529 3511.4750000000026 259.49037861052085 1959.0521169704464
decision_type=2 2 2 2 2 2 2 2 2 2 2 2 2 2 2 2 2 2 2 2 2 2 2 2 2 2 2 2 2 2 2 2 2 2 2 2 2 2 2 2 2 2 2 2 2 2 2 2 2 2 2 2 2
left_child=12 2 10 5 20 15 7 35 18 11 16 22 17 -11 -6 -4 -2 -1 -9 -7 -5 -15 -10 24 26 -26 30 28 -28 -27 31 -8 -16 -17 -29 -3 -13 -12 -25 -40 42 -42 -36 45 -45 -44 -47 -38 -32 -41 -39 -37 -50
right_child=1 6 3 4 14 19 23 8 9 13 37 36 -14 21 32 33 -18 -19 -20 -21 -22 -23 -24 38 25 29 27 34 -30 -31 48 -33 -34 -35 40 51 47 50 39 49 41 -43 43 44 -46 46 -48 -49 52 -51 -52 -53 -54
leaf_value=5.6804352045059208 1.926111200451851 -0.25661793854087595 9.4213244628906256 4.4121681582543166 2.1540029621124268 6.7422927067197609 -0.40367058630912533 4.1407735393893335 1.7388280943036081 3.9192332958352978 -0.29296938404440881 -0.25074232295155524 3.128532886505127 2.5380018957730002 1.0538349480856033 8.1512139214409736 0.64315637666732073 4.4133334636688231 2.9745971083641054 5.6049694754860617 3.2965470285126659 1.3782317621367319 0.67308931932784621 -0.30678780578797865 2.3921106934547427 1.368329297579252 1.7378208705357143 -0.18274840030819178 0.75648296441350671 0.56722955442965028 -0.34960193634033204 0.036919491715503461 0.65114338268404426 7.8726300557454429 -0.34939586536304373 -0.34960193634033204 -0.34960193634033204 -0.34960193634033204 -0.33281384805037129 -0.34960193634033204 -0.34975510876754234 -0.35102079170090811 -0.34981362386183307 -0.35001514315605164 -0.34959418033731393 -0.34921629548072819 -0.34960193634033204 -0.34966130256652833 -0.34960193634033204 -0.34960193634033204 -0.34960193634033204 -0.34960193634033204 -0.34960193634033204
leaf_weight=32 32 32 20 31 30 29 31 31 32 29 32 32 32 29 21 27 32 32 32 33 33 28 32 31 24 26 21 20 35 24 1756 33 23 21 37 956 86 909 31 2387 29 28 22 20 29 20 157 20 209 31 199 69 23
leaf_count=32 32 32 20 31 30 29 31 31 32 29 32 32 32 29 21 27 32 32 32 33 33 28 32 31 24 26 21 20 35 24 1756 33 23 21 37 956 86 909 31 2387 29 28 22 20 29 20 157 20 209 31 199 69 23
internal_value=-7.38557e-09 -0.0535316 0.670583 4.85677 2.5166 7.34096 -0.219249 0.081638 1.37179 0.895656 -0.261227 0.158904 4.40743 2.62617 1.37469 8.43874 1.28463 5.04688 3.54843 6.13694 3.83693 1.96829 1.20596 -0.303574 -0.259431 1.44055 -0.310362 -0.144233 1.12448 0.983801 -0.344203 -0.176491 0.843337 8.02933 -0.340498 -0.346787 -0.326687 -0.348012 -0.348857 -0.349389 -0.349723 -0.350377 -0.349593 -0.349622 -0.349766 -0.349587 -0.349558 -0.349613 -0.349602 -0.349602 -0.349602 -0.349602 -0.349602
internal_weight=8000 7904 1472 268 138 130 6432 1408 351 288 1204 202 96 86 74 68 64 64 63 62 64 57 64 5024 2544 74 2470 418 56 50 2052 64 44 48 362 1057 138 1140 2480 2449 342 57 285 248 49 199 177 106 1988 2418 1108 1025 232
internal_count=8000 7904 1472 268 138 130 6432 1408 351 288 1204 202 96 86 74 68 64 64 63 62 64 57 64 5024 2544 74 2470 418 56 50 2052 64 44 48 362 1057 138 1140 2480 2449 342 57 285 248 49 199 177 106 1988 2418 1108 1025 232
is_linear=0
shrinkage=0.05


Tree=16
num_leaves=57
num_cat=0
split_feature=0 0 1 0 0 0 1 0 1 0 0 0 0 0 0 0 0 0 0 0 0 0 0 0 1 0 1 0 0 0 0 1 3 3 4 0 0 0 0 0 0 0 5 2 0 4 0 2 4 0 0 0 2 0 2 0
split_gain=681386 342397 2.07282e+06 562975 85530.5 58913.4 280949 131321 132555 58310.9 52665.5 37076.5 28341.5 26410.1 12566.6 9875.12 9507.14 9273.64 7730.49 6917.23 6640.18 6560.38 6150.3 3625.37 79514.7 11636.2 5012.96 37739.7 2950.17 2104.08 670.77 1120.14 338.455 330.949 174.252 96.8551 86.7401 36.0101 20.0566 3.11414 2.41338 0.0104487 0.00682241 0.00590707 2.06534e-05 4.7616e-06 4.15064e-06 1.12417e-06 8.90231e-07 1.54192e-07 1.45519e-11 1.45519e-11 1.45519e-11 9.09495e-13 9.09495e-13 4.54747e-13
threshold=1937.033333333334 3841.6666666666711 2460.5000000000005 3656.2500000000023 3534.6166666666686 6466.4916666666641 4564.0000000000009 6151.5000000000027 5887.5000000000009 2042.2249999999997 3754.3666666666682 6248.0250000000042 1881.1083333333336 6352.3583333333327 3580.358333333334 3461.233333333334 1989.4750000000008 1825.4250000000002 6097.5250000000015 6413.9750000000004 3702.4166666666683 6196.8833333333359 3799.3500000000008 8066.2416666666631 7306.0000000000009 8006.1500000000042 6517.5000000000009 7487.8749999999964 7455.9416666666648 7518.9416666666575 6509.0416666666633 5887.5000000000009 1312.6660977285158 1600.7971075951293 13.691026452674514 3886.4416666666716 6295.3583333333345 2098.4583333333358 8077.7583333333287 8089.4333333333298 7553.2999999999984 7588.0666666666575 20.500000000000004 189.04503037890356 6438.7416666666659 17.083230086433364 7792.6499999999969 166.99106670558578 4.7329881241530574 7636.0833333333294 8028.2583333333241 9861.1916666666821 217.03197306294751 7990.7333333333236 223.22450163919711 6352.3583333333327
decision_type=2 2 2 2 2 2 2 2 2 2 2 2 2 2 2 2 2 2 2 2 2 2 2 2 2 2 2 2 2 2 2 2 2 2 2 2 2 2 2 2 2 2 2 2 2 2 2 2 2 2 2 2 2 2 2 2
left_child=12 2 9 4 15 6 35 18 11 16 20 21 17 -10 -6 -4 -2 -1 -8 -15 -5 -9 -12 24 26 -26 30 28 -28 -29 31 -7 -16 -17 -27 -3 -13 -11 -25 -40 -31 -42 45 -44 55 47 -47 -43 -49 -50 -32 -41 -39 -51 -53 -38
right_child=1 5 3 10 14 23 7 8 13 37 22 36 -14 19 32 33 -18 -19 -20 -21 -22 -23 -24 38 25 34 27 29 -30 40 50 -33 -34 -35 -36 -37 44 52 39 51 41 42 43 -45 -46 46 -48 48 49 53 -52 54 -54 -55 -56 -57
leaf_value=5.3964134454727173 1.8298055768013002 -0.24378702412359418 8.9502581787109374 3.6569919340072143 6.4051780437601025 -0.38348707076041932 3.9337350107008415 1.6518867135047914 3.7232715606689455 -0.27832093620672821 1.539131933450699 -0.23820521831512453 2.9721062630414963 2.4111018476815058 5.2374540783110124 7.7436531914605045 0.61099856528453533 4.1926669359207152 2.8258672773838045 1.3093201790537154 2.6302190065383915 0.63943488160148265 0.52442703225782938 -0.29144840855752269 2.0485869127161362 0.89482704877853403 1.6509298369998024 0.18206691423519739 0.84704645633697506 -0.35003998398780828 -0.33212182521820072 0.035073514531056088 4.9698148374204285 7.4789984566824774 0.68610973358154304 -0.33212182521820072 -0.33212182521820072 -0.33212182521820072 -0.31617316050875571 -0.33212182521820072 -0.33104644060134891 -0.33213212490081789 -0.33211555155840788 -0.33318682870557237 -0.33217823505401611 -0.33208776354789737 -0.3321173717235697 -0.33211123943328857 -0.33212641761416484 -0.33212182521820072 -0.33212182521820072 -0.33212182521820072 -0.33212182521820072 -0.33212182521820072 -0.33212182521820072 -0.33212182521820072
leaf_weight=32 32 32 20 31 29 31 31 32 29 32 32 32 32 29 21 27 32 32 32 28 32 32 28 31 34 20 21 21 25 20 1944 33 27 21 20 1025 35 734 31 2325 20 27 22 31 20 20 29 20 21 117 44 73 374 24 20 51
leaf_count=32 32 32 20 31 29 31 31 32 29 32 32 32 32 29 21 27 32 32 32 28 32 32 28 31 34 20 21 21 25 20 1944 33 27 21 20 1025 35 734 31 2325 20 27 22 31 20 20 29 20 21 117 44 73 374 24 20 51
internal_value=6.24221e-09 -0.050855 0.637054 4.61393 6.72458 -0.208287 0.0775561 1.30321 0.850873 -0.248166 2.12577 0.150959 4.18706 2.49486 5.5834 8.01681 1.2204 4.79454 3.37101 1.86988 3.13546 1.14566 1.0656 -0.288396 -0.246459 1.36852 -0.294844 -0.137021 1.21404 -0.304087 -0.326993 -0.167667 5.08691 7.62787 0.790468 -0.329448 -0.310352 -0.330612 -0.331414 -0.33192 -0.333173 -0.332154 -0.332225 -0.332742 -0.332132 -0.332119 -0.332105 -0.332123 -0.332121 -0.332122 -0.332122 -0.332122 -0.332122 -0.332122 -0.332122 -0.332122
internal_weight=8000 7904 1472 268 145 6432 1408 351 288 1204 123 202 96 86 77 68 64 64 63 57 63 64 60 5024 2544 74 2470 418 46 372 2052 64 48 48 40 1057 138 1140 2480 2449 351 331 311 53 106 258 49 209 182 162 1988 2418 1108 141 93 86
internal_count=8000 7904 1472 268 145 6432 1408 351 288 1204 123 202 96 86 77 68 64 64 63 57 63 64 60 5024 2544 74 2470 418 46 372 2052 64 48 48 40 1057 138 1140 2480 2449 351 331 311 53 106 258 49 209 182 162 1988 2418 1108 141 93 86
is_linear=0
shrinkage=0.05


Tree=17
num_leaves=63
num_cat=0
split_feature=0 0 1 0 0 0 0 1 0 1 0 0 0 0 0 0 0 0 0 0 0 0 0 1 0 1 0 0 0 0 3 0 1 5 4 0 5 2 0 2 0 2 0 0 3 0 0 5 2 4 0 2 4 0 0 0 0 2 0 0 0 2
split_gain=614951 309013 1.87072e+06 508896 67799.1 56814.3 53169.3 253556 118517 119631 52625.6 33461.5 25578.2 23844.1 11702.6 10059.8 8580.19 8369.46 6976.76 6367.14 5920.74 4332.33 3271.9 71762 10753.5 4524.2 34060.1 2691.97 2662.53 1898.94 621.61 605.37 1010.93 388.943 192.579 87.4117 81.5927 76.0309 32.4991 18.6308 18.1011 10.029 9.11413 2.81051 2.54731 2.17808 0.00942993 0.00615712 0.00534724 4.29843e-06 3.74588e-06 1.01725e-06 8.04339e-07 1.39757e-07 1.45519e-11 1.45519e-11 1.45519e-11 1.45519e-11 7.27596e-12 7.27596e-12 3.63798e-12 1.81899e-12
threshold=1937.033333333334 3841.6666666666711 2460.5000000000005 3628.9750000000026 3729.6416666666687 3511.4750000000026 6466.4916666666641 4564.0000000000009 6151.5000000000027 5887.5000000000009 2042.2249999999997 6248.0250000000042 1881.1083333333336 6382.2166666666662 3580.358333333334 3777.3833333333346 1989.4750000000008 1825.4250000000002 6097.5250000000015 3680.9000000000019 6196.8833333333359 3461.233333333334 8066.2416666666631 7306.0000000000009 7990.7333333333236 6517.5000000000009 7487.8749999999964 8028.2583333333241 7455.9416666666648 7518.9416666666575 1449.9313192269756 6509.0416666666633 5887.5000000000009 10.500000000000002 12.318111347369211 3886.4416666666716 8.5000000000000018 188.4267324113666 2098.4583333333358 233.7688149192912 8077.7583333333287 190.27716063372489 6352.3583333333327 8089.4333333333298 1520.6909275902274 7553.2999999999984 7588.0666666666575 20.500000000000004 195.83212103232398 17.083230086433364 7792.6499999999969 166.99106670558578 4.7329881241530574 7636.0833333333294 8028.2583333333241 9955.9083333333529 9323.7083333333394 213.66395305279246 5420.7416666666677 4907.6833333333407 9861.1916666666821 230.48614672805746
decision_type=2 2 2 2 2 2 2 2 2 2 2 2 2 2 2 2 2 2 2 2 2 2 2 2 2 2 2 2 2 2 2 2 2 2 2 2 2 2 2 2 2 2 2 2 2 2 2 2 2 2 2 2 2 2 2 2 2 2 2 2 2 2
left_child=12 2 10 5 19 21 7 35 18 11 16 20 17 33 34 -6 -2 -1 -9 -5 -10 -4 23 25 -25 31 28 -26 -27 -28 -17 32 -8 -11 -7 -3 -13 -15 -12 41 -24 44 -43 -42 -38 -31 -47 49 -49 51 -51 -48 -53 -54 -33 56 -45 -40 59 -37 -58 -61
right_child=1 6 3 4 15 14 22 8 9 13 38 36 -14 37 -16 30 -18 -19 -20 -21 -22 -23 40 24 27 26 29 -29 -30 45 -32 54 -34 -35 -36 58 39 -39 57 -41 43 42 -44 55 -46 46 47 48 -50 50 -52 52 53 -55 -56 -57 60 -59 -60 61 -62 -63
leaf_value=5.1265926241874702 1.7383153676986696 -0.23159767836332323 8.5027453613281256 3.9747899886100519 1.9438875039418537 6.4016180515289314 -0.36431272106785934 3.7370481060397243 1.569292312860489 3.3391010102771577 -0.26440487750805913 -0.2168810981291312 2.8235009193420413 1.5852436281385875 5.0697420178037707 0.95317815116473614 0.58044861531816427 3.9830333650112153 2.684573930501938 2.9768729296597569 0.60746311382390561 7.558858711488786 -0.27687599966602944 2.1700757741928101 1.2349906444549561 1.5683832758948917 0.17296356892301923 0.50064913096527264 0.8046941413879396 -0.33253799259662631 0.57692369796011755 -0.31551573276519779 0.033319839677124312 3.0414786794911262 6.1968147451227367 -0.31551573276519779 -0.31933479195549375 1.4506977467309863 -0.31551573276519779 -0.27010144174098966 -0.30036450624465943 -0.36021500778198245 -0.31553359826405847 -0.31551573276519779 -0.29548952368398512 -0.31449411988258363 -0.31552553176879883 -0.31559324539624733 -0.31659787142718282 -0.31548337459564213 -0.31551150206861828 -0.31550567150115971 -0.31552010490780785 -0.31551573276519779 -0.31551573276519779 -0.31551573276519779 -0.31551573276519779 -0.31551573276519779 -0.31551573276519779 -0.31551573276519779 -0.31551573276519779 -0.31551573276519779
leaf_weight=32 32 32 20 31 30 24 31 31 32 21 32 27 32 21 33 21 32 32 32 33 32 31 31 24 26 21 21 24 25 20 23 1944 33 23 22 672 21 21 688 20 31 25 21 1860 24 20 27 26 27 20 29 20 21 141 44 31 465 420 33 258 62 62
leaf_count=32 32 32 20 31 30 24 31 31 32 21 32 27 32 21 33 21 32 32 32 33 32 31 31 24 26 21 21 24 25 20 23 1944 33 23 22 672 21 21 688 20 31 25 21 1860 24 20 27 26 27 20 29 20 21 141 44 31 465 420 33 258 62 62
internal_value=3.03257e-09 -0.0483123 0.605201 4.38324 2.26854 6.62808 -0.197872 0.0736783 1.23804 0.808329 -0.235757 0.143411 3.97771 2.37012 5.78823 1.23787 1.15938 4.55481 3.20246 3.46024 1.08838 7.92901 -0.273976 -0.234137 1.3001 -0.280101 -0.13017 0.882507 1.15333 -0.288883 0.7565 -0.310643 -0.159283 3.18353 6.30367 -0.312975 -0.294835 1.51797 -0.314081 -0.313796 -0.314843 -0.3234 -0.339817 -0.315324 -0.306617 -0.316515 -0.315547 -0.315614 -0.316105 -0.315513 -0.3155 -0.315516 -0.315515 -0.315516 -0.315516 -0.315516 -0.315516 -0.315516 -0.315516 -0.315516 -0.315516 -0.315516
internal_weight=8000 7904 1472 268 138 130 6432 1408 351 288 1204 202 96 86 79 74 64 64 63 64 64 51 5024 2544 74 2470 418 50 46 372 44 2052 64 44 46 1057 138 42 1140 111 2480 91 46 2449 45 351 331 311 53 258 49 209 182 162 1988 2418 2387 1108 1025 992 527 320
internal_count=8000 7904 1472 268 138 130 6432 1408 351 288 1204 202 96 86 79 74 64 64 63 64 64 51 5024 2544 74 2470 418 50 46 372 44 2052 64 44 46 1057 138 42 1140 111 2480 91 46 2449 45 351 331 311 53 258 49 209 182 162 1988 2418 2387 1108 1025 992 527 320
is_linear=0
shrinkage=0.05


Tree=18
num_leaves=57
num_cat=0
split_feature=0 0 1 0 0 0 1 0 1 0 0 0 0 0 0 0 0 0 0 0 0 0 0 0 0 1 0 1 0 0 0 0 1 0 0 0 0 0 0 5 2 5 2 0 2 0 4 0 2 4 0 2 2 2 3 3
split_gain=554993 278885 1.68832e+06 459384 70133 47985.3 228834 106962 107967 47494.6 42985.3 30199 23084.3 22138.9 13843.1 7743.63 7553.43 6296.53 5752.7 5597.14 5413.4 5343.47 5194.9 3909.92 2952.89 64765.2 9705.05 4083.09 30816.2 3909.62 2429.51 546.346 912.361 131.252 78.8891 78.5165 29.3304 16.3363 2.53649 0.068511 0.0135043 0.00980651 0.00969155 0.00652072 0.00647588 2.3928e-05 3.02998e-06 2.47411e-06 9.51491e-07 6.41547e-07 2.57387e-10 1.45519e-11 7.27596e-12 7.27596e-12 1.81899e-12 4.54747e-13
threshold=1937.033333333334 3841.6666666666711 2460.5000000000005 3656.2500000000023 3555.7833333333333 6466.4916666666641 4564.0000000000009 6151.5000000000027 5887.5000000000009 2042.2249999999997 3754.3666666666682 6248.0250000000042 1881.1083333333336 6352.3583333333327 3511.4750000000026 1989.4750000000008 1825.4250000000002 6097.5250000000015 6413.9750000000004 3606.200000000003 3702.4166666666683 6196.8833333333359 3799.3500000000008 3461.233333333334 8066.2416666666631 7306.0000000000009 7990.7333333333236 6517.5000000000009 7503.7833333333301 7473.2833333333301 8028.2583333333241 6509.0416666666633 5887.5000000000009 7536.8833333333232 3886.4416666666716 6295.3583333333345 2098.4583333333358 8077.7583333333287 8089.4333333333298 9.5000000000000018 229.6690084641173 20.500000000000004 191.38091357962205 7569.0833333333303 195.83212103232398 7620.7249999999976 17.083230086433364 7824.9999999999964 166.99106670558578 4.7329881241530574 7665.7749999999905 243.36123315193217 200.72480607189615 154.99336671709895 1457.2343070048132 1540.7254024886151
decision_type=2 2 2 2 2 2 2 2 2 2 2 2 2 2 2 2 2 2 2 2 2 2 2 2 2 2 2 2 2 2 2 2 2 2 2 2 2 2 2 2 2 2 2 2 2 2 2 2 2 2 2 2 2 2 2 2
left_child=12 2 9 4 14 6 34 17 11 15 20 21 16 -10 23 -2 -1 -8 -15 -6 -5 -9 -12 -4 25 27 -27 31 29 -29 -28 32 -7 -30 -3 -13 -11 -26 -39 -37 42 43 -41 -35 -43 -45 48 -48 -47 -50 -51 -40 -36 55 -53 -38
right_child=1 5 3 10 19 24 7 8 13 36 22 35 -14 18 -16 -17 -18 -19 -20 -21 -22 -23 -24 -25 37 26 30 28 33 -31 -32 -33 -34 41 52 39 53 38 51 40 -42 44 -44 45 -46 46 47 -49 49 50 -52 54 -54 -55 -56 -57
leaf_value=4.870262932777405 1.6513995841145517 -0.22001778818666937 8.0776080322265624 3.2995459341233779 5.2583548784255987 -0.34609707709281679 3.5501957801080524 1.4908277526497842 3.3763106050162479 -0.2511846379376948 1.3938639685511589 -0.21145108146592975 2.6823258399963379 2.1729626425381365 6.2058793783187873 0.55142618734389548 3.7838817775249485 2.5503451704978946 1.1681958683899472 4.3077205530802409 2.3724609911441803 0.57708997018635277 0.46129691313420029 7.1809158817414316 -0.26303219872136274 2.061572035153707 1.1732411531301645 1.2914668328421457 -0.16801631525158883 0.42851317787454246 0.47561668238292143 -0.29973995685577393 0.031653851902846135 -0.29880576014518739 -0.29973995685577393 -0.30279213920716319 -0.29973995685577393 -0.2853462607509667 -0.29973995685577393 -0.30022158787168307 -0.30111032605171206 -0.2998329798380534 -0.29889216789832485 -0.29979076800139054 -0.30090034802754723 -0.29974925518035889 -0.29971267580986022 -0.29973587813200775 -0.29973039627075199 -0.2997397715395147 -0.29973995685577393 -0.29973995685577393 -0.29973995685577393 -0.29973995685577393 -0.29973995685577393 -0.29973995685577393
leaf_weight=32 32 32 20 31 32 31 31 32 29 32 32 32 32 29 32 32 32 32 28 30 32 32 28 31 31 24 26 35 20 21 24 1988 33 20 491 31 46 31 2084 29 20 27 26 23 30 25 20 27 20 22 128 85 534 1042 249 20
leaf_count=32 32 32 20 31 32 31 31 32 29 32 32 32 32 29 32 32 32 32 28 30 32 32 28 31 31 24 26 35 20 21 24 1988 33 20 491 31 46 31 2084 29 20 27 26 23 30 25 20 27 20 22 128 85 534 1042 249 20
internal_value=-3.90927e-09 -0.0458966 0.574941 4.16408 6.07067 -0.187979 0.0699944 1.17614 0.767913 -0.22397 1.91646 0.13624 3.77882 2.25161 7.02107 1.10141 4.32707 3.04234 1.67939 4.79837 2.82865 1.03396 0.958666 7.53256 -0.260277 -0.22243 1.23509 -0.266096 -0.123661 0.967859 0.838381 -0.295111 -0.151319 -0.292515 -0.297326 -0.280093 -0.298377 -0.299101 -0.299558 -0.300815 -0.299998 -0.299796 -0.299593 -0.299676 -0.300395 -0.299742 -0.299737 -0.299726 -0.29974 -0.299739 -0.29974 -0.29974 -0.29974 -0.29974 -0.29974 -0.29974
internal_weight=8000 7904 1472 268 145 6432 1408 351 288 1204 123 202 96 86 83 64 64 63 57 62 63 64 60 51 5024 2544 74 2470 418 56 50 2052 64 362 1057 138 1140 2480 2449 106 75 342 55 285 57 265 242 47 195 170 150 2418 1025 1108 334 66
internal_count=8000 7904 1472 268 145 6432 1408 351 288 1204 123 202 96 86 83 64 64 63 57 62 63 64 60 51 5024 2544 74 2470 418 56 50 2052 64 362 1057 138 1140 2480 2449 106 75 342 55 285 57 265 242 47 195 170 150 2418 1025 1108 334 66
is_linear=0
shrinkage=0.05


Tree=19
num_leaves=63
num_cat=0
split_feature=0 0 1 0 0 0 0 1 0 1 0 0 0 0 0 0 0 0 0 0 0 0 0 0 1 0 1 0 0 0 3 0 1 0 4 5 0 0 3 0 0 0 0 5 2 0 3 0 4 0 2 4 0 0 0 0 0 2 2 0 2 2
split_gain=500881 251693 1.52371e+06 414961 55394.4 46186.7 43306.7 206523 96532.9 97439.9 42863.9 27254.6 20833.6 19980.4 9653.69 8253.4 6988.62 6816.97 5682.62 5191.81 5159.92 4822.48 3528.71 2664.98 58450.6 8758.81 3684.99 27811.7 3528.43 2192.63 542.968 493.077 823.406 118.455 76.9095 73.2041 71.1974 26.4707 18.0762 14.7435 9.32092 2.28918 0.0106126 0.00885044 0.0058858 0.00588506 0.0015713 2.15944e-05 2.73412e-06 2.2341e-06 8.5689e-07 5.78975e-07 2.57387e-10 1.45519e-11 7.27596e-12 7.27596e-12 7.27596e-12 7.27596e-12 7.27596e-12 9.09495e-13 4.54747e-13 4.54747e-13
threshold=1937.033333333334 3841.6666666666711 2460.5000000000005 3628.9750000000026 3729.6416666666687 3511.4750000000026 6466.4916666666641 4564.0000000000009 6151.5000000000027 5887.5000000000009 2042.2249999999997 6248.0250000000042 1881.1083333333336 6352.3583333333327 3555.7833333333333 3777.3833333333346 1989.4750000000008 1825.4250000000002 6097.5250000000015 6413.9750000000004 3680.9000000000019 6196.8833333333359 3461.233333333334 8066.2416666666631 7306.0000000000009 7990.7333333333236 6517.5000000000009 7503.7833333333301 7473.2833333333301 8028.2583333333241 1449.9313192269756 6509.0416666666633 5887.5000000000009 7536.8833333333232 14.329723652659641 8.5000000000000018 3886.4416666666716 2098.4583333333358 1839.9481776687594 8077.7583333333287 6295.3583333333345 8089.4333333333298 6352.3583333333327 20.500000000000004 200.98918616505406 7569.0833333333303 1506.045606201784 7620.7249999999976 17.083230086433364 7824.9999999999964 166.99106670558578 4.7329881241530574 7665.7749999999905 9861.1916666666821 8017.0583333333243 5123.5916666666717 3777.3833333333346 230.48614672805746 287.78817853751019 5176.3000000000029 214.99750838853581 195.35041708669135
decision_type=2 2 2 2 2 2 2 2 2 2 2 2 2 2 2 2 2 2 2 2 2 2 2 2 2 2 2 2 2 2 2 2 2 2 2 2 2 2 2 2 2 2 2 2 2 2 2 2 2 2 2 2 2 2 2 2 2 2 2 2 2 2
left_child=12 2 10 5 20 22 7 36 18 11 16 21 17 -11 -7 -6 -2 -1 -9 -15 -5 -10 -4 24 26 -26 31 28 -28 -27 -17 32 -8 -29 -16 -13 -3 -12 40 -25 -37 -41 -42 45 -45 -35 -44 -47 50 -50 -49 -52 -53 -43 57 -38 58 -33 -39 -57 61 -55
right_child=1 6 3 4 15 14 23 8 9 13 37 35 -14 19 34 30 -18 -19 -20 -21 -22 -23 -24 39 25 29 27 33 -30 -31 -32 54 -34 43 -36 38 55 56 -40 41 42 53 46 44 -46 47 -48 48 49 -51 51 52 -54 60 -56 59 -58 -59 -60 -61 -62 -63
leaf_value=4.6267498254776003 1.5688295502215626 -0.20901690958999097 7.6737277221679694 3.5866819996987624 1.7541660086313884 5.8955853939056402 -0.32879222746818298 3.3726858569729714 1.4162863016128542 3.2074950908792434 -0.23862541131675244 -0.19225063412277787 2.5482094883918762 2.0643144903511836 4.8439840888977059 0.86247082210722437 0.52385488455183804 3.5946876883506778 2.4228278726339343 1.1097860949380058 2.6883362047600023 0.54823547452688215 6.8218700531990297 -0.24988058228646556 1.9584933837254841 1.1145790558594924 1.2268934808458603 -0.15961549729108812 0.40708750883738204 0.4518358347937465 0.51082142824712007 -0.28475296497344971 0.030071156500189596 -0.28386546730995182 4.714620463053385 -0.32272381072952633 -0.28475296497344971 -0.28475296497344971 -0.24100916683673859 -0.27107895766535112 -0.28386318061662758 -0.28475296497344971 -0.28491410108713006 -0.28487577356141192 -0.28589209743908478 -0.28480123229648757 -0.28549560365222754 -0.28476178646087646 -0.28472704291343692 -0.28474909111305519 -0.28474388122558597 -0.28475277965719048 -0.28475296497344971 -0.28475296497344971 -0.28475296497344971 -0.28475296497344971 -0.28475296497344971 -0.28475296497344971 -0.28475296497344971 -0.28475296497344971 -0.28475296497344971 -0.28475296497344971
leaf_weight=32 32 32 20 31 30 32 31 31 32 29 32 27 32 29 20 21 32 32 32 28 33 32 31 31 24 26 35 20 21 24 23 1561 33 20 27 21 800 1061 20 31 23 2325 26 29 28 23 21 25 20 27 20 22 128 46 59 32 20 368 27 193 23 24
leaf_count=32 32 32 20 31 30 32 31 31 32 29 32 27 32 29 20 21 32 32 32 28 33 32 31 31 24 26 35 20 21 24 23 1561 33 20 27 21 800 1061 20 31 23 2325 26 29 28 23 21 25 20 27 20 22 128 46 59 32 20 368 27 193 23 24
internal_value=-9.84163e-09 -0.0436018 0.546194 3.95587 2.04629 5.98297 -0.17858 0.0664946 1.11734 0.729517 -0.212771 0.129428 3.58988 2.13903 5.22574 1.11467 1.04634 4.11072 2.89022 1.59542 3.12347 0.982261 7.15593 -0.247263 -0.211308 1.17334 -0.252792 -0.117478 0.919466 0.796462 0.678654 -0.280355 -0.143753 -0.27789 4.76967 -0.266088 -0.28246 -0.283458 -0.284049 -0.284146 -0.293508 -0.28458 -0.284743 -0.284806 -0.285375 -0.284693 -0.285174 -0.284755 -0.284751 -0.28474 -0.284753 -0.284752 -0.284753 -0.284753 -0.284753 -0.284753 -0.284753 -0.284753 -0.284753 -0.284753 -0.284753 -0.284753
internal_weight=8000 7904 1472 268 138 130 6432 1408 351 288 1204 202 96 86 79 74 64 64 63 57 64 64 51 5024 2544 74 2470 418 56 50 44 2052 64 362 47 138 1057 1140 111 2480 91 2449 70 342 57 285 47 265 242 47 195 170 150 2418 1988 1025 1108 1929 1088 225 93 70
internal_count=8000 7904 1472 268 138 130 6432 1408 351 288 1204 202 96 86 79 74 64 64 63 57 64 64 51 5024 2544 74 2470 418 56 50 44 2052 64 362 47 138 1057 1140 111 2480 91 2449 70 342 57 285 47 265 242 47 195 170 150 2418 1988 1025 1108 1929 1088 225 93 70
is_linear=0
shrinkage=0.05


Tree=20
num_leaves=59
num_cat=0
split_feature=0 0 1 0 0 0 1 0 1 0 0 0 0 0 0 0 0 0 0 0 0 0 0 0 1 0 1 0 0 3 4 2 0 0 0 0 0 0 0 0 5 3 5 0 0 4 0 4 0 2 4 0 0 0 0 2 2 2
split_gain=452045 227153 1.37515e+06 374869 57246.8 39101.3 171250 95563.2 73873.4 38684.6 35080.4 32571.5 25420.1 18802.3 8642.82 6840.77 6593.25 6307.23 6152.32 5128.56 4413.66 4391.67 4352.29 2289.09 52890.5 7924.18 3441.31 25100 3234.23 531.962 205.838 124.44 106.905 84.8851 69.7248 64.2557 23.8898 13.306 2.06598 1.06074 0.169904 0.042582 0.00798764 0.00553403 0.00531114 0.00233045 1.94959e-05 2.46233e-06 2.03306e-06 7.74554e-07 5.20036e-07 1.95541e-10 1.45519e-11 1.45519e-11 3.63798e-12 1.81899e-12 4.54747e-13 4.54747e-13
threshold=1937.033333333334 3841.6666666666711 2460.5000000000005 3656.2500000000023 3534.6166666666686 6488.3499999999985 4564.0000000000009 6151.5000000000027 5887.5000000000009 2042.2249999999997 3754.3666666666682 6413.9750000000004 6248.0250000000042 1881.1083333333336 3606.200000000003 6352.3583333333327 3484.8166666666684 1989.4750000000008 1825.4250000000002 6097.5250000000015 3702.4166666666683 3799.3500000000008 6196.8833333333359 8066.2416666666631 7306.0000000000009 8006.1500000000042 6517.5000000000009 7503.7833333333301 7455.9416666666648 1331.1309488765594 11.409973889160106 207.79396809589602 7536.8833333333232 6509.0416666666633 6295.3583333333345 3886.4416666666716 2098.4583333333358 8077.7583333333287 8089.4333333333298 6438.7416666666659 9.5000000000000018 1682.9062208988828 20.500000000000004 7729.1499999999969 7569.0833333333303 13.552160811216153 7620.7249999999976 17.083230086433364 7839.8333333333294 166.99106670558578 4.7329881241530574 7665.7749999999905 7729.1499999999969 9812.3583333333427 3754.3666666666682 252.97516000535077 231.04658582375956 225.77501144787001
decision_type=2 2 2 2 2 2 2 2 2 2 2 2 2 2 2 2 2 2 2 2 2 2 2 2 2 2 2 2 2 2 2 2 2 2 2 2 2 2 2 2 2 2 2 2 2 2 2 2 2 2 2 2 2 2 2 2 2 2
left_child=13 2 9 4 16 6 35 19 12 17 20 15 22 18 29 -10 -4 -2 -1 -8 -5 -12 -9 24 26 -26 33 28 -28 -6 -13 -27 -29 -7 -14 -3 -11 -25 -39 40 -36 45 44 -44 -34 -42 -46 49 -49 -48 -51 -52 -35 -40 -38 -54 -53 -55
right_child=1 5 3 10 14 23 7 8 11 36 21 30 34 -15 -16 -17 -18 -19 -20 -21 -22 -23 -24 37 25 31 27 32 -30 -31 -32 -33 42 52 39 -37 54 38 53 -41 41 -43 43 -45 46 -47 47 48 -50 50 51 56 55 57 -56 -57 -58 -59
leaf_value=4.3954124569892885 1.49038810916245 -0.19856605415698142 7.0156405966622488 2.9769686975786764 4.7745363807678229 -0.18842756524682047 3.204051737631521 1.3454720094799997 3.0471203113424368 -0.22669413536787034 1.2626009985804558 0.81852504033711748 -0.18675628928467633 2.4207991153001789 3.883723882039388 1.9610987663269044 6.0305343396735918 0.49766214136034254 3.4149532854557041 2.3016865491867065 2.1398560255765915 0.40515564386400266 0.52082368652336297 -0.23738656072847306 1.6758759779088639 0.54945567898452286 1.3640461512974331 -0.15163472151383758 0.57916101498263228 5.114758329038267 0.60133565862973537 0.72583569824695593 -0.26967219471931458 -0.27051529884338382 -0.27607066447918233 -0.27051529884338382 -0.27051529884338382 -0.25752500507139392 -0.27051529884338382 -0.26247217522727118 -0.26990811467170717 -0.27311538100242616 -0.2717763650417328 -0.27074404987129003 -0.27056116954140041 -0.27067140579223631 -0.27052369117736819 -0.27049163905057044 -0.27051247978210452 -0.27050669193267823 -0.27051513736898247 -0.27051529884338382 -0.27051529884338382 -0.27051529884338382 -0.27051529884338382 -0.27051529884338382 -0.27051529884338382 -0.27051529884338382
leaf_weight=32 32 32 35 31 20 32 31 32 29 32 32 20 32 32 30 29 33 32 32 32 32 28 32 31 34 20 21 20 35 27 24 20 20 1568 26 1025 1072 31 2294 36 20 20 20 37 23 20 25 22 25 20 22 101 392 101 36 28 27 23
leaf_count=32 32 32 35 31 20 32 31 32 29 32 32 20 32 32 30 29 33 32 32 32 32 28 32 31 34 20 21 20 35 27 24 20 20 1568 26 1025 1072 31 2294 36 20 20 20 37 23 20 25 22 25 20 22 101 392 101 36 28 27 23
internal_value=5.18767e-09 -0.0414217 0.518884 3.75808 5.48039 -0.169651 0.0598838 0.965705 0.615267 -0.202133 1.72772 1.72589 0.0956171 3.41039 4.54677 2.50411 6.53757 0.994025 3.90518 2.74571 2.55177 0.86246 0.933148 -0.235863 -0.202221 1.11467 -0.242192 -0.111604 0.873493 4.96998 0.700058 0.637646 -0.263995 -0.269215 -0.252448 -0.268337 -0.269285 -0.269939 -0.270351 -0.269678 -0.272695 -0.271232 -0.270566 -0.271106 -0.270458 -0.27029 -0.270517 -0.270513 -0.270503 -0.270515 -0.270514 -0.270515 -0.270515 -0.270515 -0.270515 -0.270515 -0.270515 -0.270515
internal_weight=8000 7904 1472 268 145 6432 1440 383 320 1204 123 102 218 96 77 58 68 64 64 63 63 60 64 4992 2512 74 2438 418 56 47 44 40 362 2020 154 1057 1140 2480 2449 122 86 60 342 57 285 40 265 242 47 195 170 150 1988 2418 1108 420 128 124
internal_count=8000 7904 1472 268 145 6432 1440 383 320 1204 123 102 218 96 77 58 68 64 64 63 63 60 64 4992 2512 74 2438 418 56 47 44 40 362 2020 154 1057 1140 2480 2449 122 86 60 342 57 285 40 265 242 47 195 170 150 1988 2418 1108 420 128 124
is_linear=0
shrinkage=0.05


Tree=21
num_leaves=63
num_cat=0
split_feature=0 0 1 0 0 0 0 1 0 1 0 0 0 0 0 0 0 0 0 0 0 0 0 0 1 0 1 0 0 0 0 1 4 4 2 3 0 3 0 5 0 0 0 0 0 5 0 5 2 4 0 2 4 4 0 0 0 0 0 3 4 0
split_gain=407971 205006 1.24107e+06 338343 45264.6 37876.8 35380.6 168573 78494.6 79861.3 34912.9 22202 16969.1 16085.4 8173.94 6899.87 5692.28 5552.47 4628.53 4181.08 4061.41 3927.94 2987.71 2165.69 53645.9 4595.33 3077.98 22679.1 1924.29 1276.8 356.354 646.111 163.465 134.332 69.7819 65.4159 57.9907 35.5948 21.9227 101.61 21.5606 16.117 4.5831 1.86456 0.0457493 0.0406888 0.00763232 0.00411375 0.003873 2.92269e-06 2.91626e-06 6.54616e-07 4.33505e-07 1.5295e-08 2.41148e-08 1.14865e-08 7.27596e-12 7.27596e-12 3.63798e-12 3.63798e-12 3.63798e-12 4.54747e-13
threshold=1937.033333333334 3841.6666666666711 2460.5000000000005 3628.9750000000026 3729.6416666666687 3511.4750000000026 6466.4916666666641 4564.0000000000009 6151.5000000000027 5887.5000000000009 2042.2249999999997 6248.0250000000042 1881.1083333333336 6352.3583333333327 3580.358333333334 3799.3500000000008 1989.4750000000008 1825.4250000000002 6097.5250000000015 3680.9000000000019 6413.9750000000004 6196.8833333333359 3461.233333333334 8052.808333333337 7306.0000000000009 7990.7333333333236 6517.5000000000009 7487.8749999999964 7455.9416666666648 7518.9416666666575 6509.0416666666633 5887.5000000000009 14.772664346170684 12.318111347369211 237.10459140900767 1447.2701121416487 3886.4416666666716 1301.851381766807 8077.7583333333287 13.500000000000002 2098.4583333333358 6295.3583333333345 7553.2999999999984 8089.4333333333298 6352.3583333333327 11.500000000000002 7588.0666666666575 20.500000000000004 189.04503037890356 17.083230086433364 7792.6499999999969 166.99106670558578 4.8806812059580373 8.4031162757242619 7665.7749999999905 7729.1499999999969 8006.1500000000042 9776.0916666666762 3680.9000000000019 1771.0750942705881 20.026926979568984 9955.9083333333529
decision_type=2 2 2 2 2 2 2 2 2 2 2 2 2 2 2 2 2 2 2 2 2 2 2 2 2 2 2 2 2 2 2 2 2 2 2 2 2 2 2 2 2 2 2 2 2 2 2 2 2 2 2 2 2 2 2 2 2 2 2 2 2 2
left_child=12 2 10 5 19 22 7 36 18 11 16 21 17 -11 33 32 -2 -1 -9 -5 -15 -10 -4 24 26 -26 30 28 -28 -29 31 -8 -6 -7 37 -27 -3 -13 39 -25 -12 -39 -31 -40 -43 -46 -44 49 -49 51 -51 -48 -53 55 -55 -54 -32 -45 59 -42 -38 -59
right_child=1 6 3 4 15 14 23 8 9 13 40 34 -14 20 -16 -17 -18 -19 -20 -21 -22 -23 -24 38 25 35 27 29 -30 42 56 -33 -34 -35 -36 -37 60 41 43 -41 58 44 46 57 45 -47 47 48 -50 50 -52 52 53 54 -56 -57 -58 61 -60 -61 -62 -63
leaf_value=4.175641655921936 1.4158687205344904 -0.18863775397476276 6.9392589187622065 3.236561621389082 1.2977472708775448 5.2274331251780195 -0.30102039537122177 3.0438490529214182 1.2781984321773052 2.8947643016946731 -0.21535942917689682 -0.19845208261712372 2.2997591584920882 1.863043817980536 4.1143778714266688 0.38489787743559911 0.47277903268113736 3.244205701351166 2.186602194607258 2.4279012391061494 1.0188002701316561 0.49478251673281193 6.1554166609241117 -0.27759680246051993 1.7767749389012655 0.84091982603073123 1.2958438146682014 0.14318281183728862 0.64660408163070682 -0.28167258560657504 -0.25698955059051515 0.016868752399177261 1.4878812742233276 5.0563834277066322 -0.15857645977627149 0.96727089654831655 -0.25698955059051515 -0.30770408170563834 -0.24464875651944068 -0.14618447714795668 -0.25698955059051515 -0.25615292735721756 -0.25606159090995789 -0.25698955059051515 -0.26059430718421933 -0.2576828058560689 -0.25699707578729697 -0.25695880254109704 -0.257844139734904 -0.256961532831192 -0.25698635084875704 -0.25698178410530093 -0.25698792815208432 -0.25699139725078241 -0.25698955059051515 -0.25698955059051515 -0.25698955059051515 -0.25698955059051515 -0.25698955059051515 -0.25698955059051515 -0.25698955059051515 -0.25698955059051515
leaf_weight=32 32 32 20 31 26 24 31 31 32 29 32 22 32 29 33 28 32 32 32 33 28 32 31 38 24 20 21 21 25 20 1914 33 20 22 22 21 816 21 31 24 857 23 20 2263 20 30 27 21 30 20 29 20 20 22 90 24 60 124 85 166 209 31
leaf_count=32 32 32 20 31 26 24 31 31 32 29 32 22 32 29 33 28 32 32 32 33 28 32 31 38 24 20 21 21 25 20 1914 33 20 22 22 21 816 21 31 24 857 23 20 2263 20 30 27 21 30 20 29 20 20 22 90 24 60 124 85 166 209 31
internal_value=-9.31912e-09 -0.0393506 0.49294 3.57017 1.84587 5.40059 -0.161168 0.0603465 1.00974 0.660028 -0.192026 0.116758 3.23987 1.93608 4.71485 1.00373 0.944324 3.70992 2.60842 2.8196 1.44833 0.88649 6.46281 -0.223249 -0.190434 1.22729 -0.228078 -0.103079 0.942996 -0.235275 -0.253225 -0.137109 1.38041 5.14563 -0.24022 0.905636 -0.25492 -0.255704 -0.25609 -0.226728 -0.255821 -0.269103 -0.258446 -0.256833 -0.257998 -0.258847 -0.257008 -0.25707 -0.25748 -0.256987 -0.256976 -0.25699 -0.256989 -0.25699 -0.25699 -0.256989 -0.25699 -0.25699 -0.25699 -0.25699 -0.25699 -0.25699
internal_weight=8000 7904 1472 268 138 130 6432 1408 351 288 1204 202 96 86 79 74 64 64 63 64 57 64 51 5024 2513 65 2448 410 46 364 2038 64 46 46 138 41 1057 116 2511 62 1140 94 343 2449 73 50 323 303 51 252 49 203 176 156 112 44 1974 2418 1108 1023 1025 155
internal_count=8000 7904 1472 268 138 130 6432 1408 351 288 1204 202 96 86 79 74 64 64 63 64 57 64 51 5024 2513 65 2448 410 46 364 2038 64 46 46 138 41 1057 116 2511 62 1140 94 343 2449 73 50 323 303 51 252 49 203 176 156 112 44 1974 2418 1108 1023 1025 155
is_linear=0
shrinkage=0.05


Tree=22
num_leaves=58
num_cat=0
split_feature=0 0 1 0 0 0 1 0 1 0 0 0 0 0 0 0 0 0 0 0 0 0 0 0 1 0 1 0 0 0 1 2 0 0 3 0 2 0 5 0 0 3 2 2 0 5 2 0 4 0 2 4 0 0 0 2 2
split_gain=368194 185018 1.12007e+06 305916 46923.1 31931 152137 70841.4 72074.8 31508.9 28776.6 20037.3 15314.6 14526.2 9101.86 5137.28 5011.1 4177.25 3739.99 3562.18 3544.97 3499.09 2696.41 1954.54 48415.4 4147.28 2777.87 20566.9 2628.92 321.609 583.115 315.36 79.2938 68.2266 59.0378 52.3366 50.8771 19.7852 91.7028 19.4584 1.68275 0.282341 0.123772 0.0377499 0.0113338 0.00409983 0.00369166 3.00284e-05 2.01284e-06 1.65092e-06 6.23641e-07 3.41728e-07 2.6057e-10 1.00044e-11 7.27596e-12 3.63798e-12 3.63798e-12
threshold=1937.033333333334 3841.6666666666711 2460.5000000000005 3656.2500000000023 3555.7833333333333 6466.4916666666641 4564.0000000000009 6151.5000000000027 5887.5000000000009 2042.2249999999997 3754.3666666666682 6248.0250000000042 1881.1083333333336 6382.2166666666662 3511.4750000000026 1989.4750000000008 1825.4250000000002 6097.5250000000015 3606.200000000003 3702.4166666666683 6196.8833333333359 3799.3500000000008 3461.233333333334 8052.808333333337 7306.0000000000009 7990.7333333333236 6517.5000000000009 7473.2833333333301 7503.7833333333301 6509.0416666666633 5887.5000000000009 212.69343560665888 7536.8833333333232 6295.3583333333345 1447.2701121416487 3886.4416666666716 188.4267324113666 8077.7583333333287 13.500000000000002 2098.4583333333358 8089.4333333333298 1326.8384366084538 229.6690084641173 193.77677009399898 7569.0833333333303 20.500000000000004 189.04503037890356 7620.7249999999976 17.083230086433364 7839.8333333333294 166.99106670558578 4.9841787626460823 7665.7749999999905 7745.7916666666561 7990.7333333333236 283.44058333484924 251.53724485353521
decision_type=2 2 2 2 2 2 2 2 2 2 2 2 2 2 2 2 2 2 2 2 2 2 2 2 2 2 2 2 2 2 2 2 2 2 2 2 2 2 2 2 2 2 2 2 2 2 2 2 2 2 2 2 2 2 2 2 2
left_child=12 2 9 4 14 6 35 17 11 15 19 20 16 31 22 -2 -1 -8 -6 -5 -9 -12 -4 24 26 -26 29 -28 -29 30 -7 -10 -30 -13 -27 -3 -15 38 -25 -11 -39 -35 43 -43 -34 47 -47 -46 50 -50 -49 -52 -53 -54 -31 -37 -41
right_child=1 5 3 10 18 23 7 8 13 39 21 33 -14 36 -16 -17 -18 -19 -20 -21 -22 -23 -24 37 25 34 27 28 32 54 -32 -33 44 41 -36 55 -38 40 -40 56 -42 42 -44 -45 45 46 -48 48 49 -51 51 52 53 -55 -56 -57 -58
leaf_value=3.966859793663025 1.3450752381235362 -0.17920586541295053 6.5922961425781255 2.6858564561413183 4.2828433394432066 -0.28596938810040878 2.8916566418063256 1.2142885152250529 2.6142485664004376 -0.20459145121276379 1.1310185745358468 -0.16422256277874114 2.1847712069749834 1.2291889622097925 5.0639088749885559 0.44914009132189681 3.0819953441619874 2.077272127568722 3.5057642555236819 1.9338136136531832 0.47004338111728433 0.36565297490784099 5.8476458887900078 -0.26371695681622159 1.6879361708958944 0.79887384057044986 1.0612368093218123 0.33743110579394164 -0.14165288088843228 -0.24414005279541018 0.016025314028515963 2.3462539216746454 -0.24305110194466334 -0.25287617206573487 0.91890736307416643 -0.24414005279541018 1.1191271969250269 -0.23241633178005294 -0.13887525416600208 -0.24414005279541018 -0.24414005279541018 -0.24629517439249399 -0.24972649097442626 -0.24388582459811509 -0.24419784960539445 -0.24411085560208276 -0.24496402293443681 -0.2441476583480835 -0.24411875009536743 -0.24413753032684327 -0.24413305640220645 -0.24413987289775504 -0.24414009011310078 -0.24414005279541018 -0.24414005279541018 -0.24414005279541018 -0.24414005279541018
leaf_weight=32 32 32 20 31 32 31 31 32 21 32 32 32 32 21 32 32 32 32 30 32 32 28 31 38 24 20 35 21 20 1900 33 23 22 20 21 1003 21 31 24 1003 2418 37 20 29 23 21 32 25 22 25 20 22 23 99 74 22 105
leaf_count=32 32 32 20 31 32 31 31 32 21 32 32 32 32 21 32 32 32 32 30 32 32 28 31 38 24 20 35 21 20 1900 33 23 22 20 21 1003 21 31 24 1003 2418 37 20 29 23 21 32 25 22 25 20 22 23 99 74 22 105
internal_value=9.06568e-09 -0.0373831 0.468293 3.39167 4.94753 -0.15311 0.0573292 0.959252 0.627026 -0.182425 1.55752 0.11092 3.07788 1.83928 5.72492 0.897108 3.52443 2.478 3.90684 2.30387 0.842166 0.773848 6.13967 -0.212087 -0.180912 1.16592 -0.216674 -0.0979247 -0.206113 -0.240564 -0.130253 2.47416 -0.238357 -0.228209 0.860354 -0.242174 1.17416 -0.243285 -0.215391 -0.24303 -0.243992 -0.247525 -0.246281 -0.245237 -0.244148 -0.244225 -0.244626 -0.244143 -0.244138 -0.244129 -0.24414 -0.244139 -0.24414 -0.24414 -0.24414 -0.24414 -0.24414
internal_weight=8000 7904 1472 268 145 6432 1408 351 288 1204 123 202 96 86 83 64 64 63 62 63 64 60 51 5024 2513 65 2448 410 375 2038 64 44 354 138 41 1057 42 2511 62 1140 2449 106 86 66 334 312 53 259 236 47 189 164 144 122 1974 1025 1108
internal_count=8000 7904 1472 268 145 6432 1408 351 288 1204 123 202 96 86 83 64 64 63 62 63 64 60 51 5024 2513 65 2448 410 375 2038 64 44 354 138 41 1057 42 2511 62 1140 2449 106 86 66 334 312 53 259 236 47 189 164 144 122 1974 1025 1108
is_linear=0
shrinkage=0.05


Tree=23
num_leaves=57
num_cat=0
split_feature=0 0 1 0 0 0 1 0 1 0 0 0 0 0 0 0 0 0 0 0 0 0 0 0 1 0 1 0 0 3 0 1 0 5 3 0 0 5 0 3 0 0 2 2 0 5 2 0 4 0 2 4 0 0 0 0
split_gain=332295 166979 1.01086e+06 276089 42433.4 28817.7 137303 63934.3 65047.5 28436.8 25970.9 18083.7 13821.4 13534.7 6295.31 4865.83 4636.39 4522.52 3769.97 3357.77 3214.87 3199.33 3157.93 1763.97 43694.9 3742.92 2507.03 18561.6 2372.6 401.016 290.253 526.261 71.5627 63.3559 53.2817 47.2338 17.8562 82.7618 17.5612 15.6711 11.3324 1.51869 0.0473603 0.010264 0.010229 0.00369991 0.00333172 2.70926e-05 1.81922e-06 1.48974e-06 5.60234e-07 3.09432e-07 3.02862e-10 7.27596e-12 5.91172e-12 3.63798e-12
threshold=1937.033333333334 3841.6666666666711 2460.5000000000005 3656.2500000000023 3534.6166666666686 6466.4916666666641 4564.0000000000009 6151.5000000000027 5887.5000000000009 2042.2249999999997 3754.3666666666682 6248.0250000000042 1881.1083333333336 6352.3583333333327 3606.200000000003 3484.8166666666684 1989.4750000000008 1825.4250000000002 6097.5250000000015 6413.9750000000004 3702.4166666666683 6196.8833333333359 3799.3500000000008 8052.808333333337 7306.0000000000009 7990.7333333333236 6517.5000000000009 7473.2833333333301 7503.7833333333301 1331.1309488765594 6509.0416666666633 5887.5000000000009 7536.8833333333232 8.5000000000000018 1447.2701121416487 3886.4416666666716 8077.7583333333287 13.500000000000002 2098.4583333333358 1839.9481776687594 6295.3583333333345 8089.4333333333298 219.99366937074802 193.77677009399898 7569.0833333333303 20.500000000000004 189.04503037890356 7620.7249999999976 17.083230086433364 7839.8333333333294 166.99106670558578 4.9841787626460823 7665.7749999999905 8017.0583333333243 7745.7916666666561 3729.6416666666687
decision_type=2 2 2 2 2 2 2 2 2 2 2 2 2 2 2 2 2 2 2 2 2 2 2 2 2 2 2 2 2 2 2 2 2 2 2 2 2 2 2 2 2 2 2 2 2 2 2 2 2 2 2 2 2 2 2 2
left_child=12 2 9 4 15 6 35 18 11 16 20 21 17 -10 29 -4 -2 -1 -8 -15 -5 -9 -12 24 26 -26 30 -28 -29 -6 31 -7 -30 -13 -27 -3 37 -25 -11 40 -35 -38 43 -42 -34 47 -47 -46 50 -50 -49 -52 -53 -32 -54 -40
right_child=1 5 3 10 14 23 7 8 13 38 22 33 -14 19 -16 -17 -18 -19 -20 -21 -22 -23 -24 36 25 34 27 28 32 -31 53 -33 44 39 -36 -37 41 -39 55 -41 42 -43 -44 -45 45 46 -48 48 49 -51 51 52 54 -55 -56 -57
leaf_value=3.7685166180133822 1.2778215050813744 -0.17024557222612202 6.0210343715122772 2.5515636751728676 4.0878546714782713 -0.27167092523267194 2.7470737611093829 1.1535740539431572 2.6267065969006769 -0.19436188433319332 1.0744676440954208 -0.14810657479144909 2.0755326271057131 1.676984634070561 3.330476048787435 5.1747584256258881 0.4266830923035741 2.9278956890106205 1.9734084755182266 0.90934889518788875 1.8371230095624924 0.44654120798222724 0.34737032162291664 -0.25053111063806632 1.6035394251346589 0.75893014550209048 1.0081749766213555 0.32055954542898002 -0.13457024453207853 4.3832496360496238 -0.23193306922912599 0.015224048585602732 -0.23089854283766315 -0.27452880364088789 0.87296199798583984 -0.23193306922912599 -0.22079550210506685 -0.13193148551508785 -0.23193306922912599 -0.19343277812004089 -0.23241250594456991 -0.23193306922912599 -0.23470648288726809 -0.23095020055770876 -0.23198795733244523 -0.23190530935923259 -0.23271581754088402 -0.23194026947021484 -0.23191281557083132 -0.23193065547943115 -0.23192640662193301 -0.23193287307565866 -0.23193309721739397 -0.23193306922912599 -0.23193306922912599 -0.23193306922912599
leaf_weight=32 32 32 35 31 20 31 31 32 29 32 32 27 32 29 30 33 32 32 32 28 32 32 28 38 24 20 35 21 20 27 1929 33 22 21 21 1025 31 24 1054 20 30 2418 20 20 23 21 32 25 22 25 20 22 23 45 99 54
leaf_count=32 32 32 35 31 20 31 31 32 29 32 32 27 32 29 30 33 32 32 32 28 32 32 28 38 24 20 35 21 20 27 1929 33 22 21 21 1025 31 24 1054 20 30 2418 20 20 23 21 32 25 22 25 20 22 23 45 99 54
internal_value=-7.37533e-09 -0.035514 0.444878 3.22208 4.70015 -0.145454 0.0544627 0.91129 0.595675 -0.173303 1.47964 0.105374 2.92398 1.74731 3.89635 5.61034 0.852252 3.34821 2.3541 1.2999 2.18867 0.800058 0.735156 -0.201482 -0.171867 1.10763 -0.20584 -0.0930285 -0.195807 4.25755 -0.228535 -0.123741 -0.226439 -0.216798 0.817337 -0.230066 -0.231121 -0.204622 -0.230878 -0.233507 -0.242314 -0.231792 -0.23265 -0.231828 -0.231941 -0.232014 -0.232395 -0.231936 -0.231931 -0.231922 -0.231933 -0.231932 -0.231933 -0.231933 -0.231933 -0.231933
internal_weight=8000 7904 1472 268 145 6432 1408 351 288 1204 123 202 96 86 77 68 64 64 63 57 63 64 60 5024 2513 65 2448 410 375 47 2038 64 354 138 41 1057 2511 62 1140 111 91 2449 70 50 334 312 53 259 236 47 189 164 144 1974 122 1108
internal_count=8000 7904 1472 268 145 6432 1408 351 288 1204 123 202 96 86 77 68 64 64 63 57 63 64 60 5024 2513 65 2448 410 375 47 2038 64 354 138 41 1057 2511 62 1140 111 91 2449 70 50 334 312 53 259 236 47 189 164 144 1974 122 1108
is_linear=0
shrinkage=0.05


Tree=24
num_leaves=58
num_cat=0
split_feature=0 0 1 0 0 0 0 1 0 1 0 0 0 0 0 0 0 0 0 0 0 0 0 0 1 0 1 0 0 3 0 4 0 0 3 0 0 0 5 0 0 5 3 0 0 5 2 0 4 0 2 4 0 0 0 0 2
split_gain=299896 150698 912303 249229 33490.2 27979.6 26008 123916 57700.7 58705.4 25664.2 16320.5 12473.8 12215.1 6146.73 5249.99 4184.35 4081.57 3402.39 3040.11 3030.39 2887.4 2285.58 1591.98 39434.6 3377.99 2262.6 16751.9 2141.27 434.442 262.811 117.923 64.5853 63.465 48.0867 45.6128 42.6285 16.1152 74.6925 15.849 1.37062 0.54883 0.181856 0.00923164 0.00748258 0.00333919 0.00300677 2.44514e-05 1.6405e-06 1.35525e-06 5.05775e-07 2.79312e-07 2.55568e-10 7.27596e-12 5.91172e-12 3.63798e-12 4.54747e-13
threshold=1937.033333333334 3841.6666666666711 2460.5000000000005 3628.9750000000026 3729.6416666666687 3511.4750000000026 6466.4916666666641 4564.0000000000009 6151.5000000000027 5887.5000000000009 2042.2249999999997 6248.0250000000042 1881.1083333333336 6352.3583333333327 3580.358333333334 3777.3833333333346 1989.4750000000008 1825.4250000000002 6097.5250000000015 3680.9000000000019 6413.9750000000004 6196.8833333333359 3461.233333333334 8052.808333333337 7306.0000000000009 7990.7333333333236 6517.5000000000009 7473.2833333333301 7503.7833333333301 1449.9313192269756 6488.3499999999985 10.657496937984229 7536.8833333333232 6295.3583333333345 1447.2701121416487 6509.0416666666633 3886.4416666666716 8077.7583333333287 13.500000000000002 2098.4583333333358 8089.4333333333298 9.5000000000000018 1735.7147462497981 7569.0833333333303 6382.2166666666662 20.500000000000004 189.04503037890356 7620.7249999999976 17.083230086433364 7824.9999999999964 166.99106670558578 4.9841787626460823 7665.7749999999905 9861.1916666666821 7745.7916666666561 3534.6166666666686 200.98918616505406
decision_type=2 2 2 2 2 2 2 2 2 2 2 2 2 2 2 2 2 2 2 2 2 2 2 2 2 2 2 2 2 2 2 2 2 2 2 2 2 2 2 2 2 2 2 2 2 2 2 2 2 2 2 2 2 2 2 2 2
left_child=12 2 10 5 19 22 7 36 18 11 16 21 17 -11 31 -6 -2 -1 -9 -5 -15 -10 -4 24 26 -26 30 -28 -29 -17 -8 -7 -30 -13 -27 -32 -3 38 -25 -12 -39 -35 44 -34 -43 47 -47 -45 50 -50 -49 -52 -53 -42 -54 -41 -57
right_child=1 6 3 4 15 14 23 8 9 13 39 33 -14 20 -16 29 -18 -19 -20 -21 -22 -23 -24 37 25 34 27 28 32 -31 35 -33 43 41 -36 -37 -38 40 -40 55 53 42 -44 45 -46 46 -48 48 49 -51 51 52 54 -55 -56 56 -58
leaf_value=3.5800908207893372 1.2139303863979878 -0.16173329278826715 5.9616297912597664 2.7741814521051222 1.3667330598831178 4.5034847259521484 -0.074947869963943967 2.609720002451251 1.0958953825756907 2.4953712726461479 -0.18464379683136942 -0.14424541583284736 1.9717560440301896 1.5931354193851865 3.5218651742646188 0.67337181355272024 0.40534892007708551 2.7815009534358981 1.8747380614280702 2.0846301916873817 0.86388145064037036 0.42421416165307169 5.2760511459842805 -0.23800455927848818 1.5233624498049418 0.72098363816738131 0.9577662324905396 0.30453156851941632 -0.12784172769635915 0.35882251962371498 -0.16015945691615344 4.3427654113769538 -0.21935361623764038 -0.23018465119023479 0.82931388900393532 -0.22033641338348389 -0.22033641338348389 -0.20975572212088492 -0.12533491599994404 -0.22033641338348389 -0.22033641338348389 -0.22017487287521365 -0.22635840177536012 -0.22038855967314347 -0.22134300347032221 -0.22031005337124779 -0.22108002305030824 -0.22034325599670412 -0.22031632781028751 -0.22033350026165999 -0.22033008456230166 -0.22033623348582876 -0.22033644137175187 -0.22033641338348389 -0.22033641338348389 -0.22033641338348389 -0.22033641338348389
leaf_weight=32 32 32 20 31 30 21 32 31 32 29 32 32 32 29 33 21 32 32 32 33 28 32 31 38 24 20 35 21 20 23 32 25 22 31 21 1974 1025 31 24 924 2325 26 20 23 29 21 32 25 20 27 20 22 23 93 99 93 91
leaf_count=32 32 32 20 31 30 21 32 31 32 29 32 32 32 29 33 21 32 32 32 33 28 32 31 38 24 20 35 21 20 23 32 25 22 31 21 1974 1025 31 24 924 2325 26 20 23 29 21 32 25 20 27 20 22 23 93 99 93 91
internal_value=-4.69605e-09 -0.0337383 0.422634 3.06098 1.58107 4.63195 -0.138182 0.0517396 0.865725 0.565891 -0.164638 0.100105 2.77778 1.65995 4.04258 0.856699 0.80964 3.1808 2.2364 2.41863 1.23491 0.760055 5.54491 -0.191408 -0.163273 1.05225 -0.195548 -0.0883771 -0.186017 0.508948 -0.217109 4.41614 -0.215117 -0.205958 0.77647 -0.219376 -0.218562 -0.219565 -0.194391 -0.219335 -0.220202 -0.224589 -0.222275 -0.220344 -0.220791 -0.220413 -0.220775 -0.220339 -0.220335 -0.220326 -0.220337 -0.220336 -0.220336 -0.220336 -0.220336 -0.220336 -0.220336
internal_weight=8000 7904 1472 268 138 130 6432 1408 351 288 1204 202 96 86 79 74 64 64 63 64 57 64 51 5024 2513 65 2448 410 375 44 2038 46 354 138 41 2006 1057 2511 62 1140 2449 106 75 334 55 312 53 259 236 47 189 164 144 2418 122 1108 184
internal_count=8000 7904 1472 268 138 130 6432 1408 351 288 1204 202 96 86 79 74 64 64 63 64 57 64 51 5024 2513 65 2448 410 375 44 2038 46 354 138 41 2006 1057 2511 62 1140 2449 106 75 334 55 312 53 259 236 47 189 164 144 2418 122 1108 184
is_linear=0
shrinkage=0.05


Tree=25
num_leaves=59
num_cat=0
split_feature=0 0 1 0 0 0 1 0 1 0 0 0 0 0 0 0 0 0 0 0 0 0 0 0 0 1 0 1 0 0 0 2 0 3 0 0 3 0 0 5 0 0 5 3 0 5 2 0 4 0 2 4 0 0 0 0 0 2
split_gain=270656 136005 823353 225304 34940.2 23472.2 111834 52074.9 52981.6 23161.9 21183 14729.3 11257.6 11024.1 6618.94 3776.37 3683.62 3070.66 2734.93 2665.22 2664.34 2622.08 2605.88 2062.73 1436.76 35589.8 3048.63 2041.99 15118.6 1932.5 237.187 62.5367 58.2882 43.3983 41.1655 38.4722 29.8451 18.5176 14.544 67.41 14.3037 1.23698 0.0629748 0.0226491 0.00833158 0.00301357 0.00273617 2.20622e-05 1.48089e-06 1.22334e-06 4.57319e-07 2.50681e-07 2.4329e-10 7.27596e-12 7.27596e-12 5.91172e-12 3.63798e-12 4.54747e-13
threshold=1937.033333333334 3841.6666666666711 2460.5000000000005 3656.2500000000023 3555.7833333333333 6466.4916666666641 4564.0000000000009 6151.5000000000027 5887.5000000000009 2042.2249999999997 3754.3666666666682 6248.0250000000042 1881.1083333333336 6352.3583333333327 3511.4750000000026 1989.4750000000008 1825.4250000000002 6097.5250000000015 6413.9750000000004 3606.200000000003 3799.3500000000008 3702.4166666666683 6196.8833333333359 3461.233333333334 8052.808333333337 7306.0000000000009 7990.7333333333236 6517.5000000000009 7473.2833333333301 7503.7833333333301 6488.3499999999985 237.10459140900767 7536.8833333333232 1447.2701121416487 6509.0416666666633 3886.4416666666716 1301.851381766807 6295.3583333333345 8077.7583333333287 13.500000000000002 2098.4583333333358 8089.4333333333298 10.500000000000002 1635.6986644495021 7569.0833333333303 20.500000000000004 201.63596294695165 7620.7249999999976 17.083230086433364 7839.8333333333294 166.99106670558578 4.9841787626460823 7665.7749999999905 7978.2999999999956 9668.1583333333419 7745.7916666666561 4201.9833333333399 249.31113128820519
decision_type=2 2 2 2 2 2 2 2 2 2 2 2 2 2 2 2 2 2 2 2 2 2 2 2 2 2 2 2 2 2 2 2 2 2 2 2 2 2 2 2 2 2 2 2 2 2 2 2 2 2 2 2 2 2 2 2 2 2
left_child=12 2 9 4 14 6 35 17 11 15 21 22 16 -10 23 -2 -1 -8 -15 -6 -12 -5 -9 -4 25 27 -27 30 -29 -30 -7 36 -31 -28 -32 -3 -13 -38 39 -26 -11 -40 -39 -44 -34 47 -47 -46 50 -50 -49 -52 -53 -36 -43 -54 -37 -56
right_child=1 5 3 10 19 24 7 8 13 40 20 31 -14 18 -16 -17 -18 -19 -20 -21 -22 -23 -24 -25 38 26 33 28 29 32 34 -33 44 -35 53 56 37 42 41 -41 -42 54 43 -45 45 46 -48 48 49 -51 51 52 55 -55 57 -57 -58 -59
leaf_value=3.4010863602161407 1.1532339092780604 -0.15364663028158249 5.6635482025146491 2.3019591485300372 3.6625406324863437 -0.071200476726517081 2.4792340801608179 1.0411005809670315 2.3706026965174183 -0.17541160923428833 0.97318203449249274 -0.15789450461214238 1.8731681317090989 1.5134786441408357 4.3502933263778685 0.3850814732955769 2.6424258619546892 1.781001190841198 0.82068736659629016 3.0065510813395182 0.30532034128638252 1.6567393362522127 0.40300343316048387 5.0122487714213717 -0.22610432725203666 1.4471942981084189 0.68493445992469792 0.90987789358411519 0.28930499997167364 -0.12144964173436167 -0.15215149000287057 -0.11837173158472235 -0.20838593352924695 0.7878482069287982 -0.2093195915222168 -0.2093195915222168 -0.26396412182421913 -0.21292122060602364 -0.19926794882743593 -0.11906816628761591 -0.2093195915222168 -0.2093195915222168 -0.20887437789670882 -0.21103254199028015 -0.20936912661013396 -0.20939672589302064 -0.21011639118194581 -0.20932610034942628 -0.20930128422650426 -0.20931745052337647 -0.20931359529495241 -0.20931941595944492 -0.20931961951048478 -0.2093195915222168 -0.2093195915222168 -0.2093195915222168 -0.2093195915222168 -0.2093195915222168
leaf_weight=32 32 32 20 31 32 32 31 32 29 32 32 22 32 29 32 32 32 32 28 30 28 32 32 31 38 24 20 35 21 20 32 22 22 21 1885 192 21 22 31 24 1108 2201 31 20 23 28 25 25 22 25 20 22 23 89 197 99 833 20
leaf_count=32 32 32 20 31 32 32 31 32 29 32 32 22 32 29 32 32 32 32 28 30 28 32 32 31 38 24 20 35 21 20 32 22 22 21 1885 192 21 22 31 24 1108 2201 31 20 23 28 25 25 22 25 20 22 23 89 197 99 833 20
internal_value=-2.96562e-09 -0.0320513 0.401503 2.90793 4.24316 -0.131273 0.0491526 0.822439 0.537597 -0.156406 1.33388 0.0951 2.63889 1.57695 4.91398 0.769158 3.02176 2.12458 1.17316 3.34513 0.661513 1.97423 0.722052 5.26766 -0.181838 -0.15511 0.999633 -0.185771 -0.0839582 -0.176716 -0.206253 -0.19566 -0.204362 0.737646 -0.208408 -0.207634 -0.210319 -0.222588 -0.208587 -0.184671 -0.208368 -0.209192 -0.210685 -0.209721 -0.209326 -0.209393 -0.209736 -0.209322 -0.209318 -0.20931 -0.20932 -0.209319 -0.20932 -0.20932 -0.20932 -0.20932 -0.20932 -0.20932
internal_weight=8000 7904 1472 268 145 6432 1408 351 288 1204 123 202 96 86 83 64 64 63 57 62 60 63 64 51 5024 2513 65 2448 410 375 2038 138 354 41 2006 1057 116 94 2511 62 1140 2449 73 51 334 312 53 259 236 47 189 164 144 1974 2418 122 1025 217
internal_count=8000 7904 1472 268 145 6432 1408 351 288 1204 123 202 96 86 83 64 64 63 57 62 60 63 64 51 5024 2513 65 2448 410 375 2038 138 354 41 2006 1057 116 94 2511 62 1140 2449 73 51 334 312 53 259 236 47 189 164 144 1974 2418 122 1025 217
is_linear=0
shrinkage=0.05


Tree=26
num_leaves=59
num_cat=0
split_feature=0 0 1 0 0 0 1 0 1 0 0 0 0 0 0 0 0 0 0 0 0 0 0 0 1 0 1 0 0 0 4 0 0 3 0 0 0 5 0 0 3 2 3 0 5 0 0 4 0 2 4 0 0 2 4 0 2 0
split_gain=244267 122745 743076 203337 31533.5 21183.7 100931 46997.6 47815.9 20903.6 19117.7 13293.2 10160 9949.26 6030.16 3408.18 3324.47 2771.27 2468.27 2405.36 2404.57 2366.43 2351.8 1296.68 32119.8 2751.39 1842.9 13644.5 1744.08 214.061 86.4735 59.8122 52.6051 39.1669 37.1519 34.7212 13.126 60.8375 12.9091 1.11638 0.644226 0.341596 0.0615833 0.0075192 0.00271981 0.00264569 1.99148e-05 1.33751e-06 1.11246e-06 4.13355e-07 2.27228e-07 2.04182e-10 7.27596e-12 7.27596e-12 4.09273e-12 1.81899e-12 1.81899e-12 4.54747e-13
threshold=1937.033333333334 3841.6666666666711 2460.5000000000005 3656.2500000000023 3555.7833333333333 6466.4916666666641 4564.0000000000009 6151.5000000000027 5887.5000000000009 2042.2249999999997 3754.3666666666682 6248.0250000000042 1881.1083333333336 6352.3583333333327 3484.8166666666684 1989.4750000000008 1825.4250000000002 6097.5250000000015 6413.9750000000004 3606.200000000003 3799.3500000000008 3702.4166666666683 6196.8833333333359 8052.808333333337 7306.0000000000009 7990.7333333333236 6517.5000000000009 7473.2833333333301 7503.7833333333301 6488.3499999999985 10.801966379121227 6295.3583333333345 7536.8833333333232 1447.2701121416487 6509.0416666666633 3886.4416666666716 8077.7583333333287 13.500000000000002 2098.4583333333358 8089.4333333333298 1326.8384366084538 229.6690084641173 1533.1094849311539 7569.0833333333303 20.500000000000004 7745.7916666666561 7620.7249999999976 17.083230086433364 7824.9999999999964 166.99106670558578 4.9841787626460823 7665.7749999999905 9955.9083333333529 232.71764143463679 8.4031162757242619 4956.0666666666721 252.97516000535077 7792.6499999999969
decision_type=2 2 2 2 2 2 2 2 2 2 2 2 2 2 2 2 2 2 2 2 2 2 2 2 2 2 2 2 2 2 2 2 2 2 2 2 2 2 2 2 2 2 2 2 2 2 2 2 2 2 2 2 2 2 2 2 2 2
left_child=12 2 9 4 14 6 35 17 11 15 21 22 16 -10 -4 -2 -1 -8 -15 -6 -12 -5 -9 24 26 -26 29 -28 -29 -7 -16 -13 -30 -27 -31 -3 37 -25 -11 -38 -33 42 -42 -34 46 -46 -45 49 -49 -48 -51 -52 -41 -36 -53 56 -37 -56
right_child=1 5 3 10 19 23 7 8 13 38 20 31 -14 18 30 -17 -18 -19 -20 -21 -22 -23 -24 36 25 33 27 28 32 34 -32 40 43 -35 53 55 39 -39 -40 52 41 -43 -44 44 45 -47 47 48 -50 50 51 54 -54 -55 57 -57 -58 -59
leaf_value=3.2310319185256962 1.0955721670761704 -0.14596430486999454 5.1673713248116631 2.1868611489572833 3.4794136464595797 -0.067640447593294087 2.355272428451046 0.98904555424815044 2.2520725644867996 -0.16664102433715017 0.92452292591333396 -0.12596678705886008 1.7795097917318345 1.4378047416950095 4.2249492263793949 0.36582741831662136 2.5103045791387562 1.6919511198997499 0.77965300253459391 2.8562235132853191 0.29005432565297401 1.573902350664139 0.38285328457131984 -0.21479910988556711 1.3748345931371055 0.65068773746490483 0.86438399927956722 0.27483974485879853 -0.11537715692073108 -0.14454391263425351 4.3610742705208914 -0.21204648792743683 -0.19796664010394704 0.74845578102838428 -0.19885361194610596 -0.19885361194610596 -0.18930455417402331 -0.11311475845674675 -0.19885361194610596 -0.19885361194610596 -0.19886737150304459 -0.20780822098255158 -0.20192341171205044 -0.19890067318211432 -0.19970316290855408 -0.19897436734401819 -0.19885979890823366 -0.19883544683456422 -0.1988510052363078 -0.19884790301322938 -0.19885345047170466 -0.19885363131761552 -0.19885361194610596 -0.19885361194610596 -0.19885360544378108 -0.19885361194610596 -0.19885361194610596 -0.19885361194610596
leaf_weight=32 32 32 35 31 32 32 31 32 29 32 32 32 32 29 20 32 32 32 28 30 28 32 32 38 24 20 35 21 20 32 28 20 22 21 1632 650 31 24 1108 2387 34 20 32 23 20 33 25 20 27 20 22 32 31 342 22 321 54 68
leaf_count=32 32 32 35 31 32 32 31 32 29 32 32 32 32 29 20 32 32 32 28 30 28 32 32 38 24 20 35 21 20 32 28 20 22 21 1632 650 31 24 1108 2387 34 20 32 23 20 33 25 20 27 20 22 32 31 342 22 321 54 68
internal_value=-2.74107e-09 -0.0304488 0.381428 2.76253 4.031 -0.124709 0.0466949 0.781317 0.510717 -0.148586 1.26719 0.090345 2.50695 1.4981 4.66828 0.7307 2.87067 2.01835 1.1145 3.17787 0.628438 1.87552 0.685949 -0.172746 -0.147354 0.949652 -0.176482 -0.0797603 -0.16788 -0.195941 4.30436 -0.185877 -0.194143 0.700764 -0.197987 -0.197252 -0.198158 -0.175437 -0.197949 -0.198733 -0.203964 -0.202084 -0.200349 -0.19886 -0.198923 -0.199249 -0.198856 -0.198852 -0.198844 -0.198854 -0.198853 -0.198854 -0.198854 -0.198854 -0.198854 -0.198854 -0.198854 -0.198854
internal_weight=8000 7904 1472 268 145 6432 1408 351 288 1204 123 202 96 86 83 64 64 63 57 62 60 63 64 5024 2513 65 2448 410 375 2038 48 138 354 41 2006 1057 2511 62 1140 2449 106 86 66 334 312 53 259 236 47 189 164 144 2418 1974 122 1025 704 90
internal_count=8000 7904 1472 268 145 6432 1408 351 288 1204 123 202 96 86 83 64 64 63 57 62 60 63 64 5024 2513 65 2448 410 375 2038 48 138 354 41 2006 1057 2511 62 1140 2449 106 86 66 334 312 53 259 236 47 189 164 144 2418 1974 122 1025 704 90
is_linear=0
shrinkage=0.05


Tree=27
num_leaves=63
num_cat=0
split_feature=0 0 1 0 0 0 0 1 0 1 0 0 0 0 0 0 0 0 0 0 0 0 0 1 0 1 0 0 3 2 0 3 2 3 3 0 0 3 0 0 5 0 0 0 5 3 0 5 4 0 4 2 4 4 3 4 2 0 0 0 0 0
split_gain=220451 110777 670626 183591 24790.7 20834.2 19118.2 91089.9 42415.3 43153.9 18865.5 11997.1 9169.41 9012.25 3932.12 3364.56 3075.88 3000.33 2501.07 2407.77 2206.99 2122.5 1170.25 28988.1 2483.13 1663.22 12314.2 1586.71 371.144 315.585 193.19 114.517 56.7402 35.3482 35.2467 33.5296 31.3359 27.1213 19.2857 11.8462 54.9059 11.6505 8.71414 1.00753 0.0584473 0.0186273 0.00513212 0.00221213 0.00239035 2.06433e-06 1.38237e-06 5.65692e-07 2.33312e-07 1.64379e-07 4.605e-09 4.51655e-09 5.30918e-10 7.27596e-12 3.63798e-12 3.63798e-12 3.63798e-12 2.27374e-12
threshold=1937.033333333334 3841.6666666666711 2460.5000000000005 3628.9750000000026 3729.6416666666687 3534.6166666666686 6466.4916666666641 4564.0000000000009 6151.5000000000027 5887.5000000000009 2042.2249999999997 6248.0250000000042 1881.1083333333336 6382.2166666666662 3777.3833333333346 3461.233333333334 1989.4750000000008 1825.4250000000002 6097.5250000000015 3580.358333333334 3680.9000000000019 6196.8833333333359 8052.808333333337 7306.0000000000009 7990.7333333333236 6517.5000000000009 7473.2833333333301 7518.9416666666575 1449.9313192269756 212.69343560665888 6488.3499999999985 1600.7971075951293 237.10459140900767 1447.2701121416487 1477.574999842426 6509.0416666666633 3886.4416666666716 1301.851381766807 6295.3583333333345 8077.7583333333287 13.500000000000002 2098.4583333333358 7553.2999999999984 8089.4333333333298 10.500000000000002 1635.6986644495021 7588.0666666666575 20.500000000000004 29.686023873525162 7665.7749999999905 12.721533333283579 165.81543069172781 17.660602332666254 5.110272307372278 1787.2345776268214 14.772664346170684 186.65099326843753 9900.8250000000207 7953.7583333333232 5229.3250000000035 3777.3833333333346 7808.858333333329
decision_type=2 2 2 2 2 2 2 2 2 2 2 2 2 2 2 2 2 2 2 2 2 2 2 2 2 2 2 2 2 2 2 2 2 2 2 2 2 2 2 2 2 2 2 2 2 2 2 2 2 2 2 2 2 2 2 2 2 2 2 2 2 2
left_child=12 2 10 5 20 15 7 36 18 11 16 21 17 29 -6 -4 -2 -1 -9 -7 -5 -10 23 25 -25 30 -27 -28 -16 -11 -8 -17 37 -26 -15 -32 -3 -13 -39 40 -24 -12 -29 -41 -40 -46 -44 49 -49 50 -48 -51 53 -53 55 56 -55 -45 -37 -38 -43 -58
right_child=1 6 3 4 14 19 22 8 9 13 41 32 -14 34 28 31 -18 -19 -20 -21 -22 -23 39 24 33 26 27 42 -30 -31 35 -33 -34 -35 -36 58 59 38 44 43 -42 60 46 57 45 -47 47 48 -50 51 -52 52 -54 54 -56 -57 61 -59 -60 -61 -62 -63
leaf_value=3.0694804310798647 1.0407936055213214 -0.13866607806412504 5.1220023345947272 2.3777905864100304 1.1724093182881672 3.6422241868643925 -0.064258430560585111 2.2375087430400233 0.93959330688230702 2.0634099619729178 -0.15830896736588329 -0.14057127426971089 1.6905343040823937 0.85350362942332314 0.58202741869858332 4.4182270191333917 0.34753603870049121 2.3847892493009568 1.6073535420000553 3.0177464514067682 1.7902715654084176 0.36371059945668094 -0.20405916053997841 1.3060928463935852 0.61815333880484102 0.82116480486733578 0.17723844893043861 -0.22292836159467699 0.29129459158233972 1.7953197748764702 -0.1373167134821415 4.2625465029761909 -0.10296384963122281 0.71103300253550217 0.9451119002841768 -0.1889109253883362 -0.1889109253883362 -0.24446757960887183 -0.19224896214225076 -0.17983931466456382 -0.10745901788274448 -0.1889109253883362 -0.18814210534095765 -0.1889109253883362 -0.18839812509475218 -0.19035531878471376 -0.18890612806592669 -0.18956751823425294 -0.18887636282227258 -0.18891722272943567 -0.18888891696929933 -0.18890628760511227 -0.18890543460845949 -0.18891122639179231 -0.18891166985034943 -0.18891016602516175 -0.18891094525655111 -0.1889109253883362 -0.1889109253883362 -0.1889109253883362 -0.1889109253883362 -0.1889109253883362
leaf_weight=32 32 32 20 31 30 29 32 31 32 21 32 22 32 21 21 27 32 32 32 33 33 32 38 24 20 35 32 20 23 23 32 21 22 21 21 1852 864 21 22 31 24 1088 20 2356 31 20 28 29 22 27 20 22 30 20 20 20 21 62 122 161 20 44
leaf_count=32 32 32 20 31 30 29 32 31 32 21 32 22 32 21 21 27 32 32 32 33 33 32 38 24 20 35 32 20 23 23 32 21 22 21 21 1852 864 21 22 31 24 1088 20 2356 31 20 28 29 22 27 20 22 30 20 20 20 21 62 122 161 20 44
internal_value=2.48814e-09 -0.0289263 0.362356 2.62441 1.35424 3.97274 -0.118474 0.0443602 0.742251 0.485181 -0.141157 0.0858278 2.3816 1.4232 0.731009 4.57714 0.694165 2.72713 1.91743 3.30984 2.07485 0.651652 -0.164109 -0.139987 0.902169 -0.167658 -0.0757723 -0.159486 0.430053 1.92327 -0.186144 4.35012 -0.176583 0.665726 0.899308 -0.188088 -0.18739 -0.190546 -0.202242 -0.18825 -0.166666 -0.188052 -0.190901 -0.188796 -0.190095 -0.189166 -0.188918 -0.188969 -0.189269 -0.188908 -0.188899 -0.18891 -0.188909 -0.18891 -0.188911 -0.188911 -0.188911 -0.188911 -0.188911 -0.188911 -0.188911 -0.188911
internal_weight=8000 7904 1472 268 138 130 6432 1408 351 288 1204 202 96 86 74 68 64 64 63 62 64 64 5024 2513 65 2448 410 375 44 44 2038 48 138 41 42 2006 1057 116 94 2511 62 1140 343 2449 73 51 323 303 51 252 48 204 177 147 125 105 85 2418 1974 1025 1108 65
internal_count=8000 7904 1472 268 138 130 6432 1408 351 288 1204 202 96 86 74 68 64 64 63 62 64 64 5024 2513 65 2448 410 375 44 44 2038 48 138 41 42 2006 1057 116 94 2511 62 1140 343 2449 73 51 323 303 51 252 48 204 177 147 125 105 85 2418 1974 1025 1108 65
is_linear=0
shrinkage=0.05


Tree=28
num_leaves=63
num_cat=0
split_feature=0 0 1 0 0 0 1 0 1 0 0 0 0 0 0 0 0 0 0 0 0 0 0 0 1 0 1 0 0 0 0 3 6 0 3 0 0 0 5 0 0 0 3 2 5 3 0 5 2 0 4 2 4 4 3 4 4 2 0 0 2 0
split_gain=198957 99976.2 605240 165933 25763.8 17254.2 82208.6 38279.8 38946.4 17026.1 15586.1 10827.4 8372.67 8275.4 3724.37 3036.52 2775.98 2707.8 2257.22 2044.65 2029.29 1930.53 1915.56 1056.15 26161.8 2241.03 1501.05 11152.3 1285.11 660.889 174.354 172.481 110.174 56.5031 31.9017 30.2604 28.2806 10.6912 49.5525 10.5145 7.86451 0.909294 0.842778 0.631877 0.0556452 0.00958295 0.00463175 0.00199644 0.00222855 1.86247e-06 1.24801e-06 5.10985e-07 2.10552e-07 1.48597e-07 4.16867e-09 4.1e-09 4.92491e-10 7.27596e-12 4.09273e-12 3.63798e-12 3.63798e-12 1.81899e-12
threshold=1937.033333333334 3841.6666666666711 2460.5000000000005 3656.2500000000023 3534.6166666666686 6466.4916666666641 4564.0000000000009 6151.5000000000027 5887.5000000000009 2042.2249999999997 3754.3666666666682 6248.0250000000042 6352.3583333333327 1881.1083333333336 3580.358333333334 3461.233333333334 1989.4750000000008 1825.4250000000002 6097.5250000000015 6413.9750000000004 3799.3500000000008 3702.4166666666683 6196.8833333333359 8052.808333333337 7306.0000000000009 7990.7333333333236 6517.5000000000009 7487.8749999999964 7455.9416666666648 7518.9416666666575 6488.3499999999985 1317.336841124961 43.500000000000007 6295.3583333333345 1447.2701121416487 6509.0416666666633 3886.4416666666716 8077.7583333333287 13.500000000000002 2098.4583333333358 7553.2999999999984 8089.4333333333298 1326.8384366084538 229.6690084641173 10.500000000000002 1633.0360520959487 7588.0666666666575 20.500000000000004 188.67758377416467 7665.7749999999905 12.721533333283579 165.81543069172781 17.660602332666254 5.110272307372278 1787.2345776268214 14.772664346170684 12.406852573802128 226.80103403115353 7808.858333333329 7503.7833333333301 229.6690084641173 3025.3250000000016
decision_type=2 2 2 2 2 2 2 2 2 2 2 2 2 2 2 2 2 2 2 2 2 2 2 2 2 2 2 2 2 2 2 2 2 2 2 2 2 2 2 2 2 2 2 2 2 2 2 2 2 2 2 2 2 2 2 2 2 2 2 2 2 2
left_child=13 2 9 4 15 6 36 18 11 16 21 22 -10 17 -6 -4 -2 -1 -8 -14 -12 -5 -9 24 26 -26 30 28 -28 -29 -7 -16 -17 -13 -27 -32 -3 38 -25 -11 -31 -39 -35 44 -44 -46 -42 49 -49 50 -48 -51 53 -53 55 56 58 -43 -55 -37 -38 -41
right_child=1 5 3 10 14 23 7 8 12 39 20 33 19 -15 31 32 -18 -19 -20 -21 -22 -23 -24 37 25 34 27 29 -30 40 35 -33 -34 42 -36 59 60 41 -40 61 46 57 43 -45 45 -47 47 48 -50 51 -52 52 -54 54 -56 -57 -58 -59 -60 -61 -62 -63
leaf_value=2.9160063743591311 0.98875390291796073 -0.13173278665053659 4.8659022521972659 1.9728427025579638 3.4601130452649347 -0.061045503597415521 2.1256333658772131 0.89261361621320257 2.0436940160290948 -0.1503935193642974 0.83761577084660532 -0.10952458786778152 1.2943944569291741 1.6060075283050539 2.845485054362904 4.065804530956127 0.33015923722123264 2.2655498027801513 1.5269858721643688 0.69537778603179123 0.25475688853434159 1.4192094027996065 0.34552507451735437 -0.19385620026211992 1.2407882283131282 0.58724568311125036 0.94992140730222074 0.10759778838782084 0.4193550300598145 -0.2117819418013096 -0.13045087829232216 2.6552616999699521 4.2185046968005953 -0.19457808434963228 0.67548134554000139 -0.17946537733078005 -0.17946537733078005 -0.17084735747306579 -0.10208606887608768 -0.17946537733078005 -0.17873499810695648 -0.17946537733078005 -0.18294901677540371 -0.19096869349479675 -0.17917937755584717 -0.18064776539802552 -0.17946082311017175 -0.17939441025257111 -0.1800713815996724 -0.17947136296166316 -0.17944446980953219 -0.1794609682126479 -0.17946016112963359 -0.17946540117263796 -0.17946608603000641 -0.1794646543264389 -0.17946566700935365 -0.17946537733078005 -0.17946537462147802 -0.17946537733078005 -0.17946537733078005 -0.17946537733078005
leaf_weight=32 32 32 20 31 29 32 31 32 29 32 32 32 29 32 22 27 32 32 32 28 28 32 32 38 24 20 21 21 25 20 32 26 21 20 21 1277 821 31 24 608 20 1845 21 20 25 20 28 20 31 27 20 22 30 21 20 20 20 573 44 697 204 500
leaf_count=32 32 32 20 31 29 32 31 32 29 32 32 32 29 32 22 27 32 32 32 28 28 32 32 38 24 20 21 21 25 20 32 26 21 20 21 1277 821 31 24 608 20 1845 21 20 25 20 28 20 31 27 20 22 30 21 20 20 20 573 44 697 204 500
internal_value=3.26975e-09 -0.02748 0.344238 2.49319 3.63906 -0.11255 0.0421422 0.705139 0.460922 -0.134099 1.14236 0.0815364 1.35204 2.26252 3.01274 4.34828 0.659457 2.59078 1.82156 1.00014 0.565615 1.69163 0.619069 -0.155903 -0.132987 0.857061 -0.159275 -0.0719837 0.66157 -0.164686 -0.176836 2.74245 4.13261 -0.167754 0.63244 -0.178683 -0.17802 -0.178837 -0.158332 -0.178649 -0.181356 -0.179356 -0.185333 -0.183183 -0.180824 -0.179832 -0.179472 -0.179521 -0.179806 -0.179463 -0.179454 -0.179465 -0.179464 -0.179465 -0.179465 -0.179465 -0.179465 -0.179465 -0.179465 -0.179465 -0.179465 -0.179465
internal_weight=8000 7904 1472 268 145 6432 1408 351 288 1204 123 202 86 96 77 68 64 64 63 57 60 63 64 5024 2513 65 2448 410 46 364 2038 48 48 138 41 2006 1057 2511 62 1140 343 2449 106 86 66 45 323 303 51 252 48 204 177 147 125 105 85 2418 65 1974 1025 1108
internal_count=8000 7904 1472 268 145 6432 1408 351 288 1204 123 202 86 96 77 68 64 64 63 57 60 63 64 5024 2513 65 2448 410 46 364 2038 48 48 138 41 2006 1057 2511 62 1140 343 2449 106 86 66 45 323 303 51 252 48 204 177 147 125 105 85 2418 65 1974 1025 1108
is_linear=0
shrinkage=0.05


Tree=29
num_leaves=63
num_cat=0
split_feature=0 0 1 0 0 0 0 1 0 1 0 0 0 0 0 0 0 0 0 0 0 0 0 0 1 0 1 0 0 3 0 4 5 0 0 0 3 0 0 5 0 0 2 0 0 5 0 0 4 0 2 4 0 4 4 3 0 0 2 2 2 0
split_gain=179559 90228.5 546229 149909 20206.9 17310.4 15571.9 74193.3 34547.6 35149.1 15366.1 9771.69 7556.33 7468.55 3516.39 3232.88 2505.32 2443.79 2037.14 1845.3 1760.22 1728.79 1327.61 953.179 23611 2059.47 1354.7 10082.6 1304.09 326.234 157.354 99.0474 53.3929 29.7 27.3101 25.5233 12.8873 13.6729 9.64878 44.7212 9.48938 0.820639 0.222992 0.052456 0.0167376 0.00203908 0.00239119 4.06091e-05 1.06299e-06 9.09974e-07 2.96011e-07 1.83252e-07 5.2537e-09 2.9786e-11 2.31921e-11 7.27596e-12 3.63798e-12 3.63798e-12 3.63798e-12 3.63798e-12 2.04636e-12 1.81899e-12
threshold=1937.033333333334 3841.6666666666711 2460.5000000000005 3628.9750000000026 3729.6416666666687 3511.4750000000026 6466.4916666666641 4564.0000000000009 6151.5000000000027 5887.5000000000009 2042.2249999999997 6248.0250000000042 6352.3583333333327 1881.1083333333336 3580.358333333334 3777.3833333333346 1989.4750000000008 1825.4250000000002 6097.5250000000015 6413.9750000000004 3680.9000000000019 6196.8833333333359 3461.233333333334 8052.808333333337 7306.0000000000009 8006.1500000000042 6517.5000000000009 7473.2833333333301 7503.7833333333301 1449.9313192269756 6488.3499999999985 10.657496937984229 8.5000000000000018 7536.8833333333232 6509.0416666666633 3886.4416666666716 1839.9481776687594 6295.3583333333345 8077.7583333333287 13.500000000000002 2098.4583333333358 8089.4333333333298 219.99366937074802 7569.0833333333303 6382.2166666666662 20.500000000000004 7745.7916666666561 7620.7249999999976 17.083230086433364 7839.8333333333294 166.99106670558578 4.9841787626460823 7665.7749999999905 8.0472981539740349 14.772664346170684 1646.5901740905629 8017.0583333333243 5229.3250000000035 245.28485771161959 258.36277969709909 192.30297620430787 3777.3833333333346
decision_type=2 2 2 2 2 2 2 2 2 2 2 2 2 2 2 2 2 2 2 2 2 2 2 2 2 2 2 2 2 2 2 2 2 2 2 2 2 2 2 2 2 2 2 2 2 2 2 2 2 2 2 2 2 2 2 2 2 2 2 2 2 2
left_child=13 2 10 5 20 22 7 35 18 11 16 21 -11 17 31 -6 -2 -1 -9 -14 -5 -10 -4 24 26 -26 30 -28 -29 -17 -8 -7 -13 -30 -32 -3 37 -34 39 -25 -12 -40 44 -35 -39 47 -47 -45 50 -50 -49 -52 -53 -54 55 60 58 -37 -36 -43 -55 -42
right_child=1 6 3 4 15 14 23 8 9 12 40 32 19 -15 -16 29 -18 -19 -20 -21 -22 -23 -24 38 25 -27 27 28 33 -31 34 -33 36 43 56 57 -38 42 41 -41 61 59 -44 45 -46 46 -48 48 49 -51 51 52 53 54 -56 -57 -58 -59 -60 -61 -62 -63
leaf_value=2.7702060848474503 0.93931619487702855 -0.12514614125248044 4.6226069641113288 2.1419078949959047 1.0583375422159831 3.4859249205816365 -0.05799323341343552 2.0193516992753553 0.84798296691151342 1.9415093158853467 -0.14287384389899671 -0.096306906695719119 1.2296747232305594 1.525707156956196 2.729484610124068 0.52769836414427995 0.31365126455202702 2.1522723674774169 1.4506366028916091 0.66060890459588606 1.6172150091691451 0.32824881318956617 4.1000975578062002 -0.18416338719819722 1.082947637053097 0.51946039593988846 0.74322182689394278 0.23869087504489081 -0.10766031175851823 0.25512242045091543 -0.12392833717167379 3.3386289520263674 -0.21807733717418853 -0.16802862286567688 -0.17049211263656616 -0.17049211263656616 -0.13836454689502717 -0.16930093713428662 -0.16230498706140828 -0.096981765267749639 -0.17049211263656616 -0.17049211263656616 -0.17653899729251862 -0.17056032833845722 -0.17113644193719935 -0.1712686997652054 -0.17057584379658555 -0.17049746942520141 -0.17047658237543972 -0.17049052524566652 -0.17048714399337769 -0.17049296281554482 -0.17049217086571913 -0.17049209503900439 -0.17049215691430231 -0.1704920715093613 -0.17049211263656616 -0.17049211263656616 -0.17049211263656616 -0.17049211263656616 -0.17049211438964396 -0.17049211263656616
leaf_weight=32 32 32 20 31 30 21 32 31 32 29 32 27 29 32 33 21 32 32 32 28 33 32 31 38 34 31 35 21 20 23 32 25 21 22 1728 864 20 23 31 24 1088 2202 20 23 27 20 33 25 22 25 20 22 26 21 21 20 45 161 201 216 34 20
leaf_count=32 32 32 20 31 30 21 32 31 32 29 32 27 29 32 33 21 32 32 32 28 33 32 31 38 34 31 35 21 20 23 32 25 21 22 1728 864 20 23 31 24 1088 2202 20 23 27 20 33 25 22 25 20 22 26 21 21 20 45 161 201 216 34 20
internal_value=1.05845e-10 -0.026106 0.327026 2.36853 1.22077 3.58691 -0.106922 0.0400351 0.669882 0.437876 -0.127394 0.0774596 1.28443 2.1494 3.12333 0.658103 0.626484 2.46124 1.73048 0.950134 1.87136 0.588116 4.305 -0.148108 -0.126338 0.814208 -0.151312 -0.0683845 -0.144134 0.385215 -0.167995 3.40587 -0.159367 -0.166844 -0.169749 -0.169119 -0.174705 -0.182692 -0.169895 -0.150416 -0.169717 -0.170388 -0.172077 -0.170388 -0.170292 -0.170555 -0.170837 -0.170497 -0.170491 -0.170484 -0.170492 -0.170492 -0.170492 -0.170492 -0.170492 -0.170492 -0.170492 -0.170492 -0.170492 -0.170492 -0.170492 -0.170492
internal_weight=8000 7904 1472 268 138 130 6432 1408 351 288 1204 202 86 96 79 74 64 64 63 57 64 64 51 5024 2513 65 2448 410 375 44 2038 46 138 354 2006 1057 111 91 2511 62 1140 2449 70 334 50 312 53 259 236 47 189 164 144 122 96 75 1974 1025 1929 2418 55 1108
internal_count=8000 7904 1472 268 138 130 6432 1408 351 288 1204 202 86 96 79 74 64 64 63 57 64 64 51 5024 2513 65 2448 410 375 44 2038 46 138 354 2006 1057 111 91 2511 62 1140 2449 70 334 50 312 53 259 236 47 189 164 144 122 96 75 1974 1025 1929 2418 55 1108
is_linear=0
shrinkage=0.05


Tree=30
num_leaves=63
num_cat=0
split_feature=0 0 1 0 0 0 1 0 1 0 0 0 0 0 0 0 0 0 0 0 0 0 0 0 0 1 0 1 0 0 0 0 3 0 0 0 0 5 0 3 0 2 5 0 3 5 2 0 4 0 2 4 0 4 4 3 0 3 4 0 2 0
split_gain=162052 81431.2 492972 135411 21139.8 14053.7 66959.4 31179.2 31722 13867.9 12705.1 8818.95 6819.59 6740.36 4229.56 2261.05 2205.52 1838.52 1713.83 1665.38 1647.91 1575.77 1560.23 1198.17 860.244 21308.9 1876.17 1222.62 9099.52 1176.94 142.012 52.929 32.9399 26.8043 24.6473 23.0348 8.70802 40.3608 8.56416 1.00015 0.740627 0.553528 0.0971702 0.0473415 0.0171228 0.00184029 0.00218312 3.665e-05 9.58748e-07 8.23846e-07 2.66477e-07 1.65362e-07 4.77576e-09 2.91038e-11 2.22826e-11 6.9349e-12 3.63798e-12 3.63798e-12 3.63798e-12 1.81899e-12 1.7053e-12 2.27374e-13
threshold=1937.033333333334 3841.6666666666711 2460.5000000000005 3656.2500000000023 3555.7833333333333 6466.4916666666641 4564.0000000000009 6151.5000000000027 5887.5000000000009 2042.2249999999997 3754.3666666666682 6248.0250000000042 6352.3583333333327 1881.1083333333336 3511.4750000000026 1989.4750000000008 1825.4250000000002 6097.5250000000015 3799.3500000000008 6413.9750000000004 3606.200000000003 3702.4166666666683 6196.8833333333359 3461.233333333334 8052.808333333337 7306.0000000000009 7990.7333333333236 6517.5000000000009 7473.2833333333301 7503.7833333333301 6488.3499999999985 6295.3583333333345 1447.2701121416487 7536.8833333333232 6509.0416666666633 3886.4416666666716 8077.7583333333287 13.500000000000002 2098.4583333333358 1326.8384366084538 8089.4333333333298 229.6690084641173 10.500000000000002 7569.0833333333303 1633.0360520959487 20.500000000000004 201.63596294695165 7620.7249999999976 17.083230086433364 7824.9999999999964 166.99106670558578 4.9841787626460823 7665.7749999999905 8.0472981539740349 14.772664346170684 1646.5901740905629 9900.8250000000207 1776.9906277840062 31.026647712041015 5332.9416666666702 192.30297620430787 3434.3083333333352
decision_type=2 2 2 2 2 2 2 2 2 2 2 2 2 2 2 2 2 2 2 2 2 2 2 2 2 2 2 2 2 2 2 2 2 2 2 2 2 2 2 2 2 2 2 2 2 2 2 2 2 2 2 2 2 2 2 2 2 2 2 2 2 2
left_child=13 2 9 4 14 6 35 17 11 15 21 22 -10 16 23 -2 -1 -8 -12 -14 -6 -5 -9 -4 25 27 -27 30 -29 -30 -7 -13 -28 -31 -32 -3 37 -26 -11 -33 -38 42 -41 -35 -44 47 -47 -45 50 -50 -49 -52 -53 -54 55 60 -42 -40 -36 -37 -55 -59
right_child=1 5 3 10 20 24 7 8 12 38 18 31 19 -15 -16 -17 -18 -19 -20 -21 -22 -23 -24 -25 36 26 32 28 29 33 34 39 -34 43 58 59 40 -39 57 41 56 -43 44 45 -46 46 -48 48 49 -51 51 52 53 54 -56 -57 -58 61 -60 -61 -62 -63
leaf_value=2.6316957056522372 0.89235039944760508 -0.11888882778584958 4.3914767456054689 1.7797993906082645 2.8363065063953403 -0.055093572684563698 1.9183840982375608 0.805583783518523 1.8444338601211023 -0.135730155184865 0.75906537100672722 -0.095040276297368109 1.1681910037994385 1.449421826004982 3.3564279139041902 0.29796870946884157 2.0446587324142458 1.3781047329306604 0.22342200949788094 0.62757845781743526 2.3204885705312095 1.2796136260032656 0.31183636626228695 3.8950926749937 -0.17495521746183698 1.1246014316876731 0.52204936251044276 0.70606074328933444 0.2267563294796717 -0.10227729663252833 -0.11773191653192044 -0.17848321914672852 0.6117093563079834 -0.15962718996134673 -0.16196750402450563 -0.16196750402450563 -0.15418973161328225 -0.092132677060241502 -0.16196750402450563 -0.16667005731945947 -0.16196750402450563 -0.17335679650306701 -0.16167868852615358 -0.16203231034071552 -0.16364149868488312 -0.16199221100125993 -0.16263504266738893 -0.16197258758544922 -0.1619521075487137 -0.16196549645176642 -0.1619627857208252 -0.16196831573139539 -0.1619675622536586 -0.16196748812993367 -0.16196754830224175 -0.16196746468544007 -0.16196750402450563 -0.16196750402450563 -0.16196750402450563 -0.16196750402450563 -0.16196750577758343 -0.16196750402450563
leaf_weight=32 32 32 20 31 32 32 31 32 29 32 32 32 29 32 32 32 32 32 28 28 30 32 32 31 38 24 20 35 21 20 32 20 21 22 1856 928 31 24 928 21 2356 20 25 23 20 28 25 25 20 27 20 22 26 21 21 20 62 134 118 97 34 46
leaf_count=32 32 32 20 31 32 32 31 32 29 32 32 32 29 32 32 32 32 32 28 28 30 32 32 31 38 24 20 35 21 20 32 20 21 22 1856 928 31 24 928 21 2356 20 25 23 20 28 25 25 20 27 20 22 26 21 21 20 62 134 118 97 34 46
internal_value=2.14973e-09 -0.0248007 0.310675 2.2501 3.28524 -0.101576 0.0380333 0.636388 0.415982 -0.121024 1.02982 0.0735866 1.22021 2.04193 3.80703 0.59516 2.33818 1.64396 0.509098 0.902627 2.58672 1.52574 0.55871 4.08975 -0.140703 -0.120021 0.773497 -0.143746 -0.0649653 -0.136928 -0.159595 -0.151398 0.567973 -0.158502 -0.161262 -0.160663 -0.161401 -0.142895 -0.161231 -0.168412 -0.161869 -0.16607 -0.163862 -0.161869 -0.162551 -0.162027 -0.162295 -0.161972 -0.161966 -0.16196 -0.161968 -0.161967 -0.161968 -0.161968 -0.161968 -0.161967 -0.161968 -0.161968 -0.161968 -0.161968 -0.161967 -0.161968
internal_weight=8000 7904 1472 268 145 6432 1408 351 288 1204 123 202 86 96 83 64 64 63 60 57 62 63 64 51 5024 2513 65 2448 410 375 2038 138 41 354 2006 1057 2511 62 1140 106 2449 86 66 334 45 312 53 259 236 47 189 164 144 122 96 75 2418 1108 1974 1025 55 180
internal_count=8000 7904 1472 268 145 6432 1408 351 288 1204 123 202 86 96 83 64 64 63 60 57 62 63 64 51 5024 2513 65 2448 410 375 2038 138 41 354 2006 1057 2511 62 1140 106 2449 86 66 334 45 312 53 259 236 47 189 164 144 122 96 75 2418 1108 1974 1025 55 180
is_linear=0
shrinkage=0.05


Tree=31
num_leaves=63
num_cat=0
split_feature=0 0 1 0 0 0 0 1 0 1 0 0 0 0 0 0 0 0 0 0 0 0 0 0 1 0 1 0 0 0 3 0 3 2 3 0 0 0 0 0 5 3 2 0 0 0 5 3 0 5 4 0 2 4 4 4 0 4 0 0 3 0
split_gain=146252 73491.7 444907 122224 16521.3 14075.5 12683.4 60430.9 28139.2 28629.1 12515.8 7959.1 6154.68 6083.18 2927.82 2657.39 2040.6 1990.48 1659.26 1503.01 1422.83 1408.11 1081.34 776.37 19231.3 1728.68 1103.41 8213.01 1062.34 504.535 286.909 128.166 64.9928 51.3955 23.1523 22.2442 20.9011 20.7888 8.49546 7.85899 36.4257 7.81162 2.9891 28.7964 28.7921 0.668415 0.0875125 0.0287019 0.00285144 0.00146054 0.00197699 2.74669e-06 4.57801e-07 4.52709e-07 1.51266e-07 2.35195e-09 2.70688e-10 2.60343e-11 3.63798e-12 3.63798e-12 2.16005e-12 1.81899e-12
threshold=1937.033333333334 3841.6666666666711 2460.5000000000005 3628.9750000000026 3729.6416666666687 3511.4750000000026 6466.4916666666641 4564.0000000000009 6151.5000000000027 5887.5000000000009 2042.2249999999997 6248.0250000000042 6352.3583333333327 1881.1083333333336 3555.7833333333333 3777.3833333333346 1989.4750000000008 1825.4250000000002 6097.5250000000015 6413.9750000000004 3680.9000000000019 6196.8833333333359 3461.233333333334 8052.808333333337 7306.0000000000009 8006.1500000000042 6517.5000000000009 7487.8749999999964 7455.9416666666648 7518.9416666666575 1449.9313192269756 6488.3499999999985 1309.378327906363 237.10459140900767 1301.851381766807 6509.0416666666633 6295.3583333333345 3886.4416666666716 7553.2999999999984 8077.7583333333287 13.500000000000002 810.05240962954792 184.92938523467157 2185.3000000000034 2098.4583333333358 8089.4333333333298 10.500000000000002 1635.6986644495021 7588.0666666666575 20.500000000000004 29.686023873525162 7636.0833333333294 165.81543069172781 17.083230086433364 4.9841787626460823 13.552160811216153 7729.1499999999969 8.1099405339598754 8028.2583333333241 9900.8250000000207 1605.3371089991122 4431.9333333333352
decision_type=2 2 2 2 2 2 2 2 2 2 2 2 2 2 2 2 2 2 2 2 2 2 2 2 2 2 2 2 2 2 2 2 2 2 2 2 2 2 2 2 2 2 2 2 2 2 2 2 2 2 2 2 2 2 2 2 2 2 2 2 2 2
left_child=13 2 10 5 20 22 7 37 18 11 16 21 -11 17 -7 -6 -2 -1 -9 -14 -5 -10 -4 24 26 -26 31 28 -28 -29 -17 -8 -16 34 -13 -33 -36 -3 -31 40 -25 -12 43 -43 -44 -41 -38 -48 -40 51 -51 -50 -53 54 -54 56 -56 -58 -37 -47 -59 -39
right_child=1 6 3 4 15 14 23 8 9 12 41 33 19 -15 32 30 -18 -19 -20 -21 -22 -23 -24 39 25 -27 27 29 -30 38 -32 35 -34 -35 36 58 46 61 48 45 -42 42 44 -45 -46 59 47 -49 49 50 -52 52 53 -55 55 -57 57 60 -60 -61 -62 -63
leaf_value=2.5001110136508942 0.84773288220167164 -0.11294440077617765 4.1719027709960939 1.9327413005213583 0.95532125631968179 3.1886065304279327 -0.052338890824466945 1.8224648967865975 0.76530459445202725 1.7522121791181893 -0.12552835845947266 -0.11094358238306912 1.109781446128056 1.3769507410295774 2.5031264986310688 0.47866427380414245 0.28307026387192308 1.9424258261919023 1.3091995116323234 0.59619953046951979 1.4610057296174945 0.29624455284792933 3.7003380129414221 -0.16620745878470572 0.98103570096633019 0.46478186658313203 0.82996119232404808 0.096634190245753246 0.34756752705574034 -0.18745871320366861 0.22304409842776216 -0.11184532875195147 2.6213912083552433 -0.07376180616292087 -0.21188173886565936 -0.15386912822723389 -0.15791356292637915 -0.15386912822723389 -0.15329942882061007 -0.14648025189676592 -0.087526043580146512 -0.095817285516987677 -0.21320703483763195 -0.15386912822723389 -0.15386912822723389 -0.15386912822723389 -0.15318796788492511 -0.15561745584011077 -0.15385225097338359 -0.15443099572740754 -0.15380243604833432 -0.15387447189401698 -0.15386464834213257 -0.15386262818386681 -0.15386933428900584 -0.1538696376900924 -0.15386918127536775 -0.15386912195306077 -0.15386912822723389 -0.15386912822723389 -0.15386910200119019 -0.15386912822723389
leaf_weight=32 32 32 20 31 30 32 32 31 32 29 25 22 29 32 21 21 32 32 32 28 33 32 31 38 34 31 21 21 25 20 23 32 26 22 21 1944 22 352 20 31 24 23 21 300 771 2356 31 20 30 29 22 27 20 38 21 38 20 38 30 62 20 673
leaf_count=32 32 32 20 31 30 32 32 31 32 29 25 22 29 32 21 21 32 32 32 28 33 32 31 38 34 31 21 21 25 20 23 32 26 22 21 1944 22 352 20 31 24 23 21 300 771 2356 31 20 30 29 22 27 20 38 21 38 20 38 30 62 20 673
internal_value=2.24293e-09 -0.0235607 0.295141 2.1376 1.10123 3.23774 -0.0964975 0.0361317 0.604568 0.395183 -0.114973 0.0699072 1.1592 1.93983 2.81971 0.592454 0.565402 2.22127 1.56176 0.857496 1.6895 0.530775 3.88527 -0.133667 -0.11402 0.734822 -0.136559 -0.061717 0.567791 -0.14127 0.345045 -0.151615 2.56855 -0.143828 -0.157117 -0.153199 -0.167923 -0.15263 -0.155836 -0.153331 -0.13575 -0.153169 -0.153789 -0.149735 -0.155442 -0.153776 -0.155278 -0.154141 -0.153878 -0.153916 -0.15416 -0.153866 -0.153868 -0.153868 -0.153869 -0.153869 -0.153869 -0.153869 -0.153869 -0.153869 -0.153869 -0.153869
internal_weight=8000 7904 1472 268 138 130 6432 1408 351 288 1204 202 86 96 79 74 64 64 63 57 64 64 51 5024 2513 65 2448 410 46 364 44 2038 47 138 116 2006 94 1057 343 2511 62 1140 1115 323 792 2449 73 51 323 303 51 252 222 195 157 137 99 78 1974 2418 58 1025
internal_count=8000 7904 1472 268 138 130 6432 1408 351 288 1204 202 86 96 79 74 64 64 63 57 64 64 51 5024 2513 65 2448 410 46 364 44 2038 47 138 116 2006 94 1057 343 2511 62 1140 1115 323 792 2449 73 51 323 303 51 252 222 195 157 137 99 78 1974 2418 58 1025
is_linear=0
shrinkage=0.05


Tree=32
num_leaves=63
num_cat=0
split_feature=0 0 1 0 0 0 1 0 1 0 0 0 0 0 0 0 0 0 0 0 0 0 0 1 0 1 0 0 2 4 0 0 3 3 0 0 0 0 0 5 3 2 0 3 0 3 0 2 5 0 0 4 6 2 4 0 4 3 4 2 2 2
split_gain=131992 66326.3 401529 110509 17237.7 11446.8 54538.9 25395.6 25837.8 11295.5 10354.2 7183.09 5598.86 5490.07 2575.29 2059.89 1841.64 1796.41 1497.48 1448.5 1286.45 1270.82 700.674 17356.2 1570.56 995.829 7447.61 955.854 309.127 186.977 115.67 50.2577 49.1635 33.5778 20.0754 19.1909 18.7619 8.4008 7.09273 32.8742 1.18648 0.86718 0.603245 0.0829685 0.0791946 0.0179441 0.00837355 0.0195777 0.00151485 0.00213064 4.34392e-05 8.04283e-07 7.9108e-07 2.17004e-07 1.37661e-07 9.10495e-09 2.52385e-11 2.05773e-11 3.75167e-12 3.63798e-12 3.63798e-12 1.81899e-12
threshold=1937.033333333334 3841.6666666666711 2460.5000000000005 3656.2500000000023 3534.6166666666686 6466.4916666666641 4564.0000000000009 6151.5000000000027 5887.5000000000009 2042.2249999999997 3754.3666666666682 6248.0250000000042 6382.2166666666662 1881.1083333333336 3606.200000000003 3484.8166666666684 1989.4750000000008 1825.4250000000002 6097.5250000000015 3799.3500000000008 3702.4166666666683 6196.8833333333359 8052.808333333337 7306.0000000000009 7990.7333333333236 6517.5000000000009 7473.2833333333301 7503.7833333333301 212.69343560665888 12.721533333283579 6488.3499999999985 6295.3583333333345 1477.574999842426 1447.2701121416487 6509.0416666666633 7536.8833333333232 3886.4416666666716 2098.4583333333358 8077.7583333333287 13.500000000000002 1326.8384366084538 229.6690084641173 8089.4333333333298 1533.1094849311539 7569.0833333333303 810.05240962954792 2185.3000000000034 194.99629435552083 20.500000000000004 7745.7916666666561 7620.7249999999976 17.083230086433364 46.500000000000007 166.99106670558578 4.9841787626460823 7665.7749999999905 7.564731759945686 1695.0839675011987 14.496406418951567 247.16582919775098 194.99629435552083 281.09419005148732
decision_type=2 2 2 2 2 2 2 2 2 2 2 2 2 2 2 2 2 2 2 2 2 2 2 2 2 2 2 2 2 2 2 2 2 2 2 2 2 2 2 2 2 2 2 2 2 2 2 2 2 2 2 2 2 2 2 2 2 2 2 2 2 2
left_child=13 2 9 4 15 6 36 18 11 16 20 21 28 17 29 -4 -2 -1 -8 -12 -5 -9 23 25 -25 30 -27 -28 -10 -6 -7 -13 -14 -26 -32 -29 -3 -11 39 -24 -33 43 -40 -42 -37 -39 47 -47 50 -50 -46 53 -53 -52 -55 -56 -57 58 -58 -36 -44 -38
right_child=1 5 3 10 14 22 7 8 12 37 19 31 32 -15 -16 -17 -18 -19 -20 -21 -22 -23 38 24 33 26 27 35 -30 -31 34 40 -34 -35 59 44 61 45 42 -41 41 -43 60 -45 48 46 -48 -49 49 -51 51 52 -54 54 55 56 57 -59 -60 -61 -62 -63
leaf_value=2.3751053333282472 0.80534624177962544 -0.10729717314243317 3.8131721278599331 1.6055853536052087 2.8004207038879394 -0.049721945729106667 1.7313416542545443 0.72703936678590253 1.6340957051231748 -0.12025451082736255 0.68805831052595756 -0.081719531333510537 0.63421999017397568 1.3081032293848693 2.0915963935852053 3.2625480940847691 0.26891675881342963 1.8453044876456262 1.2437395781278611 0.19562112441552537 1.1536445096135139 0.28143234181916343 -0.15789708338285749 1.0193195601304372 0.46367334675043825 0.63890751349074504 0.20401474368714154 -0.095603057593107221 1.3687627108200737 2.598715874000832 -0.10625305427238346 -0.16418513119220735 0.74241238122894648 0.55419726485297793 -0.14617567062377931 -0.14312687787142667 -0.14617567062377931 -0.14759271144866945 -0.13915623580255818 -0.083149744166682166 -0.14618100243456222 -0.15978551328182222 -0.14617567062377931 -0.14972819089889527 -0.14624649441760521 -0.14806235492229464 -0.14617567062377931 -0.14617567062377931 -0.14688151121139525 -0.14622749126318732 -0.14618030452728273 -0.14616202997124714 -0.14617500652869542 -0.14617141664028169 -0.14617677981203253 -0.14617572605609894 -0.1461756702055011 -0.14617562294006348 -0.1461756939237768 -0.14617567062377931 -0.14617567062377931 -0.14617567062377931
leaf_weight=32 32 32 35 31 20 32 31 32 21 32 32 32 21 32 30 33 32 32 32 28 32 32 38 24 20 35 21 20 23 27 32 20 21 21 1781 22 998 24 31 24 34 20 954 32 23 20 1020 44 20 33 25 23 24 20 22 20 57 23 22 193 1464 27
leaf_count=32 32 32 35 31 20 32 31 32 21 32 32 32 21 32 30 33 32 32 32 28 32 32 38 24 20 35 21 20 23 27 32 20 21 21 1781 22 998 24 31 24 34 20 954 32 23 20 1020 44 20 33 25 23 24 20 22 20 57 23 22 193 1464 27
internal_value=3.99927e-09 -0.0223826 0.280384 2.03072 2.96584 -0.0916726 0.0343251 0.57434 0.375424 -0.109224 0.928334 0.0664119 1.10124 1.84284 2.45353 3.54596 0.537132 2.1102 1.48367 0.458254 1.37603 0.504236 -0.126984 -0.108319 0.698081 -0.129731 -0.0586311 -0.123735 1.4954 2.68455 -0.144034 -0.136637 0.688316 0.510039 -0.145539 -0.143178 -0.144999 -0.145511 -0.145664 -0.128963 -0.153216 -0.150665 -0.146087 -0.147901 -0.146026 -0.14624 -0.14621 -0.146765 -0.146231 -0.146474 -0.146181 -0.146175 -0.146169 -0.146176 -0.146175 -0.146176 -0.146176 -0.146176 -0.146176 -0.146176 -0.146176 -0.146176
internal_weight=8000 7904 1472 268 145 6432 1408 351 288 1204 123 202 86 96 77 68 64 64 63 60 63 64 5024 2513 65 2448 410 375 44 47 2038 138 42 41 2006 354 1057 1140 2511 62 106 86 2449 66 334 1108 1084 64 312 53 259 236 47 189 164 144 122 102 79 1974 2418 1025
internal_count=8000 7904 1472 268 145 6432 1408 351 288 1204 123 202 86 96 77 68 64 64 63 60 63 64 5024 2513 65 2448 410 375 44 47 2038 138 42 41 2006 354 1057 1140 2511 62 106 86 2449 66 334 1108 1084 64 312 53 259 236 47 189 164 144 122 102 79 1974 2418 1025
is_linear=0
shrinkage=0.05


Tree=33
num_leaves=63
num_cat=0
split_feature=0 0 1 0 0 0 1 0 1 0 0 0 0 0 0 0 0 0 0 0 0 0 0 0 1 0 1 0 0 2 0 1 5 0 0 4 4 0 0 0 1 0 3 0 2 5 0 0 0 2 4 4 4 0 5 0 0 3 0 2 0 0
split_gain=119123 59859.5 362380 99734 15615.8 10348.7 54099.3 20314.4 26002.7 10194.2 9344.7 6101.83 4954.79 3123.72 2941.78 1662.08 1621.26 1351.48 1307.27 1231.77 1161.02 1146.92 914.987 661.363 15630.6 1451.5 870.824 6721.47 869.929 341.617 203.832 372.525 58.768 18.118 16.9327 13.0573 23.8558 8.26438 7.58173 6.40119 31.6859 0.544428 0.0161944 0.00755716 0.0176689 0.00236934 0.00239953 0.00235962 2.41978e-06 3.82785e-07 3.60262e-07 1.22991e-07 2.01362e-09 1.9304e-10 7.50333e-12 3.63798e-12 1.81899e-12 1.25056e-12 9.09495e-13 9.09495e-13 2.27374e-13 2.27374e-13
threshold=1937.033333333334 3841.6666666666711 2460.5000000000005 3656.2500000000023 3555.7833333333333 6438.7416666666659 4564.0000000000009 6151.5000000000027 5887.5000000000009 2042.2249999999997 3754.3666666666682 6248.0250000000042 1881.1083333333336 3511.4750000000026 6352.3583333333327 1989.4750000000008 1825.4250000000002 6097.5250000000015 3799.3500000000008 3606.200000000003 3702.4166666666683 6196.8833333333359 3461.233333333334 8052.808333333337 7306.0000000000009 8006.1500000000042 6517.5000000000009 7473.2833333333301 7518.9416666666575 197.15192803664129 6488.3499999999985 5887.5000000000009 8.5000000000000018 6509.0416666666633 3886.4416666666716 20.026926979568984 11.000070329211367 7553.2999999999984 2098.4583333333358 8077.7583333333287 6517.5000000000009 8089.4333333333298 810.05240962954792 2185.3000000000034 194.99629435552083 20.500000000000004 7603.0499999999984 7745.7916666666561 7636.0833333333294 165.81543069172781 17.083230086433364 4.9841787626460823 13.552160811216153 7745.7916666666561 9.5000000000000018 9776.0916666666762 7839.8333333333294 1595.3986863649845 5229.3250000000035 276.73487064419913 9955.9083333333529 7905.1166666666641
decision_type=2 2 2 2 2 2 2 2 2 2 2 2 2 2 2 2 2 2 2 2 2 2 2 2 2 2 2 2 2 2 2 2 2 2 2 2 2 2 2 2 2 2 2 2 2 2 2 2 2 2 2 2 2 2 2 2 2 2 2 2 2 2
left_child=12 2 9 4 13 6 34 17 11 15 20 21 16 22 -10 -2 -1 -8 -12 -6 -5 -9 -4 24 26 -26 30 -28 -29 -16 31 -7 -13 -32 -3 36 -34 -30 -11 40 -25 -41 -40 44 -44 46 -39 -47 -48 -50 51 -51 53 -53 -55 -43 -35 -56 -36 -45 -57 -58
right_child=1 5 3 10 19 23 7 8 14 38 18 32 -14 -15 29 -17 -18 -19 -20 -21 -22 -23 -24 39 25 -27 27 28 37 -31 33 -33 35 56 58 -37 -38 45 42 41 -42 55 43 59 -46 47 48 -49 49 50 -52 52 -54 54 57 60 61 -59 -60 -61 -62 -63
leaf_value=2.2563501238822936 0.76507893288508066 -0.10193230770528316 3.7726492881774902 1.5253060248590284 2.4329756200313568 -0.15400474667549136 1.6447745800018312 0.69068739879876384 1.5902162995831721 -0.11424178499728442 0.65365539295598873 -0.055587032826050466 1.2426980165764689 2.8787708878517151 1.0791696657305179 0.25547091178596021 1.7530393064022065 1.1815525838173926 0.18584006673523359 1.9870165729522704 1.0959622807800771 0.26736070979386567 3.3388721158427579 -0.16321124059182626 0.88878984030555286 0.4157309964779885 0.60696212697241991 0.13177844269666822 -0.17199872206896544 0.80357509147037165 -0.10094040455296636 0.089163659087249214 -0.16530415097872417 -0.13886688947677614 -0.13886688947677614 -0.172626576546965 -0.10493328404716321 -0.13835032749176027 -0.14021307229995728 -0.1321984298767582 -0.091119868074144642 -0.13886688947677614 -0.14065924346446992 -0.13886688947677614 -0.13886688947677614 -0.13959410644712902 -0.13884884281591936 -0.13891611893971761 -0.13887180708072805 -0.13886284947395325 -0.13886108649404424 -0.13886704826354981 -0.13886735627525731 -0.13886690919215863 -0.13886688266481673 -0.13886688947677614 -0.13886688947677614 -0.13886686623096467 -0.13886688947677614 -0.13886688947677614 -0.13886688947677614 -0.13886688947677614
leaf_weight=32 32 32 20 31 32 36 31 32 29 32 32 23 32 32 23 32 32 32 28 30 32 32 31 27 34 31 35 32 20 22 32 28 30 1717 864 29 36 25 24 31 35 2263 20 979 44 21 22 33 27 20 38 25 38 26 28 124 75 20 161 41 31 182
leaf_count=32 32 32 20 31 32 36 31 32 29 32 32 23 32 32 23 32 32 32 28 30 32 32 31 27 34 31 35 32 20 22 32 28 30 1717 864 29 36 25 24 31 35 2263 20 979 44 21 22 33 27 20 38 25 38 26 28 124 75 20 161 41 31 182
internal_value=1.33077e-09 -0.0212635 0.266365 1.92918 2.81755 -0.087089 0.0344835 0.605171 0.407234 -0.103763 0.881917 0.0859129 1.7507 3.26601 1.19751 0.510275 2.00469 1.40949 0.435342 2.21719 1.30723 0.479024 3.50898 -0.120175 -0.102213 0.663177 -0.122273 -0.0556996 -0.117548 0.944435 -0.135459 -0.0476186 -0.1273 -0.138262 -0.137749 -0.144662 -0.132375 -0.140809 -0.138235 -0.138381 -0.122514 -0.138782 -0.138928 -0.1389 -0.139427 -0.138878 -0.138817 -0.13918 -0.138865 -0.138866 -0.138865 -0.138867 -0.138867 -0.138867 -0.138867 -0.138867 -0.138867 -0.138867 -0.138867 -0.138867 -0.138867 -0.138867
internal_weight=8000 7904 1472 268 145 6432 1376 319 256 1204 123 182 96 83 74 64 64 63 60 62 63 64 51 5056 2545 65 2480 410 375 45 2070 64 118 2006 1057 95 66 343 1140 2511 62 2449 1108 1084 64 323 269 54 244 222 195 157 137 99 74 2418 1974 48 1025 1020 155 257
internal_count=8000 7904 1472 268 145 6432 1376 319 256 1204 123 182 96 83 74 64 64 63 60 62 63 64 51 5056 2545 65 2480 410 375 45 2070 64 118 2006 1057 95 66 343 1140 2511 62 2449 1108 1084 64 323 269 54 244 222 195 157 137 99 74 2418 1974 48 1025 1020 155 257
is_linear=0
shrinkage=0.05


Tree=34
num_leaves=63
num_cat=0
split_feature=0 0 1 0 0 0 0 1 0 1 0 0 0 0 0 0 0 0 0 0 0 0 0 1 0 1 0 0 2 3 0 1 4 5 3 0 0 0 3 0 3 1 0 1 6 2 0 0 2 0 5 2 0 0 2 4 0 2 4 0 4 3
split_gain=107509 54023.2 327048 90015.6 12244.6 10403.2 9339.74 48824.6 18333.8 23467.5 9200.25 5506.9 4471.69 2654.96 2240.55 1989.35 1500.03 1463.19 1219.71 1035.09 1029.07 825.775 596.88 14106.6 1314.58 785.919 6066.13 794.962 308.309 246.373 183.958 336.203 71.4546 53.0381 33.8553 16.3515 15.2817 12.7811 12.0358 13.913 7.10181 6.04967 18.5094 125.483 5.11241 2.69224 28.3687 25.0596 0.262485 0.116564 0.00120679 0.00187032 6.12204e-05 1.21443e-05 2.0157e-05 6.74285e-07 7.05856e-07 1.75891e-07 1.15214e-07 1.49581e-08 3.09228e-11 1.8872e-11
threshold=1937.033333333334 3841.6666666666711 2460.5000000000005 3628.9750000000026 3729.6416666666687 3511.4750000000026 6438.7416666666659 4564.0000000000009 6151.5000000000027 5887.5000000000009 2042.2249999999997 6248.0250000000042 1881.1083333333336 6352.3583333333327 3580.358333333334 3777.3833333333346 1989.4750000000008 1825.4250000000002 6097.5250000000015 6196.8833333333359 3680.9000000000019 3461.233333333334 8052.808333333337 7306.0000000000009 7990.7333333333236 6517.5000000000009 7473.2833333333301 7503.7833333333301 197.15192803664129 1449.9313192269756 6488.3499999999985 5887.5000000000009 10.657496937984229 8.5000000000000018 1447.2701121416487 6509.0416666666633 3886.4416666666716 7536.8833333333232 1832.9406511554077 6295.3583333333345 810.05240962954792 5887.5000000000009 8089.4333333333298 7306.0000000000009 40.500000000000007 184.92938523467157 2098.4583333333358 2185.3000000000034 215.92716181407974 7569.0833333333303 20.500000000000004 201.63596294695165 7620.7249999999976 2185.3000000000034 212.03601857019183 17.083230086433364 7839.8333333333294 166.99106670558578 4.9841787626460823 7665.7749999999905 8.4031162757242619 1695.0839675011987
decision_type=2 2 2 2 2 2 2 2 2 2 2 2 2 2 2 2 2 2 2 2 2 2 2 2 2 2 2 2 2 2 2 2 2 2 2 2 2 2 2 2 2 2 2 2 2 2 2 2 2 2 2 2 2 2 2 2 2 2 2 2 2 2
left_child=12 2 10 5 20 21 7 36 18 11 16 19 17 -11 32 -6 -2 -1 -9 -10 -5 -4 23 25 -25 30 -27 -28 -15 -17 31 -8 -7 -13 -26 -32 -3 -29 39 -35 -12 -24 43 44 -43 47 -47 -42 -41 -39 52 -52 -51 54 -48 57 -57 -54 -59 -60 -61 -62
right_child=1 6 3 4 15 14 22 8 9 13 40 33 -14 28 -16 29 -18 -19 -20 -21 -22 -23 41 24 34 26 27 37 -30 -31 35 -33 -34 38 -36 -37 -38 49 -40 48 45 42 -44 -45 -46 46 53 -49 -50 50 51 -53 55 -55 -56 56 -58 58 59 60 61 -63
leaf_value=2.1435325860977175 0.72682496720226486 -0.096835699630901217 3.5840167236328129 1.6566309744311916 0.81928534030914302 2.7109928403581893 -0.1463045083814197 1.5625358150851343 0.65615304270759234 1.5107055137897361 -0.10496827125549318 -0.052807680225890621 1.180563130415976 1.0252111979152845 2.1030846682461823 0.4150811751683553 0.24269738405710087 1.6653872974216939 1.1224749389628415 0.25399267598986625 1.2554458820458616 3.1719285841911073 -0.15341292119795277 0.92391410370667781 0.41142460048198704 0.57661401846579141 0.18722508297789664 -0.090576836462132645 0.76339633248069072 0.17820629866226861 -0.095893383398652082 0.08470547473324197 2.5858850173950199 -0.18115240271602359 0.50232186998639794 -0.13192354440689089 -0.13192354440689089 -0.12820898294448854 -0.1029653263092041 -0.13051603857208702 -0.077769150941268267 -0.14281208307846735 -0.13192354440689089 -0.021359743122701294 -0.17737721562385561 -0.19082186732973372 -0.13185916125774386 -0.13192354440689089 -0.13773482620716096 -0.132007982938186 -0.13191131864275252 -0.13250631856918335 -0.13192776536941528 -0.13192354440689089 -0.13192354440689089 -0.13191063458269292 -0.1319229145050049 -0.13191970705986023 -0.13192495703697205 -0.13192358277738095 -0.13192353862173417 -0.1319234853441065
leaf_weight=32 32 32 20 31 30 21 36 31 32 29 25 23 32 23 33 21 32 32 32 32 33 31 31 24 20 35 21 20 22 23 32 28 25 21 21 1974 1025 22 20 34 23 23 2410 27 20 21 20 300 20 23 28 25 25 720 31 22 25 20 22 32 68 22
leaf_count=32 32 32 20 31 30 21 36 31 32 29 25 23 32 23 33 21 32 32 32 32 33 31 31 24 20 35 21 20 22 23 32 28 25 21 21 1974 1025 22 20 34 23 23 2410 27 20 21 20 300 20 23 28 25 25 720 31 22 25 20 22 32 68 22
internal_value=1.77774e-09 -0.0202003 0.253047 1.83272 0.943328 2.77685 -0.0827345 0.0327593 0.574913 0.386873 -0.098575 0.0816172 1.66316 1.13764 2.41747 0.505324 0.484761 1.90446 1.33901 0.455073 1.44977 3.33353 -0.114166 -0.097102 0.630018 -0.11616 -0.0529146 -0.111671 0.897213 0.29126 -0.128686 -0.0452376 2.643 -0.120935 0.457982 -0.131349 -0.130861 -0.129402 -0.137429 -0.146619 -0.131324 -0.131462 -0.131187 -0.105842 -0.158889 -0.131915 -0.133484 -0.128067 -0.13319 -0.131727 -0.131975 -0.132192 -0.13193 -0.131922 -0.131898 -0.131923 -0.131917 -0.131924 -0.131923 -0.131924 -0.131924 -0.131924
internal_weight=8000 7904 1472 268 138 130 6432 1376 319 256 1204 182 96 74 79 74 64 64 63 64 64 51 5056 2545 65 2480 410 375 45 44 2070 64 46 118 41 2006 1057 354 95 75 1140 2511 2480 70 43 1115 792 323 54 334 312 53 259 771 51 236 47 189 164 144 122 90
internal_count=8000 7904 1472 268 138 130 6432 1376 319 256 1204 182 96 74 79 74 64 64 63 64 64 51 5056 2545 65 2480 410 375 45 44 2070 64 46 118 41 2006 1057 354 95 75 1140 2511 2480 70 43 1115 792 323 54 334 312 53 259 771 51 236 47 189 164 144 122 90
is_linear=0
shrinkage=0.05


Tree=35
num_leaves=63
num_cat=0
split_feature=0 0 1 0 0 0 1 0 1 0 0 0 0 0 0 0 4 0 0 0 0 0 2 0 1 0 1 0 0 0 2 0 1 2 5 0 0 4 5 3 0 0 1 0 1 6 3 0 2 5 0 0 0 2 4 4 2 4 0 5 0 0
split_gain=97026.4 48755.9 295160 81393.2 12774.5 8429.12 44064.2 16546.2 21179.4 8303.22 7611.26 4969.98 4035.7 2534.52 2396.1 1353.78 1348.45 1105.2 1100.79 995.736 948.102 934.17 620.763 538.684 12731.2 1219.21 709.292 5477.3 842.875 342.486 278.249 166.022 303.424 65.5825 47.8669 14.7573 13.7918 11.9305 18.5169 8.94579 7.95422 7.50271 5.45983 16.7047 113.248 4.61395 0.061681 0.0282592 0.0659552 0.00194065 0.00216844 0.00157551 2.59945e-06 3.20965e-07 2.89438e-07 1.00359e-07 1.74322e-08 1.68802e-09 1.13914e-10 4.718e-12 3.63798e-12 1.81899e-12
threshold=1937.033333333334 3841.6666666666711 2460.5000000000005 3656.2500000000023 3555.7833333333333 6438.7416666666659 4564.0000000000009 6151.5000000000027 5887.5000000000009 2042.2249999999997 3754.3666666666682 6248.0250000000042 1881.1083333333336 3484.8166666666684 6352.3583333333327 1989.4750000000008 11.778865103734004 3799.3500000000008 6097.5250000000015 3606.200000000003 3702.4166666666683 6196.8833333333359 200.38599804439153 8052.808333333337 7306.0000000000009 8006.1500000000042 6517.5000000000009 7487.8749999999964 7455.9416666666648 7518.9416666666575 197.15192803664129 6488.3499999999985 5887.5000000000009 196.16835175393223 8.5000000000000018 6509.0416666666633 3886.4416666666716 24.30412793299725 13.500000000000002 1552.7107282458808 7553.2999999999984 2098.4583333333358 5887.5000000000009 8089.4333333333298 7306.0000000000009 40.500000000000007 810.05240962954792 2185.3000000000034 194.99629435552083 20.500000000000004 7745.7916666666561 7603.0499999999984 7636.0833333333294 165.81543069172781 17.083230086433364 4.9841787626460823 217.75389928158828 13.552160811216153 7745.7916666666561 9.5000000000000018 8006.1500000000042 9955.9083333333529
decision_type=2 2 2 2 2 2 2 2 2 2 2 2 2 2 2 2 2 2 2 2 2 2 2 2 2 2 2 2 2 2 2 2 2 2 2 2 2 2 2 2 2 2 2 2 2 2 2 2 2 2 2 2 2 2 2 2 2 2 2 2 2 2
left_child=12 2 9 4 13 6 36 18 11 15 20 21 16 -4 -10 -2 -1 -12 -8 -6 -5 -9 -18 24 26 -26 31 28 -28 -29 -16 32 -7 -15 -13 -33 -3 38 39 -36 -31 -11 -25 44 45 -44 -43 48 -48 51 -51 -42 -53 -54 55 -55 -50 58 -57 -60 -37 -45
right_child=1 5 3 10 19 23 7 8 14 41 17 34 -14 33 30 -17 22 -19 -20 -21 -22 -23 -24 42 25 -27 27 29 -30 40 -32 35 -34 -35 37 60 -38 -39 -40 -41 49 46 43 61 -46 -47 47 -49 56 50 -52 52 53 54 -56 57 -58 -59 59 -61 -62 -63
leaf_value=1.4688216900825501 0.69048373112455019 -0.091993920516688379 3.2728058842250278 1.3759153058451992 2.194633960723877 -0.13898928463459015 1.4844090500185567 0.62334538698196418 1.4351702065303409 -0.10088919587433338 0.59270428176969292 -0.050167294494483788 1.1215350008569658 2.774235551253609 0.97395062757574991 0.23056248724460604 1.7845175867495329 0.16256185599735806 1.0663512025028468 1.7936728604634604 0.98793287724256518 0.24129304902162405 2.1605156580607097 -0.14574227909887991 0.80529022690127894 0.37173426426466438 0.6973389500663395 0.080774461655389707 0.26765320987626912 -0.15783506093546751 0.72522650631991303 -0.091098717227578174 0.080470202410859726 2.6572449951171877 -0.11857281541824341 -0.12532737255096435 -0.12532737255096435 -0.16190764541211336 -0.085775864422321324 -0.16228948072953658 -0.12490839338302613 -0.12795400619506836 -0.13567147980565611 -0.12532737255096435 -0.020291757473239191 -0.16850835442543033 -0.12879124939441683 -0.12532737255096435 -0.12532936504908973 -0.12601206472941809 -0.1253621235038295 -0.1253087650645863 -0.12533189279061777 -0.12532371520996094 -0.12532216059534174 -0.12532749032974244 -0.12532737255096435 -0.12532779009718645 -0.12532738401339605 -0.12532735764980316 -0.12532737255096435 -0.12532737255096435
leaf_weight=20 32 32 35 31 32 36 31 32 29 32 32 23 32 23 23 32 23 28 32 30 32 32 21 31 34 31 21 21 25 20 22 32 28 25 25 1914 1025 23 25 22 25 24 23 2379 27 20 20 1020 21 21 33 22 27 20 38 25 23 38 26 48 60 31
leaf_count=20 32 32 35 31 32 36 31 32 29 32 32 23 32 23 23 32 23 28 32 30 32 32 21 31 34 31 21 21 25 20 22 32 28 25 25 1914 1025 23 25 22 25 24 23 2379 27 20 20 1020 21 21 33 22 27 20 38 25 23 38 26 48 60 31
internal_value=-2.17046e-09 -0.0191903 0.240394 1.74108 2.54362 -0.0785978 0.0311213 0.546167 0.367529 -0.0936462 0.795004 0.0775364 1.58 2.94924 1.08075 0.460523 1.80924 0.391971 1.27206 2.00062 1.17884 0.432319 1.96397 -0.108458 -0.0922469 0.598517 -0.110352 -0.0502689 0.463814 -0.115235 0.852352 -0.122252 -0.0429758 2.7133 -0.114888 -0.124781 -0.124318 -0.130557 -0.120543 -0.139036 -0.127236 -0.124757 -0.124889 -0.124628 -0.10055 -0.150944 -0.125447 -0.125391 -0.12641 -0.125341 -0.125615 -0.125286 -0.125325 -0.125327 -0.125326 -0.125327 -0.125328 -0.125328 -0.125327 -0.125327 -0.125327 -0.125327
internal_weight=8000 7904 1472 268 145 6432 1376 319 256 1204 123 182 96 83 74 64 64 60 63 62 63 64 44 5056 2545 65 2480 410 46 364 45 2070 64 48 118 2006 1057 95 72 47 343 1140 2511 2480 70 43 1108 1084 64 323 54 269 244 222 195 157 44 137 99 74 1974 2410
internal_count=8000 7904 1472 268 145 6432 1376 319 256 1204 123 182 96 83 74 64 64 60 63 62 63 64 44 5056 2545 65 2480 410 46 364 45 2070 64 48 118 2006 1057 95 72 47 343 1140 2511 2480 70 43 1108 1084 64 323 54 269 244 222 195 157 44 137 99 74 1974 2410
is_linear=0
shrinkage=0.05


Tree=36
num_leaves=63
num_cat=0
split_feature=0 0 1 0 0 0 1 0 1 0 0 0 0 0 0 0 0 0 0 0 0 0 0 1 0 1 0 0 2 0 1 4 6 2 2 5 0 0 0 0 1 0 1 6 0 3 0 2 5 2 0 4 6 2 4 0 2 4 3 2 2 3
split_gain=87566.4 44002.2 266382 73457.4 11629.8 7607.28 39767.9 14933 19114.4 7493.66 6869.17 4485.41 3751.62 2162.48 1672.2 1374.36 1221.78 1178.15 997.444 993.462 855.662 843.088 486.162 11489.9 1100.33 640.136 4960.33 647.81 251.12 149.835 273.84 134.541 86.8281 47.4746 21.4364 26.2121 13.3184 12.4471 8.77777 6.77119 4.92749 15.076 102.206 4.16409 0.157759 0.0556671 0.0255037 0.0595245 0.000959146 0.00166504 7.57989e-05 5.65542e-07 6.96925e-07 1.41451e-07 9.69578e-08 2.21393e-08 1.56053e-08 3.11502e-11 2.00657e-11 2.33058e-12 1.81899e-12 1.81899e-12
threshold=1937.033333333334 3841.6666666666711 2460.5000000000005 3656.2500000000023 3534.6166666666686 6438.7416666666659 4564.0000000000009 6151.5000000000027 5887.5000000000009 2042.2249999999997 3754.3666666666682 6248.0250000000042 1825.4250000000002 6352.3583333333327 3606.200000000003 3461.233333333334 1989.4750000000008 1881.1083333333336 3799.3500000000008 6097.5250000000015 3702.4166666666683 6196.8833333333359 8052.808333333337 7306.0000000000009 8006.1500000000042 6517.5000000000009 7473.2833333333301 7503.7833333333301 197.15192803664129 6488.3499999999985 5887.5000000000009 12.721533333283579 43.500000000000007 237.10459140900767 202.08031519634304 11.500000000000002 6509.0416666666633 3886.4416666666716 7536.8833333333232 2098.4583333333358 5887.5000000000009 8089.4333333333298 7306.0000000000009 40.500000000000007 7569.0833333333303 810.05240962954792 2185.3000000000034 194.99629435552083 20.500000000000004 201.63596294695165 7620.7249999999976 17.083230086433364 46.500000000000007 166.99106670558578 4.9841787626460823 7665.7749999999905 217.75389928158828 8.56235908000534 1695.0839675011987 193.45042257198017 205.72432430723975 1353.4688952469539
decision_type=2 2 2 2 2 2 2 2 2 2 2 2 2 2 2 2 2 2 2 2 2 2 2 2 2 2 2 2 2 2 2 2 2 2 2 2 2 2 2 2 2 2 2 2 2 2 2 2 2 2 2 2 2 2 2 2 2 2 2 2 2 2
left_child=12 2 9 4 15 6 37 19 11 16 20 21 -1 -10 31 -4 -2 -14 -12 -8 -5 -9 23 25 -25 29 -27 -28 -15 30 -7 -6 -17 34 35 -13 -31 -3 -29 -11 -24 42 43 -42 -40 -41 47 -47 50 -50 -46 53 -53 -52 -55 -56 -49 -57 59 -59 -38 -43
right_child=1 5 3 10 14 22 7 8 13 39 18 33 17 28 -16 32 -18 -19 -20 -21 -22 -23 40 24 -26 26 27 38 -30 36 -32 -33 -34 -35 -36 -37 60 -39 44 45 41 61 -44 -45 48 46 -48 56 49 -51 51 52 -54 54 55 57 -58 58 -60 -61 -62 -63
leaf_value=1.9430397987365724 0.65595952700823545 -0.087394225993193686 3.2411754703521733 1.307119531016196 2.2800848388671873 -0.13203982346587712 1.4101885860966099 0.59217810775153346 1.3634117126464844 -0.095844735577702525 0.5630690664052963 -0.066007660984992986 1.4945104476064444 0.92525309648202814 1.7039891942342125 2.688536114162869 0.21903437180444599 1.0654582206159831 0.15443376951983998 1.0130336203612387 0.93853621929883957 0.22922840102110059 -0.1384551605870647 0.76502571791848717 0.35314755483019739 0.52151009736582643 0.16893065713700794 -0.084718007296323783 0.68896518376740545 -0.086543779727071529 0.076446693423869352 2.1089849789937336 2.8240954081217451 -0.04098279362633115 -0.15256464924567786 -0.13388233893748486 -0.11906100511550904 -0.11906100511550904 -0.11472743912176653 -0.12155630588531495 -0.12888790835504946 -0.11906100511550904 -0.019277168755178098 -0.16008293688297273 -0.11915520222290704 -0.12235168278217318 -0.11906100511550904 -0.1190628903252738 -0.11903720114912307 -0.11959859895706178 -0.11906483697891235 -0.11904898519101351 -0.11906116505463918 -0.119057537317276 -0.11906271251765164 -0.11906103076356832 -0.11906100511550904 -0.11906097577168391 -0.11906093250621448 -0.11906099493910627 -0.11906100511550904 -0.11906100511550904
leaf_weight=32 32 32 20 31 20 36 31 32 29 32 32 25 32 23 30 27 32 32 28 32 32 32 31 34 31 35 21 20 22 32 28 27 21 21 39 33 1077 1025 22 24 23 650 27 20 23 20 1020 21 28 25 25 23 24 20 22 33 23 26 22 41 897 1760
leaf_count=32 32 32 20 31 20 36 31 32 29 32 32 25 32 23 30 27 32 32 28 32 32 32 31 34 31 35 21 20 22 32 28 27 21 21 39 33 1077 1025 22 24 23 650 27 20 23 20 1020 21 28 25 25 23 24 20 22 33 23 26 22 41 897 1760
internal_value=-4.02933e-09 -0.0182308 0.228375 1.65403 2.41644 -0.0746679 0.0295653 0.518859 0.349152 -0.0889639 0.755254 0.0736596 1.501 1.02672 1.99564 2.89294 0.437497 1.27998 0.372373 1.20846 1.1199 0.410703 -0.103035 -0.0876346 0.568592 -0.104834 -0.0477554 -0.100887 0.809735 -0.116139 -0.040827 2.18179 2.74784 -0.109144 -0.1239 -0.104626 -0.118542 -0.118102 -0.116893 -0.11852 -0.118644 -0.118397 -0.0955223 -0.143397 -0.11882 -0.119174 -0.119122 -0.12009 -0.119108 -0.119302 -0.119069 -0.11906 -0.119055 -0.119061 -0.119061 -0.119061 -0.119062 -0.119061 -0.119061 -0.119061 -0.119061 -0.119061
internal_weight=8000 7904 1472 268 145 6432 1376 319 256 1204 123 182 96 74 77 68 64 64 60 63 63 64 5056 2545 65 2480 410 375 45 2070 64 47 48 118 97 58 2006 1057 354 1140 2511 2480 70 43 334 1108 1084 64 312 53 259 236 47 189 164 144 44 122 89 67 1974 2410
internal_count=8000 7904 1472 268 145 6432 1376 319 256 1204 123 182 96 74 77 68 64 64 60 63 63 64 5056 2545 65 2480 410 375 45 2070 64 47 48 118 97 58 2006 1057 354 1140 2511 2480 70 43 334 1108 1084 64 312 53 259 236 47 189 164 144 44 122 89 67 1974 2410
is_linear=0
shrinkage=0.05


Tree=37
num_leaves=63
num_cat=0
split_feature=0 0 1 0 0 0 1 0 1 0 0 0 0 0 0 0 0 0 0 0 4 0 0 0 1 0 1 0 0 2 2 0 1 0 3 0 0 0 3 1 0 1 6 2 0 0 5 2 5 5 0 0 0 2 0 5 4 2 4 0 4 4
split_gain=79028.6 39712 240410 66295.3 10496 6865.57 35890.6 13477 17250.7 6763.03 6199.42 4048.08 3385.83 2149.31 1951.64 1102.66 1063.28 900.193 896.599 792.56 789.563 772.235 604.353 438.761 10369.6 1021.26 577.723 4476.7 588.724 370.753 226.636 135.226 247.14 44.5213 37.0651 12.0199 11.2335 7.59705 6.51535 4.44706 13.6061 92.2413 3.75809 2.42975 27.8326 21.8794 1.87398 1.42246 0.0315243 0.00158169 0.00200463 0.00088281 9.44845e-05 0.000156592 2.84928e-06 2.71769e-07 7.40011e-07 1.03095e-07 7.76906e-08 1.3157e-09 2.77396e-11 1.50635e-11
threshold=1937.033333333334 3841.6666666666711 2460.5000000000005 3656.2500000000023 3555.7833333333333 6438.7416666666659 4564.0000000000009 6151.5000000000027 5887.5000000000009 2042.2249999999997 3754.3666666666682 6248.0250000000042 1825.4250000000002 3511.4750000000026 6352.3583333333327 1989.4750000000008 1881.1083333333336 3799.3500000000008 6097.5250000000015 3606.200000000003 16.125153681481422 3702.4166666666683 3461.233333333334 8052.808333333337 7306.0000000000009 7990.7333333333236 6517.5000000000009 7473.2833333333301 7518.9416666666575 202.08031519634304 197.15192803664129 6488.3499999999985 5887.5000000000009 6295.3583333333345 1447.2701121416487 6509.0416666666633 3886.4416666666716 7553.2999999999984 810.05240962954792 5887.5000000000009 8089.4333333333298 7306.0000000000009 40.500000000000007 184.92938523467157 2098.4583333333358 2185.3000000000034 9.5000000000000018 229.18805802966455 15.500000000000002 20.500000000000004 7745.7916666666561 7603.0499999999984 2185.3000000000034 212.03601857019183 7636.0833333333294 16.500000000000004 17.083230086433364 166.99106670558578 4.9841787626460823 7716.1666666666633 7.6318374878039377 13.691026452674514
decision_type=2 2 2 2 2 2 2 2 2 2 2 2 2 2 2 2 2 2 2 2 2 2 2 2 2 2 2 2 2 2 2 2 2 2 2 2 2 2 2 2 2 2 2 2 2 2 2 2 2 2 2 2 2 2 2 2 2 2 2 2 2 2
left_child=12 2 9 4 13 6 36 18 11 15 21 20 -1 22 -10 -2 -14 -12 -8 -6 29 -5 -4 24 26 -26 31 -28 -29 -9 -16 32 -7 -13 -27 -33 -3 -30 -11 -25 41 42 -41 45 -45 -40 -35 48 -48 51 -51 -39 53 -46 -53 56 57 -56 -59 -60 -61 -62
right_child=1 5 3 10 19 23 7 8 14 38 17 33 16 -15 30 -17 -18 -19 -20 -21 -22 -23 -24 39 25 34 27 28 37 -31 -32 35 -34 46 -36 -37 -38 49 43 40 -42 -43 -44 44 52 -47 47 -49 -50 50 -52 54 -54 -55 55 -57 -58 58 59 60 61 -63
leaf_value=1.8458878308534623 0.62316154390573508 -0.083024516375735408 3.0791167449951171 1.2417635733081449 1.9765122145414353 -0.12543782823615604 1.3396791123574781 0.37497190825995946 1.2952411273430133 -0.087349893569946296 0.534915616735816 -0.05333804390393198 1.4197849184274673 2.342073839902878 0.87899042766986657 0.20808265954256058 1.0121853282209485 0.1467120749609811 0.9623819412663579 1.6187897618611655 0.15569049638250601 0.89160941280424599 2.7265799245526718 -0.13153240257693874 0.79920259726544218 0.3398141884803772 0.49543458029361709 0.10926534354221076 -0.14488214500248434 0.67577334165573122 0.65451692891391844 -0.082216585357673469 0.072624357536967318 -0.13363319360292877 0.43492286262058077 -0.11310795545578003 -0.11310795545578003 -0.11279376840591432 -0.062506357483241876 -0.12244351117507271 -0.11310795545578003 -0.018313310874833 -0.15207878828048707 -0.17144408566611155 -0.1129284530878067 -0.11310795545578003 -0.11352222681045532 -0.12844986021518709 -0.11071490168571473 -0.11375515915098644 -0.1131302493991274 -0.11308857636018232 -0.11310795545578003 -0.11310790315751107 -0.11311137795448303 -0.11311195389977818 -0.11309908584312156 -0.11310465514659883 -0.11310838162899017 -0.11310799241065979 -0.11310794060347512 -0.1131078944206238
leaf_weight=32 32 32 20 31 32 36 31 21 29 25 32 32 32 32 23 32 32 28 32 30 23 32 31 31 24 20 35 32 20 20 22 32 28 26 21 1974 1025 25 23 23 2410 27 20 21 20 300 20 20 20 21 33 22 720 31 20 29 27 20 20 20 61 25
leaf_count=32 32 32 20 31 32 36 31 21 29 25 32 32 32 32 23 32 32 28 32 30 23 32 31 31 24 20 35 32 20 20 22 32 28 26 21 1974 1025 25 23 23 2410 27 20 21 20 300 20 20 20 21 33 22 720 31 20 29 27 20 20 20 61 25
internal_value=-3.94466e-09 -0.0173193 0.216956 1.57133 2.29562 -0.0709345 0.028087 0.492916 0.331695 -0.0845157 0.717491 0.0699766 1.42595 2.66329 0.97538 0.415622 1.21599 0.353754 1.14804 1.80342 0.390168 1.06391 2.86483 -0.0978834 -0.0832529 0.540162 -0.0995924 -0.0453677 -0.0958425 0.521704 0.769248 -0.110333 -0.0387856 -0.103687 0.388528 -0.112615 -0.112197 -0.114978 -0.112594 -0.112712 -0.112477 -0.0907462 -0.136227 -0.11316 -0.11465 -0.109505 -0.122421 -0.117562 -0.112119 -0.113126 -0.113373 -0.113077 -0.113103 -0.113038 -0.113106 -0.113107 -0.113107 -0.113108 -0.113108 -0.113108 -0.113108 -0.113108
internal_weight=8000 7904 1472 268 145 6432 1376 319 256 1204 123 182 96 83 74 64 64 60 63 62 64 63 51 5056 2545 65 2480 410 375 41 45 2070 64 118 41 2006 1057 343 1140 2511 2480 70 43 1115 792 323 86 60 40 323 54 269 771 51 244 222 193 166 146 126 106 86
internal_count=8000 7904 1472 268 145 6432 1376 319 256 1204 123 182 96 83 74 64 64 60 63 62 64 63 51 5056 2545 65 2480 410 375 41 45 2070 64 118 41 2006 1057 343 1140 2511 2480 70 43 1115 792 323 86 60 40 323 54 269 771 51 244 222 193 166 146 126 106 86
is_linear=0
shrinkage=0.05


Tree=38
num_leaves=63
num_cat=0
split_feature=0 0 1 0 0 0 0 1 0 1 0 0 0 0 0 0 2 2 0 0 3 2 4 0 0 1 0 1 0 0 5 3 0 1 4 2 2 5 0 0 0 0 1 0 1 6 0 3 0 2 5 2 0 4 0 2 2 4 0 6 4 4
split_gain=71323.4 35840.1 216970 59892.1 8235.9 7063.58 6196.17 32391.2 12163 15568.8 6103.63 3653.39 3055.71 1761.35 1505.15 1358.09 1058.91 964.818 809.181 748.107 694.735 667.442 595.934 545.428 395.982 9358.6 923.887 521.395 4055.96 903.851 219.078 207.546 122.042 223.044 54.5375 43.3351 18.9973 24.5134 10.8479 10.1382 6.7564 5.47931 4.01348 12.2795 83.2477 3.39168 0.201344 0.119716 0.0537842 0.125158 0.000760368 0.00150585 8.5234e-05 4.70346e-07 6.03614e-07 2.36995e-07 1.16171e-07 8.06972e-08 2.73631e-08 6.19593e-11 2.59774e-11 1.27898e-11
threshold=1937.033333333334 3841.6666666666711 2460.5000000000005 3628.9750000000026 3729.6416666666687 3511.4750000000026 6438.7416666666659 4564.0000000000009 6151.5000000000027 5887.5000000000009 2042.2249999999997 6248.0250000000042 1825.4250000000002 6352.3583333333327 3580.358333333334 3777.3833333333346 179.61949435877156 217.03197306294751 6097.5250000000015 6196.8833333333359 1494.0815919675717 209.04692232613951 13.616704713173869 3461.233333333334 8052.808333333337 7306.0000000000009 8006.1500000000042 6517.5000000000009 7503.7833333333301 7455.9416666666648 14.500000000000002 1449.9313192269756 6488.3499999999985 5887.5000000000009 10.657496937984229 237.10459140900767 202.08031519634304 11.500000000000002 6509.0416666666633 3886.4416666666716 2098.4583333333358 7536.8833333333232 5887.5000000000009 8089.4333333333298 7306.0000000000009 40.500000000000007 7569.0833333333303 810.05240962954792 2185.3000000000034 194.99629435552083 20.500000000000004 188.67758377416467 7620.7249999999976 17.083230086433364 7824.9999999999964 217.75389928158828 167.70988574225592 4.9841787626460823 7665.7749999999905 43.500000000000007 7.564731759945686 13.22813582664725
decision_type=2 2 2 2 2 2 2 2 2 2 2 2 2 2 2 2 2 2 2 2 2 2 2 2 2 2 2 2 2 2 2 2 2 2 2 2 2 2 2 2 2 2 2 2 2 2 2 2 2 2 2 2 2 2 2 2 2 2 2 2 2 2
left_child=12 2 10 5 20 23 7 39 18 11 16 19 -1 -11 34 -6 -2 22 -9 -10 -5 -18 -14 -4 25 27 -27 32 29 -29 -15 -17 33 -8 -7 36 37 -13 -34 -3 -12 -30 -26 44 45 -44 -43 -42 49 -49 52 -52 -48 56 -55 -51 -54 -58 -59 60 -60 -62
right_child=1 6 3 4 15 14 24 8 9 13 40 35 17 30 -16 31 21 -19 -20 -21 -22 -23 -24 -25 42 26 -28 28 41 -31 -32 -33 38 -35 -36 -37 -38 -39 -40 -41 47 46 43 -45 -46 -47 50 48 -50 55 51 -53 53 54 -56 -57 57 58 59 -61 61 -63
leaf_value=1.7535934194922449 0.093179448246955884 -0.078873289027251312 2.9251609039306641 1.3473764479160311 0.66748087843259185 2.2110010237920856 -0.11916593710581463 1.2726951681798504 0.54160686144605286 1.2304790685916771 -0.084313844470307237 -0.057110124588012706 0.81181801915168761 0.6321102267205716 1.7090749336011481 0.34484926547322958 0.71803831548794461 1.4058124070366225 0.91426285188645129 0.19971251899842174 1.0179036632180214 0.32815970579783121 1.1978018811345101 2.5902508827947806 -0.12495578373632124 0.69315041864619542 0.31573824882507329 0.61162477447873076 -0.080227048918604854 0.19670051251138962 0.85412945099174975 0.12743915202824965 -0.078105762961786243 0.068993143005562682 2.1017018089294437 -0.033380663962591262 -0.13958508846087334 -0.12274859610832099 -0.10745254755020142 -0.10745254755020142 -0.11111099720001222 -0.10254698449915106 -0.11632133514984795 -0.10745254755020142 -0.017397644453578526 -0.14447485029697418 -0.10755262582198433 -0.11222639441490175 -0.10745254755020142 -0.10745990616934641 -0.10732626080513002 -0.1078760887637283 -0.10745594148282651 -0.1074407321214676 -0.10745219257142809 -0.10745255947113037 -0.10744942545890808 -0.10745448384966171 -0.10745259642601013 -0.10745245272463018 -0.10745254431740713 -0.10745249807834625
leaf_weight=32 20 32 20 32 30 21 36 31 32 29 32 25 20 25 33 21 23 24 32 32 32 21 20 31 31 34 31 21 20 35 20 23 32 28 25 21 39 33 1974 1025 24 22 23 2410 27 20 23 20 1020 21 20 33 27 20 27 23 20 21 20 22 59 20
leaf_count=32 20 32 20 32 30 21 36 31 32 29 32 25 20 25 33 21 23 24 32 32 32 21 20 31 31 34 31 21 20 35 20 23 32 28 25 21 39 33 1974 1025 24 22 23 2410 27 20 23 20 1020 21 20 33 27 20 27 23 20 21 20 22 59 20
internal_value=4.33419e-09 -0.0164533 0.206108 1.49276 0.767292 2.26288 -0.0673878 0.0266827 0.46827 0.31511 -0.0802899 0.0664778 1.35466 0.926611 1.96675 0.408072 0.394841 1.15519 1.09063 0.37066 1.18264 0.53196 1.00481 2.72159 -0.0929892 -0.0790902 0.513154 -0.0946127 -0.0430993 0.352297 0.730785 0.231203 -0.104816 -0.0368463 2.1516 -0.0985023 -0.112601 -0.0944562 -0.106984 -0.106587 -0.106964 -0.105648 -0.107076 -0.106853 -0.0862089 -0.129416 -0.10717 -0.107618 -0.107541 -0.108947 -0.107496 -0.107669 -0.107461 -0.107452 -0.107447 -0.107456 -0.107453 -0.107452 -0.107453 -0.107453 -0.107453 -0.107453
internal_weight=8000 7904 1472 268 138 130 6432 1376 319 256 1204 182 96 74 79 74 64 64 63 64 64 44 40 51 5056 2545 65 2480 410 56 45 44 2070 64 46 118 97 58 2006 1057 1140 354 2511 2480 70 43 334 1108 1084 64 312 53 259 236 47 44 189 162 142 121 99 79
internal_count=8000 7904 1472 268 138 130 6432 1376 319 256 1204 182 96 74 79 74 64 64 63 64 64 44 40 51 5056 2545 65 2480 410 56 45 44 2070 64 46 118 97 58 2006 1057 1140 354 2511 2480 70 43 334 1108 1084 64 312 53 259 236 47 44 189 162 142 121 99 79
is_linear=0
shrinkage=0.05


Tree=39
num_leaves=63
num_cat=0
split_feature=0 0 1 0 0 0 1 0 1 0 0 0 0 0 0 2 0 0 2 0 4 0 0 1 0 1 0 0 2 2 3 3 0 1 0 3 0 0 0 1 0 1 6 5 2 3 5 0 2 5 0 0 0 5 4 2 2 4 0 4 4 0
split_gain=64369.3 32345.7 195816 54215.4 8589.31 5593.64 26635.1 12370.9 12622.5 5540 5019.47 3497.35 3002.24 2805.03 1223.27 1184.19 1033.81 969.199 785.962 760.842 705.465 641.077 340.393 8465.71 855.505 486.645 3665 480.719 329.667 264.708 102.093 52.9442 51.6867 374.021 40.9123 36.4083 9.14974 7.1974 6.09766 3.62216 11.0823 75.1311 3.06099 2.35153 1.92592 0.108044 0.0535823 0.0485399 0.112955 0.0012816 0.00185046 0.000366964 3.11377e-06 2.53188e-07 6.30648e-07 2.14483e-07 8.4156e-08 6.30292e-08 8.95511e-10 2.48406e-11 1.27329e-11 1.81899e-12
threshold=1937.033333333334 3841.6666666666711 2460.5000000000005 3656.2500000000023 3534.6166666666686 6466.4916666666641 4564.0000000000009 6151.5000000000027 5887.5000000000009 1989.4750000000008 3754.3666666666682 6248.0250000000042 6382.2166666666662 1881.1083333333336 3580.358333333334 213.66395305279246 3484.8166666666684 2042.2249999999997 199.55190901102881 3799.3500000000008 16.125153681481422 3702.4166666666683 8052.808333333337 7306.0000000000009 7990.7333333333236 6517.5000000000009 7473.2833333333301 7518.9416666666575 202.08031519634304 212.69343560665888 1384.1763264522369 1477.574999842426 6509.0416666666633 5887.5000000000009 6295.3583333333345 1447.2701121416487 3886.4416666666716 7553.2999999999984 2098.4583333333358 5887.5000000000009 8089.4333333333298 7306.0000000000009 40.500000000000007 9.5000000000000018 229.6690084641173 810.05240962954792 12.500000000000002 2185.3000000000034 194.99629435552083 20.500000000000004 7745.7916666666561 7603.0499999999984 7636.0833333333294 16.500000000000004 17.083230086433364 217.75389928158828 166.99106670558578 4.9841787626460823 7716.1666666666633 12.782257819149942 7.6318374878039377 7978.2999999999956
decision_type=2 2 2 2 2 2 2 2 2 2 2 2 2 2 2 2 2 2 2 2 2 2 2 2 2 2 2 2 2 2 2 2 2 2 2 2 2 2 2 2 2 2 2 2 2 2 2 2 2 2 2 2 2 2 2 2 2 2 2 2 2 2
left_child=13 2 9 4 16 6 36 18 11 -2 21 20 29 15 -6 -1 -4 -11 -8 -12 28 -5 23 25 -25 32 -27 -28 -9 -10 -16 -14 33 -7 -13 -26 -3 -29 -19 -24 41 42 -41 -36 46 -40 -45 48 -47 51 -51 -39 -53 54 56 -50 -54 -58 -59 60 -60 -34
right_child=1 5 3 10 14 22 7 8 12 17 19 34 31 -15 30 -17 -18 38 -20 -21 -22 -23 39 24 35 26 27 37 -30 -31 -32 -33 61 -35 43 -37 -38 49 45 40 -42 -43 -44 44 -46 47 -48 -49 55 50 -52 52 53 -55 -56 -57 57 58 59 -61 -62 -63
leaf_value=1.2883554788099396 0.57280804514884953 -0.074929614923894411 2.6719169071742468 1.1197462574128181 1.9678669107371363 -0.18113476230252176 0.82542673303530778 0.33809732881685101 1.1868942436717806 0.1773898558691144 0.48523950865492227 -0.045507941488176586 0.41140660359745934 0.90469794489326893 1.6294888575871784 1.7219074785709383 2.2818364692456794 -0.080098147876560694 1.1841450929641724 0.12834573462605478 0.13048786067444346 0.80071045756340031 -0.11870799641455375 0.72458493066175533 0.30043185740709305 0.44838011877877371 0.098726739315316087 -0.13301288947463036 0.6217422296106816 0.94136339322380413 1.4836483558019005 0.52368196114188148 -0.10207992792129517 0.060728669488294564 -0.12159879784430228 0.39469400133405413 -0.10207992792129517 -0.10187656068801881 -0.10555545091629029 -0.11050526888474176 -0.10207992792129517 -0.016527762346797519 -0.13725110679864883 -0.10238150358200074 -0.11851429611444474 -0.10661507785320282 -0.099169227656196152 -0.10207992792129517 -0.10208691699164255 -0.10269283113025485 -0.10209243261452877 -0.10205975554206155 -0.102083016037941 -0.10208383223106121 -0.10207173471097593 -0.10207992792129517 -0.10207695007324219 -0.10208027839660645 -0.10207996308803557 -0.10207987507184346 -0.10207991663898741 -0.10207992792129517
leaf_weight=36 32 32 35 31 29 31 26 21 21 32 32 32 21 32 24 28 33 32 37 28 23 32 31 24 20 35 32 20 20 23 24 21 1885 33 31 21 1025 25 24 23 2410 27 20 21 20 20 34 1020 21 21 33 22 20 29 27 23 20 20 20 30 56 89
leaf_count=36 32 32 35 31 29 31 26 21 21 32 32 32 21 32 24 28 33 32 37 28 23 32 31 24 20 35 32 20 20 23 24 21 1885 33 31 21 1025 25 24 23 2410 27 20 21 20 20 34 1020 21 21 33 22 20 29 27 23 20 20 20 30 56 89
internal_value=-2.02579e-09 -0.0156306 0.195803 1.41812 2.07311 -0.0640184 0.0240597 0.401441 0.262608 -0.0762754 0.645985 0.046625 0.769919 1.28692 1.71147 1.47803 2.48261 -0.0939979 1.0361 0.318689 0.352127 0.957696 -0.0887027 -0.0756931 0.487496 -0.0906471 -0.0409443 -0.0866146 0.476461 1.05855 1.55657 0.467544 -0.100646 -0.0564239 -0.095057 0.348712 -0.101258 -0.103906 -0.101616 -0.101723 -0.10151 -0.0818985 -0.122945 -0.110015 -0.105227 -0.102237 -0.100396 -0.102164 -0.103499 -0.102104 -0.102326 -0.102059 -0.102078 -0.102079 -0.102079 -0.102083 -0.10208 -0.10208 -0.10208 -0.10208 -0.10208 -0.10208
internal_weight=8000 7904 1472 268 145 6432 1408 351 288 1204 123 202 86 96 77 64 68 1172 63 60 64 63 5024 2513 65 2448 410 375 41 44 48 42 2038 64 138 41 1057 343 1140 2511 2480 70 43 106 75 1108 55 1084 64 323 54 269 244 222 193 44 166 146 126 106 76 1974
internal_count=8000 7904 1472 268 145 6432 1408 351 288 1204 123 202 86 96 77 64 68 1172 63 60 64 63 5024 2513 65 2448 410 375 41 44 48 42 2038 64 138 41 1057 343 1140 2511 2480 70 43 106 75 1108 55 1084 64 323 54 269 244 222 193 44 166 146 126 106 76 1974
is_linear=0
shrinkage=0.05


Tree=40
num_leaves=63
num_cat=0
split_feature=0 0 1 0 0 0 1 0 1 0 0 0 0 0 0 0 0 2 0 0 0 3 4 0 0 1 0 1 0 0 2 3 0 1 5 4 4 0 0 3 4 0 0 1 0 1 6 2 0 0 0 4 0 2 5 0 6 4 2 4 4 4
split_gain=58093.3 29192 176724 48929.4 7753.47 5066.68 26456.1 9881.46 12784.3 4999.85 4538.08 2976.06 2610.87 1575.82 1463.38 1094.58 874.702 836.474 716.7 663.799 587.993 551.097 523.855 461.593 320.23 7625.21 776.013 426.372 3319.76 772.888 196.405 183.311 90.1103 160.892 41.7593 10.4401 20.9406 8.25764 8.13124 6.02805 3.75061 19.9408 6.79203 3.269 10.0017 67.8058 2.76254 2.19696 27.2094 19.1608 0.000642463 0.00047367 0.00032733 0.000541363 0.000231443 7.6355e-05 1.86168e-07 1.16822e-07 8.01662e-08 5.20999e-08 5.5536e-11 1.48361e-11
threshold=1937.033333333334 3841.6666666666711 2460.5000000000005 3656.2500000000023 3555.7833333333333 6438.7416666666659 4564.0000000000009 6151.5000000000027 5887.5000000000009 1989.4750000000008 3777.3833333333346 6248.0250000000042 1825.4250000000002 3511.4750000000026 6352.3583333333327 3729.6416666666687 2042.2249999999997 217.03197306294751 6097.5250000000015 6196.8833333333359 3606.200000000003 1557.3934167696352 13.616704713173869 3461.233333333334 8052.808333333337 7306.0000000000009 8006.1500000000042 6517.5000000000009 7503.7833333333301 7455.9416666666648 197.15192803664129 1449.9313192269756 6488.3499999999985 5887.5000000000009 8.5000000000000018 20.026926979568984 10.723359799397397 3886.4416666666716 6509.0416666666633 810.05240962954792 14.150588149383415 7569.0833333333303 7588.0666666666575 5887.5000000000009 8089.4333333333298 7306.0000000000009 40.500000000000007 184.92938523467157 2098.4583333333358 2185.3000000000034 7700.7583333333232 27.826445347560526 2185.3000000000034 212.03601857019183 19.500000000000004 7653.2166666666635 46.500000000000007 16.65761709468736 166.99106670558578 4.9841787626460823 10.723359799397397 7.2421380655963699
decision_type=2 2 2 2 2 2 2 2 2 2 2 2 2 2 2 2 2 2 2 2 2 2 2 2 2 2 2 2 2 2 2 2 2 2 2 2 2 2 2 2 2 2 2 2 2 2 2 2 2 2 2 2 2 2 2 2 2 2 2 2 2 2
left_child=12 2 9 4 13 6 37 18 11 -2 15 19 -1 23 -10 21 -11 22 -8 -9 -6 -5 -14 -4 25 27 -27 32 29 -29 -16 -12 33 -7 -13 36 -36 -3 -34 -18 41 -30 -42 -26 45 46 -45 49 -49 -41 -44 54 53 -50 56 -43 57 -52 -57 -60 61 -61
right_child=1 5 3 10 20 24 7 8 14 16 31 34 17 -15 30 -17 39 -19 -20 -21 -22 -23 -24 -25 43 26 -28 28 40 -31 -32 -33 38 -35 35 -37 -38 -39 -40 47 42 55 50 44 -46 -47 -48 48 52 -51 51 -53 -54 -55 -56 58 -58 -59 59 60 -62 -63
leaf_value=1.5913345806300641 0.54416765980422499 -0.071183129725977776 2.6453070831298828 1.1252210378646852 1.6955088973045349 -0.10621832774745094 1.1556389341431279 0.49554721591994166 1.1163836618949627 0.16852037142962217 0.31354179141067329 -0.028472014225047568 0.71723517417907723 2.0104194074869155 0.7630756843349209 0.60248386303583779 -0.072253585815429691 1.2715591696401438 0.8183104202151299 0.1734935484826565 1.3873914178212485 0.78405319869518286 1.0791241688281299 2.3372090985698084 -0.11277259588241578 0.62808533716289439 0.28219310026015004 0.55862452302660259 -0.049111005485057833 0.17493608087301254 0.55410907417535782 0.10921891341390817 -0.071568231715355077 0.053589081910571879 -0.12642009788089328 -0.12856395861198164 -0.069137595326472553 -0.096975928544998174 -0.096975928544998174 -0.049622214877087144 -0.12691435983235186 -0.09706288614580709 -0.097222319877508914 -0.10498000331546949 -0.096975928544998174 -0.015701373004251059 -0.13038855075836184 -0.15465127712204343 -0.096642035245895389 -0.096975928544998174 -0.096976355427787431 -0.096750554144382481 -0.096975928544998174 -0.096975694740972215 -0.097169669866561892 -0.096978854238986972 -0.096979159345993632 -0.096971015930175791 -0.096973105072975171 -0.096975975930690766 -0.096975863293597586 -0.096975922741388026
leaf_weight=32 32 32 20 29 32 36 31 32 29 32 21 23 20 32 23 30 25 24 32 32 30 20 20 31 31 34 31 21 25 35 22 23 32 28 27 29 39 1025 1974 23 22 31 33 23 2410 27 20 21 20 300 21 20 720 31 20 20 26 20 20 20 38 38
leaf_count=32 32 32 20 29 32 36 31 32 29 32 21 23 20 32 23 30 25 24 32 32 30 20 20 31 31 34 31 21 25 35 22 23 32 28 27 29 39 1025 1974 23 22 31 33 23 2410 27 20 21 20 300 21 20 720 31 20 20 26 20 20 20 38 38
internal_value=6.13555e-10 -0.0148491 0.186013 1.34722 1.96946 -0.0608175 0.024248 0.423334 0.285284 -0.0724617 0.613686 0.0599801 1.22258 2.28546 0.839409 0.840342 -0.089298 1.0382 0.984297 0.33452 1.54642 0.985969 0.89818 2.45803 -0.0839682 -0.0714691 0.463121 -0.0854806 -0.0388971 0.318819 0.660914 0.206737 -0.0947073 -0.0363026 -0.0889231 -0.103559 -0.0925713 -0.0961951 -0.0965706 -0.096535 -0.095485 -0.0907576 -0.101088 -0.0966365 -0.0964348 -0.0778035 -0.116798 -0.0970794 -0.0984968 -0.093604 -0.0970294 -0.09697 -0.0969673 -0.0968448 -0.0970204 -0.0969921 -0.0969758 -0.0969738 -0.0969759 -0.0969754 -0.0969759 -0.0969759
internal_weight=8000 7904 1472 268 145 6432 1376 319 256 1204 123 182 96 83 74 79 1172 64 63 64 62 49 40 51 5056 2545 65 2480 410 56 45 44 2070 64 118 95 66 1057 2006 1140 354 192 162 2511 2480 70 43 1115 792 323 140 107 771 51 87 167 67 41 136 116 96 58
internal_count=8000 7904 1472 268 145 6432 1376 319 256 1204 123 182 96 83 74 79 1172 64 63 64 62 49 40 51 5056 2545 65 2480 410 56 45 44 2070 64 118 95 66 1057 2006 1140 354 192 162 2511 2480 70 43 1115 792 323 140 107 771 51 87 167 67 41 136 116 96 58
is_linear=0
shrinkage=0.05


Tree=41
num_leaves=63
num_cat=0
split_feature=0 0 1 0 0 0 0 1 0 1 0 0 0 0 0 4 0 0 2 4 5 3 0 2 0 1 0 1 0 0 5 0 3 0 1 4 2 3 2 5 4 0 0 0 2 0 0 1 0 1 6 3 0 2 0 4 0 5 4 5 2 6
split_gain=52429.2 26345.7 159493 44173.6 6054.72 5208.34 4572.68 23876.6 8918.02 11537.8 4512.37 2685.89 2393.36 1320.7 1087.7 1038.51 1009.69 789.419 696.543 630.347 592.301 556.269 416.587 293.138 289.008 6881.75 716.58 384.801 3000.8 541.254 187.603 186.561 104.439 81.3246 145.205 47.1117 39.5986 35.5401 17.0951 21.2686 7.9699 7.33844 6.59916 6.13177 3.25466 31.6493 25.9816 2.95027 9.02657 61.1947 2.4932 0.18428 0.081086 0.18791 0.00067997 0.00104552 0.00162527 0.00123606 0.000391652 0.000210341 1.26378e-06 3.00412e-07
threshold=1937.033333333334 3841.6666666666711 2460.5000000000005 3628.9750000000026 3729.6416666666687 3511.4750000000026 6438.7416666666659 4564.0000000000009 6151.5000000000027 5887.5000000000009 1989.4750000000008 6248.0250000000042 1881.1083333333336 6352.3583333333327 3580.358333333334 13.691026452674514 3799.3500000000008 2042.2249999999997 199.55190901102881 16.125153681481422 18.500000000000004 1494.0815919675717 3461.233333333334 202.08031519634304 8052.808333333337 7306.0000000000009 7990.7333333333236 6517.5000000000009 7487.8749999999964 7455.9416666666648 14.500000000000002 7518.9416666666575 1531.0613368104598 6488.3499999999985 5887.5000000000009 10.657496937984229 237.10459140900767 1447.2701121416487 202.08031519634304 11.500000000000002 2.5936076843741032 6509.0416666666633 7553.2999999999984 2098.4583333333358 193.14793500313135 3886.4416666666716 3987.4166666666711 5887.5000000000009 8089.4333333333298 7306.0000000000009 40.500000000000007 810.05240962954792 2185.3000000000034 194.99629435552083 7700.7583333333232 14.150588149383415 7620.7249999999976 17.500000000000004 27.826445347560526 19.500000000000004 217.75389928158828 49.500000000000007
decision_type=2 2 2 2 2 2 2 2 2 2 2 2 2 2 2 2 2 2 2 2 2 2 2 2 2 2 2 2 2 2 2 2 2 2 2 2 2 2 2 2 2 2 2 2 2 2 2 2 2 2 2 2 2 2 2 2 2 2 2 2 2 2
left_child=12 2 10 5 21 22 7 40 18 11 -2 19 15 -11 35 -1 32 -12 -9 23 -17 -5 -4 -10 25 27 -27 33 29 -29 -15 -30 -6 34 -8 -7 38 -28 39 -13 -3 -35 -33 -19 46 -46 -42 -26 49 50 -49 -45 53 -53 55 56 -44 -57 59 61 -55 -56
right_child=1 6 3 4 16 14 24 8 9 13 17 36 -14 30 -16 20 -18 43 -20 -21 -22 -23 -24 -25 47 26 37 28 31 -31 -32 42 -34 41 -36 -37 -38 -39 -40 -41 44 -43 54 51 45 -47 -48 48 -50 -51 -52 52 -54 60 58 57 -58 -59 -60 -61 -62 -63
leaf_value=1.0690654982691228 0.51695927921682594 -0.060122128725051883 2.5130416107177735 1.160350924730301 0.5650426586469014 1.8993052437191917 -0.10090741134352155 0.73675279044187991 0.30484984701588042 1.0605644941329957 0.16009435318410398 -0.045955000877380373 0.80838343501091003 0.53655642580986018 1.467909489255963 1.674295313017709 0.11208915268736226 -0.070130503503605723 1.0744495031801431 0.10828762434261002 1.2940985022485256 0.86553410291671762 2.2203486411802231 0.57231880851089956 -0.1071339664920684 0.65695142162342868 0.26524749249219898 0.53069330113274715 0.059627457069499158 0.18636732217669488 0.74200863532721995 -0.12176710352301599 0.41422100114551458 -0.067989825364202269 0.050909625313111717 1.79771932220459 -0.022226040136246458 0.35837899531636919 -0.12355163341913469 -0.10709510310129687 -0.043653792242209118 -0.092127132415771487 -0.092735738803943008 -0.096664994955062866 -0.1545175883032027 -0.092127132415771487 -0.092127132415771487 -0.099731003719827405 -0.092127132415771487 -0.014916304057395018 -0.12386912435293199 -0.097980364561080946 -0.092127132415771487 -0.092144109521593368 -0.09212630954457493 -0.091815923452377324 -0.092170241364726319 -0.09236515675272261 -0.091913025379180918 -0.092287262108014981 -0.092127144336700439 -0.092132298896710083
leaf_weight=23 32 20 20 32 24 21 36 26 21 29 32 25 32 25 33 21 28 32 37 23 20 32 31 20 31 24 20 21 21 25 20 20 22 32 28 25 21 21 39 33 30 1974 24 24 21 634 352 23 2410 27 20 20 1020 21 164 20 27 21 20 23 23 24
leaf_count=23 32 20 20 32 24 21 36 26 21 29 32 25 32 25 33 21 28 32 37 23 20 32 31 20 31 24 20 21 21 25 20 20 22 32 28 25 21 21 39 33 30 1974 24 24 21 634 352 23 2410 27 20 20 1020 21 164 20 27 21 20 23 23 24
internal_value=1.1737e-10 -0.0141066 0.176712 1.27986 0.656817 1.94124 -0.0577766 0.0230356 0.402167 0.27102 -0.0688386 0.0569811 1.16145 0.797439 1.68695 1.33798 0.348816 -0.0848331 0.935083 0.317794 1.48883 1.01294 2.33513 0.435323 -0.0797698 -0.0678957 0.439965 -0.0812066 -0.0369522 0.34356 0.627869 -0.0850389 0.492911 -0.0899719 -0.0344875 1.8441 -0.0844769 0.312949 -0.0979539 -0.0807416 -0.0913853 -0.0917421 -0.093896 -0.0917082 -0.0919883 -0.0941274 -0.0883203 -0.0918047 -0.091613 -0.0739134 -0.110958 -0.0923314 -0.0922355 -0.0939618 -0.0921703 -0.0922852 -0.0924364 -0.0920972 -0.0921245 -0.0921445 -0.0921352 -0.0921271
internal_weight=8000 7904 1472 268 138 130 6432 1376 319 256 1204 182 96 74 79 64 74 1172 63 64 41 64 51 41 5056 2545 65 2480 410 46 45 364 46 2070 64 46 118 41 97 58 1057 2006 343 1140 1037 655 382 2511 2480 70 43 1108 1084 64 323 92 51 41 231 211 44 188
internal_count=8000 7904 1472 268 138 130 6432 1376 319 256 1204 182 96 74 79 64 74 1172 63 64 41 64 51 41 5056 2545 65 2480 410 46 45 364 46 2070 64 46 118 41 97 58 1057 2006 343 1140 1037 655 382 2511 2480 70 43 1108 1084 64 323 92 51 41 231 211 44 188
is_linear=0
shrinkage=0.05


Tree=42
num_leaves=63
num_cat=0
split_feature=0 0 1 0 0 0 1 0 1 0 0 0 0 0 0 0 0 2 0 3 0 3 4 0 1 0 1 0 0 2 6 3 4 0 1 5 3 0 0 0 0 4 0 0 1 0 1 6 2 3 0 2 0 2 4 0 4 5 2 0 2 6
split_gain=47317.4 23777 143942 40014.8 6345.37 4126.84 21548.7 8048.51 10412.9 4072.41 3726.16 2478.1 2203.6 1191.93 887.553 853.326 764.014 757.614 712.451 665.794 534.887 462.131 435.555 260.829 6210.78 665.653 347.283 2715.03 354.563 174.367 158.022 96.4826 79.805 73.3954 131.048 36.9529 9.12324 15.0399 8.29201 6.62295 5.53393 3.24709 16.5335 6.25727 2.66262 8.14648 55.2283 2.25011 0.392546 0.166313 0.07318 0.169589 0.0160847 0.0311472 0.012214 0.000584359 0.000386562 0.0001912 0.000109578 4.4253e-05 1.1403e-06 1.54024e-07
threshold=1937.033333333334 3841.6666666666711 2460.5000000000005 3656.2500000000023 3534.6166666666686 6438.7416666666659 4564.0000000000009 6151.5000000000027 5887.5000000000009 1989.4750000000008 3777.3833333333346 6196.8833333333359 1825.4250000000002 6352.3583333333327 3606.200000000003 3729.6416666666687 3484.8166666666684 217.03197306294751 2042.2249999999997 1573.9812949626958 6248.0250000000042 1557.3934167696352 13.616704713173869 8052.808333333337 7306.0000000000009 8017.0583333333243 6517.5000000000009 7473.2833333333301 7503.7833333333301 197.15192803664129 37.500000000000007 1331.1309488765594 13.344528861749184 6488.3499999999985 5887.5000000000009 8.5000000000000018 1813.3314588401724 6295.3583333333345 3886.4416666666716 6509.0416666666633 2098.4583333333358 14.150588149383415 7569.0833333333303 7588.0666666666575 5887.5000000000009 8089.4333333333298 7306.0000000000009 40.500000000000007 215.92716181407974 810.05240962954792 2185.3000000000034 194.99629435552083 3987.4166666666711 194.03350452319555 3.0059173825934873 7700.7583333333232 27.826445347560526 19.500000000000004 216.61229308386473 7653.2166666666635 217.75389928158828 46.500000000000007
decision_type=2 2 2 2 2 2 2 2 2 2 2 2 2 2 2 2 2 2 2 2 2 2 2 2 2 2 2 2 2 2 2 2 2 2 2 2 2 2 2 2 2 2 2 2 2 2 2 2 2 2 2 2 2 2 2 2 2 2 2 2 2 2
left_child=12 2 9 4 16 6 38 19 11 -2 15 -9 -1 -10 31 21 -4 22 -11 -8 -13 -5 -14 24 26 32 33 -28 -29 -15 -12 -6 -26 34 -7 -22 37 -37 -3 -35 -20 42 -30 -43 -25 46 47 -46 -39 -42 51 -51 53 -40 -54 -45 57 61 -55 -44 -53 -57
right_child=1 5 3 10 14 23 7 8 13 18 30 20 17 29 -16 -17 -18 -19 40 -21 35 -23 -24 44 25 -27 27 28 41 -31 -32 -33 -34 39 -36 36 -38 48 52 -41 49 43 59 55 45 -47 -48 -49 -50 50 -52 60 54 58 -56 56 -58 -59 -60 -61 -62 -63
leaf_value=1.4421531036496162 0.49111131411045794 -0.061752112209796907 2.2932777459280831 1.0139922598312641 1.5201264762878419 -0.095862036446730303 1.0201686960694036 0.45358358702505941 1.0075362628903883 0.15208962615579369 0.28755840518977493 0.15022566691040995 0.63574061393737802 0.69273443863443707 1.255263498624166 0.54787808333834009 1.9579386335430724 1.1560756444931031 -0.066623978014104066 0.68793129503726957 -0.023387226203213568 0.70157384932041167 0.96572367057204256 -0.1017772674560547 0.46408730328083037 0.20174603060535762 0.3860555011885507 0.12520194755357114 -0.04393391382694245 0.49584029838442806 0.097260517378648131 1.6650192013493292 0.60208868912675173 -0.064590331073850399 0.04836414693189519 -0.13808490307558149 -0.064934233824412033 -0.08473596446441882 -0.08994444012641907 -0.087520778179168701 -0.091831749677658087 -0.11625664173202083 -0.087586634774361891 -0.087756260958584881 -0.094744453741156531 -0.087520778179168701 -0.014170488356440157 -0.11767566651105882 -0.093613270819187175 -0.093081345558166509 -0.087520778179168701 -0.087536905209223428 -0.088740014462243944 -0.087680802941322328 -0.087520778179168701 -0.087518748568325519 -0.087317376136779798 -0.087696823179721828 -0.087520778179168701 -0.087520436066038473 -0.087520790100097667 -0.087523668087445772
leaf_weight=32 32 32 35 29 20 36 38 32 29 32 20 32 20 23 30 30 33 24 32 25 23 20 20 31 20 23 35 21 25 22 24 27 22 32 28 21 21 33 21 1974 24 22 31 33 23 2410 27 20 20 20 1020 21 21 20 940 41 20 20 23 136 23 26
leaf_count=32 32 32 35 29 20 36 38 32 29 32 20 32 20 23 30 30 33 24 32 25 23 20 20 31 20 23 35 21 25 22 24 27 22 32 28 21 21 33 21 1974 24 22 31 33 23 2410 27 20 20 20 1020 21 21 20 940 41 20 20 23 136 23 26
internal_value=-1.69576e-09 -0.0134013 0.167876 1.21586 1.77857 -0.0548878 0.0218838 0.382058 0.257469 -0.0653967 0.552512 0.0541321 1.10338 0.757567 1.46774 0.757894 2.13054 0.933986 -0.0805914 0.888328 -0.0310843 0.886475 0.800732 -0.0757813 -0.0645009 0.417967 -0.0771462 -0.0351046 -0.0744129 0.596475 0.18376 1.60336 0.536374 -0.0854733 -0.0327631 -0.0802531 -0.0940206 -0.102275 -0.0868161 -0.087155 -0.0871228 -0.0862545 -0.0818558 -0.0914677 -0.0872144 -0.0870324 -0.0702177 -0.10541 -0.0880859 -0.0877148 -0.0876237 -0.0892638 -0.0875985 -0.088366 -0.0875474 -0.0875723 -0.0875156 -0.0875612 -0.0875952 -0.0875327 -0.0875285 -0.0875207
internal_weight=8000 7904 1472 268 145 6432 1376 319 256 1204 123 182 96 74 77 79 68 64 1172 63 150 49 40 5056 2545 65 2480 410 375 45 44 47 42 2070 64 118 95 74 1057 2006 1140 354 192 162 2511 2480 70 43 53 1108 1084 64 1025 64 961 140 107 87 43 167 44 67
internal_count=8000 7904 1472 268 145 6432 1376 319 256 1204 123 182 96 74 77 79 68 64 1172 63 150 49 40 5056 2545 65 2480 410 375 45 44 47 42 2070 64 118 95 74 1057 2006 1140 354 192 162 2511 2480 70 43 53 1108 1084 64 1025 64 961 140 107 87 43 167 44 67
is_linear=0
shrinkage=0.05


Tree=43
num_leaves=63
num_cat=0
split_feature=0 0 1 0 0 0 1 0 1 0 0 0 0 0 0 2 0 0 0 0 0 0 0 0 1 0 1 0 0 5 3 3 0 1 0 3 0 0 0 3 5 1 0 1 2 6 2 0 0 5 0 2 4 4 0 0 0 2 2 5 4 5
split_gain=42703.9 21458.8 129908 36113.3 5745.44 3724.48 19447.7 7263.78 9397.62 3675.35 3362.86 2236.48 2043.1 1148.16 1075.72 992.82 1660.08 783.852 642.987 625.112 482.736 411.161 352.932 235.398 5605.23 611.101 313.423 2450.32 322.376 166.59 159.076 127.788 66.2394 118.27 38.635 31.4133 7.48354 6.02947 5.97721 5.62094 2.81785 2.40302 7.3522 49.8435 2.16709 2.03072 1.98988 26.5211 16.8269 0.145766 0.0145166 0.0281105 0.0110232 0.00246861 0.0138764 0.00575253 0.000789227 0.00130161 0.000438199 0.000843277 0.000351413 0.000109888
threshold=1937.033333333334 3841.6666666666711 2460.5000000000005 3656.2500000000023 3555.7833333333333 6438.7416666666659 4564.0000000000009 6151.5000000000027 5887.5000000000009 1989.4750000000008 3777.3833333333346 6196.8833333333359 1881.1083333333336 3511.4750000000026 6352.3583333333327 217.75389928158828 1825.4250000000002 3702.4166666666683 2042.2249999999997 6097.5250000000015 6248.0250000000042 3606.200000000003 3461.233333333334 8052.808333333337 7306.0000000000009 7990.7333333333236 6517.5000000000009 7473.2833333333301 7518.9416666666575 14.500000000000002 1449.9313192269756 1531.0613368104598 6488.3499999999985 5887.5000000000009 6295.3583333333345 1447.2701121416487 3886.4416666666716 7553.2999999999984 6509.0416666666633 810.05240962954792 9.5000000000000018 5887.5000000000009 8089.4333333333298 7306.0000000000009 229.18805802966455 40.500000000000007 184.92938523467157 2098.4583333333358 2185.3000000000034 15.500000000000002 3987.4166666666711 194.03350452319555 3.0059173825934873 14.058088347390447 7620.7249999999976 7636.0833333333294 2185.3000000000034 212.03601857019183 203.56180194064368 20.500000000000004 23.318869518870621 12.500000000000002
decision_type=2 2 2 2 2 2 2 2 2 2 2 2 2 2 2 2 2 2 2 2 2 2 2 2 2 2 2 2 2 2 2 2 2 2 2 2 2 2 2 2 2 2 2 2 2 2 2 2 2 2 2 2 2 2 2 2 2 2 2 2 2 2
left_child=12 2 9 4 13 6 36 19 11 -2 17 -9 15 22 -10 16 -1 -5 -11 -8 -13 -6 -4 24 26 -26 32 -28 -29 -16 -12 -19 33 -7 -22 -27 -3 -30 -34 -20 -36 -25 43 45 49 -43 48 -48 -41 -42 51 -38 -52 54 -39 -55 57 -49 60 -60 -57 -53
right_child=1 5 3 10 21 23 7 8 14 18 30 20 -14 -15 29 -17 -18 31 39 -21 34 -23 -24 41 25 35 27 28 37 -31 -32 -33 38 -35 40 -37 50 53 -40 46 44 42 -44 -45 -46 -47 47 56 -50 -51 52 61 -54 55 -56 58 -58 -59 59 -61 -62 -63
leaf_value=1.383128791763669 0.46655573649331927 -0.058664499828591947 2.2727257871627806 0.91597959610723678 1.4501539155840875 -0.091068937877813977 1.0039314782427204 0.4309044152032584 0.95715944335378456 0.14448514408431948 0.27406635270232249 0.14271440133452415 0.72199871251359582 1.7268939882516863 0.48060491615533829 1.4834099661220206 0.75443412647360852 0.67848317221454957 -0.059319555282592779 0.68889322215691218 -0.029338164068758488 1.1925003290176392 2.0033212477161038 -0.096688405929073212 0.59744946348170447 0.23492597043514252 0.36675273041373924 0.081085331947542735 -0.11149317428469659 0.67420935049653063 0.083728525949561081 0.5151773779988289 -0.061360815458465369 0.045945936494639947 -0.10744132766356836 0.32248364686965947 -0.085447221994400024 -0.084447164088487625 -0.083144736289978038 -0.038768609175863472 -0.084033663272857662 -0.090007231546484906 -0.083144736289978038 -0.013461966039957824 -0.10117292910814286 -0.11179188817739488 -0.14008099238077801 -0.082626719474792484 -0.083144736289978038 -0.077996982038021093 -0.08430301348368327 -0.083301161527633671 -0.083144736289978038 -0.082326641030933553 -0.083151677870910434 -0.083172867819666874 -0.083144736289978038 -0.083144086791623037 -0.083139957608403384 -0.083530860597437084 -0.082923409640789036 -0.083140910708385973
leaf_weight=21 32 32 20 31 32 36 31 32 29 32 21 32 32 32 25 22 21 23 25 32 32 30 31 31 24 20 35 32 20 20 23 25 32 28 26 21 21 24 1974 23 20 23 2410 27 20 20 21 20 300 20 21 20 940 23 149 48 720 31 37 22 20 23
leaf_count=21 32 32 20 31 32 36 31 32 29 32 21 32 32 32 25 22 21 23 25 32 32 30 31 31 24 20 35 32 20 20 23 25 32 28 26 21 21 24 1974 23 20 23 2410 27 20 20 21 20 300 20 21 20 940 23 149 48 720 31 37 22 20 23
internal_value=7.84721e-10 -0.0127312 0.159483 1.15507 1.68964 -0.0521434 0.0207896 0.362956 0.244595 -0.0621268 0.524887 0.0514255 1.04821 1.96166 0.719688 1.21131 1.06878 0.719999 -0.0765618 0.843912 -0.02953 1.32548 2.10897 -0.0719922 -0.0612759 0.397069 -0.0732889 -0.0333494 -0.0706923 0.566651 0.174572 0.593428 -0.0811996 -0.0311249 -0.0762404 0.279773 -0.0824752 -0.0848523 -0.0827972 -0.0827667 -0.0936924 -0.0828537 -0.0826808 -0.0667068 -0.0877345 -0.10014 -0.0832924 -0.0846413 -0.0799848 -0.0810153 -0.0832186 -0.0839477 -0.08317 -0.0832027 -0.0833314 -0.0830542 -0.0831313 -0.0829412 -0.083186 -0.0832857 -0.0830995 -0.0832154
internal_weight=8000 7904 1472 268 145 6432 1376 319 256 1204 123 182 96 83 74 64 42 79 1172 63 150 62 51 5056 2545 65 2480 410 375 45 44 48 2070 64 118 41 1057 343 2006 1140 86 2511 2480 70 60 43 1115 792 323 40 1025 64 961 323 173 150 771 51 127 59 68 43
internal_count=8000 7904 1472 268 145 6432 1376 319 256 1204 123 182 96 83 74 64 42 79 1172 63 150 62 51 5056 2545 65 2480 410 375 45 44 48 2070 64 118 41 1057 343 2006 1140 86 2511 2480 70 60 43 1115 792 323 40 1025 64 961 323 173 150 771 51 127 59 68 43
is_linear=0
shrinkage=0.05


Tree=44
num_leaves=63
num_cat=0
split_feature=0 0 1 0 0 0 1 0 1 0 0 0 0 0 2 0 0 2 0 0 0 0 0 1 0 1 0 0 2 3 4 6 0 1 2 2 5 4 0 0 2 0 0 4 0 0 1 0 1 5 3 0 2 0 4 5 2 2 4 2 0 0
split_gain=38540.3 19366.5 117242 32592.3 5185.54 3361.34 17551.5 6555.56 8481.35 3317 3063.65 2018.43 1843.9 970.836 901.775 741.024 629.881 610.299 580.295 495.858 435.669 400.06 212.447 5058.72 566.092 282.864 2220 568.547 154.801 80.3898 73.2246 71.5804 59.781 106.739 35.8333 15.3088 18.5742 7.15131 5.60519 5.39443 2.97312 31.0375 22.8528 2.79898 13.4446 5.82403 2.16872 6.63536 44.9838 1.878 0.250247 0.107716 0.248285 0.000609718 0.000336102 0.000156451 3.80261e-05 4.30839e-06 4.13754e-06 4.04466e-06 1.14732e-05 6.94293e-07
threshold=1937.033333333334 3841.6666666666711 2460.5000000000005 3656.2500000000023 3534.6166666666686 6438.7416666666659 4564.0000000000009 6151.5000000000027 5887.5000000000009 1989.4750000000008 3754.3666666666682 6196.8833333333359 1881.1083333333336 6352.3583333333327 213.66395305279246 3580.358333333334 3461.233333333334 199.55190901102881 2042.2249999999997 3799.3500000000008 6248.0250000000042 3702.4166666666683 8052.808333333337 7306.0000000000009 8017.0583333333243 6517.5000000000009 7503.7833333333301 7455.9416666666648 197.15192803664129 1384.1763264522369 13.344528861749184 43.500000000000007 6488.3499999999985 5887.5000000000009 237.10459140900767 202.08031519634304 11.500000000000002 2.5936076843741032 2098.4583333333358 6509.0416666666633 193.14793500313135 3886.4416666666716 3987.4166666666711 14.150588149383415 7569.0833333333303 7588.0666666666575 5887.5000000000009 8089.4333333333298 7306.0000000000009 11.500000000000002 810.05240962954792 2185.3000000000034 194.99629435552083 7700.7583333333232 27.826445347560526 19.500000000000004 248.18908185995062 217.75389928158828 4.118558967522806 226.40431519777727 7653.2166666666635 3987.4166666666711
decision_type=2 2 2 2 2 2 2 2 2 2 2 2 2 2 2 2 2 2 2 2 2 2 2 2 2 2 2 2 2 2 2 2 2 2 2 2 2 2 2 2 2 2 2 2 2 2 2 2 2 2 2 2 2 2 2 2 2 2 2 2 2 2
left_child=12 2 9 4 16 6 37 17 11 -2 21 -9 14 -10 -1 -6 -4 -8 -11 -12 -13 -5 23 25 30 32 27 -27 -15 -17 -25 -18 33 -7 35 36 -22 -3 -20 -34 42 -42 -39 44 -28 -45 -24 48 49 -48 -40 52 -52 -47 55 -55 59 -54 -43 60 -46 -60
right_child=1 5 3 10 15 22 7 8 13 18 19 20 -14 28 -16 29 31 -19 38 -21 34 -23 46 24 -26 26 43 -29 -30 -31 -32 -33 39 -35 -36 -37 -38 40 50 -41 41 58 -44 45 56 53 47 -49 -50 -51 51 -53 57 54 -56 -57 -58 -59 61 -61 -62 -63
leaf_value=0.98522205911576755 0.44322796040214602 -0.048737308979034423 2.1590893936157225 0.8701806191475161 1.5237235858522613 -0.086515490379598409 0.61607064980153858 0.40935919862240555 0.90930146364302478 0.13726087859831751 0.37739663643296811 0.13557866122573614 0.68589879767969253 0.62901693500765687 1.3635590874723027 1.2683110574881236 1.771262617464419 0.93217023876873228 -0.057997928426971157 0.089278759168727073 -0.036451816320419314 0.61815357638988644 -0.091853983940616737 0.41716646669432528 0.17781866575064867 0.46651824485687982 -0.039676551640033725 0.13743670105401959 0.4434979542412541 1.1388974746068319 0.54935596128079023 1.8943451109386626 -0.058292775182053447 0.043648643020008294 -0.013211037715276083 -0.10947211323640285 -0.093588158397963556 -0.033526141444842027 -0.084274184703826915 -0.078987497091293338 -0.1407708770462445 -0.078964481751124069 -0.078987159376794652 -0.10671248757703738 -0.078946295806339814 -0.079226887406724886 -0.084923665631901138 -0.078987497091293338 -0.012788868309171112 -0.1058277686436971 -0.0857213294506073 -0.078987497091293338 -0.079018869002660128 -0.078986903891634597 -0.078796225190162661 -0.079146259129047394 -0.079056970179080976 -0.078987544775009161 -0.078980683684349073 -0.079003255204720943 -0.078986813185306703 -0.078987497091293338
leaf_weight=36 32 20 20 31 29 36 26 32 29 32 32 32 32 23 28 24 27 37 32 28 25 32 31 20 23 21 25 35 22 24 22 21 32 28 21 39 33 30 24 1974 21 21 352 22 21 33 22 2410 27 21 20 1020 21 67 20 20 20 23 40 22 104 573
leaf_count=36 32 20 20 31 29 36 26 32 29 32 32 32 32 23 28 24 27 37 32 28 25 32 31 20 23 21 25 35 22 24 22 21 32 28 21 39 33 30 24 1974 21 21 352 22 21 33 22 2410 27 21 20 1020 21 67 20 20 20 23 40 22 104 573
internal_value=2.44944e-09 -0.0120947 0.151508 1.09732 1.60516 -0.0495362 0.0197501 0.344808 0.232365 -0.0590205 0.498642 0.0488542 0.995796 0.683704 1.15074 1.32417 1.92334 0.801716 -0.0727337 0.242942 -0.0280535 0.742167 -0.0683926 -0.0582121 0.377215 -0.0696245 -0.0316819 0.260842 0.538319 1.2036 0.486409 1.82511 -0.0771397 -0.0295687 -0.0724284 -0.0852486 -0.0689604 -0.0783515 -0.0786283 -0.0786574 -0.0789226 -0.0809672 -0.0754169 -0.0779569 -0.073873 -0.0827971 -0.078711 -0.0785467 -0.0633715 -0.0951326 -0.0792242 -0.0791123 -0.0811021 -0.079039 -0.078981 -0.0790235 -0.0789923 -0.0790025 -0.0789863 -0.0789835 -0.07898 -0.0789871
internal_weight=8000 7904 1472 268 145 6432 1376 319 256 1204 123 182 96 74 64 77 68 63 1172 60 150 63 5056 2545 65 2480 410 56 45 48 42 48 2070 64 118 97 58 1057 1140 2006 1037 655 382 354 192 162 2511 2480 70 43 1108 1084 64 140 107 87 167 44 634 147 125 613
internal_count=8000 7904 1472 268 145 6432 1376 319 256 1204 123 182 96 74 64 77 68 63 1172 60 150 63 5056 2545 65 2480 410 56 45 48 42 48 2070 64 118 97 58 1057 1140 2006 1037 655 382 354 192 162 2511 2480 70 43 1108 1084 64 140 107 87 167 44 634 147 125 613
is_linear=0
shrinkage=0.05


Tree=45
num_leaves=63
num_cat=0
split_feature=0 0 1 0 0 0 0 1 0 1 0 0 0 0 0 0 2 3 0 3 0 4 4 0 1 0 1 0 0 5 0 3 3 0 1 0 0 0 3 0 5 0 1 0 2 5 2 0 0 3 0 0 5 0 2 4 0 4 0 0 0 0
split_gain=34782.6 17478.3 105811 29428.6 4056.24 3510.64 3033.61 15840.3 5916.4 7654.42 2993.6 1821.63 1671.23 876.18 719.958 699.289 592.526 585.115 523.717 426.24 393.191 382.757 299.403 192.139 5044.7 310.463 261.98 1997.11 407.131 147.931 125.962 92.1612 86.9024 53.9344 96.332 35.1928 7.56844 5.47628 5.17808 4.86788 2.64796 2.50492 34.0302 3.85215 2.4614 2.38805 1.80064 24.8757 14.9953 0.216986 1.29236 0.451198 0.187902 0.0545051 0.105451 0.0417048 0.0404922 0.00616714 0.0293257 0.0131595 0.00116907 0.00109933
threshold=1937.033333333334 3841.6666666666711 2460.5000000000005 3628.9750000000026 3729.6416666666687 3511.4750000000026 6438.7416666666659 4564.0000000000009 6151.5000000000027 5887.5000000000009 1989.4750000000008 6196.8833333333359 1825.4250000000002 6352.3583333333327 3555.7833333333333 3799.3500000000008 217.03197306294751 1573.9812949626958 2042.2249999999997 1494.0815919675717 6248.0250000000042 13.616704713173869 12.942593012678978 8039.0833333333294 7306.0000000000009 7990.7333333333236 6517.5000000000009 7487.8749999999964 7455.9416666666648 14.500000000000002 7518.9416666666575 1309.378327906363 1531.0613368104598 6488.3499999999985 5887.5000000000009 6295.3583333333345 3886.4416666666716 7553.2999999999984 810.05240962954792 6509.0416666666633 9.5000000000000018 8077.7583333333287 7306.0000000000009 8066.2416666666631 229.18805802966455 14.500000000000002 184.92938523467157 2098.4583333333358 2185.3000000000034 2172.9140045648246 8253.3583333333318 8089.4333333333298 15.500000000000002 3987.4166666666711 194.03350452319555 3.0059173825934873 8101.8750000000036 14.058088347390447 7620.7249999999976 7636.0833333333294 8118.8749999999964 2185.3000000000034
decision_type=2 2 2 2 2 2 2 2 2 2 2 2 2 2 2 2 2 2 2 2 2 2 2 2 2 2 2 2 2 2 2 2 2 2 2 2 2 2 2 2 2 2 2 2 2 2 2 2 2 2 2 2 2 2 2 2 2 2 2 2 2 2
left_child=12 2 10 5 19 22 7 36 17 11 -2 -10 -1 -11 -7 32 21 -9 -12 -5 -13 -14 -4 24 26 -26 33 28 -28 -15 -29 -16 -6 34 -8 -22 -3 -32 -20 -35 -37 42 43 45 52 -25 48 -48 -40 51 -51 -43 -42 54 -38 -55 -53 58 -39 -59 -58 -49
right_child=1 6 3 4 15 14 23 8 9 13 18 20 16 29 31 -17 -18 -19 38 -21 35 -23 -24 41 25 -27 27 30 -30 -31 37 -33 -34 39 -36 40 53 57 46 -41 44 49 -44 -45 -46 -47 47 61 -50 50 -52 56 -54 55 -56 -57 60 59 -60 -61 -62 -63
leaf_value=1.2410370624624194 0.4210665658116341 -0.050488471984863281 2.0447561524131084 0.95443931687623262 0.46753766611218456 1.556441628932953 -0.082189714411894488 0.88522498953695361 0.38889124467968944 0.86383639434031378 0.13039784224238246 0.12879974525421858 0.52597769200801847 0.43031835961341863 1.1710580326261975 0.08481482927288328 0.99489827475820991 0.57376719570159918 -0.052192424774169924 0.69636954525485639 -0.024042804911732676 0.83531457424163824 1.8001469250383051 -0.066911276340484618 0.54341392908245323 0.30853526940678849 0.4431923252796488 0.049523731321096422 0.14456017184257508 0.6127584145963193 -0.10209120035171509 1.311888491190397 0.32996002117341217 -0.0553781321272254 0.041466210037469864 -0.09879139661788941 -0.07949855327606202 -0.076931401590506238 -0.033146796901912794 -0.075038123130798343 -0.075953908562660225 -0.081395606270858234 -0.018059336823912767 -0.10319716334342957 -0.094009814262390134 -0.089782600459598363 -0.1301770479906173 -0.074797902621474927 -0.075038123130798343 -0.061293106675148014 -0.075038123130798343 -0.073184880018234255 -0.06910004645586014 -0.077291096675963636 -0.075175989644471988 -0.075038149388546638 -0.074718598456218324 -0.0737709535204846 -0.075044506541613876 -0.075074809496520012 -0.075038123130798343 -0.075038123130798343
leaf_weight=32 32 32 22 32 24 32 36 38 32 29 32 32 20 25 21 28 24 25 25 32 32 20 29 25 24 34 21 21 25 20 20 26 22 32 28 26 21 24 23 1959 20 28 26 21 20 21 21 51 300 20 118 30 20 21 43 940 29 23 145 122 2224 720
leaf_count=32 32 32 22 32 24 32 36 38 32 29 32 32 20 25 21 28 24 25 25 32 32 20 29 25 24 34 21 21 25 20 20 26 22 32 28 26 21 24 23 1959 20 28 26 21 20 21 21 51 300 20 118 30 20 21 43 940 29 23 145 122 2224 720
internal_value=2.00687e-09 -0.01149 0.143933 1.04245 0.533918 1.58228 -0.0470594 0.0187626 0.327567 0.220747 -0.0560695 0.0464115 0.946006 0.649519 1.37351 0.281822 0.798491 0.761631 -0.0690971 0.825404 -0.0266509 0.680646 1.90566 -0.064973 -0.0551718 0.405726 -0.0660562 -0.0290884 0.280892 0.511403 -0.0692549 1.24896 0.40174 -0.0732699 -0.0280902 -0.068807 -0.0744339 -0.076723 -0.0746969 -0.0747221 -0.0854634 -0.0746662 -0.0666118 -0.0854531 -0.0796879 -0.0773525 -0.0752015 -0.0764847 -0.0720551 -0.0749721 -0.0730461 -0.0750871 -0.072527 -0.0751815 -0.0765943 -0.0750874 -0.0750097 -0.0751072 -0.0753125 -0.074868 -0.075034 -0.0750222
internal_weight=8000 7904 1472 268 138 130 6432 1376 319 256 1204 182 96 74 79 74 64 63 1172 64 150 40 51 5056 2514 58 2456 401 46 45 355 47 46 2055 64 118 1057 334 1140 1991 86 2542 93 67 60 46 1115 792 323 2449 138 2311 40 1025 64 961 2283 314 169 145 2253 771
internal_count=8000 7904 1472 268 138 130 6432 1376 319 256 1204 182 96 74 79 74 64 63 1172 64 150 40 51 5056 2514 58 2456 401 46 45 355 47 46 2055 64 118 1057 334 1140 1991 86 2542 93 67 60 46 1115 792 323 2449 138 2311 40 1025 64 961 2283 314 169 145 2253 771
is_linear=0
shrinkage=0.05


Tree=46
num_leaves=63
num_cat=0
split_feature=0 0 1 0 0 0 1 0 1 0 0 0 0 0 4 0 0 4 4 5 0 0 0 0 1 0 1 0 0 6 2 3 3 0 1 5 4 4 0 0 1 0 0 4 0 0 0 1 0 5 3 3 0 0 0 2 0 2 4 0 0 0
split_gain=31391.3 15774.2 95494.3 26652.4 4211.82 2737.83 14295.8 5339.55 6908.11 2701.72 2514.36 1644.02 1573.88 885.725 842.523 790.752 569.964 547.661 874.707 495.946 472.654 354.855 321.296 173.405 4552.84 280.192 236.437 1807.12 461.036 142.028 137.431 105.843 69.5991 48.6758 86.9396 33.2011 9.19346 18.5669 6.83052 5.66214 4.71857 81.8128 60.5132 2.51735 11.2358 6.00071 2.2607 30.7123 3.47656 2.15522 0.340411 0.19583 1.16636 0.407206 0.143876 0.329199 0.0491908 0.0951695 0.0376385 0.0365443 0.00112138 0.0010551
threshold=1937.033333333334 3841.6666666666711 2460.5000000000005 3656.2500000000023 3555.7833333333333 6438.7416666666659 4564.0000000000009 6151.5000000000027 5887.5000000000009 1989.4750000000008 3777.3833333333346 6196.8833333333359 1881.1083333333336 3484.8166666666684 13.691026452674514 6352.3583333333327 3702.4166666666683 15.897805780940965 10.657496937984229 18.500000000000004 2042.2249999999997 6248.0250000000042 3606.200000000003 8039.0833333333294 7306.0000000000009 7990.7333333333236 6517.5000000000009 7503.7833333333301 7455.9416666666648 37.500000000000007 197.15192803664129 1595.3986863649845 1566.8288480906106 6488.3499999999985 5887.5000000000009 8.5000000000000018 20.026926979568984 10.723359799397397 3886.4416666666716 2098.4583333333358 5887.5000000000009 6535.1916666666657 6535.1916666666657 15.026101705752092 7569.0833333333303 7588.0666666666575 8077.7583333333287 7306.0000000000009 8066.2416666666631 14.500000000000002 810.05240962954792 2172.9140045648246 8253.3583333333318 8089.4333333333298 2185.3000000000034 194.99629435552083 3987.4166666666711 194.03350452319555 3.0059173825934873 8101.8750000000036 7636.0833333333294 8118.8749999999964
decision_type=2 2 2 2 2 2 2 2 2 2 2 2 2 2 2 2 2 2 2 2 2 2 2 2 2 2 2 2 2 2 2 2 2 2 2 2 2 2 2 2 2 2 2 2 2 2 2 2 2 2 2 2 2 2 2 2 2 2 2 2 2 2
left_child=12 2 9 4 13 6 38 17 11 -2 16 -9 14 -4 -1 -10 -5 18 -8 -16 -11 -13 -6 24 26 -26 33 28 -28 -12 -17 -18 -15 34 -7 -23 37 -37 -3 -22 42 -42 -35 44 -29 -45 47 48 49 -25 -41 53 -53 -48 55 -52 57 -40 -58 -55 -46 -61
right_child=1 5 3 10 22 23 7 8 15 20 29 21 -14 32 19 30 31 -19 -20 -21 39 35 -24 46 25 -27 27 43 -30 -31 -32 -33 -34 40 -36 36 -38 -39 56 50 41 -43 -44 45 60 -47 51 -49 -50 -51 54 52 -54 59 -56 -57 58 -59 -60 61 -62 -63
leaf_value=0.79964655547038377 0.40001321827294306 -0.047964048388530502 1.873752040863037 0.78477702063898891 1.2479853078722956 -0.078080229626761546 0.85862425684928889 0.36944668106734757 0.82064457915980249 0.12387795123504475 0.24444157615303996 0.12235975395888091 0.61239665448665626 1.6112680389767602 1.3474439076014928 0.5712908576364103 0.57802844589146285 0.93203214137327106 0.40174693113023585 0.9995437449216843 -0.050227128237020226 -0.011464835249859355 1.0202225621541341 -0.063565714240074164 0.51624322757124907 0.29310850670889899 0.42103269653660913 -0.035416559994220734 0.12469452042664803 0.064030584692955014 0.39649004353718326 0.4290154917673632 1.4899009210092051 -0.14459433678922981 0.039392897965652603 -0.099978779201154361 -0.10188152276236435 -0.046040456111614524 -0.075523626804351818 -0.077450853586196911 0.0065308962549482071 -0.071286219358444217 -0.071286219358444217 -0.10085851080715656 -0.070941610027242585 -0.071344613355975001 -0.077325824754578734 -0.017156371660530568 -0.098037303913207294 -0.085293470394043697 -0.079049029052257538 -0.058228450417518618 -0.071286219358444217 -0.069525637626647957 -0.071286219358444217 -0.071312473443421454 -0.07342654126031059 -0.071417191278102796 -0.071286243390529719 -0.070982668728664003 -0.07129181971485983 -0.071286219358444217
leaf_weight=23 32 32 35 31 32 36 20 32 29 32 20 32 32 21 21 23 26 21 22 20 32 23 30 25 24 34 21 25 35 24 22 22 27 29 28 27 29 39 21 24 35 966 961 20 27 124 28 26 21 21 20 20 118 30 1020 44 21 43 940 29 149 2224
leaf_count=23 32 32 35 31 32 36 20 32 29 32 20 32 32 21 21 23 26 21 22 20 32 23 30 25 24 34 21 25 35 24 22 22 27 29 28 27 29 39 21 24 35 966 961 20 27 124 28 26 21 21 20 20 118 30 1020 44 21 43 940 29 149 2224
internal_value=-2.77127e-10 -0.0109155 0.136736 0.990329 1.44957 -0.0447064 0.0178245 0.311189 0.20971 -0.053266 0.448949 0.0440909 0.898706 1.68247 1.04186 0.617043 0.61766 0.723549 0.619308 1.17774 -0.0656422 -0.0253183 1.13778 -0.0617243 -0.0524132 0.38544 -0.0627534 -0.027634 0.235821 0.146036 0.485833 0.509731 1.543 -0.0696064 -0.0266857 -0.0653666 -0.0784165 -0.0681061 -0.0707122 -0.0709621 -0.070986 -0.0685653 -0.0734336 -0.0703977 -0.0667827 -0.0754438 -0.0709329 -0.0632812 -0.0811804 -0.0734849 -0.0715609 -0.0712235 -0.0693938 -0.0713327 -0.0714305 -0.0737301 -0.0714224 -0.0727646 -0.071333 -0.0712592 -0.0712381 -0.0712823
internal_weight=8000 7904 1472 268 145 6432 1376 319 256 1204 123 182 96 83 64 74 79 63 42 41 1172 150 62 5056 2514 58 2456 401 56 44 45 48 48 2055 64 118 95 66 1057 1140 1991 1001 990 345 201 144 2542 93 67 46 1108 2449 138 2311 1084 64 1025 64 961 2283 176 2253
internal_count=8000 7904 1472 268 145 6432 1376 319 256 1204 123 182 96 83 64 74 79 63 42 41 1172 150 62 5056 2514 58 2456 401 56 44 45 48 48 2055 64 118 95 66 1057 1140 1991 1001 990 345 201 144 2542 93 67 46 1108 2449 138 2311 1084 64 1025 64 961 2283 176 2253
is_linear=0
shrinkage=0.05


Tree=47
num_leaves=63
num_cat=0
split_feature=0 0 1 0 0 0 1 0 1 0 0 0 0 2 0 0 0 2 0 0 0 3 0 2 0 1 0 1 0 0 3 6 0 3 2 2 3 4 2 0 0 1 0 0 2 0 0 0 1 0 5 3 3 0 0 0 2 0 4 0 0 3
split_gain=28330.7 14236.2 86183.6 24053.8 3837.6 2470.89 12902 4818.94 6234.57 2438.3 2280.82 1483.73 1420.43 793.005 1332.38 732.102 545.227 530.909 502.25 426.57 367.95 338.286 320.257 230.476 156.498 4108.94 252.874 213.384 1636.26 214.688 70.8299 66.5316 43.9299 82.0506 32.8134 13.9709 16.042 6.45251 6.00312 5.11008 4.93317 4.25851 73.8361 54.6132 2.72682 30.3448 20.2308 2.04028 27.7178 3.1376 1.94508 0.30722 0.188657 1.94543 0.908768 0.129848 0.297102 0.0509134 0.0102393 0.0474899 0.0203462 0.0013548
threshold=1937.033333333334 3841.6666666666711 2460.5000000000005 3656.2500000000023 3534.6166666666686 6438.7416666666659 4564.0000000000009 6151.5000000000027 5887.5000000000009 1989.4750000000008 3754.3666666666682 6196.8833333333359 1881.1083333333336 217.75389928158828 1825.4250000000002 6382.2166666666662 3580.358333333334 199.55190901102881 3461.233333333334 2042.2249999999997 3799.3500000000008 1557.3934167696352 6248.0250000000042 212.69343560665888 8039.0833333333294 7306.0000000000009 7990.7333333333236 6517.5000000000009 7473.2833333333301 7518.9416666666575 1384.1763264522369 43.500000000000007 6488.3499999999985 1526.218161973409 237.10459140900767 172.72030028404419 1552.7107282458808 2.5936076843741032 202.08031519634304 2098.4583333333358 7553.2999999999984 5887.5000000000009 6535.1916666666657 6535.1916666666657 193.14793500313135 3886.4416666666716 3987.4166666666711 8077.7583333333287 7306.0000000000009 8066.2416666666631 14.500000000000002 810.05240962954792 1076.9907919392665 8186.8166666666702 8089.4333333333298 2185.3000000000034 194.99629435552083 8101.8750000000036 14.058088347390447 7620.7249999999976 7636.0833333333294 2172.9140045648246
decision_type=2 2 2 2 2 2 2 2 2 2 2 2 2 2 2 2 2 2 2 2 2 2 2 2 2 2 2 2 2 2 2 2 2 2 2 2 2 2 2 2 2 2 2 2 2 2 2 2 2 2 2 2 2 2 2 2 2 2 2 2 2 2
left_child=12 2 9 4 18 6 37 17 11 -2 21 -9 13 14 -1 23 -6 -8 -4 -11 -12 -5 -13 -10 25 27 -27 32 -29 -30 -18 -20 33 -7 35 -24 38 -3 -37 -21 -31 43 -43 -34 46 -46 -39 48 49 50 -26 -41 53 -49 -54 56 -53 -56 59 -42 -60 -59
right_child=1 5 3 10 16 24 7 8 15 19 20 22 -14 -15 -16 -17 30 -19 31 39 -22 -23 34 -25 47 26 -28 28 29 40 -32 -33 41 -35 -36 36 -38 44 -40 51 58 42 -44 -45 45 -47 -48 52 -50 -51 -52 55 54 -55 57 -57 -58 61 60 -61 -62 -63
leaf_value=1.1440037304446811 0.38001257013529544 -0.039046506285667422 1.8613247156143189 0.73696157457306988 1.306536233836207 -0.081965061149094257 0.5142210096120835 0.35097433188930155 0.83580993697756822 0.11768404412432575 0.32169760221149774 0.11624176632612944 0.58177682301029565 1.23294930993156 0.58076910465246157 0.39572977920373287 1.0926841219266257 0.80904505333384957 1.5111816794783981 -0.047715771896764639 0.073506604347910204 0.50283597144815662 -0.042163714647293099 0.60670449539371163 -0.060387427926063546 0.49043106908599543 0.2784530774635427 0.30035896725952627 0.066231913294177505 -0.093416161984205257 0.97120885848999028 1.6298440615336103 -0.13736461195452462 0.031262162653729324 -0.0054311718259538923 -0.04648948550224305 -0.11513348296284676 -0.024947271148363752 -0.083580108359456062 -0.07357831001281738 -0.070129834860563275 0.0062043521659714837 -0.06772190928459168 -0.06772190928459168 -0.12880970351397991 -0.067718515693201253 -0.067720959454097535 -0.051793766589391804 -0.016298551656878914 -0.093135439498083936 -0.081028797512962714 -0.075096579492092141 -0.07748377025127412 -0.06772190928459168 -0.065543189755192507 -0.06772190928459168 -0.067746852067383859 -0.067717759985176582 -0.066132839607155852 -0.067728656489273606 -0.067754097942446107 -0.067881925871123128
leaf_weight=21 32 20 20 36 29 32 26 32 21 32 32 32 32 22 21 30 24 37 27 32 28 27 25 23 25 24 34 35 32 20 24 21 29 32 21 20 28 30 24 24 24 35 966 961 21 634 352 21 26 21 21 20 24 220 27 1020 44 2023 23 145 122 134
leaf_count=21 32 20 20 36 29 32 26 32 21 32 32 32 32 22 21 30 24 37 27 32 28 27 25 23 25 24 34 35 32 20 24 21 29 32 21 20 28 30 24 24 24 35 966 961 21 634 352 21 26 21 21 20 24 220 27 1020 44 2023 23 145 122 134
internal_value=-7.73533e-10 -0.0103697 0.1299 0.940813 1.37709 -0.0424711 0.0169333 0.29563 0.199224 -0.0506027 0.426502 0.0418864 0.853771 0.989767 0.862386 0.586191 1.13536 0.687372 1.65081 -0.0623601 0.205875 0.636622 -0.0240524 0.71605 -0.0586381 -0.0497925 0.366168 -0.0596157 -0.0262523 -0.0574856 1.03195 1.5631 -0.0661261 -0.0253514 -0.0620983 -0.0743664 -0.0855479 -0.0671766 -0.0667207 -0.067414 -0.0693388 -0.0674367 -0.0651371 -0.0697619 -0.0677191 -0.0696772 -0.0643618 -0.0673863 -0.0601172 -0.0771214 -0.0698107 -0.0679829 -0.0676623 -0.066334 -0.0678073 -0.067859 -0.0700436 -0.0677009 -0.0678052 -0.0680697 -0.0674969 -0.067728
internal_weight=8000 7904 1472 268 145 6432 1376 319 256 1204 123 182 96 64 42 74 77 63 68 1172 60 63 150 44 5056 2514 58 2456 401 366 48 48 2055 64 118 97 72 1057 44 1140 334 1991 1001 990 1037 655 382 2542 93 67 46 1108 2449 241 2208 1084 64 2184 314 169 145 2157
internal_count=8000 7904 1472 268 145 6432 1376 319 256 1204 123 182 96 64 42 74 77 63 68 1172 60 63 150 44 5056 2514 58 2456 401 366 48 48 2055 64 118 97 72 1057 44 1140 334 1991 1001 990 1037 655 382 2542 93 67 46 1108 2449 241 2208 1084 64 2184 314 169 145 2157
is_linear=0
shrinkage=0.05


Tree=48
num_leaves=63
num_cat=0
split_feature=0 0 1 0 0 0 1 0 1 0 0 0 4 4 2 0 3 0 0 0 0 3 0 0 1 0 1 0 0 3 5 4 6 0 1 0 0 3 0 5 2 2 2 2 4 0 0 0 1 0 5 6 0 4 6 5 0 2 0 2 4 0
split_gain=25568.4 12848.2 77780.7 21708.6 3463.44 2229.98 11644 4349.09 5626.7 2200.57 2066.75 1339.06 1301.26 1166.21 914.554 668.916 514.262 506.917 497.668 453.28 384.98 320.044 289.032 141.24 3708.31 228.219 192.579 1489.37 385.234 133.806 128.617 65.2418 60.0448 39.6467 77.9584 31.7269 6.95308 4.90621 4.08751 3.01496 2.78695 2.39308 8.40057 2.83977 2.03559 5.47942 4.62185 1.85422 39.6299 3.12158 1.75544 1.66973 3.96818 3.7229 0.495388 0.232128 0.118748 0.266175 0.104111 0.20135 0.080269 0.0347624
threshold=1937.033333333334 3841.6666666666711 2460.5000000000005 3656.2500000000023 3534.6166666666686 6438.7416666666659 4564.0000000000009 6151.5000000000027 5887.5000000000009 1989.4750000000008 3777.3833333333346 6196.8833333333359 14.329723652659641 18.502159603952922 217.75389928158828 6352.3583333333327 1573.9812949626958 3606.200000000003 3729.6416666666687 3461.233333333334 2042.2249999999997 1557.3934167696352 6248.0250000000042 8039.0833333333294 7306.0000000000009 7990.7333333333236 6517.5000000000009 7455.9416666666648 7503.7833333333301 1506.045606201784 14.500000000000002 12.721533333283579 43.500000000000007 6488.3499999999985 5887.5000000000009 6295.3583333333345 3886.4416666666716 810.05240962954792 6509.0416666666633 9.5000000000000018 229.18805802966455 171.31683701475876 179.98054669911502 159.27313862919902 11.467502638020424 7636.0833333333294 7569.0833333333303 8089.4333333333298 7306.0000000000009 8066.2416666666631 14.500000000000002 19.500000000000004 2098.4583333333358 7.7618523064722824 37.500000000000007 15.500000000000002 2185.3000000000034 194.99629435552083 3987.4166666666711 194.03350452319555 3.0059173825934873 8101.8750000000036
decision_type=2 2 2 2 2 2 2 2 2 2 2 2 2 2 2 2 2 2 2 2 2 2 2 2 2 2 2 2 2 2 2 2 2 2 2 2 2 2 2 2 2 2 2 2 2 2 2 2 2 2 2 2 2 2 2 2 2 2 2 2 2 2
left_child=12 2 9 4 19 6 36 16 11 -2 18 -9 14 -14 -1 -10 -8 31 21 -4 -11 -5 -13 24 26 -26 33 -28 -29 -12 -17 -6 -21 34 -7 -24 -3 -22 -35 -37 55 43 -43 -30 45 -44 -46 48 49 50 -25 53 -53 -39 -51 -41 57 -54 59 -38 -60 -49
right_child=1 5 3 10 17 23 7 8 15 20 29 22 13 -15 -16 30 -18 -19 -20 32 37 -23 35 47 25 -27 27 28 41 -31 -32 -33 -34 38 -36 39 58 51 -40 40 -42 42 44 -45 46 -47 -48 61 -50 54 -52 52 56 -55 -56 -57 -58 -59 60 -61 -62 -63
leaf_value=0.43329461168635774 0.36101193251088265 -0.040866430429741744 1.7682584953308105 0.76244918138816442 1.2495371222496034 -0.072751386298073664 0.76887283889870905 0.33342562830075623 0.74414200053132817 0.11179985192138703 0.21386167121970137 0.11042968332767487 1.285097160935402 0.78879985562686272 0.87938901066780106 0.36059559917449957 0.47688097763061532 0.91801903724670419 0.39775036764641603 1.4356226249977395 -0.042137512207031255 0.50245771706104281 -0.016490602679550648 -0.057368054747581491 0.46590951525916657 0.2645304247736931 0.38496311541114536 0.11046565592288971 -0.062399965599179263 0.039295326599052979 0.53070960700511927 1.130389600329929 1.5483518782116119 -0.046339092776179314 0.038488633292061945 -0.089030007559519564 -0.070500081777572637 -0.065464544139410316 -0.064354444894941562 -0.064834764003753667 -0.083885245770215999 -0.030515055656433105 -0.035035229697823522 -0.084751475519604158 -0.088816246390342718 -0.064332442570336254 -0.064243639366967351 -0.062659176511149259 -0.012064876243033831 -0.079878970073617037 -0.076977356274922693 -0.083227720522675019 -0.071341749131679538 -0.038813262581825263 -0.090500705298923317 -0.057216895073652269 -0.064335811138153079 -0.064359838463539307 -0.067461550519579944 -0.064527084661084561 -0.06433595977565075 -0.064344354813499441
leaf_weight=27 32 32 20 29 20 36 38 32 29 32 23 32 20 29 20 25 25 30 30 27 25 20 32 25 24 34 21 35 30 21 20 27 21 32 28 26 21 38 1959 20 20 20 20 27 22 79 147 31 34 23 21 29 20 20 21 20 965 43 21 43 940 2387
leaf_count=27 32 32 20 29 20 36 38 32 29 32 23 32 20 29 20 25 25 30 30 27 25 20 32 25 24 34 21 35 30 21 20 27 21 32 28 26 21 38 1959 20 20 20 20 27 22 79 147 31 34 23 21 29 20 20 21 20 965 43 21 43 940 2387
internal_value=7.21402e-10 -0.0098512 0.123405 0.893772 1.30824 -0.0403475 0.0160866 0.280848 0.189263 -0.0480725 0.405177 0.039792 0.811082 0.99137 0.623122 0.556881 0.653003 1.0786 0.558135 1.56827 -0.0592421 0.65633 -0.0228498 -0.0557062 -0.0473029 0.34786 -0.0566349 -0.0249397 -0.0475922 0.130546 0.436202 1.18109 1.48494 -0.0628197 -0.0240839 -0.0589934 -0.0638178 -0.0640433 -0.0640649 -0.0748084 -0.0686456 -0.063627 -0.0617744 -0.0729875 -0.0641072 -0.0584138 -0.0674424 -0.0640169 -0.0580537 -0.0754273 -0.0663201 -0.0645344 -0.0649877 -0.0562744 -0.0849484 -0.0610258 -0.0644731 -0.0665763 -0.0645343 -0.066487 -0.0644043 -0.0643227
internal_weight=8000 7904 1472 268 145 6432 1376 319 256 1204 123 182 96 49 47 74 63 77 79 68 1172 49 150 5056 2514 58 2456 401 380 44 45 47 48 2055 64 118 1057 1140 1991 86 60 345 288 57 268 99 169 2542 124 90 46 1115 1057 58 44 40 1028 63 1025 64 961 2418
internal_count=8000 7904 1472 268 145 6432 1376 319 256 1204 123 182 96 49 47 74 63 77 79 68 1172 49 150 5056 2514 58 2456 401 380 44 45 47 48 2055 64 118 1057 1140 1991 86 60 345 288 57 268 99 169 2542 124 90 46 1115 1057 58 44 40 1028 63 1025 64 961 2418
is_linear=0
shrinkage=0.05


Tree=49
num_leaves=63
num_cat=0
split_feature=0 0 1 0 0 0 0 1 0 1 0 0 0 2 0 0 0 0 0 3 4 0 2 0 1 0 1 0 0 3 3 0 3 2 2 3 0 2 0 1 0 0 2 0 2 0 1 0 5 6 3 0 2 0 2 4 0 2 4 0 0 6
split_gain=23075.5 11595.5 70197.1 19603.7 2737.54 2420.79 2012.56 10508.7 3925.06 5078.1 1986.01 1242.95 1208.51 694.994 616.722 505.451 481.21 471.116 347.444 314.465 263.62 260.851 208.355 127.469 3346.75 205.967 173.803 1344.15 347.674 68.4775 47.8171 35.7812 73.5728 30.1299 12.341 14.9375 6.27516 5.28336 5.0135 3.84042 65.8094 49.985 2.15976 7.86741 2.5629 1.67343 35.766 2.81723 1.58428 0.447088 0.400405 0.103488 0.242084 0.0939607 0.181718 0.0724428 0.0313731 0.0125922 0.0105669 0.0420331 0.0172023 0.00339556
threshold=1937.033333333334 3841.6666666666711 2460.5000000000005 3628.9750000000026 3729.6416666666687 3511.4750000000026 6438.7416666666659 4564.0000000000009 6151.5000000000027 5887.5000000000009 1989.4750000000008 1881.1083333333336 6196.8833333333359 213.66395305279246 6382.2166666666662 6097.5250000000015 3799.3500000000008 3580.358333333334 2042.2249999999997 1494.0815919675717 12.942593012678978 6248.0250000000042 212.69343560665888 8039.0833333333294 7306.0000000000009 7990.7333333333236 6517.5000000000009 7455.9416666666648 7503.7833333333301 1531.0613368104598 1477.574999842426 6488.3499999999985 1526.218161973409 237.10459140900767 172.72030028404419 1552.7107282458808 3886.4416666666716 202.08031519634304 2098.4583333333358 5887.5000000000009 6535.1916666666657 6535.1916666666657 171.31683701475876 7553.2999999999984 159.27313862919902 8089.4333333333298 7306.0000000000009 8066.2416666666631 14.500000000000002 37.500000000000007 810.05240962954792 2185.3000000000034 194.99629435552083 3987.4166666666711 194.03350452319555 3.0059173825934873 8101.8750000000036 181.29829934307415 14.058088347390447 7636.0833333333294 7636.0833333333294 19.500000000000004
decision_type=2 2 2 2 2 2 2 2 2 2 2 2 2 2 2 2 2 2 2 2 2 2 2 2 2 2 2 2 2 2 2 2 2 2 2 2 2 2 2 2 2 2 2 2 2 2 2 2 2 2 2 2 2 2 2 2 2 2 2 2 2 2
left_child=11 2 10 5 19 20 7 36 15 12 -2 13 -10 -1 22 -9 29 30 -12 -5 -4 -14 -11 24 26 -26 31 -28 -29 -6 -7 32 -8 34 -23 37 -3 -36 -20 41 -41 -33 44 -44 -30 46 47 48 -25 -49 -40 52 -52 54 -38 -55 -47 -45 59 -59 -60 -53
right_child=1 6 3 4 16 17 23 8 9 14 18 -13 21 -15 -16 -17 -18 -19 38 -21 -22 33 -24 45 25 -27 27 28 42 -31 -32 39 -34 -35 35 -37 53 -39 50 40 -42 -43 43 57 -46 56 -48 49 -50 -51 51 61 -54 55 -56 -57 -58 58 60 -61 -62 -63
leaf_value=0.75243424011601345 0.34296134766191244 -0.038823107047937816 1.6887313192540949 0.78432483263313779 0.38481297682349885 1.2729813207279552 -0.076488801301456993 0.76424380540847781 0.31675434468779717 0.76209283329191668 0.10620986754074693 0.51609341083094484 0.10490820016711951 1.0845735145466668 0.35422770619392396 0.48095859140157704 0.063502359816006257 0.97215893413081322 -0.041329949814826253 0.56266018785536287 1.4592044337042447 -0.037533448934555055 0.54425912084786787 -0.05449965167045593 0.4426140344546487 0.25130390524864199 0.36571497534002578 0.10494237251313671 -0.059279966652393351 0.26268760077655318 1.1709288418293 -0.1277445809594516 0.030729436269029978 -0.0017431650842939105 -0.041161295473575596 -0.10685749405196734 -0.066975075006484988 -0.07595742469032607 -0.0677925169467926 0.0086743419510977617 -0.06111809015274048 -0.06111809015274048 -0.03299194944125635 -0.062549279928207399 -0.080513901622207076 -0.059526215445610792 -0.011461632008499959 -0.075885020649951451 -0.073128489085606166 -0.085975668827692669 -0.067774661481380463 -0.061522926308891994 -0.061140259558504273 -0.06408847144671849 -0.061300730982492141 -0.061119160436569377 -0.061127135081425046 -0.063492525660473365 -0.059564310908317569 -0.061128410494443286 -0.061177687958667154 -0.061119019985198975
leaf_weight=36 32 32 22 32 24 22 32 31 32 21 32 32 32 28 30 32 28 33 32 32 29 25 23 25 24 34 21 35 30 22 24 29 32 21 20 28 21 24 24 35 966 961 27 20 27 31 34 23 21 21 20 55 44 21 43 940 2387 23 20 103 95 965
leaf_count=36 32 32 22 32 24 22 32 31 32 21 32 32 32 28 30 32 28 33 32 32 29 25 23 25 24 34 21 35 30 22 24 29 32 21 20 28 21 24 24 35 966 961 27 20 27 31 34 23 21 21 20 55 44 21 43 940 2387 23 20 103 95 965
internal_value=1.39143e-09 -0.00935864 0.117234 0.849083 0.434031 1.28968 -0.0383302 0.0152823 0.266806 0.1798 -0.0456689 0.770528 0.0378024 0.897745 0.529037 0.620353 0.226928 1.11632 -0.05628 0.673493 1.55822 -0.0217073 0.648225 -0.0529209 -0.0449378 0.330467 -0.0538032 -0.0236927 -0.0452126 0.326405 1.21974 -0.0596788 -0.0228797 -0.0560437 -0.0677995 -0.0783085 -0.0606269 -0.060141 -0.0608411 -0.0608617 -0.0586778 -0.0630698 -0.0604457 -0.0586857 -0.0693381 -0.0608161 -0.055151 -0.0716559 -0.0630041 -0.080701 -0.0614046 -0.0612632 -0.0632135 -0.0613076 -0.0631626 -0.061184 -0.0611066 -0.0613437 -0.0612437 -0.06156 -0.0608971 -0.0611408
internal_weight=8000 7904 1472 268 138 130 6432 1376 319 256 1204 96 182 64 74 63 74 79 1172 64 51 150 44 5056 2514 58 2456 401 380 46 46 2055 64 118 97 72 1057 44 1140 1991 1001 990 345 288 57 2542 124 90 46 44 1108 1084 64 1025 64 961 2418 261 241 126 115 1020
internal_count=8000 7904 1472 268 138 130 6432 1376 319 256 1204 96 182 64 74 63 74 79 1172 64 51 150 44 5056 2514 58 2456 401 380 46 46 2055 64 118 97 72 1057 44 1140 1991 1001 990 345 288 57 2542 124 90 46 44 1108 1084 64 1025 64 961 2418 261 241 126 115 1020
is_linear=0
shrinkage=0.05


Tree=50
num_leaves=63
num_cat=0
split_feature=0 0 1 0 0 0 1 0 1 0 0 4 0 4 2 0 0 4 4 0 0 4 5 0 6 2 0 1 0 1 0 0 2 6 0 3 3 0 1 3 0 4 3 4 2 0 0 4 0 0 2 0 0 0 1 0 5 6 0 0 2 2
split_gain=20825.6 10464.9 63352.9 17750.8 2837.33 1816.33 9484.15 3542.36 4582.98 1792.38 1696.78 1150.27 1090.68 1052.91 793.464 615.591 566.001 468.168 774.652 405.285 313.568 248.897 614.096 210.194 128.965 115.315 115.04 3020.45 185.885 156.857 1213.1 313.776 101.2 70.9976 91.8366 69.8841 62.1639 32.6076 248.57 67.8572 26.1322 5.85278 4.55413 2.52081 2.80868 24.9802 23.1358 2.1098 8.63891 5.51395 1.65173 24.2767 13.3843 1.51027 32.2788 2.54255 1.42982 0.403497 0.0341207 0.0283143 0.0106208 0.0042988
threshold=1937.033333333334 3841.6666666666711 2460.5000000000005 3656.2500000000023 3555.7833333333333 6438.7416666666659 4564.0000000000009 6151.5000000000027 5887.5000000000009 1989.4750000000008 3777.3833333333346 14.329723652659641 6196.8833333333359 18.502159603952922 217.75389928158828 3484.8166666666684 6352.3583333333327 15.897805780940965 10.657496937984229 3702.4166666666683 2042.2249999999997 16.058957858526504 13.500000000000002 3606.200000000003 37.500000000000007 197.15192803664129 8039.0833333333294 7306.0000000000009 7990.7333333333236 6517.5000000000009 7455.9416666666648 7503.7833333333301 197.15192803664129 34.500000000000007 6325.2666666666673 1566.8288480906106 1582.2735117890345 6509.0416666666633 5887.5000000000009 1526.218161973409 6466.4916666666641 2.5936076843741032 810.05240962954792 3.6147484818953477 193.14793500313135 3987.4166666666711 3886.4416666666716 15.026101705752092 7569.0833333333303 7588.0666666666575 184.92938523467157 2098.4583333333358 2185.3000000000034 8089.4333333333298 7306.0000000000009 8066.2416666666631 14.500000000000002 37.500000000000007 6535.1916666666657 8101.8750000000036 171.81501869973252 184.92938523467157
decision_type=2 2 2 2 2 2 2 2 2 2 2 2 2 2 2 2 2 2 2 2 2 2 2 2 2 2 2 2 2 2 2 2 2 2 2 2 2 2 2 2 2 2 2 2 2 2 2 2 2 2 2 2 2 2 2 2 2 2 2 2 2 2
left_child=11 2 9 4 15 6 41 17 12 -2 19 14 -9 -13 -1 -4 -10 18 -8 -5 -11 22 33 -6 -12 -18 27 29 -29 37 -31 -32 -21 34 -14 -17 -23 38 40 -40 -7 -3 -22 -43 45 -45 -46 48 -33 -49 52 -52 -44 54 55 56 -28 -57 -39 -55 -50 -62
right_child=1 5 3 10 23 26 7 8 16 20 24 13 21 -15 -16 35 25 -19 -20 32 42 36 -24 -25 -26 -27 53 28 -30 30 31 47 -34 -35 -36 -37 -38 58 39 -41 -42 43 50 44 46 -47 -48 49 60 -51 51 -53 -54 59 -56 57 -58 -59 -60 -61 61 -63
leaf_value=0.37846770548020253 0.3258132589515299 -0.030804594159126283 1.5320373535156251 0.64432634307492176 1.0146439783275127 -0.059259270280599602 0.71816930174827576 0.30091661338228737 0.67483946804342609 0.10089936079457403 0.2097441788762808 1.1806019139289856 0.064291540533304214 0.70902917302888024 0.79398168414831172 1.3247054281688873 0.46985738977142005 0.7820947028341747 0.28821573514829985 0.32649144552648068 -0.036693935394287107 -0.06149339778082711 0.26770610227471309 0.830422625541687 0.037830237050851187 0.30973811759190129 -0.051774670362472533 0.42048334280649824 0.23873870749136106 0.34742922640982132 0.099695252265248988 -0.026610398292541505 0.4737519421215568 -0.112057883972707 -0.072638988971710214 1.2030901273091636 -0.16875180615620181 -0.059708375670015815 -2.4844954411188764e-05 0.12304704515706927 -0.13256658873250407 -0.075259228263582501 -0.018499814103478972 -0.0097412122734661776 -0.11269425973296165 -0.058063119649887085 -0.058060764520164482 -0.086405115379020569 -0.057196691632270813 -0.058113555465975124 -0.11254316937355768 -0.058056505467022748 -0.058077007790406546 -0.056549905192467477 -0.010888550397666064 -0.072090769850689435 -0.069472065426054455 -0.081676886195228227 -0.058062183856964114 -0.058070781177739297 -0.05886489465123132 -0.058090855871758808
leaf_weight=27 32 20 35 31 32 20 20 32 29 32 20 20 24 29 20 21 23 21 22 20 25 35 21 30 24 22 25 24 34 21 35 25 28 23 25 27 22 32 24 21 31 21 23 29 20 344 623 20 32 124 21 771 300 31 34 23 21 21 1927 2387 21 123
leaf_count=27 32 20 35 31 32 20 20 32 29 32 20 20 24 29 20 21 23 21 22 20 25 35 21 30 24 22 25 24 34 21 35 25 28 23 25 27 22 32 24 21 31 21 23 29 20 344 623 20 32 124 21 771 300 31 34 23 21 21 1927 2387 21 123
internal_value=1.48476e-10 -0.00889071 0.111373 0.806629 1.18141 -0.0364137 0.0145182 0.253465 0.17081 -0.0433855 0.364811 0.732002 0.0359123 0.901508 0.555282 1.37257 0.502585 0.589335 0.492956 0.503405 -0.053466 -0.0206219 0.0298013 0.925505 0.115973 0.391577 -0.0502749 -0.0426909 0.313943 -0.051113 -0.022508 -0.042952 0.412393 -0.0395876 -0.00557097 1.2563 -0.102891 -0.0566948 -0.0282433 0.0574087 -0.103819 -0.0575955 -0.0577991 -0.0581122 -0.0577578 -0.0543062 -0.0597601 -0.0574234 -0.0541139 -0.0620429 -0.0582723 -0.0595012 -0.0552588 -0.0577753 -0.0523935 -0.0680731 -0.0598539 -0.076666 -0.0580891 -0.0580513 -0.0580206 -0.0582037
internal_weight=8000 7904 1472 268 145 6432 1376 319 256 1204 123 96 182 49 47 83 74 63 42 79 1172 150 93 62 44 45 5056 2514 58 2456 401 380 48 72 49 48 57 2055 96 45 51 1057 1140 1037 1016 373 643 345 201 144 1115 792 323 2542 124 90 46 44 1959 2418 176 144
internal_count=8000 7904 1472 268 145 6432 1376 319 256 1204 123 96 182 49 47 83 74 63 42 79 1172 150 93 62 44 45 5056 2514 58 2456 401 380 48 72 49 48 57 2055 96 45 51 1057 1140 1037 1016 373 643 345 201 144 1115 792 323 2542 124 90 46 44 1959 2418 176 144
is_linear=0
shrinkage=0.05


Tree=51
num_leaves=63
num_cat=0
split_feature=0 0 1 0 0 0 1 0 1 0 0 0 0 4 0 4 2 0 0 2 0 5 0 3 2 0 1 4 1 0 0 3 6 5 0 1 3 0 3 0 0 0 0 0 1 0 5 3 2 6 0 2 0 2 4 0 0 4 0 0 2 6
split_gain=18795.1 9444.58 57176 16020.1 2578.7 1639.24 8559.44 3196.98 4136.14 1617.62 1537.28 1087.49 984.889 626.17 521.162 507.606 453.257 359.836 358.387 354.23 282.996 279.481 257.298 245.863 185.739 103.824 2725.95 173.631 141.563 1097.41 145.709 58.2159 56.0905 29.9541 29.4284 224.334 61.2411 23.5843 8.62337 17.4583 6.278 5.10317 4.6675 1.36302 29.1316 2.29465 1.29041 0.493339 0.429513 0.364156 0.174324 0.340135 0.135432 0.3167 0.110447 0.030794 0.0255536 0.01469 0.068663 0.0330072 0.00798701 0.00306485
threshold=1937.033333333334 3841.6666666666711 2460.5000000000005 3656.2500000000023 3534.6166666666686 6438.7416666666659 4564.0000000000009 6151.5000000000027 5887.5000000000009 1989.4750000000008 3754.3666666666682 1881.1083333333336 6248.0250000000042 11.778865103734004 6382.2166666666662 16.125153681481422 199.55190901102881 3606.200000000003 3461.233333333334 200.38599804439153 2042.2249999999997 10.500000000000002 3799.3500000000008 1557.3934167696352 212.69343560665888 8039.0833333333294 7306.0000000000009 10.860333679231793 6517.5000000000009 7473.2833333333301 7518.9416666666575 1449.9313192269756 43.500000000000007 8.5000000000000018 6509.0416666666633 5887.5000000000009 1526.218161973409 6466.4916666666641 1813.3314588401724 6295.3583333333345 3886.4416666666716 2098.4583333333358 7553.2999999999984 8089.4333333333298 7306.0000000000009 8066.2416666666631 14.500000000000002 810.05240962954792 214.34744501306656 37.500000000000007 3987.4166666666711 194.03350452319555 2185.3000000000034 194.99629435552083 3.0059173825934873 6535.1916666666657 8101.8750000000036 14.772664346170684 7620.7249999999976 7636.0833333333294 171.81501869973252 19.500000000000004
decision_type=2 2 2 2 2 2 2 2 2 2 2 2 2 2 2 2 2 2 2 2 2 2 2 2 2 2 2 2 2 2 2 2 2 2 2 2 2 2 2 2 2 2 2 2 2 2 2 2 2 2 2 2 2 2 2 2 2 2 2 2 2 2
left_child=11 2 9 4 18 6 40 16 12 -2 23 13 15 -1 24 21 -8 31 -4 -15 -11 -9 -12 -5 -10 26 28 -28 34 -30 -31 -6 -20 -14 35 37 -37 -7 39 -35 -3 -22 -32 44 45 46 -27 -43 -41 -47 51 -42 53 -49 -52 -36 -45 58 -44 -59 -60 -54
right_child=1 5 3 10 17 25 7 8 14 20 22 -13 33 19 -16 -17 -18 -19 32 -21 41 -23 -24 -25 -26 43 27 -29 29 30 42 -33 -34 38 55 36 -38 -39 -40 48 50 47 57 56 -46 49 -48 52 -50 -51 54 -53 61 -55 -56 -57 -58 59 60 -61 -62 -63
leaf_value=0.58242418609559532 0.30952262415084991 -0.032907042466104035 1.5245453548431396 0.60461632427242074 0.96265325811174185 -0.056296306997537619 0.39988090854424696 0.1637515389919281 0.69453187187512722 0.095854406058788311 0.26229549909476191 0.45740983472205698 -0.00034486768038376517 0.78427936123765041 0.31675956651568415 0.0040461413886236112 0.67229220538928702 0.7889015066623688 1.2249566855253997 1.0683102308994248 -0.035224234825000166 0.42491577977225897 0.054751851728984294 0.40501939190758601 0.48886009014171106 -0.049185937762260434 0.19152765163908836 0.36837555126420091 0.24609573481338365 0.054961602354887874 -0.080146344183012849 1.0752025771141054 1.3339108398982458 -0.11054525233450391 -0.056722956523299221 -2.3598937938610714e-05 0.1168946894861403 -0.12593825728662553 -0.035660159304028466 -0.053029871266335252 -0.063139259815216064 -0.06256819367408753 -0.058018454660971969 -0.053722409855934884 -0.010344123780069983 -0.068486230528872954 -0.065998461700621111 -0.062768699228763589 -0.062232489103362681 -0.077593040182476952 -0.058814594291505366 -0.055376043430594518 -0.055543674989180142 -0.055180424993688415 -0.05514822829276958 -0.055159074068069462 -0.055167242235402258 -0.053066262196410786 -0.054381442921502259 -0.055186220386006818 -0.055313061281692159 -0.055159941300209327
leaf_weight=20 32 32 20 36 27 20 26 20 21 32 32 32 23 23 30 23 37 30 27 21 32 21 28 27 23 25 23 35 35 32 20 20 21 21 32 24 21 31 21 32 21 24 24 31 34 23 21 20 21 21 21 43 55 44 940 1927 2387 22 28 111 129 965
leaf_count=20 32 32 20 36 27 20 26 20 21 32 32 32 23 23 30 23 37 30 27 21 32 21 28 27 23 25 23 35 35 32 20 20 21 21 32 24 21 31 21 32 21 24 24 31 34 23 21 20 21 21 21 43 55 44 940 1927 2387 22 28 111 129 965
internal_value=9.91765e-10 -0.00844617 0.105804 0.766298 1.12234 -0.034593 0.0137922 0.240792 0.162269 -0.0412162 0.346571 0.695401 0.0341167 0.814397 0.477456 0.192052 0.559868 0.924191 1.34672 0.91984 -0.0507927 0.297519 0.165442 0.519075 0.587022 -0.0477611 -0.0405563 0.298246 -0.0485574 -0.0213826 -0.0469612 1.01055 1.27262 -0.0515431 -0.0538601 -0.0268311 0.0545383 -0.0986277 -0.0639384 -0.0719634 -0.0547158 -0.0549091 -0.0567262 -0.0548865 -0.0497738 -0.0646695 -0.0568612 -0.0554776 -0.0566762 -0.0728327 -0.0553966 -0.0579233 -0.0553206 -0.0575518 -0.0552283 -0.0551846 -0.0551487 -0.0552345 -0.0555277 -0.0548356 -0.0551469 -0.0551806
internal_weight=8000 7904 1472 268 145 6432 1376 319 256 1204 123 96 182 64 74 64 63 77 68 44 1172 41 60 63 44 5056 2514 58 2456 401 366 47 48 118 2055 96 45 51 95 74 1057 1140 334 2542 124 90 46 1108 53 44 1025 64 1084 64 961 1959 2418 314 181 133 157 1020
internal_count=8000 7904 1472 268 145 6432 1376 319 256 1204 123 96 182 64 74 64 63 77 68 44 1172 41 60 63 44 5056 2514 58 2456 401 366 47 48 118 2055 96 45 51 95 74 1057 1140 334 2542 124 90 46 1108 53 44 1025 64 1084 64 961 1959 2418 314 181 133 157 1020
is_linear=0
shrinkage=0.05


Tree=52
num_leaves=63
num_cat=0
split_feature=0 0 1 0 0 0 1 0 1 0 0 0 0 0 0 3 2 0 0 3 4 4 5 4 5 0 1 0 1 0 0 2 6 0 4 3 3 0 1 2 0 0 0 2 0 0 1 0 5 3 6 0 2 0 2 4 2 0 0 4 0 0
split_gain=16962.6 8523.73 51601.3 14458.2 2352.59 1479.42 7724.9 2885.28 3732.87 1459.9 1394.57 1002.69 925.355 570.492 478.988 444.999 383.901 354.294 255.404 241.515 232.905 211.818 531.138 202.819 109.595 93.7012 2460.17 165.914 127.761 1013.08 249.246 68.2951 65.8279 78.9826 61.3608 55.7926 48.0224 26.5591 202.462 56.7417 21.2849 5.6659 4.60561 1.99571 4.1423 1.23013 26.2913 2.07092 1.16861 0.445239 0.328651 0.157327 0.306972 0.122227 0.285822 0.0996788 0.0279269 0.0277915 0.023062 0.0111841 0.0465202 0.0238579
threshold=1937.033333333334 3841.6666666666711 2460.5000000000005 3656.2500000000023 3511.4750000000026 6438.7416666666659 4564.0000000000009 6151.5000000000027 5887.5000000000009 1989.4750000000008 3729.6416666666687 1825.4250000000002 6196.8833333333359 3580.358333333334 6352.3583333333327 1573.9812949626958 217.03197306294751 3799.3500000000008 2042.2249999999997 1557.3934167696352 12.942593012678978 16.058957858526504 13.500000000000002 13.616704713173869 14.500000000000002 8039.0833333333294 7306.0000000000009 7990.7333333333236 6517.5000000000009 7455.9416666666648 7503.7833333333301 184.26464671158973 34.500000000000007 6325.2666666666673 14.772664346170684 1582.2735117890345 1477.574999842426 6509.0416666666633 5887.5000000000009 200.38599804439153 6466.4916666666641 3886.4416666666716 2098.4583333333358 160.03180207839716 7553.2999999999984 8089.4333333333298 7306.0000000000009 8066.2416666666631 13.500000000000002 810.05240962954792 37.500000000000007 3987.4166666666711 194.03350452319555 2185.3000000000034 194.99629435552083 3.0059173825934873 171.81501869973252 6535.1916666666657 8101.8750000000036 14.772664346170684 7636.0833333333294 7636.0833333333294
decision_type=2 2 2 2 2 2 2 2 2 2 2 2 2 2 2 2 2 2 2 2 2 2 2 2 2 2 2 2 2 2 2 2 2 2 2 2 2 2 2 2 2 2 2 2 2 2 2 2 2 2 2 2 2 2 2 2 2 2 2 2 2 2
left_child=11 2 9 4 20 6 41 15 12 -2 19 -1 -9 36 -10 -8 23 34 -11 -5 -4 22 32 -13 -16 26 28 -28 37 -30 -31 -15 33 -14 -12 -23 -6 38 40 -40 -7 -3 -20 -32 -45 46 47 48 -27 -44 -49 52 -43 54 -51 -53 -46 -39 -47 60 -58 -61
right_child=1 5 3 10 13 25 7 8 14 18 17 16 21 31 24 -17 -18 -19 42 -21 -22 35 -24 -25 -26 45 27 -29 29 30 43 -33 -34 -35 -36 -37 -38 57 39 -41 -42 51 49 44 56 58 -48 50 -50 53 -52 55 -54 -55 -56 -57 59 -59 -60 61 -62 -63
leaf_value=0.8891557187773288 0.29404649068601429 -0.031261693174019459 1.462326175516302 0.62832477277722854 1.0970631426030939 -0.05348149061203003 0.63965984175079749 0.27650599055923525 0.61204460509892167 0.09106168858706952 0.22695083698401086 0.3389245654642582 0.059865032260616624 0.72672559857368479 0.28167177695780993 0.36804220664501192 0.70446260590106258 0.052014258929661342 -0.033463022718206052 0.40247149825096129 1.2465845798623973 -0.056338060413088122 0.24810601203214555 0.56410174995660778 0.43870315670967108 -0.046388021111488348 0.38398785477814579 0.21228405116673779 0.31775297863142837 0.088139728925057836 -0.063587059629516621 0.84769944548606879 -0.10746082456215569 -0.067121662497520454 0.343441923186183 -0.15795127478512852 0.99479185938835146 -0.053886807896196848 0.10672271368296252 -0.0055959724228490486 -0.11964134670072986 -0.0599822998046875 -0.059439784288406378 -0.032308992171393977 -0.050795949801154761 -0.051036289430433701 -0.0098269157275995798 -0.065061919585518213 -0.062341945415193389 -0.059630263298749923 -0.073713390600113643 -0.055873867727461314 -0.052607242451157679 -0.052421600257649137 -0.052421403473073794 -0.052390819794320045 -0.05486651539802552 -0.052401119470596315 -0.052408876938953734 -0.050673573613166815 -0.052498962107251905 -0.052575350505240419
leaf_weight=32 32 32 22 29 22 20 38 32 29 32 26 20 24 20 25 25 24 28 32 20 29 35 21 20 20 24 24 34 21 35 33 28 23 25 20 22 24 32 23 22 31 21 24 28 23 31 34 23 22 20 21 21 43 1020 44 940 25 1927 2387 20 122 94
leaf_count=32 32 32 22 29 22 20 38 32 29 32 26 20 24 20 25 25 24 28 32 20 29 35 21 20 20 24 24 34 21 35 33 28 23 25 20 22 24 32 23 22 31 21 24 28 23 31 34 23 22 20 21 21 43 1020 44 940 25 1927 2387 20 122 94
internal_value=1.68357e-09 -0.00802386 0.100514 0.727983 1.06622 -0.0328633 0.0131026 0.228753 0.154156 -0.0391554 0.329242 0.660631 0.0324109 0.917878 0.453583 0.531875 0.546369 0.192243 -0.0482531 0.53614 1.33965 -0.0196628 0.0268532 0.451513 0.351464 -0.0453731 -0.0385285 0.283334 -0.0461295 -0.0203135 -0.0389961 0.797294 -0.0376789 -0.0049241 0.277599 -0.0955572 1.0437 -0.0511671 -0.0254896 0.0518114 -0.0936963 -0.05198 -0.0521636 -0.051894 -0.0506572 -0.0521422 -0.0472851 -0.061436 -0.0540182 -0.0527037 -0.069191 -0.0526268 -0.0550272 -0.0525546 -0.0546742 -0.0524669 -0.0524662 -0.0524254 -0.0523913 -0.0526134 -0.0529016 -0.0522417
internal_weight=8000 7904 1472 268 145 6432 1376 319 256 1204 123 96 182 94 74 63 64 74 1172 49 51 150 93 40 45 5056 2514 58 2456 401 380 48 72 49 46 57 46 2055 96 45 51 1057 1140 345 312 2542 124 90 46 1108 44 1025 64 1084 64 961 284 1959 2418 261 147 114
internal_count=8000 7904 1472 268 145 6432 1376 319 256 1204 123 96 182 94 74 63 64 74 1172 49 51 150 93 40 45 5056 2514 58 2456 401 380 48 72 49 46 57 46 2055 96 45 51 1057 1140 345 312 2542 124 90 46 1108 44 1025 64 1084 64 961 284 1959 2418 261 147 114
is_linear=0
shrinkage=0.05


Tree=53
num_leaves=63
num_cat=0
split_feature=0 0 1 0 0 0 0 1 0 1 0 0 0 2 0 3 3 0 0 0 4 0 4 4 0 2 3 0 1 4 1 0 0 3 3 0 3 4 3 1 0 0 2 0 0 4 0 0 2 0 0 0 1 0 5 3 6 0 2 2 0 2
split_gain=15308.8 7692.67 46570.2 13060.3 1848.41 1646.41 1335.17 6971.72 2603.96 3368.91 1317.56 928.389 835.133 574.727 995.021 448.585 480.334 438.892 319.751 308.524 241.773 230.502 210.196 191.166 509.03 167.765 94.7665 84.5653 2220.3 154.956 115.304 914.306 224.945 60.1421 50.3528 24.1561 58.7969 5.32936 4.37673 2.81415 47.3457 37.4697 2.31379 29.1463 15.9132 1.86144 6.82748 5.25315 1.50142 23.5937 11.8061 1.11019 23.7279 1.86901 1.0556 0.615694 0.296607 0.0208135 0.0146663 0.00733786 0.00589125 0.00911911
threshold=1937.033333333334 3841.6666666666711 2460.5000000000005 3628.9750000000026 3729.6416666666687 3511.4750000000026 6438.7416666666659 4564.0000000000009 6151.5000000000027 5887.5000000000009 1989.4750000000008 1881.1083333333336 6196.8833333333359 217.75389928158828 1825.4250000000002 1401.6741565358695 1607.5751862519428 6382.2166666666662 3799.3500000000008 3555.7833333333333 11.253234881711387 2042.2249999999997 12.942593012678978 16.058957858526504 6295.3583333333345 212.69343560665888 1309.378327906363 8039.0833333333294 7306.0000000000009 10.860333679231793 6517.5000000000009 7455.9416666666648 7503.7833333333301 1531.0613368104598 1582.2735117890345 6488.3499999999985 1526.218161973409 2.5936076843741032 810.05240962954792 5887.5000000000009 6535.1916666666657 6535.1916666666657 193.14793500313135 3886.4416666666716 3987.4166666666711 15.026101705752092 7569.0833333333303 7588.0666666666575 184.92938523467157 2098.4583333333358 2185.3000000000034 8089.4333333333298 7306.0000000000009 8066.2416666666631 14.500000000000002 1618.0543625477244 37.500000000000007 8101.8750000000036 171.81501869973252 175.52725783902761 2185.3000000000034 212.03601857019183
decision_type=2 2 2 2 2 2 2 2 2 2 2 2 2 2 2 2 2 2 2 2 2 2 2 2 2 2 2 2 2 2 2 2 2 2 2 2 2 2 2 2 2 2 2 2 2 2 2 2 2 2 2 2 2 2 2 2 2 2 2 2 2 2
left_child=11 2 10 5 20 22 7 37 15 12 -2 13 -10 14 -1 -9 -17 25 33 -7 -5 -12 -4 24 -14 -11 -21 28 30 -30 35 -32 -33 -6 -25 36 -8 -3 -23 41 -41 -37 44 -44 -39 46 -34 -47 50 -50 -40 52 53 54 -29 -26 -55 -53 -48 -49 61 -51
right_child=1 6 3 4 18 19 27 8 9 17 21 -13 23 -15 -16 16 -18 -19 -20 26 -22 38 -24 34 55 -27 -28 51 29 -31 31 32 45 -35 -36 39 -38 42 48 40 -42 -43 43 -45 -46 47 58 59 49 60 -52 57 -54 56 -56 -57 -58 -59 -60 -61 -62 -63
leaf_value=0.87247197819607603 0.27934414213523268 -0.023816066980361941 1.3892098513516515 0.44930958622886297 0.31845680183420577 1.0279882803559304 -0.066297277016565209 0.32933173516522285 0.26268068780191245 0.63362644891298958 0.08650859077461065 0.40770525389816614 0.17270331026779281 0.94457265186038897 0.38573824039527349 0.77971771538257606 0.43318692192435271 0.28343565454085667 0.049413543513842993 0.74770692416599827 0.64376782991669401 -0.028865482330322267 1.1842553582684747 -0.053521159376416882 -0.063021700039054412 0.43815951178903162 0.89051409317896923 -0.044375330567359927 0.16835091130241106 0.33541791274079258 0.30186531983670739 0.083732740473268286 -0.021740108489990237 0.20400540075180207 -0.15005370913581417 -0.10746657766144851 0.029551649373024704 -0.011824894348780314 -0.012622524538765785 0.009416613153048925 -0.049781066179275517 -0.049781066179275517 -0.10963072585208077 -0.049758105765005771 -0.049760625198144809 -0.077417461490258577 -0.048695504758507015 -0.048925980329513556 -0.1034816426890237 -0.048415119946002963 -0.049793118983507162 -0.048484477400779727 -0.0093355698976665732 -0.061808823502582058 -0.059581440403347924 -0.073546828329563149 -0.070027718941370651 -0.049788435610658113 -0.049878902340100874 -0.049971744933953656 -0.049803606110314536 -0.049784536515512776
leaf_weight=21 32 20 22 31 24 32 32 23 32 21 32 32 36 22 21 20 20 30 28 21 33 25 29 35 33 23 26 25 23 35 21 35 25 22 22 29 32 30 23 35 966 961 21 634 352 20 32 20 21 20 300 31 34 23 21 24 21 2387 144 104 720 31
leaf_count=21 32 20 22 31 24 32 32 23 32 21 32 32 36 22 21 20 20 30 28 21 33 25 29 35 33 23 26 25 23 35 21 35 25 22 22 29 32 30 23 35 966 961 21 634 352 20 32 20 21 20 300 31 34 23 21 24 21 2387 144 104 720 31
internal_value=6.12868e-11 -0.00762267 0.0954881 0.691584 0.352809 1.05121 -0.0312202 0.0124475 0.217315 0.146448 -0.0371976 0.6276 0.0307903 0.737547 0.629105 0.505281 0.606452 0.430904 0.182631 0.908238 0.549577 -0.0458404 1.27267 -0.0186796 0.0255105 0.531451 0.826707 -0.0431044 -0.0366021 0.269167 -0.043823 -0.0192978 -0.0370463 0.263719 -0.0907793 -0.0486087 -0.0183728 -0.049381 -0.0495555 -0.0495806 -0.0477112 -0.0514708 -0.049874 -0.0516777 -0.0467814 -0.0492993 -0.0461907 -0.0536384 -0.0500194 -0.0511911 -0.0471463 -0.0495351 -0.0449209 -0.0583642 -0.0513173 -0.0674533 -0.0657315 -0.0497717 -0.0496637 -0.0498031 -0.0497668 -0.0492475
internal_weight=8000 7904 1472 268 138 130 6432 1376 319 256 1204 96 182 64 42 63 40 74 74 79 64 1172 51 150 93 44 47 5056 2514 58 2456 401 380 46 57 2055 64 1057 1140 1991 1001 990 1037 655 382 345 201 144 1115 792 323 2542 124 90 46 57 44 2418 176 124 771 51
internal_count=8000 7904 1472 268 138 130 6432 1376 319 256 1204 96 182 64 42 63 40 74 74 79 64 1172 51 150 93 44 47 5056 2514 58 2456 401 380 46 57 2055 64 1057 1140 1991 1001 990 1037 655 382 345 201 144 1115 792 323 2542 124 90 46 57 44 2418 176 124 771 51
is_linear=0
shrinkage=0.05


Tree=54
num_leaves=63
num_cat=0
split_feature=0 0 1 0 0 0 1 0 1 0 0 4 4 0 4 0 0 0 0 0 4 4 5 2 5 2 0 1 0 1 0 0 2 6 0 2 3 2 0 1 3 0 0 0 0 0 1 0 5 3 6 0 2 0 2 4 0 0 2 4 0 0
split_gain=13816.2 6942.63 42029.6 11827.4 1905.93 1204.99 6291.98 2350.08 3040.44 1189.1 1159.75 879.499 942.98 753.707 674.41 466.131 432.995 405.471 285.479 208.028 189.702 172.527 472.21 134.347 96.9269 91.7128 76.3202 2003.83 148.088 104.062 825.161 203.921 62.0101 60.3624 62.162 48.7801 46.3595 41.931 21.9283 177.38 52.4184 18.2907 5.8495 4.71711 4.51732 1.00195 21.4144 1.68678 0.956088 0.537371 0.267688 0.226738 0.441297 0.155356 0.357292 0.151725 0.0414529 0.0187842 0.0186776 0.0143744 0.0555369 0.0305052
threshold=1937.033333333334 3841.6666666666711 2460.5000000000005 3656.2500000000023 3511.4750000000026 6438.7416666666659 4564.0000000000009 6151.5000000000027 5887.5000000000009 1989.4750000000008 3777.3833333333346 14.329723652659641 20.149013723205332 6196.8833333333359 8.0472981539740349 3580.358333333334 6097.5250000000015 6352.3583333333327 3702.4166666666683 2042.2249999999997 12.942593012678978 16.058957858526504 13.500000000000002 203.34934736781977 14.500000000000002 197.15192803664129 8039.0833333333294 7306.0000000000009 7990.7333333333236 6517.5000000000009 7455.9416666666648 7518.9416666666575 184.26464671158973 34.500000000000007 6325.2666666666673 200.98918616505406 1477.574999842426 201.32981043915095 6509.0416666666633 5887.5000000000009 1526.218161973409 6466.4916666666641 3886.4416666666716 2098.4583333333358 7553.2999999999984 8089.4333333333298 7306.0000000000009 8066.2416666666631 13.500000000000002 810.05240962954792 37.500000000000007 3987.4166666666711 194.03350452319555 2185.3000000000034 194.99629435552083 3.0059173825934873 6535.1916666666657 8101.8750000000036 171.81501869973252 14.772664346170684 7636.0833333333294 7636.0833333333294
decision_type=2 2 2 2 2 2 2 2 2 2 2 2 2 2 2 2 2 2 2 2 2 2 2 2 2 2 2 2 2 2 2 2 2 2 2 2 2 2 2 2 2 2 2 2 2 2 2 2 2 2 2 2 2 2 2 2 2 2 2 2 2 2
left_child=11 2 9 4 20 6 42 16 13 -2 18 14 -13 -9 -1 36 -8 -10 -5 -11 -4 22 33 -12 -19 -20 27 29 -29 38 -31 37 -17 34 -15 -23 -6 -32 39 41 -41 -7 -3 -21 -33 46 47 48 -28 -45 -49 52 -44 54 -51 -53 -40 -47 -46 60 -60 -61
right_child=1 5 3 10 15 26 7 8 17 19 23 12 -14 21 -16 32 -18 24 25 43 -22 35 -24 -25 -26 -27 45 28 -30 30 31 44 -34 -35 -36 -37 -38 -39 56 40 -42 -43 51 49 58 57 -48 50 -50 53 -52 55 -54 -55 -56 -57 -58 -59 59 61 -62 -63
leaf_value=0.66175842881202707 0.26537695322185756 -0.025860631000250579 1.3197493661533704 0.52921402829308661 0.99556991620497282 -0.049409530758857734 0.61319605828292911 0.24954665534896778 0.55515325116957059 0.082183175394311553 0.18634348809719087 0.93439477575676788 0.49116336845216302 0.052231142545739809 0.27868330296542915 0.65316535823047162 0.35100026482250546 0.24976802003383636 0.25278087900951507 -0.028152055386453868 1.1250425782696956 -0.13012124339739481 0.23285346868492307 0.010878991739203533 0.39744521491229534 0.39296910933085849 -0.041849854153891405 0.35080202268436556 0.18858425714732971 0.28677204840240028 0.011417151171536674 -0.071827251277863977 0.76843844737325406 -0.10343430528174276 -0.060425042331218717 -0.037483856302720532 0.8950848778088889 0.10725491845607758 -0.049106477946043017 -0.00097083430737257006 0.10719813605149586 -0.11073973678773451 -0.056391936540603642 -0.055024522542953494 -0.046463716479967228 -0.04606025257418233 -0.0088687918683075725 -0.05871838227562283 -0.056280334564772522 -0.055391250550746923 -0.066526334342502422 -0.051580529127802172 -0.047549305613650839 -0.047310495145765012 -0.047331334785981616 -0.047283323730560066 -0.047292011976242068 -0.047299012178449784 -0.049966910004615783 -0.045298700481653215 -0.047380069093626055 -0.047449157117529117
leaf_weight=20 32 32 22 31 22 20 31 32 29 32 20 28 21 24 27 20 32 25 20 32 29 30 21 24 20 28 24 24 34 21 21 20 28 23 25 27 24 25 32 24 21 31 21 24 53 31 34 23 22 20 21 21 43 1020 44 940 1927 2387 25 20 122 94
leaf_count=20 32 32 22 31 22 20 31 32 29 32 20 28 21 24 27 20 32 25 20 32 29 30 21 24 20 28 24 24 34 21 21 20 28 23 25 27 24 25 32 24 21 31 21 24 53 31 34 23 22 20 21 21 43 1020 44 940 1927 2387 25 20 122 94
internal_value=1.08982e-09 -0.00724154 0.0907137 0.657005 0.96293 -0.0296592 0.0118251 0.206449 0.139126 -0.0353377 0.296361 0.59622 0.744438 0.0292508 0.441694 0.829406 0.480017 0.409359 0.410942 -0.0435484 1.20903 -0.0177456 0.024235 0.0906356 0.315402 0.334557 -0.0409492 -0.034772 0.255709 -0.0416319 -0.0183329 -0.035194 0.720408 -0.0366121 -0.0052465 -0.0862404 0.943143 0.0635029 -0.0461783 -0.0228465 0.049508 -0.0866887 -0.0469119 -0.0470777 -0.048787 -0.0470583 -0.0426748 -0.055446 -0.0487514 -0.0476243 -0.0624449 -0.0475691 -0.0504508 -0.0474604 -0.0498501 -0.0473772 -0.0473217 -0.0472831 -0.0473195 -0.0474932 -0.04782 -0.0470719
internal_weight=8000 7904 1472 268 145 6432 1376 319 256 1204 123 96 49 182 47 94 63 74 79 1172 51 150 93 44 45 48 5056 2514 58 2456 401 380 48 72 49 57 46 46 2055 96 45 51 1057 1140 334 2542 124 90 46 1108 44 1025 64 1084 64 961 1959 2418 314 261 147 114
internal_count=8000 7904 1472 268 145 6432 1376 319 256 1204 123 96 49 182 47 94 63 74 79 1172 51 150 93 44 45 48 5056 2514 58 2456 401 380 48 72 49 57 46 46 2055 96 45 51 1057 1140 334 2542 124 90 46 1108 44 1025 64 1084 64 961 1959 2418 314 261 147 114
is_linear=0
shrinkage=0.05


Tree=55
num_leaves=63
num_cat=0
split_feature=0 0 1 0 0 0 1 0 1 0 0 0 0 2 0 6 3 3 0 0 0 0 0 4 2 2 0 1 4 1 0 0 6 3 5 0 1 2 0 4 3 2 0 0 2 2 0 3 0 0 1 0 5 3 0 0 2 0 2 4 1 0
split_gain=12469.1 6265.73 37931.7 10674.2 1735.63 1087.51 5678.51 2120.94 2744 1073.16 1046.68 813.864 689.169 537.6 888.503 490.673 415.08 433.502 369.532 276.783 259.659 257.645 187.745 157.736 121.248 82.7708 68.879 1808.45 138.29 93.9161 744.708 186.4 58.1661 45.9248 25.5395 19.7903 160.085 50.7644 16.5074 14.3414 11.3991 6.13359 5.27917 4.25719 1.8628 7.1087 2.70772 1.61185 1.78603 0.904257 19.3265 1.52232 0.863506 0.484977 0.275961 0.204631 0.39827 0.140209 0.322456 0.136931 0.0392064 0.671362
threshold=1937.033333333334 3841.6666666666711 2460.5000000000005 3656.2500000000023 3534.6166666666686 6438.7416666666659 4564.0000000000009 6151.5000000000027 5887.5000000000009 1989.4750000000008 3777.3833333333346 1881.1083333333336 6248.0250000000042 217.75389928158828 1825.4250000000002 40.500000000000007 1401.6741565358695 1607.5751862519428 6382.2166666666662 3461.233333333334 3606.200000000003 3702.4166666666683 2042.2249999999997 13.180181208688575 203.34934736781977 197.15192803664129 8039.0833333333294 7306.0000000000009 10.860333679231793 6517.5000000000009 7455.9416666666648 7503.7833333333301 43.500000000000007 1449.9313192269756 8.5000000000000018 6509.0416666666633 5887.5000000000009 200.38599804439153 6466.4916666666641 10.933969412178659 1646.5901740905629 193.14793500313135 3886.4416666666716 2098.4583333333358 171.31683701475876 179.98054669911502 7716.1666666666633 1213.893773169473 7553.2999999999984 8089.4333333333298 7306.0000000000009 8066.2416666666631 14.500000000000002 810.05240962954792 8077.7583333333287 3987.4166666666711 194.03350452319555 2185.3000000000034 194.99629435552083 3.0059173825934873 5887.5000000000009 6558.7499999999991
decision_type=2 2 2 2 2 2 2 2 2 2 2 2 2 2 2 2 2 2 2 2 2 2 2 2 2 2 2 2 2 2 2 2 2 2 2 2 2 2 2 2 2 2 2 2 2 2 2 2 2 2 2 2 2 2 2 2 2 2 2 2 2 2
left_child=11 2 9 4 19 6 42 16 12 -2 21 13 15 14 -1 -9 -8 -18 23 -4 33 -5 -11 -10 -12 -23 27 29 -29 35 -31 -32 -21 -6 -14 36 38 -38 -7 -36 41 -41 -3 -24 46 -46 -33 -47 -49 50 51 52 -28 -45 -53 56 -44 58 -55 -57 -37 -62
right_child=1 5 3 10 20 26 7 8 18 22 24 -13 34 -15 -16 -17 17 -19 -20 32 -22 25 43 -25 -26 -27 49 28 -30 30 31 44 -34 -35 39 60 37 -39 -40 40 -42 -43 55 53 45 47 -48 48 -50 -51 -52 54 -54 57 -56 59 -58 -59 -60 -61 61 -63
leaf_value=0.79444244418825427 0.25210810191929339 -0.024567609559744599 1.2551388907432557 0.50275332670538653 0.78303821660854211 -0.046939055174589156 0.2867652740167535 0.021457505947910252 0.57161079748817112 0.078074010135605942 0.17702631294727325 0.36052353801205755 0.0034084517022837761 0.86957864314317712 0.33449870021570299 0.29834671150892972 0.71793789885938164 0.38873363912105563 0.2535757959230493 0.98520709496957282 0.63729492356379835 0.24014183511957526 -0.026744446810334922 0.38207616649922871 0.010335037857294083 0.37332065254449848 -0.040035211384296415 0.14768297473049682 0.30550997201885499 0.2724334415935335 0.076510845992181997 -0.066096519808406418 1.0961588042122978 0.88300265908241282 -0.085363541809575894 -0.044730857243904701 0.098971264129099637 -0.0072668766433542425 -0.10520275139039564 -0.038832912345727284 -0.015147940379877886 -0.07661106735467911 -0.053572338819503788 -0.05227329730987549 -0.014198150187730791 -0.055104418141501292 -0.043883584702716159 -0.030039639838717203 -0.045010269111931608 -0.044918975831803654 -0.0084253526701050917 -0.063466681327138633 -0.053788351728802634 -0.052621689885854722 -0.055538987465526747 -0.04900150185539609 -0.045171840107718186 -0.044944971569028561 -0.044964768127961595 -0.044919159108019892 -0.051978866202490676 -0.044927412271499635
leaf_weight=21 32 32 20 31 27 20 23 32 23 32 20 32 23 22 21 32 20 20 30 27 30 20 32 21 24 28 25 23 35 21 35 23 21 20 28 975 23 22 31 21 24 22 21 24 20 35 34 22 211 2418 34 21 21 20 23 21 43 1020 44 940 35 949
leaf_count=21 32 32 20 31 27 20 23 32 23 32 20 32 23 22 21 32 20 20 30 27 30 20 32 21 24 28 25 23 35 21 35 23 21 20 28 975 23 22 31 21 24 22 21 24 20 35 34 22 211 2418 34 21 21 20 23 21 43 1020 44 940 35 949
internal_value=1.11341e-10 -0.00687946 0.086178 0.624154 0.914784 -0.0281762 0.0112339 0.196127 0.132169 -0.0335709 0.281543 0.566409 0.0277883 0.669351 0.564471 0.159902 0.456016 0.553336 0.388891 1.09886 0.75222 0.390395 -0.041371 0.481151 0.0861038 0.317829 -0.0389017 -0.0330334 0.242923 -0.0395503 -0.0174163 -0.0334343 1.03375 0.825576 -0.0438667 -0.0438694 -0.0217042 0.0470326 -0.0823542 -0.0553123 -0.0427535 -0.0581613 -0.0445663 -0.0447238 -0.0445882 -0.0429537 -0.0528467 -0.0450996 -0.0435967 -0.0447054 -0.0405411 -0.0526737 -0.0463138 -0.0452431 -0.0593227 -0.0451907 -0.0479283 -0.0450874 -0.0473576 -0.0450084 -0.0449556 -0.0451782
internal_weight=8000 7904 1472 268 145 6432 1376 319 256 1204 123 96 182 64 42 64 63 40 74 68 77 79 1172 44 44 48 5056 2514 58 2456 401 380 48 47 118 2055 96 45 51 95 67 43 1057 1140 345 288 57 268 233 2542 124 90 46 1108 44 1025 64 1084 64 961 1959 984
internal_count=8000 7904 1472 268 145 6432 1376 319 256 1204 123 96 182 64 42 64 63 40 74 68 77 79 1172 44 44 48 5056 2514 58 2456 401 380 48 47 118 2055 96 45 51 95 67 43 1057 1140 345 288 57 268 233 2542 124 90 46 1108 44 1025 64 1084 64 961 1959 984
is_linear=0
shrinkage=0.05


Tree=56
num_leaves=63
num_cat=0
split_feature=0 0 1 0 0 1 0 1 0 0 0 0 4 4 4 0 5 2 4 4 0 4 0 4 0 0 2 0 1 0 1 0 0 0 2 0 3 4 3 4 2 0 0 1 0 0 2 2 6 4 0 4 6 0 4 3 0 4 1 0 5 4
split_gain=11253.3 5657.97 38054.5 6922.97 1014.76 5068.73 1931.43 1989.7 1476.57 968.36 961.435 877.177 769.301 855.868 614.966 340.565 299.83 274.033 222.236 171.781 169.422 162.46 424.412 151.292 150.611 118.756 96.3331 62.1633 1632.13 132.177 84.7593 672.099 168.226 59.3747 45.4796 17.9914 49.6987 4.87536 4.22394 2.29969 2.4298 21.9117 20.751 2.23979 36.925 29.9259 1.68118 6.4156 2.51368 1.53837 4.86651 3.5579 1.43776 4.39886 3.30583 0.929277 0.816092 17.7971 51.2364 1.28319 2.20088 0.379245
threshold=1937.033333333334 3799.3500000000008 2460.5000000000005 3606.200000000003 6438.7416666666659 4564.0000000000009 6097.5250000000015 5887.5000000000009 6196.8833333333359 1989.4750000000008 3680.9000000000019 3511.4750000000026 14.329723652659641 20.149013723205332 8.0472981539740349 6352.3583333333327 10.500000000000002 201.32981043915095 7.9780796565033061 12.942593012678978 2042.2249999999997 16.058957858526504 6295.3583333333345 12.563409752034017 3754.3666666666682 3555.7833333333333 197.15192803664129 8039.0833333333294 7306.0000000000009 7990.7333333333236 6517.5000000000009 7455.9416666666648 7503.7833333333301 3841.6666666666711 200.98918616505406 6488.3499999999985 1526.218161973409 2.5936076843741032 810.05240962954792 3.6147484818953477 193.14793500313135 3886.4416666666716 3987.4166666666711 5887.5000000000009 6535.1916666666657 6535.1916666666657 171.31683701475876 179.98054669911502 37.500000000000007 11.467502638020424 7569.0833333333303 9.0688308576372503 19.500000000000004 2098.4583333333358 7.7618523064722824 1618.0543625477244 8089.4333333333298 7.8210173585910292 7306.0000000000009 8052.808333333337 13.500000000000002 7.564731759945686
decision_type=2 2 2 2 2 2 2 2 2 2 2 2 2 2 2 2 2 2 2 2 2 2 2 2 2 2 2 2 2 2 2 2 2 2 2 2 2 2 2 2 2 2 2 2 2 2 2 2 2 2 2 2 2 2 2 2 2 2 2 2 2 2
left_child=12 2 9 11 5 33 -7 8 16 -2 23 19 14 -14 -1 -9 -8 -18 -12 -4 -11 22 -10 -5 -20 -13 -17 28 30 -30 35 -32 -33 -3 -23 36 -6 -35 -22 -39 42 -42 -41 45 -45 -37 48 -48 -34 51 -51 61 54 -54 -40 -24 57 -29 59 -59 -61 -49
right_child=1 4 3 10 27 6 7 15 21 20 18 25 13 -15 -16 26 17 -19 24 -21 38 34 55 -25 -26 -27 -28 56 29 -31 31 32 46 37 -36 43 -38 39 52 40 41 -43 -44 44 -46 -47 47 49 -50 50 -52 -53 53 -55 -56 -57 -58 58 -60 60 -62 -63
leaf_value=0.60370951294898989 0.23950268216431142 0.026792872417718175 1.1978624083779075 0.47859932148829104 -0.059642661688849331 0.56131875784166396 0.12525129940198818 0.50306323828368349 0.15802478599879477 0.074170308839529756 0.43382100242943999 0.88265220299363145 0.8576804798096419 0.4354177985872541 0.23790621647128352 0.35488583225270975 0.22465139549402965 0.48325744636356832 0.31168394299114455 1.0125805723256078 -0.022162119865417482 -0.12595206126570702 -0.055819641460071914 0.66151666343212134 0.14808980709252259 0.74643340148031712 0.2085371588356793 -0.078208598559317388 0.32061686568583053 0.16736102178692819 0.25881178560001511 0.072685303342129512 -0.060165496269861868 -0.017886236310005188 -0.036503489425888769 -0.094243490079353606 0.028479001251980662 -0.059187292343094236 -0.043940315513234393 0.0013570526550556053 -0.095848169773817063 -0.042679654198129142 -0.042684853076934814 0.0096038638268198303 -0.042674836652125882 -0.042690870165824894 -0.013488241732120515 -0.041668522715568541 -0.039136439092733247 -0.067676239460706708 -0.04246163864930471 -0.023168657668705645 -0.062569789845367971 -0.042822590190917255 -0.018826230317354205 -0.068750205946465345 -0.042673025603773583 -0.040525974120412561 0.0294819469322209 -0.045502692673887526 -0.065913356184959415 -0.049815175980329515
leaf_weight=20 32 32 22 20 32 31 23 29 36 32 21 32 28 21 27 23 21 20 34 29 25 30 33 26 24 32 22 23 24 34 21 35 30 20 27 29 32 21 38 29 20 623 344 35 966 961 20 50 27 22 147 29 29 1024 20 24 2418 21 27 28 25 20
leaf_count=20 32 32 22 20 32 31 23 29 36 32 21 32 28 21 27 23 21 20 34 29 25 30 33 26 24 32 22 23 24 34 21 35 30 20 27 29 32 21 38 29 20 623 344 35 966 961 20 50 27 22 147 29 29 1024 20 24 2418 21 27 28 25 20
internal_value=8.08458e-10 -0.00653549 0.083093 0.65784 -0.0265022 0.0110386 0.18632 0.145956 0.0686743 -0.0318564 0.400265 0.937813 0.538088 0.676711 0.393567 0.369446 0.269744 0.350801 0.294451 1.09251 -0.0392909 -0.0171154 0.0236219 0.581987 0.24399 0.814543 0.283338 -0.0369566 -0.0313817 0.230777 -0.0375728 -0.0165455 -0.0317626 -0.0403066 -0.0835817 -0.0416759 -0.0155818 -0.042338 -0.0424869 -0.0428096 -0.0424711 -0.0443334 -0.0392607 -0.0425147 -0.0408469 -0.044201 -0.0423588 -0.040806 -0.0502044 -0.0428446 -0.045744 -0.0378952 -0.0429443 -0.0433664 -0.0352803 -0.0612641 -0.0424701 -0.038514 -0.0294747 -0.0509859 -0.0551304 -0.0439961
internal_weight=8000 7904 1440 240 6464 1408 319 288 214 1200 125 115 96 49 47 74 64 41 79 51 1168 150 93 46 58 64 45 5056 2514 58 2456 401 380 1089 57 2055 64 1057 1136 1037 1016 643 373 1991 1001 990 345 288 57 268 169 99 1111 1053 58 57 2542 124 101 74 53 70
internal_count=8000 7904 1440 240 6464 1408 319 288 214 1200 125 115 96 49 47 74 64 41 79 51 1168 150 93 46 58 64 45 5056 2514 58 2456 401 380 1089 57 2055 64 1057 1136 1037 1016 643 373 1991 1001 990 345 288 57 268 169 99 1111 1053 58 57 2542 124 101 74 53 70
is_linear=0
shrinkage=0.05


Tree=57
num_leaves=63
num_cat=0
split_feature=0 0 1 0 0 1 0 1 0 0 0 0 0 2 0 0 5 2 4 4 0 4 5 2 4 4 4 4 2 4 0 1 4 1 0 0 0 0 1 2 0 0 0 0 0 4 1 0 5 3 0 2 4 0 2 2 2 1 0 0 4 0
split_gain=10156.1 5106.32 34344.2 6247.98 915.822 4574.53 1743.11 1795.71 1332.61 873.945 867.695 791.652 713.484 502.463 793.511 312.353 270.597 247.315 200.568 155.033 152.903 150.689 620.184 149.333 138.609 136.541 108.366 247.036 61.5141 83.5928 56.1024 1473 123.416 76.4953 606.876 80.1583 53.5857 16.3452 140.238 45.5335 14.1956 5.33332 4.2311 3.97882 0.736523 16.0619 46.2408 1.15808 1.98629 0.57722 0.296904 0.580729 0.176724 0.124157 0.291119 0.0612223 0.10228 0.0510783 0.873486 0.694035 0.0195357 0.0419424
threshold=1937.033333333334 3799.3500000000008 2460.5000000000005 3606.200000000003 6438.7416666666659 4564.0000000000009 6097.5250000000015 5887.5000000000009 6196.8833333333359 1989.4750000000008 3680.9000000000019 3511.4750000000026 1881.1083333333336 217.75389928158828 1825.4250000000002 6382.2166666666662 10.500000000000002 201.32981043915095 7.9780796565033061 12.942593012678978 2042.2249999999997 24.30412793299725 14.500000000000002 212.69343560665888 13.552160811216153 12.563409752034017 10.657496937984229 18.833092306209284 184.92938523467157 11.547483653151945 8039.0833333333294 7306.0000000000009 10.860333679231793 6517.5000000000009 7473.2833333333301 7518.9416666666575 3841.6666666666711 6509.0416666666633 5887.5000000000009 200.38599804439153 6466.4916666666641 3886.4416666666716 2098.4583333333358 7553.2999999999984 8089.4333333333298 7.8210173585910292 7306.0000000000009 8052.808333333337 13.500000000000002 810.05240962954792 3987.4166666666711 194.03350452319555 3.0059173825934873 2185.3000000000034 194.99629435552083 171.81501869973252 181.29829934307415 5887.5000000000009 6558.7499999999991 6558.7499999999991 14.058088347390447 7636.0833333333294
decision_type=2 2 2 2 2 2 2 2 2 2 2 2 2 2 2 2 2 2 2 2 2 2 2 2 2 2 2 2 2 2 2 2 2 2 2 2 2 2 2 2 2 2 2 2 2 2 2 2 2 2 2 2 2 2 2 2 2 2 2 2 2 2
left_child=12 2 9 11 5 36 -7 8 16 -2 25 19 13 14 -1 23 -8 -18 -12 -4 -11 22 28 -9 -20 -5 -13 -28 -10 -30 31 33 -33 37 -35 -36 -3 38 40 -40 -6 -38 -22 -37 45 -32 47 -47 -49 -44 51 -43 -52 54 -51 -45 -57 59 -59 -39 61 -58
right_child=1 4 3 10 30 6 7 15 21 20 18 26 -14 -15 -16 -17 17 -19 24 -21 42 -23 -24 -25 -26 -27 27 -29 29 -31 44 32 -34 34 35 43 41 57 39 -41 -42 50 49 55 -46 46 -48 48 -50 53 52 -53 -54 -55 -56 56 60 58 -60 -61 -62 -63
leaf_value=0.72350495372499735 0.22752756513655187 0.025453232508152724 1.1379693161357534 0.45466935537755493 -0.043372402191162111 0.53325281397950264 0.11898871997128363 0.53219615873836335 0.0049812389345004647 0.070461790042463696 0.41212994417264348 0.85781027972698221 0.31841310281306506 0.80114269798452209 0.28884274100973489 0.22656751712784173 0.21341882575125923 0.45909457832574846 0.13291404518214139 0.96195153532357058 -0.022439331933856013 -0.11862625533650661 0.20989399223492067 0.34777953592331512 0.29221472578744095 0.62844082885063612 0.59916207998991011 0.84767571032047284 -0.029826919734478 -0.14538123651311316 -0.074298168135725928 0.12926545562627523 0.27836343552385062 0.18319069496222906 0.040857015014626089 -0.06360573522746564 -0.020120084006339314 -0.032703637974015598 0.094076432482055994 -0.0065394664352590396 -0.097402549462933696 -0.050961577892303468 -0.048551526665687565 -0.039055727900199178 -0.040539375693222232 -0.038499675478254052 0.02800784956111952 -0.043227558689458032 -0.062617688894271856 -0.047849474847316747 -0.045165438453356431 -0.040817729401033981 -0.040527708232402808 -0.04057712952980376 -0.040574130009521141 -0.04435554847121239 -0.042995084109513658 -0.048590490818023684 -0.040547299385070804 -0.040556326508522034 -0.040163322687149054 -0.040633523348465705
leaf_weight=21 32 32 22 20 20 31 23 21 29 32 21 24 32 22 21 30 21 20 22 29 32 29 29 23 36 26 20 20 34 29 23 23 35 35 32 20 32 29 23 22 31 21 24 53 2418 21 27 28 25 20 21 43 940 1016 44 20 23 35 949 946 115 103
leaf_count=21 32 32 22 20 20 31 23 21 29 32 21 24 32 22 21 30 21 20 22 29 32 29 29 23 36 26 20 20 34 29 23 23 35 35 32 20 32 29 23 22 31 21 24 53 2418 21 27 28 25 20 21 43 940 1016 44 20 23 35 949 946 115 103
internal_value=-8.37725e-11 -0.00620871 0.0789384 0.624948 -0.0251771 0.0104866 0.177004 0.138658 0.0652405 -0.0302635 0.380251 0.890923 0.511184 0.607569 0.506174 0.350974 0.256257 0.333261 0.279729 1.03788 -0.0373263 -0.0162597 0.00827447 0.435797 0.23179 0.552888 0.773816 0.723419 -0.0552795 -0.0830186 -0.0351088 -0.0298126 0.219238 -0.0356941 -0.0157182 -0.0347396 -0.0382913 -0.0395921 -0.0194483 0.0448864 -0.0762143 -0.0402211 -0.0403626 -0.0419823 -0.0403466 -0.0365883 -0.0280009 -0.0484366 -0.0523738 -0.0408821 -0.0408487 -0.0441462 -0.0406291 -0.0407117 -0.0428477 -0.0406051 -0.0409197 -0.0405792 -0.0408334 -0.0403228 -0.0406345 -0.0410646
internal_weight=8000 7904 1440 240 6464 1408 319 288 214 1200 125 115 96 64 42 74 64 41 79 51 1168 150 121 44 58 46 64 40 92 63 5056 2514 58 2456 401 366 1089 2055 96 45 51 1057 1136 334 2542 124 101 74 53 1104 1025 64 961 1080 64 314 261 1959 984 975 241 126
internal_count=8000 7904 1440 240 6464 1408 319 288 214 1200 125 115 96 64 42 74 64 41 79 51 1168 150 121 44 58 46 64 40 92 63 5056 2514 58 2456 401 366 1089 2055 96 45 51 1057 1136 334 2542 124 101 74 53 1104 1025 64 961 1080 64 314 261 1959 984 975 241 126
is_linear=0
shrinkage=0.05


Tree=58
num_leaves=63
num_cat=0
split_feature=0 0 1 0 0 1 0 1 0 0 0 4 4 2 0 6 3 3 0 0 4 0 4 0 6 4 0 1 0 1 0 0 0 6 3 3 0 0 3 0 3 0 1 0 0 4 2 0 0 0 4 1 0 5 0 2 4 2 2 4 0 0
split_gain=9165.92 4608.45 30995.6 5638.8 826.529 4128.51 1583.24 2024.85 788.736 783.094 714.466 673.038 776.882 568.061 510.701 439.693 397.388 386.881 288.417 186.069 139.917 137.995 123.228 104.412 87.3454 54.9578 50.6324 1329.38 117.976 69.037 561.323 134.619 48.3611 40.8957 23.8718 34.6471 35.4959 14.8026 44.4064 4.81332 3.95446 3.59089 1.91249 30.984 25.6076 1.7068 1.3844 22.7889 10.1745 0.664712 14.4959 41.7324 1.04516 1.79263 0.267955 0.524107 0.159493 0.0552532 0.0923076 0.017631 0.037853 0.026508
threshold=1937.033333333334 3799.3500000000008 2460.5000000000005 3606.200000000003 6438.7416666666659 4564.0000000000009 6151.5000000000027 5887.5000000000009 1989.4750000000008 3680.9000000000019 3511.4750000000026 14.329723652659641 20.149013723205332 217.75389928158828 6248.0250000000042 40.500000000000007 1401.6741565358695 1607.5751862519428 6352.3583333333327 3729.6416666666687 12.942593012678978 2042.2249999999997 12.563409752034017 3555.7833333333333 46.500000000000007 14.772664346170684 8039.0833333333294 7306.0000000000009 7990.7333333333236 6517.5000000000009 7455.9416666666648 7518.9416666666575 3841.6666666666711 34.500000000000007 1776.9906277840062 1295.1589988708301 6295.3583333333345 6488.3499999999985 1526.218161973409 3886.4416666666716 810.05240962954792 7553.2999999999984 5887.5000000000009 6535.1916666666657 6535.1916666666657 12.004217059942528 185.25707953487992 2098.4583333333358 2185.3000000000034 8089.4333333333298 7.8210173585910292 7306.0000000000009 8052.808333333337 13.500000000000002 3987.4166666666711 194.03350452319555 3.0059173825934873 171.81501869973252 181.29829934307415 14.058088347390447 7636.0833333333294 7636.0833333333294
decision_type=2 2 2 2 2 2 2 2 2 2 2 2 2 2 2 2 2 2 2 2 2 2 2 2 2 2 2 2 2 2 2 2 2 2 2 2 2 2 2 2 2 2 2 2 2 2 2 2 2 2 2 2 2 2 2 2 2 2 2 2 2 2
left_child=11 2 8 10 5 32 16 14 -2 22 20 13 -13 -1 15 -8 -7 -18 -9 -11 -4 -10 -5 -12 -20 -21 27 29 -29 37 -31 33 -3 -32 35 -16 -37 38 -6 -34 -23 -33 44 -44 -39 -38 48 -48 -42 50 -28 52 -52 -54 55 -41 -56 -43 -59 60 -60 -61
right_child=1 4 3 9 26 6 7 18 21 19 23 12 -14 -15 34 -17 17 -19 24 25 -22 40 -24 -25 -26 -27 49 28 -30 30 31 41 39 -35 -36 36 45 42 -40 54 46 57 43 -45 -46 -47 47 -49 -50 -51 51 -53 53 -55 56 -57 -58 58 59 61 -62 -63
leaf_value=0.20084072517024146 0.21615118421614171 0.024180567264556887 1.0810708436098966 0.43193587914109233 -0.055592395318672064 0.22709116333204771 0.0059028977528214456 0.45638761828685626 0.066938711975672055 0.35633957012923378 0.79898886904120447 0.78770155757665639 0.38539511149837857 0.55241684705019001 0.0071634808466548017 0.26801367606967691 0.64341837689280512 0.33241962343454362 0.19187702584266664 0.15281562816638214 0.91385394293686439 -0.018678662300109863 0.59701878800988195 0.67126089911907916 0.33206518782302741 0.26306138090789316 -0.0705832592819048 0.29315281600380938 0.14836372423040517 0.23671165268336025 0.10510501854121686 -0.060425448380410675 -0.019114078860729935 0.010003800432269391 0.007252279669046402 -0.12250609144568443 -0.053095551340707717 -0.086222884983852 0.027705288352444769 -0.048413497209548954 -0.0047183487564325336 -0.037102941240904463 0.009382058594908033 -0.038506651788518052 -0.038534639445477546 -0.035304883394676904 -0.091312281503563839 -0.038513278546608659 -0.038534307470055006 -0.038512406498809999 -0.036574691392126539 0.026607458548689331 -0.041066180754985131 -0.059486803174018867 -0.042907164636112397 -0.038776842522066701 -0.038501323141316157 -0.042137771397829059 -0.040845330124316015 -0.036500695496797568 -0.038601847036370956 -0.038503464021180808
leaf_weight=27 32 32 22 20 32 23 32 29 32 33 32 28 21 20 21 32 20 20 25 26 29 25 26 32 20 20 23 24 34 21 20 20 32 26 23 20 28 29 32 21 24 53 35 966 961 26 21 762 304 2418 21 27 28 25 21 43 940 20 23 20 103 95
leaf_count=27 32 32 22 20 32 23 32 29 32 33 32 28 21 20 21 32 20 20 25 26 29 25 26 32 20 20 23 24 34 21 20 20 32 26 23 20 28 29 32 21 24 53 35 966 961 26 21 762 304 2418 21 27 28 25 21 43 940 20 23 20 103 95
internal_value=2.58928e-10 -0.00589828 0.0749915 0.593701 -0.0239183 0.0099623 0.168154 0.112896 -0.0287504 0.361239 0.846377 0.485625 0.615285 0.350448 0.0232299 0.136958 0.392696 0.487919 0.333425 0.265742 0.985987 -0.03546 0.525244 0.735125 0.254183 0.200749 -0.0333534 -0.028322 0.208276 -0.0339094 -0.0149323 -0.0288389 -0.0363767 0.0513522 -0.0384533 -0.0495189 -0.0656044 -0.0376125 -0.0139436 -0.0382101 -0.0383445 -0.0398832 -0.0383733 -0.0368322 -0.0399316 -0.0445297 -0.038787 -0.0399293 -0.03606 -0.0383293 -0.0347589 -0.0266009 -0.0460148 -0.0497552 -0.0388062 -0.0419389 -0.0385976 -0.0385748 -0.0388737 -0.0386028 -0.0390114 -0.0381552
internal_weight=8000 7904 1440 240 6464 1408 319 256 1200 125 115 96 49 47 182 64 63 40 74 79 51 1168 46 64 45 46 5056 2514 58 2456 401 380 1089 46 118 95 74 2055 64 1057 1136 334 1991 1001 990 54 1111 783 328 2542 124 101 74 53 1025 64 961 314 261 241 126 115
internal_count=8000 7904 1440 240 6464 1408 319 256 1200 125 115 96 49 47 182 64 63 40 74 79 51 1168 46 64 45 46 5056 2514 58 2456 401 380 1089 46 118 95 74 2055 64 1057 1136 334 1991 1001 990 54 1111 783 328 2542 124 101 74 53 1025 64 961 314 261 241 126 115
is_linear=0
shrinkage=0.05


Tree=59
num_leaves=63
num_cat=0
split_feature=0 0 1 0 0 1 0 1 0 0 0 0 0 2 2 5 5 2 3 5 4 0 0 0 4 4 4 3 0 1 4 1 0 0 0 3 0 1 3 0 6 3 4 0 2 0 0 2 2 3 0 3 3 2 0 0 3 5 2 0 4 0
split_gain=8272.24 4159.13 27973.6 5089.02 745.943 3725.98 1484.48 1474.54 1083.46 711.834 707.43 644.805 625.488 441.637 706.255 282.871 229.196 229.246 208.372 198.893 144.774 365.073 126.562 124.54 113.802 95.2088 222.95 46.0756 45.6957 1199.76 110.142 62.3059 506.594 122.573 43.6459 34.6342 13.5067 122.9 42.6322 12.2205 4.52753 8.20606 7.67918 4.36707 2.39842 21.3527 20.9659 1.64973 2.72147 1.39304 1.53064 1.12488 0.665489 0.625837 11.9193 8.58031 18.3269 25.4982 0.376634 0.955601 0.618479 0.263582
threshold=1937.033333333334 3799.3500000000008 2460.5000000000005 3606.200000000003 6438.7416666666659 4564.0000000000009 6097.5250000000015 5887.5000000000009 6196.8833333333359 1989.4750000000008 3702.4166666666683 3511.4750000000026 1881.1083333333336 217.75389928158828 193.45042257198017 8.5000000000000018 10.500000000000002 201.32981043915095 1353.4688952469539 17.500000000000004 16.058957858526504 6295.3583333333345 3461.233333333334 2042.2249999999997 10.801966379121227 10.657496937984229 18.833092306209284 1582.2735117890345 8039.0833333333294 7306.0000000000009 10.860333679231793 6517.5000000000009 7455.9416666666648 7503.7833333333301 3841.6666666666711 1600.7971075951293 6509.0416666666633 5887.5000000000009 1526.218161973409 6466.4916666666641 85.500000000000014 1389.7624427691264 2.8401565884695708 2098.4583333333358 193.14793500313135 3886.4416666666716 3987.4166666666711 160.03180207839716 175.87086126300852 1213.893773169473 7553.2999999999984 1618.0543625477244 810.05240962954792 219.99366937074802 8077.7583333333287 8077.7583333333287 1395.5862733304118 13.500000000000002 218.21957911563575 8089.4333333333298 15.200844922112916 8118.8749999999964
decision_type=2 2 2 2 2 2 2 2 2 2 2 2 2 2 2 2 2 2 2 2 2 2 2 2 2 2 2 2 2 2 2 2 2 2 2 2 2 2 2 2 2 2 2 2 2 2 2 2 2 2 2 2 2 2 2 2 2 2 2 2 2 2
left_child=12 2 9 11 5 34 -7 8 16 -2 18 22 13 14 -1 -9 -8 -18 -5 -17 21 -10 -4 -11 -12 -13 -27 -22 29 31 -31 36 -33 -34 -3 -26 37 39 -39 -6 42 -42 -36 -25 46 -46 -44 -35 -49 -50 -51 -23 -45 55 -55 56 -30 -58 59 -57 -60 -56
right_child=1 4 3 10 28 6 7 15 20 23 24 25 -14 -15 -16 19 17 -19 -20 -21 27 51 -24 43 35 26 -28 -29 53 30 -32 32 33 47 40 -37 -38 38 -40 -41 41 -43 44 52 45 -47 -48 48 49 50 -52 -53 -54 54 61 58 57 -59 60 -61 -62 -63
leaf_value=0.66156355880555662 0.20534363240003586 0.022971540875732901 1.0347496914863588 0.58379698761779331 -0.040090115591883663 0.48850458526322921 0.10373482289521591 0.46232334738192354 0.14745239420897432 0.063591770431958142 0.31606915437656902 0.77709913154443111 0.2808510921895504 0.73306859186427165 0.25149522792725337 0.16849307596683505 0.18555436599112693 0.422085367590189 0.39311993075044538 0.36912226769186202 -0.042760718890598848 -0.049939491882017163 0.87342138367314492 -0.018218271154910325 0.22196008591424851 0.53308637462556363 0.76917430877685555 -0.13510238695043056 -0.053350040316581727 0.11286592522393102 0.25371760907982077 0.22487607605400539 0.061759302147797179 -0.047073152209773206 -0.065001176421840987 0.13002317246049641 -0.03662921686358693 -0.0027174705018599829 0.094833133440642134 -0.090220901466185055 0.0032171393930912023 -0.037145518905976241 0.0092374036709467582 -0.045190015435218812 -0.08909405544400216 -0.036569682870592389 -0.036553606329049131 -0.021964408369625318 -0.046127141101492776 -0.023314987932858262 -0.03687400481744444 -0.064166011692335212 -0.036772040048683133 -0.070883967068332887 -0.031389836072921749 -0.047070078958164563 -0.040100001916289332 0.037093423501304956 -0.036641821807081053 -0.036579713069084217 -0.025498914420604708 -0.036613593543702354
leaf_weight=21 32 32 20 23 20 31 23 23 36 32 23 24 32 22 21 30 21 20 38 21 35 33 31 32 21 20 20 22 24 23 35 21 35 33 24 20 1959 24 21 31 20 34 27 24 20 595 337 34 36 23 219 24 1080 26 25 22 20 23 33 1640 20 709
leaf_count=21 32 32 20 23 20 31 23 23 36 32 23 24 32 22 21 30 21 20 38 21 35 33 31 32 21 20 20 22 24 23 35 21 35 33 24 20 1959 24 21 31 20 34 27 24 20 595 337 34 36 23 219 24 1080 26 25 22 20 23 33 1640 20 709
internal_value=-4.9849e-11 -0.00560336 0.0712419 0.564016 -0.0227224 0.00946418 0.159746 0.124359 0.0578302 -0.0273128 0.343177 0.804058 0.461344 0.55159 0.456529 0.316754 0.230066 0.300935 0.465015 0.251105 -0.0156572 0.0227989 0.936687 -0.033687 0.22705 0.698369 0.65113 -0.0784014 -0.0316857 -0.0269059 0.197863 -0.032214 -0.0141857 -0.027397 -0.0345579 0.177113 -0.0357319 -0.0174206 0.0428061 -0.0705618 -0.0362996 -0.0221964 -0.0370588 -0.0364272 -0.0363738 -0.0382778 -0.033157 -0.0364418 -0.0353174 -0.0369505 -0.0355853 -0.0559296 -0.036955 -0.0364128 -0.0376142 -0.0359005 -0.018347 0.0011895 -0.0365863 -0.0367186 -0.032437 -0.0364357
internal_weight=8000 7904 1440 240 6464 1408 319 288 214 1200 125 115 96 64 42 74 64 41 61 51 150 93 51 1168 64 64 40 57 5056 2514 58 2456 401 380 1089 41 2055 96 45 51 1057 54 1003 1136 979 615 364 345 312 278 242 57 1104 2542 760 1782 67 43 1715 1662 53 734
internal_count=8000 7904 1440 240 6464 1408 319 288 214 1200 125 115 96 64 42 74 64 41 61 51 150 93 51 1168 64 64 40 57 5056 2514 58 2456 401 380 1089 41 2055 96 45 51 1057 54 1003 1136 979 615 364 345 312 278 242 57 1104 2542 760 1782 67 43 1715 1662 53 734
is_linear=0
shrinkage=0.05


Tree=60
num_leaves=63
num_cat=0
split_feature=0 0 1 0 0 1 0 1 0 0 0 4 4 0 4 0 5 2 4 4 4 5 4 4 0 4 0 6 0 0 1 0 1 0 0 0 2 0 0 1 2 0 4 0 0 3 0 0 3 0 4 1 5 0 0 2 0 2 1 0 0 2
split_gain=7465.7 3753.61 25246.1 4592.84 673.213 3362.7 1339.74 1330.77 977.819 653.179 642.43 592.82 707.803 581.937 570.422 267.148 206.85 206.894 170.121 135.62 130.658 349.668 124.872 119.683 112.398 110.746 91.8024 53.7796 44.8286 41.2404 1082.79 105.301 56.231 457.201 110.992 40.7075 39.469 39.3904 12.1898 110.917 40.7418 11.029 4.97051 3.94128 3.42766 2.28965 18.8503 16.7402 0.600605 0.580565 12.5637 36.7181 0.961819 0.63621 0.297257 0.43349 0.153783 0.360356 0.0624327 1.06289 0.834577 0.0456731
threshold=1937.033333333334 3799.3500000000008 2460.5000000000005 3606.200000000003 6438.7416666666659 4564.0000000000009 6097.5250000000015 5887.5000000000009 6196.8833333333359 3680.9000000000019 1989.4750000000008 14.329723652659641 20.149013723205332 3511.4750000000026 8.0472981539740349 6382.2166666666662 10.500000000000002 201.32981043915095 7.9780796565033061 13.180181208688575 16.058957858526504 13.500000000000002 12.942593012678978 13.552160811216153 2042.2249999999997 12.563409752034017 3555.7833333333333 34.500000000000007 6295.3583333333345 8039.0833333333294 7306.0000000000009 7990.7333333333236 6517.5000000000009 7455.9416666666648 7518.9416666666575 6325.2666666666673 201.32981043915095 3841.6666666666711 6509.0416666666633 5887.5000000000009 200.38599804439153 6466.4916666666641 2.5936076843741032 2098.4583333333358 7553.2999999999984 1665.2743821328106 3886.4416666666716 3987.4166666666711 810.05240962954792 8089.4333333333298 7.8210173585910292 7306.0000000000009 17.500000000000004 8066.2416666666631 3987.4166666666711 200.72480607189615 2185.3000000000034 194.99629435552083 5887.5000000000009 6558.7499999999991 6558.7499999999991 171.81501869973252
decision_type=2 2 2 2 2 2 2 2 2 2 2 2 2 2 2 2 2 2 2 2 2 2 2 2 2 2 2 2 2 2 2 2 2 2 2 2 2 2 2 2 2 2 2 2 2 2 2 2 2 2 2 2 2 2 2 2 2 2 2 2 2 2
left_child=11 2 10 13 5 37 -7 8 16 25 -2 14 -13 22 -1 19 -8 -18 -11 -9 21 27 -4 -20 -12 -5 -15 35 -22 30 32 -32 38 -34 36 -10 -35 -3 39 41 -41 -6 -39 -26 -36 46 -44 -47 -45 50 -31 52 53 -52 55 -48 57 -50 60 -60 -40 -46
right_child=1 4 3 9 29 6 7 15 20 18 24 12 -14 26 -16 -17 17 -19 23 -21 28 -23 -24 -25 43 -27 -28 -29 -30 49 31 -33 33 34 44 -37 -38 42 58 40 -42 -43 45 48 61 47 54 -49 56 -51 51 -53 -54 -55 -56 -57 -58 -59 59 -61 -62 -63
leaf_value=0.51379911227151753 0.19507643096148969 0.021822964493185285 0.97967968854037213 0.3873462474346161 -0.03808560997247696 0.46407935797206817 0.098548076982083538 0.46323980067087256 0.045417707661787675 0.36074011467752004 0.060412175836972892 0.72453705625874665 0.34053328001783012 0.7233336865901947 0.16149301528930665 0.18586392690738043 0.17627664650125163 0.40098109923303132 0.10277378410100937 0.28749400391465141 -0.11960766070655414 0.20117917848484859 0.82170865782376001 0.25079967155017785 -0.017307357024401428 0.54384498940064352 0.60356672892812646 -0.093774566244657923 -0.03091101446349559 -0.064606836089945371 0.26815682525436085 0.13136668095693868 0.21363226459139872 -0.0037462246914704645 -0.056125377789139758 -0.045747551767155531 0.0892354266345501 -0.0097953638434410111 -0.026159167700800401 0.087195642065742748 -0.0079789579591967846 -0.085709856258284658 -0.0819972723722458 -0.042930516600608828 -0.033438949146360718 0.0097665558690610138 -0.044452473223209388 -0.034750860883283989 -0.042875558137893677 -0.034763317252605584 -0.032347621977329259 0.026248932754000028 -0.050359118373497672 -0.04351878957106517 -0.034763055606006364 -0.034740403294563293 -0.034783690419840065 -0.034781157564033161 -0.043635599017143256 -0.034763142466545105 -0.034770315885543822 -0.035048879169184588
leaf_weight=20 32 32 22 20 20 31 23 23 24 21 32 28 21 32 27 30 21 20 22 21 28 21 29 36 32 26 32 23 29 23 24 34 21 21 20 25 25 20 29 23 22 31 22 24 53 23 20 258 20 2418 25 27 23 26 687 27 1016 44 35 949 946 261
leaf_count=20 32 32 22 20 20 31 23 23 24 21 32 28 21 32 27 30 21 20 22 21 28 21 29 36 32 26 32 23 29 23 24 34 21 21 20 25 25 20 29 23 22 31 22 24 53 23 20 258 20 2418 25 27 23 26 687 27 1016 44 35 949 946 261
internal_value=4.85947e-10 -0.00532319 0.0676798 0.535815 -0.0215862 0.00899097 0.151759 0.118141 0.0549387 0.326018 -0.0259472 0.438276 0.559964 0.763855 0.311411 0.300916 0.218563 0.285889 0.238802 0.379361 -0.0148743 0.021659 0.889853 0.194652 -0.0320026 0.475802 0.66345 -0.0307011 -0.0744813 -0.0301014 -0.0255606 0.187969 -0.0306033 -0.0134764 -0.0260271 -0.00109518 0.0467873 -0.03283 -0.0339453 -0.0165495 0.0406658 -0.0670337 -0.0344846 -0.0346059 -0.0360555 -0.0349607 -0.0363931 -0.0311071 -0.0351073 -0.0345922 -0.0312554 -0.0236606 -0.0418708 -0.0380427 -0.0350262 -0.0388732 -0.0349334 -0.0373107 -0.0347978 -0.0350787 -0.0345142 -0.0347771
internal_weight=8000 7904 1440 240 6464 1408 319 288 214 125 1200 96 49 115 47 74 64 41 79 44 150 93 51 58 1168 46 64 72 57 5056 2514 58 2456 401 380 49 46 1089 2055 96 45 51 1057 1136 334 1037 756 281 1104 2542 124 101 74 51 734 47 1080 64 1959 984 975 314
internal_count=8000 7904 1440 240 6464 1408 319 288 214 125 1200 96 49 115 47 74 64 41 79 44 150 93 51 58 1168 46 64 72 57 5056 2514 58 2456 401 380 49 46 1089 2055 96 45 51 1057 1136 334 1037 756 281 1104 2542 124 101 74 51 734 47 1080 64 1959 984 975 314
is_linear=0
shrinkage=0.05


Tree=61
num_leaves=63
num_cat=0
split_feature=0 0 1 0 0 1 0 1 0 0 0 0 0 2 0 5 5 2 2 4 2 2 0 0 2 0 0 3 0 4 0 1 4 1 0 0 0 0 1 3 0 0 3 2 2 2 3 6 0 4 0 2 2 0 0 6 3 0 2 3 0 0
split_gain=6737.79 3387.64 22784.6 4145.04 607.575 3034.84 1209.11 1201.02 882.482 589.494 579.793 548.245 525.198 412.759 690.232 248.233 186.682 186.722 185.456 153.534 123.101 365.289 302.26 154.553 130.618 117.646 112.897 102.894 101.439 84.3506 37.2195 977.215 98.2952 50.7485 412.624 101.656 35.5498 11.0013 100.103 38.3815 9.95371 5.43812 3.86087 1.56826 5.48718 2.68915 1.33089 1.26101 4.51892 2.95749 1.00722 0.572982 1.09833 0.705917 1.90963 15.8519 0.627742 0.43406 0.638518 0.169894 0.993751 0.291074
threshold=1937.033333333334 3799.3500000000008 2460.5000000000005 3606.200000000003 6438.7416666666659 4564.0000000000009 6097.5250000000015 5887.5000000000009 6196.8833333333359 3680.9000000000019 1989.4750000000008 1881.1083333333336 3511.4750000000026 217.75389928158828 1825.4250000000002 8.5000000000000018 10.500000000000002 201.32981043915095 191.64245733190458 7.9780796565033061 210.82589562331779 186.32086459101353 6295.3583333333345 6295.3583333333345 196.16835175393223 3754.3666666666682 3461.233333333334 1441.6580699509229 2042.2249999999997 12.318111347369211 8039.0833333333294 7306.0000000000009 10.860333679231793 6517.5000000000009 7455.9416666666648 7503.7833333333301 3841.6666666666711 6509.0416666666633 5887.5000000000009 1526.218161973409 6466.4916666666641 3886.4416666666716 810.05240962954792 171.31683701475876 180.60705557808231 159.27313862919902 1213.893773169473 19.500000000000004 2098.4583333333358 7.7618523064722824 7553.2999999999984 137.68073471234794 144.88299721476241 8052.808333333337 8077.7583333333287 37.500000000000007 1452.2186942304916 3987.4166666666711 194.03350452319555 2172.9140045648246 8253.3583333333318 8089.4333333333298
decision_type=2 2 2 2 2 2 2 2 2 2 2 2 2 2 2 2 2 2 2 2 2 2 2 2 2 2 2 2 2 2 2 2 2 2 2 2 2 2 2 2 2 2 2 2 2 2 2 2 2 2 2 2 2 2 2 2 2 2 2 2 2 2
left_child=11 2 10 12 5 36 -7 8 16 27 -2 13 26 14 -1 -9 -8 -18 -17 -11 21 23 -22 -10 -23 -21 -4 -5 -12 -14 31 33 -33 37 -35 -36 -3 38 40 -40 -6 -38 -30 45 -45 -37 -46 49 -49 -44 -48 56 -53 -54 55 -55 -32 58 -43 61 -61 -56
right_child=1 4 3 9 30 6 7 15 20 19 28 -13 29 -15 -16 18 17 -19 -20 25 22 24 -24 -25 -26 -27 -28 -29 42 -31 51 32 -34 34 35 43 41 -39 39 -41 -42 57 47 44 46 -47 50 48 -50 -51 -52 52 53 54 59 -57 -58 -59 -60 60 -62 -63
leaf_value=0.61164783636728925 0.18532261811196804 0.020731816533952951 0.93797750353813181 0.53727436587214472 -0.036181329935789111 0.44087537825107576 0.093620682799297833 0.42223622507375219 0.13415252903233404 0.34270310728322895 0.057391578587703412 0.24738205065950752 0.69536500360284537 0.67629804489287471 0.20625791952368761 0.33833315684681847 0.16746282488817263 0.38093205014243725 0.14459957867860793 0.24474830998874764 0.18370923639639566 -0.25407104739919306 -0.048335104761645202 -0.04077205883950228 -0.073365548104047773 0.10016159551839035 0.78560736102442597 0.38642548150741141 -0.013443893432617189 0.57965423737445643 -0.020661903023719789 0.098275335457014001 0.23133676137242998 0.2029506557754108 0.056467690893581939 -0.030237416625022891 -0.012462797295302154 -0.033057867420334307 -0.0045620125718414785 0.087997754911581683 -0.081424364207252381 -0.044527570974259155 -0.034326436096116117 -0.0074649313126098037 -0.042686465557883774 -0.05198807098247387 -0.021651078973497665 -0.053171835557140161 -0.033156968202092685 -0.01057230994105339 -0.033133300340853593 -0.043180581124929285 -0.040605294807203887 -0.047678294402430765 -0.038148347288370132 0.0043428596247125561 -0.033189297020435334 -0.033128499897908219 -0.033890972095866535 -0.020968762487173082 -0.033021682324045801 -0.03301840729870633
leaf_weight=21 32 32 20 20 20 31 23 23 23 21 32 32 28 22 21 21 21 20 30 34 23 20 36 28 20 24 31 26 25 36 20 23 35 21 35 30 32 1959 24 21 31 21 38 22 34 27 21 29 1024 20 211 26 29 32 28 27 20 961 43 20 118 2222
leaf_count=21 32 32 20 20 20 31 23 23 23 21 32 32 28 22 21 21 21 20 30 34 23 20 36 28 20 24 31 26 25 36 20 23 35 21 35 30 32 1959 24 21 31 21 38 22 34 27 21 29 1024 20 211 26 29 32 28 27 20 961 43 20 118 2222
internal_value=-4.01684e-11 -0.00505703 0.0642958 0.509024 -0.0205069 0.00854142 0.144171 0.112234 0.0521918 0.309717 -0.0246498 0.416363 0.725662 0.500853 0.408953 0.28587 0.207635 0.271594 0.224372 0.226862 -0.0141306 -0.0506027 0.0421229 0.0381155 -0.163718 0.184919 0.84536 0.452012 -0.0304025 0.630278 -0.0285963 -0.0242826 0.178571 -0.0290731 -0.0128026 -0.0247258 -0.0311885 -0.032248 -0.0157221 0.0386325 -0.063682 -0.0327603 -0.0328756 -0.0329628 -0.0314631 -0.0405404 -0.0334479 -0.0333128 -0.0337082 -0.0261354 -0.032094 -0.0328626 -0.0329575 -0.0328502 -0.0327582 -0.023872 -0.0269256 -0.033394 -0.0373811 -0.0329778 -0.0312749 -0.0330822
internal_weight=8000 7904 1440 240 6464 1408 319 288 214 125 1200 96 115 64 42 74 64 41 51 79 150 91 59 51 40 58 51 46 1168 64 5056 2514 58 2456 401 380 1089 2055 96 45 51 1057 1136 345 288 57 266 1111 1053 58 232 2542 2502 2476 2447 59 40 1025 64 2388 138 2250
internal_count=8000 7904 1440 240 6464 1408 319 288 214 125 1200 96 115 64 42 74 64 41 51 79 150 91 59 51 40 58 51 46 1168 64 5056 2514 58 2456 401 380 1089 2055 96 45 51 1057 1136 345 288 57 266 1111 1053 58 232 2542 2502 2476 2447 59 40 1025 64 2388 138 2250
is_linear=0
shrinkage=0.05


Tree=62
num_leaves=63
num_cat=0
split_feature=0 0 1 0 0 1 0 1 0 0 0 4 4 4 0 0 5 2 4 4 5 4 2 4 0 0 4 2 4 0 1 0 1 0 0 0 0 1 2 0 0 0 4 0 0 3 2 0 0 3 5 2 0 0 2 3 3 0 0 2 4 2
split_gain=6080.86 3057.34 20563.1 3740.9 548.336 2738.94 1091.23 1083.92 796.44 535.044 523.263 518.406 642.374 519.995 473.991 243.989 168.48 168.517 153.005 416.677 122.168 518.186 120.102 111.445 91.5487 80.2395 54.8144 46.2968 66.3971 33.5906 881.937 93.9875 45.8005 372.393 91.7449 32.0837 9.92863 90.3428 36.6803 8.98322 4.9079 3.93754 1.53436 5.54193 3.63042 0.688941 0.570392 10.9198 7.43504 16.1163 21.1304 0.628217 0.851978 0.391739 0.576263 0.238336 1.08613 0.354316 0.136491 0.325334 0.119586 0.0674683
threshold=1937.033333333334 3799.3500000000008 2460.5000000000005 3606.200000000003 6438.7416666666659 4564.0000000000009 6097.5250000000015 5887.5000000000009 6196.8833333333359 3729.6416666666687 1989.4750000000008 14.329723652659641 20.149013723205332 8.0472981539740349 3511.4750000000026 6382.2166666666662 10.500000000000002 201.32981043915095 11.253234881711387 18.986514737145395 14.500000000000002 23.818969897391614 212.69343560665888 12.942593012678978 2042.2249999999997 3555.7833333333333 14.772664346170684 184.92938523467157 11.547483653151945 8039.0833333333294 7306.0000000000009 7990.7333333333236 6517.5000000000009 7455.9416666666648 7503.7833333333301 3841.6666666666711 6509.0416666666633 5887.5000000000009 200.38599804439153 6466.4916666666641 3886.4416666666716 2098.4583333333358 17.814934163620254 7553.2999999999984 7636.0833333333294 810.05240962954792 219.31030014309934 8077.7583333333287 8077.7583333333287 1395.5862733304118 13.500000000000002 218.21957911563575 8089.4333333333298 3987.4166666666711 194.03350452319555 2172.9140045648246 2195.941609836274 8118.8749999999964 2185.3000000000034 194.99629435552083 3.0059173825934873 171.81501869973252
decision_type=2 2 2 2 2 2 2 2 2 2 2 2 2 2 2 2 2 2 2 2 2 2 2 2 2 2 2 2 2 2 2 2 2 2 2 2 2 2 2 2 2 2 2 2 2 2 2 2 2 2 2 2 2 2 2 2 2 2 2 2 2 2
left_child=11 2 10 14 5 35 -7 8 16 18 -2 13 -13 -1 23 22 -8 -18 -5 -20 27 -22 -9 -4 -12 -16 -11 -10 -29 30 32 -32 36 -34 -35 -3 37 39 -39 -6 -37 -26 43 -36 -44 -43 48 -48 49 -31 -51 52 -50 54 -42 57 -57 -49 59 -47 -55 -45
right_child=1 4 3 9 29 6 7 15 20 26 24 12 -14 -15 25 -17 17 -19 19 -21 21 -23 -24 -25 41 -27 -28 28 -30 46 31 -33 33 34 42 40 -38 38 -40 -41 53 45 44 61 -46 58 47 55 51 50 -52 -53 -54 60 -56 56 -58 -59 -60 -61 -62 -63
leaf_value=0.47014361783862119 0.17605649288743735 0.019695223215967419 0.88795236565850011 0.29514791509934835 -0.034372263252735138 0.41883161745725145 0.088939643165339602 0.43299633449032193 0.0030263438435464071 0.11079688903230887 0.054521987214684486 0.66612078898719385 0.30029590782665072 0.13377015993550972 0.6547491259872914 0.1616244118536512 0.15908967511994498 0.36188544459640981 0.5890942611477592 0.28136175889521836 0.19810315908065865 -0.10097681644683083 0.26761045397623728 0.73871579252440356 -0.013941482384689154 0.54277849381323906 0.22089877113699916 -0.025910788058193732 -0.12889633434342926 -0.047207831172272563 0.2453998386549453 0.11616668885245043 0.19280312323854085 0.053644307681492399 -0.004665551529753776 -0.011839657835662366 -0.031404973996300184 0.080850572613796801 -0.0094555442644791172 -0.077353149316003247 -0.042301192028181896 -0.04011179506778717 -0.054517561078748923 -0.029614623081989779 -0.031383224476028135 -0.039073932170867923 -0.064202582506606209 -0.037982110608191719 -0.041267994181676343 -0.03365023106336594 0.036621253872695179 -0.024070791643241357 -0.031362721944545834 -0.035203747380347476 -0.032196423896523406 -0.01886742256936573 -0.031678084704356319 -0.031381440569054002 -0.031405703409567595 -0.03138292262499983 -0.031388707747484777 -0.031898770146269018
leaf_weight=20 32 32 22 35 20 31 23 21 29 26 32 28 21 27 32 30 21 20 22 22 28 30 23 29 32 32 20 34 29 24 24 34 21 35 21 32 1959 23 22 31 21 24 22 39 74 20 26 21 22 20 23 29 1640 21 43 21 78 638 1016 44 940 189
leaf_count=20 32 32 22 35 20 31 23 21 29 26 32 28 21 27 32 30 21 20 22 22 28 30 23 29 32 32 20 34 29 24 24 34 21 35 21 32 1959 23 22 31 21 24 22 39 74 20 26 21 22 20 23 29 1640 21 43 21 78 638 1016 44 940 189
internal_value=1.17076e-10 -0.00480418 0.061081 0.483573 -0.0194816 0.00811435 0.136963 0.106623 0.0495822 0.294231 -0.0234174 0.395544 0.509339 0.276908 0.689379 0.271577 0.197253 0.258014 0.373167 0.435228 -0.0134241 0.0434066 0.346545 0.803092 -0.0288824 0.598764 0.158667 -0.0492521 -0.0733168 -0.0271665 -0.0230684 0.169642 -0.0276194 -0.0121625 -0.0234895 -0.0296291 -0.0306356 -0.014936 0.0367009 -0.0604979 -0.0311223 -0.0312318 -0.0313147 -0.0292442 -0.0366848 -0.031733 -0.0312195 -0.032341 -0.0307193 -0.0143836 0.00393684 -0.0313665 -0.0314938 -0.0317243 -0.0355121 -0.0312481 -0.0289607 -0.0315918 -0.0315468 -0.0337864 -0.0314721 -0.0315081
internal_weight=8000 7904 1440 240 6464 1408 319 288 214 125 1200 96 49 47 115 74 64 41 79 44 150 58 44 51 1168 64 46 92 63 5056 2514 58 2456 401 380 1089 2055 96 45 51 1057 1136 345 249 96 1104 2542 784 1758 67 43 1691 1662 1025 64 758 99 659 1080 64 961 228
internal_count=8000 7904 1440 240 6464 1408 319 288 214 125 1200 96 49 47 115 74 64 41 79 44 150 58 44 51 1168 64 46 92 63 5056 2514 58 2456 401 380 1089 2055 96 45 51 1057 1136 345 249 96 1104 2542 784 1758 67 43 1691 1662 1025 64 758 99 659 1080 64 961 228
is_linear=0
shrinkage=0.05


Tree=63
num_leaves=63
num_cat=0
split_feature=0 0 1 0 0 1 0 1 0 0 4 0 0 0 0 6 4 4 4 6 0 4 3 0 3 4 4 5 0 0 0 1 4 1 0 0 0 0 3 4 3 0 3 0 0 5 0 0 2 0 0 2 2 0 0 1 5 2 0 2 0 2
split_gain=5487.97 2759.25 18558.2 3376.16 494.874 2471.89 984.831 978.241 718.787 493.669 486.387 693.212 472.245 427.777 226.895 158.598 320.898 142.249 110.522 290.598 100.707 100.519 92.9741 82.6227 81.3044 74.4244 203.294 55.6159 46.7449 36.183 30.3155 795.948 87.7227 41.335 336.643 42.6346 28.9556 9.04751 35.0476 4.48248 3.63386 3.40181 2.05881 18.6043 14.7756 1.42685 34.0302 26.4449 1.26309 21.9507 8.98178 0.526258 0.977228 0.703851 1.72884 17.4646 3.0013 0.620856 0.209731 0.32004 0.0904671 0.0568655
threshold=1937.033333333334 3799.3500000000008 2460.5000000000005 3606.200000000003 6438.7416666666659 4564.0000000000009 6097.5250000000015 5887.5000000000009 6196.8833333333359 3680.9000000000019 11.778865103734004 1825.4250000000002 1989.4750000000008 3511.4750000000026 6352.3583333333327 52.500000000000007 10.933969412178659 7.9780796565033061 16.058957858526504 43.500000000000007 3461.233333333334 13.552160811216153 1441.6580699509229 2042.2249999999997 1469.4436323638677 10.657496937984229 18.833092306209284 11.500000000000002 6295.3583333333345 6325.2666666666673 8039.0833333333294 7306.0000000000009 10.860333679231793 6517.5000000000009 7473.2833333333301 7518.9416666666575 3841.6666666666711 6488.3499999999985 1526.218161973409 2.5936076843741032 810.05240962954792 7553.2999999999984 1665.2743821328106 3886.4416666666716 3987.4166666666711 15.500000000000002 6509.0416666666633 6535.1916666666657 185.25707953487992 2098.4583333333358 2185.3000000000034 137.68073471234794 144.88299721476241 8052.808333333337 8089.4333333333298 7306.0000000000009 13.500000000000002 130.97559423743459 3987.4166666666711 200.72480607189615 6535.1916666666657 171.81501869973252
decision_type=2 2 2 2 2 2 2 2 2 2 2 2 2 2 2 2 2 2 2 2 2 2 2 2 2 2 2 2 2 2 2 2 2 2 2 2 2 2 2 2 2 2 2 2 2 2 2 2 2 2 2 2 2 2 2 2 2 2 2 2 2 2
left_child=10 2 12 13 5 36 -7 8 15 22 -1 -12 -2 20 -9 16 -8 -11 19 27 -4 -19 -5 -14 -16 -15 -27 29 -20 -10 31 33 -33 37 -35 -36 -3 38 -6 -38 -25 -37 43 -41 -44 46 -39 -47 50 -50 -42 57 -53 -54 55 56 -55 -32 59 -45 -48 -43
right_child=1 4 3 9 30 6 7 14 18 17 11 -13 23 25 24 -17 -18 21 28 -21 -22 -23 -24 40 -26 26 -28 -29 -30 -31 51 32 -34 34 35 41 39 45 -40 42 48 61 44 58 -46 47 60 -49 49 -51 -52 52 53 54 -56 -57 -58 -59 -60 -61 -62 -63
leaf_value=0.2367246551071539 0.16725365277379753 0.018710462562739848 0.85041192650794994 0.49078491389751433 -0.047600109199993315 0.39789002362278203 0.28224123388528827 0.36706010835919661 0.046718942224979403 0.31519986462025418 0.65863261841810672 0.31105202930048109 0.051795895444229245 0.63843407606085145 0.11899528716775505 0.30413602173328402 0.011060349022348722 0.079124004241417759 -0.11365547536739283 0.18970541566610338 0.70650276445573379 0.21478187931805023 0.34739183767770349 -0.010818449974060059 0.25344443450803344 0.41434022635221485 0.63978087075054646 -0.089761930904553644 -0.023082942672973051 -0.038349243717268111 -0.030197952836751942 0.085305701374359763 0.21100769613470352 0.13659136997801918 0.029411370167508721 -0.050997523809201084 -0.0061203569173812868 0.030219692426423236 0.026401172578334811 -0.076682281629605734 0.0019576610376437504 -0.028236748418718018 0.012036263553992562 -0.03804397091269493 -0.029787457890288777 -0.088244536072015767 -0.033186274766922 -0.029807500282594979 -0.081614713441757927 -0.029795797779334811 -0.029814415150567104 -0.039392471428100879 -0.037391974674216635 -0.028406734387390317 -0.029816118922712038 0.011801492662813801 -0.050772245600819589 -0.017739465832710268 -0.029797655289783922 -0.029699013630549116 -0.029798138290418261 -0.030033140301247669
leaf_weight=38 32 32 20 20 32 31 20 29 25 21 26 32 32 24 22 20 24 22 28 20 31 36 26 25 23 20 20 23 29 25 20 23 35 35 32 20 20 24 32 22 24 53 23 20 258 20 20 605 21 762 304 26 29 40 2357 26 24 20 687 27 1322 261
leaf_count=38 32 32 20 20 32 31 20 29 25 21 26 32 32 24 22 20 24 22 28 20 31 36 26 25 23 20 20 23 29 25 20 23 35 35 32 20 20 24 32 22 24 53 23 20 258 20 20 605 21 762 304 26 29 40 2357 26 24 20 687 27 1322 261
internal_value=3.19905e-10 -0.00456397 0.058027 0.459394 -0.0185075 0.00770864 0.130114 0.101291 0.0471031 0.27952 0.375767 0.466864 -0.0222465 0.65491 0.257998 0.187391 0.134324 0.203697 -0.0127529 0.0208476 0.762938 0.163325 0.409737 -0.0274383 0.187714 0.568826 0.527061 -0.0254148 -0.0675747 0.00418485 -0.0258082 -0.021915 0.16116 -0.0262385 -0.0115543 -0.0257213 -0.0281476 -0.0291038 -0.0105995 -0.0295662 -0.0296702 -0.0310034 -0.0300184 -0.0313767 -0.0263642 -0.0296987 -0.0287933 -0.0316775 -0.0300944 -0.0311856 -0.0274896 -0.0296585 -0.0297495 -0.0296482 -0.0295564 -0.0227552 -0.0367938 -0.0239687 -0.0300187 -0.0332501 -0.0298486 -0.0297299
internal_weight=8000 7904 1440 240 6464 1408 319 288 214 125 96 58 1200 115 74 64 44 79 150 93 51 58 46 1168 45 64 40 73 57 50 5056 2514 58 2456 401 366 1089 2055 64 1057 1136 334 1037 756 281 1991 1366 625 1111 783 328 2542 2502 2476 2447 90 64 40 734 47 1342 314
internal_count=8000 7904 1440 240 6464 1408 319 288 214 125 96 58 1200 115 74 64 44 79 150 93 51 58 46 1168 45 64 40 73 57 50 5056 2514 58 2456 401 366 1089 2055 64 1057 1136 334 1037 756 281 1991 1366 625 1111 783 328 2542 2502 2476 2447 90 64 40 734 47 1342 314
is_linear=0
shrinkage=0.05


Tree=64
num_leaves=63
num_cat=0
split_feature=0 0 1 0 0 0 0 1 0 1 0 3 2 2 0 3 0 4 5 2 5 4 4 4 0 0 6 4 0 0 1 0 1 0 0 6 6 6 2 4 0 3 0 0 0 1 0 0 3 2 0 0 3 3 2 0 0 2 0 0 2 2
split_gain=4952.9 2490.22 16748.8 3046.98 451.824 448.738 446.623 2230.88 891.489 1105.59 426.201 402.901 386.112 623.429 386.069 340.759 286.24 389.957 221.582 190.318 181.829 133.572 375.357 99.4622 74.567 70.533 48.1975 27.828 107.701 27.3597 718.343 83.8897 37.3048 311.001 72.8638 36.6467 23.1614 32.274 11.2014 9.18309 8.16538 31.6305 4.08291 3.07013 2.34747 1.3486 20.7753 18.6072 0.771776 0.52653 9.24997 6.7926 15.0535 4.33253 0.70921 0.86892 0.403963 0.499799 0.233991 0.163956 0.389729 0.0513211
threshold=1937.033333333334 3799.3500000000008 2460.5000000000005 3606.200000000003 3729.6416666666687 1881.1083333333336 6438.7416666666659 4564.0000000000009 6151.5000000000027 5887.5000000000009 1989.4750000000008 1401.6741565358695 217.75389928158828 193.45042257198017 3511.4750000000026 1607.5751862519428 6248.0250000000042 16.125153681481422 8.5000000000000018 202.08031519634304 17.500000000000004 11.253234881711387 18.986514737145395 12.942593012678978 2042.2249999999997 3555.7833333333333 37.500000000000007 2.8401565884695708 3841.6666666666711 8039.0833333333294 7306.0000000000009 7990.7333333333236 6517.5000000000009 7455.9416666666648 7518.9416666666575 34.500000000000007 52.500000000000007 40.500000000000007 215.92716181407974 10.933969412178659 6488.3499999999985 1526.218161973409 2098.4583333333358 7553.2999999999984 3886.4416666666716 5887.5000000000009 6535.1916666666657 6535.1916666666657 810.05240962954792 218.61180003685183 8077.7583333333287 8077.7583333333287 1395.5862733304118 1600.7971075951293 217.03197306294751 8089.4333333333298 3987.4166666666711 194.03350452319555 8118.8749999999964 2185.3000000000034 194.99629435552083 171.81501869973252
decision_type=2 2 2 2 2 2 2 2 2 2 2 2 2 2 2 2 2 2 2 2 2 2 2 2 2 2 2 2 2 2 2 2 2 2 2 2 2 2 2 2 2 2 2 2 2 2 2 2 2 2 2 2 2 2 2 2 2 2 2 2 2 2
left_child=5 2 10 14 21 12 7 27 11 16 -2 -9 13 -1 23 -13 17 19 -11 -10 -20 -5 -23 -4 -12 -16 -6 -3 -29 30 32 -32 40 -34 35 -35 37 38 39 -18 41 -8 -26 -36 -30 47 -47 -42 -44 51 -51 52 -31 -54 55 -53 57 -46 -52 60 -50 -45
right_child=1 6 3 4 26 -7 29 8 9 18 24 15 -14 -15 25 -17 36 -19 20 -21 -22 22 -24 -25 42 -27 -28 28 44 49 31 -33 33 34 43 -37 -38 -39 -40 -41 45 -43 48 61 56 46 -48 -49 59 50 58 54 53 -55 -56 -57 -58 -59 -60 -61 -62 -63
leaf_value=0.53717055718104045 0.15889097657054663 -0.076867878326663266 0.80495893196626145 0.26518524359379497 0.19442379444160246 0.20410045841272223 -0.04522010225336999 0.12535233400438145 0.08834145920617241 0.3739356605902962 0.049206097936257721 0.5339195004105568 0.60310564555905088 0.15189745035909474 0.59287430644035344 0.24204649925231936 -0.064576722087249877 -0.063753977029219921 0.10800620503723622 0.30385643333196644 0.29983626263482227 0.54210534204136251 0.25002940825440667 0.66397367058129153 -0.010580113285686822 0.48789437850937251 0.091966229459891718 0.06792362670103709 -0.013900947996548244 -0.043276162789516098 0.22467449673761927 0.10258080700741096 0.17633338996342252 0.08855270357802511 -0.048447647804277953 -0.0014725696582060595 0.0038206482878220937 -0.0982495975281511 0.0042664979794062681 -0.017817225458011742 -0.068982096376090221 0.025081115157809111 -0.037565281987190252 -0.026824911107432171 -0.038760888434591745 0.010922979712486267 -0.028290700705772109 -0.028331451376940781 -0.036741815954446796 -0.057465055195747738 -0.023643184977549095 -0.038539448735259829 0.023238334879279138 -0.0092784775687115538 -0.020264097441125801 -0.028303010480097597 -0.02832154811947209 -0.029275346383815862 -0.028380336153586178 -0.028345349551303179 -0.028323985500769186 -0.028531483209681237
leaf_weight=21 32 27 22 35 22 32 32 23 21 23 32 20 22 21 32 20 21 23 30 20 21 22 22 29 32 32 24 30 28 24 24 34 21 20 20 26 35 21 20 21 29 32 24 53 21 35 966 961 20 28 27 21 20 21 27 1619 942 41 755 1016 44 261
leaf_count=21 32 27 22 35 22 32 32 23 21 23 32 20 22 21 32 20 21 23 30 20 21 22 22 29 32 32 24 30 28 24 24 34 21 20 20 26 35 21 20 21 29 32 24 53 21 35 966 961 20 28 27 21 20 21 27 1619 942 41 755 1016 44 261
internal_value=3.89694e-10 -0.00433577 0.0551256 0.436425 0.265544 0.356979 -0.0175821 0.0073232 0.123609 0.0821436 -0.0211342 0.292102 0.433418 0.344534 0.622165 0.387983 0.0158873 0.101031 0.245098 0.193471 0.186995 0.338082 0.396067 0.724791 -0.0260664 0.540384 0.140968 -0.0267402 -0.0254658 -0.0245178 -0.0208193 0.153102 -0.0249265 -0.0109766 -0.021328 0.0376689 -0.030292 -0.0446769 -0.0265313 -0.041197 -0.0276486 -0.0100695 -0.0281867 -0.0294533 -0.0281806 -0.0282137 -0.0269196 -0.0295222 -0.028697 -0.0281756 -0.0292278 -0.0276835 -0.0118263 0.00658338 -0.0283018 -0.0284341 -0.0285789 -0.0324882 -0.0282168 -0.0285 -0.0309546 -0.0282434
internal_weight=8000 7904 1440 240 125 96 6464 1408 319 256 1200 63 64 42 115 40 182 64 74 41 51 79 44 51 1168 64 46 1089 1062 5056 2514 58 2456 401 380 46 118 83 62 42 2055 64 1136 334 1032 1991 1001 990 1104 2542 810 1732 65 41 1667 1640 1004 62 782 1080 64 314
internal_count=8000 7904 1440 240 125 96 6464 1408 319 256 1200 63 64 42 115 40 182 64 74 41 51 79 44 51 1168 64 46 1089 1062 5056 2514 58 2456 401 380 46 118 83 62 42 2055 64 1136 334 1032 1991 1001 990 1104 2542 810 1732 65 41 1667 1640 1004 62 782 1080 64 314
is_linear=0
shrinkage=0.05


Tree=65
num_leaves=63
num_cat=0
split_feature=0 0 1 0 4 0 0 0 1 0 1 0 0 0 0 5 2 3 4 3 2 5 4 4 0 2 2 2 4 0 0 1 4 1 0 0 0 3 0 3 4 2 0 0 2 2 6 0 0 3 0 5 3 2 0 2 0 3 0 0 0 2
split_gain=4469.99 2247.43 15115.8 2749.9 424.2 606.841 413.13 403.078 2013.37 841.487 803.9 573.04 384.647 348.725 207.072 158.666 156.226 130.764 113.974 109.992 106.528 104.337 441.126 85.117 67.2967 56.2085 42.311 60.7814 25.1148 97.2006 24.6921 648.305 78.2874 33.6676 280.679 66.932 7.36926 28.5465 3.68483 2.33355 12.3429 3.72645 31.6071 19.6758 1.5896 2.32823 1.30471 20.5674 17.0637 1.16022 0.899791 0.814326 0.696528 0.490868 9.27806 20.3042 4.68214 6.90318 0.31541 0.260395 0.14797 0.351731
threshold=1937.033333333334 3799.3500000000008 2460.5000000000005 3606.200000000003 11.778865103734004 1825.4250000000002 3680.9000000000019 6438.7416666666659 4564.0000000000009 6097.5250000000015 5887.5000000000009 6196.8833333333359 1989.4750000000008 3484.8166666666684 6382.2166666666662 10.500000000000002 201.32981043915095 1531.0613368104598 13.180181208688575 1309.378327906363 179.21652204617797 14.500000000000002 23.818969897391614 12.563409752034017 2042.2249999999997 206.23881678519308 184.92938523467157 213.34640669685589 2.8401565884695708 3841.6666666666711 8039.0833333333294 7306.0000000000009 10.860333679231793 6517.5000000000009 7455.9416666666648 7503.7833333333301 6488.3499999999985 1526.218161973409 2098.4583333333358 1213.893773169473 20.026926979568984 189.68696109390223 3932.8083333333375 3987.4166666666711 160.03180207839716 175.87086126300852 28.500000000000004 6558.7499999999991 6509.0416666666633 1213.893773169473 7553.2999999999984 13.500000000000002 810.05240962954792 198.42355771651265 8077.7583333333287 181.29829934307415 8077.7583333333287 1479.1531398040827 4250.9833333333381 8101.8750000000036 2185.3000000000034 194.99629435552083
decision_type=2 2 2 2 2 2 2 2 2 2 2 2 2 2 2 2 2 2 2 2 2 2 2 2 2 2 2 2 2 2 2 2 2 2 2 2 2 2 2 2 2 2 2 2 2 2 2 2 2 2 2 2 2 2 2 2 2 2 2 2 2 2
left_child=4 2 12 13 -1 -6 23 8 28 -10 11 15 -2 -4 18 -11 -17 19 -12 -8 -15 26 -23 -5 -14 -22 -13 -28 -3 -30 31 33 -33 36 -35 -36 37 -9 -26 40 51 43 -43 -41 -37 -46 47 -38 -48 -47 -51 58 -40 54 55 -32 57 -55 -31 -58 61 -54
right_child=1 7 3 6 5 -7 17 30 9 10 14 21 24 20 -16 16 -18 -19 -20 -21 25 22 -24 -25 38 -27 27 -29 29 39 53 32 -34 34 35 44 46 -39 52 41 -42 42 -44 -45 45 49 48 -49 -50 50 -52 -53 60 56 -56 -57 59 -59 -60 -61 -62 -63
leaf_value=0.20927984722350776 0.15094643868505955 -0.073024484625569097 0.72269208192825318 0.29384067676961423 0.60362853637108449 0.27842164314351975 0.16236730253412612 -0.042959098075516525 0.36495035121277458 0.061810623433278956 0.37880080854115278 0.0050854577136964637 0.046745792822912337 0.43353092879056931 0.1315501485268275 0.13063813660826004 0.32589853197336199 0.11436743418107163 0.21768959349110012 0.32419636357753051 0.62027944767916654 0.18346919002277512 -0.092477662350671994 0.43104105369286394 -0.010051103262230755 0.52300296353571341 -0.11940623732283712 -0.021071250946260989 0.064527447720368711 -0.019981707762116972 -0.038377448951914195 0.073788005328210809 0.19253755590745381 0.16751673015810195 0.045621044635772712 -0.037381090043169078 0.019603189527988438 0.023827059008181096 -0.035687017440795901 0.020316868027051294 0.015620616525411607 -0.074072606234174027 -0.026968761269377653 -0.02691027065191199 -0.013490909776266883 -0.035726814841230713 -0.070286001329836631 -0.026899869451797551 -0.026880583630883706 -0.016698310822689761 -0.027094224088540359 -0.036186001598834998 -0.034904725775122644 -0.06516943160444498 -0.026891216112038582 0.030357298424298115 -0.022579733516488759 -0.027246325537562371 -0.026755154702593299 -0.026948969041438776 -0.026928082228762897 -0.026907787133346905
leaf_weight=38 32 27 35 20 26 32 21 32 31 23 23 29 32 20 30 21 20 37 21 21 27 28 30 26 32 33 30 33 30 23 21 23 35 21 35 33 25 32 24 24 20 38 567 272 34 36 23 486 1457 23 219 20 20 20 1087 22 35 30 68 1327 1016 44
leaf_count=38 32 27 35 20 26 32 21 32 31 23 23 29 32 20 30 21 20 37 21 21 27 28 30 26 32 33 30 33 30 23 21 23 35 21 35 33 25 32 24 24 20 38 567 272 34 36 23 486 1457 23 219 20 20 20 1087 22 35 30 68 1327 1016 44
internal_value=2.22917e-10 -0.00411899 0.0523693 0.414603 0.33913 0.424204 0.252267 -0.016703 0.00695704 0.117428 0.0907853 0.0416624 -0.0200775 0.591056 0.232843 0.166922 0.225887 0.182904 0.301907 0.243282 0.533466 -0.0117817 0.0407381 0.371389 -0.024763 0.566777 -0.044892 -0.0678974 -0.0254032 -0.0241925 -0.0232919 -0.0197783 0.145447 -0.0236802 -0.0104278 -0.0202616 -0.0262662 -0.00956602 -0.0267774 -0.0267716 -0.0205362 -0.0276782 -0.0299273 -0.023081 -0.0269453 -0.0258415 -0.026803 -0.0246248 -0.0275551 -0.027352 -0.0261062 -0.0270509 -0.0272622 -0.0267668 -0.0259901 -0.00321083 -0.0273884 -0.0424156 -0.0250432 -0.0268367 -0.027075 -0.0294068
internal_weight=8000 7904 1440 240 96 58 125 6464 1408 319 288 214 1200 115 74 64 41 79 44 42 80 150 58 46 1168 60 92 63 1089 1062 5056 2514 58 2456 401 380 2055 64 1136 1032 131 901 605 296 345 312 1991 511 1480 278 242 111 1104 2542 1130 43 1412 50 91 1362 1080 64
internal_count=8000 7904 1440 240 96 58 125 6464 1408 319 288 214 1200 115 74 64 41 79 44 42 80 150 58 46 1168 60 92 63 1089 1062 5056 2514 58 2456 401 380 2055 64 1136 1032 131 901 605 296 345 312 1991 511 1480 278 242 111 1104 2542 1130 43 1412 50 91 1362 1080 64
is_linear=0
shrinkage=0.05


Tree=66
num_leaves=63
num_cat=0
split_feature=0 0 1 0 4 4 0 0 1 0 1 0 0 0 5 5 6 4 3 6 4 4 4 0 2 4 2 4 4 0 0 1 0 1 0 0 0 1 2 0 3 0 2 2 2 2 0 0 4 0 4 2 0 3 0 0 0 2 4 0 1 0
split_gain=4034.16 2028.3 13642 2481.79 382.841 571.838 382.62 363.778 1817.07 759.442 725.519 517.169 347.144 321.478 194.268 168.579 145.478 290.482 129.012 94.5887 332.057 87.6356 66.4028 60.7353 52.7207 107.713 51.7428 51.5155 22.6661 87.7235 22.2847 585.095 75.2731 30.385 253.312 60.4062 6.75933 78.6529 32.998 7.85163 3.58261 2.31145 1.47196 4.55236 2.65964 1.15455 21.2344 7.97544 1.12876 5.47897 2.44581 0.487208 0.942676 10.9203 1.63253 0.627491 0.331565 0.788554 0.299046 0.202912 0.073426 1.22949
threshold=1937.033333333334 3799.3500000000008 2460.5000000000005 3606.200000000003 11.778865103734004 18.007233799617357 3729.6416666666687 6438.7416666666659 4564.0000000000009 6097.5250000000015 5887.5000000000009 6196.8833333333359 1989.4750000000008 3511.4750000000026 8.5000000000000018 17.500000000000004 52.500000000000007 10.933969412178659 1353.4688952469539 43.500000000000007 23.818969897391614 12.942593012678978 12.318111347369211 2042.2249999999997 186.32086459101353 11.547483653151945 198.03653921583165 14.772664346170684 2.8401565884695708 3841.6666666666711 8039.0833333333294 7306.0000000000009 8006.1500000000042 6517.5000000000009 7455.9416666666648 7503.7833333333301 6509.0416666666633 5887.5000000000009 200.38599804439153 6466.4916666666641 810.05240962954792 3886.4416666666716 171.31683701475876 180.60705557808231 159.27313862919902 185.25707953487992 2098.4583333333358 2185.3000000000034 11.467502638020424 7569.0833333333303 9.0688308576372503 137.68073471234794 8066.2416666666631 1404.1640604698039 8077.7583333333287 8815.3750000000346 3987.4166666666711 194.03350452319555 7.564731759945686 8089.4333333333298 5887.5000000000009 6558.7499999999991
decision_type=2 2 2 2 2 2 2 2 2 2 2 2 2 2 2 2 2 2 2 2 2 2 2 2 2 2 2 2 2 2 2 2 2 2 2 2 2 2 2 2 2 2 2 2 2 2 2 2 2 2 2 2 2 2 2 2 2 2 2 2 2 2
left_child=4 2 12 13 -1 -6 18 8 28 -10 11 16 -2 21 -12 -16 17 -11 -5 24 -21 -4 -15 -14 -13 -26 -20 -8 -3 -30 31 33 -33 36 -35 -36 37 39 -39 -9 -25 -31 44 -44 -37 47 -47 -42 50 -50 58 55 53 -53 -54 -32 57 -43 -45 -56 -38 -62
right_child=1 7 3 6 5 -7 27 30 9 10 14 19 23 22 15 -17 -18 -19 26 20 -22 -23 -24 40 25 -27 -28 -29 29 41 51 32 -34 34 35 42 60 38 -40 -41 45 56 43 48 -46 46 -48 -49 49 -51 -52 52 54 -55 59 -57 -58 -59 -60 -61 61 -63
leaf_value=0.19881585412903835 0.14339910624548793 -0.069373262314884762 0.73040341355583882 0.39507806348028007 0.57716686077989066 0.26147826779633759 0.07860631065873 -0.030086457505822187 0.34670282760935445 0.24848459467291831 0.34183684755926547 0.0088064843082222444 0.044408504292368894 0.54462635538407733 0.090740403868258004 0.27544881502787272 0.27038852751255033 -0.0095248773694038402 0.30835691602141768 0.13883920959063939 -0.087853779447420191 0.59806524679578588 0.44196124614940752 -0.0067201557159423837 -0.011977766102720652 -0.15146905725449325 0.20853065866231921 0.1853436216711998 0.061301074624061584 -0.011263306864670345 -0.013691397011280061 0.18603147038203829 0.07037798565967629 0.159140894562006 0.043339991590806419 -0.022692977438370388 -0.025280179597628422 0.078056367486715322 -0.0075971142642877318 -0.070269163950316377 0.0043792853131890295 -0.037248940836815611 -0.0022865296426144515 -0.024706312744136979 -0.044323976282720216 -0.07650242106368145 -0.025536010060410487 -0.025560023361130765 -0.052330455201722331 -0.025027739596204697 -0.0095042912610645968 -0.060776921290726899 -0.013771897330880165 -0.016054883943154262 -0.021488876400455353 -0.026216278076171873 -0.025595066041513615 -0.025334323724595514 -0.031961532384157186 -0.025560349729796112 -0.035095519168036327 -0.025552986959511664
leaf_weight=38 32 27 22 27 26 32 26 20 31 20 23 29 32 28 30 21 20 24 27 35 30 29 36 25 31 25 25 20 30 28 20 34 24 21 35 30 975 23 22 31 24 21 22 49 27 21 762 304 21 147 29 21 30 39 31 20 942 41 20 2381 35 949
leaf_count=38 32 27 22 27 26 32 26 20 31 20 23 29 32 28 30 21 20 24 27 35 30 29 36 25 31 25 25 20 30 28 20 34 24 21 35 30 975 23 22 31 24 21 22 49 27 21 762 304 21 147 29 21 30 39 31 20 942 41 20 2381 35 949
internal_value=-3.15157e-10 -0.00391304 0.0497509 0.393873 0.322173 0.402994 0.239653 -0.0158679 0.00660919 0.111557 0.086246 0.0395793 -0.0190736 0.561504 0.221201 0.166797 0.158576 0.107752 0.306405 -0.0111926 0.0342117 0.655152 0.486877 -0.0235249 -0.0459135 -0.0742507 0.260364 0.125014 -0.0241331 -0.0229829 -0.0221273 -0.0187894 0.138175 -0.0224962 -0.00990639 -0.0192485 -0.0249529 -0.0119991 0.0361813 -0.0545112 -0.0254385 -0.025433 -0.025598 -0.0241451 -0.0329392 -0.0258597 -0.0269029 -0.0233693 -0.0259529 -0.0284406 -0.0216884 -0.0254284 -0.025516 -0.0317076 -0.0253638 -0.0199538 -0.0258282 -0.0293699 -0.0268093 -0.025508 -0.0255877 -0.0258924
internal_weight=8000 7904 1440 240 96 58 125 6464 1408 319 288 214 1200 115 74 51 64 44 79 150 65 51 64 1168 85 56 52 46 1089 1062 5056 2514 58 2456 401 380 2055 96 45 51 1136 1032 345 288 57 1111 783 328 266 168 98 2542 2502 60 2442 40 1004 62 69 2412 1959 984
internal_count=8000 7904 1440 240 96 58 125 6464 1408 319 288 214 1200 115 74 51 64 44 79 150 65 51 64 1168 85 56 52 46 1089 1062 5056 2514 58 2456 401 380 2055 96 45 51 1136 1032 345 288 57 1111 783 328 266 168 98 2542 2502 60 2442 40 1004 62 69 2412 1959 984
is_linear=0
shrinkage=0.05


Tree=67
num_leaves=63
num_cat=0
split_feature=0 0 1 0 0 3 3 0 2 0 1 0 1 0 0 0 4 3 0 4 2 2 0 0 2 3 3 6 0 4 0 0 1 0 4 0 3 1 0 0 2 4 0 4 0 2 0 1 2 0 0 0 3 4 0 4 3 5 4 0 0 1
split_gain=3643.88 2022.11 12064.7 2248.8 733.063 664.281 846.285 402.444 351.827 328.309 1639.9 685.397 654.781 466.745 250.676 190.778 154.439 153.505 119.89 100.39 91.6591 292.256 251.225 123.45 118.325 89.0247 76.4969 69.5289 54.8136 46.4928 20.772 285.551 386.998 143.673 65.821 44.877 43.6323 33.8372 222.712 53.7608 36.8221 20.4561 79.1705 9.44576 6.23942 6.99925 6.08244 70.9843 29.7807 7.0861 3.83799 2.65941 2.10155 11.102 3.49627 1.21583 0.778238 0.730463 0.483986 7.03886 3.77312 28.9273
threshold=1881.1083333333336 3799.3500000000008 2460.5000000000005 3628.9750000000026 1989.4750000000008 1380.3155710907779 1598.7642443858372 3534.6166666666686 213.66395305279246 6438.7416666666659 4564.0000000000009 6097.5250000000015 5887.5000000000009 6196.8833333333359 3729.6416666666687 6352.3583333333327 12.469971335220851 1494.0815919675717 3461.233333333334 12.318111347369211 210.82589562331779 186.32086459101353 6295.3583333333345 6295.3583333333345 196.16835175393223 1435.8003870742523 1469.4436323638677 43.500000000000007 2042.2249999999997 14.772664346170684 7978.2999999999956 7938.6749999999965 6517.5000000000009 7990.7333333333236 15.897805780940965 8017.0583333333243 1533.1094849311539 6517.5000000000009 7455.9416666666648 7518.9416666666575 201.32981043915095 2.8401565884695708 3841.6666666666711 13.344528861749184 8039.0833333333294 213.06624581975299 6509.0416666666633 5887.5000000000009 200.38599804439153 6466.4916666666641 2098.4583333333358 7553.2999999999984 1213.893773169473 20.026926979568984 3886.4416666666716 11.622972486464393 810.05240962954792 13.500000000000002 7.8210173585910292 8089.4333333333298 8089.4333333333298 7306.0000000000009
decision_type=2 2 2 2 2 2 2 2 2 2 2 2 2 2 2 2 2 2 2 2 2 2 2 2 2 2 2 2 2 2 2 2 2 2 2 2 2 2 2 2 2 2 2 2 2 2 2 2 2 2 2 2 2 2 2 2 2 2 2 2 2 2
left_child=8 2 4 7 5 -2 -7 18 -1 10 41 -12 13 16 17 -14 -13 -5 -4 -9 21 23 -22 -15 -23 -21 -17 -20 -6 -16 31 37 -33 -32 -34 36 43 46 -39 40 -40 -3 -43 -35 45 55 47 49 -49 -11 -30 -41 53 57 -54 -37 -52 -44 59 -46 61 -60
right_child=1 9 3 14 28 6 -8 19 -10 30 11 12 15 20 29 26 -18 -19 27 25 22 24 -24 -25 -26 -27 -28 -29 50 -31 33 32 34 35 -36 44 -38 38 39 51 -42 42 52 -45 58 -47 -48 48 -50 -51 56 -53 54 -55 -56 -57 -58 -59 60 -61 -62 -63
leaf_value=0.272377868120869 -0.079059881965319323 -0.065904601414998376 0.70182171911001212 0.34922087327577178 0.042188077513128523 0.47086264581783954 0.026145631372928621 0.50862566070123161 0.50869454949029858 -0.028582134917378429 0.32936768739694555 0.056747636657494764 0.31014694047385249 0.12308197860484538 0.074675986543297768 0.07903703186999668 0.21489429520933251 0.1943493370723445 0.50304338049005581 0.30105804979801176 0.16698887087404729 -0.22927848947700114 -0.044560624829803906 -0.033253326044151828 -0.057286489671096209 0.45024312555789953 0.20945063077885173 0.62434927565710885 -0.0070962419093120845 0.1760764389485121 -0.13103850580030871 -0.024285109107400858 0.24034914963624698 -0.032285412570292299 0.11502047315239908 -0.028203128242776512 0.08005133636295797 0.15118385015853816 -0.015844014003163293 -0.04306892735883594 0.073965782947838316 0.058236024181048077 -0.022521048080135178 0.015191980078816414 -0.052547148446066554 0.016241801902651787 -0.024309918933193585 0.074153549904408672 -0.0072172598235986443 -0.066755707021201816 -0.033566659688949584 -0.024118270683121012 -0.044265616717545885 0.016047028303146364 -0.024517587736961784 -0.011188949342994463 -0.024463474562874548 -0.033074508234858517 -0.030542786832194069 -0.024286304360241383 -0.024297897507453294 0.029919835000678349
leaf_weight=36 21 27 20 32 32 23 20 22 28 20 31 26 29 23 26 22 38 32 27 20 23 20 36 28 20 20 23 21 32 20 31 51 22 22 20 21 20 21 21 20 25 30 91 20 23 20 1834 23 22 31 24 249 23 20 878 21 1080 20 74 524 1894 27
leaf_count=36 21 27 20 32 32 23 20 22 28 20 31 26 29 23 26 22 38 32 27 20 23 20 36 28 20 20 23 21 32 20 31 51 22 22 20 21 20 21 21 20 25 30 91 20 23 20 1834 23 22 31 24 249 23 20 878 21 1080 20 74 524 1894 27
internal_value=2.13223e-10 -0.00303037 0.0498589 0.374179 -0.0133204 0.151445 0.264018 0.514967 0.375766 -0.0150745 0.00627873 0.105979 0.0819337 0.0376004 0.207794 0.210141 0.150647 0.271785 0.59897 0.422835 -0.010633 -0.0421045 0.0379078 0.0372508 -0.143282 0.375651 0.145693 0.556115 -0.0223486 0.118763 -0.0210209 -0.0175942 0.0682747 -0.0240182 0.180669 -0.0227738 0.0192675 -0.0211184 -0.00647484 -0.0169854 0.0329657 -0.0229264 -0.0218337 -0.00967713 -0.0237748 -0.00810319 -0.0236677 -0.0113991 0.0343723 -0.0517857 -0.0241666 -0.0255272 -0.0241614 -0.018244 -0.0250217 -0.019696 -0.0246614 -0.0244226 -0.024157 -0.0254746 -0.0237958 -0.0143795
internal_weight=8000 7936 1472 240 1232 64 43 130 64 6464 1408 319 288 214 110 74 64 64 68 62 150 91 59 51 40 40 45 48 1168 46 5056 2359 93 2697 42 2666 62 2266 336 315 46 1089 1062 42 2604 62 1930 96 45 51 1136 269 1032 131 901 42 1104 111 2542 547 1995 101
internal_count=8000 7936 1472 240 1232 64 43 130 64 6464 1408 319 288 214 110 74 64 64 68 62 150 91 59 51 40 40 45 48 1168 46 5056 2359 93 2697 42 2666 62 2266 336 315 46 1089 1062 42 2604 62 1930 96 45 51 1136 269 1032 131 901 42 1104 111 2542 547 1995 101
is_linear=0
shrinkage=0.05


Tree=68
num_leaves=63
num_cat=0
split_feature=0 0 1 0 0 3 3 0 2 2 0 1 2 0 1 0 2 0 0 3 2 2 0 0 0 2 4 3 2 6 4 0 6 0 0 1 0 4 0 1 1 0 0 4 0 0 2 0 1 3 0 0 0 2 2 3 4 5 0 4 3 2
split_gain=3288.6 1824.95 10888.4 2029.54 661.589 599.514 763.773 363.206 322.09 562.162 296.299 1480.01 652.545 945.33 511.826 613.955 236.979 226.235 211.554 138.538 115.579 263.761 121.388 111.413 108.201 106.788 90.6022 80.3448 67.3569 62.7499 54.3413 173.318 46.691 18.7467 257.709 349.266 129.665 59.4034 40.5015 41.6747 30.538 200.998 49.0257 18.4617 71.4513 5.63107 6.31682 5.48941 64.0633 28.831 6.3952 3.46503 2.30613 1.76629 3.0687 1.55867 1.09728 0.946407 2.84672 0.8766 0.701451 0.451952
threshold=1881.1083333333336 3799.3500000000008 2460.5000000000005 3628.9750000000026 1989.4750000000008 1380.3155710907779 1598.7642443858372 3534.6166666666686 217.75389928158828 193.45042257198017 6438.7416666666659 4564.0000000000009 258.36277969709909 6097.5250000000015 5887.5000000000009 6196.8833333333359 202.08031519634304 3729.6416666666687 6382.2166666666662 1494.0815919675717 210.82589562331779 186.32086459101353 6325.2666666666673 6295.3583333333345 3461.233333333334 196.16835175393223 12.318111347369211 1435.8003870742523 212.69343560665888 43.500000000000007 39.778825459023203 2042.2249999999997 37.500000000000007 7978.2999999999956 7938.6749999999965 6517.5000000000009 7990.7333333333236 15.897805780940965 8017.0583333333243 6517.5000000000009 6517.5000000000009 7455.9416666666648 7503.7833333333301 2.8401565884695708 3841.6666666666711 8039.0833333333294 213.06624581975299 6509.0416666666633 5887.5000000000009 1526.218161973409 6466.4916666666641 2098.4583333333358 3886.4416666666716 160.03180207839716 175.87086126300852 1213.893773169473 11.622972486464393 9.5000000000000018 7569.0833333333303 7.2421380655963699 810.05240962954792 218.61180003685183
decision_type=2 2 2 2 2 2 2 2 2 2 2 2 2 2 2 2 2 2 2 2 2 2 2 2 2 2 2 2 2 2 2 2 2 2 2 2 2 2 2 2 2 2 2 2 2 2 2 2 2 2 2 2 2 2 2 2 2 2 2 2 2 2
left_child=8 2 4 7 5 -2 -7 24 9 -1 11 43 13 -13 15 16 -15 19 28 -5 21 23 -22 -17 -4 -23 -9 -28 -16 -26 31 -6 -19 34 40 -36 -35 -37 39 -38 47 -42 -43 -3 -45 46 56 48 50 -50 -12 -33 -46 -44 -55 -56 -40 59 -59 -57 -53 -47
right_child=1 10 3 17 30 6 -8 26 -10 -11 33 12 -14 14 18 20 -18 32 -20 -21 22 25 -24 -25 29 -27 27 -29 -30 -31 -32 51 -34 36 35 37 38 -39 45 -41 41 42 53 44 52 61 -48 -49 49 -51 -52 60 -54 54 55 57 -58 58 -60 -61 -62 -63
leaf_value=0.45872321866807486 -0.075106897240593329 -0.062609372067230717 0.66673062682151807 0.33175982832908635 0.098825658857822421 0.44731950986644498 0.024838346242904666 0.48319437605413529 0.51196028495376766 0.092870677298023591 -0.027153027504682542 0.40223055589530204 -0.16207232841036537 0.091536682471632963 0.34355628887812295 0.11692787842906041 0.29071707895823889 0.16543907551941547 0.10628801971673965 0.18463187105953693 0.13215749028325083 -0.21781456328928472 -0.027006622578989233 -0.031590660062751602 0.47789120894891246 -0.054422165621072049 0.28600515127182008 0.42773097008466721 0.21534436285495759 0.59313181773537682 -0.10093621824468886 -0.0067414279212243862 0.064595406254132598 -0.12448658101981687 -0.023070853714849435 0.22833168330517684 -0.025424697481352711 0.10926945149898529 -0.026792972357500167 0.056732547599257846 0.14362464873563677 0.03965579954641206 -0.035023744936500283 0.055324219663937892 -0.0087999052235058373 -0.022493244664137001 0.0154297111928463 -0.023094423739300513 -0.004783055667454998 0.075438462268738515 -0.063417920061657515 -0.031888327002525328 -0.023348001231888377 -0.0055191591955148257 -0.034930815409730982 -0.022265340730547908 -0.010629501433244773 -0.0040406025946140289 -0.023112904251986789 -0.036309376209974285 -0.023244219200999866 -0.023924072253069393
leaf_weight=21 21 27 20 32 30 23 20 22 22 21 20 27 22 32 21 23 28 22 30 32 25 20 23 28 27 20 20 20 20 21 21 32 24 31 51 22 29 20 21 33 21 35 28 30 28 1732 20 1834 24 21 31 24 1004 26 27 25 21 23 131 20 1061 810
leaf_count=21 21 27 20 32 30 23 20 22 22 21 20 27 22 32 21 23 28 22 30 32 25 20 23 28 27 20 20 20 20 21 21 32 24 31 51 22 29 20 21 33 21 35 28 30 28 1732 20 1834 24 21 31 24 1004 26 27 25 21 23 131 20 1061 810
internal_value=-8.2425e-11 -0.00287886 0.047366 0.355471 -0.0126544 0.143873 0.250817 0.489219 0.356978 0.275797 -0.0143208 0.0059648 0.10068 0.120143 0.0919345 0.0508146 0.184488 0.197404 0.207186 0.258196 -0.00688595 -0.0399993 0.0558914 0.0353883 0.569021 -0.136118 0.401694 0.356868 0.281014 0.528309 -0.0212312 -0.0197719 0.112825 -0.0199699 -0.0167145 0.064861 -0.0228173 0.171635 -0.0216351 0.0183042 -0.0200625 -0.0061511 -0.0161362 -0.0217801 -0.0207421 -0.0225861 -0.00769803 -0.0224843 -0.0108292 0.0326537 -0.0491964 -0.0229572 -0.0229533 -0.0231101 -0.0217864 -0.0236579 -0.0187112 -0.0221284 -0.0202644 -0.0285071 -0.0234354 -0.0229492
internal_weight=8000 7936 1472 240 1232 64 43 130 64 42 6464 1408 319 297 270 199 60 110 71 64 139 91 48 51 68 40 62 40 41 48 1168 1147 46 5056 2359 93 2697 42 2666 62 2266 336 315 1089 1062 2604 62 1930 96 45 51 1117 1032 280 252 226 42 199 154 45 1085 2542
internal_count=8000 7936 1472 240 1232 64 43 130 64 42 6464 1408 319 297 270 199 60 110 71 64 139 91 48 51 68 40 62 40 41 48 1168 1147 46 5056 2359 93 2697 42 2666 62 2266 336 315 1089 1062 2604 62 1930 96 45 51 1117 1032 280 252 226 42 199 154 45 1085 2542
is_linear=0
shrinkage=0.05


Tree=69
num_leaves=63
num_cat=0
split_feature=0 0 1 0 0 3 3 4 0 0 1 2 0 1 2 0 0 0 4 2 2 0 0 2 4 4 4 2 4 4 2 0 0 2 0 0 4 0 0 1 0 4 0 3 1 0 2 0 0 4 0 1 0 1 2 0 0 0 3 4 0 0
split_gain=2967.96 1647.02 9826.79 1834.92 597.084 541.061 689.305 316.357 297.44 267.41 1335.71 588.922 856.243 626.375 625.416 238.521 221.678 190.927 118.641 104.31 238.044 109.553 100.55 96.3764 83.1861 81.2349 76.6019 60.7896 59.9127 170.665 50.4612 475.749 291.11 17.0319 253.324 59.7851 261.999 16.9189 232.583 315.213 117.022 53.6116 36.5526 39.5591 27.5606 182.009 156.011 10.5521 9.91867 8.66655 5.08204 6.02371 4.95419 57.8171 26.811 5.77167 2.58654 0.972473 0.603185 0.436642 6.35318 3.42924
threshold=1881.1083333333336 3799.3500000000008 2460.5000000000005 3606.200000000003 1989.4750000000008 1380.3155710907779 1598.7642443858372 16.585868301861293 3680.9000000000019 6438.7416666666659 4564.0000000000009 258.36277969709909 6151.5000000000027 5887.5000000000009 199.55190901102881 3511.4750000000026 6196.8833333333359 6382.2166666666662 7.9780796565033061 210.82589562331779 186.32086459101353 6325.2666666666673 6295.3583333333345 196.16835175393223 13.552160811216153 12.942593012678978 12.563409752034017 212.69343560665888 18.833092306209284 10.657496937984229 170.38272186081616 2042.2249999999997 2185.3000000000034 193.14793500313135 3886.4416666666716 3886.4416666666716 15.707195343433687 7978.2999999999956 7938.6749999999965 6517.5000000000009 7990.7333333333236 15.897805780940965 8017.0583333333243 1533.1094849311539 6517.5000000000009 7487.8749999999964 205.1644874236446 2098.4583333333358 7518.9416666666575 13.344528861749184 8039.0833333333294 6517.5000000000009 6509.0416666666633 5887.5000000000009 200.38599804439153 6466.4916666666641 7553.2999999999984 3987.4166666666711 810.05240962954792 7.8210173585910292 8089.4333333333298 8077.7583333333287
decision_type=2 2 2 2 2 2 2 2 2 2 2 2 2 2 2 2 2 2 2 2 2 2 2 2 2 2 2 2 2 2 2 2 2 2 2 2 2 2 2 2 2 2 2 2 2 2 2 2 2 2 2 2 2 2 2 2 2 2 2 2 2 2
left_child=7 2 4 15 5 -2 -7 -1 26 10 33 12 14 16 -12 25 -14 27 -10 20 22 -21 -18 -22 -20 -4 -5 -15 29 -17 32 -32 -6 34 -3 36 -35 38 44 -40 -39 -41 43 49 52 46 -46 -33 -47 -42 51 -44 53 55 -55 -11 -50 -36 -49 60 -52 -61
right_child=1 9 3 8 30 6 -8 -9 18 37 11 -13 13 17 -16 28 19 -19 24 21 23 -23 -24 -25 -26 -27 -28 -29 -30 -31 31 47 -34 35 57 -37 -38 40 39 41 42 -43 50 -45 45 48 -48 58 56 -51 59 -53 -54 54 -56 -57 -58 -59 -60 61 -62 -63
leaf_value=0.2130796790122986 -0.071351550164676855 0.14499576780945064 0.63495181121609434 0.23259943742887118 -0.22440151542425157 0.42495352774858475 0.023596426248550417 0.43716770211855577 0.24806593585582007 -0.025795376393944025 0.10432198735383841 -0.15396871383894573 0.14543583752780126 0.32637846838860285 0.43446851018816235 0.47483160123229029 0.11108148319889671 0.10097361604372662 0.032767006416212434 0.125549621227663 -0.20692383497953415 -0.025656291571162317 -0.030011127090879847 -0.051701057441532618 0.15617600652492711 0.50753812361187467 0.36275627188957654 0.20457715377211572 0.48930927768349647 0.27706716760993005 0.20413657551010453 0.0095915859772099394 -0.021929520925011818 -0.21277360856533051 -0.032957220787093754 -0.02181469273255315 0.043155423402786254 -0.11826225274032164 -0.021917311613466228 0.21691510731523689 -0.031827280501073058 0.10380597278475762 -0.023409226238727571 0.075266075432300572 0.16731552289655577 0.01259520225271228 -0.018432580679655076 -0.030293911695480347 -0.040383276417851451 0.013649684377014637 -0.048773355312321499 0.0077769670635461814 -0.021939701800140165 0.068766682983740515 -0.0084404607388106258 -0.060247024401061 -0.021694043051286874 -0.021887318428844463 -0.021916073339716041 -0.010896600105774564 -0.02192425365837021 -0.021865442310659171
leaf_weight=28 21 24 22 20 20 23 20 36 21 20 26 22 29 21 32 24 23 30 22 25 20 23 28 20 36 29 26 20 20 20 24 27 158 20 21 645 20 31 51 22 22 20 30 20 26 21 20 22 20 20 23 32 1834 23 22 31 249 359 917 74 524 1921
leaf_count=28 21 24 22 20 20 23 20 36 21 20 26 22 29 21 32 24 23 30 22 25 20 23 28 20 36 29 26 20 20 20 24 27 158 20 21 645 20 31 51 22 22 20 30 20 26 21 20 22 20 20 23 32 1834 23 22 31 249 359 917 74 524 1921
internal_value=1.81336e-10 -0.00273491 0.0449977 0.337697 -0.0120216 0.136679 0.238276 0.339129 0.20509 -0.0136047 0.00566656 0.0956461 0.114136 0.072314 0.286472 0.481835 0.0196926 0.196827 0.146235 -0.00654165 -0.0379993 0.0530968 0.0336189 -0.129312 0.109366 0.562501 0.306166 0.266963 0.417554 0.384939 -0.0201696 -0.0157629 -0.0446792 -0.0206911 -0.0125489 -0.0254932 -0.0848091 -0.0189714 -0.0158788 0.0616179 -0.0216765 0.163054 -0.0205534 0.017389 -0.0190593 -0.00584354 0.0865555 -0.0212262 -0.0204999 -0.0101716 -0.0214567 -0.00731313 -0.0213601 -0.0102877 0.031021 -0.0467366 -0.0230836 -0.0224991 -0.0221124 -0.0218017 -0.0230532 -0.0214586
internal_weight=8000 7936 1472 240 1232 64 43 64 125 6464 1408 319 297 239 58 115 168 71 79 139 91 48 51 40 58 51 46 41 64 44 1168 990 178 1089 404 685 40 5056 2359 93 2697 42 2666 62 2266 336 46 966 290 42 2604 62 1930 96 45 51 269 380 939 2542 547 1995
internal_count=8000 7936 1472 240 1232 64 43 64 125 6464 1408 319 297 239 58 115 168 71 79 139 91 48 51 40 58 51 46 41 64 44 1168 990 178 1089 404 685 40 5056 2359 93 2697 42 2666 62 2266 336 46 966 290 42 2604 62 1930 96 45 51 269 380 939 2542 547 1995
is_linear=0
shrinkage=0.05


Tree=70
num_leaves=63
num_cat=0
split_feature=0 0 1 0 0 3 3 2 0 0 1 2 0 1 0 3 0 0 4 3 3 2 2 0 0 2 3 2 4 0 0 6 3 0 0 1 0 4 0 1 1 0 0 2 0 4 0 3 3 0 5 0 0 2 0 0 2 0 2 0 4 0
split_gain=2678.59 1486.45 9341.19 1344.41 538.297 488.308 622.097 304.788 257.857 250.154 1191.65 531.502 791.272 419.693 491.001 228.851 172.312 156.457 104.742 120.227 102.124 94.14 214.835 98.8716 90.7468 86.9797 79.5623 54.8626 50.3787 141.402 25.333 177.663 232.623 15.2693 209.906 284.479 105.613 48.3845 32.9887 37.9193 24.8734 168.581 38.554 37.8517 4.58654 5.8369 4.48731 23.5869 3.62276 2.33436 1.40179 30.8478 25.0101 1.34619 21.8358 9.71781 0.422037 0.98196 10.0371 1.54419 0.596609 0.267116
threshold=1881.1083333333336 3777.3833333333346 2460.5000000000005 3580.358333333334 1989.4750000000008 1380.3155710907779 1598.7642443858372 213.66395305279246 3680.9000000000019 6438.7416666666659 4564.0000000000009 258.36277969709909 6097.5250000000015 5887.5000000000009 6196.8833333333359 1414.3770209144952 6382.2166666666662 3461.233333333334 16.390176612175789 1471.8456271811701 1384.1763264522369 210.82589562331779 186.32086459101353 6325.2666666666673 6295.3583333333345 196.16835175393223 1531.0613368104598 212.69343560665888 39.778825459023203 2042.2249999999997 3886.4416666666716 28.500000000000004 1481.5428407178715 7978.2999999999956 7938.6749999999965 6517.5000000000009 7990.7333333333236 15.897805780940965 8017.0583333333243 6517.5000000000009 6517.5000000000009 7455.9416666666648 7518.9416666666575 201.32981043915095 8039.0833333333294 12.170438474072119 6488.3499999999985 1522.6713156251162 810.05240962954792 7553.2999999999984 15.500000000000002 6509.0416666666633 6535.1916666666657 184.92938523467157 2098.4583333333358 2185.3000000000034 137.68073471234794 8066.2416666666631 210.47959466302979 8077.7583333333287 14.150588149383415 3987.4166666666711
decision_type=2 2 2 2 2 2 2 2 2 2 2 2 2 2 2 2 2 2 2 2 2 2 2 2 2 2 2 2 2 2 2 2 2 2 2 2 2 2 2 2 2 2 2 2 2 2 2 2 2 2 2 2 2 2 2 2 2 2 2 2 2 2
left_child=7 2 4 17 5 -2 -7 -1 20 10 30 12 -12 14 15 -14 27 -4 19 -19 -5 22 24 -23 -16 -24 -10 -15 29 -6 31 -3 -33 34 40 -36 -35 -37 39 -38 46 -42 43 -43 45 -40 47 -11 -31 -44 51 -48 -52 55 -55 -50 60 58 -58 -59 -46 -32
right_child=1 9 3 8 28 6 -8 -9 26 33 11 -13 13 16 21 -17 -18 18 -20 -21 -22 23 25 -25 -26 -27 -28 -29 -30 48 61 32 -34 36 35 37 38 -39 44 -41 41 42 49 -45 56 -47 50 -49 53 -51 52 -53 -54 54 -56 -57 57 59 -60 -61 -62 -63
leaf_value=0.22594362524234587 -0.067783978297596886 0.13444040091264817 0.60483183935284623 0.37309457640452637 0.089391392866770433 0.40370585236536427 0.022416616380214693 0.44589586311153007 0.2147863414251443 -0.038591773832036602 0.36650942895147537 -0.14627027714794333 0.036589780585332347 0.31005954770814803 0.10552741121500731 0.23922693137765716 0.095924933354059869 0.47844334387779236 0.52289567497269862 0.32004258746038317 0.24621522458536282 0.11927214007079601 -0.19657764010131362 -0.024373476442111575 -0.028510570719039868 -0.049116004109382633 0.10228014131387075 0.19434829257428646 -0.095869981036299762 -0.0018131644725799562 -0.024092726572416723 0.054505983950235905 -0.121749654557142 -0.11234913959258026 -0.020821445946599924 0.20606935227459131 -0.02519262129890508 0.098615678101778029 0.008393937012841626 0.053175613555041225 0.13161571260009494 -0.021882590545075284 -0.038364111892879013 0.069174127239733929 -0.02172270856797695 -0.022288877336728959 0.036336357022325204 0.022145853327079256 0.012996377633965535 -0.020609340939416465 -0.077719720900058742 -0.02088618766303911 -0.020817072418119226 -0.072464995844555763 -0.02077088572382927 -0.02080353822902585 -0.010414824339871606 -0.0093638920287291202 -0.052158791292458775 -0.020778045545688909 -0.0095099210739135742 -0.020756696212288619
leaf_weight=36 21 21 20 29 30 23 20 28 33 31 27 22 22 21 23 38 30 25 29 23 35 25 20 23 28 20 30 20 21 25 64 39 36 31 51 22 29 20 31 33 21 21 20 25 20 31 24 33 23 249 20 1262 560 21 750 282 36 30 24 2412 20 961
leaf_count=36 21 21 20 29 30 23 20 28 33 31 27 22 22 21 23 38 30 25 29 23 35 25 20 23 28 20 30 20 21 25 64 39 36 31 51 22 29 20 31 33 21 21 20 25 20 31 24 33 23 249 20 1262 560 21 750 282 36 30 24 2412 20 961
internal_value=1.98768e-10 -0.00259817 0.0433625 0.340073 -0.0112947 0.129845 0.226362 0.322173 0.233021 -0.0127865 0.0055989 0.0908638 0.108429 0.0826213 0.0453858 0.164927 0.186985 0.480234 0.447871 0.402543 0.303707 -0.00621457 -0.0360993 0.0504419 0.0319379 -0.122847 0.161212 0.253615 -0.0191358 -0.0177111 -0.0186647 0.00589577 -0.0300967 -0.0180228 -0.0150848 0.058537 -0.0205926 0.154901 -0.0195257 0.0165195 -0.0181064 -0.00555137 -0.0146958 0.0276048 -0.0203839 -0.00694747 -0.0202921 -0.00727393 -0.0206294 -0.0219294 -0.0207386 -0.0198183 -0.0227792 -0.0210666 -0.0221789 -0.0182547 -0.0207116 -0.0207931 -0.0271124 -0.0206378 -0.0156163 -0.020965
internal_weight=8000 7936 1440 224 1216 64 43 64 127 6496 1440 319 297 270 199 60 71 97 77 48 64 139 91 48 51 40 63 41 1152 1131 1121 96 75 5056 2359 93 2697 42 2666 62 2266 336 315 46 2604 62 1930 64 1101 269 1866 1286 580 1076 771 305 2542 2502 60 2442 40 1025
internal_count=8000 7936 1440 224 1216 64 43 64 127 6496 1440 319 297 270 199 60 71 97 77 48 64 139 91 48 51 40 63 41 1152 1131 1121 96 75 5056 2359 93 2697 42 2666 62 2266 336 315 46 2604 62 1930 64 1101 269 1866 1286 580 1076 771 305 2542 2502 60 2442 40 1025
is_linear=0
shrinkage=0.05


Tree=71
num_leaves=63
num_cat=0
split_feature=0 0 1 0 0 3 3 4 0 0 1 2 0 1 0 4 0 0 4 3 2 2 0 0 0 2 6 2 2 0 0 4 4 0 0 0 1 0 4 0 2 3 3 1 0 2 0 2 2 3 0 2 0 3 3 0 0 2 0 0 2 5
split_gain=2417.43 1342.64 8017.79 1491.7 486.519 440.698 561.443 288.8 281.622 217.436 1088.45 479.68 714.123 378.773 443.128 222.216 173.304 155.512 129.283 87.6434 84.9614 193.889 89.2316 81.899 81.1863 78.4992 51.647 49.5135 46.8022 410.318 271.377 43.0858 16.6948 59.3189 13.7805 189.44 256.743 95.3155 43.667 29.7723 36.8848 23.3363 18.4379 12.2074 97.1768 96.0159 10.5904 7.25058 6.10989 5.33082 4.13936 5.67291 4.04071 21.296 2.73673 6.7278 4.87239 1.97655 13.4276 12.5418 7.65838 1.28703
threshold=1881.1083333333336 3799.3500000000008 2460.5000000000005 3628.9750000000026 1989.4750000000008 1380.3155710907779 1598.7642443858372 16.585868301861293 3534.6166666666686 6438.7416666666659 4564.0000000000009 258.36277969709909 6097.5250000000015 5887.5000000000009 6196.8833333333359 12.469971335220851 3729.6416666666687 6382.2166666666662 11.253234881711387 1309.378327906363 210.82589562331779 186.32086459101353 6325.2666666666673 6295.3583333333345 3461.233333333334 196.16835175393223 43.500000000000007 212.69343560665888 170.38272186081616 2042.2249999999997 2185.3000000000034 14.772664346170684 2.8401565884695708 3841.6666666666711 7978.2999999999956 7938.6749999999965 6517.5000000000009 7990.7333333333236 15.897805780940965 8017.0583333333243 210.18476861451231 784.08063539439274 1338.9151112965631 6517.5000000000009 7487.8749999999964 205.1644874236446 2098.4583333333358 160.03180207839716 175.87086126300852 1557.3934167696352 8039.0833333333294 213.06624581975299 6488.3499999999985 1526.218161973409 1423.451864974666 7553.2999999999984 7620.7249999999976 223.22450163919711 3987.4166666666711 3932.8083333333375 194.39295677920799 15.500000000000002
decision_type=2 2 2 2 2 2 2 2 2 2 2 2 2 2 2 2 2 2 2 2 2 2 2 2 2 2 2 2 2 2 2 2 2 2 2 2 2 2 2 2 2 2 2 2 2 2 2 2 2 2 2 2 2 2 2 2 2 2 2 2 2 2
left_child=7 2 4 8 5 -2 -7 -1 24 10 32 12 -12 14 15 -14 18 27 -5 -10 21 23 -22 -16 -4 -23 -26 -15 30 -30 -6 -18 -3 -34 35 41 -37 -36 -38 40 42 -11 -39 52 45 -45 -31 -46 -49 -21 51 -41 53 -43 56 -56 -50 59 -59 60 -35 -54
right_child=1 9 3 16 28 6 -8 -9 19 34 11 -13 13 17 20 -17 31 -19 -20 49 22 25 -24 -25 26 -27 -28 -29 29 46 -32 -33 33 57 37 36 38 39 -40 50 -42 43 -44 44 47 -47 -48 48 54 -51 -52 -53 61 -55 55 -57 -58 58 -60 -61 -62 -63
leaf_value=0.18562970978340931 -0.064394769782111769 -0.057524616685178546 0.57459025403484698 0.14939036537562647 -0.21535916328430177 0.38352056625096698 0.021295773088932039 0.39973528219593901 0.26245237257839604 0.031840950374801953 0.34818394627698046 -0.13895676249468869 0.042826819390058522 0.29455657289141701 0.10025104161189952 0.23800423485892164 0.053036603446190184 0.091128691832224537 0.29158831001682717 0.40495196226984265 0.11330853670835495 -0.186748761436902 -0.023154803001038407 -0.027085042199386018 0.40894680368127645 -0.046660204678773881 0.51349626382191971 0.18463087666779757 0.19023209040363631 0.011813109340491118 -0.019869888856818407 0.15065107129514219 0.05159691666563352 0.030435284227132799 -0.10673168238694593 -0.01978037333955952 0.19576587941158902 0.023826311975717548 0.093684894591569909 -0.017036895670129785 0.071580129452049737 -0.035752493952168153 -0.04250590896064585 0.12476306333485992 -0.043773330109460017 -0.022218490689992904 -0.01994829156115667 0.0059997464601810168 -0.046426083293298018 0.36844571448862551 -0.01967604756410242 0.01531718209385872 -0.018796496975530402 0.021932018641382459 0.010699589834326791 -0.019817822010711181 -0.01929557348712016 -0.058307951688766485 -0.019840068123778518 -0.019992054712871851 -0.011869922474674556 -0.021640271092283316
leaf_weight=28 21 27 20 31 20 23 20 36 22 24 27 22 25 21 23 35 26 30 33 20 25 20 23 28 27 20 21 20 24 27 158 20 30 20 31 51 22 20 20 42 20 32 22 25 28 20 939 26 23 20 2542 20 1267 32 21 129 59 25 245 719 23 580
leaf_count=28 21 27 20 31 20 23 20 36 22 24 27 22 25 21 23 35 26 30 33 20 25 20 23 28 27 20 21 20 24 27 158 20 30 20 31 51 22 20 20 42 20 32 22 25 28 20 939 26 23 20 2542 20 1267 32 21 129 59 25 245 719 23 580
internal_value=-4.5663e-11 -0.00246826 0.0406286 0.305017 -0.0108758 0.123353 0.215044 0.306064 0.419682 -0.0122824 0.0050951 0.0863206 0.103008 0.0784902 0.0431165 0.15668 0.169504 0.177636 0.222711 0.342611 -0.00590384 -0.0342944 0.0479199 0.030341 0.489953 -0.116704 0.454687 0.240934 -0.0182308 -0.0139868 -0.041835 0.0954777 -0.0186982 -0.0177111 -0.0171217 -0.0143306 0.0556102 -0.019563 0.147156 -0.0185494 0.0156935 -0.0172011 -0.0109191 -0.017726 -0.00886103 0.0594379 -0.0190606 -0.0196074 -0.0169847 0.386699 -0.0193647 -0.0066001 -0.0192615 -0.00691024 -0.0195605 -0.0155454 -0.0269054 -0.0197259 -0.0234019 -0.0184233 0.00780692 -0.0196895
internal_weight=8000 7936 1472 240 1232 64 43 64 130 6464 1408 319 297 270 199 60 110 71 64 62 139 91 48 51 68 40 48 41 1168 990 178 46 1089 1062 5056 2359 93 2697 42 2666 62 2266 42 2242 331 45 966 286 258 40 2604 62 1911 64 232 150 82 1032 270 762 43 1847
internal_count=8000 7936 1472 240 1232 64 43 64 130 6464 1408 319 297 270 199 60 110 71 64 62 139 91 48 51 68 40 48 41 1168 990 178 46 1089 1062 5056 2359 93 2697 42 2666 62 2266 42 2242 331 45 966 286 258 40 2604 62 1911 64 232 150 82 1032 270 762 43 1847
is_linear=0
shrinkage=0.05


Tree=72
num_leaves=63
num_cat=0
split_feature=0 0 1 0 0 5 2 0 0 1 0 2 3 3 5 5 6 5 2 6 6 0 2 3 4 3 4 4 4 0 2 0 6 4 3 0 0 1 0 4 0 3 3 2 4 3 0 0 0 0 3 2 0 0 4 0 3 2 0 0 6 5
split_gain=2181.73 1212 7614.8 1097.68 438.437 412.553 278.211 212.052 203.334 971.157 439.891 359.716 668.188 629.939 547.007 523.758 240.774 253.086 215.444 745.244 131.18 126.786 104.225 94.6063 89.5578 110.028 85.3434 78.6104 46.6143 115.307 28.8063 19.3389 161.402 215.951 65.8464 12.4369 170.97 231.71 86.0222 39.4094 26.8695 36.3143 21.061 11.5028 7.77791 7.65442 5.22825 136.377 132.517 11.9122 18.1302 4.31113 3.73823 3.73577 5.30559 3.43739 19.7258 2.47248 7.55442 7.23651 22.6071 1.94243
threshold=1881.1083333333336 3777.3833333333346 2460.5000000000005 3580.358333333334 1989.4750000000008 10.500000000000002 213.66395305279246 3680.9000000000019 6438.7416666666659 4564.0000000000009 6325.2666666666673 198.42355771651265 1242.2584582447223 1563.5241355821793 18.500000000000004 11.500000000000002 52.500000000000007 23.500000000000004 187.18180842788712 31.500000000000004 40.500000000000007 3461.233333333334 184.92938523467157 1384.1763264522369 16.390176612175789 1471.8456271811701 9.8586418811760357 7.9780796565033061 39.778825459023203 2042.2249999999997 201.32981043915095 3886.4416666666716 28.500000000000004 17.660602332666254 1481.5428407178715 7978.2999999999956 7938.6749999999965 6517.5000000000009 7990.7333333333236 15.897805780940965 8017.0583333333243 1533.1094849311539 784.08063539439274 137.68073471234794 13.344528861749184 2258.9281056574987 7440.7333333333254 7423.733333333329 7455.9416666666648 7487.8749999999964 1438.878068863414 200.98918616505406 2098.4583333333358 8039.0833333333294 12.170438474072119 6488.3499999999985 1522.6713156251162 160.03180207839716 7569.0833333333303 7518.9416666666575 37.500000000000007 15.500000000000002
decision_type=2 2 2 2 2 2 2 2 2 2 2 2 2 2 2 2 2 2 2 2 2 2 2 2 2 2 2 2 2 2 2 2 2 2 2 2 2 2 2 2 2 2 2 2 2 2 2 2 2 2 2 2 2 2 2 2 2 2 2 2 2 2
left_child=6 2 4 21 5 -2 -1 23 9 31 11 14 -13 -14 18 -15 20 -18 19 -11 22 -4 -12 -5 25 -23 -24 -9 29 -6 -29 32 -3 34 -34 36 42 -38 -37 -39 41 44 -10 -44 -40 46 47 55 -48 50 -50 -52 -31 54 -42 56 -45 58 -51 60 -59 -57
right_child=1 8 3 7 28 -7 -8 27 35 10 16 12 13 15 -16 -17 17 -19 -20 -21 -22 24 26 -25 -26 -27 -28 30 -30 52 -32 -33 33 -35 -36 38 37 39 40 -41 53 -43 43 45 -46 -47 48 -49 49 57 51 -53 -54 -55 -56 61 -58 59 -60 -61 -62 -63
leaf_value=0.19882283998239372 -0.036285143173657934 0.1271066678421838 0.54586073633283383 0.34120371804155153 0.080818092475334807 0.22219163391150928 0.4089669576713017 0.22709382146596913 0.030248906525472803 -0.03681823581457138 -0.097553233150392771 -0.037556780998905498 0.43038441231756502 -0.024615455216363723 -0.15372962557265293 0.31281660276910533 0.23677908528596162 -0.0064187248601861625 -0.006555129997432233 0.3726690719723702 -0.14692932757593336 0.43526040267944338 0.10974101081321186 0.21908365413546563 0.47393827078671297 0.28372670207375095 -0.02952929681421004 0.068945785061172812 -0.091080300190619065 -0.0016942166723310948 0.15099393492564561 -0.018882814786010765 -0.037181580841541294 0.083404553371171156 -0.15440728353417441 -0.10139509828821305 -0.01879135495891758 0.18597758446227422 -0.032012620703740551 0.089000647515058526 0.008356430453638878 0.070361551940441136 0.010435493187488695 -0.03599024994764477 0.01106977041810751 0.0096588585239190325 -0.12567517223029301 0.093582377263477873 0.043310706205666072 -0.052735113813763571 -0.031408505812287331 0.001421087384223938 -0.019037552190451449 -0.018692244933120338 -0.02089661257641931 -0.017255239051546734 0.020029360992890419 0.035198709780039888 -0.017654205845636234 -0.019004033263485362 -0.034171281301456954 -0.0216644888150168
leaf_weight=36 26 21 20 29 30 38 28 20 24 20 20 24 33 23 23 23 20 23 20 25 21 25 22 35 29 23 22 23 21 32 20 1025 25 27 23 31 51 22 22 20 31 20 38 30 20 26 29 28 20 21 20 20 1069 2542 31 796 33 24 57 713 23 364
leaf_count=36 26 21 20 29 30 38 28 20 24 20 20 24 33 23 23 23 20 23 20 25 21 25 22 35 29 23 22 23 21 32 20 1025 25 27 23 31 51 22 22 20 31 20 38 30 20 26 29 28 20 21 20 20 1069 2542 31 796 33 24 57 713 23 364
internal_value=1.16728e-10 -0.00234485 0.0391565 0.307049 -0.0101921 0.117185 0.290761 0.210318 -0.0115447 0.00503113 0.0820046 0.13007 0.193495 0.263687 0.055835 0.144101 0.0102815 0.106697 0.129989 0.190675 -0.0384932 0.433697 -0.00291261 0.274419 0.404564 0.362651 0.0401059 0.145199 -0.0172687 -0.0158982 0.107108 -0.016873 0.004586 -0.0297198 -0.0933522 -0.0162656 -0.0136141 0.0528297 -0.0185848 0.139798 -0.0176219 0.0149089 -0.016341 -0.0168397 -0.0114972 -0.01731 -0.0176319 -0.0155232 -0.0204778 -0.0170805 0.0044411 -0.0149937 -0.0185335 -0.0183965 -0.00627009 -0.0180211 -0.00664664 -0.0186214 -0.0270991 -0.0177514 0.00125169 -0.0186388
internal_weight=8000 7936 1440 224 1216 64 64 127 6496 1440 319 191 103 79 88 46 128 43 65 45 85 97 64 64 77 48 44 63 1152 1131 43 1121 96 75 48 5056 2359 93 2697 42 2666 62 2266 2242 42 2204 2178 1251 927 898 60 40 1101 2604 62 1223 63 838 78 760 47 1160
internal_count=8000 7936 1440 224 1216 64 64 127 6496 1440 319 191 103 79 88 46 128 43 65 45 85 97 64 64 77 48 44 63 1152 1131 43 1121 96 75 48 5056 2359 93 2697 42 2666 62 2266 2242 42 2204 2178 1251 927 898 60 40 1101 2604 62 1223 63 838 78 760 47 1160
is_linear=0
shrinkage=0.05


Tree=73
num_leaves=63
num_cat=0
split_feature=0 0 1 0 0 3 3 4 0 0 1 2 0 1 0 4 0 5 2 4 0 4 2 2 0 2 4 0 2 2 0 0 4 0 1 0 4 0 6 0 0 0 4 0 2 6 2 0 0 3 4 0 0 2 0 0 2 0 0 0 4 3
split_gain=1969.01 1094.47 6542.33 1216.39 396.444 380.173 510.682 263.642 194.875 176.812 886.951 428.961 627.845 358.738 382.366 196.687 171.559 148.309 141.295 102.526 106.898 78.2305 71.3047 174.286 72.5355 63.4196 63.2069 61.3694 50.1331 42.9124 354.471 250.663 15.0864 50.5745 12.153 446.826 39.9409 20.0172 23.5016 13.7709 302.884 111.586 16.7632 12.7019 31.5826 31.0655 26.8454 8.98666 3.26784 17.4118 1.89039 10.0749 6.6626 1.79331 12.3503 11.0221 6.90954 0.878971 3.74202 0.783587 0.773919 0.663215
threshold=1881.1083333333336 3799.3500000000008 2460.5000000000005 3606.200000000003 1989.4750000000008 1380.3155710907779 1598.7642443858372 16.585868301861293 3680.9000000000019 6438.7416666666659 4564.0000000000009 258.36277969709909 6097.5250000000015 5887.5000000000009 6196.8833333333359 12.469971335220851 3511.4750000000026 8.5000000000000018 191.64245733190458 18.258737157597256 3729.6416666666687 12.942593012678978 210.82589562331779 186.32086459101353 6325.2666666666673 196.16835175393223 12.563409752034017 6295.3583333333345 189.68696109390223 170.38272186081616 2042.2249999999997 2185.3000000000034 2.8401565884695708 3841.6666666666711 7306.0000000000009 8017.0583333333243 13.344528861749184 8089.4333333333298 40.500000000000007 7440.7333333333254 7423.733333333329 7455.9416666666648 2.8401565884695708 7503.7833333333301 201.32981043915095 40.500000000000007 235.74307353819509 2098.4583333333358 6488.3499999999985 1526.218161973409 6.2060092277287451 6509.0416666666633 6662.916666666667 223.22450163919711 3987.4166666666711 3932.8083333333375 194.39295677920799 7518.9416666666575 7536.8833333333232 7553.2999999999984 37.627882551501123 810.05240962954792
decision_type=2 2 2 2 2 2 2 2 2 2 2 2 2 2 2 2 2 2 2 2 2 2 2 2 2 2 2 2 2 2 2 2 2 2 2 2 2 2 2 2 2 2 2 2 2 2 2 2 2 2 2 2 2 2 2 2 2 2 2 2 2 2
left_child=7 2 4 16 5 -2 -7 -1 26 10 32 12 -12 14 15 -14 21 -15 -19 20 -10 -4 23 27 -24 -25 -5 -16 -18 31 -31 -6 -3 -34 39 36 -36 38 -37 40 42 -41 -11 44 45 -43 -46 -32 49 -44 52 -52 -50 55 -55 56 -35 -45 -59 -60 61 -49
right_child=1 9 3 8 29 6 -8 -9 19 34 11 -13 13 17 22 -17 28 18 -20 -21 -22 -23 24 25 -26 -27 -28 -29 -30 30 47 -33 33 53 35 37 -38 -39 -40 41 -42 43 48 57 46 -47 -48 60 50 -51 51 -53 -54 54 -56 -57 -58 58 59 -61 -62 -63
leaf_value=0.1611534885529961 -0.063053310059365777 -0.053805165188559503 0.53237651721997703 0.1825292070955038 -0.20585323363542557 0.35716830064421118 0.011706172227859498 0.36572125024265717 0.23617488505939643 0.027793554535933903 0.32357351587809347 -0.13513038634661248 0.034647154748439789 0.27157932840611626 0.086523554636084521 0.2182713171201093 0.28485071596044759 0.21443254976045517 0.041505746708975902 0.031022678420919443 0.09658059813082219 0.40734120223285819 0.098997954726219181 -0.17636539634317161 -0.024037961050382126 -0.050449159219861033 0.30075972945644308 -0.023703515815681645 0.37495464192409267 0.17739581651985648 0.011307164391985647 -0.017972779839853698 0.04803790924449762 0.029505693912506105 0.098004154805094001 -0.014795772156453339 0.19563277004794644 -0.017906537083709456 0.054657895756619314 -0.11337155493036394 0.14166951602505101 0.0158971239367257 -0.032325425148883369 -0.010265237381381374 0.074002744331955903 -0.063179568008140286 -0.005203640331392703 -0.0267392635345459 -0.047348040652771789 0.019833948963787408 0.014199744462966919 -0.017920113660710061 -0.017983642506479016 -0.054796350061893463 -0.01790392367815485 -0.018048311239406364 -0.010678005607231804 -0.035995048765213263 -0.010609932700472495 -0.018614417094636133 -0.0082203894853591919 -0.017952128902592655
leaf_weight=28 21 27 22 20 20 23 20 36 24 21 27 22 25 23 23 35 26 21 27 23 32 29 25 20 23 20 26 28 38 24 27 158 30 20 20 29 22 1214 21 31 31 23 32 31 20 27 23 22 24 32 25 1041 99 25 245 719 23 31 31 2228 20 897
leaf_count=28 21 27 22 20 20 23 20 36 24 21 27 22 25 23 23 35 26 21 27 23 32 29 25 20 23 20 26 28 38 24 27 158 30 20 20 29 22 1214 21 31 31 23 32 31 20 27 23 22 24 32 25 1041 99 25 245 719 23 31 31 2228 20 897
internal_value=-1.10289e-10 -0.0022276 0.036683 0.275509 -0.00984158 0.111326 0.196488 0.276223 0.167541 -0.0110884 0.00458189 0.0779043 0.0936847 0.0706958 0.0362704 0.141761 0.392866 0.167184 0.117161 0.119903 0.156407 0.461278 -0.00926527 -0.0352742 0.0400432 -0.113407 0.249355 0.0260067 0.33835 -0.0164809 -0.0124171 -0.0390829 -0.0168964 -0.015958 -0.0154523 -0.0112985 0.149143 -0.0166296 0.0143748 -0.016899 -0.0127516 -0.0191126 -0.0165091 -0.0179021 0.000216738 -0.0268043 0.0316365 -0.017133 -0.0172516 -0.00624574 -0.0178441 -0.0171668 -0.0237133 -0.0178184 -0.0213199 -0.0165777 0.00801209 -0.0186281 -0.0187413 -0.0185046 -0.0179507 -0.0181625
internal_weight=8000 7936 1472 240 1232 64 43 64 125 6464 1408 319 297 270 199 60 115 71 48 79 56 51 139 91 48 40 46 51 64 1168 990 178 1089 1062 5056 1306 42 1264 50 3750 1305 2445 1274 2414 93 50 43 966 1253 64 1189 1066 123 1032 270 762 43 2321 2290 2259 939 919
internal_count=8000 7936 1472 240 1232 64 43 64 125 6464 1408 319 297 270 199 60 115 71 48 79 56 51 139 91 48 40 46 51 64 1168 990 178 1089 1062 5056 1306 42 1264 50 3750 1305 2445 1274 2414 93 50 43 966 1253 64 1189 1066 123 1032 270 762 43 2321 2290 2259 939 919
is_linear=0
shrinkage=0.05


Tree=74
num_leaves=63
num_cat=0
split_feature=0 0 1 0 0 5 2 0 0 1 2 0 1 0 3 0 3 0 3 4 5 2 0 4 0 2 2 4 0 6 3 0 0 1 0 1 0 3 1 0 0 4 0 0 2 0 3 0 4 4 0 0 4 3 0 2 0 3 0 3 0 2
split_gain=1777.03 988.215 6207.03 901.834 357.093 359.735 254.562 215.697 165.279 791.459 387.137 566.63 323.761 345.085 191.916 141.02 107.808 85.5128 69.3702 67.35 219.082 46.0315 79.0753 43.5819 93.8924 43.0225 38.1205 27.4114 14.6589 146.522 202.151 11.1921 230.427 320.754 41.2848 72.1795 20.6651 31.7509 20.4256 140.896 29.4447 6.3003 3.44136 3.27326 5.14441 3.07835 15.7607 2.1527 1.38888 1.12882 9.2022 5.83987 0.687594 0.685575 0.622666 0.384291 1.06642 9.96403 1.23883 0.577047 0.250121 1.10458
threshold=1881.1083333333336 3777.3833333333346 2460.5000000000005 3555.7833333333333 1989.4750000000008 10.500000000000002 208.4520046803095 3680.9000000000019 6438.7416666666659 4564.0000000000009 258.36277969709909 6097.5250000000015 5887.5000000000009 6196.8833333333359 1414.3770209144952 6382.2166666666662 1389.7624427691264 3511.4750000000026 1531.0613368104598 24.607923827552913 14.500000000000002 176.64148736209151 3606.200000000003 39.778825459023203 2042.2249999999997 212.69343560665888 191.38091357962205 9.7958279020028893 3886.4416666666716 28.500000000000004 1481.5428407178715 7966.9500000000035 7938.6749999999965 6517.5000000000009 7990.7333333333236 6517.5000000000009 8017.0583333333243 1533.1094849311539 6517.5000000000009 7455.9416666666648 7503.7833333333301 13.344528861749184 2098.4583333333358 8039.0833333333294 213.06624581975299 6488.3499999999985 1522.6713156251162 7536.8833333333232 11.622972486464393 6.2060092277287451 6509.0416666666633 6662.916666666667 2.8401565884695708 810.05240962954792 7569.0833333333303 137.68073471234794 8066.2416666666631 1404.1640604698039 8077.7583333333287 1452.2186942304916 3987.4166666666711 194.03350452319555
decision_type=2 2 2 2 2 2 2 2 2 2 2 2 2 2 2 2 2 2 2 2 2 2 2 2 2 2 2 2 2 2 2 2 2 2 2 2 2 2 2 2 2 2 2 2 2 2 2 2 2 2 2 2 2 2 2 2 2 2 2 2 2 2
left_child=6 2 4 16 5 -2 -1 21 9 28 11 -11 13 14 -13 25 -4 -18 -9 20 26 -5 -23 24 -6 -14 -15 -28 29 -3 -31 32 38 -34 35 -33 37 41 45 -40 -41 -36 -26 44 48 46 -10 -42 -38 51 -51 -47 -30 -44 -49 59 57 -57 -58 -45 61 -54
right_child=1 8 3 7 23 -7 -8 18 31 10 -12 12 15 19 -16 -17 17 -19 -20 -21 -22 22 -24 -25 42 -27 27 -29 52 30 -32 34 33 -35 36 -37 43 -39 39 40 47 -43 53 55 -46 49 -48 54 -50 50 -52 -53 60 -55 -56 56 58 -59 -60 -61 -62 -63
leaf_value=0.17164183774164746 -0.037550116502321686 0.12016622594424659 0.49478129041194913 0.19254717983837641 0.073017396032810211 0.20381406184874085 0.37196154491654759 0.18146454478529367 -0.031533655629403169 0.30739483292456027 -0.1283738667822697 0.017148179764097389 0.26908549581255231 -0.067674573843140864 0.20271398155263773 0.076446659366289776 0.41978838463979112 0.29567987996598949 0.076411351958910634 -0.079687686436982069 0.13873952989280225 0.3534238175912337 0.2324524903510298 -0.086952710914469905 -0.00047829519025981431 0.16661824934184552 -0.044233875464470614 0.030774874824645193 -0.00804857411200092 0.04961086916617858 -0.11469589454742771 -0.0032387137413024906 -0.01692025818995067 0.21244949433538649 -0.030541438473896551 -0.11113613554907423 -0.024274308979511262 0.06446553990244866 0.12204150060812634 0.031519833930901124 -0.032929827421903611 0.0082332971994765105 -0.025474006930987045 -0.0060033839941024784 0.015628220662474632 -0.043155024165287617 0.01811522333459421 -0.0078586924482475628 -0.0060895521016347976 0.013489758729934694 -0.017081582528003739 -0.01763508926201526 -0.029591452791577294 -0.016926834530878867 -0.016650624413575447 -0.051301521940955101 -0.0066889855638146397 -0.0085825175333481569 -0.016912481400368128 -0.018014283627271654 -0.016987691172685341 -0.015490010580638562
leaf_weight=35 26 21 25 21 30 38 29 33 31 27 22 22 21 37 38 30 35 23 30 27 25 22 35 21 32 20 21 29 21 39 36 31 35 27 22 31 21 20 21 35 20 20 24 20 20 25 33 22 21 25 1599 217 21 1045 238 21 30 39 2412 20 942 41
leaf_count=35 26 21 25 21 30 38 29 33 31 27 22 22 21 37 38 30 35 23 30 27 25 22 35 21 32 20 21 29 21 39 36 31 35 27 22 31 21 20 21 35 20 20 24 20 20 25 33 22 21 25 1599 217 21 1045 238 21 30 39 2412 20 942 41
internal_value=1.11375e-10 -0.00211622 0.0353583 0.277224 -0.00919579 0.10576 0.262412 0.200251 -0.0104234 0.004521 0.0740091 0.0890004 0.067161 0.0344568 0.134673 0.158825 0.407985 0.370573 0.131439 -0.008802 0.00828651 0.255829 0.279143 -0.0155822 -0.014257 0.219101 -0.0292 -0.0007288 -0.0152531 0.00342982 -0.0292564 -0.0146797 -0.0121332 0.0829666 -0.0168529 -0.0571874 -0.0159148 0.012614 -0.0147352 -0.00335795 -0.0117179 -0.0120773 -0.0166351 -0.0165941 -0.00524317 -0.0167159 -0.00593345 -0.0171226 -0.0151819 -0.0170857 -0.016611 -0.0202714 -0.0170029 -0.0171187 -0.0159067 -0.016871 -0.0169487 -0.0235342 -0.0167869 -0.0120088 -0.0171902 -0.0202663
internal_weight=8000 7936 1440 224 1216 64 64 141 6496 1440 319 297 270 199 60 71 83 58 63 139 112 78 57 1152 1131 41 87 50 1121 96 75 5056 2328 62 2728 62 2666 62 2266 336 315 42 1101 2604 62 1930 64 280 42 1866 1624 242 1025 1069 260 2542 2502 60 2442 40 1004 62
internal_count=8000 7936 1440 224 1216 64 64 141 6496 1440 319 297 270 199 60 71 83 58 63 139 112 78 57 1152 1131 41 87 50 1121 96 75 5056 2328 62 2728 62 2666 62 2266 336 315 42 1101 2604 62 1930 64 280 42 1866 1624 242 1025 1069 260 2542 2502 60 2442 40 1004 62
is_linear=0
shrinkage=0.05


Tree=75
num_leaves=63
num_cat=0
split_feature=0 0 1 0 0 3 3 4 0 0 1 0 0 2 3 3 5 6 5 2 6 0 2 4 0 3 4 3 4 2 0 0 4 0 1 0 4 0 6 0 0 0 4 0 3 2 5 0 0 2 0 1 3 3 0 3 0 0 4 0 0 0
split_gain=1603.77 892.287 5339.03 986.218 323.048 327.88 464.434 241.552 225.405 143.741 722.802 363.914 328.385 384.424 618.106 1114.76 337.208 216.52 218.004 205.99 117.316 101.714 97.0705 91.0617 92.4615 83.1124 83.0502 97.9279 70.7124 39.3735 306.66 231.213 14.5227 44.2359 11.2231 394.846 32.8617 17.8172 21.2902 12.7347 265.389 105.438 14.9791 10.612 23.5755 13.9293 18.0917 7.6027 3.23809 2.86542 8.22696 74.0443 32.2035 6.91889 6.07048 1.78162 14.1229 11.4399 1.20832 0.698175 0.761363 3.80864
threshold=1881.1083333333336 3799.3500000000008 2460.5000000000005 3580.358333333334 1989.4750000000008 1380.3155710907779 1598.7642443858372 16.585868301861293 3680.9000000000019 6438.7416666666659 4564.0000000000009 6325.2666666666673 6295.3583333333345 175.52725783902761 1273.8523456632768 1577.0224354450506 14.500000000000002 52.500000000000007 23.500000000000004 199.55190901102881 40.500000000000007 3461.233333333334 184.92938523467157 18.258737157597256 3729.6416666666687 1384.1763264522369 16.390176612175789 1471.8456271811701 9.8586418811760357 170.38272186081616 2042.2249999999997 2185.3000000000034 2.8401565884695708 3841.6666666666711 7306.0000000000009 8017.0583333333243 13.344528861749184 8089.4333333333298 40.500000000000007 7440.7333333333254 7423.733333333329 7455.9416666666648 2.8401565884695708 7518.9416666666575 1220.4468124824791 221.11889915912479 12.500000000000002 2098.4583333333358 7536.8833333333232 261.56943612703583 6509.0416666666633 5887.5000000000009 1503.6975015294367 1528.4771178617063 6712.6333333333323 1665.2743821328106 3987.4166666666711 3886.4416666666716 37.627882551501123 7553.2999999999984 8089.4333333333298 7938.6749999999965
decision_type=2 2 2 2 2 2 2 2 2 2 2 2 2 2 2 2 2 2 2 2 2 2 2 2 2 2 2 2 2 2 2 2 2 2 2 2 2 2 2 2 2 2 2 2 2 2 2 2 2 2 2 2 2 2 2 2 2 2 2 2 2 2
left_child=7 2 4 21 5 -2 -7 -1 25 10 32 12 13 -12 -15 19 -17 20 -19 -16 22 -4 -13 24 -10 -5 27 -23 -24 31 -31 -6 -3 -34 39 36 -36 38 -37 40 42 -41 -11 44 -43 46 -46 -32 -45 50 51 53 -53 -44 -51 57 -57 -35 -49 -50 61 -61
right_child=1 9 3 8 29 6 -8 -9 23 34 11 17 -14 14 15 16 -18 18 -20 -21 -22 26 28 -25 -26 -27 -28 -29 -30 30 47 -33 33 55 35 37 -38 -39 -40 41 -42 43 49 48 45 -47 -48 58 59 54 -52 52 -54 -55 -56 56 -58 -59 -60 60 -62 -63
leaf_value=0.13914800786546297 -0.061471201976140345 -0.051483796757680403 0.47239799452014264 0.29773379808356026 -0.19671871773898603 0.33279211093550143 0.0033438099920749666 0.33495797978507147 0.2174815207719803 0.027013833350723701 -0.076601874033610032 -0.098866582028567795 0.26016664291091729 -0.076714110275109604 0.2297576739029451 -0.11770229983329772 0.14757819548249246 0.21723337769508363 -0.008480180378841318 0.43265083565794193 -0.14372598566114902 0.37398013222217563 0.09736935885369101 0.025128576619064681 0.087654830538667738 0.18327221564948559 0.41264742766988693 0.23102164216663526 -0.029402074486609888 0.16554170263310275 0.010765723925497798 -0.016274738261075335 0.045500868484377864 -0.054669384360313412 0.094480854459106922 -0.013478635283636638 0.18303584285842425 -0.016170119937306771 0.052626705737341017 -0.10909014036578518 0.13319976868168001 0.047673879638314251 -0.024183847422066793 -0.033109376219011125 0.0018010389059782029 0.014653705323443695 -0.049058019866545996 -0.016409747445118798 -0.0093872031857890476 -0.04782768062182835 -0.016177327015270204 0.0051535602320324295 0.091717049177913443 -0.061412814011176431 -0.016380508165610465 0.024848546152529512 -0.016040945699972702 -0.016340449937554295 -0.0039869283698499205 -0.016074421169406546 -0.016090451197643019 -0.022915736926453455
leaf_weight=28 21 27 20 29 20 23 20 36 24 21 30 20 32 30 22 25 23 20 23 29 21 25 22 23 32 35 29 23 22 24 27 158 30 20 20 29 22 1214 21 31 31 20 26 31 34 34 36 919 31 21 1082 22 21 24 57 23 258 731 20 744 1204 280
leaf_count=28 21 27 20 29 20 23 20 36 24 21 30 20 32 30 22 25 23 20 23 29 21 25 22 23 32 35 29 23 22 24 27 158 30 20 20 29 22 1214 21 31 31 20 26 31 34 34 36 919 31 21 1082 22 21 24 57 23 258 731 20 744 1204 280
internal_value=-4.00818e-11 -0.00201041 0.0331228 0.248871 -0.00890601 0.100472 0.17956 0.249291 0.165394 -0.0100111 0.00411799 0.0703087 0.114027 0.0846151 0.122107 0.182356 0.00941127 0.00507286 0.0965029 0.345128 -0.04118 0.371935 -0.00753205 0.108892 0.143295 0.235138 0.345841 0.305479 0.0339836 -0.0148993 -0.0110067 -0.0365493 -0.0152712 -0.0143505 -0.0139457 -0.00995394 0.140867 -0.0149654 0.0142856 -0.0153359 -0.0113477 -0.0174646 -0.0148649 -0.016288 -0.00204153 -0.0116022 -0.024355 -0.015393 -0.0170594 -0.0155668 -0.0149507 -0.000680121 0.0474288 -0.0420538 -0.0248471 -0.0160904 -0.0126941 -0.0173612 -0.0161452 -0.0168392 -0.0169429 -0.0179451
internal_weight=8000 7936 1472 240 1232 64 43 64 143 6464 1408 319 191 159 129 99 48 128 43 51 85 97 64 79 56 64 77 48 44 1168 990 178 1089 1062 5056 1306 42 1264 50 3750 1305 2445 1274 2414 124 104 70 966 2290 1253 1175 93 43 50 78 1032 281 751 939 2259 2228 1024
internal_count=8000 7936 1472 240 1232 64 43 64 143 6464 1408 319 191 159 129 99 48 128 43 51 85 97 64 79 56 64 77 48 44 1168 990 178 1089 1062 5056 1306 42 1264 50 3750 1305 2445 1274 2414 124 104 70 966 2290 1253 1175 93 43 50 78 1032 281 751 939 2259 2228 1024
is_linear=0
shrinkage=0.05


Tree=76
num_leaves=63
num_cat=0
split_feature=0 0 1 0 0 5 5 2 2 0 0 1 2 0 1 0 4 6 0 3 0 2 4 5 3 3 4 0 2 4 4 0 3 5 1 0 4 0 6 2 0 0 0 4 0 2 6 2 3 4 0 5 0 0 1 2 0 0 3 4 0 0
split_gain=1447.4 805.74 5059.16 744.047 290.835 314.505 527.907 234.639 517.601 171.831 134.349 645.009 335.455 506.076 298.314 299.885 178.084 126.095 188.807 92.0502 73.7402 68.6339 67.8934 200.492 48.9793 124.178 40.8476 76.3413 28.9607 24.7976 13.8319 42.1254 164.103 10.237 11.8751 443.597 62.3205 16.0748 19.2144 11.3442 11.1599 250.134 75.2934 13.5155 9.83632 26.668 27.3846 24.5956 3.4132 3.01445 19.3567 6.45603 67.6036 15.7003 91.3135 2.07309 24.9033 17.3239 1.68374 9.5056 4.23843 0.711972
threshold=1881.1083333333336 3777.3833333333346 2460.5000000000005 3555.7833333333333 1989.4750000000008 9.5000000000000018 13.500000000000002 217.75389928158828 193.45042257198017 3680.9000000000019 6438.7416666666659 4564.0000000000009 258.36277969709909 6097.5250000000015 5887.5000000000009 6196.8833333333359 12.469971335220851 52.500000000000007 6352.3583333333327 1389.7624427691264 3511.4750000000026 204.52028719736225 24.30412793299725 14.500000000000002 1598.7642443858372 1384.1763264522369 39.778825459023203 2042.2249999999997 191.38091357962205 9.7958279020028893 2.8401565884695708 3841.6666666666711 1432.2697436855999 35.500000000000007 7306.0000000000009 8017.0583333333243 13.344528861749184 8089.4333333333298 40.500000000000007 195.62136962161111 7440.7333333333254 7423.733333333329 7455.9416666666648 2.8401565884695708 7503.7833333333301 201.32981043915095 40.500000000000007 235.74307353819509 810.05240962954792 24.30412793299725 6558.7499999999991 14.500000000000002 6535.1916666666657 6509.0416666666633 5887.5000000000009 184.92938523467157 2098.4583333333358 2185.3000000000034 1213.893773169473 20.026926979568984 3886.4416666666716 8089.4333333333298
decision_type=2 2 2 2 2 2 2 2 2 2 2 2 2 2 2 2 2 2 2 2 2 2 2 2 2 2 2 2 2 2 2 2 2 2 2 2 2 2 2 2 2 2 2 2 2 2 2 2 2 2 2 2 2 2 2 2 2 2 2 2 2 2
left_child=7 2 4 19 5 -2 -7 8 -1 24 11 30 13 -13 15 16 -15 18 -16 -4 -21 -11 23 28 25 -5 27 -6 -17 -30 -3 32 -32 34 40 36 -36 38 -37 -35 41 43 -42 -12 45 46 -44 -47 -29 51 -51 53 -53 54 -45 57 -57 -50 59 -33 -60 -46
right_child=1 10 3 9 26 6 -8 -9 -10 21 33 12 -14 14 17 22 -18 -19 -20 20 -22 -23 -24 -25 -26 -27 -28 48 29 -31 31 58 -34 39 35 37 -38 -39 -40 -41 42 -43 44 49 61 47 -48 -49 55 50 -52 52 -54 -55 -56 56 -58 -59 60 -61 -62 -63
leaf_value=0.34306372744696484 -0.06315715937387377 -0.048489097865032305 0.44926236200332642 0.26390331774536108 0.065919570097078883 0.34407084272666411 -0.0064080156031109036 0.36910622119903569 -0.0079893000069118682 0.07520681710259336 0.025663141662343625 0.2871433207282314 -0.12159715491897344 0.020215891063213351 0.2121787125414068 -0.062888950562557652 0.1949406408412116 0.24753992855548859 0.0148529675271776 0.38019225410052709 0.26494297398173294 0.18121077246390857 -0.081186375640598801 0.13388148949791986 0.29745009131729605 0.1131235981868072 -0.083154494608087215 0.0033433721065521242 -0.045916865455607581 0.025426073584320221 0.12588637475110592 -0.015706443068411974 -0.040866103882177013 -0.065081216618418689 0.089756810227409001 -0.012804703754854613 0.2130822484691938 -0.015361677925798584 0.049995370297914461 -0.013592430414712947 -0.095196503937865301 0.13196684410174689 0.015065519738456476 -0.043207986628342618 -0.017045522708491891 0.069830174595117575 -0.059832581361899007 -0.0059847009246763979 0.029870181984227636 0.037644843216985469 -0.015087729892623958 -0.10638196260075679 -0.015114411917226067 -0.015584713599714292 0.071427701113861986 -0.07042742030961173 -0.015221567219495774 -0.015258619009603 -0.037244153022766117 0.02174072824418545 -0.015500937296175197 -0.015285882640415267
leaf_weight=21 21 28 25 36 30 22 21 22 21 37 21 27 22 25 22 37 35 22 27 35 23 26 28 24 20 22 21 25 21 29 25 111 36 20 20 29 21 1204 21 23 30 30 23 38 1106 20 26 23 23 20 134 22 261 735 32 21 750 282 23 20 878 1197
leaf_count=21 21 28 25 36 30 22 21 22 21 37 21 27 22 25 22 37 35 22 27 35 23 26 28 24 20 22 21 25 21 29 25 111 36 20 20 29 21 1204 21 23 30 30 23 38 1106 20 26 23 23 20 134 22 261 735 32 21 750 282 23 20 878 1197
internal_value=1.45148e-11 -0.00190989 0.0319284 0.250287 -0.0082956 0.0954483 0.172907 0.236827 0.167537 0.180371 -0.00941099 0.0040627 0.0667932 0.0807481 0.0601085 0.0287159 0.122139 0.148096 0.103448 0.36906 0.33449 0.118954 -0.0116104 0.00594024 0.229977 0.206711 -0.0140591 -0.0127762 -0.0293539 -0.00453796 -0.0137884 -0.0128994 0.0274751 -0.0132484 -0.0130401 -0.00891663 0.152923 -0.014208 0.0135713 -0.0375407 -0.0144763 -0.0107248 -0.0164765 -0.0141142 -0.0154905 0.00054147 -0.0246763 0.029278 -0.0149205 -0.0147867 -0.00823934 -0.0157135 -0.0222094 -0.0134298 0.0091969 -0.0153449 -0.0167252 -0.0118555 -0.0152859 -0.00998932 -0.016056 -0.0161309
internal_weight=8000 7936 1440 224 1216 64 43 64 42 141 6496 1440 319 297 270 199 60 71 49 83 58 63 139 111 78 58 1152 1131 87 50 1121 1093 61 5056 5013 1295 41 1254 50 43 3718 1293 2425 1263 2395 92 49 43 1101 1242 154 1088 283 805 70 1076 771 305 1032 131 901 2303
internal_count=8000 7936 1440 224 1216 64 43 64 42 141 6496 1440 319 297 270 199 60 71 49 83 58 63 139 111 78 58 1152 1131 87 50 1121 1093 61 5056 5013 1295 41 1254 50 43 3718 1293 2425 1263 2395 92 49 43 1101 1242 154 1088 283 805 70 1076 771 305 1032 131 901 2303
is_linear=0
shrinkage=0.05


Tree=77
num_leaves=63
num_cat=0
split_feature=0 0 1 0 0 5 2 0 0 1 0 0 2 3 3 5 3 6 5 0 3 4 0 2 3 3 4 0 5 0 6 6 5 0 0 1 0 1 3 0 1 2 3 0 4 4 4 4 6 0 0 1 0 2 1 0 3 1 0 4 0 4
split_gain=1306.28 727.181 4565.89 671.502 262.478 295.283 224.116 155.078 121.25 582.12 316.465 298.143 344.394 566.129 992.451 298.824 185.757 184.803 192.963 114.792 83.0753 80.0668 66.5505 61.9421 44.2038 112.07 36.865 68.898 13.3761 22.6247 152.756 228.876 75.8212 9.94124 198.109 272.511 42.7432 73.9073 17.8174 14.0819 76.9718 10.0601 6.54789 3.65105 3.65025 5.63389 6.49526 29.5066 6.5155 47.6948 13.154 84.8912 6.14035 4.10315 24.7108 120.511 5.47953 7.47933 39.7535 3.3765 3.12752 2.97209
threshold=1881.1083333333336 3777.3833333333346 2460.5000000000005 3555.7833333333333 1989.4750000000008 10.500000000000002 208.4520046803095 3680.9000000000019 6438.7416666666659 4564.0000000000009 6325.2666666666673 6295.3583333333345 175.52725783902761 1273.8523456632768 1577.0224354450506 14.500000000000002 1496.2529612698972 52.500000000000007 23.500000000000004 6352.3583333333327 1389.7624427691264 9.8586418811760357 3511.4750000000026 204.52028719736225 1598.7642443858372 1384.1763264522369 39.778825459023203 2042.2249999999997 32.500000000000007 3886.4416666666716 55.500000000000007 28.500000000000004 11.500000000000002 7966.9500000000035 7938.6749999999965 6517.5000000000009 7990.7333333333236 6517.5000000000009 784.08063539439274 8039.0833333333294 7306.0000000000009 137.68073471234794 2258.9281056574987 2098.4583333333358 43.415062745293575 36.592826303085694 24.30412793299725 25.273175640071209 43.500000000000007 6535.1916666666657 6509.0416666666633 5887.5000000000009 7518.9416666666575 201.63596294695165 6517.5000000000009 7518.9416666666575 853.91127635751207 6517.5000000000009 7536.8833333333232 3.7377203341190248 6608.1583333333301 10.933969412178659
decision_type=2 2 2 2 2 2 2 2 2 2 2 2 2 2 2 2 2 2 2 2 2 2 2 2 2 2 2 2 2 2 2 2 2 2 2 2 2 2 2 2 2 2 2 2 2 2 2 2 2 2 2 2 2 2 2 2 2 2 2 2 2 2
left_child=6 2 4 20 5 -2 -1 24 9 28 11 12 -11 -14 16 -16 -15 19 -19 -12 -4 -21 -22 -9 25 -5 27 -6 29 30 31 -3 -33 34 38 -36 37 -35 -10 40 -38 -40 44 -29 45 46 48 -48 50 -50 51 -43 -47 54 -52 -56 -55 -58 -59 -51 -49 -61
right_child=1 8 3 7 26 -7 -8 23 33 10 17 -13 13 14 15 -17 -18 18 -20 21 22 -23 -24 -25 -26 -27 -28 43 -30 -31 -32 32 -34 36 35 -37 39 -39 41 -41 -42 42 -44 -45 -46 52 47 60 49 59 53 -53 -54 56 55 -57 57 58 -60 61 -62 -63
leaf_value=0.1398161880033357 -0.039162813929411087 0.11406857924801964 0.42679924726486207 0.25070815547369424 0.062623589821159842 0.17951285203820783 0.32777546808637426 0.071446476051130817 0.03025365062057972 -0.076395126779874173 -0.13551192458557046 0.24347020208369941 -0.078594467739264179 0.40941221172522219 -0.11349797487258911 0.13622835362735003 0.21764051020145417 0.20067276328802111 -0.011682001857653909 0.048543417939182487 0.36118264271478573 -0.06533360177618934 0.25169582750000385 0.17215023525059225 0.28257758624851709 0.10746741960333153 -0.078996768975186926 0.0024672580882906915 -0.052628144905680713 -0.014548966258171188 0.12315729822477568 -0.14672333742491903 -0.024581929917136827 -0.0010842848689325394 -0.014076182331357684 0.19734183549880982 -0.021439292447434533 -0.11026549337491874 0.01245005236644494 -0.01448229006374362 0.066865814521032227 -0.04481923117834543 0.011446340324786995 -0.014672648837708 0.0064686382189393047 -0.047424187339269203 0.051034319666879518 0.0065146914018051963 -0.085137849502587848 -0.035984706580638889 -0.014976693269248321 0.067856319149723274 -0.012352291091034811 0.0092104952037334441 0.12165361370891332 -0.017084320095212512 -0.014875377495755019 -0.089310781141235085 -0.013900793825878817 -0.0058378514349460599 -0.014023332427479799 -0.016588727316094769
leaf_weight=35 26 21 25 36 30 38 29 37 24 30 23 32 30 28 25 23 23 20 23 33 35 29 23 26 20 22 21 32 21 1005 23 24 27 31 35 27 90 31 38 2542 34 35 26 1069 22 26 21 21 26 20 535 32 24 20 20 72 514 22 85 75 158 450
leaf_count=35 26 21 25 36 30 38 29 37 24 30 23 32 30 28 25 23 23 20 23 33 35 29 23 26 20 22 21 32 21 1005 23 24 27 31 35 27 90 31 38 2542 34 35 26 1069 22 26 21 21 26 20 535 32 24 20 20 72 514 22 85 75 158 450
internal_value=3.99741e-11 -0.0018144 0.030332 0.237773 -0.00788082 0.0906759 0.224985 0.171353 -0.00894044 0.00385956 0.0634536 0.104222 0.0761974 0.111684 0.169344 0.00616256 0.322927 0.00261917 0.0870877 -0.040112 0.350607 -0.00472164 0.317765 0.113007 0.218479 0.196375 -0.0133562 -0.0121374 -0.0130989 -0.0123443 0.0109788 -0.024856 -0.0820602 -0.012586 -0.010186 0.077993 -0.0146341 -0.0556749 -0.0125986 -0.0136797 0.0027734 -0.0130574 -0.0134971 -0.0141745 -0.0137949 -0.0140017 -0.0136079 -0.00503579 -0.0145073 -0.0189773 -0.0125955 0.00899596 -0.0305897 -0.0137363 -0.0108605 0.0130761 -0.0165494 -0.017379 -0.0294057 -0.015821 -0.0116138 -0.0150529
internal_weight=8000 7936 1440 224 1216 64 64 141 6496 1440 319 191 159 129 99 48 51 128 43 85 83 62 58 63 78 58 1152 1131 1121 1100 95 72 51 5056 2328 62 2728 62 2266 2666 124 2242 2204 1101 2178 2156 2106 200 1906 571 1335 67 50 1268 627 92 641 621 107 545 179 525
internal_count=8000 7936 1440 224 1216 64 64 141 6496 1440 319 191 159 129 99 48 51 128 43 85 83 62 58 63 78 58 1152 1131 1121 1100 95 72 51 5056 2328 62 2728 62 2266 2666 124 2242 2204 1101 2178 2156 2106 200 1906 571 1335 67 50 1268 627 92 641 621 107 545 179 525
is_linear=0
shrinkage=0.05


Tree=78
num_leaves=63
num_cat=0
split_feature=0 0 1 0 0 6 5 4 0 0 1 1 0 3 4 2 2 4 5 4 2 5 5 6 5 2 3 4 3 2 0 0 4 0 3 5 1 0 4 0 6 0 0 0 4 2 0 4 0 2 0 1 3 3 0 4 4 4 2 0 0 6
split_gain=1178.92 656.28 4120.72 606.031 236.887 278.507 343.344 219.381 139.957 109.428 542.288 201.112 431.019 348.781 205.19 145.909 218.813 176.832 355.749 167.16 158.117 123.232 124.606 80.2234 146.319 69.1186 61.8918 44.0463 161.057 37.12 255.016 220.338 12.2486 35.7131 149.099 9.08742 10.5419 388.219 52.2251 13.1661 18.0707 9.99242 221.853 67.6283 12.1393 9.98966 8.63298 16.0002 7.24365 2.79908 6.64507 55.4833 26.6463 6.02686 5.88868 2.37391 2.21551 2.90637 1.75601 7.28779 2.83349 14.6016
threshold=1881.1083333333336 3777.3833333333346 2460.5000000000005 3555.7833333333333 1989.4750000000008 43.500000000000007 10.500000000000002 16.585868301861293 3680.9000000000019 6438.7416666666659 5887.5000000000009 4564.0000000000009 6151.5000000000027 1401.6741565358695 13.027261789028559 165.81543069172781 178.8129778857531 9.317048942557987 9.5000000000000018 14.496406418951567 222.74870875329955 8.5000000000000018 17.500000000000004 28.500000000000004 12.500000000000002 202.08031519634304 1531.0613368104598 10.174248627964461 1494.0815919675717 170.38272186081616 2042.2249999999997 2185.3000000000034 2.8401565884695708 3841.6666666666711 1432.2697436855999 35.500000000000007 7306.0000000000009 8017.0583333333243 13.344528861749184 8089.4333333333298 40.500000000000007 7440.7333333333254 7423.733333333329 7455.9416666666648 2.8401565884695708 195.62136962161111 7487.8749999999964 14.557339414702051 2098.4583333333358 261.56943612703583 6509.0416666666633 5887.5000000000009 1503.6975015294367 1528.4771178617063 6712.6333333333323 37.627882551501123 2.8401565884695708 2.3700065207280079 160.03180207839716 7553.2999999999984 7518.9416666666575 37.500000000000007
decision_type=2 2 2 2 2 2 2 2 2 2 2 2 2 2 2 2 2 2 2 2 2 2 2 2 2 2 2 2 2 2 2 2 2 2 2 2 2 2 2 2 2 2 2 2 2 2 2 2 2 2 2 2 2 2 2 2 2 2 2 2 2 2
left_child=7 2 4 23 5 6 -2 -1 27 10 11 32 13 -13 -15 -14 -17 -18 -19 -20 -21 -12 -23 -4 -25 -26 -10 -5 -29 31 -31 -6 -3 34 -34 36 41 38 -38 40 -39 42 44 -43 -11 -37 47 -45 -32 50 51 53 -53 -46 -51 -50 57 -48 59 -58 61 -60
right_child=1 9 3 8 29 -7 -8 -9 26 35 21 12 15 14 -16 16 17 18 19 20 -22 22 -24 24 25 -27 -28 28 -30 30 48 -33 33 -35 -36 45 37 39 -40 -41 -42 43 -44 46 49 -47 56 -49 55 54 -52 52 -54 -55 -56 -57 58 -59 60 -61 -62 -63
leaf_value=0.10876923544066293 0.023002402937930565 -0.045098342706582382 0.2458323709666729 0.15119492233109971 -0.19012382188811899 -0.068564856797456747 0.30263496928271794 0.29537676407231228 0.1546083922018156 0.024942046882850785 0.23157708528249163 -0.0048640297806781278 0.11625328923413612 0.12624737858772278 0.35273664131760601 -0.16884456440096809 -0.094590827970601185 0.22627804403658958 0.075093703174165319 -0.14256430041879928 0.040179761350154879 0.026776901582876839 0.18557826110294887 0.47250324219465256 0.37368931358768825 0.24687140130183916 0.055379250446955366 0.16637587529976908 0.34519020650535825 0.15204869154840708 0.012560152262449265 -0.013584335863982378 0.11937175280600787 -0.013804820127236521 -0.039574615631459489 -0.06068838443607092 0.085701586483046419 -0.013263673386697112 0.19859720447233745 -0.013869479747854199 0.047638656890818053 -0.089611758838097258 0.12481933111945789 -0.016842692262596555 -0.019098493120131586 -0.012371315645134967 -0.014236728822191555 0.035226016461849217 -0.01408644394397867 -0.045968944504857064 -0.013895165532438167 0.0032276315148919823 0.081968739912623462 -0.053844761041303479 -0.014435474208572455 0.0033281459659338002 -0.04712822967696758 0.010015973306837537 0.026084238088325315 -0.015993384627756069 -0.014634807252064057 -0.03025630106744559
leaf_weight=28 23 28 20 24 20 20 21 36 33 21 23 23 23 20 20 21 34 20 35 29 20 30 21 20 21 22 30 34 20 24 27 152 25 1032 36 20 20 29 21 1204 21 30 30 36 26 23 30 25 909 20 1072 22 21 24 57 20 21 21 23 179 2037 23
leaf_count=28 23 28 20 24 20 20 21 36 33 21 23 23 23 20 20 21 34 20 35 29 20 30 21 20 21 22 30 34 20 24 27 152 25 1032 36 20 20 29 21 1204 21 30 30 36 26 23 30 25 909 20 1072 22 21 24 57 20 21 21 23 179 2037 23
internal_value=-8.56617e-11 -0.00172368 0.0288154 0.225884 -0.00748678 0.0861421 0.156463 0.213736 0.162785 -0.00849342 0.00366659 -0.00347499 0.0375628 0.150283 0.239492 -0.00145564 -0.0184827 0.00439843 0.0367603 -0.00836297 -0.0679749 0.135496 0.0921657 0.333077 0.360773 0.308806 0.107356 0.207555 0.232603 -0.0126884 -0.00892829 -0.0341122 -0.012444 -0.0116075 0.0255673 -0.0119567 -0.0117604 -0.0078753 0.143526 -0.0128254 0.0123153 -0.0131136 -0.00956376 -0.0150063 -0.0127558 -0.0348444 -0.0140718 0.00449694 -0.0129696 -0.0133932 -0.0127829 3.78102e-05 0.0416826 -0.0357767 -0.022626 -0.0137115 -0.0145571 -0.00425032 -0.0147874 -0.0192625 -0.0143577 -0.00208603
internal_weight=8000 7936 1440 224 1216 64 44 64 141 6496 1440 1366 245 63 40 182 159 138 104 84 49 74 51 83 63 43 63 78 54 1152 980 172 1121 1093 61 5056 5013 1295 41 1254 50 3718 1293 2425 1263 43 2395 61 956 1242 1165 93 43 50 77 929 2334 51 2283 200 2083 46
internal_count=8000 7936 1440 224 1216 64 44 64 141 6496 1440 1366 245 63 40 182 159 138 104 84 49 74 51 83 63 43 63 78 54 1152 980 172 1121 1093 61 5056 5013 1295 41 1254 50 3718 1293 2425 1263 43 2395 61 956 1242 1165 93 43 50 77 929 2334 51 2283 200 2083 46
is_linear=0
shrinkage=0.05


Tree=79
num_leaves=63
num_cat=0
split_feature=0 0 1 0 0 3 3 2 0 0 1 1 0 3 3 2 2 4 5 5 0 5 2 3 3 4 3 0 2 4 0 5 0 6 6 5 0 0 1 0 1 1 0 0 2 0 1 0 0 4 0 4 2 0 0 0 4 3 4 2 0 2
split_gain=1063.97 592.293 3718.95 546.943 213.79 251.426 430.359 205.359 126.312 98.7589 489.415 181.504 388.995 314.775 193.312 131.683 197.479 160.747 370.228 182.253 178.145 111.217 114.476 74.1297 60.3667 63.0728 40.7128 73.5615 35.2603 34.8124 55.8687 11.9888 18.456 138.001 206.908 68.6079 8.89591 173.634 238.324 41.2536 70.5075 17.0985 114.779 23.3592 36.0856 10.8781 62.0271 3.37629 2.00297 1.94203 17.6598 2.71361 11.2881 3.02863 4.14515 5.59178 1.54819 0.782899 0.564734 0.396199 6.3436 14.6351
threshold=1881.1083333333336 3777.3833333333346 2460.5000000000005 3555.7833333333333 1989.4750000000008 1380.3155710907779 1598.7642443858372 208.4520046803095 3680.9000000000019 6438.7416666666659 5887.5000000000009 4564.0000000000009 6151.5000000000027 1401.6741565358695 1607.5751862519428 165.81543069172781 178.8129778857531 7.7618523064722824 9.5000000000000018 13.500000000000002 6248.0250000000042 8.5000000000000018 191.64245733190458 1600.7971075951293 1359.9507559414326 11.161815872613891 1181.9059472805154 3606.200000000003 189.68696109390223 39.778825459023203 2042.2249999999997 32.500000000000007 3886.4416666666716 55.500000000000007 28.500000000000004 11.500000000000002 7966.9500000000035 7938.6749999999965 6517.5000000000009 7990.7333333333236 6517.5000000000009 6517.5000000000009 7455.9416666666648 7518.9416666666575 201.32981043915095 8039.0833333333294 7306.0000000000009 2098.4583333333358 7553.2999999999984 24.30412793299725 6558.7499999999991 21.473491821449954 182.40155953974622 6466.4916666666641 6488.3499999999985 6509.0416666666633 2.8401565884695708 810.05240962954792 3.0059173825934873 198.42355771651265 8077.7583333333287 181.29829934307415
decision_type=2 2 2 2 2 2 2 2 2 2 2 2 2 2 2 2 2 2 2 2 2 2 2 2 2 2 2 2 2 2 2 2 2 2 2 2 2 2 2 2 2 2 2 2 2 2 2 2 2 2 2 2 2 2 2 2 2 2 2 2 2 2
left_child=7 2 4 23 5 -2 -7 -1 26 10 11 31 13 -13 -15 -14 -17 -18 -19 -20 -21 -12 -23 28 -10 -26 -5 -28 -4 30 -6 32 33 34 -3 -36 37 41 -39 40 -38 49 -43 44 -44 46 -41 -32 -45 51 -51 53 -53 -11 -55 -56 -34 -49 -57 60 61 -47
right_child=1 9 3 8 29 6 -8 -9 24 36 21 12 15 14 -16 16 17 18 19 20 -22 22 -24 -25 25 -27 27 -29 -30 -31 47 -33 56 -35 35 -37 39 38 -40 45 -42 42 43 48 -46 59 -48 57 -50 50 -52 52 -54 54 55 58 -58 -59 -60 -61 -62 -63
leaf_value=0.1215221171932561 -0.059975921540033256 0.1079871116649537 0.30209255512803795 0.13566103618592026 0.056452274670203528 0.29859489390383598 -0.018537524305284023 0.30144390761852269 0.030222750119864941 0.0039817741513252262 0.21999823451042178 -0.0046208262443542484 0.11044062231869803 0.33743569478392604 0.11759912729263307 -0.16040233763910475 -0.10782309002959385 0.21404649598354641 -0.10190948923894515 0.1448635531589389 -0.037899077571928508 0.17709229900723411 0.024882992009321852 0.25676912376657129 0.20030707325786354 0.078899363201597461 0.29313262729417711 0.17596738561987879 0.38724605854480498 -0.075840993154616593 0.0032993556000292302 -0.049245143433411916 0.00033486480602905864 0.11658082801504466 -0.14000249748739105 -0.023816292194856536 -0.00029540754133655184 -0.012636751106807165 0.18507578417106912 -0.01963323180874189 -0.10693583520910432 0.11224409689505895 -0.023876120859668368 -0.029337271843105556 0.065030939880758518 -0.023386984123360544 0.059637124288608047 -0.022111687312523526 -0.012890951865610768 0.036032850658521055 -0.013040080849419941 -0.054297596606470294 -0.012359308495241054 -0.031966649107635019 0.0097904562950134281 -0.019457088839262726 -0.013385271520270565 -0.012977964165108056 -0.013436306372435914 -0.013622498158009318 -0.013111406438936855 0.03496846913952719
leaf_weight=35 21 21 20 20 30 23 20 29 20 25 23 23 23 20 20 21 26 22 36 24 30 21 30 32 20 23 21 37 31 21 32 21 21 23 24 27 31 35 27 90 31 21 21 20 25 21 34 24 249 20 220 21 68 30 26 40 984 1045 1480 1412 1087 22
leaf_count=35 21 21 20 20 30 23 20 29 20 25 23 23 23 20 20 21 26 22 36 24 30 21 30 32 20 23 21 37 31 21 32 21 21 23 24 27 31 35 27 90 31 21 21 20 25 21 34 24 249 20 220 21 68 30 26 40 984 1045 1480 1412 1087 22
internal_value=1.821e-10 -0.00163749 0.0273746 0.21459 -0.00711244 0.081835 0.151091 0.203049 0.154646 -0.00806875 0.00348326 -0.00330124 0.0356846 0.142769 0.227517 -0.00138286 -0.0175586 0.00417851 0.0301789 -0.0147665 0.0433288 0.128721 0.0875574 0.316423 0.101989 0.135368 0.197177 0.218389 0.353853 -0.012054 -0.0108696 -0.0118218 -0.0111074 0.00995777 -0.0241024 -0.0784922 -0.0113589 -0.00908853 0.0734639 -0.0132963 -0.0536156 -0.0113472 -0.000937772 -0.00848323 0.0244429 -0.0123587 0.00210219 -0.012704 -0.0141137 -0.0131595 -0.00895067 -0.0137572 -0.0222549 -0.0132848 -0.0135587 -0.0132015 -0.0130986 -0.013183 -0.0135947 -0.0130641 -0.0123663 0.00646929
internal_weight=8000 7936 1440 224 1216 64 43 64 141 6496 1440 1366 245 63 40 182 159 138 112 90 54 74 51 83 63 43 78 58 51 1152 1131 1121 1100 95 72 51 5056 2328 62 2728 62 2266 336 315 46 2666 124 1101 269 1930 240 1690 89 1601 1576 1546 1005 1069 1520 2542 1130 43
internal_count=8000 7936 1440 224 1216 64 43 64 141 6496 1440 1366 245 63 40 182 159 138 112 90 54 74 51 83 63 43 78 58 51 1152 1131 1121 1100 95 72 51 5056 2328 62 2728 62 2266 336 315 46 2666 124 1101 269 1930 240 1690 89 1601 1576 1546 1005 1069 1520 2542 1130 43
is_linear=0
shrinkage=0.05


Tree=80
num_leaves=63
num_cat=0
split_feature=0 0 1 0 4 0 2 0 0 1 1 0 5 5 5 4 0 2 3 6 5 2 3 2 3 4 3 2 0 0 4 0 3 0 0 1 0 4 3 0 1 2 0 3 4 4 0 6 4 1 0 0 1 0 4 3 0 3 6 0 3 4
split_gain=960.236 534.544 3356.35 493.616 200.953 192.946 251.105 113.996 89.1299 441.697 163.807 354.435 180.686 237.626 327.78 288.409 301.253 111.028 186.396 71.4052 131.214 64.1901 58.3075 43.5122 41.7847 38.2808 142.295 33.8211 221.532 202.762 11.1955 30.2884 135.467 8.20863 105.598 142.653 81.0018 42.5009 15.6541 9.81752 55.9794 8.78603 6.0834 5.74673 3.33502 9.17297 15.3173 29.1014 4.6528 11.2436 35.0286 9.71929 10.2782 66.3774 3.11029 6.6753 14.7331 13.779 3.05687 8.98391 2.91391 2.88698
threshold=1881.1083333333336 3777.3833333333346 2460.5000000000005 3555.7833333333333 16.585868301861293 1989.4750000000008 196.16835175393223 3680.9000000000019 6438.7416666666659 5887.5000000000009 4564.0000000000009 6097.5250000000015 26.500000000000004 18.500000000000004 14.500000000000002 14.496406418951567 6196.8833333333359 218.94443143323321 1423.451864974666 28.500000000000004 12.500000000000002 202.08031519634304 1531.0613368104598 213.34640669685589 1535.4724490347744 10.174248627964461 1494.0815919675717 170.38272186081616 2042.2249999999997 2185.3000000000034 2.8401565884695708 3841.6666666666711 1432.2697436855999 7978.2999999999956 7938.6749999999965 6517.5000000000009 7990.7333333333236 15.897805780940965 784.08063539439274 8039.0833333333294 7306.0000000000009 137.68073471234794 2098.4583333333358 2258.9281056574987 16.939710862918325 17.899649220326108 7503.7833333333301 43.500000000000007 8.6345360611895909 6517.5000000000009 7569.0833333333303 6488.3499999999985 6517.5000000000009 7487.8749999999964 43.415062745293575 1242.2584582447223 6509.0416666666633 1168.6043962509677 70.500000000000014 6535.1916666666657 1635.6986644495021 37.627882551501123
decision_type=2 2 2 2 2 2 2 2 2 2 2 2 2 2 2 2 2 2 2 2 2 2 2 2 2 2 2 2 2 2 2 2 2 2 2 2 2 2 2 2 2 2 2 2 2 2 2 2 2 2 2 2 2 2 2 2 2 2 2 2 2 2
left_child=4 2 5 19 -1 6 -2 25 9 10 30 -12 13 14 15 16 -13 18 -11 -4 -21 -22 -9 24 -18 -5 -27 29 -29 -7 -3 32 -32 34 38 -36 -35 -37 -10 40 -38 -40 -30 44 48 46 47 -46 49 -43 -51 -50 58 -54 55 57 -57 -47 59 -53 -55 -44
right_child=1 8 3 7 -6 27 -8 22 33 17 11 12 -14 -15 -16 -17 23 -19 -20 20 21 -23 -24 -25 -26 26 -28 28 42 -31 31 -33 -34 36 35 37 39 -39 41 -41 -42 43 61 -45 45 54 -48 -49 51 50 -52 52 53 60 -56 56 -58 -59 -60 -61 -62 -63
leaf_value=0.092435344095741001 -0.041989598904071432 -0.042449814383871853 0.21829190939664841 0.13477629743671668 0.2710333357254664 -0.18156080331653357 0.15966568191192654 0.14275249360185679 0.029386781528592112 0.19285992720852729 0.19190917527002674 0.15111144334077836 0.15410204745829106 -0.12168573029339314 0.18095558285713198 -0.16314624392986299 -0.01903098431174402 0.222921099588275 0.0049973395562941036 0.43253734946250921 0.34004737099721316 0.21783437539230693 0.046439511974652611 0.020038994525869689 -0.11438318837434054 0.14841928530265303 0.31649610698223118 0.14217486527437967 0.011767173806826275 -0.012208853755146265 0.1132177894115448 -0.012454541929268328 -0.038288488057959418 -0.093032560281215176 -0.012614940136086709 0.15977637764405123 -0.018651570272114542 0.059067640006542216 0.012627748120576144 -0.012410874111879395 0.056655266628984152 -0.012475921272368965 -0.01272217036277154 0.011746901388351735 0.069217521981114444 -0.01298861642155731 -0.017870317420789174 -0.01137935755153497 -0.046132166594266895 0.063180477322921869 -0.011850198271373909 0.019119039858164995 -0.10269951121881604 -0.016843848077710288 0.0073192494244060727 0.032351219560950994 -0.011482147698127363 -0.061224709078669552 -0.03015003622226093 -0.012627406895285371 -6.3138475289215921e-05 0.0064823156967759137
leaf_weight=28 26 28 20 24 36 20 38 33 24 23 31 33 20 35 27 25 27 20 31 20 21 22 30 27 20 34 20 24 27 152 25 1032 36 31 51 22 90 20 38 2542 34 501 909 26 21 57 35 24 25 21 60 23 24 86 22 20 462 20 23 717 37 20
leaf_count=28 26 28 20 24 36 20 38 33 24 23 31 33 20 35 27 25 27 20 31 20 21 22 30 27 20 34 20 24 27 152 25 1032 36 31 51 22 90 20 38 2542 34 501 909 26 21 57 35 24 25 21 60 23 24 86 22 20 462 20 23 717 37 20
internal_value=8.76929e-11 -0.00155562 0.0260059 0.203861 0.192897 -0.00675682 0.0777432 0.146914 -0.00766531 0.00330909 -0.00313618 0.0339004 0.0110113 -0.00374034 0.0222225 -0.0102457 0.0254788 0.122285 0.0850129 0.300602 0.326732 0.27752 0.0968892 -0.0305466 -0.0596064 0.187318 0.21067 -0.0114513 -0.00786214 -0.0319009 -0.0112307 -0.0104309 0.0238042 -0.0107909 -0.00863677 0.0435814 -0.0126751 0.11182 -0.0107799 -0.0117407 0.00199708 -0.0112099 -0.0116288 -0.0116208 -0.0118998 -0.00893578 0.00693753 0.0262325 -0.0131913 -0.00968154 0.0076022 -0.015376 -0.0145311 -0.0266374 -0.0111214 -0.0118472 -0.00966334 -0.0255175 -0.0121986 -0.0116407 -0.011796 -0.0123087
internal_weight=8000 7936 1440 224 64 1216 64 141 6496 1440 1366 245 214 194 159 132 107 74 54 83 63 43 63 74 47 78 54 1152 980 172 1121 1093 61 5056 2359 93 2697 42 2266 2666 124 2242 956 2204 2178 661 80 45 1517 582 81 935 910 147 581 559 482 77 763 740 123 929
internal_count=8000 7936 1440 224 64 1216 64 141 6496 1440 1366 245 214 194 159 132 107 74 54 83 63 43 63 74 47 78 54 1152 980 172 1121 1093 61 5056 2359 93 2697 42 2266 2666 124 2242 956 2204 2178 661 80 45 1517 582 81 935 910 147 581 559 482 77 763 740 123 929
is_linear=0
shrinkage=0.05


Tree=81
num_leaves=63
num_cat=0
split_feature=0 0 1 0 2 0 6 5 0 6 3 5 0 1 4 4 0 3 3 2 5 0 3 0 0 6 4 4 0 5 2 2 2 0 0 4 2 1 0 4 0 0 0 3 5 4 3 4 0 4 0 0 3 0 6 0 1 0 0 3 2 0
split_gain=866.613 482.426 3029.11 445.488 188.171 174.133 249.185 307.259 105.236 146.36 110.595 123.914 84.1164 665.297 295.663 278.963 369.738 380.38 554.367 1153.4 626.449 99.5354 68.6305 60.6348 53.8569 223.242 53.2493 32.9438 45.2152 11.4615 13.4657 10.856 22.7313 35.878 19.6458 120.187 170.791 8.42482 325.066 44.6959 10.3026 192.552 63.3569 12.8938 24.2068 9.74864 13.5857 10.9306 42.7308 11.3724 20.467 10.5048 11.7852 9.41423 17.0986 7.79603 16.1735 4.66655 6.26626 3.14843 2.45306 26.2402
threshold=1881.1083333333336 3777.3833333333346 2460.5000000000005 3555.7833333333333 208.4520046803095 1989.4750000000008 43.500000000000007 10.500000000000002 3656.2500000000023 43.500000000000007 1531.0613368104598 10.500000000000002 6325.2666666666673 4564.0000000000009 25.273175640071209 20.766833789607347 6295.3583333333345 1273.8523456632768 1563.5241355821793 191.94157037889423 10.500000000000002 6352.3583333333327 1389.7624427691264 3511.4750000000026 6413.9750000000004 52.500000000000007 10.31289141485466 39.778825459023203 2042.2249999999997 35.500000000000007 195.35041708669135 285.70531970759959 259.49037861052085 4339.6666666666724 3886.4416666666716 17.660602332666254 193.14793500313135 7306.0000000000009 8017.0583333333243 13.344528861749184 7440.7333333333254 7423.733333333329 7455.9416666666648 834.86200054912467 1.0000000180025095e-35 33.543838062962983 1526.218161973409 24.30412793299725 6608.1583333333301 21.473491821449954 6712.6333333333323 6466.4916666666641 1603.1226596620431 8089.4333333333298 40.500000000000007 7487.8749999999964 6517.5000000000009 6488.3499999999985 6509.0416666666633 810.05240962954792 184.92938523467157 2098.4583333333358
decision_type=2 2 2 2 2 2 2 2 2 2 2 2 2 2 2 2 2 2 2 2 2 2 2 2 2 2 2 2 2 2 2 2 2 2 2 2 2 2 2 2 2 2 2 2 2 2 2 2 2 2 2 2 2 2 2 2 2 2 2 2 2 2
left_child=4 2 5 22 -1 6 7 -2 9 -5 11 -10 13 31 15 16 17 -15 19 -19 -20 -14 -4 -24 25 26 -23 28 -7 37 -31 32 34 -34 35 36 -3 40 39 -39 41 43 -42 44 -26 47 -47 49 -49 51 -51 52 -45 54 -40 56 -44 -53 -59 -30 -61 -62
right_child=1 12 3 8 -6 27 -8 -9 10 -11 -12 -13 21 14 -16 -17 -18 18 20 -21 -22 24 23 -25 29 -27 -28 -29 59 30 -32 -33 33 -35 -36 -37 -38 38 53 -41 42 -43 55 45 -46 46 -48 48 -50 50 -52 57 -54 -55 -56 -57 -58 58 -60 60 61 -63
leaf_value=0.105211155390633 0.014119612652322519 0.068186273681931198 0.35482377099990847 0.2473227370912448 0.27743895811767411 0.050837395178774995 -0.072480419445782901 0.27864975995783298 0.074941497905687854 0.088292070348625601 0.038270965158133899 0.24690211907029155 -0.098054562404286116 -0.10990856800760543 -0.070015595495700841 0.28955289924982935 0.250258318103593 -0.022393387112589109 -0.19457104559987784 0.50815742865204816 0.1666908971965313 0.021338219046592714 0.29716404274106029 0.19265668612459433 -0.020408678125767483 0.15653985952958466 -0.094040811862796558 -0.072930210544949484 0.0061644160747528079 -0.065880581215023992 -0.010329767898656429 0.025838157720863821 -0.094017556025868365 -0.011781864013108942 -0.011734602382118233 0.10571253329515458 -0.097489660318408694 0.07857347888872028 -0.014625408705966226 0.18301453562009903 -0.085298797500630227 0.11762558301289877 -0.01599244788909952 0.036765104827160638 0.056452332809567456 -0.064982840991579 -0.010169165409528294 0.06194234946183861 -0.012132114138115538 -0.071618014811114836 -0.011303996428465232 -0.031700145883549906 -0.013321096458188866 -0.011885713292688033 0.044616237914721885 -0.012644471033174433 0.036357445478439332 0.013361979633569719 -0.012004023968629826 -0.0079886214581669345 -0.068410746593560487 -0.011742409993211429
leaf_weight=35 23 28 25 39 29 30 20 21 22 23 37 20 32 28 25 20 29 21 24 20 24 20 35 23 21 24 20 21 25 20 24 20 21 36 956 25 35 20 29 21 30 30 36 24 20 20 26 25 88 22 39 29 23 1204 21 2334 25 25 932 305 21 750
leaf_count=35 23 28 25 39 29 30 20 21 22 23 37 20 32 28 25 20 29 21 24 20 24 20 35 23 21 24 20 21 25 20 24 20 21 36 956 25 35 20 29 21 30 30 36 24 20 20 26 25 88 22 39 29 23 1204 21 2334 25 25 932 305 21 750
internal_value=9.24527e-11 -0.00147784 0.0247056 0.193668 0.183252 -0.00641898 0.0738561 0.140373 0.139568 0.188327 0.101301 0.156828 -0.00728205 0.0040277 0.0902853 0.114427 0.0904371 0.0508233 0.101391 0.236412 -0.0139401 -0.0101444 0.285572 0.255721 -0.00959836 0.0359829 -0.0363513 -0.0108787 -0.00972655 -0.0101717 -0.0355801 -0.0106692 -0.0113323 -0.0420792 -0.00965363 0.0129533 -0.0238559 -0.00995007 -0.00647322 0.132068 -0.0111511 -0.00760375 -0.0130878 -0.0105071 0.0170845 -0.0114099 -0.0340012 -0.0105489 0.00425604 -0.0120781 -0.0330566 -0.0108393 0.0122548 -0.0110029 0.0102561 -0.0121833 0.00546243 -0.0119402 -0.0113414 -0.0113768 -0.0117844 -0.0132859
internal_weight=8000 7936 1440 224 64 1216 64 44 141 62 79 42 6496 1312 191 166 146 117 89 41 48 5184 83 58 5152 64 40 1152 1131 5088 44 1121 1101 57 1044 88 63 5044 1295 41 3749 1324 2425 1294 41 1253 46 1207 113 1094 61 1033 47 1254 50 2395 61 986 957 1101 1076 771
internal_count=8000 7936 1440 224 64 1216 64 44 141 62 79 42 6496 1312 191 166 146 117 89 41 48 5184 83 58 5152 64 40 1152 1131 5088 44 1121 1101 57 1044 88 63 5044 1295 41 3749 1324 2425 1294 41 1253 46 1207 113 1094 61 1033 47 1254 50 2395 61 986 957 1101 1076 771
is_linear=0
shrinkage=0.05


Tree=82
num_leaves=63
num_cat=0
split_feature=0 0 1 0 4 0 5 3 0 0 1 5 4 5 3 0 4 5 0 6 5 5 3 3 0 5 2 2 0 0 3 5 6 0 4 2 0 0 4 5 2 0 0 1 0 1 1 0 3 0 1 0 4 0 0 5 2 0 0 0 3 4
split_gain=782.118 435.39 2733.77 402.053 184.073 157.155 232.549 108.336 170.359 75.915 600.431 288.019 631.651 413.35 445.911 471.299 435.721 177.533 89.8307 64.2405 117.171 62.0021 59.0733 136.235 48.6058 207.244 55.5395 31.3198 192.666 185.755 22.1452 10.9378 14.4886 113.705 47.6229 17.0926 122.971 26.2857 78.889 10.344 12.1528 8.16924 141.908 196.04 23.6398 48.035 17.1775 140.865 21.3953 7.50031 44.8098 6.56013 5.63312 21.5841 15.2182 5.07985 11.1507 21.6852 13.3349 4.34899 14.8604 3.41458
threshold=1881.1083333333336 3777.3833333333346 2460.5000000000005 3555.7833333333333 16.585868301861293 1989.4750000000008 10.500000000000002 1771.0750942705881 3702.4166666666683 6325.2666666666673 4564.0000000000009 9.5000000000000018 6.9508483511889079 10.500000000000002 1414.3770209144952 6151.5000000000027 23.318869518870621 13.500000000000002 6352.3583333333327 28.500000000000004 12.500000000000002 18.500000000000004 1384.1763264522369 1148.57004726177 6413.9750000000004 10.500000000000002 210.82589562331779 170.38272186081616 2042.2249999999997 2185.3000000000034 1555.0385370956192 32.500000000000007 61.500000000000007 3932.8083333333375 2.8401565884695708 179.98054669911502 3932.8083333333375 3886.4416666666716 13.027261789028559 35.500000000000007 195.35041708669135 7966.9500000000035 7938.6749999999965 6517.5000000000009 7990.7333333333236 6517.5000000000009 6517.5000000000009 7455.9416666666648 1168.6043962509677 8039.0833333333294 7306.0000000000009 2098.4583333333358 33.543838062962983 6438.7416666666659 6882.2416666666604 7.5000000000000009 222.27932445978175 7603.0499999999984 7536.8833333333232 6488.3499999999985 1485.2434904788067 37.627882551501123
decision_type=2 2 2 2 2 2 2 2 2 2 2 2 2 2 2 2 2 2 2 2 2 2 2 2 2 2 2 2 2 2 2 2 2 2 2 2 2 2 2 2 2 2 2 2 2 2 2 2 2 2 2 2 2 2 2 2 2 2 2 2 2 2
left_child=4 2 5 19 -1 6 -2 8 22 10 31 12 -12 -13 -15 -16 17 -17 -11 -4 -21 -22 23 -5 25 -20 -27 29 -29 -7 -24 32 34 -34 -3 36 -36 38 -37 41 -41 42 46 -44 45 -43 52 -48 -49 50 -46 -30 53 -26 -54 -50 58 -58 -57 60 -55 -53
right_child=1 9 3 7 -6 27 -8 -9 -10 18 11 13 -14 14 15 16 -18 -19 24 20 21 -23 30 -25 39 26 -28 28 51 -31 -32 -33 33 -35 35 37 -38 -39 -40 40 -42 44 43 -45 49 -47 47 48 55 -51 -52 61 54 59 -56 56 57 -59 -60 -61 -62 -63
leaf_value=0.077939775160380781 -0.045060660288884093 -0.083026294124758121 0.19322182849049568 0.11083744395038356 0.24887224137783051 -0.17325985228642823 0.14900066476119192 0.23452128618955614 0.022907287047968974 -0.093151832907460638 -0.035687260968344556 -0.1635694083571434 0.31117653842483251 -0.086836903670738486 0.33360622888026031 0.04989099822938442 -0.12364489428233356 0.25357851786134034 -0.081973120298547059 0.39606127858161932 0.18812073454970407 0.30823272602124652 0.072206277549266826 0.28926814809441564 0.032203389646421221 0.16279490947723391 0.044960811296477915 0.1330399507501473 0.013901783967459645 -0.011165566879667735 0.14661255080252886 -0.045881014601105739 0.11001926027238369 -0.011354330403931962 0.10638863441348077 0.017414399965976678 -0.011646793647966487 -0.011232180325666953 -0.10717350341103696 -0.062586551797576259 -0.0098132794334863625 0.0023812728623549147 -0.01074194358927863 0.16857520032812048 -0.01708676820413934 -0.087094037507971123 0.12982609253376723 0.028639123840509234 -0.034904458983377983 -0.011208069941918948 0.05028948741143241 -0.011549311482047353 -0.061905056238174438 0.030551418031637485 -0.010299069106578828 -0.047689607174232096 0.046741481127379386 -0.011565036441271123 -0.010631609993718016 -0.011723634409459371 -0.019055595295503738 0.0093364175409078598
leaf_weight=28 26 23 20 23 36 20 38 22 36 32 21 20 35 29 23 20 20 23 24 20 21 22 20 20 29 20 20 24 27 152 20 21 22 157 25 24 188 634 27 20 24 30 35 27 90 30 20 37 22 2524 34 909 20 26 50 29 23 52 149 1781 36 20
leaf_count=28 26 23 20 23 36 20 38 22 36 32 21 20 35 29 23 20 20 23 24 20 21 22 20 20 29 20 20 24 27 152 20 21 22 157 25 24 188 634 27 20 24 30 35 27 90 30 20 37 22 2524 34 909 20 26 50 29 23 52 149 1781 36 20
internal_value=6.32135e-11 -0.00140395 0.0234703 0.183984 0.174089 -0.00609803 0.0701633 0.13259 0.113745 -0.00691794 0.00382631 0.085771 0.181103 0.046226 0.0827122 0.139886 0.0691623 0.15884 -0.00963717 0.271293 0.296077 0.249573 0.153145 0.193828 -0.00911844 0.0341837 0.103878 -0.0103348 -0.00688091 -0.0300137 0.109409 -0.0101357 -0.0094533 0.00356309 -0.0119831 -0.0101635 0.00220713 -0.0140101 -0.0485439 -0.00966313 -0.0338011 -0.00945256 -0.00728605 0.0673478 -0.0113215 -0.0423564 -0.00932092 0.00118926 -0.00705669 -0.0106183 0.00138737 -0.0103936 -0.0111177 -0.010597 -0.0250436 -0.0118594 -0.00985548 0.00631563 -0.0166691 -0.0112705 0.00174735 -0.0110997
internal_weight=8000 7936 1440 224 64 1216 64 141 119 6496 1312 191 56 135 115 86 63 43 5184 83 63 43 83 43 5152 64 40 1152 980 172 40 1121 1100 179 921 898 213 685 51 5088 44 5044 2336 62 2708 60 2274 332 312 2648 124 956 1942 1872 70 275 253 75 178 1843 62 929
internal_count=8000 7936 1440 224 64 1216 64 141 119 6496 1312 191 56 135 115 86 63 43 5184 83 63 43 83 43 5152 64 40 1152 980 172 40 1121 1100 179 921 898 213 685 51 5088 44 5044 2336 62 2708 60 2274 332 312 2648 124 956 1942 1872 70 275 253 75 178 1843 62 929
is_linear=0
shrinkage=0.05


Tree=83
num_leaves=63
num_cat=0
split_feature=0 0 1 0 4 4 4 4 0 4 3 0 3 3 0 4 0 0 1 4 4 3 2 3 4 0 0 6 4 4 0 4 0 2 3 6 6 0 4 2 0 0 4 1 0 0 0 0 0 0 4 0 0 2 6 4 5 0 0 1 0 0
split_gain=706.53 355.165 2515.72 364.503 222.456 629.175 574.89 74.571 70.8135 77.5617 80.4637 67.7618 70.6069 61.2628 60.0105 56.289 54.4717 553.527 163.343 425.864 347.226 337.76 477.53 804.55 174.428 80.971 43.6376 195.615 50.8188 31.2383 36.5117 10.6549 18.0953 17.5435 11.9743 10.4726 13.3649 102.319 42.9797 15.4261 110.981 23.7228 71.1973 8.16677 290.743 44.7958 9.57029 167.384 60.3249 10.659 5.59212 21.6257 4.42817 23.0154 28.9021 15.7028 4.25347 56.1159 11.1127 68.8916 3.97413 2.7749
threshold=1937.033333333334 3777.3833333333346 2460.5000000000005 3580.358333333334 8.0472981539740349 12.469971335220851 18.007233799617357 47.195102150610204 3461.233333333334 16.390176612175789 1471.8456271811701 3680.9000000000019 1384.1763264522369 1359.9507559414326 1989.4750000000008 11.161815872613891 6325.2666666666673 6295.3583333333345 4564.0000000000009 25.273175640071209 20.026926979568984 1242.2584582447223 199.55190901102881 1586.8821752584847 12.406852573802128 6352.3583333333327 6413.9750000000004 52.500000000000007 10.31289141485466 39.778825459023203 2042.2249999999997 33.543838062962983 6438.7416666666659 178.08501549505709 1526.218161973409 97.500000000000014 61.500000000000007 3932.8083333333375 2.8401565884695708 179.98054669911502 3932.8083333333375 3886.4416666666716 13.027261789028559 7306.0000000000009 7990.7333333333236 8039.0833333333294 7440.7333333333254 7423.733333333329 7455.9416666666648 7397.7666666666591 24.30412793299725 6608.1583333333301 7518.9416666666575 222.27932445978175 37.500000000000007 15.480453642768714 14.500000000000002 6535.1916666666657 6509.0416666666633 5887.5000000000009 2098.4583333333358 7536.8833333333232
decision_type=2 2 2 2 2 2 2 2 2 2 2 2 2 2 2 2 2 2 2 2 2 2 2 2 2 2 2 2 2 2 2 2 2 2 2 2 2 2 2 2 2 2 2 2 2 2 2 2 2 2 2 2 2 2 2 2 2 2 2 2 2 2
left_child=4 2 14 8 -1 -6 -7 16 -4 10 -10 12 -5 -13 -2 -15 17 18 35 20 21 -20 24 -24 -23 -18 27 28 -27 30 -16 32 -28 34 -33 36 38 -38 -3 40 -40 42 -41 46 -45 -46 47 49 -48 50 56 -52 53 54 -50 -56 58 -58 59 -34 -32 -54
right_child=1 7 3 11 5 6 -8 -9 9 -11 -12 13 -14 15 29 -17 25 -19 19 -21 -22 22 23 -25 -26 26 31 -29 -30 -31 60 33 43 -35 -36 -37 37 -39 39 41 -42 -43 -44 44 45 -47 48 -49 52 -51 51 -53 61 -55 55 -57 57 -59 -60 -61 -62 -63
leaf_value=0.28319819346070291 0.059597742807818578 -0.07887497597738452 0.33159123820136305 0.21297426655374727 -0.14494637548923492 0.36674251705408101 0.043017815239727503 0.081400211884950613 0.24908129474520685 0.29055471281553141 0.11949567807757336 0.0099354231357574457 0.10747472999883551 0.17720568761229516 0.045727527538935345 0.062512622708859655 -0.088494241901207721 0.20761159422108905 -0.11877009177207948 -0.16474110924062277 0.26958826810121533 -0.10499667475620907 0.43086136863345192 0.0028066394121750542 0.0898218845576048 0.022194120330968875 0.030593218320402606 0.1488350178823685 -0.090521056244615469 -0.070241955774171014 0.0071834347909316421 -0.07773206645157188 -0.036036034506794649 -0.01282867129459711 -0.023018484269268811 -0.044617008134013134 0.10451830049807376 -0.010755919342159064 0.10106920146942139 0.01654368101929625 -0.011064453621176964 -0.010670571260933534 -0.10181482474975012 0.17058161370780156 0.047775010764598849 -0.010418133966885108 -0.082570922486484066 0.10997132239242396 0.014123733263266713 0.019864268675446512 0.044778590666299523 -0.010840814258793699 -0.027357580898595708 0.029653280056439912 -0.076603037934927717 -0.014697985872626305 -0.093352639641274104 -0.010111237054426722 -0.011359258019711002 0.063535528723150492 -0.010698769038753938 -0.011515776314890964
leaf_weight=20 32 23 20 29 20 24 32 24 25 29 23 20 35 20 30 23 32 32 25 21 20 27 21 23 20 20 29 23 20 21 32 20 38 140 20 21 22 154 25 24 188 634 27 23 34 1209 30 30 38 30 22 85 28 39 21 20 22 254 741 32 1069 2165
leaf_count=20 32 23 20 29 20 24 32 24 25 29 23 20 35 20 30 23 32 32 25 21 20 27 21 23 20 20 29 23 20 21 32 20 38 140 20 21 22 154 25 24 188 634 27 23 34 1209 30 30 38 30 22 85 28 39 21 20 22 254 741 32 1069 2165
internal_value=4.13027e-11 -0.00163758 0.0211283 0.174785 0.134827 0.0957824 0.181757 -0.00657205 0.247766 0.225994 0.186988 0.119043 0.155279 0.0822319 -0.00794193 0.115858 -0.00689827 0.00222044 -0.00293447 0.0448224 0.0771815 0.0440079 0.0887271 0.207105 -0.0220952 -0.00920576 -0.00871146 0.0326455 -0.0341635 -0.00981803 -0.0086961 -0.00922536 -0.0087856 -0.0211724 -0.0503753 -0.00964094 -0.00897139 0.00365336 -0.0113839 -0.00965532 0.00209677 -0.0133096 -0.0461167 -0.00902052 -0.00556698 -0.00882637 -0.0102367 -0.0067119 -0.0121248 -0.00957179 -0.0103114 0.000594951 -0.0112103 -0.00177495 -0.0172901 -0.0464055 -0.011385 -0.0167464 -0.00956035 0.00948239 -0.010179 -0.011718
internal_weight=8000 7904 1408 224 96 76 56 6496 97 77 48 127 64 63 1184 43 6472 1307 1275 157 136 116 91 44 47 5165 5133 63 40 1152 1131 5070 4890 180 40 1118 1097 176 921 898 213 685 51 4861 1266 1243 3595 1254 2341 1224 1194 107 2311 118 79 41 1087 276 811 70 1101 2193
internal_count=8000 7904 1408 224 96 76 56 6496 97 77 48 127 64 63 1184 43 6472 1307 1275 157 136 116 91 44 47 5165 5133 63 40 1152 1131 5070 4890 180 40 1118 1097 176 921 898 213 685 51 4861 1266 1243 3595 1254 2341 1224 1194 107 2311 118 79 41 1087 276 811 70 1101 2193
is_linear=0
shrinkage=0.05


Tree=84
num_leaves=63
num_cat=0
split_feature=0 0 1 0 2 0 2 3 0 4 3 3 3 0 0 1 4 4 3 3 2 5 0 0 2 2 0 0 3 4 0 1 0 5 2 2 0 2 4 0 0 2 1 0 0 0 0 0 4 0 4 0 0 2 6 4 5 0 0 1 4 3
split_gain=646.999 353.223 2228.34 332.322 174.138 123.73 228.824 98.5887 143.433 67.3004 58.0641 49.6644 123.038 49.1607 499.558 147.417 384.343 313.371 305.974 456.016 955.303 547.356 73.0763 39.6267 33.3962 28.5042 170.687 167.895 20.2057 12.4903 30.7314 73.7482 22.3422 12.1943 9.88478 20.374 32.4258 16.9625 28.0246 25.9125 24.7599 92.8868 7.37051 262.395 40.4283 8.63719 151.064 54.4432 9.98527 5.45705 4.66483 19.7916 3.99642 20.7714 26.0842 14.1718 3.9868 50.7011 9.81948 62.1747 3.91786 3.63865
threshold=1881.1083333333336 3777.3833333333346 2460.5000000000005 3555.7833333333333 208.4520046803095 1989.4750000000008 196.16835175393223 1771.0750942705881 3702.4166666666683 47.195102150610204 1600.7971075951293 1384.1763264522369 1148.57004726177 6325.2666666666673 6295.3583333333345 4564.0000000000009 25.273175640071209 20.026926979568984 1273.8523456632768 1563.5241355821793 191.94157037889423 10.500000000000002 6352.3583333333327 6382.2166666666662 189.68696109390223 170.38272186081616 2185.3000000000034 2042.2249999999997 1555.0385370956192 33.543838062962983 6438.7416666666659 5887.5000000000009 6807.4750000000013 34.500000000000007 285.70531970759959 259.49037861052085 4339.6666666666724 245.28485771161959 2.8401565884695708 4528.0416666666715 3841.6666666666711 184.61831054213368 7306.0000000000009 7990.7333333333236 8039.0833333333294 7440.7333333333254 7423.733333333329 7455.9416666666648 2.8401565884695708 2098.4583333333358 24.30412793299725 6608.1583333333301 7518.9416666666575 222.27932445978175 37.500000000000007 15.480453642768714 14.500000000000002 6535.1916666666657 6509.0416666666633 5887.5000000000009 37.627882551501123 1665.2743821328106
decision_type=2 2 2 2 2 2 2 2 2 2 2 2 2 2 2 2 2 2 2 2 2 2 2 2 2 2 2 2 2 2 2 2 2 2 2 2 2 2 2 2 2 2 2 2 2 2 2 2 2 2 2 2 2 2 2 2 2 2 2 2 2 2
left_child=4 2 5 10 -1 6 -2 8 11 13 24 12 -5 14 15 34 17 18 -17 20 -20 -21 -15 -24 -4 26 -7 -27 -13 30 31 -25 -31 -34 35 37 -37 38 -3 -39 41 -40 45 -44 -45 46 48 -47 -32 -29 56 -52 53 54 -49 -56 58 -58 59 -50 -51 -42
right_child=1 9 3 7 -6 25 -8 -9 -10 -11 -12 28 -14 22 -16 16 -18 -19 19 21 -22 -23 23 29 -26 27 -28 49 -30 32 42 -33 33 -35 -36 36 -38 39 40 -41 61 -43 43 44 -46 47 -48 52 50 60 51 -53 -54 -55 55 -57 57 -59 -60 -61 -62 -63
leaf_value=0.083264421522617343 -0.05219830790391336 -0.061913866974413395 0.22817624121904376 0.095929784610179147 0.24894599287674346 -0.16541397325694562 0.14030248169836246 0.21655810665000572 0.017992642770210902 0.077330198833563679 0.19262767839245498 0.061857472509145743 0.26549827113747598 -0.084069529893895378 0.19723101571435109 -0.10215379425457545 -0.15650405502390297 0.25610885083675389 -0.026056846319919544 -0.18573110438883306 0.45678836405277257 0.15560655179231064 0.047190642158966511 -0.026681966187255782 0.31104817450527222 0.12458477579057217 -0.010033176765826188 0.012847528882600642 0.13293086688965558 -0.071305869435891511 0.025087605984438033 0.088148964224038298 -0.010104641306435468 -0.050907700004366542 0.025676335636526351 -0.088276631079081985 -0.010097345254487461 0.062518867140724549 0.11010342158377172 -0.0098979572455088309 -0.012000482278105257 -0.02569337820305544 0.16205253069815428 0.045386262194198723 -0.0098972273606312451 -0.078442375833789518 0.10447275610640645 0.013417545960921991 -0.034234232651559934 -0.010436907188497623 0.042539660480212085 -0.010364084863233277 -0.011132140638226526 0.02817061448421998 -0.072772884489677378 -0.013963087166193872 -0.088685005852444612 -0.0096811364059138927 -0.010590077965539331 0.060358753823675219 0.011935120895504952 -0.0045587224703888566
leaf_weight=35 26 25 20 23 29 20 38 22 36 24 32 20 20 32 32 28 21 20 21 24 20 23 32 29 31 24 152 27 20 20 21 27 143 21 20 21 36 21 20 30 696 34 23 34 1209 30 30 38 38 909 22 90 2193 39 21 20 22 264 735 32 20 215
leaf_count=35 26 25 20 23 29 20 38 22 36 24 32 20 20 32 32 28 21 20 21 24 20 23 32 29 31 24 152 27 20 20 21 27 143 21 20 21 36 21 20 30 696 34 23 34 1209 30 30 38 38 909 22 90 2193 39 21 20 22 264 735 32 20 215
internal_value=9.84261e-11 -0.00127693 0.0211276 0.166046 0.158339 -0.00556786 0.062099 0.11932 0.101343 -0.00624344 0.245423 0.137495 0.174799 -0.00655336 0.00210942 -0.00278775 0.0425813 0.0733224 0.0418075 0.0876134 0.209477 -0.0186935 -0.00874547 -0.00827589 0.278549 -0.00932713 -0.0281007 -0.00603217 0.0973942 -0.00862384 -0.00814523 0.0286829 -0.0214138 -0.0153294 -0.00915889 -0.00979342 -0.0389002 -0.00819967 -0.0096483 0.0199207 -0.00829427 0.0246017 -0.0085695 -0.00528863 -0.00838505 -0.00972487 -0.00637631 -0.0115186 -0.0090932 -0.00931126 -0.00968987 2.77223e-05 -0.0106498 -0.0016862 -0.0164256 -0.0440852 -0.0106875 -0.0157584 -0.00888587 0.00900828 -0.00995527 -0.0102442
internal_weight=8000 7936 1440 224 64 1216 64 141 119 6496 83 83 43 6472 1307 1275 157 136 116 88 41 47 5165 5133 51 1152 172 980 40 5101 4917 56 184 164 1118 1098 57 1041 990 51 965 54 4861 1266 1243 3595 1254 2341 1224 956 1203 112 2311 118 79 41 1091 286 805 70 929 911
internal_count=8000 7936 1440 224 64 1216 64 141 119 6496 83 83 43 6472 1307 1275 157 136 116 88 41 47 5165 5133 51 1152 172 980 40 5101 4917 56 184 164 1118 1098 57 1041 990 51 965 54 4861 1266 1243 3595 1254 2341 1224 956 1203 112 2311 118 79 41 1091 286 805 70 929 911
is_linear=0
shrinkage=0.05


Tree=85
num_leaves=63
num_cat=0
split_feature=0 0 1 0 4 0 6 5 3 3 3 4 4 3 2 0 0 1 4 4 4 4 4 6 0 0 4 2 0 4 0 0 3 4 5 6 6 0 4 2 0 0 4 0 0 0 1 0 1 1 0 5 0 1 3 2 0 6 0 0 4 4
split_gain=583.916 318.784 2011.08 299.921 170.508 111.666 225.111 268.198 88.9763 133.649 152.699 147.319 60.7386 54.583 62.9607 44.3675 450.851 133.044 346.869 282.817 295.343 415.042 245.273 564.824 65.9513 35.7631 29.6801 32.0535 87.3583 11.307 30.6212 28.5781 73.5482 19.2937 10.0179 9.60859 12.1134 91.8945 36.2941 13.0911 93.0104 20.8084 64.6879 7.08794 5.37747 97.1433 130.868 31.1455 54.5107 13.1895 123.631 12.9753 5.5504 30.3347 19.7486 5.38618 13.4163 13.2337 20.2423 3.38943 2.74999 11.3145
threshold=1881.1083333333336 3777.3833333333346 2460.5000000000005 3555.7833333333333 16.585868301861293 1989.4750000000008 43.500000000000007 10.500000000000002 1771.0750942705881 1526.218161973409 1208.486013015196 12.318111347369211 47.195102150610204 1389.7624427691264 198.42355771651265 6325.2666666666673 6295.3583333333345 4564.0000000000009 25.273175640071209 20.026926979568984 10.657496937984229 7.7030509820084001 13.027261789028559 43.500000000000007 6352.3583333333327 6382.2166666666662 39.778825459023203 292.11432209855974 2042.2249999999997 31.551884339023857 6690.5083333333296 6438.7416666666659 1577.0224354450506 30.648955098853417 35.500000000000007 97.500000000000014 61.500000000000007 3932.8083333333375 2.8401565884695708 179.98054669911502 3932.8083333333375 3886.4416666666716 13.027261789028559 2098.4583333333358 7966.9500000000035 7938.6749999999965 6517.5000000000009 7990.7333333333236 6517.5000000000009 6517.5000000000009 7455.9416666666648 1.5000000000000002 8052.808333333337 7306.0000000000009 1454.9795629669743 222.27932445978175 7536.8833333333232 28.500000000000004 7603.0499999999984 8066.2416666666631 24.30412793299725 25.590576104513978
decision_type=2 2 2 2 2 2 2 2 2 2 2 2 2 2 2 2 2 2 2 2 2 2 2 2 2 2 2 2 2 2 2 2 2 2 2 2 2 2 2 2 2 2 2 2 2 2 2 2 2 2 2 2 2 2 2 2 2 2 2 2 2 2
left_child=4 2 5 13 -1 6 7 -2 9 10 -5 -12 15 -4 -15 16 17 35 19 20 21 -19 -22 -24 -17 -26 27 28 -7 31 -31 32 -27 44 -32 36 38 -38 -3 40 -40 42 -41 -30 45 49 -47 48 -46 60 -51 -52 53 -49 -55 56 -53 -57 -59 -54 -33 -62
right_child=1 12 3 8 -6 26 -8 -9 -10 -11 11 -13 -14 14 -16 24 -18 18 -20 -21 22 -23 23 -25 25 29 -28 -29 43 30 34 33 -34 -35 -36 -37 37 -39 39 41 -42 -43 -44 -45 47 46 -48 52 -50 50 51 55 59 54 -56 57 -58 58 -60 -61 61 -63
leaf_value=0.057882890211684371 0.0042608395866725757 -0.072376544805972484 0.29491124641895294 0.05368312033307221 0.22239675877822773 0.079030152435960455 -0.080094066783785833 0.25140491936888015 0.20573020171035422 0.015818514674901963 0.29338074520230295 0.1143402189568237 0.073463686478013795 0.2663832166790962 0.16118900530943367 -0.07986605261685327 0.18736946284770967 -0.042218379974365235 -0.14867884967298736 0.24330340594053271 -0.15656319282910167 0.25385543413717171 -0.1260234790003818 0.23729020863771441 0.044831107993377375 0.077193126239581036 -0.067758434585162577 -0.068963955271811719 0.015057060346007348 -0.077950215934542946 -0.0099457334300192702 -0.01040878849013119 -0.040026007645318044 0.02789299844990711 -0.045458719796839769 -0.04220309763082436 0.09954843094403093 -0.0096960196573916205 0.092663792490959171 0.016867160703986885 -0.0099903747280861484 -0.0096626999317918107 -0.095951054493586221 -0.0095908888421605363 0.0033180078491568568 -0.0090717836050316688 0.14360715007781985 -0.013450478810247864 -0.094489079225679937 0.12148410771042109 0.029105430128781692 -0.045399726107716559 -0.026947014322753867 0.0023887503612786531 0.072653613744769238 -0.034150277432941259 -0.0089077793927803926 0.047974820743547752 -0.0098426989302402602 -0.009447703793849559 0.029824658415534278 -0.010175790264426421
leaf_weight=28 23 23 25 36 36 29 20 21 22 36 20 27 24 25 33 32 32 20 21 20 24 29 23 20 32 32 21 21 30 20 204 1690 23 37 22 21 22 154 25 24 188 634 27 1051 28 32 25 108 29 20 23 30 28 20 20 21 157 24 41 2355 22 90
leaf_count=28 23 23 25 36 36 29 20 21 22 36 20 27 24 25 33 32 32 20 21 20 24 29 23 20 32 32 21 21 30 20 204 1690 23 37 22 21 22 154 25 24 188 634 27 1051 28 32 25 108 29 20 23 30 28 20 20 21 157 24 41 2355 22 90
internal_value=3.4101e-11 -0.00121308 0.0200712 0.157743 0.150422 -0.00528946 0.0589941 0.122216 0.113354 0.0962761 0.131173 0.190528 -0.00593127 0.233152 0.206531 -0.00622569 0.00200395 -0.00264836 0.0404522 0.0696563 0.0397171 0.133009 -0.0285112 0.0429596 -0.0083082 -0.00786209 -0.00886077 -0.00776718 -0.0066094 -0.00819265 -0.0186505 -0.00766276 0.0281742 -0.00807339 -0.0134027 -0.00870095 -0.00805961 0.00395954 -0.0103564 -0.00876794 0.00205824 -0.0121343 -0.0428601 -0.00890686 -0.00835278 -0.00652017 0.0578927 -0.00989295 -0.0464435 -0.00825366 0.00116862 -0.00696081 -0.0090698 0.000325646 0.0375212 -0.00999936 -0.0147621 0.000356851 0.0115053 -0.00965332 -0.00990596 -0.00231856
internal_weight=8000 7936 1440 224 64 1216 64 44 141 119 83 47 6496 83 58 6472 1307 1275 157 136 116 49 67 43 5165 5133 1152 1131 1110 5101 246 4855 55 4800 226 1118 1097 176 921 898 213 685 51 1081 4763 2175 57 2588 57 2118 316 296 2531 148 40 273 187 86 65 2383 1802 112
internal_count=8000 7936 1440 224 64 1216 64 44 141 119 83 47 6496 83 58 6472 1307 1275 157 136 116 49 67 43 5165 5133 1152 1131 1110 5101 246 4855 55 4800 226 1118 1097 176 921 898 213 685 51 1081 4763 2175 57 2588 57 2118 316 296 2531 148 40 273 187 86 65 2383 1802 112
is_linear=0
shrinkage=0.05


Tree=86
num_leaves=63
num_cat=0
split_feature=0 0 1 0 2 2 2 0 5 5 4 2 2 4 5 0 0 1 4 4 3 2 3 4 0 0 4 2 0 0 1 4 0 1 2 3 0 2 3 1 0 0 0 0 0 0 4 0 4 0 0 2 6 4 5 0 0 1 0 0 0 0
split_gain=526.985 287.702 1815 276.67 161.445 479.673 107.449 100.779 209.709 86.9276 185.033 117.259 76.6526 54.8166 42.4225 40.0417 406.893 120.072 313.05 255.243 269.504 398.892 656.239 150.727 59.5211 32.2762 26.7863 30.8772 390.744 157.315 10.6432 10.2954 25.1001 64.6649 19.7155 18.5409 9.89612 144.03 358.527 6.55579 236.606 33.3242 7.84269 130.94 52.0682 9.4949 5.15388 4.69485 4.24221 17.838 3.61446 17.5972 23.6104 12.4787 3.40421 45.7114 9.10747 56.1126 2.34515 1.46713 1.28675 22.2885
threshold=1881.1083333333336 3777.3833333333346 2460.5000000000005 3606.200000000003 217.75389928158828 193.45042257198017 179.21652204617797 1989.4750000000008 10.500000000000002 18.500000000000004 11.253234881711387 195.35041708669135 198.42355771651265 47.195102150610204 16.500000000000004 6325.2666666666673 6295.3583333333345 4564.0000000000009 25.273175640071209 20.026926979568984 1242.2584582447223 199.55190901102881 1586.8821752584847 12.406852573802128 6352.3583333333327 6382.2166666666662 39.778825459023203 170.38272186081616 2042.2249999999997 2185.3000000000034 2460.5000000000005 33.543838062962983 6438.7416666666659 5887.5000000000009 178.08501549505709 1500.7061054575613 3886.4416666666716 193.14793500313135 1466.9447267380731 7306.0000000000009 7990.7333333333236 8039.0833333333294 7440.7333333333254 7423.733333333329 7455.9416666666648 7397.7666666666591 2.8401565884695708 2098.4583333333358 24.30412793299725 6608.1583333333301 7518.9416666666575 222.27932445978175 37.500000000000007 15.480453642768714 14.500000000000002 6535.1916666666657 6509.0416666666633 5887.5000000000009 7536.8833333333232 8089.4333333333298 7978.2999999999956 7938.6749999999965
decision_type=2 2 2 2 2 2 2 2 2 2 2 2 2 2 2 2 2 2 2 2 2 2 2 2 2 2 2 2 2 2 2 2 2 2 2 2 2 2 2 2 2 2 2 2 2 2 2 2 2 2 2 2 2 2 2 2 2 2 2 2 2 2
left_child=4 2 7 6 5 -1 -4 8 -2 10 11 -5 -8 15 -14 16 17 30 19 20 -19 23 -23 -22 -17 -26 27 29 -29 -9 -3 32 33 -27 35 -33 37 -32 -39 42 -41 -42 43 45 -44 48 -38 -30 54 -50 51 52 -46 -54 56 -56 57 -34 -52 -43 61 -60
right_child=1 13 3 9 -6 -7 12 26 -10 -11 -12 -13 14 -15 -16 24 -18 18 -20 -21 21 22 -24 -25 25 31 -28 28 47 -31 36 34 39 -35 -36 -37 46 38 -40 40 41 59 44 -45 50 -47 -48 -49 49 -51 58 -53 53 -55 55 -57 -58 -59 60 -61 -62 -63
leaf_value=0.2543990875993456 -0.053374964457291819 -0.044412873424589633 0.11876265462903707 -0.028963742955871254 0.25262595902789725 -0.083547516947700864 0.29606585044413808 -0.15874425068497658 0.13091024468211751 0.0087480956378082446 0.20257149987543621 0.12602144663150494 0.16438041428207525 0.069790503258506456 0.2538024879637219 -0.075872750161215669 0.17800099155865612 -0.10767194044589996 -0.14124490938016349 0.23113823190331459 -0.1006735403228689 0.38795286686647512 0.001360072778618854 0.080426018573343749 0.04258955388941104 -0.025908507451671982 -0.064370512394678031 0.20438939360055058 0.011763484362098906 -0.0094581615527470908 0.10525192767381669 -0.084241039063781498 -0.032002081761234688 0.081618437833256202 -0.010356588674715806 -0.018416088980207544 0.015612357766145751 0.10522948516451794 -0.16341028136235697 0.15426749975784967 0.04124088857103797 0.0012883897672188195 -0.075978598296642316 0.097570956150690724 0.013669571241265849 0.019621974701682726 -0.0094162145068266111 -0.0093925645913961429 0.040769146206069064 -0.0097451445394579114 -0.024517458331372061 0.02632431268500976 -0.067958077259494792 -0.012772970143705606 -0.083730316691269929 -0.0086011790971117687 -0.0097894998435710291 0.057861254276940603 -0.0089061140235266439 -0.0092472043776924313 -0.0090086914078753889 -0.037687897692258297
leaf_weight=21 26 20 28 23 22 21 30 20 38 24 36 26 36 24 21 32 32 25 21 20 27 21 23 20 32 29 21 22 27 150 26 20 38 27 141 23 21 23 27 23 34 34 30 30 38 30 1001 912 22 85 28 39 21 20 22 254 741 32 739 1175 1352 74
leaf_count=21 26 20 28 23 22 21 30 20 38 24 36 26 36 24 21 32 32 25 21 20 27 21 23 20 32 29 21 22 27 150 26 20 38 27 141 23 21 23 27 23 34 34 30 30 38 30 1001 912 22 85 28 39 21 20 22 254 741 32 739 1175 1352 74
internal_value=-9.90731e-12 -0.00115243 0.0190676 0.149856 0.142901 0.0854258 0.203955 -0.00502499 0.0560444 0.0927791 0.116505 0.0532733 0.231374 -0.00563471 0.197325 -0.00591441 0.00190375 -0.00251594 0.0384296 0.0661735 0.0377313 0.0776772 0.18587 -0.0236099 -0.00789279 -0.00746899 -0.00841773 -0.00737882 -0.0039041 -0.0270212 -0.0082659 -0.00778302 -0.00734849 0.0259348 -0.0193949 -0.0490323 -0.00760749 0.00979935 -0.039836 -0.00773192 -0.00463769 -0.00757801 -0.00882157 -0.00563073 -0.0105308 -0.00816018 -0.00890193 -0.00878424 -0.00885823 0.000640971 -0.0096812 -0.00115667 -0.0147232 -0.0410385 -0.00979329 -0.0145897 -0.00816096 0.0090783 -0.0101399 -0.00895092 -0.00995394 -0.0115259
internal_weight=8000 7936 1440 224 64 42 115 1216 64 109 85 49 87 6496 57 6472 1307 1275 157 136 116 91 44 47 5165 5133 1152 1131 961 170 1118 5101 4917 56 184 43 1098 76 50 4861 1266 1243 3595 1254 2341 1224 1022 939 1194 107 2311 118 79 41 1087 276 811 70 2193 1209 2165 813
internal_count=8000 7936 1440 224 64 42 115 1216 64 109 85 49 87 6496 57 6472 1307 1275 157 136 116 91 44 47 5165 5133 1152 1131 961 170 1118 5101 4917 56 184 43 1098 76 50 4861 1266 1243 3595 1254 2341 1224 1022 939 1194 107 2311 118 79 41 1087 276 811 70 2193 1209 2165 813
is_linear=0
shrinkage=0.05


Tree=87
num_leaves=63
num_cat=0
split_feature=0 0 1 0 2 0 2 0 5 6 2 4 3 0 0 1 4 4 4 4 4 6 0 0 2 4 0 2 2 0 2 0 4 2 0 5 4 2 4 0 0 3 4 5 0 2 3 3 4 1 0 3 0 0 0 4 0 5 0 0 1 3
split_gain=475.604 260.523 1738.58 203.562 154.35 90.8511 212.121 51.5772 155.821 81.8701 49.5202 49.4008 45.0273 37.4511 366.664 106.988 282.527 230.356 274.149 368.411 218.196 505.008 53.7178 29.1293 25.841 27.7934 68.3301 22.4745 16.7393 25.6066 14.9661 20.5601 15.211 16.4263 27.48 129.343 98.0505 40.2743 9.37508 27.4695 23.2628 64.8104 16.8603 8.97549 6.56424 5.08522 9.57681 5.4183 17.1233 5.46548 156.698 24.5203 3.78278 60.7094 50.9938 3.08618 9.75749 3.33273 41.2636 7.85605 51.1963 2.64763
threshold=1881.1083333333336 3754.3666666666682 2460.5000000000005 3534.6166666666686 208.4520046803095 1989.4750000000008 196.16835175393223 3656.2500000000023 10.500000000000002 49.500000000000007 188.12797854346988 47.195102150610204 1496.2529612698972 6325.2666666666673 6295.3583333333345 4564.0000000000009 25.273175640071209 20.026926979568984 10.657496937984229 7.7030509820084001 13.027261789028559 43.500000000000007 6352.3583333333327 6382.2166666666662 292.11432209855974 39.778825459023203 2042.2249999999997 285.70531970759959 259.49037861052085 4339.6666666666724 245.28485771161959 4528.0416666666715 2.8401565884695708 239.3112847248855 3886.4416666666716 10.500000000000002 14.772664346170684 191.14728282978112 31.551884339023857 6690.5083333333296 6438.7416666666659 1577.0224354450506 30.648955098853417 35.500000000000007 2098.4583333333358 137.68073471234794 1426.3678617903224 784.08063539439274 3.8485303620939559 7306.0000000000009 8017.0583333333243 1545.597247639281 7440.7333333333254 7423.733333333329 7455.9416666666648 24.30412793299725 6712.6333333333323 14.500000000000002 6535.1916666666657 6509.0416666666633 5887.5000000000009 869.14944065216548
decision_type=2 2 2 2 2 2 2 2 2 2 2 2 2 2 2 2 2 2 2 2 2 2 2 2 2 2 2 2 2 2 2 2 2 2 2 2 2 2 2 2 2 2 2 2 2 2 2 2 2 2 2 2 2 2 2 2 2 2 2 2 2 2
left_child=4 2 5 12 -1 6 -2 9 -9 10 -5 13 -4 14 15 27 17 18 19 -17 -20 -22 -15 -24 25 26 -7 28 30 -30 32 -32 -3 34 35 37 -37 -34 40 -40 41 -25 45 -41 -28 46 -42 48 -47 52 51 -51 53 55 -54 57 -57 59 -59 60 -49 -56
right_child=1 11 3 7 -6 24 -8 8 -10 -11 -12 -13 -14 22 -16 16 -18 -19 20 -21 21 -23 23 38 -26 -27 44 -29 29 -31 31 -33 33 -35 -36 36 -38 -39 39 43 42 -43 -44 -45 -46 47 -48 49 -50 50 -52 -53 54 -55 61 56 -58 58 -60 -61 -62 -63
leaf_value=0.065075600317546306 -0.05680456353494754 -0.046131813583465728 0.17838687132443154 0.11745397791266442 0.22105948853081672 0.069867916199667701 0.12853729146483697 -0.0040765964559146333 0.15417220594627518 0.068225796784584722 0.21716128137301316 0.066300980063776174 0.26007911009160251 -0.072079112101346252 0.16910094376653434 -0.039363759160041811 -0.13418266496488027 0.21958131983876231 -0.15066720219329 0.23958243707130694 -0.122264468929042 0.22127334408462052 0.040460076881572604 0.071436689147958532 -0.061647296730767603 -0.06533623069524766 0.015136933630953234 0.043756794840807009 -0.07710797493346036 -0.0086384857280386827 0.054439682124749478 -0.0083945464404920744 0.13695417329668999 -0.040077675302588461 -0.0090403284916525557 -0.10703933760523797 0.024175009386880057 0.038918899998746141 -0.073081676857545977 -0.0086739189923950924 0.024971833627890141 -0.038599313495923646 0.026340033451246248 -0.042288444397060879 -0.0085880737740924393 0.044847975708544256 -0.011121494881808759 -0.031396819389349705 -0.012574890517705196 0.13141336522996425 -0.008381366920937253 0.053118503661826258 -0.077215137598770009 0.066080049851111003 -0.0013640616037882865 0.03128773297648877 -0.0093034822297723679 -0.079543802480806003 -0.0082289178913029348 -0.0089972303614040856 0.05496819144300389 -0.0096898601830252354
leaf_weight=35 26 26 31 20 29 29 38 28 35 24 33 24 37 32 32 20 21 20 24 29 23 20 32 32 22 20 30 21 22 36 23 30 20 37 854 24 35 22 20 204 34 23 37 22 1035 20 40 37 37 20 1165 20 28 28 100 20 57 22 260 727 32 2116
leaf_count=35 26 26 31 20 29 29 38 28 35 24 33 24 37 32 32 20 21 20 24 29 23 20 32 32 22 20 30 21 22 36 23 30 20 37 854 24 35 22 20 204 34 23 37 22 1035 20 40 37 37 20 1165 20 28 28 100 20 57 22 260 727 32 2116
internal_value=7.93283e-11 -0.0010948 0.0184118 0.151864 0.135756 -0.00471987 0.0532422 0.117391 0.0838394 0.144842 0.179536 -0.00530211 0.222837 -0.00556632 0.0018854 -0.00220863 0.0365081 0.0628648 0.0358447 0.125727 -0.02989 0.0375206 -0.00749815 -0.00709554 -0.00798534 -0.00692559 -0.00585775 -0.00749431 -0.0084476 -0.0346097 -0.0070308 0.0188731 -0.00837943 -0.00738995 -0.00612352 0.0185394 -0.0292003 0.0856024 -0.00739387 -0.0169165 -0.00691136 0.0254216 -0.00728184 -0.0119461 -0.00791976 -0.00754303 0.00546193 -0.00774826 0.00757348 -0.00793681 -0.00504038 0.0922659 -0.00895525 -0.00666735 -0.0101614 -0.00843092 0.00123969 -0.00912168 -0.0137925 -0.00746694 0.00865652 -0.00931415
internal_weight=8000 7936 1408 208 64 1200 64 140 63 77 53 6528 68 6504 1339 1307 157 136 116 49 67 43 5165 5133 1136 1114 1094 1150 1129 58 1071 53 1018 992 955 101 59 42 5101 246 4855 55 4800 226 1065 4763 74 4689 57 4632 1205 40 3427 1183 2244 1155 77 1078 282 796 69 2216
internal_count=8000 7936 1408 208 64 1200 64 140 63 77 53 6528 68 6504 1339 1307 157 136 116 49 67 43 5165 5133 1136 1114 1094 1150 1129 58 1071 53 1018 992 955 101 59 42 5101 246 4855 55 4800 226 1065 4763 74 4689 57 4632 1205 40 3427 1183 2244 1155 77 1078 282 796 69 2216
is_linear=0
shrinkage=0.05


Tree=88
num_leaves=63
num_cat=0
split_feature=0 0 1 0 4 0 6 2 0 5 6 0 1 5 4 5 3 0 4 0 2 4 0 5 0 0 2 2 0 2 6 4 2 0 5 4 2 5 4 4 0 0 1 0 1 1 0 0 4 0 1 0 0 3 0 1 2 0 0 0 4 0
split_gain=429.232 235.122 1569.06 183.715 154.407 81.9931 209.222 249.002 46.5484 140.629 73.8878 44.8794 342.124 256.707 508.698 368.736 391.027 420.118 334.17 48.4402 44.6919 41.1316 26.3191 24.642 158.637 115.585 20.3179 15.055 23.1099 13.5568 19.2875 13.6918 14.7754 24.9093 116.732 88.4906 36.3476 9.08728 12.5741 8.31388 7.33476 107.249 141.956 28.0137 53.8348 13.4321 106.601 18.5838 6.3309 22.2165 56.6984 17.9192 3.49398 14.6124 3.48449 24.9611 2.88505 28.5523 26.2042 1.88044 1.72441 4.87106
threshold=1881.1083333333336 3754.3666666666682 2460.5000000000005 3534.6166666666686 16.585868301861293 1989.4750000000008 43.500000000000007 203.56180194064368 3656.2500000000023 10.500000000000002 49.500000000000007 6325.2666666666673 4564.0000000000009 9.5000000000000018 6.9508483511889079 10.500000000000002 1414.3770209144952 6151.5000000000027 16.125153681481422 6352.3583333333327 188.12797854346988 12.942593012678978 6382.2166666666662 5.5000000000000009 2280.9583333333353 2042.2249999999997 285.70531970759959 259.49037861052085 4339.6666666666724 245.28485771161959 37.500000000000007 2.8401565884695708 239.3112847248855 3886.4416666666716 10.500000000000002 14.772664346170684 191.14728282978112 35.500000000000007 36.592826303085694 38.538652764194211 7966.9500000000035 7938.6749999999965 6517.5000000000009 7990.7333333333236 6517.5000000000009 6517.5000000000009 7455.9416666666648 7503.7833333333301 33.543838062962983 6438.7416666666659 5887.5000000000009 6830.9999999999964 6488.3499999999985 1485.2434904788067 8039.0833333333294 7306.0000000000009 184.92938523467157 2185.3000000000034 2098.4583333333358 7536.8833333333232 6.2060092277287451 6509.0416666666633
decision_type=2 2 2 2 2 2 2 2 2 2 2 2 2 2 2 2 2 2 2 2 2 2 2 2 2 2 2 2 2 2 2 2 2 2 2 2 2 2 2 2 2 2 2 2 2 2 2 2 2 2 2 2 2 2 2 2 2 2 2 2 2 2
left_child=4 2 5 21 -1 6 7 -2 10 -10 20 12 26 14 -14 -15 -17 -18 -19 -13 -5 -4 -21 24 -7 -25 27 29 -29 31 -31 -3 33 34 36 -36 -33 40 -39 56 41 45 -43 44 -42 48 -47 -48 49 50 -24 -50 53 -51 55 -45 57 -27 -58 -49 -54 -62
right_child=1 11 3 8 -6 23 -8 -9 9 -11 -12 19 13 15 -16 16 17 18 -20 22 -22 -23 37 25 -26 39 -28 28 -30 30 -32 32 -34 -35 35 -37 -38 38 -40 -41 43 42 -44 54 -46 46 47 59 51 52 -52 -53 60 -55 -56 -57 58 -59 -60 -61 61 -63
leaf_value=0.040906458560909548 -0.018767673373222354 -0.043825223583441514 0.25294102123007178 0.1115812784433365 0.19746032365494304 0.14243351634591819 -0.083509406899102037 0.22011103921880326 -0.0038727636848177229 0.14646359539457729 0.064814506812642017 -0.068475157488137484 -0.039462865960030333 -0.17039759755134584 0.27181664830871993 -0.096558611172026604 0.29865281841029295 0.16975615123907728 -0.06081593230818258 0.038437070872168994 0.20630321766842497 0.17503226631217533 -0.025089988077123617 -0.10697158421079318 -0.0099454357010177064 0.052392507326744858 0.041568954590530623 -0.073252577296542859 -0.0082065614147318732 -0.017875163900581272 0.043339228807317637 0.13010646626353264 -0.038073792222987964 -0.0086407434678872318 -0.10168736665509642 0.02296626171895436 0.036972954767671505 -0.0011642177012704668 -0.054142697209802776 0.02458212159574032 0.0049490147083997727 -0.0063742654877049585 0.14621623379212839 -0.013468022772835361 -0.089774101205791046 0.11464461073279382 0.029897196000175819 -0.02353751502931118 -0.062906253221444788 0.031718088113344638 0.075595843571203733 -0.0075033211921065775 -0.012842522614658619 -0.017473319886873166 -0.0082648213848033666 0.036818580721121506 -0.066081883795559404 -0.0084166417779034646 -0.0080005284281856812 -0.0076206110969569965 0.014047144811290005 -0.0086561612224455298
leaf_weight=28 20 26 32 20 36 20 20 24 28 35 24 32 21 20 35 29 23 30 33 32 33 36 29 30 117 21 21 22 36 22 31 20 37 857 24 35 22 21 24 20 30 35 27 90 30 20 35 20 20 26 27 54 242 36 2524 34 20 239 669 257 24 1515
leaf_count=28 20 26 32 20 36 20 20 24 28 35 24 32 21 20 35 29 23 30 33 32 33 36 29 30 117 21 21 22 36 22 31 20 37 857 24 35 22 21 24 20 30 35 27 90 30 20 35 20 20 26 27 54 242 36 2524 34 20 239 669 257 24 1515
internal_value=1.06462e-11 -0.00104006 0.0174912 0.14427 0.128968 -0.00448388 0.0505801 0.11153 0.111521 0.0796474 0.1376 -0.005037 0.0031051 0.0650863 0.155087 0.0277528 0.0622137 0.115753 0.0489803 -0.00714792 0.170559 0.211695 -0.006767 -0.00758607 0.0122997 -0.0103131 -0.00716238 -0.00806641 -0.0328792 -0.00672643 0.0179295 -0.00800631 -0.00707034 -0.00587292 0.0176124 -0.0277403 0.0813222 -0.00704953 -0.0294194 -0.00732062 -0.00685117 -0.00481802 0.0600764 -0.00862831 -0.0424125 -0.00656355 0.0027411 -0.0044322 -0.00812926 -0.00757016 0.023455 -0.0224771 -0.00851287 0.00315534 -0.0078628 0.000320239 -0.00799297 -0.00350513 -0.00968649 -0.00876985 -0.00891906 -0.00830211
internal_weight=8000 7936 1408 208 64 1200 64 44 140 63 77 6528 1344 191 56 135 115 86 63 5184 53 68 5152 1136 137 999 1153 1132 58 1074 53 1021 995 958 101 59 42 5120 45 969 5075 2367 62 2708 60 2305 332 312 1973 1899 56 74 1843 62 2648 124 949 260 689 277 1781 1539
internal_count=8000 7936 1408 208 64 1200 64 44 140 63 77 6528 1344 191 56 135 115 86 63 5184 53 68 5152 1136 137 999 1153 1132 58 1074 53 1021 995 958 101 59 42 5120 45 969 5075 2367 62 2708 60 2305 332 312 1973 1899 56 74 1843 62 2648 124 949 260 689 277 1781 1539
is_linear=0
shrinkage=0.05


Tree=89
num_leaves=63
num_cat=0
split_feature=0 0 1 0 2 2 6 0 2 2 0 4 2 4 3 5 3 3 0 0 1 5 5 2 2 0 0 2 2 0 2 0 4 2 0 4 4 2 3 4 0 0 3 4 5 0 0 1 0 1 3 2 3 4 2 0 1 0 0 2 1 0
split_gain=387.382 212.198 1416.08 165.802 147.566 424.683 74.3662 177.471 711.537 1143.05 165.515 46.3674 43.8408 96.1122 106.127 92.1454 173.922 41.2225 30.0018 312.824 81.3337 265.768 422.336 318.727 416.364 43.7488 23.7294 18.3041 13.6365 20.8567 12.1878 18.4756 12.3911 13.3814 22.3779 109.738 130.243 91.9632 16.9691 7.77954 23.2251 18.9344 57.1141 14.9904 7.45321 4.47477 77.1889 98.891 29.2139 51.1524 11.754 6.55803 5.20735 3.57731 9.10999 35.5032 10.7785 21.1532 5.32936 4.53646 14.7267 30.4292
threshold=1881.1083333333336 3754.3666666666682 2460.5000000000005 3534.6166666666686 193.45042257198017 217.75389928158828 88.500000000000014 2042.2249999999997 174.48580354194405 209.04692232613951 2539.1750000000015 47.195102150610204 231.62083058658547 11.253234881711387 1500.7061054575613 20.500000000000004 1471.8456271811701 1496.2529612698972 6325.2666666666673 6295.3583333333345 4564.0000000000009 18.500000000000004 14.500000000000002 217.31894512930998 191.94157037889423 6352.3583333333327 6382.2166666666662 285.70531970759959 259.49037861052085 4339.6666666666724 245.28485771161959 4528.0416666666715 2.8401565884695708 239.3112847248855 3886.4416666666716 13.027261789028559 15.200844922112916 192.60050887746647 1496.2529612698972 31.551884339023857 6690.5083333333296 6438.7416666666659 1577.0224354450506 30.648955098853417 35.500000000000007 7966.9500000000035 7938.6749999999965 6517.5000000000009 7990.7333333333236 6517.5000000000009 784.08063539439274 137.68073471234794 2258.9281056574987 16.939710862918325 178.08501549505709 6535.1916666666657 6517.5000000000009 7636.0833333333294 6733.3999999999969 231.62083058658547 6517.5000000000009 7636.0833333333294
decision_type=2 2 2 2 2 2 2 2 2 2 2 2 2 2 2 2 2 2 2 2 2 2 2 2 2 2 2 2 2 2 2 2 2 2 2 2 2 2 2 2 2 2 2 2 2 2 2 2 2 2 2 2 2 2 2 2 2 2 2 2 2 2
left_child=4 2 6 17 -1 -6 7 8 -2 -10 -8 18 13 14 -5 16 -15 -4 19 20 27 22 23 24 -22 -20 -27 28 30 -30 32 -32 -3 34 35 37 -37 -34 -38 41 -41 42 -28 45 -42 46 50 -48 49 -47 -43 -52 53 59 58 -56 -57 -58 -55 -53 -61 -62
right_child=1 11 3 12 5 -7 10 -9 9 -11 -12 -13 -14 15 -16 -17 -18 -19 25 -21 21 -23 -24 -25 -26 26 39 -29 29 -31 31 -33 33 -35 -36 36 38 -39 -40 40 44 43 -44 -45 -46 48 47 -49 -50 -51 51 52 -54 54 55 56 57 -59 -60 60 61 -63
leaf_value=0.2311615623533726 -0.18292349184101278 -0.041633963441619508 0.15857970628046222 0.13006899635548946 -0.091369195637248823 0.22298251607201319 -0.17155367455312187 -0.0073092065925234057 0.33941975807667607 -0.064840031404267348 0.00507636388970746 0.064584731621046873 0.044431901241963112 0.11404242568782397 -0.019799873658588957 0.066740980297327043 0.30709405985893684 0.23674430986237086 -0.065051399590447548 0.1560801028390415 -0.032658185349091103 -0.081552574248650145 0.26660138368606567 -0.12576737885291761 0.21212917957454921 0.03651521893334575 0.066130242345388987 0.039490507436650141 -0.069589949196035214 -0.0077962333543433087 0.050748412246289468 -0.0088154688725868863 0.15651252642273905 -0.036170101715755222 -0.0081562747700091899 -0.13053164490498603 0.058305578120052819 0.0067012884787150803 -0.0068271254375576983 -0.066994677651673551 -0.0077985468384462828 0.028101669438183308 -0.037165908436493388 0.025131820303362768 -0.038430132849978031 0.0045831941068172457 -0.0059390943846665328 0.12678228902816774 -0.0074248355769812443 -0.090163130313158035 0.013774038780782675 -0.0076868475781222334 0.016193080142788266 -0.04013609634268852 0.059477712772786621 -0.0080243679750935156 0.051467012381181121 -0.0081939985736822468 -0.011758998311602344 -0.0091187294169161725 -0.085215628830095147 -0.0072637443941447047
leaf_weight=21 22 26 31 27 21 22 21 1051 36 34 36 24 24 28 21 20 20 37 32 32 38 39 22 26 32 32 32 21 22 36 23 30 20 37 854 20 20 21 20 20 204 24 23 37 22 28 32 25 2531 29 37 1248 23 21 23 332 24 39 78 217 21 31
leaf_count=21 22 26 31 27 21 22 21 1051 36 34 36 24 24 28 21 20 20 37 32 32 38 39 22 26 32 32 32 21 22 36 23 30 20 37 854 20 20 21 20 20 204 24 23 37 22 28 32 25 2531 29 37 1248 23 21 23 332 24 39 78 217 21 31
internal_value=5.59179e-11 -0.000988061 0.0166166 0.137057 0.12252 0.0694619 -0.00425968 -0.00148009 0.0651112 0.143065 -0.0599979 -0.00478515 0.105945 0.118672 0.0645014 0.15691 0.194481 0.20111 -0.00504113 0.00162845 -0.00215307 0.0316041 0.0690034 0.0237205 0.0792446 -0.00677018 -0.00640685 -0.00676167 -0.00762198 -0.0312352 -0.0063432 0.017033 -0.00756024 -0.00666718 -0.00552413 0.0167318 -0.0263511 0.0797799 0.0257392 -0.00667611 -0.0153507 -0.00623658 0.0229337 -0.00657082 -0.0107804 -0.00681709 -0.00514536 0.052272 -0.00822205 -0.0436211 -0.00669058 -0.00708935 -0.00746463 -0.00773214 -0.00414027 -0.000910192 -0.00442645 0.014534 -0.0177784 -0.00895627 -0.0148456 -0.0387443
internal_weight=8000 7936 1408 208 64 43 1200 1143 92 70 57 6528 140 116 48 68 48 68 6504 1339 1307 157 118 96 70 5165 5133 1150 1129 58 1071 53 1018 992 955 101 60 41 40 5101 246 4855 55 4800 226 4763 2175 57 2588 57 2118 2094 2057 2034 517 418 395 63 99 1517 269 52
internal_count=8000 7936 1408 208 64 43 1200 1143 92 70 57 6528 140 116 48 68 48 68 6504 1339 1307 157 118 96 70 5165 5133 1150 1129 58 1071 53 1018 992 955 101 60 41 40 5101 246 4855 55 4800 226 4763 2175 57 2588 57 2118 2094 2057 2034 517 418 395 63 99 1517 269 52
is_linear=0
shrinkage=0.05


Tree=90
num_leaves=63
num_cat=0
split_feature=0 0 1 0 3 6 0 3 3 0 2 6 2 4 0 0 6 2 0 0 0 0 1 5 5 2 2 0 0 2 2 0 2 6 4 2 0 5 4 2 4 0 3 2 3 1 0 0 0 0 0 0 0 4 0 0 4 2 2 5 0 0
split_gain=349.612 191.508 1278.01 149.637 141.249 67.1155 164.679 216.591 231.061 149.377 46.4134 109.116 69.898 41.8466 41.4863 39.0136 32.4645 29.2686 319.826 122.184 27.0767 282.324 73.4037 239.856 381.159 287.651 375.769 39.4833 21.4158 16.5194 12.307 18.8232 10.9995 17.3312 11.3736 12.1269 21.4725 105.959 77.5707 29.9481 7.03528 16.762 49.8792 16.3355 16.4847 5.42191 199.99 24.1215 6.50432 104.996 44.3974 8.44213 4.28931 3.32818 14.7001 3.03391 16.5977 9.27318 11.6567 2.7073 38.2754 6.69419
threshold=1881.1083333333336 3754.3666666666682 2460.5000000000005 3534.6166666666686 1481.5428407178715 88.500000000000014 1989.4750000000008 1598.7642443858372 1384.1763264522369 2539.1750000000015 179.21652204617797 28.500000000000004 226.80103403115353 47.195102150610204 3628.9750000000026 3461.233333333334 43.500000000000007 170.38272186081616 2042.2249999999997 2230.2000000000016 6325.2666666666673 6295.3583333333345 4564.0000000000009 18.500000000000004 14.500000000000002 217.31894512930998 191.94157037889423 6352.3583333333327 6382.2166666666662 285.70531970759959 259.49037861052085 4339.6666666666724 245.28485771161959 37.500000000000007 3.0059173825934873 239.3112847248855 3886.4416666666716 10.500000000000002 14.772664346170684 192.60050887746647 33.543838062962983 6438.7416666666659 1577.0224354450506 178.08501549505709 1500.7061054575613 7306.0000000000009 7990.7333333333236 8039.0833333333294 7440.7333333333254 7423.733333333329 7455.9416666666648 7397.7666666666591 2098.4583333333358 24.30412793299725 6608.1583333333301 7518.9416666666575 6.1086077774620389 222.27932445978175 183.92359511576709 14.500000000000002 6535.1916666666657 6509.0416666666633
decision_type=2 2 2 2 2 2 2 2 2 2 2 2 2 2 2 2 2 2 2 2 2 2 2 2 2 2 2 2 2 2 2 2 2 2 2 2 2 2 2 2 2 2 2 2 2 2 2 2 2 2 2 2 2 2 2 2 2 2 2 2 2 2
left_child=4 2 5 15 -1 6 7 8 -2 -7 -5 -12 14 20 -13 -4 -17 19 -19 -8 21 22 29 24 25 26 -24 -22 -29 30 32 -32 34 -34 -3 36 37 39 -39 -36 41 42 -30 44 -42 48 -47 -48 49 51 -50 53 -20 59 -55 56 -52 58 -58 61 -61 -43
right_child=1 13 3 10 -6 9 17 -9 -10 -11 11 12 -14 -15 -16 16 -18 18 52 -21 27 -23 23 -25 -26 -27 -28 28 40 -31 31 -33 33 -35 35 -37 -38 38 -40 -41 43 45 -44 -45 -46 46 47 -49 50 -51 55 -53 -54 54 -56 -57 57 -59 -60 60 -62 -63
leaf_value=0.20916934216022495 0.0193297540768981 -0.038045692777839202 0.24972669482231141 0.046664482162844752 0.056922012940049171 -0.16297598442373176 -0.13231207328322142 -0.057585835456848145 0.25414800786159258 0.0048225459953149166 0.01651795514943925 0.21173689814990967 0.064122571254318403 0.061355494956175483 0.13137898093296424 0.13034389614024097 0.21323408825056897 0.18583791635253213 0.012503140281747888 -0.0078359678927539048 -0.061798830190673476 0.14827609797939659 -0.031025278938346001 -0.077474945583022564 0.2532713157209483 -0.11947900251700327 0.20152271538972855 0.034689459406263272 0.060610957387270348 0.037515982134001598 -0.066110453178936796 -0.0074064219577444929 -0.017758984050967479 0.040268050182250242 0.12226196020841598 -0.034361596337544757 -0.00775831862779918 -0.095406090281903749 0.021303138019783157 0.036770613527014141 -0.076117819511273416 0.0081024717220238279 -0.03530761171132326 -0.0077140701974325989 -0.014050122426377369 0.14261040609815848 0.035348893460981988 -0.0073537932012485907 -0.069278831332921995 0.088032332758108789 0.037861552996479947 0.019550139258305232 -0.0077322248968239088 0.037537181038748139 -0.0083194158467299797 -0.0084796674205217474 -0.00074662356911336675 0.012442529584677687 -0.04389748479528674 -0.075677944244605236 -0.006930545826743204 -0.008073530620713084
leaf_weight=25 20 29 20 31 39 21 23 20 22 36 22 29 22 24 36 27 21 22 27 138 32 32 38 39 22 26 32 32 33 21 22 36 22 31 20 37 852 24 35 21 20 70 23 141 23 23 34 1209 30 30 23 30 871 22 85 2193 34 32 29 22 254 741
leaf_count=25 20 29 20 31 39 21 23 20 22 36 22 29 22 24 36 27 21 22 27 138 32 32 38 39 22 26 32 32 33 21 22 36 22 31 20 37 852 24 35 21 20 70 23 141 23 23 34 1209 30 30 23 30 871 22 85 2193 34 32 29 22 254 741
internal_value=4.41823e-11 -0.000938658 0.0157858 0.130204 0.116394 -0.0040467 -0.00140609 0.0778409 0.14233 -0.056998 0.100648 0.116001 0.141158 -0.00454589 0.167231 0.191055 0.166608 -0.00595124 -0.00250951 -0.0256183 -0.00478907 0.00154703 -0.00204542 0.0300239 0.0655532 0.0225345 0.0752824 -0.00643167 -0.00608651 -0.00642358 -0.00724088 -0.0296735 -0.00602604 0.0161814 -0.00718223 -0.00627723 -0.00518572 0.0167329 -0.0261718 0.0784737 -0.0063423 -0.0059831 0.0212158 -0.0159413 -0.0429188 -0.00629644 -0.00348249 -0.00618574 -0.00728739 -0.00438153 -0.00884396 -0.00664658 -0.00712381 -0.00730479 0.00110904 -0.00805943 -0.000249454 -0.00947633 -0.0206097 -0.00813301 -0.0124104 -0.00667733
internal_weight=8000 7936 1408 208 64 1200 1143 62 42 57 140 109 87 6528 65 68 48 1081 920 161 6504 1339 1307 157 118 96 70 5165 5133 1150 1129 58 1071 53 1018 989 952 100 59 41 5101 4917 56 184 43 4861 1266 1243 3595 1254 2341 1224 898 1194 107 2311 118 95 63 1087 276 811
internal_count=8000 7936 1408 208 64 1200 1143 62 42 57 140 109 87 6528 65 68 48 1081 920 161 6504 1339 1307 157 118 96 70 5165 5133 1150 1129 58 1071 53 1018 989 952 100 59 41 5101 4917 56 184 43 4861 1266 1243 3595 1254 2341 1224 898 1194 107 2311 118 95 63 1087 276 811
is_linear=0
shrinkage=0.05


Tree=91
num_leaves=63
num_cat=0
split_feature=0 0 1 4 3 0 3 3 4 0 0 5 3 4 4 6 0 0 2 0 0 1 0 4 4 4 2 0 0 2 0 2 0 6 6 3 4 2 0 2 2 0 0 0 3 2 0 4 4 0 0 1 4 5 2 1 3 4 1 0 3 0
split_gain=315.525 172.836 1153.41 138.69 135.894 163.907 85.037 74.7041 61.4141 482.203 407.178 640.188 60.2226 63.7228 37.7665 31.7561 75.6554 49.9177 29.3725 24.4367 254.797 66.2468 229.201 192.376 249.145 258.666 131.141 35.6337 19.3278 14.9088 12.0607 11.107 16.9879 10.2717 11.6954 85.1285 29.4254 12.4213 109.433 16.7742 44.3248 42.1873 19.7534 103.287 9.96804 12.0603 9.8089 7.10776 6.48572 20.9853 15.4922 48.2045 13.1254 6.67216 4.05253 8.52694 4.4223 15.1358 4.44466 124.088 21.827 3.02093
threshold=1881.1083333333336 3754.3666666666682 2460.5000000000005 16.585868301861293 2072.4835976991749 3555.7833333333333 1600.7971075951293 1638.9985154643775 20.149013723205332 2098.4583333333358 1989.4750000000008 10.500000000000002 1168.6043962509677 16.327021813717533 47.195102150610204 64.500000000000014 2042.2249999999997 2684.2666666666696 189.68696109390223 6325.2666666666673 6295.3583333333345 4564.0000000000009 6097.5250000000015 10.657496937984229 12.859725329606725 16.125153681481422 200.98918616505406 6352.3583333333327 6382.2166666666662 285.70531970759959 2098.4583333333358 259.49037861052085 4339.6666666666724 97.500000000000014 61.500000000000007 1232.3811756274381 2.8401565884695708 179.98054669911502 3886.4416666666716 187.18180842788712 189.68696109390223 4250.9833333333381 3799.3500000000008 3886.4416666666716 1466.9447267380731 210.18476861451231 4035.9333333333375 38.538652764194211 31.551884339023857 6690.5083333333296 6438.7416666666659 5887.5000000000009 30.648955098853417 35.500000000000007 137.68073471234794 6517.5000000000009 784.08063539439274 3.8485303620939559 7306.0000000000009 8017.0583333333243 1545.597247639281 7440.7333333333254
decision_type=2 2 2 2 2 2 2 2 2 2 2 2 2 2 2 2 2 2 2 2 2 2 2 2 2 2 2 2 2 2 2 2 2 2 2 2 2 2 2 2 2 2 2 2 2 2 2 2 2 2 2 2 2 2 2 2 2 2 2 2 2 2
left_child=3 2 8 -1 5 6 18 12 10 -10 11 -2 -7 -14 19 16 -12 -17 -4 20 21 29 -23 -24 -25 -26 -27 -21 -29 31 -18 33 -33 34 36 -36 -3 38 -38 41 -41 -39 -42 -44 45 -37 -46 -11 50 -50 51 -30 54 -51 55 -52 57 -56 61 60 -60 -58
right_child=1 14 4 -5 -6 7 -8 -9 9 47 15 -13 13 -15 -16 17 30 -19 -20 27 -22 22 23 24 25 26 -28 28 48 -31 -32 32 -34 -35 35 44 37 39 -40 40 42 -43 43 -45 46 -47 -48 -49 49 53 52 -53 -54 -55 56 -57 58 -59 59 -61 -62 -63
leaf_value=0.02711465529033116 -0.05730723639329275 -0.063199389764391212 0.15701011518016458 0.17548673161202008 0.24429434041182199 0.035085178943800518 0.082603900879621509 -0.0030253770649433138 -0.23910462092608215 -0.0056773985482838733 -0.099955340678041626 0.28915373941262562 0.16404429376125337 0.060710499763488773 0.058287720333707209 0.093765025436878202 0.028183996148407459 -0.0075529192964876859 0.23472961877142229 -0.058708886383101344 0.14086229575332254 0.15031866849430148 0.092574719535677058 -0.19717097125947478 0.1356250364119963 -0.1509189340731372 0.021900304584276109 0.032954984711250294 -0.025203863744224821 0.035640183623347969 -0.0070763763258475127 -0.062804928642104976 -0.0070361005349291704 -0.041220981387014036 0.098721641581505537 -0.010273388387828038 0.10283930701017381 -0.093914033025503163 -0.0083070412047745023 0.057115095008451203 0.031190545830343454 -0.0069300808579377511 -0.11549852827320928 -0.0070984285287030088 -0.043687087972648447 0.038209497600631873 -0.0069621102102100851 0.025628596656024457 -0.06303636440075934 -0.0067800275602505778 -0.011519740753479906 0.06843032522333993 0.023738891832731868 -0.035762198850385507 0.042546754702925682 0.022425645791195534 -0.0053840532743616859 -0.011440808265595823 0.11962794333696365 -0.0068713227160626727 0.045758170923218135 -0.0085064885502962335
leaf_weight=28 24 23 20 36 21 29 20 25 24 194 22 30 37 25 24 20 25 31 31 32 32 31 38 20 24 23 21 32 28 21 810 22 36 20 22 29 25 20 194 26 28 46 23 493 24 23 75 20 20 204 37 27 37 22 20 37 1183 37 20 1165 20 2244
leaf_count=28 24 23 20 36 21 29 20 25 24 194 22 30 37 25 24 20 25 31 31 32 32 31 38 20 24 23 21 32 28 21 810 22 36 20 22 29 25 20 194 26 28 46 23 493 24 23 75 20 20 204 37 27 37 22 20 37 1183 37 20 1165 20 2244
internal_value=4.42834e-11 -0.000891725 0.0149965 0.110574 0.123694 0.11015 0.169984 0.0735279 -0.00384437 -0.0265855 0.00178183 0.135171 0.094559 0.122377 -0.0043186 -0.00615102 -0.00843207 0.0321796 0.204251 -0.00454962 0.00146968 -0.00194315 0.0285227 -0.00144292 -0.0420415 0.00358488 -0.068437 -0.00611009 -0.00578218 -0.0061024 -0.00602068 -0.00687884 -0.0281898 -0.00572474 -0.00504927 0.00683305 -0.00739054 -0.00588925 0.0043809 -0.00942567 -0.00666257 -0.0332889 -0.00971076 -0.0119302 -0.00655469 0.011171 -0.0158651 -0.0027516 -0.00602519 -0.0139456 -0.00562387 0.020762 -0.0059262 -0.0096013 -0.00615665 0.00545295 -0.00633987 0.0075022 -0.0065102 -0.00389823 0.0826931 -0.00742862
internal_weight=8000 7936 1408 64 208 187 71 116 1200 238 962 54 91 62 6528 908 857 51 51 6504 1339 1307 157 126 88 68 44 5165 5133 1150 835 1129 58 1071 1051 173 878 855 219 636 570 66 544 516 151 52 99 214 5101 246 4855 55 4800 226 4763 74 4689 57 4632 1205 40 3427
internal_count=8000 7936 1408 64 208 187 71 116 1200 238 962 54 91 62 6528 908 857 51 51 6504 1339 1307 157 126 88 68 44 5165 5133 1150 835 1129 58 1071 1051 173 878 855 219 636 570 66 544 516 151 52 99 214 5101 246 4855 55 4800 226 4763 74 4689 57 4632 1205 40 3427
is_linear=0
shrinkage=0.05


Tree=92
num_leaves=63
num_cat=0
split_feature=0 0 1 5 0 3 3 0 3 0 0 4 3 3 0 6 3 4 2 0 0 4 2 0 0 1 6 0 4 2 0 1 3 2 3 4 0 2 3 4 0 6 0 4 2 0 5 0 3 0 2 4 4 5 4 0 4 5 0 0 1 0
split_gain=286.47 177.306 1016.29 159.715 1140.1 122.644 149.168 192.272 122.477 1027.67 78.7854 462.41 109.462 72.9224 49.4006 37.6973 47.09 34.0843 24.2558 175.158 107.214 22.2119 39.6212 70.2706 35.1756 290.208 428.974 226.551 204.747 78.6651 66.1348 266.042 293.435 614.225 541.893 177.398 62.4194 38.666 18.5373 34.7961 34.2514 12.7952 29.0138 14.303 10.8002 101.971 15.8437 64.5832 68.1166 55.1743 9.91477 5.90649 4.59349 11.6658 4.52964 4.24684 3.83977 4.72907 3.74231 66.2002 83.8391 30.7545
threshold=1825.4250000000002 3754.3666666666682 2460.5000000000005 5.5000000000000009 2098.4583333333358 2072.4835976991749 1707.9827702754214 3555.7833333333333 1367.1625075133579 2042.2249999999997 1989.4750000000008 17.74684153348073 1571.1428335614207 1496.2529612698972 3702.4166666666683 43.500000000000007 1389.7624427691264 47.195102150610204 228.79392102605485 2042.2249999999997 2280.9583333333353 31.551884339023857 175.52725783902761 7326.9416666666593 6488.3499999999985 5887.5000000000009 52.500000000000007 6352.3583333333327 10.094336235146779 287.78817853751019 6248.0250000000042 4564.0000000000009 1289.5360422431952 199.55190901102881 1577.0224354450506 12.469971335220851 6325.2666666666673 202.08031519634304 1643.3159466889531 32.81589518185784 6488.3499999999985 73.500000000000014 4144.2250000000049 3.0059173825934873 179.98054669911502 3886.4416666666716 7.5000000000000009 3841.6666666666711 1531.0613368104598 3932.8083333333375 221.92788118342318 30.648955098853417 37.627882551501123 28.500000000000004 5.511317938849893 2098.4583333333358 23.318869518870621 21.500000000000004 7966.9500000000035 7938.6749999999965 6517.5000000000009 7990.7333333333236
decision_type=2 2 2 2 2 2 2 2 2 2 2 2 2 2 2 2 2 2 2 2 2 2 2 2 2 2 2 2 2 2 2 2 2 2 2 2 2 2 2 2 2 2 2 2 2 2 2 2 2 2 2 2 2 2 2 2 2 2 2 2 2 2
left_child=-1 2 3 4 -2 6 7 13 9 -5 11 12 -10 -4 15 16 -9 21 19 -12 -20 24 23 -23 25 29 27 -27 -29 30 31 41 -33 35 -35 -34 37 -32 39 -24 -40 43 -43 -3 45 -45 49 48 -48 -46 -38 58 53 -41 -49 -21 57 -56 59 -26 -61 -60
right_child=1 17 5 8 -6 -7 -8 14 10 -11 18 -13 -14 -15 -16 -17 -18 -19 20 55 -22 22 38 -25 51 26 -28 28 -30 -31 36 32 33 34 -36 -37 50 -39 40 52 -42 42 -44 44 46 -47 47 54 -50 -51 -52 -53 -54 -55 56 -57 -58 -59 61 60 -62 -63
leaf_value=0.14930151384323836 0.38802391801561631 -0.041145024149967679 0.14465467601250379 -0.37464918089764465 -0.0084063524674428142 0.23207962881951105 -0.017654430290514774 0.16708394925614511 0.2302286720275879 -0.0073129034473323352 0.1456581048667431 -0.1461177667975426 0.071846284895824883 0.25275781848109685 0.011262269724499096 0.050914513037122536 0.068537871675057857 0.055373330460861327 -0.12161728198356603 0.01790588111616671 -0.0053627974864664599 -0.13058018666139107 -0.075763338375026773 -0.013688278679425517 -0.005814654933852686 0.15488231622654458 0.2649869957015617 0.062481080282192972 -0.14004063426206512 -0.096646536480296752 -0.03657955735300978 -0.061117511782152904 -0.11645678460597993 0.44869715809822086 0.080630199909210221 0.087153242301681769 -0.00076208283476855449 -0.12730189458183622 0.067232627663761382 -0.0039826419079103149 -0.0074588692478948478 0.066462626028805968 -0.0054401684750584843 0.095249357350446567 0.083669730685651311 -0.0078669276419226272 -0.00078212071210145948 -0.030704731061123314 -0.12458128094673158 -0.006309318770047115 -0.040744297746568924 0.01501203365623951 -0.00010077620596241426 -0.044492121357298284 -0.0064170598320291957 -0.0055269574619604082 -0.022752590877387457 0.017277330553836442 -0.043498828289866974 -0.0047882469953037798 0.11741584777832031 -0.0063604331724026941
leaf_weight=32 21 29 39 21 133 21 22 27 20 204 20 20 24 26 22 29 22 24 23 20 144 20 23 36 2060 23 25 26 24 22 24 29 20 20 20 23 69 23 20 52 66 20 47 27 20 214 20 20 25 115 20 34 68 27 492 582 34 22 57 32 25 2531
leaf_count=32 21 29 39 21 133 21 22 27 20 204 20 20 24 26 22 29 22 24 23 20 144 20 23 36 2060 23 25 26 24 22 24 29 20 20 20 23 69 23 20 52 66 20 47 27 20 214 20 20 25 115 20 34 68 27 492 582 34 22 57 32 25 2531
internal_value=1.83883e-11 -0.000599604 0.015281 -0.00197835 0.0456523 0.117509 0.104643 0.120949 -0.00878273 -0.0415976 -0.000126988 0.053227 0.143838 0.187896 0.0774339 0.0960977 0.122839 -0.00410267 -0.00445482 8.7766e-05 -0.0213739 -0.00432214 -0.0173391 -0.0554354 -0.00366624 0.00313966 0.0862296 0.0250113 -0.0347293 -0.0028698 -0.00132209 0.00243189 0.0757994 0.123638 0.264664 -0.0075491 -0.0343627 -0.0809756 -0.00900557 -0.0185753 0.00991125 -0.00514153 0.0160234 -0.0065345 -0.00551963 0.00368552 -0.00848546 -0.0119004 -0.0695594 0.00702091 -0.00974685 -0.00575296 -0.00962747 -0.0178277 -0.00733235 -0.00474846 -0.00647934 -0.0054029 -0.00590302 -0.00434389 0.04881 -0.0071784
internal_weight=8000 7968 1440 1232 154 208 187 165 1078 225 853 64 44 65 100 78 49 6528 789 622 167 6504 312 56 6192 1453 98 73 50 1355 1333 1197 112 83 40 43 136 47 256 170 86 1085 67 1018 989 241 748 613 45 135 89 4739 147 79 568 602 548 514 4705 2117 57 2588
internal_count=8000 7968 1440 1232 154 208 187 165 1078 225 853 64 44 65 100 78 49 6528 789 622 167 6504 312 56 6192 1453 98 73 50 1355 1333 1197 112 83 40 43 136 47 256 170 86 1085 67 1018 989 241 748 613 45 135 89 4739 147 79 568 602 548 514 4705 2117 57 2588
is_linear=0
shrinkage=0.05


Tree=93
num_leaves=63
num_cat=0
split_feature=0 0 1 2 0 3 0 6 0 3 3 3 2 4 3 0 0 3 5 4 0 0 4 4 1 4 4 4 4 6 0 2 2 0 6 5 4 2 0 0 3 4 2 3 0 3 2 2 0 3 3 4 0 1 0 0 4 4 0 5 0 0
split_gain=264.356 139.737 940.692 133.506 114.613 97.3837 86.983 60.428 133.141 131.613 55.4002 83.9886 80.6355 124.264 39.3273 233.269 211.096 575.941 610.515 30.7611 20.8521 227.697 57.329 120.578 113.117 141.883 245.835 298.343 154.223 417.206 38.8904 21.0872 16.5692 15.9802 12.276 31.1022 12.4175 10.8926 84.2826 22.1218 207.142 5.32241 13.2517 15.052 11.4434 44.348 4.98004 19.1189 26.258 31.3684 7.7041 6.49609 14.144 4.93257 112.549 14.5286 8.24992 3.43056 13.1844 5.84891 9.37647 3.90145
threshold=1881.1083333333336 3754.3666666666682 2460.5000000000005 208.4520046803095 3484.8166666666684 2021.5413880894521 3702.4166666666683 88.500000000000014 2539.1750000000015 817.24268523668536 1384.1763264522369 1181.9059472805154 206.23881678519308 12.563409752034017 1380.3155710907779 2042.2249999999997 2042.2249999999997 1545.597247639281 12.500000000000002 47.195102150610204 6325.2666666666673 6295.3583333333345 31.026647712041015 33.543838062962983 4564.0000000000009 20.766833789607347 10.657496937984229 7.7030509820084001 13.027261789028559 43.500000000000007 6352.3583333333327 206.87857535272232 285.70531970759959 6382.2166666666662 73.500000000000014 25.500000000000004 2.8401565884695708 179.98054669911502 3886.4416666666716 3841.6666666666711 1526.218161973409 33.543838062962983 178.08501549505709 1500.7061054575613 6438.7416666666659 1571.1428335614207 225.77501144787001 223.6689371483948 8028.2583333333241 1498.2343203802714 2233.9304350807274 31.026647712041015 7966.9500000000035 7306.0000000000009 8006.1500000000042 8077.7583333333287 2.3700065207280079 14.622208039702722 6509.0416666666633 18.500000000000004 7569.0833333333303 6509.0416666666633
decision_type=2 2 2 2 2 2 2 2 2 2 2 2 2 2 2 2 2 2 2 2 2 2 2 2 2 2 2 2 2 2 2 2 2 2 2 2 2 2 2 2 2 2 2 2 2 2 2 2 2 2 2 2 2 2 2 2 2 2 2 2 2 2
left_child=3 2 7 -1 -4 6 10 9 -9 -2 11 -6 13 -12 15 -11 17 -16 -19 20 21 22 24 -24 32 26 27 -26 -28 -30 -22 -25 34 -32 36 -36 -3 38 -38 40 -39 44 43 -43 45 -35 47 50 49 -49 51 53 -53 56 -55 -56 -46 59 -59 61 -61 -58
right_child=1 19 4 -5 5 -7 -8 8 -10 14 12 -13 -14 -15 16 -17 -18 18 -20 -21 30 -23 23 31 25 -27 28 -29 29 -31 33 -33 -34 41 35 -37 37 39 -40 -41 -42 42 -44 -45 46 -47 -48 48 -50 -51 -52 52 -54 54 55 -57 57 58 -60 60 -62 -63
leaf_value=0.035476813273770468 0.10230411457518736 -0.041003313803902042 0.1941507786512375 0.18054664309682519 0.079214658947854219 0.1986972638964653 -6.4973257206104427e-05 -0.15384228699618863 0.0045751130415333649 -0.17949878601800828 0.030526101182807575 0.20427163779735566 0.0056834816675761651 0.20056791802247367 0.2771874169111252 -0.0073554987617479722 -0.0056552246878423286 -0.21655475454671042 0.16470729599573786 0.052604664815589786 -0.060497392481192951 0.13322556446073577 -0.14272378163375174 0.036212175400162652 -0.043026885092258459 0.15361576508730651 -0.14332181482265394 0.20799541689198595 -0.12630318564673265 0.18290487281978129 0.030018216386088172 -0.03059278362327152 0.040388670340180399 0.055893716253922324 0.06072624431302151 -0.010941686267714676 0.084789134395707941 0.055767949949949984 -0.0074348376933918436 -0.0065623147119978093 -0.1383318267762661 -0.06979655107483268 -0.0063649278920117416 -0.01048739182803294 0.018195897464950882 -0.034018839170069745 -0.0082472624905792109 0.085806017838742421 -0.0070597708089785152 0.0056449250103189396 0.023754608533952549 0.036593333422206345 -0.014620413538068533 0.10224948531389239 0.025356354315236612 -0.00664666843070568 0.0072043026674468566 -0.0437913121862544 -0.008344349079675956 0.037766187340021136 -0.0051500842746879383 -0.0065955174632278141
leaf_weight=35 30 26 35 29 29 20 27 21 36 21 22 25 29 21 25 313 712 21 21 24 32 32 22 21 20 24 24 29 24 20 32 27 20 32 24 41 28 28 215 687 27 20 141 23 33 24 1150 23 55 26 23 28 26 25 37 854 53 27 923 20 35 1523
leaf_count=35 30 26 35 29 29 20 27 21 36 21 22 25 29 21 25 313 712 21 21 24 32 32 22 21 20 24 24 29 24 20 32 27 20 32 24 41 28 28 215 687 27 20 141 23 33 24 1150 23 55 26 23 28 26 25 37 854 53 27 923 20 35 1523
internal_value=1.03646e-12 -0.000816222 0.0134699 0.101212 0.111634 0.0949395 0.0813764 -0.0035452 -0.0537892 -0.00103959 0.0988281 0.137111 0.0701156 0.11357 -0.00382514 -0.0181789 0.0023291 0.0871774 -0.0259237 -0.00389754 -0.00410603 0.00145429 -0.00177194 -0.0457925 0.00071912 0.0428738 0.0201575 0.105537 -0.0413662 0.0142459 -0.00554752 -0.00136561 -0.00470406 -0.00520495 -0.00554222 0.0155203 -0.00689639 -0.0059961 0.00319179 -0.00900508 -0.0395174 -0.00542591 -0.013775 -0.038073 -0.00511348 0.0173598 -0.00537238 -0.00448148 0.016654 0.0432716 -0.00509088 -0.00527599 0.0119349 -0.00553928 -0.00238191 -0.0053177 -0.00664568 -0.0069633 -0.00935179 -0.00557209 0.0104558 -0.00613144
internal_weight=8000 7936 1408 64 208 173 153 1200 57 1143 126 54 72 43 1113 334 779 67 42 6528 6504 1339 1307 70 1237 141 117 49 68 44 5165 48 1096 5133 1076 65 1011 985 243 742 55 5101 184 43 4917 56 4861 3711 104 49 3607 3584 54 3530 916 891 2614 2581 950 1631 55 1576
internal_count=8000 7936 1408 64 208 173 153 1200 57 1143 126 54 72 43 1113 334 779 67 42 6528 6504 1339 1307 70 1237 141 117 49 68 44 5165 48 1096 5133 1076 65 1011 985 243 742 55 5101 184 43 4917 56 4861 3711 104 49 3607 3584 54 3530 916 891 2614 2581 950 1631 55 1576
is_linear=0
shrinkage=0.05


Tree=94
num_leaves=63
num_cat=0
split_feature=0 0 1 5 0 2 0 0 4 2 0 3 0 3 3 2 4 2 0 0 4 4 2 0 0 1 6 0 4 2 0 1 3 2 4 0 0 2 3 0 0 6 5 4 2 2 0 2 0 2 3 0 0 0 0 1 0 0 3 3 2 2
split_gain=239.226 143.797 828.447 140.593 1033.69 117.478 906.805 136.533 319.055 221.311 103.438 87.8887 78.5022 49.9987 75.7997 72.7736 112.148 30.445 157.822 138.497 27.7619 18.8674 35.6573 62.7012 28.9163 257.505 388.128 203.427 182.636 72.8168 63.8791 225.416 274.186 392.925 269.641 76.3363 64.233 34.336 19.0881 28.934 23.6737 10.6174 26.3604 11.8623 9.42121 8.74765 83.5685 15.0942 39.2458 36.3451 26.6856 125.771 103.674 103.409 5.71788 5.07017 158.069 16.6915 39.0795 6.0054 16.0112 3.49293
threshold=1825.4250000000002 3754.3666666666682 2460.5000000000005 5.5000000000000009 2098.4583333333358 174.48580354194405 2042.2249999999997 1989.4750000000008 11.253234881711387 209.04692232613951 3484.8166666666684 2021.5413880894521 3702.4166666666683 1384.1763264522369 1181.9059472805154 206.23881678519308 12.563409752034017 188.12797854346988 2098.4583333333358 2230.2000000000016 47.195102150610204 32.116369595110534 175.52725783902761 7455.9416666666648 6488.3499999999985 5887.5000000000009 52.500000000000007 6352.3583333333327 10.094336235146779 287.78817853751019 6248.0250000000042 4564.0000000000009 1411.9266299136984 209.81534555061879 13.180181208688575 6151.5000000000027 6325.2666666666673 202.08031519634304 1643.3159466889531 6634.8249999999925 6248.0250000000042 73.500000000000014 25.500000000000004 3.0059173825934873 221.92788118342318 179.98054669911502 3886.4416666666716 187.18180842788712 4201.9833333333399 189.68696109390223 1426.3678617903224 3886.4416666666716 3799.3500000000008 3886.4416666666716 2230.2000000000016 7306.0000000000009 7990.7333333333236 8089.4333333333298 1477.574999842426 784.08063539439274 198.42355771651265 137.68073471234794
decision_type=2 2 2 2 2 2 2 2 2 2 2 2 2 2 2 2 2 2 2 2 2 2 2 2 2 2 2 2 2 2 2 2 2 2 2 2 2 2 2 2 2 2 2 2 2 2 2 2 2 2 2 2 2 2 2 2 2 2 2 2 2 2
left_child=-1 2 3 4 -2 6 -5 8 -7 -10 -4 12 13 14 -12 16 -15 19 -19 -9 21 24 23 -23 25 29 27 -27 -29 30 31 41 35 34 -34 -33 37 -32 40 -40 -24 43 -43 -3 -38 46 -45 48 -47 -49 53 52 -52 -51 -8 59 -57 58 -58 60 -26 -61
right_child=1 20 10 5 -6 7 54 17 9 -11 11 -13 -14 15 -16 -17 -18 18 -20 -21 -22 22 38 -25 55 26 -28 28 -30 -31 36 32 33 -35 -36 -37 44 -39 39 -41 -42 42 -44 45 -46 47 -48 49 -50 50 51 -53 -54 -55 -56 56 57 -59 -60 61 -62 -63
leaf_value=0.13643585443496706 0.36886157762436644 -0.037371751360980601 0.184443245444979 -0.32450798332691194 -0.0086149619654157118 0.23544222116470337 0.022544811925451672 0.13706924421712757 0.11535889253020287 -0.11206022902675297 0.075253928915180013 0.18876239508390427 -6.1723038002296736e-05 0.028999796103347433 0.19405805546045304 0.0053993063497132267 0.19053952592824186 -0.11873393006389961 -0.0049772272121461096 -0.0048009320154664969 0.049974431563168768 -0.12326738885603845 -0.056246035419462714 -0.011696644324590178 -0.016065477515044418 0.14595169949790707 0.25115191118419172 0.058088607455675428 -0.13318525535675388 -0.093024212731556463 -0.039642562832683331 0.032966695661130162 -0.058840412116394597 0.30044066893017812 0.18535673938691619 -0.10059771489351987 -0.00018075867228105035 -0.12429341790468798 0.06257973989649189 -0.0064108556610616776 -0.008163942828878135 0.054226783272595364 -0.0090118546569202523 0.086247432380224823 -0.039031540239229806 -0.088897422016598282 -0.007101839138456037 0.050462132506072524 -0.0060239878110587598 0.10220496554672719 -0.018016253462638302 -0.0056030673953075599 -0.16814223501993264 -0.0058390149528631157 -0.0053350406371661142 0.12739047668064418 -0.01940371496885112 -0.00630947398382795 0.056977350516792605 0.0059701810657445883 0.045104358568787577 -0.0066194920763468449
leaf_weight=32 21 29 35 25 133 20 21 20 20 23 29 20 27 22 25 29 21 32 646 123 24 20 32 34 23 23 25 26 24 22 25 23 26 23 20 20 71 23 21 55 128 26 45 27 20 20 214 28 50 25 23 385 23 194 148 23 33 1161 34 56 20 3404
leaf_count=32 21 29 35 25 133 20 21 20 20 23 29 20 27 22 25 29 21 32 646 123 24 20 32 34 23 23 25 26 24 22 25 23 26 23 20 20 71 23 21 55 128 26 45 27 20 20 214 28 50 25 23 385 23 194 148 23 33 1161 34 56 20 3404
internal_value=-1.62348e-11 -0.000547935 0.0137535 -0.00182939 0.0428591 -0.00821346 -0.0434477 -0.000481072 0.0704546 -0.00628389 0.106052 0.0901925 0.0773075 0.0938867 0.130256 0.0666098 0.107891 -0.00592437 -0.0103463 0.0150411 -0.00370266 -0.00390073 -0.0163666 -0.0530191 -0.00331896 0.00283577 0.0811178 0.0228869 -0.0337228 -0.00279686 -0.00131551 0.00239841 0.0699437 0.131702 0.0473323 -0.0291563 -0.0334049 -0.0802044 -0.00798 0.0126523 -0.0177804 -0.0045484 0.014146 -0.00585223 -0.00871939 -0.004928 0.00335638 -0.00759716 -0.0297021 -0.00531494 -0.00771765 -0.0149393 -0.0930792 0.00649477 -0.00187068 -0.00520914 -0.00247675 -0.00490911 0.0193568 -0.00618494 0.0123856 -0.00641573
internal_weight=8000 7968 1440 1232 154 1078 194 884 63 43 208 173 153 126 54 72 43 821 678 143 6528 6504 290 54 6214 1460 98 73 50 1362 1340 1201 112 69 46 43 139 48 236 76 160 1089 71 1018 91 989 241 748 70 678 650 431 46 219 169 4754 1251 1228 67 3503 43 3460
internal_count=8000 7968 1440 1232 154 1078 194 884 63 43 208 173 153 126 54 72 43 821 678 143 6528 6504 290 54 6214 1460 98 73 50 1362 1340 1201 112 69 46 43 139 48 236 76 160 1089 71 1018 91 989 241 748 70 678 650 431 46 219 169 4754 1251 1228 67 3503 43 3460
is_linear=0
shrinkage=0.05


Tree=95
num_leaves=63
num_cat=0
split_feature=0 0 1 5 0 2 0 0 4 2 3 3 0 3 6 6 2 0 0 0 0 4 4 2 1 3 2 3 3 5 0 2 0 6 0 3 3 5 2 0 0 3 5 4 0 0 1 0 1 1 0 0 6 0 4 0 3 5 0 0 6 4
split_gain=215.901 129.777 747.673 126.885 932.905 106.024 818.392 123.221 287.947 199.733 94.2132 129.43 158.238 70.1058 42.423 77.4444 27.4766 142.434 124.994 26.4724 199.693 83.4252 97.6674 122.4 92.7528 126.222 290.633 474.164 400.83 210.898 41.5205 17.7914 13.3443 10.0621 26.3462 10.6514 13.6768 10.7179 16.0987 114.592 51.3681 206.543 9.13006 13.9685 5.19042 73.2294 96.266 27.1254 54.7989 12.7175 93.0689 16.1521 25.0424 5.16039 4.59298 29.6228 20.1555 4.26278 26.9345 13.0487 48.2609 42.5158
threshold=1825.4250000000002 3754.3666666666682 2460.5000000000005 5.5000000000000009 2098.4583333333358 174.48580354194405 2042.2249999999997 1989.4750000000008 11.253234881711387 209.04692232613951 2072.4835976991749 1707.9827702754214 3555.7833333333333 1496.2529612698972 28.500000000000004 43.500000000000007 188.12797854346988 2098.4583333333358 2230.2000000000016 6325.2666666666673 6295.3583333333345 37.627882551501123 31.026647712041015 206.55336990378419 4564.0000000000009 1823.4421865847955 175.52725783902761 1289.5360422431952 1516.3845847475034 12.500000000000002 6352.3583333333327 285.70531970759959 6382.2166666666662 73.500000000000014 4144.2250000000049 853.91127635751207 905.3384355549689 3.0000000000000004 193.14793500313135 3886.4416666666716 3886.4416666666716 1466.9447267380731 35.500000000000007 36.592826303085694 7966.9500000000035 7938.6749999999965 6517.5000000000009 7990.7333333333236 6517.5000000000009 6517.5000000000009 7455.9416666666648 7518.9416666666575 34.500000000000007 2230.2000000000016 6.2060092277287451 6413.9750000000004 1805.7460420608579 23.500000000000004 6608.1583333333301 6509.0416666666633 28.500000000000004 17.282249136374901
decision_type=2 2 2 2 2 2 2 2 2 2 2 2 2 2 2 2 2 2 2 2 2 2 2 2 2 2 2 2 2 2 2 2 2 2 2 2 2 2 2 2 2 2 2 2 2 2 2 2 2 2 2 2 2 2 2 2 2 2 2 2 2 2
left_child=-1 2 3 4 -2 6 -5 8 -7 -10 11 12 13 -4 -14 -16 18 -18 -9 20 21 22 24 -24 31 26 -26 -28 -29 -30 -21 33 -32 35 -35 -3 -37 -38 39 -39 41 -40 44 -44 45 49 -47 48 -46 54 -51 52 -52 -8 56 -56 -34 59 -59 60 -57 -62
right_child=1 19 10 5 -6 7 53 16 9 -11 -12 -13 14 -15 15 -17 17 -19 -20 30 -22 -23 23 -25 25 -27 27 28 29 -31 32 -33 42 34 -36 36 37 38 40 -41 -42 -43 43 -45 47 46 -48 -49 -50 50 51 -53 -54 -55 55 57 -58 58 -60 -61 61 -63
leaf_value=0.12961407564580441 0.35041850578217282 -0.032599026901722963 0.12299715365545871 -0.30828259253501894 -0.0081842138466978447 0.22367011249065399 0.021417571954606546 0.13021577905863524 0.10959094360470772 -0.10645721196804359 0.20116599031857085 -0.024446498263965957 0.0072328311080733943 0.22899197615109959 0.13530518871706884 0.03432440306895819 -0.11279723288025707 -0.0047283658331204945 -0.0045608854996479625 -0.061916979402303701 0.12614384471526138 0.090188850861042738 -0.15530218035792528 0.001661775998029582 -0.097643575025722393 -0.077450676560401929 -0.068517862806717553 0.3291745438575745 -0.03052064410664819 0.19381796695291997 0.027401564819592751 0.042553172335028651 -0.0072014654226048025 0.061776307290419941 -0.0071943165196312808 0.032831413908001116 -0.03463440577033907 0.085228134417220172 0.063531881117302444 -0.006766710281372071 -0.0052256614938259865 -0.1272714494752723 0.0023709009922597384 -0.053467802346373598 0.0082560561100641899 -0.0041764077544212339 0.12148051394356624 -0.0055301303958061408 -0.08731142697234949 0.10909326009452343 0.067250847290270033 -0.0069001860368018272 -0.0071684518685707676 -0.0050682886402953313 0.04685189031340458 0.076015939976534122 -0.050786607606957357 -0.060209657309147027 -0.0060647912455845604 -0.006200335824658375 -0.0360654468121736 0.043926394386933403
leaf_weight=32 21 37 39 25 133 20 21 20 20 23 21 22 24 26 37 39 32 646 123 32 32 25 23 27 24 20 30 25 22 20 32 20 229 20 45 23 32 38 23 310 511 37 21 24 30 35 27 2648 30 20 20 266 26 148 27 23 30 26 197 1369 46 26
leaf_count=32 21 37 39 25 133 20 21 20 20 23 21 22 24 26 37 39 32 646 123 32 32 25 23 27 24 20 30 25 22 20 32 20 229 20 45 23 32 38 23 310 511 37 21 24 30 35 27 2648 30 20 20 266 26 148 27 23 30 26 197 1369 46 26
internal_value=6.05985e-11 -0.000520538 0.0130658 -0.00173792 0.0407162 -0.00780279 -0.0412753 -0.000457018 0.0669318 -0.0059697 0.100749 0.0894727 0.104662 0.165395 0.0651853 0.0834861 -0.00562815 -0.00982896 0.014289 -0.00351753 0.00273578 -0.000274176 -0.00203142 -0.0705416 0.000737787 0.0389097 0.0581429 0.096688 0.170661 0.0763073 -0.00513875 -0.00417302 -0.00478609 -0.00504154 0.0140274 -0.00626753 -0.00526726 -0.00618868 -0.00519819 0.0032787 -0.0103645 -0.0541302 -0.00498727 -0.0274097 -0.00478845 -0.00307812 0.0505452 -0.0062834 -0.0395277 -0.00452048 0.00453329 -0.00216927 0.0251878 -0.00177715 -0.00604398 -0.0051062 -0.0122499 -0.00593778 -0.0123776 -0.00495684 0.0129626 -0.0071795
internal_weight=8000 7968 1440 1232 154 1078 194 884 63 43 208 187 165 65 100 76 821 678 143 6528 1344 1312 1287 50 1237 141 121 97 67 42 5184 1096 5152 1076 65 1011 974 951 919 348 571 60 5120 45 5075 2367 62 2708 60 2305 332 312 46 169 1973 1714 259 1687 223 1464 95 72
internal_count=8000 7968 1440 1232 154 1078 194 884 63 43 208 187 165 65 100 76 821 678 143 6528 1344 1312 1287 50 1237 141 121 97 67 42 5184 1096 5152 1076 65 1011 974 951 919 348 571 60 5120 45 5075 2367 62 2708 60 2305 332 312 46 169 1973 1714 259 1687 223 1464 95 72
is_linear=0
shrinkage=0.05


Tree=96
num_leaves=63
num_cat=0
split_feature=0 0 1 5 0 3 0 0 3 0 4 0 4 5 0 4 0 3 3 2 4 4 4 2 0 0 1 6 3 2 0 1 3 2 4 0 0 2 3 0 0 6 5 4 2 5 0 2 3 2 0 0 2 5 1 0 0 3 2 4 4 0
split_gain=194.851 117.123 674.775 114.514 841.947 104.344 876.374 87.9716 72.1481 66.9751 62.2497 668.764 288.065 115.25 187.534 663.584 99.3712 46.4627 69.5266 65.8348 101.419 25.1762 16.132 31.3647 55.6999 23.4229 228.619 350.624 198.208 67.4662 59.7945 186.431 242.533 347.366 241.904 69.4717 60.0753 33.4576 16.446 25.1404 21.4911 8.9669 23.811 10.3124 8.6782 8.29555 73.266 11.1366 16.0756 14.5583 26.6382 21.6489 55.8975 5.01014 4.64713 142.669 15.9463 5.36234 14.3133 4.41839 14.6199 4.1739
threshold=1825.4250000000002 3754.3666666666682 2460.5000000000005 5.5000000000000009 2098.4583333333358 1367.1625075133579 2042.2249999999997 3484.8166666666684 2021.5413880894521 3702.4166666666683 10.933969412178659 2042.2249999999997 11.698191277063399 10.500000000000002 2042.2249999999997 18.007233799617357 2591.6916666666689 1384.1763264522369 1181.9059472805154 206.23881678519308 12.563409752034017 47.195102150610204 32.116369595110534 175.52725783902761 7455.9416666666648 6488.3499999999985 5887.5000000000009 52.500000000000007 1526.218161973409 287.78817853751019 6248.0250000000042 4564.0000000000009 1411.9266299136984 209.81534555061879 13.180181208688575 6151.5000000000027 6325.2666666666673 202.08031519634304 1643.3159466889531 6634.8249999999925 6248.0250000000042 73.500000000000014 25.500000000000004 3.0059173825934873 219.99366937074802 9.5000000000000018 3841.6666666666711 259.49037861052085 2085.9378426365251 235.10874898018929 4339.6666666666724 3841.6666666666711 194.73286825624174 31.500000000000004 7306.0000000000009 7990.7333333333236 8039.0833333333294 784.08063539439274 198.42355771651265 9.5210789590927778 10.037623956390135 2230.2000000000016
decision_type=2 2 2 2 2 2 2 2 2 2 2 2 2 2 2 2 2 2 2 2 2 2 2 2 2 2 2 2 2 2 2 2 2 2 2 2 2 2 2 2 2 2 2 2 2 2 2 2 2 2 2 2 2 2 2 2 2 2 2 2 2 2
left_child=-1 2 3 4 -2 6 -5 -4 9 17 11 -7 -12 16 15 -15 -14 18 -9 20 -19 22 25 24 -24 26 29 28 -28 30 31 41 35 34 -34 -33 37 -32 40 -40 -25 43 -43 -3 -38 46 -45 49 -49 51 -51 52 -47 -16 57 -56 -57 58 -27 61 -61 -13
right_child=1 21 7 5 -6 10 -8 8 -10 -11 12 59 13 14 53 -17 -18 19 -20 -21 -22 -23 23 38 -26 54 27 -29 -30 -31 36 32 33 -35 -36 -37 44 -39 39 -41 -42 42 -44 45 -46 47 -48 48 -50 50 -52 -53 -54 -55 55 56 -58 -59 -60 60 -62 -63
leaf_value=0.12313335887156428 0.33289757711546764 -0.034645342390486521 0.16800532226051604 -0.34526059627532962 -0.0077750031157095625 0.25620344590257715 -0.0060406452720510031 0.067108171407518721 0.17039404392242433 -0.00205167344322911 -0.14240628569141817 -0.028935274373119074 -0.15960830820258709 0.27212864724659508 -0.0048486631080494856 -0.10098450766368346 -0.0056161664426326759 0.022672130302949386 0.18089015100896361 0.00021155766885856101 0.17629030424924125 0.047774648759514093 -0.11564291247865187 -0.052938008018918487 -0.010485561950789656 -0.014979887607952823 -0.055964860195914901 0.23791800650954245 0.10920109126497718 -0.089609466086734424 -0.037600780054926876 0.029745628393214679 -0.058120944666174748 0.28042545059452889 0.17317520761862398 -0.097671915069222459 -5.0527185999921397e-05 -0.12116192041531854 0.05849923134914467 -0.0058098251677372245 -0.0071259518998047612 0.051214501147086804 -0.0088883399890942721 0.08622328117489815 -0.036698247660838422 0.010308467689901591 -0.00455336074096416 -0.064961458444595332 -0.0030241564932194623 0.061189702824710618 -0.0059442702908482819 -0.0056407691698119634 -0.10139257322132056 0.016049828957165443 0.12130146651002377 0.029376358897699153 -0.0053499152653006653 -0.005845797139502903 0.042855780236423016 0.042834628187119965 -0.0077467299628769986 -0.0054627559509235705
leaf_weight=32 21 29 35 21 133 27 204 29 20 27 38 21 20 26 383 22 22 22 25 29 21 24 20 32 34 23 39 25 34 22 25 23 26 23 20 20 70 23 21 55 128 26 45 24 21 24 301 20 22 22 45 510 21 31 23 34 1194 3460 20 20 50 193
leaf_count=32 21 29 35 21 133 27 204 29 20 27 38 21 20 26 383 22 22 22 25 29 21 24 20 32 34 23 39 25 34 22 25 23 26 23 20 20 70 23 21 55 128 26 45 24 21 24 301 20 22 22 45 510 21 31 23 34 1194 3460 20 20 50 193
internal_value=5.88706e-11 -0.000494511 0.0124125 -0.00165102 0.0386803 -0.00741265 -0.0377012 0.0957119 0.0810861 0.0694119 0.000576704 0.018408 -0.00965492 0.000354108 0.00756319 0.101118 -0.0789458 0.0847255 0.119785 0.0584308 0.097695 -0.00334165 -0.00353027 -0.0150571 -0.0494327 -0.00299233 0.00254701 0.0763077 0.0209617 -0.0027603 -0.00133442 0.00225881 0.0636862 0.12177 0.0424426 -0.0295183 -0.0323809 -0.0776405 -0.0071915 0.0119598 -0.0162884 -0.0040588 0.0131212 -0.005257 -0.00850769 -0.00439526 0.00215015 -0.00759896 -0.0325181 -0.00591632 0.0160997 -0.00857411 -0.0418187 -0.0032838 -0.00469351 -0.00207759 -0.00438844 -0.00562771 0.0119204 -0.00419928 0.00670509 -0.00776613
internal_weight=8000 7968 1440 1232 154 1078 225 208 173 153 853 311 542 504 462 48 42 126 54 72 43 6528 6504 290 54 6214 1460 98 73 1362 1340 1201 112 69 46 43 139 48 236 76 160 1089 71 1018 91 989 325 664 42 622 67 555 45 414 4754 1251 1228 3503 43 284 70 214
internal_count=8000 7968 1440 1232 154 1078 225 208 173 153 853 311 542 504 462 48 42 126 54 72 43 6528 6504 290 54 6214 1460 98 73 1362 1340 1201 112 69 46 43 139 48 236 76 160 1089 71 1018 91 989 325 664 42 622 67 555 45 414 4754 1251 1228 3503 43 284 70 214
is_linear=0
shrinkage=0.05


Tree=97
num_leaves=63
num_cat=0
split_feature=0 0 0 2 0 0 4 2 0 0 2 6 1 0 1 0 5 5 2 6 3 0 2 0 0 3 0 1 0 0 2 0 3 4 6 0 3 0 0 1 0 1 1 0 0 2 4 4 0 3 3 2 2 6 5 0 0 6 4 3 6 2
split_gain=175.853 106.428 167.763 96.1916 524.694 265.965 406.675 346.28 126.595 253.356 310.578 191.988 71.6439 62.3589 589.92 176.789 201.734 84.6097 204.448 70.5015 53.8058 40.296 30.787 236.755 109.528 24.5945 25.3618 191.52 90.754 20.2265 17.9309 23.6071 88.3318 23.387 10.4711 10.5708 5.83389 5.2743 63.7181 83.9171 41.6934 76.0742 11.5386 83.7892 14.5731 5.88555 5.47358 4.30618 24.3826 18.4401 3.70429 3.31436 8.04994 7.04078 3.06445 31.8814 10.6112 44.0162 35.807 21.6532 2.81262 2.41131
threshold=1825.4250000000002 6325.2666666666673 6295.3583333333345 175.52725783902761 2042.2249999999997 1989.4750000000008 10.933969412178659 202.6560729513341 5468.0416666666688 6151.5000000000027 212.37602777861488 40.500000000000007 4564.0000000000009 3754.3666666666682 2460.5000000000005 3656.2500000000023 10.500000000000002 13.500000000000002 202.08031519634304 28.500000000000004 1441.6580699509229 6352.3583333333327 193.77677009399898 2185.3000000000034 2098.4583333333358 1076.9907919392665 3886.4416666666716 2460.5000000000005 3656.2500000000023 3461.233333333334 285.70531970759959 3841.6666666666711 1526.218161973409 2.8401565884695708 112.50000000000001 6382.2166666666662 1765.4701215873044 7966.9500000000035 7938.6749999999965 6517.5000000000009 7990.7333333333236 6517.5000000000009 6517.5000000000009 7455.9416666666648 7487.8749999999964 160.03180207839716 6.1086077774620389 6.2060092277287451 6413.9750000000004 1805.7460420608579 1220.4468124824791 230.48614672805746 221.11889915912479 25.500000000000004 23.500000000000004 6580.7666666666619 6509.0416666666633 28.500000000000004 17.282249136374901 1485.2434904788067 94.500000000000014 156.61946357311845
decision_type=2 2 2 2 2 2 2 2 2 2 2 2 2 2 2 2 2 2 2 2 2 2 2 2 2 2 2 2 2 2 2 2 2 2 2 2 2 2 2 2 2 2 2 2 2 2 2 2 2 2 2 2 2 2 2 2 2 2 2 2 2 2
left_child=-1 2 3 4 -2 6 -5 -8 13 10 -10 -11 25 14 22 17 -17 19 -19 -16 -21 -3 23 -7 -24 29 27 36 -29 -6 31 32 -15 -33 35 -23 -27 38 42 -40 41 -39 47 -44 -45 -46 -47 49 -49 51 -48 52 61 -53 56 -56 57 -50 59 -59 -26 -37
right_child=1 21 -4 5 12 8 7 -9 9 11 -12 -13 -14 30 15 16 -18 18 -20 20 -22 34 24 -25 60 26 -28 28 -30 -31 -32 33 -34 -35 -36 37 -38 40 39 -41 -42 -43 43 44 45 46 50 48 54 -51 -52 53 -54 -55 55 -57 -58 58 -60 -61 -62 -63
leaf_value=0.11697668745182455 -0.21993796599322352 -0.060639202548190954 0.12123918598517776 0.26284665511204647 0.0057693598396850359 0.15766987364739182 0.17559019958689101 -0.089136885007222499 0.23737247919198126 -0.083027667905154978 -0.006670083647424524 0.076981747125250272 -0.075938825185100242 0.019549302303710502 0.1025364281690639 -0.084394232494135704 0.11009259360531967 0.21152592331171036 0.0077405730960890652 0.15440773583948614 0.27038808405399323 0.024892619210896236 -0.10220407471060754 -0.0048593163184166236 -0.0050708063720060672 -0.0066234563184806557 -0.0057943145254042731 0.041456208141012627 0.18507345684550025 -0.047417926062376076 0.040508107663620091 0.048211600751216922 -0.09209010098677349 -0.0052217432988063859 -0.040465264638187365 0.010279602538794279 0.022059785150922835 0.0089565393544973875 -0.0037412649818829129 0.11357958846622043 -0.0049513496692411042 -0.10181360444234265 0.10380913510918617 0.034897841900587083 -0.026257363810798091 0.016518543032372802 -0.023849456807753692 0.041716703706021818 0.071896527181177047 -0.048338476754724982 -0.0030826799419147021 0.026695683749303936 -0.039597154967486864 -0.012576017379760744 -0.071010278528556223 -0.0049713873758418974 -0.0056011803454327352 0.003364176103579147 0.039344720399150483 -0.065505873665213585 0.013975370600819588 -0.0082640176120830685
leaf_weight=32 29 32 32 26 33 25 21 30 32 38 22 37 30 37 23 24 30 20 32 20 20 31 30 216 629 156 169 22 22 39 21 21 34 824 20 20 20 31 35 27 2661 31 20 25 29 33 24 28 23 30 204 21 20 25 20 212 1368 21 26 25 20 142
leaf_count=32 29 32 32 26 33 25 21 30 32 38 22 37 30 37 23 24 30 20 32 20 20 31 30 216 629 156 169 22 22 39 21 21 34 824 20 20 20 31 35 27 2661 31 20 25 29 33 24 28 23 30 204 21 20 25 20 212 1368 21 26 25 20 142
internal_value=4.3467e-11 -0.000469786 0.00741556 0.00609203 -0.0132749 0.010604 0.101913 0.0198684 0.00734148 0.0553678 0.137948 -0.00408969 -0.00106869 0.00428353 0.0124204 0.0982828 0.023654 0.133326 0.0861196 0.17229 0.212398 -0.00470451 -0.00335219 0.0120006 -0.0088014 0.00380356 0.00877211 0.0199618 0.113265 -0.0230404 -0.00517326 -0.00622054 -0.0339118 -0.00389381 -0.00435709 -0.00421637 -0.003364 -0.00439327 -0.00267282 0.0473501 -0.00589574 -0.0464285 -0.00401195 0.00457022 -0.00173066 -0.00488829 -0.00251395 -0.00546325 -0.00456117 -0.0114875 -0.00526866 -0.00663874 -0.00966946 0.00535237 -0.00532565 -0.0106644 -0.00447904 0.0116798 -0.00755606 -0.0340652 -0.00448387 -0.00597468
internal_weight=8000 7968 2784 2752 520 2232 77 51 2155 129 54 75 491 2026 1089 169 54 115 52 63 40 5184 920 241 679 461 389 220 44 72 937 916 71 845 5152 5132 176 5101 2378 62 2723 62 2316 335 315 290 261 1981 1723 258 228 228 182 46 1695 232 1463 95 72 46 649 162
internal_count=8000 7968 2784 2752 520 2232 77 51 2155 129 54 75 491 2026 1089 169 54 115 52 63 40 5184 920 241 679 461 389 220 44 72 937 916 71 845 5152 5132 176 5101 2378 62 2723 62 2316 335 315 290 261 1981 1723 258 228 228 182 46 1695 232 1463 95 72 46 649 162
is_linear=0
shrinkage=0.05


Tree=98
num_leaves=63
num_cat=0
split_feature=0 0 0 2 0 0 4 2 0 3 3 5 0 1 0 1 0 5 5 2 6 3 0 2 0 0 5 0 0 1 0 2 0 4 6 4 6 0 0 0 0 0 1 4 1 0 3 5 2 0 0 4 0 0 2 0 6 0 1 0 3 5
split_gain=158.707 96.051 151.406 86.8129 473.536 240.033 367.024 313.722 114.252 248.268 605.965 385.726 418.278 64.6586 56.2789 532.402 159.552 182.065 76.3603 184.514 63.6276 48.5597 36.3671 27.7853 213.672 98.849 22.6743 27.3613 21.0459 150.061 112.151 16.1826 21.3054 82.7951 99.2893 21.1068 9.45013 9.54013 6.42314 4.78449 77.9618 37.8853 49.971 38.8673 10.4136 75.6198 14.7767 4.84759 7.98722 14.9257 11.551 3.88633 22.0053 17.9966 2.87686 5.58198 3.76692 42.1038 84.5538 26.4836 39.6432 2.54275
threshold=1825.4250000000002 6325.2666666666673 6295.3583333333345 175.52725783902761 2042.2249999999997 1989.4750000000008 10.933969412178659 209.04692232613951 5468.0416666666688 1273.8523456632768 1496.2529612698972 10.500000000000002 6196.8833333333359 4564.0000000000009 3754.3666666666682 2460.5000000000005 3656.2500000000023 10.500000000000002 13.500000000000002 202.08031519634304 28.500000000000004 1441.6580699509229 6352.3583333333327 193.77677009399898 2185.3000000000034 2098.4583333333358 1.5000000000000002 3461.233333333334 3841.6666666666711 2460.5000000000005 3656.2500000000023 285.70531970759959 3841.6666666666711 18.381370437085494 37.500000000000007 2.8401565884695708 112.50000000000001 6382.2166666666662 2230.2000000000016 7978.2999999999956 7990.7333333333236 7938.6749999999965 6517.5000000000009 15.897805780940965 6517.5000000000009 7455.9416666666648 1168.6043962509677 7.5000000000000009 222.27932445978175 7603.0499999999984 7536.8833333333232 6.2060092277287451 6413.9750000000004 6509.0416666666633 258.36277969709909 6690.5083333333296 40.500000000000007 6509.0416666666633 5887.5000000000009 6509.0416666666633 1457.2343070048132 30.500000000000004
decision_type=2 2 2 2 2 2 2 2 2 2 2 2 2 2 2 2 2 2 2 2 2 2 2 2 2 2 2 2 2 2 2 2 2 2 2 2 2 2 2 2 2 2 2 2 2 2 2 2 2 2 2 2 2 2 2 2 2 2 2 2 2 2
left_child=-1 2 3 4 -2 6 -5 -8 14 -10 -11 -12 -13 26 15 23 18 -18 20 -20 -17 -22 -3 24 -7 -25 27 -6 29 38 -31 32 33 34 -16 -34 37 -24 -28 41 -41 44 -43 -44 51 -46 -47 -48 50 -50 -49 53 -53 -39 56 -56 57 58 -54 60 -58 -27
right_child=1 22 -4 5 13 8 7 -9 9 10 11 12 -14 -15 31 16 17 -19 19 -21 21 -23 36 25 -26 61 28 -29 -30 30 -32 -33 35 -35 -36 -37 -38 39 -40 40 -42 42 43 -45 45 46 47 48 49 -51 -52 52 54 -55 55 -57 59 -59 -60 -61 -62 -63
leaf_value=0.11112786359153688 -0.20894107202003742 -0.057607244467362761 0.1151772246696055 0.24970433024259717 0.0095208107978105548 0.14978638263791799 0.15570210341526114 -0.093518755584955218 -0.073406895473599437 0.28776509602155004 -0.15525905101195625 0.2611332632956051 -0.036397342604619486 -0.072141878853241609 -0.0067564605718611606 0.097409608377062751 -0.080174520611763 0.10458796059091886 0.20094962978735564 0.0073535465635359287 0.14668734423816204 0.256868671476841 0.023647990450263025 -0.097093873421351118 -0.004616350383946189 -0.00483198125882276 0.022702626773918218 -0.06373916016085647 -0.0052809988596062701 0.029846074833319736 0.18733486443758013 0.038482703339485898 0.045801022325065881 0.048364226071333345 -0.15058020830509211 -0.0049606561572889986 -0.038442002311348922 -0.052147349447477613 -0.0060901698159099918 -0.084456464455973712 -0.0047037821488468239 -0.0045245688408613203 0.11498411448503083 0.018676580414175987 0.098618677258491522 0.028040054861481329 -0.028117539864880123 -0.038262183604569275 0.043599298110474714 -0.0047736647673166143 -0.0038272853805449963 0.039630871505609587 -0.015499288515385354 -0.0066840224201854676 -0.035233768534230464 -0.0074645577601211918 -0.096557673537172373 -0.0053252113395414894 0.10380977705396988 -0.004753171486284017 0.0007064883523112672 0.012855044113738195
leaf_weight=32 29 32 32 26 25 25 23 28 30 28 23 21 27 30 28 23 24 30 20 32 20 20 31 30 216 628 22 26 180 26 20 21 21 22 21 824 20 24 162 31 2661 51 22 20 20 37 22 29 23 52 152 28 33 234 22 102 20 756 27 713 22 21
leaf_count=32 29 32 32 26 25 25 23 28 30 28 23 21 27 30 28 23 24 30 20 32 20 20 31 30 216 628 22 26 180 26 20 21 21 22 21 824 20 24 162 31 2661 51 22 20 20 37 22 29 23 52 152 28 33 234 22 102 20 756 27 713 22 21
internal_value=6.15307e-11 -0.000446297 0.00704478 0.00578742 -0.0126111 0.0100738 0.0968173 0.018875 0.0069744 0.0525994 0.0907832 0.0131002 0.0937723 -0.00101525 0.00406935 0.0117993 0.0933686 0.0224713 0.12666 0.0818136 0.163675 0.201778 -0.00446928 -0.00318458 0.0114005 -0.00836133 0.00361338 -0.0278274 0.00752431 0.0175459 0.0983195 -0.00491459 -0.00590951 -0.0322162 -0.0683952 -0.00369912 -0.00413923 -0.00400555 -0.00264755 -0.00417361 -0.00562218 -0.00255486 0.0287358 0.0691234 -0.00381135 0.00434171 -0.00164413 -0.0055949 -0.00365936 0.0100607 -0.00934448 -0.00519008 -0.00433312 -0.0109132 -0.00505936 -0.0123914 -0.00448065 -0.00212558 0.0381898 -0.00702599 -0.0456098 -0.00425967
internal_weight=8000 7968 2784 2752 520 2232 77 51 2155 129 99 71 48 491 2026 1089 169 54 115 52 63 40 5184 920 241 679 461 51 410 230 46 937 916 71 49 845 5152 5132 184 5101 2692 2409 93 42 2316 335 315 278 256 75 181 1981 1723 258 1695 124 1571 816 60 755 42 649
internal_count=8000 7968 2784 2752 520 2232 77 51 2155 129 99 71 48 491 2026 1089 169 54 115 52 63 40 5184 920 241 679 461 51 410 230 46 937 916 71 49 845 5152 5132 184 5101 2692 2409 93 42 2316 335 315 278 256 75 181 1981 1723 258 1695 124 1571 816 60 755 42 649
is_linear=0
shrinkage=0.05


Tree=99
num_leaves=63
num_cat=0
split_feature=0 0 0 2 0 0 4 2 0 3 3 5 0 3 0 4 5 0 4 4 1 0 6 5 5 0 0 5 0 0 5 0 1 4 3 2 4 3 0 0 3 3 2 4 5 0 3 0 0 3 0 2 0 0 4 0 0 5 6 0 0 0
split_gain=143.233 86.686 136.644 78.3486 427.366 216.63 331.24 284.281 103.112 224.544 574.065 348.118 377.496 63.2556 261.935 111.834 52.2252 59.7738 45.5522 67.8049 40.3448 179.945 40.2003 38.7571 108.099 114.554 161.007 33.3179 40.2733 32.8213 27.5378 20.221 277.482 133.637 30.6255 19.9974 19.6108 21.171 87.8384 22.1317 151.52 118.269 115.635 20.334 16.304 24.6936 20.9056 31.3404 113.133 11.1678 11.0901 11.0637 104.278 76.0748 11.0331 10.5215 24.6303 9.99022 8.52874 8.60997 4.45844 54.4274
threshold=1825.4250000000002 6325.2666666666673 6295.3583333333345 175.52725783902761 2042.2249999999997 1989.4750000000008 10.933969412178659 202.6560729513341 5468.0416666666688 1289.5360422431952 1496.2529612698972 10.500000000000002 6196.8833333333359 1665.2743821328106 5468.0416666666688 19.140154351905334 5.5000000000000009 2342.7583333333364 13.472914609428999 8.7021723604759149 2460.5000000000005 3799.3500000000008 55.500000000000007 29.500000000000004 24.500000000000004 3886.4416666666716 3376.6083333333349 34.500000000000007 3932.8083333333375 6352.3583333333327 1.0000000180025095e-35 3656.2500000000023 2460.5000000000005 15.897805780940965 1471.8456271811701 292.11432209855974 26.645397373070072 2021.5413880894521 3886.4416666666716 3841.6666666666711 1526.218161973409 1682.9062208988828 196.53227290107898 11.866059495398082 1.5000000000000002 3461.233333333334 1377.1311519666172 3841.6666666666711 3461.233333333334 1435.8003870742523 3680.9000000000019 212.69343560665888 2098.4583333333358 2141.7333333333368 11.467502638020424 3729.6416666666687 3329.4000000000015 10.500000000000002 112.50000000000001 6382.2166666666662 7966.9500000000035 7938.6749999999965
decision_type=2 2 2 2 2 2 2 2 2 2 2 2 2 2 2 2 2 2 2 2 2 2 2 2 2 2 2 2 2 2 2 2 2 2 2 2 2 2 2 2 2 2 2 2 2 2 2 2 2 2 2 2 2 2 2 2 2 2 2 2 2 2
left_child=-1 2 3 4 -2 6 -5 -8 16 -10 -11 -12 -13 14 44 18 17 -7 19 -15 -19 -22 30 24 31 26 -26 28 -25 -3 -23 32 35 34 -34 51 37 39 -39 40 42 -42 -33 -44 45 -6 47 48 -46 50 -48 52 -18 -53 57 56 -56 -51 59 -31 61 -61
right_child=1 29 -4 5 13 8 7 -9 9 10 11 12 -14 15 -16 -17 23 20 -20 -21 21 22 -24 27 25 -27 -28 -29 -30 58 -32 36 33 -35 -36 -37 -38 38 -40 -41 41 -43 43 -45 46 -47 49 -49 -50 54 -52 53 -54 -55 55 -57 -58 -59 -60 60 -62 -63
leaf_value=0.10557146774372086 -0.19849401732970928 -0.05472688113804907 0.10941836154088379 0.23721911414311481 0.009044769942760468 0.10701696633228236 0.15902557688809577 -0.080834842001398399 -0.067319805956175247 0.28330995175573559 -0.14749609905740488 0.2480766009361971 -0.034577473832501308 0.10347164432518184 -0.18163997566416151 -0.063536118241873649 0.10047156941890717 -0.0078051093702807151 0.11514548700568933 -0.018983756655898805 0.14794042649279748 -0.065208956096321352 0.064725182242691512 -0.091138516750652349 0.01824021548838229 -0.0065724786049263049 0.17014946705012612 0.012953937909117454 -0.0043981848061894592 0.022465592021903687 0.0046228661628750466 -0.062860173388169363 0.18692159458994867 0.0047572708849249225 0.10894680601709031 -0.05476400292012841 -0.049852572627365588 0.11031382218003274 -0.0058924076460494567 -0.0040973175005250655 -0.18501024005845901 -0.026800048583094462 0.03813941395756873 0.10779876813292505 -0.0025250686053186655 -0.060552202363928359 -0.050398592899243033 -0.0081816751994968698 0.14311953630298377 -0.00053736797945443972 -0.00064455425100667148 -0.10522225559223444 -0.0054883959228915679 -0.0043885182692414756 0.0010295933112502099 -0.0063383644724145849 0.07023378347977996 -0.040804907151808345 -0.036519901533029045 -0.0036207809673239931 -0.0053463151145574589 0.043849272088658429
leaf_weight=32 29 32 32 26 25 21 21 30 31 27 23 21 27 20 21 22 25 85 28 26 28 20 20 32 37 55 33 27 23 31 48 26 20 29 34 20 25 20 87 586 21 27 22 20 40 26 24 48 20 43 21 20 326 289 36 47 20 24 20 2316 2723 62
leaf_count=32 29 32 32 26 25 21 21 30 31 27 23 21 27 20 21 22 25 85 28 26 28 20 20 32 37 55 33 27 23 31 48 26 20 29 34 20 25 20 87 586 21 27 22 20 40 26 24 48 20 43 21 20 326 289 36 47 20 24 20 2316 2723 62
internal_value=3.85227e-11 -0.000423982 0.00669254 0.00549805 -0.0119806 0.00957013 0.0919765 0.0179312 0.00662568 0.0499695 0.0870712 0.0124452 0.0890837 -0.000964489 -0.00981189 0.0354389 0.00386588 0.0267499 0.0648639 0.0342577 0.0183638 0.0375393 0.00241161 0.00104978 0.00264904 0.0474267 0.0898546 -0.0325346 -0.0548653 -0.00424582 -0.0159159 -0.000855789 0.00502641 0.0913323 0.137826 -0.00550799 -0.00623722 -0.00488941 0.0158284 -0.00804725 -0.0280012 -0.096017 0.02001 0.0713105 -0.000163794 -0.026436 0.00398446 0.0219321 0.0460231 -0.00503111 -0.02718 -0.00401539 0.00205861 -0.010915 0.000831843 0.0111052 0.0257454 -0.0149616 -0.00393227 -0.00380527 -0.00396493 -0.00238313
internal_weight=8000 7968 2784 2752 520 2232 77 51 2155 129 98 71 48 491 395 96 2026 222 74 46 201 116 88 1804 1722 125 70 82 55 5184 68 1597 763 83 54 680 834 809 107 702 116 48 68 42 374 51 323 108 60 215 45 660 351 309 170 103 56 67 5152 5132 5101 2378
internal_count=8000 7968 2784 2752 520 2232 77 51 2155 129 98 71 48 491 395 96 2026 222 74 46 201 116 88 1804 1722 125 70 82 55 5184 68 1597 763 83 54 680 834 809 107 702 116 48 68 42 374 51 323 108 60 215 45 660 351 309 170 103 56 67 5152 5132 5101 2378
is_linear=0
shrinkage=0.05


Tree=100
num_leaves=63
num_cat=0
split_feature=0 0 5 0 0 3 1 0 0 3 0 5 4 0 1 2 2 2 5 2 4 2 0 0 2 4 3 3 3 0 3 3 2 2 1 0 0 2 3 3 5 5 5 0 0 6 0 2 3 5 0 0 0 1 0 1 1 0 0 3 4 0
split_gain=129.268 78.2341 124.436 645.083 150.243 110.923 80.6301 415.531 99.9126 78.4911 595.595 75.7036 79.2804 213.032 123.878 222.492 581.802 307.103 313.544 58.5281 90.4417 73.3114 276.015 150.228 519.956 268.478 54.9968 69.1793 48.1431 40.7947 127.526 144.792 46.3096 34.8724 50.6593 157.753 29.6212 28.1856 33.258 25.0542 13.5668 27.7837 24.1896 10.8108 29.6759 7.69719 7.7705 6.82884 6.51843 4.93425 4.37121 4.02374 49.1208 71.5519 36.0143 71.4792 9.39825 68.2469 13.4869 22.7359 3.50741 19.8598
threshold=1825.4250000000002 6325.2666666666673 5.5000000000000009 2098.4583333333358 5468.0416666666688 1076.9907919392665 2460.5000000000005 3702.4166666666683 3484.8166666666684 1367.1625075133579 2042.2249999999997 33.500000000000007 23.318869518870621 6097.5250000000015 4564.0000000000009 233.33113167325016 207.57154986518847 186.32086459101353 11.500000000000002 283.44058333484924 10.037623956390135 229.18805802966455 2185.3000000000034 2042.2249999999997 178.8129778857531 14.329723652659641 1384.1763264522369 1603.1226596620431 1746.719118969279 3886.4416666666716 1695.0839675011987 1524.2937422674834 196.53227290107898 188.12797854346988 2460.5000000000005 3729.6416666666687 6352.3583333333327 203.84623809573398 846.35584395486592 1477.574999842426 29.500000000000004 24.500000000000004 26.500000000000004 3680.9000000000019 4394.2000000000035 112.50000000000001 6382.2166666666662 203.34934736781977 862.91618138737215 29.500000000000004 2098.4583333333358 7966.9500000000035 7938.6749999999965 6517.5000000000009 7990.7333333333236 6517.5000000000009 6517.5000000000009 7455.9416666666648 7518.9416666666575 1441.6580699509229 6.2060092277287451 6413.9750000000004
decision_type=2 2 2 2 2 2 2 2 2 2 2 2 2 2 2 2 2 2 2 2 2 2 2 2 2 2 2 2 2 2 2 2 2 2 2 2 2 2 2 2 2 2 2 2 2 2 2 2 2 2 2 2 2 2 2 2 2 2 2 2 2 2
left_child=-1 2 3 -2 33 -4 9 8 -8 10 -7 12 14 40 29 16 17 18 -16 21 -21 23 -23 24 -11 -26 -10 39 -29 30 31 32 -9 43 -35 -36 -3 -37 -39 -28 41 47 -43 48 -45 46 -38 -14 -5 50 -25 52 56 -54 55 -53 60 -58 59 -59 -48 -62
right_child=1 36 5 4 -6 6 7 11 26 19 -12 -13 13 -15 15 -17 -18 -19 -20 20 -22 22 -24 49 25 -27 27 28 -30 -31 -32 -33 -34 34 35 37 45 38 -40 -41 -42 42 -44 44 -46 -47 51 -49 -50 -51 -52 54 53 -55 -56 -57 57 58 -60 -61 61 -63
leaf_value=0.10029289275407792 0.30329816171101165 -0.051990538695827128 -0.088582207698544316 -0.019838101513407851 0.13203402391205041 -0.29326923698186874 0.17913481055034533 -0.014978959709405899 0.13197390247007898 -0.13685089170932771 -0.0067640881144847625 0.092090839914896569 -0.003748728221525317 -0.17730371234091846 -0.053215524628758427 -0.10297999558970333 0.24364533730679089 -0.11207479032523492 0.2203224144198678 0.13456090820094688 -0.015806697718799115 -0.18975988102999208 -0.0041410359169148708 0.018046944446506955 0.030796229839324951 0.27446576355275915 0.046817805189639329 0.14841939075426622 0.044960483908653259 -0.0050308168783001744 0.11284443639939833 -0.12217570841312408 0.089051573577782386 -0.008823101822195983 0.16581865896781287 -0.033906967120068049 0.021342313199514344 -0.018466956717893484 0.064233400226165097 -0.03050512190569531 -0.042368366650771351 0.069468754231929775 -0.0036724312338404933 -0.076439838640561156 0.0024633981609860295 -0.034693905971362259 -0.01018647149966871 -0.039466620411621994 0.013520717842038722 0.01550422968963782 -0.0051784865163065474 0.010936092693478831 -0.0055204368808439803 0.1028124941719903 -0.0042012773077556645 -0.096436622402360367 0.093868783414363874 0.063717165663838379 -0.0056592085137556489 -0.0071921184085882639 0.037830361896859753 -0.0046253567773995238
leaf_weight=32 21 32 33 27 26 20 27 20 29 20 195 23 23 22 20 20 36 34 22 20 20 24 121 21 20 26 20 22 23 786 31 20 23 82 21 24 31 20 31 22 24 20 26 22 26 20 258 32 32 33 574 31 35 27 2661 31 20 20 269 26 28 1695
leaf_count=32 21 32 33 27 26 20 27 20 29 20 195 23 23 22 20 20 36 34 22 20 20 24 121 21 20 26 20 22 23 786 31 20 23 82 21 24 31 20 31 22 24 20 26 22 26 20 258 32 32 33 574 31 35 27 2661 31 20 20 269 26 28 1695
internal_value=2.57215e-11 -0.000402783 0.00635791 0.0350855 0.0169747 0.00246821 0.00371032 0.012005 0.0925066 -0.00633584 -0.0334157 0.00226584 0.000483293 -0.0338285 0.00546731 0.0506354 0.0780667 -0.000365266 0.0900663 0.000287796 0.0593771 -0.00252933 -0.0348642 0.0042265 0.0759851 0.168522 0.0723431 0.0524662 0.0955404 -0.0013079 0.029822 -0.0110303 0.0406653 0.00647801 0.0200384 0.0446908 -0.00403353 0.0107751 0.0318019 0.00631532 -0.00857681 -0.000547136 0.0281281 -0.0160803 -0.0337006 -0.00373566 -0.00361501 -0.02453 -0.00174518 -0.00331501 -0.00435877 -0.00376668 -0.00226397 0.0416568 -0.005079 -0.0427503 -0.00343974 0.00430566 -0.00138089 0.023638 -0.00474954 -0.00393542
internal_weight=8000 7968 2784 332 311 2452 2419 1325 143 1094 215 1182 1159 147 1012 132 112 76 42 879 40 839 145 694 66 46 116 87 45 880 94 63 43 285 178 96 5184 75 51 42 125 101 46 107 48 5152 5132 55 59 628 595 5101 2378 62 2723 62 2316 335 315 46 1981 1723
internal_count=8000 7968 2784 332 311 2452 2419 1325 143 1094 215 1182 1159 147 1012 132 112 76 42 879 40 839 145 694 66 46 116 87 45 880 94 63 43 285 178 96 5184 75 51 42 125 101 46 107 48 5152 5132 55 59 628 595 5101 2378 62 2723 62 2316 335 315 46 1981 1723
is_linear=0
shrinkage=0.05


Tree=101
num_leaves=63
num_cat=0
split_feature=0 0 0 2 0 0 0 3 3 5 2 6 0 2 6 6 0 1 3 0 4 3 2 2 0 1 4 3 0 4 3 0 0 3 3 2 1 5 0 3 0 0 3 0 4 1 0 5 6 0 2 5 2 0 2 0 2 0 2 3 0 0
split_gain=116.664 70.6063 120.986 67.1214 358.965 181.818 83.3447 223.327 697.14 599.553 299.124 73.7988 180.446 621.89 222.608 70.9912 96.4198 574.534 56.239 251.995 100.45 47.5079 41.5262 98.145 33.718 395.061 126.245 84.1569 26.7332 17.2594 17.738 75.426 24.0447 110.373 134.385 107.852 101.766 13.9175 21.1482 18.9142 27.2295 98.4297 10.3484 10.2754 9.7975 9.40808 22.8462 8.94746 6.94671 7.01288 6.8524 3.90056 3.76837 16.8654 10.6254 51.2674 13.9722 20.5856 35.3335 8.33161 24.7554 13.7133
threshold=1825.4250000000002 6325.2666666666673 6295.3583333333345 175.52725783902761 2042.2249999999997 1881.1083333333336 5468.0416666666688 1353.4688952469539 1516.3845847475034 10.500000000000002 203.34934736781977 88.500000000000014 2042.2249999999997 218.61180003685183 40.500000000000007 73.500000000000014 3886.4416666666716 2460.5000000000005 1665.2743821328106 5468.0416666666688 19.140154351905334 1466.9447267380731 166.41025374237827 156.61946357311845 3656.2500000000023 2460.5000000000005 15.897805780940965 1459.805633658018 6352.3583333333327 26.645397373070072 2021.5413880894521 3886.4416666666716 3841.6666666666711 1526.218161973409 1359.9507559414326 204.1464074195101 2460.5000000000005 1.5000000000000002 3461.233333333334 1377.1311519666172 3841.6666666666711 3461.233333333334 1435.8003870742523 3680.9000000000019 11.467502638020424 2460.5000000000005 4478.9416666666684 10.500000000000002 112.50000000000001 6382.2166666666662 221.92788118342318 21.500000000000004 174.48580354194405 6509.0416666666633 191.14728282978112 6509.0416666666633 188.12797854346988 8017.0583333333243 189.37400290080407 853.91127635751207 7503.7833333333301 6488.3499999999985
decision_type=2 2 2 2 2 2 2 2 2 2 2 2 2 2 2 2 2 2 2 2 2 2 2 2 2 2 2 2 2 2 2 2 2 2 2 2 2 2 2 2 2 2 2 2 2 2 2 2 2 2 2 2 2 2 2 2 2 2 2 2 2 2
left_child=-1 2 3 4 -2 -5 11 -8 -9 -10 -11 12 13 14 -7 24 17 -17 19 37 22 -13 23 -20 25 -14 27 -27 -3 30 32 -32 33 34 35 -26 -35 38 -6 40 41 -39 43 -41 47 -46 -47 -44 49 -30 -23 -34 53 -51 55 -54 -57 58 -58 60 -56 -61
right_child=1 28 -4 5 18 6 7 8 9 10 -12 21 15 -15 -16 16 -18 -19 20 -21 -22 50 -24 -25 29 26 -28 -29 48 -31 31 -33 51 36 -36 -37 -38 39 -40 42 -42 -43 44 -45 45 46 -48 -49 -50 52 -52 -53 54 -55 59 56 57 -59 -60 61 -62 -63
leaf_value=0.09527824525721372 -0.18219881962085593 -0.049391011847183114 0.10270101609639824 0.1376477428470497 0.0085169544517993932 0.096263853073120131 -0.053836735872886121 0.32691930169644567 -0.2134926106248583 -0.036439130455255507 0.22076185893070385 -0.086423168743631873 -0.0041494760557628631 -0.11943512888004382 0.32006476126611233 -0.011674447831939216 -0.008326662579154381 0.2914538223635067 0.019046978110616859 -0.17804447015126545 -0.060642873182554138 0.0026872301720740166 0.016933189062101225 0.1701653349257651 -0.11606705945809014 0.20137879393934721 0.022697465603842455 0.088990739650196507 0.020275196421050259 -0.046428741293028 0.10235672153532505 -0.005326455731704917 -0.0036864035996360305 0.00076163381803780791 0.079941482967822941 0.032571345277424175 -0.14584562465034684 -0.0019689311669208111 -0.055890350534509005 -0.048457967756742923 -0.0072100362158380449 0.13388231787830593 -0.00037591034156638523 -0.00056617002756822674 -0.004140130114161744 0.065812763412083905 -0.0026656323144661973 -0.038484018932407105 -0.032959211417728514 -0.0382296824362129 -0.034196409480646249 0.017271516042882983 0.058672585056506493 -0.0050324535164765543 0.042666078320817674 -0.0037496982360587395 0.07450148990570471 -0.0047619119942696256 0.0062954836694354369 -0.02786409343881089 -0.0065102128895470901 -0.0042991911076026073
leaf_weight=32 29 32 32 27 25 25 39 23 21 20 26 34 752 24 20 54 61 22 22 21 22 34 31 21 26 31 34 36 31 25 20 87 639 20 37 23 29 40 26 24 48 20 43 21 53 21 29 24 20 40 20 23 38 879 37 708 29 88 55 63 83 3081
leaf_count=32 29 32 32 27 25 25 39 23 21 20 26 34 752 24 20 54 61 22 22 21 22 34 31 21 26 31 34 36 31 25 20 87 639 20 37 23 29 40 26 24 48 20 43 21 53 21 29 24 20 40 20 23 38 879 37 708 29 88 55 63 83 3081
internal_value=1.63931e-11 -0.000382644 0.00604002 0.00491605 -0.0112618 0.00868509 0.00710596 0.0461023 0.0894092 0.00787583 0.108935 0.00468278 0.00666619 0.0861079 0.195731 0.00380977 0.0384937 0.0760732 -0.00116575 -0.00950804 0.0331593 -0.0401244 0.0610464 0.092849 0.00114327 0.00832089 0.10117 0.140991 -0.00383185 -0.00544716 -0.00431382 0.0148012 -0.00688008 -0.0261115 0.00801433 -0.046298 -0.0860059 -4.47633e-05 -0.0243181 0.00378788 0.0208593 0.0433148 -0.00478755 -0.0261085 0.000856219 0.0105373 0.0260953 -0.0140266 -0.00354887 -0.00343426 -0.0109734 -0.00295826 -0.00357835 -0.00647738 -0.00294128 0.00181102 -0.000644363 0.0121381 0.0298428 -0.00427786 0.00865248 -0.00477139
internal_weight=8000 7968 2784 2752 520 2232 2205 129 90 67 46 2076 1988 69 45 1919 137 76 491 395 96 88 74 43 1782 853 101 67 5184 929 904 107 797 135 86 49 49 374 51 323 108 60 215 45 170 103 50 67 5152 5132 54 662 5101 919 4182 918 880 172 84 3264 120 3144
internal_count=8000 7968 2784 2752 520 2232 2205 129 90 67 46 2076 1988 69 45 1919 137 76 491 395 96 88 74 43 1782 853 101 67 5184 929 904 107 797 135 86 49 49 374 51 323 108 60 215 45 170 103 50 67 5152 5132 54 662 5101 919 4182 918 880 172 84 3264 120 3144
is_linear=0
shrinkage=0.05


Tree=102
num_leaves=63
num_cat=0
split_feature=0 0 5 0 0 3 5 4 0 5 5 2 1 2 4 2 1 2 4 2 2 0 5 4 3 4 2 0 2 1 0 6 0 1 2 3 5 4 3 4 0 2 0 0 3 2 0 3 0 0 0 3 4 0 4 0 1 0 0 0 0 0
split_gain=105.29 63.7222 112.853 378.834 172.077 97.9215 64.7746 79.8857 211.725 103.293 79.4742 75.1148 63.8737 63.1087 203.398 132.491 91.0867 363.018 230.295 367.133 199.699 67.8509 505.875 384.911 44.8409 81.6845 47.2601 56.8955 34.0409 52.1145 141.152 33.3678 30.1117 262.574 70.0317 63.286 74.8609 55.0871 82.9228 29.3568 24.1267 20.6818 81.3156 50.4222 14.9011 11.0734 76.3271 98.208 57.7587 9.87808 44.509 8.42793 7.61392 6.28089 6.03464 11.0867 3.84974 125.538 14.3618 5.36491 80.0834 64.2171
threshold=1825.4250000000002 6325.2666666666673 4.5000000000000009 2141.7333333333368 5468.0416666666688 1076.9907919392665 35.500000000000007 27.448199871747182 2539.1750000000015 27.500000000000004 23.500000000000004 192.30297620430787 2460.5000000000005 289.97398748172208 11.467502638020424 283.44058333484924 4564.0000000000009 207.57154986518847 10.452438316795091 187.47626815679496 217.75389928158828 1989.4750000000008 10.500000000000002 15.707195343433687 1462.1690589935522 32.81589518185784 213.06624581975299 3932.8083333333375 188.12797854346988 2460.5000000000005 3799.3500000000008 49.500000000000007 3754.3666666666682 2460.5000000000005 239.3112847248855 1707.9827702754214 8.5000000000000018 12.942593012678978 1464.4834021093227 24.30412793299725 6352.3583333333327 170.38272186081616 2230.2000000000016 2098.4583333333358 1181.9059472805154 193.14793500313135 3886.4416666666716 1526.218161973409 3886.4416666666716 4035.9333333333375 3484.8166666666684 862.91618138737215 3.6147484818953477 6382.2166666666662 43.415062745293575 7888.1166666666641 7306.0000000000009 7990.7333333333236 8039.0833333333294 7440.7333333333254 7423.733333333329 7455.9416666666648
decision_type=2 2 2 2 2 2 2 2 2 2 2 2 2 2 2 2 2 2 2 2 2 2 2 2 2 2 2 2 2 2 2 2 2 2 2 2 2 2 2 2 2 2 2 2 2 2 2 2 2 2 2 2 2 2 2 2 2 2 2 2 2 2
left_child=-1 2 3 -2 28 -4 7 9 -9 13 12 -11 -10 15 -15 16 21 18 -18 -20 -19 22 -7 -24 25 -12 27 -26 49 -30 -31 52 33 39 35 36 -35 -38 -39 41 -3 42 -23 -43 -34 48 47 -47 -46 50 51 -5 -32 -42 56 -56 59 -58 -59 60 -55 -61
right_child=1 40 5 4 -6 6 -8 8 10 11 24 -13 -14 14 -16 -17 17 20 19 -21 -22 32 23 -25 26 -27 -28 -29 29 30 31 -33 44 34 -36 -37 37 38 -40 -41 53 43 -44 -45 45 46 -48 -49 -50 -51 -52 -53 -54 54 55 -57 57 58 -60 61 -62 -63
leaf_value=0.09051432712003589 0.23953182739870893 -0.046921460342127831 -0.082024862924941669 -0.01976752760820091 0.15027398820156637 -0.25251764119380998 0.075232134304279774 -0.1823866622708738 -0.0074156792450230579 0.15172970807645469 -0.092898353561759003 0.024859575764276089 -0.13226847629273489 0.047786026989871805 -0.17252762474119665 0.11281321301524128 0.094660544501883659 0.2691109064221382 0.029909444227814677 -0.22878966741263868 0.069997397262383909 -0.11560833183117213 0.16581272935425795 -0.12358968444168568 0.12560860816267364 0.034917508299928159 -0.010775899240193336 0.01291484257671982 -0.0082426529955180166 0.15763818282972686 -0.038001385650131857 0.062853141447994851 0.028278284892439845 -0.0091049222719101677 0.15680612472817301 -0.010242440019335067 0.14392107454793795 -0.01196575335093907 0.1254573629602142 0.041740402827660249 0.018711294088279828 0.057391386127897674 -0.0050738628612974701 -0.0042163624687191958 0.060608601328488942 0.0074779680445790295 -0.003586247246541037 -0.12670402564729252 -0.0056027229877654468 0.0071908143131182564 -0.089172418676316742 0.023605661963423095 0.0051049899221176191 -0.0034679456755048669 0.002643117765811357 -0.048147587832950416 0.11477145676541588 0.028970260912662044 -0.0039679288012672955 -0.077067379845726883 0.07914664725462596 -0.0046394561231481298
leaf_weight=32 21 32 34 24 23 21 31 20 20 20 25 28 21 22 20 28 28 20 32 24 34 20 27 20 21 25 37 24 76 22 20 20 34 21 20 28 35 21 23 36 32 35 99 650 37 25 489 30 300 31 20 21 21 1321 22 21 23 34 1242 31 30 2396
leaf_count=32 21 32 34 24 23 21 31 20 20 20 25 28 21 22 20 28 28 20 32 24 34 20 27 20 21 25 37 24 76 22 20 20 34 21 20 28 35 21 23 36 32 35 99 650 37 25 489 30 300 31 20 21 21 1321 22 21 23 34 1242 31 30 2396
internal_value=8.15789e-11 -0.000363511 0.00573802 0.0347594 0.019291 0.0022461 0.0034151 0.00249513 -0.0283636 0.00516946 -0.0105575 0.0777221 -0.0713647 0.00357124 -0.0571252 0.00476415 0.00332964 0.0425998 -0.0224209 -0.0809616 0.143743 0.000580133 -0.0484959 0.0426628 0.0083296 -0.0289904 0.0310857 0.0655053 0.00747688 0.0216719 0.0490636 0.00990557 0.00233377 0.00838648 0.0697946 0.0561991 0.0748027 0.0971073 0.0598691 -0.00243305 -0.00364026 -0.00441097 -0.0236511 -0.00106852 -0.00420184 -0.00545533 -0.00986736 -0.0657122 0.00166677 -0.0160337 -0.02711 0.000473294 -0.0159225 -0.00337143 -0.00350945 -0.0221616 -0.00335147 -0.00100341 -0.00309027 -0.00415881 -0.00163342 -0.00556458
internal_weight=8000 7968 2784 299 278 2485 2451 2420 193 2227 173 48 41 2179 42 2137 2109 138 84 56 54 1971 68 47 132 50 82 45 255 159 83 61 1903 988 148 128 100 79 44 840 5184 804 119 685 915 881 544 55 337 96 65 45 41 5152 5120 43 5077 1299 1276 3778 1351 2427
internal_count=8000 7968 2784 299 278 2485 2451 2420 193 2227 173 48 41 2179 42 2137 2109 138 84 56 54 1971 68 47 132 50 82 45 255 159 83 61 1903 988 148 128 100 79 44 840 5184 804 119 685 915 881 544 55 337 96 65 45 41 5152 5120 43 5077 1299 1276 3778 1351 2427
is_linear=0
shrinkage=0.05


Tree=103
num_leaves=63
num_cat=0
split_feature=0 0 0 4 5 0 6 3 0 5 4 0 5 2 0 2 4 2 1 2 3 3 0 5 4 2 2 1 0 5 5 0 0 1 5 5 2 2 5 0 1 0 3 0 2 0 3 0 6 0 0 0 0 0 1 0 1 1 0 0 2 4
split_gain=95.0239 57.5093 102.217 66.3693 158.933 477.18 94.639 90.5966 85.6919 57.9876 79.3399 157.782 109.162 79.5895 74.4128 57.5597 183.566 136.012 98.6824 233.689 233.107 274.569 61.7729 456.552 347.382 51.4011 39.149 57.8389 192.449 35.8852 60.0951 62.9818 31.2193 255.949 89.6508 78.7024 110.89 101.522 96.913 29.0457 21.8869 21.7743 13.4301 12.7299 9.99379 68.8852 88.6328 52.1273 6.09496 5.72463 5.06895 9.6705 3.40084 42.6689 61.604 34.9402 68.0372 8.47984 60.6062 12.918 5.16778 4.90414
threshold=1825.4250000000002 6325.2666666666673 6295.3583333333345 2.8401565884695708 4.5000000000000009 2230.2000000000016 40.500000000000007 1135.2150655730331 5332.9416666666702 35.500000000000007 27.448199871747182 2591.6916666666689 27.500000000000004 194.99629435552083 5420.7416666666677 289.97398748172208 11.467502638020424 283.44058333484924 4564.0000000000009 175.52725783902761 1577.0224354450506 1353.4688952469539 1989.4750000000008 10.500000000000002 15.707195343433687 194.03350452319555 188.12797854346988 2460.5000000000005 3987.4166666666711 24.500000000000004 29.500000000000004 3886.4416666666716 3754.3666666666682 2460.5000000000005 20.500000000000004 9.5000000000000018 217.31894512930998 195.83212103232398 13.500000000000002 2042.2249999999997 2460.5000000000005 6352.3583333333327 1181.9059472805154 3932.8083333333375 193.14793500313135 3886.4416666666716 1526.218161973409 3886.4416666666716 112.50000000000001 6382.2166666666662 4035.9333333333375 3461.233333333334 7966.9500000000035 7938.6749999999965 6517.5000000000009 7990.7333333333236 6517.5000000000009 6517.5000000000009 7455.9416666666648 7487.8749999999964 160.03180207839716 6.1086077774620389
decision_type=2 2 2 2 2 2 2 2 2 2 2 2 2 2 2 2 2 2 2 2 2 2 2 2 2 2 2 2 2 2 2 2 2 2 2 2 2 2 2 2 2 2 2 2 2 2 2 2 2 2 2 2 2 2 2 2 2 2 2 2 2 2
left_child=-1 2 3 6 5 -5 -2 25 26 10 12 -12 15 -14 29 17 -17 18 22 -20 21 -21 23 -9 -25 -6 50 -28 -29 40 31 -31 33 39 35 37 38 -35 -37 -24 -13 -3 -34 -32 47 46 -46 -44 49 -43 51 -7 53 57 -55 56 -54 -51 -59 -60 -61 -62
right_child=1 41 -4 4 7 8 -8 9 -10 -11 11 14 13 -15 -16 16 -18 -19 19 20 -22 -23 32 24 -26 -27 27 28 -30 30 43 -33 42 34 -36 36 -38 -39 -40 -41 -42 48 44 -45 45 -47 -48 -49 -50 52 -52 -53 55 54 -56 -57 -58 58 59 60 61 -63
leaf_value=0.085988625930622231 -0.11479997766769626 -0.044575388464727445 0.094298799405805767 0.25638131362696492 -0.095816489409965788 -0.0088212894876637769 0.0093316788511241186 -0.23989175692910242 0.11906104004010559 0.071470527519141472 -0.15425515318797395 -0.0060356901564563702 0.15632073827087881 0.024722570265401846 -0.10237752575427295 0.04539672530848872 -0.1639012471586466 0.11634372630053097 -0.093427005539769722 0.0038576727360486989 -0.013396064440409342 0.23733155806274975 0.050012886925385552 0.15752209193176694 -0.11741019545122983 -0.010090120306567234 -0.006235960784384556 0.18430120639857794 -0.0093224142988522843 0.102218131854797 -0.054623492244123065 -0.0011159980995580554 0.036252597639977471 0.10901578254997731 -0.024988786521412079 0.019740453362464907 0.20803311421414433 -0.050296905636787417 0.1483668965873895 -0.003683361989459902 -0.075608547069132337 0.01832587297164625 0.057578175182680824 -0.0001988594730695089 0.0071040684133768092 -0.0034069348877992915 -0.12036882647002736 -0.0053225868664061038 -0.030751226728316396 -0.004184166746732965 0.0020625265421007166 -0.052765903311471143 0.010840382318823569 -0.0046843627946717399 0.095836094132176156 -0.0035676208260310423 -0.093915239997929154 0.088818012177944189 0.033544347941875462 -0.023938183784324291 0.016325667425002337 -0.0042971086136388125
leaf_weight=32 28 32 32 24 36 31 34 21 20 31 22 26 20 27 20 22 20 27 23 20 36 34 26 27 20 34 57 21 33 29 22 30 20 20 21 32 23 20 27 803 20 31 37 21 25 489 30 300 20 1981 22 21 31 35 27 2661 31 20 25 29 33 228
leaf_count=32 28 32 32 24 36 31 34 21 20 31 22 26 20 27 20 22 20 27 23 20 36 34 26 27 20 34 57 21 33 29 22 30 20 20 21 32 23 20 27 803 20 31 37 21 25 489 30 300 20 1981 22 21 31 35 27 2661 31 20 25 29 33 228
internal_value=3.29566e-11 -0.000345336 0.00545111 0.004418 0.00559683 0.0454386 -0.0467278 0.00188949 0.0207429 0.00353094 0.00263852 -0.0283437 0.00535125 0.0807218 -0.0118553 0.00368266 -0.054269 0.00485227 0.00338671 0.0488084 0.0851574 0.15086 0.000742375 -0.0460711 0.0405296 -0.054178 0.0101139 0.028894 0.0659757 0.000377393 0.0169113 0.0496754 0.00244196 0.00865697 0.0704334 0.0868585 0.114907 0.0293594 0.0786034 -0.00199928 -0.0362848 -0.00345824 -0.0042628 -0.028044 -0.00518256 -0.009374 -0.0624266 0.00158343 -0.00320286 -0.0030955 -0.0180563 -0.0265682 -0.00322568 -0.00184417 0.0390907 -0.00443216 -0.0415374 -0.00294001 0.00441722 -0.000941563 -0.00391449 -0.00168963
internal_weight=8000 7968 2784 2752 2690 229 62 2461 205 2391 2360 190 2170 47 168 2123 42 2081 2054 113 90 54 1941 68 47 70 185 111 54 148 102 59 1873 972 143 122 82 40 59 829 46 5184 901 43 881 544 55 337 5152 5132 74 52 5101 2378 62 2723 62 2316 335 315 290 261
internal_count=8000 7968 2784 2752 2690 229 62 2461 205 2391 2360 190 2170 47 168 2123 42 2081 2054 113 90 54 1941 68 47 70 185 111 54 148 102 59 1873 972 143 122 82 40 59 829 46 5184 901 43 881 544 55 337 5152 5132 74 52 5101 2378 62 2723 62 2316 335 315 290 261
is_linear=0
shrinkage=0.05


Tree=104
num_leaves=63
num_cat=0
split_feature=0 2 2 0 0 4 5 0 0 4 4 0 0 2 0 3 3 3 4 5 3 4 3 3 5 6 1 4 0 0 0 0 0 0 5 3 2 3 1 0 1 0 2 2 2 0 2 3 5 2 5 3 0 2 3 3 2 3 5 5 0 0
split_gain=87.8528 162.099 385.373 47.3775 93.023 53.1039 89.8378 223.747 82.6076 56.0605 56.2566 307.927 138.878 114.686 52.9344 50.3671 58.7229 93.8786 61.5425 215.977 73.5056 57.9822 97.4846 55.1732 48.1036 47.2561 46.7133 41.8994 288.712 173.718 101.612 42.3819 39.8048 36.4406 33.91 38.0283 33.7842 57.808 94.0886 29.4676 169.884 48.6047 27.3877 23.3862 20.6831 19.6513 17.9768 50.5693 84.9603 41.6186 26.1908 30.6413 27.8585 18.1825 22.1295 26.5518 17.8619 13.5722 14.9585 19.84 27.2499 20.0257
threshold=1881.1083333333336 193.45042257198017 217.75389928158828 6325.2666666666673 6295.3583333333345 3.479891939776667 4.5000000000000009 2342.7583333333364 2490.5250000000033 5.4002412261739012 10.37748529761434 5468.0416666666688 2042.2249999999997 289.97398748172208 5280.4500000000016 1160.1054056794974 1226.9027111096136 1201.9139435697552 11.467502638020424 14.500000000000002 2159.0194214264452 10.933969412178659 1584.5942637480839 2246.7511496126285 1.0000000180025095e-35 34.500000000000007 2460.5000000000005 16.762420323253952 2098.4583333333358 2098.4583333333358 6151.5000000000027 5468.0416666666688 5420.7416666666677 4394.2000000000035 7.5000000000000009 1469.4436323638677 188.12797854346988 862.91618138737215 2460.5000000000005 3777.3833333333346 2460.5000000000005 3886.4416666666716 189.04503037890356 218.21957911563575 195.35041708669135 6352.3583333333327 198.42355771651265 1687.7907137519549 9.5000000000000018 200.72480607189615 13.500000000000002 1579.0129239040932 4144.2250000000049 285.70531970759959 1466.9447267380731 1426.3678617903224 192.60050887746647 2097.6706572630123 24.500000000000004 25.500000000000004 3754.3666666666682 3376.6083333333349
decision_type=2 2 2 2 2 2 2 2 2 2 2 2 2 2 2 2 2 2 2 2 2 2 2 2 2 2 2 2 2 2 2 2 2 2 2 2 2 2 2 2 2 2 2 2 2 2 2 2 2 2 2 2 2 2 2 2 2 2 2 2 2 2
left_child=1 -1 -3 4 5 8 7 -7 -2 34 11 12 -11 15 36 33 17 -17 19 21 27 22 43 26 -10 -26 -22 29 -29 -20 32 39 57 44 35 -8 -9 -38 -39 40 -31 -41 -23 -18 -12 -5 47 50 -49 -48 51 -14 -53 54 55 -51 -37 58 -30 -60 61 -61
right_child=3 2 -4 45 -6 6 9 14 24 10 13 -13 46 -15 -16 16 18 -19 20 -21 23 42 -24 -25 25 -27 -28 28 30 31 -32 -33 -34 -35 -36 56 37 38 -40 41 -42 -43 -44 -45 -46 -47 49 48 -50 53 -52 52 -54 -55 -56 -57 -58 -59 59 60 -62 -63
leaf_value=0.17221251839683172 -0.1228864010795951 -0.15046947236045352 0.14898009056394751 -0.04234661776572466 0.089583856845274576 0.19201211052991096 0.04533901007700479 -0.019229321612886364 -0.06819553351961076 0.12168285434062664 -0.051470728225207756 0.16046623187405723 0.0056800412747619392 -0.10133241684442121 0.095762802828103302 -0.0092857078846656921 0.011207775152377928 0.11188716531520891 0.12610524229464992 -0.17490340647372335 0.029901904247235506 -0.088553495476530353 0.10106622115708888 -0.0025365638679691726 -0.040121232324533844 0.054483340878152486 0.13242258048057556 -0.17414124423265459 -0.0061393342091131875 -0.0041664903033524752 -0.089417900481531698 0.060147719597443944 0.067871244407623363 -0.099136584614170728 -0.071357327983959731 -0.072575292624533175 -0.015680821442113416 -0.0025342102413280655 0.13331807630509138 -0.079395309827911362 0.11013202988787701 -0.0043742735534473215 -0.010520457905595719 -0.060708486419171093 0.019576185941696168 -0.0030427155227568752 -0.071862451040319034 0.10223456470144761 -0.0072534969569567377 0.0026389046482598552 0.05417672833427787 -0.085225752177648259 -0.0027709255394126691 0.042619247912868259 -0.013289125104976027 0.060983359192808478 -0.0065513955961380684 0.037708922894671565 0.054516007313909744 0.0066385427253099821 -0.017510668155611368 0.056811850944844394
leaf_weight=21 20 21 22 32 32 21 20 62 24 26 21 35 153 28 20 33 26 31 31 22 20 22 26 28 22 33 25 25 397 225 31 32 23 20 38 20 41 26 25 24 38 215 23 20 20 5152 21 37 34 104 21 20 21 24 191 24 21 24 23 59 74 30
leaf_count=21 20 21 22 32 32 21 20 62 24 26 21 35 153 28 20 33 26 31 31 22 20 22 26 28 22 33 25 25 397 225 31 32 23 20 38 20 41 26 25 24 38 215 23 20 20 5152 21 37 34 104 21 20 21 24 191 24 21 24 23 59 74 30
internal_value=-5.68089e-12 0.0583463 0.00273728 -0.000470535 0.00483176 0.00383467 0.00519246 0.0378433 -0.0321125 0.00256802 0.00413575 0.0158562 0.008369 -0.00102096 0.0192367 0.000747759 0.00252753 0.0494074 0.000476733 -0.0311732 0.00379949 -0.00414695 0.0236799 0.0525696 -0.00913177 0.0166415 0.0868578 0.000953597 -0.00735079 0.0110364 -0.00104253 0.00435642 0.0033061 -0.0438048 -0.0342817 -0.0111853 0.00929825 0.0285234 0.06406 0.000800001 0.0123481 -0.0119078 -0.0486699 -0.0200602 -0.0168137 -0.00328533 0.00383644 0.0132172 0.0498037 -0.00353414 0.00113513 -0.00460649 -0.0429928 0.00064923 -0.00250839 0.0135785 -0.0387582 0.000859649 -0.000657303 0.0110436 0.00490945 0.0235509
internal_weight=8000 64 43 7936 2752 2720 2621 195 99 2426 2327 711 676 1616 174 1588 1527 64 1463 139 1324 117 72 73 79 55 45 1251 686 565 661 534 630 61 99 61 154 92 51 502 263 239 45 46 41 5184 650 286 71 364 215 194 41 343 319 128 41 607 583 186 163 89
internal_count=8000 64 43 7936 2752 2720 2621 195 99 2426 2327 711 676 1616 174 1588 1527 64 1463 139 1324 117 72 73 79 55 45 1251 686 565 661 534 630 61 99 61 154 92 51 502 263 239 45 46 41 5184 650 286 71 364 215 194 41 343 319 128 41 607 583 186 163 89
is_linear=0
shrinkage=0.05


Tree=105
num_leaves=63
num_cat=0
split_feature=0 2 2 0 0 4 5 0 0 4 3 0 4 5 5 5 0 4 5 6 4 2 0 5 4 0 0 4 2 3 1 2 0 1 0 5 5 5 5 3 0 2 4 5 0 0 4 6 4 6 2 0 0 2 2 0 3 3 3 0 3 3
split_gain=79.2871 146.294 347.799 42.7582 83.9533 47.9263 81.0786 201.932 74.5534 50.5946 52.1656 59.9541 307.006 222.512 192.55 296.678 47.7733 47.0261 43.4135 42.6487 41.6802 42.0124 62.8413 502.853 591.469 55.7273 41.021 31.8167 30.4903 52.1717 84.915 29.0969 34.2738 322.649 97.5441 50.9614 35.4522 35.1779 74.6225 28.6374 17.7353 16.8518 13.7772 15.118 81.5198 20.0657 107.252 13.1914 8.56235 5.5007 5.67234 81.7776 41.8511 12.7984 12.098 7.6381 42.5395 7.18865 23.1238 24.7186 33.114 14.0459
threshold=1881.1083333333336 193.45042257198017 217.75389928158828 6325.2666666666673 6295.3583333333345 3.479891939776667 4.5000000000000009 2342.7583333333364 2490.5250000000033 5.4002412261739012 1135.2150655730331 5468.0416666666688 10.657496937984229 24.500000000000004 18.500000000000004 14.500000000000002 5280.4500000000016 16.390176612175789 1.0000000180025095e-35 34.500000000000007 5.8311486839569149 144.88299721476241 2042.2249999999997 10.500000000000002 16.2391242088509 3777.3833333333346 4035.9333333333375 4.8806812059580373 188.12797854346988 862.91618138737215 2460.5000000000005 149.16707844106267 3754.3666666666682 2460.5000000000005 3606.200000000003 16.500000000000004 10.500000000000002 15.500000000000002 12.500000000000002 1538.1473068786042 6352.3583333333327 285.70531970759959 6.5633358997215128 9.5000000000000018 4035.9333333333375 3841.6666666666711 15.026101705752092 34.500000000000007 10.59286813235402 112.50000000000001 201.63596294695165 6413.9750000000004 6413.9750000000004 202.3713608962739 202.6560729513341 6509.0416666666633 1489.9108630532387 1423.451864974666 1392.4123246230222 7953.7583333333232 1404.1640604698039 1452.2186942304916
decision_type=2 2 2 2 2 2 2 2 2 2 2 2 2 2 2 2 2 2 2 2 2 2 2 2 2 2 2 2 2 2 2 2 2 2 2 2 2 2 2 2 2 2 2 2 2 2 2 2 2 2 2 2 2 2 2 2 2 2 2 2 2 2
left_child=1 -1 -3 4 5 8 7 -7 -2 27 17 20 -13 14 15 -14 28 48 -10 -20 26 25 23 -23 -25 -22 -12 39 -9 47 -31 -24 33 -33 37 36 -36 38 -35 -8 -5 42 -34 44 -44 46 -45 -30 -11 50 51 -42 -52 -54 -55 56 -56 58 -53 60 -60 -59
right_child=3 2 -4 40 -6 6 9 16 18 10 11 12 13 -15 -16 -17 -18 -19 19 -21 21 22 31 24 -26 -27 -28 -29 29 30 -32 32 41 34 35 -37 -38 -39 -40 -41 49 -43 43 45 -46 -47 -48 -49 -50 -51 52 57 53 54 55 -57 -58 61 59 -61 -62 -63
leaf_value=0.16360189517339072 -0.11674208141746932 -0.14294600323552178 0.14153108366511086 -0.040229284646920861 0.085104665998369466 0.18241150173402967 0.028018930570343166 -0.018267855787604686 -0.064785755518823859 -0.030521267451986207 0.08832937985425815 0.15801392864239844 -0.083465068904977097 0.13938103877007962 -0.1813378254696727 0.1544487127661705 0.090974662303924564 -0.095918703763163651 -0.038115171967497606 0.051759172789752485 0.098048187140375387 -0.25085679292678836 -0.053278717953387816 0.17662290118995214 -0.1721359730133554 -0.0076084315214150896 -0.0041153797658071631 -0.069259854601192716 0.014164705406874417 -0.0024074997143963212 0.12665217372775078 -0.0023825961571297787 -0.035031768753843708 0.13293988211371471 0.018372431668368255 -0.025285873949527745 0.10715395147385805 0.15099269506685875 0.009823313057422638 -0.040516734604939958 0.079598842435065778 0.041677826142404228 0.0975191643866508 -0.10338098957235445 -0.0042618447757430495 -0.0040292058331254333 0.030391705709119001 -0.042574385868474132 0.015745218694210052 -0.029061529766768221 -0.061265198135515675 -0.0014239174424795281 -0.032150084673403169 0.034505708684169113 0.071403444968163962 -0.0039841644791076781 -0.025590200693561483 -0.022248417127066027 0.09065056583688906 -0.0020171991698443889 0.012421017825122803 -0.0029635586030146571
leaf_weight=21 20 21 22 32 32 21 27 62 24 20 28 38 38 20 20 20 20 24 22 33 26 21 23 31 20 24 21 37 20 26 25 860 36 32 22 25 23 34 20 35 31 20 23 29 136 642 31 21 20 20 32 863 39 21 20 2445 26 101 24 50 31 1449
leaf_count=21 20 21 22 32 32 21 27 62 24 20 28 38 38 20 20 20 20 24 22 33 26 21 23 31 20 24 21 37 20 26 25 860 36 32 22 25 23 34 20 35 31 20 23 29 136 642 31 21 20 20 32 863 39 21 20 2445 26 101 24 50 31 1449
internal_value=6.38443e-11 0.055429 0.00260041 -0.000447008 0.00459017 0.00364294 0.00493284 0.0359511 -0.0305069 0.00243962 0.00392896 0.00518792 0.0373728 -0.00940647 -0.0475571 -0.00142583 0.0182749 -0.040587 -0.00867518 0.0158094 0.00313003 0.00205523 0.000938917 -0.0449361 0.0398547 0.047333 0.0487102 -0.0325676 0.00883334 0.0270972 0.060857 0.00262757 0.00329278 0.00961796 0.0757749 0.0319513 0.0637497 0.111445 0.0855874 -0.0106706 -0.00312107 -0.00371528 -0.00472739 -0.00346031 0.0104612 -0.00661347 -0.0342651 -0.0148968 -0.00738802 -0.00289058 -0.00278859 -0.00111524 -0.00443991 -0.00372708 -0.0032858 -0.0036044 0.0165809 -0.00210894 0.00127166 0.0234267 0.0465575 -0.00422018
internal_weight=8000 64 43 7936 2752 2720 2621 195 99 2426 2327 2263 136 98 78 58 174 64 79 55 2127 2078 2028 72 51 50 49 99 154 92 51 1956 1933 1016 156 70 45 86 52 62 5184 917 897 861 159 702 60 41 40 5152 5132 2549 2583 2551 2512 2491 46 2518 968 105 55 1550
internal_count=8000 64 43 7936 2752 2720 2621 195 99 2426 2327 2263 136 98 78 58 174 64 79 55 2127 2078 2028 72 51 50 49 99 154 92 51 1956 1933 1016 156 70 45 86 52 62 5184 917 897 861 159 702 60 41 40 5152 5132 2549 2583 2551 2512 2491 46 2518 968 105 55 1550
is_linear=0
shrinkage=0.05


Tree=106
num_leaves=63
num_cat=0
split_feature=0 0 1 4 5 0 0 5 0 4 0 4 0 3 6 3 2 4 4 4 4 0 4 4 6 2 2 0 0 4 0 1 5 2 6 0 2 2 0 4 0 0 2 0 5 4 3 6 1 0 0 2 4 3 4 1 2 2 2 2 0 0
split_gain=73.2734 44.273 268.473 72.3063 183.664 1054.63 72.1734 71.4518 577.392 76.1524 457.16 450.98 234.215 61.176 57.3972 103.753 99.7219 114.387 42.0865 21.6931 11.9196 28.2001 81.942 21.195 17.6199 34.1702 15.3361 45.4467 192.518 29.7436 17.4783 112.782 298.833 313.458 315.989 198.486 127.745 97.6491 54.5269 14.6425 69.344 14.3351 12.1736 11.1287 171.178 58.5761 105.041 90.9246 8.9908 14.0369 19.4082 250.034 11.3434 8.38232 6.94152 5.94592 4.52748 8.75809 4.10842 18.167 27.5458 6.43995
threshold=1825.4250000000002 3754.3666666666682 2460.5000000000005 3.1638550743982683 5.5000000000000009 2185.3000000000034 3461.233333333334 9.5000000000000018 2042.2249999999997 15.990184105134578 2042.2249999999997 12.469971335220851 2042.2249999999997 1959.0521169704464 25.500000000000004 1633.0360520959487 179.21652204617797 10.037623956390135 19.521102053120035 47.195102150610204 32.116369595110534 6535.1916666666657 35.570441048946009 37.627882551501123 82.500000000000014 172.72030028404419 256.1560690243553 6509.0416666666633 5468.0416666666688 9.725085228650288 6325.2666666666673 4564.0000000000009 18.500000000000004 209.81534555061879 43.500000000000007 6151.5000000000027 221.92788118342318 187.8620661971772 6352.3583333333327 21.003868723627619 3987.4166666666711 4288.0583333333379 234.38379264054893 6488.3499999999985 17.500000000000004 9.8586418811760357 1522.6713156251162 28.500000000000004 2460.5000000000005 3799.3500000000008 3886.4416666666716 194.73286825624174 2.8401565884695708 2246.7511496126285 38.538652764194211 7306.0000000000009 169.99391800470011 181.70084636582069 225.77501144787001 224.54840819477405 8028.2583333333241 6580.7666666666619
decision_type=2 2 2 2 2 2 2 2 2 2 2 2 2 2 2 2 2 2 2 2 2 2 2 2 2 2 2 2 2 2 2 2 2 2 2 2 2 2 2 2 2 2 2 2 2 2 2 2 2 2 2 2 2 2 2 2 2 2 2 2 2 2
left_child=-1 2 3 -2 5 -5 -4 8 -6 10 11 -9 -11 14 -8 16 -16 -18 -19 20 24 22 -22 -24 26 -26 30 28 29 -28 31 39 33 34 35 -33 -35 -37 -32 48 -41 -31 55 44 45 47 -47 -40 -3 -50 51 -51 -52 58 -14 -27 -23 -58 59 -45 -61 -60
right_child=1 19 6 4 7 -7 13 9 -10 12 -12 -13 54 -15 15 -17 17 18 -20 -21 21 56 23 -25 25 42 27 -29 -30 41 38 32 -34 36 -36 37 -38 -39 43 40 -42 -43 -44 53 -46 46 -48 -49 49 50 52 -53 -54 -55 -56 -57 57 -59 61 60 -62 -63
leaf_value=0.075508827110752463 -0.072076558509974617 -0.032036537394441407 0.15047568030655387 0.39094984844326974 -0.24741849943443583 -0.007121931952236202 -0.02826613629093537 0.031743747208799633 -0.0030045306478227165 -0.14019630654331516 -0.0020966045169912807 0.34261115670204162 -0.0043715276564048429 0.12696263790130616 -0.006615758261510305 -0.031457850953628276 0.19725595855194589 0.027011494524776938 0.11177536607892424 0.045395054606099924 -0.11968519808724523 0.012873909917996369 -0.039273962581699545 0.027408175570263454 0.06476733613483332 -0.0048098332630642868 0.046678174961231313 -0.0026197846691262423 -0.16100279498100281 -0.054570462217643147 -0.072505984501913187 0.086529708945232889 -0.11197079080515182 0.26773485175587913 0.1889317660104661 -0.021993835594343106 0.097344350747086791 -0.16933870539069176 -0.047102895364165308 0.098977940008044246 -0.0026047738029488497 -0.0043602812170072209 0.037358977049589161 -0.0028694153196159857 0.11689789340520898 -0.11484839057009066 0.026178276992362477 0.087748560510575779 0.033966878941282634 0.090023767873644842 0.034145475253462794 -0.15424506745555186 -0.0040152608747578327 0.02933219884522259 0.025986071042716503 0.018059804735498296 -0.037752069530542942 -0.0027053961312115617 0.020011146493594756 0.064859698906540877 -0.0062040952468911809 -0.007476928580240752
leaf_weight=32 35 29 20 20 27 99 26 28 230 34 397 20 322 23 28 29 23 32 27 24 22 36 22 26 27 135 22 394 25 21 28 23 26 22 21 23 22 22 25 20 105 44 25 3410 30 31 23 25 24 20 20 22 740 20 20 36 20 164 22 25 30 677
leaf_count=32 35 29 20 20 27 99 26 28 230 34 397 20 322 23 28 29 23 32 27 24 22 36 22 26 27 135 22 394 25 21 28 23 26 22 21 23 22 22 25 20 105 44 25 3410 30 31 23 25 24 20 20 22 740 20 20 36 20 164 22 25 30 677
internal_value=3.5212e-11 -0.000303248 0.00763224 -0.00123862 0.000832661 0.0597809 0.060175 -0.00567461 -0.0286823 0.00152754 0.0155252 0.161272 -0.0150388 0.0505686 0.0399197 0.0526739 0.0748541 0.102673 0.0658017 -0.00205372 -0.00222881 -0.0121371 -0.0397784 -0.00315447 -0.0017664 0.0120337 -0.00228008 -0.010609 -0.0387141 -0.0035737 -0.00151172 0.00400162 0.0430625 0.0733698 0.0193982 -0.0329577 0.18254 -0.0940291 -0.00295665 -0.00233581 0.0136485 -0.020582 0.00476939 -0.00250566 0.0116782 -0.0186736 -0.0547815 0.0203228 -0.00467269 -0.00371198 -0.00483953 -0.0379266 -0.00301103 -0.00295993 -0.00259623 4.82737e-06 -0.00334212 -0.00651482 -0.00311503 -0.00240962 0.0260976 -0.00661178
internal_weight=8000 7968 1440 1232 1197 119 208 1078 257 821 445 48 376 188 165 139 110 82 59 6528 6504 290 70 48 6214 223 5991 506 112 87 5485 1139 159 133 89 68 44 45 4346 980 125 65 196 4318 134 104 54 50 855 826 802 42 760 4184 342 171 220 184 4164 3465 55 699
internal_count=8000 7968 1440 1232 1197 119 208 1078 257 821 445 48 376 188 165 139 110 82 59 6528 6504 290 70 48 6214 223 5991 506 112 87 5485 1139 159 133 89 68 44 45 4346 980 125 65 196 4318 134 104 54 50 855 826 802 42 760 4184 342 171 220 184 4164 3465 55 699
is_linear=0
shrinkage=0.05


Tree=107
num_leaves=63
num_cat=0
split_feature=0 2 2 0 0 4 5 0 2 5 0 5 0 5 3 0 3 4 0 4 1 5 2 3 2 0 2 4 3 0 4 3 4 3 2 4 2 0 3 0 0 4 3 3 0 0 1 3 3 0 4 2 0 2 4 0 4 0 2 0 0 2
split_gain=69.1595 129.389 304.678 34.9078 77.2209 42.2398 75.6894 229.977 57.4349 44.3879 109.356 73.6972 143.242 62.8484 71.8844 105.006 127.584 59.3473 59.8231 351.86 292.679 289.817 126.775 50.4354 49.502 97.8788 651.416 144.668 44.4041 60.8133 43.3424 41.8279 62.4043 53.4689 32.4327 30.3916 29.4766 37.325 29.2184 28.088 33.8107 27.9985 24.1878 15.3707 27.7907 19.1967 190.111 152.346 258.25 148.666 80.2353 45.3257 13.2205 13.0935 9.71279 6.80473 5.66547 9.98287 5.40734 68.8649 36.8482 11.4262
threshold=1881.1083333333336 193.45042257198017 217.75389928158828 6325.2666666666673 6295.3583333333345 3.7377203341190248 5.5000000000000009 2342.7583333333364 232.71764143463679 24.500000000000004 5468.0416666666688 19.500000000000004 5420.7416666666677 29.500000000000004 1735.7147462497981 3886.4416666666716 1462.1690589935522 25.273175640071209 6151.5000000000027 14.244727591779901 4564.0000000000009 10.500000000000002 191.94157037889423 1301.851381766807 144.88299721476241 2042.2249999999997 187.8620661971772 11.622972486464393 1452.2186942304916 3932.8083333333375 19.621367480173294 853.91127635751207 2.8401565884695708 915.25991926265363 180.27670503770426 4.9841787626460823 213.34640669685589 4478.9416666666684 1466.9447267380731 3511.4750000000026 3886.4416666666716 20.026926979568984 2021.5413880894521 1135.2150655730331 3777.3833333333346 3841.6666666666711 2460.5000000000005 1959.0521169704464 1707.9827702754214 3511.4750000000026 12.942593012678978 186.03113851038481 6352.3583333333327 190.69435028007126 4.118558967522806 3656.2500000000023 43.415062745293575 7888.1166666666641 201.63596294695165 6413.9750000000004 6413.9750000000004 202.3713608962739
decision_type=2 2 2 2 2 2 2 2 2 2 2 2 2 2 2 2 2 2 2 2 2 2 2 2 2 2 2 2 2 2 2 2 2 2 2 2 2 2 2 2 2 2 2 2 2 2 2 2 2 2 2 2 2 2 2 2 2 2 2 2 2 2
left_child=1 -1 -3 4 5 8 7 -7 31 11 13 17 23 14 15 16 -11 18 20 22 24 -22 -20 -13 55 26 -26 -28 29 -25 35 32 -2 -33 -15 54 37 53 -36 41 -41 -30 -16 44 -27 46 -45 48 49 -48 51 -51 -5 -37 -9 -8 58 -58 59 -54 -60 -62
right_child=3 2 -4 52 -6 6 9 30 -10 10 -12 12 -14 34 42 -17 -18 -19 19 -21 21 -23 -24 28 25 43 27 -29 39 -31 -32 33 -34 -35 38 36 -38 -39 -40 40 -42 -43 -44 45 -46 -47 47 -49 -50 50 -52 -53 56 -55 -56 -57 57 -59 60 -61 61 -63
leaf_value=0.15349887779780799 -0.12529256130887748 -0.13413980276811691 0.13211886607618495 -0.034872252898640002 0.081352567439898854 0.19494617067277431 0.073403353117067707 0.016529856511347352 0.047802207005125559 0.016323787774200793 0.13380256012082101 0.045257884630700573 -0.13896017944440248 0.033109845970149925 -0.062363619816023855 -0.003215019352113207 0.16190691445680228 0.069644600250334907 -0.050958093149321419 -0.21889649748802187 0.0028087951615452765 0.27198224678635596 0.12277871256782896 -0.11601592300889584 -0.28137559186328542 -0.057534921211029946 0.15212605595588685 -0.035772280324073064 0.06521916332654655 -0.0016170362529962967 0.064543193067751234 0.040920471414350547 -0.01566320018749684 -0.063736452529227119 -0.078895400068722671 -0.038905610937487199 -0.047903515510261063 0.063987734727561474 -0.012693018760532141 -0.0632436938387783 -0.0023559505752034551 -0.0063882619310387002 0.013610593779859218 -0.0031787467247663308 0.016988803993444889 -0.0036329882393282727 0.18863200080536663 0.18715089261531831 -0.12635427296161653 0.020065323737534613 -0.022628639743197711 0.11165242881647178 0.072038840770255783 0.014470881540328266 0.065216438402421778 0.033106257230974732 0.0028298073194243691 -0.045366200567306288 -0.058282690307485965 -0.0017765624609108147 -0.030293207658001055 -0.0030190417234476161
leaf_weight=21 27 21 22 32 32 20 22 21 22 27 20 32 25 23 20 45 34 33 21 20 20 20 21 26 22 29 20 21 20 21 37 26 25 23 25 27 35 21 50 38 57 43 22 722 22 705 21 20 20 22 32 35 32 20 20 20 22 21 31 2508 39 2499
leaf_count=21 27 21 22 32 32 20 22 21 22 27 20 32 25 23 20 45 34 33 21 20 20 20 21 26 22 29 20 21 20 21 37 26 25 23 25 27 35 21 50 38 57 43 22 722 22 705 21 20 20 22 32 35 32 20 20 20 22 21 31 2508 39 2499
internal_value=2.87438e-11 0.0517681 0.00208556 -0.000417484 0.00413385 0.00322539 0.0045814 0.0340526 -0.0254052 0.00210907 0.0213669 -0.000295897 -0.0251297 0.0122258 0.032791 0.0547255 0.0974685 0.00318722 0.00199207 -0.0462854 0.00368029 0.137396 0.0359103 -0.0131223 0.000593957 -0.00073783 -0.0618883 0.0558854 -0.0222353 -0.0649015 0.0162743 -0.0413513 -0.0725861 -0.00820421 -0.0188317 0.00387181 -0.0106205 0.00856924 -0.0347605 -0.00954343 -0.026711 0.0163443 -0.0225676 0.00162856 -0.0253874 0.00250225 0.00746251 0.0586824 0.038918 0.0689675 0.0407321 0.076303 -0.00283362 -0.0161922 0.0402794 0.0542143 -0.00263463 -0.0207078 -0.00248251 -0.000846605 -0.00409995 -0.00343815
internal_weight=8000 64 43 7936 2752 2720 2597 201 123 2396 266 2130 262 246 148 106 61 1868 1835 62 1773 40 42 237 1733 1691 63 41 205 47 181 101 52 49 98 144 103 68 75 158 95 63 42 1628 51 1577 872 150 130 110 89 57 5184 47 41 42 5152 43 5109 2540 2569 2538
internal_count=8000 64 43 7936 2752 2720 2597 201 123 2396 266 2130 262 246 148 106 61 1868 1835 62 1773 40 42 237 1733 1691 63 41 205 47 181 101 52 49 98 144 103 68 75 158 95 63 42 1628 51 1577 872 150 130 110 89 57 5184 47 41 42 5152 43 5109 2540 2569 2538
is_linear=0
shrinkage=0.05


Tree=108
num_leaves=63
num_cat=0
split_feature=0 4 3 0 1 0 6 0 0 2 6 4 3 6 3 2 4 4 4 4 0 4 5 6 0 6 2 0 0 4 2 0 3 2 2 3 0 0 0 0 6 5 0 4 0 2 0 0 2 0 2 5 0 0 0 3 6 5 0 4 0 4
split_gain=62.4165 119.604 294.395 31.6582 233.267 63.1059 53.0485 114.96 67.7066 344.436 502.175 191.625 49.5887 52.0753 89.0105 90.0244 100.743 38.0964 19.8117 10.6156 25.972 72.9961 20.5869 15.8078 31.829 58.8355 13.1264 39.5024 165.128 26.1327 14.4058 49.9339 59.908 23.4013 29.4181 14.6143 51.2995 56.9148 13.4123 13.0477 9.90158 9.07287 34.6371 12.4827 13.7904 11.6324 88.8896 130.628 13.5845 28.6982 14.7439 47.3957 53.9192 50.8865 36.8727 15.366 34.6176 13.6209 31.5256 11.711 35.8895 16.3979
threshold=1881.1083333333336 11.778865103734004 1545.597247639281 3754.3666666666682 2460.5000000000005 3461.233333333334 88.500000000000014 2539.1750000000015 2042.2249999999997 218.61180003685183 31.500000000000004 15.897805780940965 1959.0521169704464 25.500000000000004 1633.0360520959487 179.21652204617797 10.037623956390135 19.521102053120035 47.195102150610204 32.116369595110534 6535.1916666666657 35.570441048946009 29.500000000000004 82.500000000000014 6535.1916666666657 91.500000000000014 256.1560690243553 6509.0416666666633 5468.0416666666688 9.725085228650288 245.28485771161959 6558.7499999999991 1598.7642443858372 237.85267141354186 237.10459140900767 2180.5325176935444 7473.2833333333301 6097.5250000000015 6509.0416666666633 4288.0583333333379 85.500000000000014 25.500000000000004 6662.916666666667 29.686023873525162 6761.6833333333307 230.13754743991248 6535.1916666666657 5280.4500000000016 225.77501144787001 6466.4916666666641 220.37577661269157 10.500000000000002 6509.0416666666633 4762.9250000000093 6558.7499999999991 784.08063539439274 31.500000000000004 14.500000000000002 8028.2583333333241 4.118558967522806 6196.8833333333359 10.452438316795091
decision_type=2 2 2 2 2 2 2 2 2 2 2 2 2 2 2 2 2 2 2 2 2 2 2 2 2 2 2 2 2 2 2 2 2 2 2 2 2 2 2 2 2 2 2 2 2 2 2 2 2 2 2 2 2 2 2 2 2 2 2 2 2 2
left_child=1 -1 -3 4 6 -6 8 -8 9 10 -2 -12 13 -7 15 -15 -17 -18 19 23 21 -21 -23 26 25 -25 30 28 29 -28 33 32 -32 34 35 41 37 -37 -35 -31 -26 43 -43 45 -45 48 47 -47 50 -50 55 54 53 -53 -52 56 -5 -54 -59 60 -57 -61
right_child=3 2 -4 18 5 12 7 -9 -10 -11 11 -13 -14 14 -16 16 17 -19 -20 20 -22 22 -24 24 40 -27 27 -29 -30 39 31 -33 -34 38 -36 36 -38 -39 -40 -41 -42 42 -44 44 -46 46 -48 -49 49 -51 51 52 57 -55 -56 59 -58 58 -60 61 -62 -63
leaf_value=-0.052203019112348564 -0.085092751185099291 -0.040088798886253718 0.21884446636490199 0.075971123767085369 0.13972377546131612 -0.028232178378563663 -0.14211688074948534 0.005087097694286058 -0.0033225290786639047 -0.12143786673744519 0.29448849062124888 0.084931771904230124 0.11508290534434112 -0.0079990177814449597 -0.029061482281520452 0.18460316619147427 0.02433169479481876 0.10497740076647864 0.043481285000840829 -0.11332693853500216 -0.0029408059756546707 -0.034748889174312354 0.03079794256988427 0.092768917302601048 0.024656831951061678 -0.017123118144947859 0.043658717645501555 -0.0023378432491087463 -0.14924507585167887 -0.051812924089885894 0.107642526154478 -0.0024242683264310474 0.00030765880364924669 -0.041770750703785497 0.055213625915348535 -0.0018090721964836123 -0.014745420389720855 0.11473249876025049 -0.011453603391678065 -0.0039105189092383209 -0.0048100226936032518 -0.075588563866913316 -0.00073493118275912237 0.053913504985116781 0.0029294053677909287 0.0091911829064767331 -0.0071391313860941124 0.16636018498335037 -0.054379996518898556 -0.005767471355768476 -0.063130674630018146 0.025152478022694897 -0.0070352355525905245 0.13314080694690347 0.00062699466459609828 -0.05509163373756374 -0.0078840856338501918 0.072386300033869463 -0.0025535169367988907 0.0019624408203681538 -0.0046265755920336608 -0.0048614969303795623
leaf_weight=20 24 21 23 20 20 26 21 36 1051 24 24 20 23 28 29 23 32 27 24 22 220 25 23 29 36 21 22 394 25 21 26 160 26 47 23 20 53 22 163 44 137 20 68 21 36 39 206 20 38 151 29 24 61 20 104 43 32 23 36 1407 195 2352
leaf_count=20 24 21 23 20 20 26 21 36 1051 24 24 20 23 28 29 23 32 27 24 22 220 25 23 29 36 21 22 394 25 21 26 160 26 47 23 20 53 22 163 44 137 20 68 21 36 39 206 20 38 151 29 24 61 20 104 43 32 23 36 1407 195 2352
internal_value=2.83339e-12 0.0491796 0.0952627 -0.00039661 0.00640326 0.0552859 -0.00206973 -0.0491459 0.000277906 0.041409 0.0988843 0.199235 0.0463031 0.0367157 0.0488642 0.0694082 0.09584 0.0612374 -0.00186325 -0.00203057 -0.0113812 -0.037908 -0.00334103 -0.00159419 0.0114771 0.0466143 -0.00208074 -0.00978632 -0.035989 -0.00344417 -0.00136988 0.0114095 0.0539751 -0.00188368 -0.00120531 -0.00146277 0.0179624 0.0592365 -0.0182389 -0.0193867 0.00132181 -0.00183596 -0.0177471 -0.00154768 0.021713 -0.0018239 0.00835849 0.0624688 -0.0024189 -0.0155414 -0.00184822 0.00890472 0.026892 0.0742381 -0.0132751 -0.00263697 0.0243679 0.00953174 0.0266603 -0.00298829 -0.0137442 -0.00230729
internal_weight=8000 64 44 7936 1408 208 1200 57 1143 92 68 44 188 165 139 110 82 59 6528 6504 290 70 48 6214 223 50 5991 506 112 87 5485 212 52 5273 5063 5040 95 42 210 65 173 4945 88 4857 57 4800 265 59 4535 189 4346 297 164 44 133 4049 52 120 59 3997 238 3759
internal_count=8000 64 44 7936 1408 208 1200 57 1143 92 68 44 188 165 139 110 82 59 6528 6504 290 70 48 6214 223 50 5991 506 112 87 5485 212 52 5273 5063 5040 95 42 210 65 173 4945 88 4857 57 4800 265 59 4535 189 4346 297 164 44 133 4049 52 120 59 3997 238 3759
is_linear=0
shrinkage=0.05


Tree=109
num_leaves=63
num_cat=0
split_feature=0 3 0 0 4 6 5 0 0 4 3 0 4 5 5 5 4 4 0 2 0 5 4 0 5 3 2 2 2 0 1 0 5 2 5 5 3 4 2 4 5 0 0 4 0 1 4 5 4 2 0 0 4 0 1 0 0 0 0 0 3 2
split_gain=56.3309 129.31 29.8913 68.0217 37.4274 65.0703 44.8964 69.4578 62.2684 46.3538 45.665 48.6555 247.979 184.374 146.166 255.43 42.7533 39.1141 37.4302 33.8186 55.9346 393.165 465.365 46.6268 28.4364 33.2341 26.689 38.928 25.2135 24.3924 227.99 76.5565 42.6414 36.0539 53.2033 29.4888 18.6331 25.7645 14.1379 12.622 13.1718 72.306 18.351 95.3633 12.237 11.1639 6.78435 6.16644 5.75051 8.9709 5.53943 4.45894 7.73408 4.32958 3.88504 114.129 12.7946 4.22591 68.7693 59.7307 7.2427 20.1777
threshold=1881.1083333333336 1481.5428407178715 6325.2666666666673 6295.3583333333345 2.8401565884695708 40.500000000000007 4.5000000000000009 2230.2000000000016 5332.9416666666702 5.4002412261739012 1135.2150655730331 5468.0416666666688 10.657496937984229 24.500000000000004 18.500000000000004 14.500000000000002 16.390176612175789 5.8311486839569149 4035.9333333333375 144.88299721476241 2042.2249999999997 10.500000000000002 16.2391242088509 3777.3833333333346 7.5000000000000009 1454.9795629669743 188.12797854346988 204.83640168588656 149.16707844106267 3754.3666666666682 2460.5000000000005 3606.200000000003 16.500000000000004 198.42355771651265 15.500000000000002 10.500000000000002 862.91618138737215 15.026101705752092 285.70531970759959 6.5633358997215128 9.5000000000000018 4035.9333333333375 3841.6666666666711 15.200844922112916 6352.3583333333327 2460.5000000000005 10.59286813235402 29.500000000000004 43.415062745293575 204.83640168588656 6382.2166666666662 3680.9000000000019 15.540612288417108 2098.4583333333358 7306.0000000000009 7990.7333333333236 8039.0833333333294 7440.7333333333254 7423.733333333329 7455.9416666666648 834.86200054912467 199.84739078549865
decision_type=2 2 2 2 2 2 2 2 2 2 2 2 2 2 2 2 2 2 2 2 2 2 2 2 2 2 2 2 2 2 2 2 2 2 2 2 2 2 2 2 2 2 2 2 2 2 2 2 2 2 2 2 2 2 2 2 2 2 2 2 2 2
left_child=1 -1 3 4 5 -2 7 -6 26 24 16 17 -13 14 15 -14 46 18 -12 23 21 -21 -23 -19 25 -8 51 -28 -22 30 47 33 35 -32 -35 -33 -29 -38 39 -31 41 -41 43 -42 -4 -27 -11 53 50 -50 -46 52 -9 -30 57 -56 -57 58 60 -59 61 -52
right_child=2 -3 44 -5 6 -7 9 8 -10 10 11 12 13 -15 -16 -17 -18 19 -20 20 28 22 -24 -25 -26 45 27 36 29 38 31 32 -34 34 -36 -37 37 -39 -40 40 42 -43 -44 -45 48 -47 -48 -49 49 -51 54 -53 -54 -55 55 56 -58 59 -60 -61 -62 -63
leaf_value=0.13548905014991761 -0.093691376210362831 -0.01018213688945159 -0.033436485473066567 0.076308321207761765 0.11418046663515269 0.010277922029661782 0.043160915004555135 -0.026585512182844634 0.10037290696520358 -0.027212188867852094 0.08469908197543452 0.14197157829215654 -0.07915337470016981 0.12694205902516842 -0.15978180252015592 0.1416028741002083 -0.091033379436703407 0.088670564048851916 -0.0036070138981033652 -0.22470642157963347 -0.049792771817326713 0.15366560134195514 -0.15568854086101058 -0.007974696801587319 -0.065016221974215832 -0.0099398087803274394 0.073988038214987936 -0.021258904651686963 0.017620051085948944 -0.03297664680932131 0.13180259298533201 0.012694470719857652 -0.027364190846681596 0.020187862603752701 0.12630076816394217 0.093665512424448261 0.066006706083532082 -0.0081838140897452834 0.038533989961724732 0.092227251244627911 -0.09518030490260572 -0.0036293988933079275 -0.0032297164774769114 0.030890654375155771 0.018469952644227305 -0.057681784109445293 0.013971389438956977 0.016349737085296179 -0.044004616624720043 0.0016832778103310954 -0.016212974541953633 -0.030621329726030429 0.015339961779219183 -0.0035138428078938747 0.11034904468156721 0.028231191848788192 -0.0028579544865064582 -0.073417120691268684 0.073888355543216072 -0.0035650481455020491 -0.0033308935430170551 0.053960470268502841
leaf_weight=25 27 39 32 32 20 34 20 22 20 20 28 38 38 20 20 20 24 26 21 21 23 31 20 24 38 25 28 36 25 36 38 22 25 27 21 23 22 25 20 23 30 136 642 30 32 24 20 44 21 22 21 30 22 791 23 34 1242 31 30 2396 1280 20
leaf_count=25 27 39 32 32 20 34 20 22 20 20 28 38 38 20 20 20 24 26 21 21 23 31 20 24 38 25 28 36 25 36 38 22 25 27 21 23 22 25 20 23 30 136 642 30 32 24 20 44 21 22 21 30 22 791 23 34 1242 31 30 2396 1280 20
internal_value=-4.10118e-11 0.0467207 -0.00037678 0.00383485 0.00298222 -0.0357413 0.00387057 0.0252397 0.0165625 0.00189521 0.00337481 0.00455272 0.0335467 -0.00849557 -0.0432232 -0.00303053 -0.0382753 0.00269885 0.0468536 0.00165766 0.000656106 -0.0426246 0.0323503 0.0422808 -0.0302828 -0.0111542 0.00750192 0.0230081 0.00224926 0.00286849 0.00820453 0.0638165 0.0249926 0.0954173 0.0666123 0.0540797 0.00581002 0.0265437 -0.00304364 -0.00397068 -0.00275788 0.0102367 -0.00570109 -0.0321448 -0.00261258 -0.0333236 -0.0066204 -0.00188321 -0.00242113 -0.0206294 -0.00226788 -0.0157573 -0.00562278 -0.00286636 -0.00239859 -3.97929e-05 -0.00202956 -0.00320962 -0.000968287 -0.00445727 -0.00266829 0.018018
internal_weight=8000 64 7936 2752 2720 61 2659 225 205 2434 2327 2263 136 98 78 58 64 2127 49 2078 2028 72 51 50 107 69 185 111 1956 1933 1016 156 70 86 48 45 83 47 917 897 861 159 702 60 5184 49 40 860 5152 43 5109 74 44 816 5077 1299 1276 3778 1351 2427 1321 41
internal_count=8000 64 7936 2752 2720 61 2659 225 205 2434 2327 2263 136 98 78 58 64 2127 49 2078 2028 72 51 50 107 69 185 111 1956 1933 1016 156 70 86 48 45 83 47 917 897 861 159 702 60 5184 49 40 860 5152 43 5109 74 44 816 5077 1299 1276 3778 1351 2427 1321 41
is_linear=0
shrinkage=0.05


Tree=110
num_leaves=63
num_cat=0
split_feature=0 5 0 0 3 4 0 0 0 0 0 4 4 2 4 2 0 0 3 0 2 2 3 5 5 0 1 0 2 4 4 2 3 3 3 3 0 0 2 2 0 1 2 0 0 0 0 2 3 2 1 0 3 5 2 0 0 3 3 0 5 3
split_gain=51.6236 35.9896 252.197 37.6245 26.5275 25.5854 37.0043 85.6352 30.1667 27.4866 92.6029 245.709 205.684 27.5827 40.0131 31.9456 94.7944 52.5644 229.869 26.854 153.383 355.896 229.393 23.2945 46.4276 47.1324 280.716 21.4068 20.9634 31.1228 27.0558 23.7329 22.4091 81.5845 33.248 73.574 54.5126 22.1191 19.7293 32.5347 54.0035 70.7753 39.1728 31.0915 102.936 25.9914 174.698 31.8392 41.6559 18.599 20.7978 52.6115 18.4316 18.1068 17.7075 144.375 56.1821 42.0629 28.237 36.9881 16.9377 18.3319
threshold=1825.4250000000002 4.5000000000000009 2141.7333333333368 1881.1083333333336 1095.0229840687909 5.2730164806398063 6466.4916666666641 5123.5916666666717 2684.2666666666696 6196.8833333333359 5468.0416666666688 10.657496937984229 18.132659592129844 144.88299721476241 12.563409752034017 164.74193860220581 2391.5750000000021 1989.4750000000008 1571.1428335614207 6352.3583333333327 209.04692232613951 186.32086459101353 1600.7971075951293 29.500000000000004 24.500000000000004 3886.4416666666716 2460.5000000000005 6382.2166666666662 197.81119930537787 25.898556808830502 25.273175640071209 196.53227290107898 1687.7907137519549 1716.3034018944934 1545.597247639281 1508.4455746457459 2591.6916666666689 3932.8083333333375 256.1560690243553 225.37803066088239 6509.0416666666633 2460.5000000000005 206.87857535272232 6413.9750000000004 3628.9750000000026 6413.9750000000004 5332.9416666666702 188.12797854346988 862.91618138737215 202.3713608962739 2460.5000000000005 4087.9916666666709 1687.7907137519549 9.5000000000000018 210.82589562331779 2141.7333333333368 3777.3833333333346 1533.1094849311539 2187.344665430061 3886.4416666666716 7.5000000000000009 1411.9266299136984
decision_type=2 2 2 2 2 2 2 2 2 2 2 2 2 2 2 2 2 2 2 2 2 2 2 2 2 2 2 2 2 2 2 2 2 2 2 2 2 2 2 2 2 2 2 2 2 2 2 2 2 2 2 2 2 2 2 2 2 2 2 2 2 2
left_child=-1 2 -2 -3 38 6 7 8 -5 10 13 -12 -13 14 -7 16 -15 18 -17 20 21 -11 -22 24 28 26 52 -21 29 31 49 32 34 -34 35 60 -36 -32 39 42 41 -41 45 44 -44 46 47 -4 -49 50 -30 -52 -26 -35 56 -56 57 -51 -57 -60 -19 -62
right_child=1 3 4 5 -6 9 -8 -9 -10 19 11 12 -14 15 -16 17 -18 23 -20 27 22 -23 -24 -25 25 -27 -28 -29 30 -31 37 -33 33 53 36 -37 -38 -39 -40 40 -42 -43 43 -45 -46 -47 -48 48 -50 54 51 -53 -54 -55 55 58 -58 -59 59 -61 61 -63
leaf_value=0.063379499036818748 0.18080827487366541 -0.060285374722271058 -0.013478591183261219 -0.067821564674059948 0.05586673446651548 0.09128644576163164 -0.0029650468904791135 -0.13240710461046548 0.00018671687067826353 0.015664854603154321 0.18685236054658891 -0.082616163745070956 0.10751663732528688 -0.11926080036376203 0.0018977747358862433 0.16126485541462898 -0.0054966094105836603 -0.04474047777158293 -0.068252716362476359 0.040659143432075606 -0.060407445772930425 -0.2409747087142684 0.15709519955244933 -0.023313934559243198 -0.018878067003037687 -0.0033454137420731375 0.21789313614368441 -0.002439850487399543 0.00077607971616089344 0.055752302688779315 -0.059328052021661082 0.051951132069986611 0.10874208678618412 0.034881927906018163 -0.099548456813208772 0.071593727848621239 -0.0099934011488633685 0.005634163536014967 -0.043139516769654378 -0.009830300898756833 0.0011617780379133255 0.10807766741939953 0.011494247134154041 -0.0048237179684423913 -0.12443138227726405 -0.001820218393825825 0.16172180134803057 -0.0079210763350129124 0.085317411813024518 0.082399904556376372 -0.10530270858933884 -0.0021156216172191003 0.040159783926792446 -0.0067583215726833602 -0.13213647924851449 -0.0022397237802128716 -0.014259679963327955 0.012907422445349249 0.066027060283037523 -0.011390306331493238 -0.0095788157681724242 0.018315552154948053
leaf_weight=32 21 27 92 22 25 21 210 20 63 35 25 33 25 21 31 24 143 22 20 29 27 22 22 89 39 58 20 4418 50 32 38 26 22 36 20 38 113 20 22 20 82 35 30 97 26 277 20 25 23 38 21 30 20 95 21 638 85 51 36 27 155 95
leaf_count=32 21 27 92 22 25 21 210 20 63 35 25 33 25 21 31 24 143 22 20 29 27 22 22 89 39 58 20 4418 50 32 38 26 22 36 20 38 113 20 22 20 82 35 30 97 26 277 20 25 23 38 21 30 20 95 21 638 85 51 36 27 155 95
internal_value=-2.83057e-11 -0.000254536 0.00983917 -0.00137324 0.00520047 -0.00115065 -0.0150829 -0.0393186 -0.0174154 -0.000508193 0.00397575 0.055818 -0.00066237 0.00201543 0.037997 0.00114233 -0.020064 0.0028997 0.0569387 -0.00275164 -0.0276234 -0.083389 0.0372468 0.00167091 0.00287549 0.0308816 0.0560103 -0.00215879 0.00063041 0.00766383 -0.00372965 0.00518983 0.00314991 0.0196473 -0.00254784 0.0064243 -0.0234603 -0.0369273 0.00350934 0.004921 0.0268714 0.065202 -0.00017595 -0.0219496 -0.0516141 0.00744732 0.0234917 0.00374459 0.0367557 -0.00179839 -0.0221388 -0.0446044 0.00113476 0.0046848 0.000494451 -0.0029562 0.0148127 0.0425784 0.000913683 0.0328482 -0.00268026 0.00102104
internal_weight=8000 7968 795 7173 774 7146 315 105 85 6831 2278 83 58 2195 52 2143 164 1979 44 4553 106 57 49 1935 1846 137 79 4447 1709 654 1055 622 596 153 443 310 133 58 749 727 137 55 590 153 56 437 160 140 48 997 101 51 59 131 896 722 174 89 701 63 272 250
internal_count=8000 7968 795 7173 774 7146 315 105 85 6831 2278 83 58 2195 52 2143 164 1979 44 4553 106 57 49 1935 1846 137 79 4447 1709 654 1055 622 596 153 443 310 133 58 749 727 137 55 590 153 56 437 160 140 48 997 101 51 59 131 896 722 174 89 701 63 272 250
is_linear=0
shrinkage=0.05


Tree=111
num_leaves=63
num_cat=0
split_feature=0 2 2 0 0 4 5 0 2 0 2 4 1 2 2 2 3 0 1 0 5 4 4 3 4 3 0 4 4 2 2 0 1 0 2 5 3 2 0 5 4 0 0 4 3 3 0 0 0 3 6 5 0 2 0 3 2 0 1 0 3 6
split_gain=48.5308 115.991 277.942 24.646 60.703 35.3029 58.2788 188.212 46.3188 40.7576 42.123 91.8491 79.004 236.589 229.752 195.498 43.0885 55.4503 215.209 50.7096 767.78 700.314 38.3827 38.3443 50.9389 48.3257 38.3123 25.0115 35.648 24.9925 23.4223 17.1084 116.361 47.2898 61.7696 60.7969 14.7015 15.3785 11.5388 10.0579 19.2244 92.205 17.1697 24.0474 14.7846 14.324 59.4848 56.0011 12.1226 7.39394 5.30135 5.22304 4.3743 3.6661 16.0567 8.50931 8.33848 40.5561 13.6766 162.908 6.71179 22.1251
threshold=1881.1083333333336 193.45042257198017 217.75389928158828 6325.2666666666673 6295.3583333333345 3.7377203341190248 5.5000000000000009 2342.7583333333364 232.71764143463679 6248.0250000000042 287.78817853751019 11.467502638020424 4564.0000000000009 199.55190901102881 186.32086459101353 216.24248456922882 2021.5413880894521 3841.6666666666711 2460.5000000000005 2042.2249999999997 10.500000000000002 16.2391242088509 19.621367480173294 853.91127635751207 2.8401565884695708 915.25991926265363 2442.7416666666695 8.1988193026608638 15.32526809779116 202.08031519634304 210.18476861451231 3702.4166666666683 2460.5000000000005 3484.8166666666684 212.03601857019183 13.500000000000002 1887.8860051352783 259.49037861052085 6352.3583333333327 30.500000000000004 20.766833789607347 3886.4416666666716 3777.3833333333346 9.2430043698524695 1181.9059472805154 1665.2743821328106 3886.4416666666716 4035.9333333333375 4624.8583333333381 1466.9447267380731 112.50000000000001 29.500000000000004 6382.2166666666662 174.48580354194405 6509.0416666666633 1531.0613368104598 191.14728282978112 6509.0416666666633 7306.0000000000009 8204.4166666666697 853.91127635751207 25.500000000000004
decision_type=2 2 2 2 2 2 2 2 2 2 2 2 2 2 2 2 2 2 2 2 2 2 2 2 2 2 2 2 2 2 2 2 2 2 2 2 2 2 2 2 2 2 2 2 2 2 2 2 2 2 2 2 2 2 2 2 2 2 2 2 2 2
left_child=1 -1 -3 4 5 8 7 -7 23 10 12 -12 16 14 -14 -15 19 18 26 20 -8 -22 27 24 -2 -25 -18 30 -29 -30 -9 32 51 -34 35 -35 37 39 -5 40 42 -42 43 -33 48 46 49 -47 -44 -46 52 -21 -40 54 55 -54 57 -55 -59 -60 61 -58
right_child=3 2 -4 38 -6 6 9 22 -10 -11 11 -13 13 15 -16 -17 17 -19 -20 31 21 -23 -24 25 -26 -27 -28 28 29 -31 -32 36 33 34 -36 -37 -38 -39 50 -41 41 -43 44 -45 45 47 -48 -49 -50 -51 -52 -53 53 56 -56 -57 60 58 59 -61 -62 -63
leaf_value=0.13968560638881863 -0.11535024903714658 -0.13378561430034183 0.12052240248833022 -0.032311515382025389 0.071938280737958854 0.17532184563577177 -0.27527908782164257 0.002879133535658612 0.042237230974503541 -0.059345215503816252 0.032624109601601961 -0.097663263318639615 0.057601982448250058 0.20393497362732887 -0.14957549779311471 0.01661347965709865 0.071785171690308278 -0.0062267926451238381 0.18290403381637907 -0.002282458844868471 0.20708549745155103 -0.16787234403192997 0.059109302338313408 0.040613822259295447 -0.016302474509924652 -0.058882335698960925 -0.0048506825396867652 -0.056599749834276736 0.044242713239078447 -0.022065836250161133 0.070040109123857261 0.010771122337742287 0.11166765262186527 0.021678992150685725 -0.020092490468831624 0.11727373555045705 -0.043455039195554414 -0.038842000882944157 0.016631398835189402 -0.029851327253685847 0.10746645172248069 -0.00083769536230075001 0.054839040092192592 -0.055581143501007728 -0.044738142360001808 0.083585891152986078 -0.0026711322271483276 -0.0043705560952052936 0.0010533206926828082 -0.087732159867882742 -0.027886317726224664 0.016024185483991284 -0.059110251329839228 0.05320453529589271 -0.0036572249443349737 -0.012987280302913859 0.054155231766741391 -0.0032392812648268871 0.14031663381240586 -0.0028242843293413088 -0.0032063000197110228 -0.0013301289738963681
leaf_weight=21 27 21 22 32 32 20 24 34 22 27 24 31 32 30 23 26 21 91 23 784 33 20 37 26 25 23 73 32 27 30 21 22 25 39 34 29 23 29 31 31 23 135 20 36 20 22 461 102 22 20 20 41 20 38 879 20 22 652 22 206 3144 98
leaf_count=21 27 21 22 32 32 20 24 34 22 27 24 31 32 30 23 26 21 91 23 784 33 20 37 26 25 23 73 32 27 30 21 22 25 39 34 29 23 29 31 31 23 135 20 36 20 22 461 102 22 20 20 41 20 38 879 20 22 652 22 206 3144 98
internal_value=3.94175e-12 0.0433655 -0.00367454 -0.000349722 0.00347456 0.00266911 0.00390878 0.0297692 -0.0235052 0.00173936 0.00243556 -0.0408106 0.00346345 0.0446219 -0.0290359 0.116964 0.00138964 0.0230459 0.0458135 -0.000868249 -0.0406536 0.065592 0.013686 -0.0378253 -0.0677311 -0.00608846 0.0122701 0.00201472 -0.0143664 0.00934348 0.0285224 0.000728971 0.00548583 0.0500391 0.0349341 0.0624473 -0.00395895 -0.00299563 -0.0023799 -0.00185827 -0.000875502 0.0149281 -0.0043196 -0.030413 -0.0020506 -0.00398033 -0.0077461 0.0112346 0.0266656 -0.0662352 -0.00219399 -0.00137267 -0.00209386 -0.00220766 -0.00506709 -0.0360488 -0.0015793 0.00263064 0.000446764 0.0109876 -0.00276334 0.00884219
internal_weight=8000 64 43 7936 2752 2720 2597 201 123 2396 2369 55 2314 111 55 56 2203 208 117 1995 77 53 181 101 52 49 94 144 89 57 55 1918 952 127 102 68 966 943 5184 914 883 158 725 58 667 625 501 124 42 40 5152 825 5132 5101 919 40 4182 918 880 228 3264 120
internal_count=8000 64 43 7936 2752 2720 2597 201 123 2396 2369 55 2314 111 55 56 2203 208 117 1995 77 53 181 101 52 49 94 144 89 57 55 1918 952 127 102 68 966 943 5184 914 883 158 725 58 667 625 501 124 42 40 5152 825 5132 5101 919 40 4182 918 880 228 3264 120
is_linear=0
shrinkage=0.05


Tree=112
num_leaves=63
num_cat=0
split_feature=0 3 0 0 5 0 6 5 0 6 4 0 2 2 1 0 5 5 3 0 5 3 0 3 3 3 0 2 3 0 0 4 3 4 3 3 3 6 0 5 0 1 3 3 4 0 0 3 4 2 0 4 2 2 2 4 0 5 2 0 0 2
split_gain=43.799 111.934 22.243 54.7845 34.6149 91.5075 86.5595 76.626 120.238 105.181 58.1541 102.176 486.483 80.9819 96.4859 122.406 276.062 136.357 425.759 58.9547 48.966 66.1255 87.1009 109.714 46.9479 41.1132 57.1095 27.6801 26.6617 24.0233 32.2371 20.436 18.5803 17.9188 17.6217 43.6634 24.9398 17.6723 16.4722 52.934 11.5407 110.03 65.0492 89.4708 155.297 16.1297 10.4137 9.56532 9.13361 8.97951 12.4199 82.308 7.65686 17.1994 7.51124 5.07271 8.99225 4.80089 4.67792 58.6786 35.1963 10.7029
threshold=1881.1083333333336 1481.5428407178715 6325.2666666666673 6295.3583333333345 24.500000000000004 5468.0416666666688 79.500000000000014 19.500000000000004 5420.7416666666677 61.500000000000007 2.8401565884695708 1989.4750000000008 196.16835175393223 289.97398748172208 4564.0000000000009 6151.5000000000027 10.500000000000002 9.5000000000000018 1520.6909275902274 3656.2500000000023 29.500000000000004 1735.7147462497981 3886.4416666666716 1462.1690589935522 1301.851381766807 1452.2186942304916 3932.8083333333375 180.27670503770426 1466.9447267380731 3511.4750000000026 3886.4416666666716 20.026926979568984 2021.5413880894521 25.898556808830502 1959.0521169704464 2046.7954419128707 1887.8860051352783 16.500000000000004 2098.4583333333358 10.500000000000002 3729.6416666666687 2460.5000000000005 1309.378327906363 1457.2343070048132 10.452438316795091 3777.3833333333346 6352.3583333333327 1452.2186942304916 17.660602332666254 259.49037861052085 3886.4416666666716 13.027261789028559 189.97912724561067 200.1683714083795 194.73286825624174 43.415062745293575 7888.1166666666641 12.500000000000002 201.63596294695165 6413.9750000000004 6413.9750000000004 202.3713608962739
decision_type=2 2 2 2 2 2 2 2 2 2 2 2 2 2 2 2 2 2 2 2 2 2 2 2 2 2 2 2 2 2 2 2 2 2 2 2 2 2 2 2 2 2 2 2 2 2 2 2 2 2 2 2 2 2 2 2 2 2 2 2 2 2
left_child=1 -1 3 4 6 20 7 9 24 10 19 12 -12 14 33 16 -16 -17 -19 -2 21 22 23 -6 -9 26 -26 -22 -29 31 -31 -27 -23 34 36 -36 37 -13 39 -39 41 -40 54 -44 -45 47 -4 -42 52 50 51 -47 -37 -54 -43 58 -57 -55 59 -48 -60 -62
right_child=2 -3 46 -5 5 -7 -8 8 -10 -11 11 13 -14 -15 15 17 -18 18 -20 -21 27 32 -24 -25 25 29 -28 28 -30 30 -32 -33 -34 -35 35 48 -38 38 40 -41 45 42 43 44 -46 49 55 -49 -50 -51 -52 -53 53 57 -56 56 -58 -59 60 -61 61 -63
leaf_value=0.12378655481338502 0.013005947468004056 -0.011744637806446126 -0.030695939133875073 0.068341367272660145 0.014176851138472557 0.12251925427466631 -0.10291555358213374 0.043313220154959711 -0.12830385759891944 0.11596828005630025 -0.11757115930318834 0.038970066444819859 0.19872439109509993 -0.069271363313064757 0.0046476227947725704 0.10885196829384024 0.25173488378524783 -0.20137411423704843 0.10314435524245102 -0.097819236958665512 0.031877539723949591 -0.058515843786299232 -0.0022741739973551173 0.14918000831213946 -0.11239279847627937 0.056104995962232354 -0.0015323271132296041 -0.072982985955895849 -0.009743308819830418 -0.061141461333701103 -0.0016874999046864873 -0.0050720471412289978 0.0080719713290983985 0.04465336593566463 0.077258331629447646 0.024061436967217718 -0.052144373987887419 -0.089615885578095911 -0.003242052462976991 0.025421041250228885 -0.059351767897605906 -0.026533475425094367 0.14564733036926814 -0.053615019470453266 0.11208469161102851 0.079825692264170481 0.066860570450080564 -0.010450531885726378 0.034688086854293941 -0.031753424843773248 -0.0031954888841005968 -0.041486446016157669 -0.044325522316450428 -0.0034296470486359408 0.016800223439931868 0.0031533864750103516 -0.04258885401788922 0.021357427240970235 -0.056399076854089097 -0.0012772051872463398 -0.028789151573922329 -0.0023923253772943857
leaf_weight=25 21 39 32 32 27 20 20 32 25 21 20 29 31 38 26 22 20 22 24 28 23 20 45 34 26 20 21 25 50 38 57 43 22 24 25 29 23 20 695 20 20 20 28 26 31 29 32 20 24 25 656 27 22 56 20 22 21 30 31 2508 39 2499
leaf_count=25 21 39 32 32 27 20 20 32 25 21 20 29 31 38 26 22 20 22 24 28 23 20 45 34 26 20 21 25 50 38 57 43 22 24 25 29 23 20 695 20 20 20 28 26 31 29 32 20 24 25 656 27 22 56 20 22 21 30 31 2508 39 2499
internal_value=1.01724e-10 0.0411972 -0.000332236 0.00330084 0.00253565 0.0196679 0.000678617 0.00152984 -0.0240135 0.00461103 0.00352386 0.00477909 0.0746869 0.00304077 0.00440582 0.0490834 0.112077 0.00647025 -0.0424949 -0.0503227 0.011306 0.0294583 0.0504958 0.0894245 -0.0130124 -0.0218046 -0.0628594 -0.0161077 -0.0308232 -0.00959216 -0.0254691 0.0143492 -0.0236365 0.00172375 0.00117425 0.0157809 -0.000434297 0.000279587 -0.000405827 -0.0320974 0.000387951 0.00452545 0.0477128 0.072456 0.0365024 -0.00397852 -0.0022609 -0.0349011 0.00623476 -0.00230022 -0.00126605 0.0213359 0.00125024 -0.00487499 -0.00486663 -0.00208429 -0.0191858 0.00521701 -0.00194035 -0.000418777 -0.00344475 -0.00279795
internal_weight=8000 64 7936 2752 2720 266 2454 2434 262 2172 2151 2102 51 2051 2013 114 46 68 46 49 246 148 106 61 237 205 47 98 75 158 95 63 42 1899 1875 186 1689 1666 1637 40 1597 820 125 85 57 777 5184 40 161 737 712 56 137 108 40 5152 43 86 5109 2540 2569 2538
internal_count=8000 64 7936 2752 2720 266 2454 2434 262 2172 2151 2102 51 2051 2013 114 46 68 46 49 246 148 106 61 237 205 47 98 75 158 95 63 42 1899 1875 186 1689 1666 1637 40 1597 820 125 85 57 777 5184 40 161 737 712 56 137 108 40 5152 43 86 5109 2540 2569 2538
is_linear=0
shrinkage=0.05


Tree=113
num_leaves=63
num_cat=0
split_feature=0 5 0 0 3 3 0 0 4 2 2 0 3 2 5 0 1 0 2 2 0 1 2 0 0 0 0 2 3 4 0 0 0 0 4 3 0 3 0 2 2 4 4 0 2 4 1 5 3 0 4 0 0 2 4 0 0 0 2 4 0 1
split_gain=40.4265 31.2894 205.568 38.0438 23.0079 22.5281 390.045 71.7996 530.538 670.829 24.2842 31.3918 23.2369 36.7733 34.0637 18.7376 53.3111 27.5262 18.0601 28.3352 47.8192 64.849 33.15 25.7264 90.7008 22.806 151.665 28.8684 35.2567 16.293 26.116 154.14 25.154 103.1 412.735 238.01 45.2183 179.691 38.2437 14.6355 42.4465 33.9855 23.2693 23.8795 21.1427 20.8135 20.2468 19.7578 18.1269 17.4102 13.9254 43.5782 276.581 32.9725 26.8277 17.2714 35.1157 27.5033 13.7444 13.0623 12.7005 51.5842
threshold=1825.4250000000002 4.5000000000000009 2141.7333333333368 1881.1083333333336 1095.0229840687909 1370.9378903801287 2098.4583333333358 2042.2249999999997 10.933969412178659 205.72432430723975 147.8971459452957 7487.8749999999964 1423.451864974666 151.79379106872219 28.500000000000004 3702.4166666666683 2460.5000000000005 3777.3833333333346 256.1560690243553 225.37803066088239 6509.0416666666633 2460.5000000000005 206.87857535272232 6413.9750000000004 3628.9750000000026 6413.9750000000004 5332.9416666666702 188.12797854346988 862.91618138737215 6.2060092277287451 6535.1916666666657 6097.5250000000015 6248.0250000000042 5468.0416666666688 10.657496937984229 1577.0224354450506 6352.3583333333327 1635.6986644495021 6413.9750000000004 242.62472045653018 245.28485771161959 24.885401204895558 16.65761709468736 3841.6666666666711 235.74307353819509 9.725085228650288 2460.5000000000005 6.5000000000000009 2233.9304350807274 3680.9000000000019 13.472914609428999 6509.0416666666633 6151.5000000000027 230.48614672805746 21.003868723627619 6248.0250000000042 5380.541666666667 6466.4916666666641 226.80103403115353 43.415062745293575 8066.2416666666631 6517.5000000000009
decision_type=2 2 2 2 2 2 2 2 2 2 2 2 2 2 2 2 2 2 2 2 2 2 2 2 2 2 2 2 2 2 2 2 2 2 2 2 2 2 2 2 2 2 2 2 2 2 2 2 2 2 2 2 2 2 2 2 2 2 2 2 2 2
left_child=-1 2 -2 -3 18 6 -5 8 -7 -10 11 -8 13 -9 60 16 -12 -17 19 22 21 -21 25 24 -24 26 27 -4 -29 30 31 58 33 39 -35 -36 37 -34 -38 44 -41 42 45 -44 47 46 -42 -31 -49 -46 55 52 53 54 -52 56 -19 -57 -14 -40 61 -15
right_child=1 3 4 5 -6 7 10 12 9 -11 15 -13 29 14 -16 17 -18 50 -20 20 -22 -23 23 -25 -26 -27 -28 28 -30 32 -32 -33 36 34 35 -37 38 -39 59 40 41 -43 43 -45 49 -47 -48 48 -50 -51 51 -53 -54 -55 -56 57 -58 -59 -60 -61 -62 -63
leaf_value=0.056086393259465697 0.16354286386853173 -0.060507846665051247 -0.012740136679760483 -0.21538472839377146 0.052183820165693763 0.24098064750432968 0.065248117697874794 -0.046446336885648115 0.12255057537555694 -0.26595480367541313 -0.0017341408679938692 -0.0060565557359068684 0.0011529297449183421 0.0083246525740131166 0.061542727815862189 -0.065226971465162931 0.065310148107154034 0.0036088014040142301 -0.041208531568356029 -0.010494300981517882 0.0010660557953708963 0.10236931260675193 0.012242374372144697 -0.0044342621306699137 -0.11534930542111398 -0.0016509343739279582 0.15085523024201394 -0.0060089132343418899 0.079769454945040785 0.039040064415188903 -0.0013661542916186468 -0.15666159410960973 -0.12805175059475005 0.25029346119789853 0.12344437936941784 -0.089476271740027841 0.049089183003848624 0.0408552808146323 -0.0024331415252649073 0.083069058498367668 -0.0055200066579424827 -0.047867409251630307 0.084680277348629068 0.0083406702359206976 -0.064467938220047427 -0.010557808319301627 0.05729839410632849 0.00066913946557732107 -0.046232161812839061 -0.00068162843352183701 -0.013273167890211983 -0.0040931749420396093 -0.18676161772012712 -0.061217700482811777 0.04114878449039773 -0.058452218224208444 0.074730726504432299 -0.0025637236132638689 -0.037899177169812649 -0.036747552938426714 -0.0024785238832975768 0.074993096792604783
leaf_weight=32 21 27 92 22 25 24 29 28 25 20 194 33 101 311 33 20 35 100 22 20 82 35 30 97 26 277 20 25 23 33 267 20 32 21 21 35 36 31 2914 20 23 25 21 20 23 86 29 1085 21 20 54 443 25 20 39 23 21 513 29 28 161 32
leaf_count=32 21 27 92 22 25 24 29 28 25 20 194 33 101 311 33 20 35 100 22 20 82 35 30 97 26 277 20 25 23 33 267 20 32 21 21 35 36 31 2914 20 23 25 21 20 23 86 29 1085 21 20 54 443 25 20 39 23 21 513 29 28 161 32
internal_value=3.4702e-11 -0.000225247 0.0091863 -0.00126835 0.00499833 -0.00104452 -0.00633305 0.000445752 0.0511334 -0.0501185 -0.00336395 0.0272956 -0.000189455 0.00941614 0.0123289 -0.0046423 0.0085128 -0.00703698 0.00342338 0.004774 0.0252588 0.061328 1.73622e-05 -0.0200126 -0.0469966 0.00703016 0.0220593 0.00365987 0.0350932 -0.00128785 -0.0107449 -0.0274391 -0.000416142 0.00492273 0.0612575 -0.00963103 -0.00301974 -0.0449388 -0.00213294 0.00183754 0.0135559 0.00674086 0.0143677 0.0474414 -0.000383191 0.00454146 0.0295133 0.000916122 -0.000221392 -0.0347999 -0.00609692 -0.011736 -0.0362706 -0.00297613 0.00954894 -0.00111015 0.0159523 -0.00496192 -0.00755869 -0.00275972 0.00910655 0.0145444
internal_weight=8000 7968 795 7173 774 7146 1571 5575 69 45 1549 62 5506 565 537 1487 229 1258 749 727 137 55 590 153 56 437 160 140 48 4941 417 150 4524 1483 77 56 3041 63 2978 1406 224 204 179 41 1182 138 52 1139 1106 43 1238 581 138 113 93 657 121 536 130 2942 504 343
internal_count=8000 7968 795 7173 774 7146 1571 5575 69 45 1549 62 5506 565 537 1487 229 1258 749 727 137 55 590 153 56 437 160 140 48 4941 417 150 4524 1483 77 56 3041 63 2978 1406 224 204 179 41 1182 138 52 1139 1106 43 1238 581 138 113 93 657 121 536 130 2942 504 343
is_linear=0
shrinkage=0.05


Tree=114
num_leaves=63
num_cat=0
split_feature=0 2 4 4 0 1 4 3 3 2 3 4 5 4 0 2 2 6 4 4 0 4 3 5 0 5 4 0 2 0 0 6 4 3 1 2 0 2 6 2 3 3 4 2 4 4 0 0 0 0 2 2 3 0 0 0 0 0 1 3 0 0
split_gain=37.9991 111.665 21.7159 22.5855 20.5964 160.32 68.3024 56.7103 77.5612 94.8757 91.6444 142.067 113.373 52.0553 42.7724 415.062 493.634 191.626 10.4228 21.5641 41.2214 11.7695 47.0438 11.0857 63.4619 8.95498 13.2599 46.0441 77.0204 55.8285 12.6388 47.9895 92.1661 44.0427 35.6762 14.6482 70.8905 11.3233 10.6821 41.3278 13.3401 16.878 14.2496 12.0696 15.9883 10.8672 77.0731 17.3606 81.4284 11.436 10.3114 31.843 27.552 40.9882 159.09 36.0977 26.681 19.7138 184.608 160.746 94.0734 238.607
threshold=1881.1083333333336 208.4520046803095 47.195102150610204 43.415062745293575 3729.6416666666687 2460.5000000000005 6.4633073149309466 1168.6043962509677 1384.1763264522369 242.62472045653018 1538.1473068786042 10.452438316795091 16.500000000000004 3.1638550743982683 2042.2249999999997 218.61180003685183 178.8129778857531 37.500000000000007 1.8026214813817867 2.3700065207280079 7423.733333333329 2.8401565884695708 846.35584395486592 1.0000000180025095e-35 6325.2666666666673 35.500000000000007 32.116369595110534 6535.1916666666657 221.11889915912479 4956.0666666666721 3841.6666666666711 28.500000000000004 14.772664346170684 1559.3391044214907 2460.5000000000005 285.70531970759959 6248.0250000000042 200.72480607189615 82.500000000000014 172.72030028404419 1342.0208524182788 1346.1446658021198 28.456383606262918 250.14766007980833 13.905708575049653 20.889761125436735 6438.7416666666659 6382.2166666666662 6097.5250000000015 6488.3499999999985 174.48580354194405 172.2640203125986 2046.7954419128707 6196.8833333333359 5229.3250000000035 6488.3499999999985 6509.0416666666633 6509.0416666666633 5887.5000000000009 1649.3106753975444 6248.0250000000042 5468.0416666666688
decision_type=2 2 2 2 2 2 2 2 2 2 2 2 2 2 2 2 2 2 2 2 2 2 2 2 2 2 2 2 2 2 2 2 2 2 2 2 2 2 2 2 2 2 2 2 2 2 2 2 2 2 2 2 2 2 2 2 2 2 2 2 2 2
left_child=1 -1 3 4 5 13 -7 -8 -9 10 -10 -12 -13 -2 15 16 -15 -18 -6 20 -20 22 -21 24 -23 26 30 28 29 -28 31 -25 34 -34 -33 38 -37 -27 40 -40 42 -42 43 45 -45 47 -47 48 -32 -49 51 52 53 54 -43 -55 -53 58 60 -60 61 -52
right_child=2 -3 -4 -5 18 6 7 8 9 -11 11 12 -14 14 -16 -17 17 -19 19 21 -22 23 -24 25 -26 37 27 -29 -30 -31 35 32 33 -35 -36 36 -38 -39 39 -41 41 50 -44 44 -46 46 -48 49 -50 -51 57 56 -54 55 -56 -57 -58 -59 59 -61 -62 -63
leaf_value=-0.021745064684322902 -0.063602803925547943 0.11092864568505822 0.041457033397689941 -0.043067440231360742 -0.033070796649329937 0.12116218225823508 -0.037456665738769206 0.11715326583193196 -0.068020061095213066 0.1210523627021096 -0.070017226040363312 0.17404067927882785 0.0097437126495476291 -0.084004127730925887 -0.0027756216124439816 -0.1410755331516266 0.091015195846557623 0.30217461965300818 0.084762005188635414 -0.077028281590901318 -0.0065748359511295963 0.072417992080890517 0.016890398729592564 0.076211834192276007 -0.0023758958286145561 -0.0024682667872790872 -0.030437522633001209 -0.00061096171581279753 0.029458901178441011 -0.14716287316931856 -0.0054522866790302077 -0.0053940377240492545 0.10470104161649943 0.0032487045811570208 -0.093543785391375422 -0.10005543146451766 -0.0035991910105558039 0.048472089674323801 0.073164283122826856 0.0015131554150554752 0.038967951966656582 -0.002418252880086711 -0.048212901061633603 -0.005712134424330933 -0.058065233647823337 0.091924916252331901 -0.010407334251794964 0.034373687943443657 -0.092477159362169922 -0.003894504686454494 -0.0025718068839583183 -0.084789216368120507 0.047508844604285866 0.052132030751090498 -0.15309368817305025 -0.0026104290159888487 -0.015599163948239661 -0.001632132509196781 0.032852200305971663 0.20797692209482196 -0.048554121659592143 0.10124609252957047
leaf_weight=35 33 29 31 31 26 27 23 31 29 22 20 21 21 24 1046 25 21 22 21 24 30 34 30 25 171 24 20 177 20 21 168 22 20 23 24 22 142 20 23 161 27 86 20 35 25 23 92 20 32 818 597 22 26 32 22 511 38 2630 38 20 86 61
leaf_count=35 33 29 31 31 26 27 23 31 29 22 20 21 21 24 1046 25 21 22 21 24 30 34 30 25 171 24 20 177 20 21 168 22 20 23 24 22 142 20 23 161 27 86 20 35 25 23 92 20 32 818 597 22 26 32 22 511 38 2630 38 20 86 61
internal_value=-2.3023e-11 0.0383727 -0.000309457 -0.000473248 -0.000305554 0.00527861 0.047378 0.0354488 0.0470934 0.0278734 0.00534666 0.0396634 0.0918922 -0.001696 9.91855e-05 0.0327845 0.0976576 0.19905 -0.00147661 -0.0013499 0.0310345 -0.00160668 -0.0248512 -0.00140988 0.0100289 -0.00178975 -0.00195111 -0.0135216 -0.0509835 -0.0902237 -0.00148365 0.0150028 -0.00219077 0.0504358 -0.0513852 -0.00180899 -0.0165384 0.0206864 -0.00137862 0.0104695 -0.00178018 -0.00043663 -0.00635239 -0.00566219 -0.0275259 -0.00452445 0.0100591 -0.00614016 -0.0193763 -0.00298118 -0.000691829 -0.00605785 -0.00296382 -0.00497962 -0.0331114 0.000615646 -0.0409688 0.00046049 0.00732283 0.09324 0.000624985 0.00705265
internal_weight=8000 64 7936 7905 7874 1365 194 167 144 113 91 62 42 1171 1138 92 67 43 6509 6483 51 6432 54 6378 205 6173 6129 238 61 41 5891 114 89 43 46 5777 164 44 5613 184 5429 4196 1233 1213 60 1153 115 1038 200 838 4169 737 677 651 108 543 60 3432 802 58 744 658
internal_count=8000 64 7936 7905 7874 1365 194 167 144 113 91 62 42 1171 1138 92 67 43 6509 6483 51 6432 54 6378 205 6173 6129 238 61 41 5891 114 89 43 46 5777 164 44 5613 184 5429 4196 1233 1213 60 1153 115 1038 200 838 4169 737 677 651 108 543 60 3432 802 58 744 658
is_linear=0
shrinkage=0.05


end of trees

feature_importances:
EngineHours=3511
HydraulicPressure=832
FuelUsed=733
LastServiceHours=646
RPM=602
LoadCycles=370
ArmCycles=180

parameters:
[boosting: gbdt]
[objective: regression]
[metric: l1]
[tree_learner: serial]
[device_type: cpu]
[data_sample_strategy: bagging]
[data: ]
[valid: ]
[num_iterations: 300]
[learning_rate: 0.05]
[num_leaves: 63]
[num_threads: 0]
[seed: 0]
[deterministic: 0]
[force_col_wise: 0]
[force_row_wise: 0]
[histogram_pool_size: -1]
[max_depth: -1]
[min_data_in_leaf: 20]
[min_sum_hessian_in_leaf: 0.001]
[bagging_fraction: 1]
[pos_bagging_fraction: 1]
[neg_bagging_fraction: 1]
[bagging_freq: 0]
[bagging_seed: 3]
[bagging_by_query: 0]
[feature_fraction: 1]
[feature_fraction_bynode: 1]
[feature_fraction_seed: 2]
[extra_trees: 0]
[extra_seed: 6]
[early_stopping_round: 0]
[early_stopping_min_delta: 0]
[first_metric_only: 0]
[max_delta_step: 0]
[lambda_l1: 0]
[lambda_l2: 0]
[linear_lambda: 0]
[min_gain_to_split: 0]
[drop_rate: 0.1]
[max_drop: 50]
[skip_drop: 0.5]
[xgboost_dart_mode: 0]
[uniform_drop: 0]
[drop_seed: 4]
[top_rate: 0.2]
[other_rate: 0.1]
[min_data_per_group: 100]
[max_cat_threshold: 32]
[cat_l2: 10]
[cat_smooth: 10]
[max_cat_to_onehot: 4]
[top_k: 20]
[monotone_constraints: ]
[monotone_constraints_method: basic]
[monotone_penalty: 0]
[feature_contri: ]
[forcedsplits_filename: ]
[refit_decay_rate: 0.9]
[cegb_tradeoff: 1]
[cegb_penalty_split: 0]
[cegb_penalty_feature_lazy: ]
[cegb_penalty_feature_coupled: ]
[path_smooth: 0]
[interaction_constraints: ]
[verbosity: -1]
[saved_feature_importance_type: 0]
[use_quantized_grad: 0]
[num_grad_quant_bins: 4]
[quant_train_renew_leaf: 0]
[stochastic_rounding: 1]
[linear_tree: 0]
[max_bin: 255]
[max_bin_by_feature: ]
[min_data_in_bin: 3]
[bin_construct_sample_cnt: 200000]
[data_random_seed: 1]
[is_enable_sparse: 1]
[enable_bundle: 1]
[use_missing: 1]
[zero_as_missing: 0]
[feature_pre_filter: 1]
[pre_partition: 0]
[two_round: 0]
[header: 0]
[label_column: ]
[weight_column: ]
[group_column: ]
[ignore_column: ]
[categorical_feature: ]
[forcedbins_filename: ]
[precise_float_parser: 0]
[parser_config_file: ]
[objective_seed: 5]
[num_class: 1]
[is_unbalance: 0]
[scale_pos_weight: 1]
[sigmoid: 1]
[boost_from_average: 1]
[reg_sqrt: 0]
[alpha: 0.9]
[fair_c: 1]
[poisson_max_delta_step: 0.7]
[tweedie_variance_power: 1.5]
[lambdarank_truncation_level: 30]
[lambdarank_norm: 1]
[label_gain: ]
[lambdarank_position_bias_regularization: 0]
[eval_at: ]
[multi_error_top_k: 1]
[auc_mu_weights: ]
[num_machines: 1]
[local_listen_port: 12400]
[time_out: 120]
[machine_list_filename: ]
[machines: ]
[gpu_platform_id: -1]
[gpu_device_id: -1]
[gpu_device_id_list: ]
[gpu_use_dp: 0]
[num_gpu: 1]

end of parameters

pandas_categorical:[]
