tree
version=v4
num_class=1
num_tree_per_iteration=1
label_index=0
max_feature_idx=6
objective=regression
feature_names=EngineHours LastServiceHours HydraulicPressure RPM FuelUsed LoadCycles ArmCycles
feature_infos=[1769:10011.916666666661] [1559:7586] [81.799748661137968:323.24009395435905] [751.04446200468192:2442.598994362414] [2.6269687710151861:63.254852746088261] [4:45] [12:135]
tree_sizes=2841 2813 2821 2814 2810 2816 2820 2820 2815 2809 2816 2821 2816 2819 2816 2811 2817 2808 2812 2809 2819 2817 2817 2818 2817 2814 2798 2792 2788 2777 2770 2779 2769 2754 2749 2750 2748 2743 2730 2744 2721 2727 2717 2727 2728 2723 2724 2721 2728 2719 2718 2708 2688 2699 2686 2690 2683 2685 2689 2689 2699 2706 2711 2700 2703 2693 2697 2708 2702 2702 2712 2704 2697 2716 2708 2721 2714 2739 2734 2726 2724 2729 2728 2734 2738 2740 2722 2741 2730 2742 2752 2725 2750 2745 2738 2744 2736 2746 2749 2734 2744 2740 2753 2755 2739 2748 2764 2746 2750 2752 2757 2735 2771 2746 2756 2750 2737 2768 2767 2741 2753 2766 2759 2752 2764 2728 2761 2758 2766 2757 2772 2769 2747 2735 2764 2741 2748 2748 2765 2750 2729 2759 2754 2740 2751 2749 2714 2750 2737 2731 2720 2773 2781 2770 2744 2748 2783 2775 2732 2731 2760 2748 2738 2748 2759 2747 2738 2728 2741 2764 2785 2743 2740 2759 2770 2744 2751 2765 2754 2736 2716 2762 2759 2724 2762 2731 2698 2754 2733 2715 2752 2715 2763 2721 2745 2722 2736 2709 2730 2702 2745 2717 2705 2741 2705 2722 2715 2740 2755 2715 2694 2720 2722 2724 2712 2736 2728 2758 2740 2715 2721 2757 2731 2711 2792 2739 2738 2753 2743 2744 2705 2733 2742 2745 2744 2747 2740 2720 2724 2752 2758 2730 2737 2730 2739 2710 2726 2741 2707 2761 2773 2727 2722 2741 2726 2717 2704 2714 2768 2739 2743 2740 2723 2759 2723 2749 2730 2712 2707 2729 2723 2723 2749 2715 2730 2742 2748 2729 2729 2757 2724 2714 2720 2738 2732 2733 2765 2724 2706 2754 2751 2728 2752 2750 2716 2736 2725 2744 2732 2730

Tree=0
num_leaves=31
num_cat=0
split_feature=0 0 1 0 1 0 1 0 0 0 0 1 0 0 0 1 1 0 0 0 0 0 0 1 0 1 0 0 0 0
split_gain=5.8814e+08 2.28246e+08 4.75663e+08 1.22357e+08 1.21908e+08 1.92614e+08 1.31765e+08 3.29933e+08 1.21081e+08 1.00136e+08 6.30654e+07 5.60608e+07 4.51128e+07 4.04379e+07 3.12933e+07 3.82286e+07 1.62322e+07 3.41075e+07 1.59675e+07 1.52994e+07 1.51791e+07 1.22548e+07 1.12496e+07 1.01603e+07 1.37148e+07 8.7227e+06 7.03711e+06 7.03379e+06 6.80749e+06 5.85115e+06
threshold=8918.7166666666653 7132.0916666666644 6517.5000000000009 8362.0666666666602 4564.0000000000009 4761.9500000000189 2460.5000000000005 2788.7583333333355 7699.6166666666677 4086.0750000000025 6664.0666666666684 7306.0000000000009 3284.7916666666674 2284.191666666668 9302.9250000000047 7306.0000000000009 7306.0000000000009 7889.4916666666641 7966.8583333333308 7423.7583333333323 5124.8416666666817 4430.341666666679 3754.0499999999984 7306.0000000000009 9670.1833333333452 5887.5000000000009 8625.8833333333241 6439.3500000000031 8625.8833333333241 3535.7000000000003
decision_type=2 2 2 2 2 2 2 2 2 2 2 2 2 2 2 2 2 2 2 2 2 2 2 2 2 2 2 2 2 2
left_child=1 4 8 16 5 6 7 13 19 22 27 26 -9 -1 15 -2 17 -4 -10 -3 -7 -11 -8 -16 -25 -12 -5 -6 -13 -14
right_child=14 2 3 11 10 20 9 12 18 21 25 28 29 -15 23 -17 -18 -19 -20 -21 -22 -23 -24 24 -26 -27 -28 -29 -30 -31
leaf_value=-770.17962949582795 -850.12200148685974 -815.49182307081708 -777.70144050352337 -819.50497384109121 -768.70920684201985 -824.98246315649862 -757.68432134730756 -819.6573688698835 -843.16720097127836 -791.49258960417626 -802.53619115959123 -791.6506847071322 -838.60520066574304 -795.31610853025177 -865.3267631474298 -822.33722775986496 -774.80566188670809 -801.42561317464629 -857.79192245836975 -830.01934423861417 -843.36903478240492 -808.03176363852288 -773.89949497472855 -841.49063953498523 -859.07040877159022 -790.55790055938223 -833.35640817269291 -779.48793069245608 -805.4661514246809 -851.78210546549121
leaf_weight=320 258 377 302 179 319 224 210 320 344 224 307 173 154 320 145 238 267 304 408 349 225 224 218 227 217 301 188 288 184 186
leaf_count=320 258 377 302 179 319 224 210 320 344 224 307 173 154 320 145 238 267 304 408 349 225 224 218 227 217 301 188 288 184 186
internal_value=-811.818 -806.448 -816.599 -797.681 -798.319 -804.38 -798.227 -808.327 -837.04 -783.239 -785.224 -812.878 -833.132 -782.748 -846.043 -836.79 -785.077 -789.603 -851.102 -822.475 -834.196 -799.762 -765.943 -853.835 -850.083 -796.606 -826.601 -773.823 -798.771 -845.814
internal_weight=8000 6915 3075 1597 3840 2625 2176 1300 1478 876 1215 724 660 640 1085 496 873 606 752 726 449 448 428 589 444 608 367 607 357 340
internal_count=8000 6915 3075 1597 3840 2625 2176 1300 1478 876 1215 724 660 640 1085 496 873 606 752 726 449 448 428 589 444 608 367 607 357 340
is_linear=0
shrinkage=1


Tree=1
num_leaves=31
num_cat=0
split_feature=0 0 1 0 1 0 1 0 0 0 1 0 0 0 0 1 0 0 0 0 0 1 0 1 0 0 0 1 0 0
split_gain=5.30796e+08 2.06382e+08 4.12136e+08 1.24325e+08 1.20363e+08 1.73834e+08 1.18918e+08 2.98008e+08 1.11534e+08 9.04256e+07 5.93217e+07 4.83832e+07 4.22638e+07 3.5237e+07 2.85004e+07 3.03287e+07 2.12075e+07 1.36991e+07 1.26589e+07 1.10687e+07 1.10587e+07 1.10011e+07 1.5368e+07 1.07352e+07 2.03088e+07 1.01426e+07 8.78338e+06 7.54627e+06 6.71761e+06 5.31765e+06
threshold=8918.7166666666653 7079.4833333333308 6517.5000000000009 7617.7833333333328 4564.0000000000009 4761.9500000000189 2460.5000000000005 2835.2916666666683 8256.391666666661 4142.9750000000058 7306.0000000000009 6608.4416666666684 2344.2250000000013 3330.0666666666671 9248.0250000000033 7306.0000000000009 7906.6166666666659 5124.8416666666817 3799.9166666666656 8578.0833333333267 7348.8416666666635 7306.0000000000009 9623.325000000008 7306.0000000000009 7810.0666666666666 8578.0833333333267 4477.5166666666782 5887.5000000000009 2045.2333333333338 8256.391666666661
decision_type=2 2 2 2 2 2 2 2 2 2 2 2 2 2 2 2 2 2 2 2 2 2 2 2 2 2 2 2 2 2
left_child=1 4 3 20 5 6 7 12 23 18 19 -6 28 -9 15 -2 -5 -7 -8 -10 -3 -16 -23 24 -4 -12 -11 -13 -1 -18
right_child=14 2 8 16 11 17 9 13 10 26 25 27 -14 -15 21 -17 29 -19 -20 -21 -22 22 -24 -25 -26 -27 -28 -29 -30 -31
leaf_value=45.98045042037964 -35.210959077406564 -0.72863290521681823 34.635976502953511 -26.498983992082966 37.3060621286185 -12.506364592484067 50.333653025013781 -9.8283142071636398 -3.6652350482429221 16.983845043182374 22.645134661747861 11.309169265493271 13.307055698633196 -33.520171935836991 -49.808551562916151 -8.7476676878721822 -38.869592285156251 -29.973607883029516 33.725670181344093 -19.406027256676911 -13.417669076750265 -25.773743670627411 -43.778482264857139 37.763591369628905 14.945407774788993 7.1759130005207332 2.4100387185035896 22.452085062321402 32.108482591311137 -50.150733485974769
leaf_weight=160 227 349 246 369 543 224 241 320 229 224 208 310 320 308 176 207 334 225 219 218 338 227 248 200 280 216 192 298 192 152
leaf_count=160 227 349 246 369 543 224 241 320 229 224 208 310 320 308 176 207 334 225 219 218 338 227 248 200 280 216 192 298 192 152
internal_value=3.78567e-08 5.10161 -4.37233 -22.81 12.9773 7.06615 12.9109 3.31591 13.4303 27.15 1.36663 26.4585 26.4583 -21.4479 -32.514 -22.5891 -35.5362 -21.2594 42.4268 -11.342 -6.97156 -39.1306 -35.1741 27.9034 24.1543 14.7646 10.2575 16.7707 38.4139 -42.3979
internal_weight=8000 6915 3139 1542 3776 2625 2176 1300 1597 876 871 1151 672 628 1085 434 855 449 460 447 687 651 475 726 526 424 416 608 352 486
internal_count=8000 6915 3139 1542 3776 2625 2176 1300 1597 876 871 1151 672 628 1085 434 855 449 460 447 687 651 475 726 526 424 416 608 352 486
is_linear=0
shrinkage=0.05


Tree=2
num_leaves=31
num_cat=0
split_feature=0 0 1 0 1 0 0 1 0 0 0 1 0 0 1 0 0 0 1 0 0 0 0 0 1 0 0 0 0 0
split_gain=4.79611e+08 1.77375e+08 3.9491e+08 1.12371e+08 1.08628e+08 1.56913e+08 1.02004e+08 2.35506e+08 9.04443e+07 8.69237e+07 8.31216e+07 4.76091e+07 4.36658e+07 3.48723e+07 3.13837e+07 1.67942e+07 1.20083e+07 1.14827e+07 1.06874e+07 1.53615e+07 1.05649e+07 9.92574e+06 9.86577e+06 9.8147e+06 9.68851e+06 1.83825e+07 9.33947e+06 7.23835e+06 6.95587e+06 6.39386e+06
threshold=8841.4500000000007 7079.4833333333308 6517.5000000000009 7653.0999999999976 4564.0000000000009 4813.2166666666863 2444.6583333333338 2460.5000000000005 4142.9750000000058 3126.2833333333342 8256.391666666661 7306.0000000000009 6608.4416666666684 9219.2166666666762 7306.0000000000009 7906.6166666666659 7374.5999999999967 3777.6666666666647 7306.0000000000009 9578.9500000000135 3485.9666666666658 5178.3750000000155 2741.0583333333348 4526.1583333333447 7306.0000000000009 7792.4583333333312 2101.3583333333349 6832.7249999999976 8528.2916666666624 8528.2916666666624
decision_type=2 2 2 2 2 2 2 2 2 2 2 2 2 2 2 2 2 2 2 2 2 2 2 2 2 2 2 2 2 2
left_child=1 4 3 16 5 6 26 9 17 22 24 28 -6 14 -2 -5 -3 -9 -15 -20 -11 -7 -8 -10 25 -4 -1 -14 -12 -13
right_child=13 2 10 15 12 21 7 8 23 20 11 29 27 18 -16 -17 -18 -19 19 -21 -22 -23 -24 -25 -26 -27 -28 -29 -30 -31
leaf_value=42.422398916880297 -31.404839392702556 -1.1816977869993763 33.308086110777779 -25.701513557319529 35.440758751856912 -14.256494862692698 12.512184532483419 48.343799962406671 15.15108897984028 -19.739210365260888 -2.2831731096985415 22.468560470665359 21.682777155770196 -46.796911859512335 -6.2258275576690334 -40.277958471981094 -14.086184108500579 32.541951653896234 -22.69975440581263 -40.57869565683454 -35.307108920784884 -29.727435650603145 -2.4813473508693278 0.19641542017537481 35.875411956787111 14.514475537004143 27.394329663685394 10.756549102058635 -15.491696855498525 9.4668902426054995
leaf_weight=192 259 380 236 333 543 224 192 226 256 221 194 181 288 192 237 486 343 234 211 279 215 193 256 192 200 290 224 320 205 198
leaf_count=192 259 380 236 333 543 224 192 226 256 221 194 181 288 192 237 486 343 234 211 279 215 193 256 192 200 290 224 320 205 198
internal_value=-5.81007e-08 5.08729 -3.88929 -21.6695 12.3285 6.71284 12.0254 6.84745 24.7323 -11.5229 14.3401 2.98524 25.1356 -29.4614 -19.3737 -34.3513 -7.30374 40.3055 -36.7978 -32.8798 -27.416 -21.4169 3.94445 8.74194 26.5082 22.9466 34.3304 15.9321 -9.06951 15.6761
internal_weight=8000 6822 3046 1542 3776 2625 2208 1792 908 884 1504 778 1151 1178 496 819 723 460 682 490 436 417 448 448 726 526 416 608 399 379
internal_count=8000 6822 3046 1542 3776 2625 2208 1792 908 884 1504 778 1151 1178 496 819 723 460 682 490 436 417 448 448 726 526 416 608 399 379
is_linear=0
shrinkage=0.05


Tree=3
num_leaves=31
num_cat=0
split_feature=0 0 1 0 1 0 1 0 0 0 0 1 0 0 0 1 0 0 1 0 0 0 0 1 0 1 0 0 1 0
split_gain=4.33613e+08 1.70657e+08 3.51819e+08 9.6404e+07 8.61496e+07 1.41776e+08 1.04361e+08 2.43408e+08 8.34776e+07 6.64812e+07 5.07392e+07 4.28559e+07 3.35706e+07 2.99708e+07 2.06279e+07 2.62067e+07 1.5492e+07 1.39837e+07 1.20291e+07 2.5901e+07 9.50136e+06 8.16794e+06 7.71782e+06 7.54892e+06 1.03572e+07 6.83761e+06 6.77149e+06 5.94876e+06 5.84392e+06 5.82805e+06
threshold=8941.658333333331 7153.3499999999967 6517.5000000000009 8362.0666666666602 4564.0000000000009 4716.4083333333501 2460.5000000000005 2788.7583333333355 7775.8333333333367 4033.2000000000021 6714.8999999999987 7306.0000000000009 3284.7916666666674 2284.191666666668 9302.9250000000047 7306.0000000000009 7505.1083333333354 5068.7000000000162 7306.0000000000009 7939.3499999999967 4338.9166666666761 8207.1583333333274 6439.3500000000031 7306.0000000000009 9730.8000000000065 5887.5000000000009 3702.2749999999987 8672.2250000000004 5887.5000000000009 8672.2250000000004
decision_type=2 2 2 2 2 2 2 2 2 2 2 2 2 2 2 2 2 2 2 2 2 2 2 2 2 2 2 2 2 2
left_child=1 4 8 18 5 6 7 13 16 26 22 27 -9 -1 15 -2 28 -7 19 -4 -11 -10 -6 -16 -25 -12 -8 -5 -3 -13
right_child=14 2 3 11 10 17 9 12 21 20 25 29 -14 -15 23 -17 -18 -19 -20 -21 -22 -23 -24 24 -26 -27 -28 -29 -30 -31
leaf_value=35.783545966148374 -33.356004038367253 -11.172827925772038 28.396785615380129 -7.616676805164893 37.315888101703322 -9.0239246419497903 47.770433259953215 -6.6888507492060318 -32.110120051306204 20.786410673459372 6.0049969439679352 16.433673266510464 -29.252381802727196 14.143438760042191 -46.003175006734921 -9.5918228218147359 -19.164347984271341 -26.114728234435798 31.837548668107736 7.6066561277997016 6.0723935519636143 -44.675823088065208 26.578173503008756 -26.37913979818655 -41.857226037466404 16.900341521369086 34.619667756938497 -20.179339473205207 0.32325884754007517 3.8958050329151543
leaf_weight=320 243 212 335 213 319 224 177 320 466 192 288 201 340 320 145 222 358 257 267 271 256 179 352 258 186 288 219 169 231 172
leaf_count=320 243 212 335 213 319 224 177 320 466 192 288 201 340 320 145 222 358 257 267 271 256 179 352 258 186 288 219 169 231 172
internal_value=2.44163e-08 4.5345 -4.2614 11.6803 11.5176 6.3772 11.8811 2.99261 -22.2096 25.5718 22.3384 -1.4032 -18.3125 24.9635 -29.8829 -22.0105 -11.4292 -18.1556 22.9954 19.0995 12.3784 -35.5973 31.683 -36.098 -32.8632 11.4527 40.4977 -13.1745 -5.17825 10.6521
internal_weight=8000 6946 3074 1628 3872 2625 2144 1300 1446 844 1247 755 660 640 1054 465 801 481 873 606 448 645 671 589 444 576 396 382 443 373
internal_count=8000 6946 3074 1628 3872 2625 2144 1300 1446 844 1247 755 660 640 1054 465 801 481 873 606 448 645 671 589 444 576 396 382 443 373
is_linear=0
shrinkage=0.05


Tree=4
num_leaves=31
num_cat=0
split_feature=0 0 1 0 1 0 0 0 1 0 0 1 0 0 1 0 1 0 0 1 0 0 0 0 0 1 0 1 1 0
split_gain=3.91336e+08 1.54316e+08 2.98101e+08 9.16352e+07 8.88201e+07 1.28204e+08 8.71425e+07 8.37758e+07 1.92537e+08 7.37669e+07 7.12461e+07 3.98647e+07 3.56198e+07 1.86166e+07 2.36515e+07 1.58657e+07 1.05043e+07 2.21202e+07 1.00845e+07 9.04808e+06 8.93734e+06 8.22937e+06 7.89021e+06 7.80086e+06 7.67241e+06 6.8129e+06 9.47292e+06 6.30967e+06 6.16803e+06 5.79897e+06
threshold=8941.658333333331 7079.4833333333308 6517.5000000000009 7617.7833333333328 4564.0000000000009 4813.2166666666863 8345.8333333333303 2444.6583333333338 2460.5000000000005 4086.0750000000025 3126.2833333333342 7306.0000000000009 6608.4416666666684 9302.9250000000047 7306.0000000000009 7952.9249999999965 7306.0000000000009 7922.9666666666617 4430.341666666679 5887.5000000000009 3462.3250000000003 5178.3750000000155 2101.3583333333349 2741.0583333333348 3728.2416666666677 7306.0000000000009 9670.1833333333452 5887.5000000000009 5887.5000000000009 8651.9749999999967
decision_type=2 2 2 2 2 2 2 2 2 2 2 2 2 2 2 2 2 2 2 2 2 2 2 2 2 2 2 2 2 2
left_child=1 4 3 19 5 7 16 22 10 24 23 29 -6 14 -2 28 17 -4 -11 -3 -12 -7 -1 -9 -10 -15 -27 -14 -5 -8
right_child=13 2 6 15 12 21 11 8 9 18 20 -13 27 25 -16 -17 -18 -19 -20 -21 -22 -23 -24 -25 -26 26 -28 -29 -30 -31
leaf_value=38.512101697921757 -31.68820313504694 -11.830750667447507 27.35298954635951 -29.746239773062776 32.024404255285667 -12.848319748469763 -6.447678127841673 11.179402981201809 44.749039071890024 16.629344115938462 -17.16163467632726 10.447324541680672 9.4105671692375221 -43.703016315328668 -9.1122318542755405 -37.37353612072063 30.618773502111438 8.0004856214803812 2.1024310001415869 -0.35244796076842722 -31.51294270134791 -26.935327496306272 24.69915237426758 -2.1530392548971578 31.307079311911128 -24.079398308976632 -38.689751451905423 19.599675830098608 -17.783357577853732 -18.612339503790743
leaf_weight=192 243 337 323 215 543 224 207 192 195 224 203 384 310 145 222 424 256 272 256 350 233 193 224 256 233 227 217 298 216 186
leaf_count=192 243 337 323 215 543 224 207 192 195 224 203 384 310 145 222 424 256 272 256 350 233 193 224 256 233 227 217 298 216 186
internal_value=2.46338e-08 4.30777 -3.82605 -19.5806 11.1362 6.05834 11.0963 10.8604 6.16783 22.339 -10.4424 -1.01003 22.717 -28.3888 -20.91 -30.5065 22.1499 18.5061 8.88166 -5.983 -24.831 -19.3682 31.0744 3.56086 37.4313 -34.2931 -31.22 14.4046 -23.7509 -12.205
internal_weight=8000 6946 3170 1542 3776 2625 1628 2208 1792 908 884 777 1151 1054 465 855 851 595 480 687 436 417 416 448 428 589 444 608 431 393
internal_count=8000 6946 3170 1542 3776 2625 1628 2208 1792 908 884 777 1151 1054 465 855 851 595 480 687 436 417 416 448 428 589 444 608 431 393
is_linear=0
shrinkage=0.05


Tree=5
num_leaves=31
num_cat=0
split_feature=0 0 1 0 1 0 1 0 0 0 1 0 0 0 0 1 0 1 0 0 0 0 1 0 0 0 0 0 0 1
split_gain=3.54106e+08 1.30535e+08 2.86114e+08 8.79289e+07 8.39019e+07 1.1587e+08 7.91197e+07 1.99708e+08 6.19971e+07 6.02703e+07 3.52164e+07 3.21798e+07 2.94834e+07 2.61426e+07 2.04419e+07 1.83868e+07 1.53297e+07 9.53234e+06 1.50295e+07 9.44249e+06 8.37178e+06 7.67211e+06 7.26569e+06 1.4334e+07 6.95285e+06 6.41361e+06 5.93446e+06 5.09849e+06 4.96565e+06 4.79764e+06
threshold=8841.4500000000007 7052.5833333333312 6517.5000000000009 7603.7666666666655 4564.0000000000009 4761.9500000000189 2460.5000000000005 2879.7666666666669 8256.391666666661 4086.0750000000025 7306.0000000000009 2393.3000000000011 6558.4083333333356 9150.4333333333398 3377.7833333333342 7306.0000000000009 7906.6166666666659 7306.0000000000009 9527.6166666666813 5068.7000000000162 7327.408333333331 4392.9000000000133 7306.0000000000009 7744.8249999999998 3680.6416666666655 6832.7249999999976 2045.2333333333338 8504.9249999999865 8552.9833333333318 5887.5000000000009
decision_type=2 2 2 2 2 2 2 2 2 2 2 2 2 2 2 2 2 2 2 2 2 2 2 2 2 2 2 2 2 2
left_child=1 4 3 20 5 6 7 11 22 24 27 26 -6 15 -9 -2 29 -15 -19 -7 -3 -11 23 -4 -8 -14 -1 -10 -12 -5
right_child=13 2 8 16 12 19 9 14 10 21 28 -13 25 17 -16 -17 -18 18 -20 -21 -22 -23 -24 -25 -26 -27 -28 -29 -30 -31
leaf_value=37.84552526473999 -25.27512123071406 0.52802827065331603 30.009067856056102 -26.947897005081177 31.487776308318519 -8.9814962387084964 43.766538006326428 -9.9984290771093214 -1.5700038952409556 16.878258609771731 19.035560718025131 9.0221501865983011 19.612535015019503 -38.915562539849404 -28.568937495134879 -3.9003363111622864 -34.641583832791802 -17.05018818260843 -34.070711473034279 -23.637627645410916 -10.415838067955137 3.6562992241233587 30.958825241088871 13.113756865916955 30.611118982436508 9.5514742254874569 25.237641382217408 -12.934212910045279 7.5859434478347367 -15.841460263789608
leaf_weight=160 209 350 207 192 479 192 161 320 179 192 194 320 352 242 276 194 486 223 310 257 349 256 200 319 267 288 224 220 185 197
leaf_count=160 209 350 207 192 479 192 161 320 179 192 194 320 352 242 276 194 486 223 310 257 349 256 200 319 267 288 224 220 185 197
internal_value=-7.7822e-08 4.37128 -3.25673 -18.1581 10.6424 5.75542 10.5273 2.70083 12.3382 22.1418 2.5318 20.7324 22.1064 -25.3148 -18.5982 -14.9855 -28.7207 -30.686 -26.9496 -17.3704 -4.93608 9.32285 22.847 19.7627 35.5598 15.0851 30.4909 -7.83598 13.4467 -21.3233
internal_weight=8000 6822 3078 1574 3744 2625 2176 1300 1504 876 778 704 1119 1178 596 403 875 775 533 449 699 448 726 526 428 640 384 399 379 389
internal_count=8000 6822 3078 1574 3744 2625 2176 1300 1504 876 778 704 1119 1178 596 403 875 775 533 449 699 448 726 526 428 640 384 399 379 389
is_linear=0
shrinkage=0.05


Tree=6
num_leaves=31
num_cat=0
split_feature=0 0 1 1 0 1 0 0 0 0 0 0 1 0 1 0 0 0 1 0 0 0 0 1 0 1 0 0 1 0
split_gain=3.1958e+08 1.17925e+08 2.79843e+08 6.37832e+07 1.04789e+08 7.69748e+07 1.80259e+08 6.19424e+07 5.59523e+07 4.90534e+07 3.78043e+07 3.25386e+07 3.17828e+07 2.35967e+07 2.06331e+07 1.62977e+07 1.17115e+07 1.0425e+07 7.26456e+06 1.05891e+07 6.98759e+06 6.849e+06 6.74505e+06 6.55728e+06 1.29823e+07 5.34821e+06 5.05617e+06 4.99221e+06 4.98967e+06 4.63803e+06
threshold=8841.4500000000007 7153.3499999999967 6517.5000000000009 4564.0000000000009 4716.4083333333501 2460.5000000000005 2686.9083333333351 7775.8333333333367 8256.391666666661 4033.2000000000021 6735.8416666666662 3225.9166666666674 7306.0000000000009 9219.2166666666762 7306.0000000000009 2187.9250000000006 7489.3916666666692 5018.1500000000169 7306.0000000000009 9623.325000000008 4338.9166666666761 6439.3500000000031 8223.0749999999935 7306.0000000000009 7761.1666666666633 5887.5000000000009 3655.2833333333319 3580.4416666666662 5887.5000000000009 8552.9833333333318
decision_type=2 2 2 2 2 2 2 2 2 2 2 2 2 2 2 2 2 2 2 2 2 2 2 2 2 2 2 2 2 2
left_child=1 3 7 4 5 6 15 16 23 26 21 -8 29 14 -2 -1 -3 -6 -15 -20 -11 -5 -9 24 -4 -12 -7 -13 -23 -10
right_child=13 2 8 10 17 9 11 22 12 20 25 27 -14 18 -16 -17 -18 -19 19 -21 -22 28 -24 -25 -26 -27 -28 -29 -30 -31
leaf_value=32.843009126186374 -25.506253446483242 -4.0684072993801674 28.111375014278867 32.274484889111179 -6.5927054723103842 42.171591270133241 -3.1442984343411151 -27.545534988596472 -2.3812379280788352 17.834954424699148 4.3290274452074433 -19.564316058266758 12.774362032268797 -38.327831013997397 -5.0903154945323239 15.917188816070558 -16.177639025685657 -21.623486359804147 -19.412934355302291 -34.114530391077842 5.2166136692510925 16.866185971360711 -39.129443734152282 29.410883995056153 12.165998281751362 14.244372963818002 30.460909320068364 -31.359455821056244 28.272866986248943 -13.183996055725425
leaf_weight=256 259 422 218 319 192 146 352 474 212 192 271 221 379 192 237 320 379 289 242 248 256 199 171 200 308 273 250 151 185 187
leaf_count=256 259 422 218 319 192 146 352 474 212 192 271 221 379 192 237 320 379 289 242 248 256 199 171 200 308 273 250 151 185 187
internal_value=-3.26538e-08 4.15271 -3.37867 9.89072 5.46765 10.1994 2.56579 -19.0843 11.7213 21.9574 19.2015 -14.0411 2.40521 -24.0491 -15.7511 23.4398 -9.79799 -15.6237 -30.084 -26.8537 10.6245 26.8598 -30.6166 21.7047 18.7745 9.30493 34.7785 -24.3521 22.3616 -7.44418
internal_weight=8000 6822 2950 3872 2625 2144 1300 1446 1504 844 1247 724 778 1178 496 576 801 481 682 490 448 703 645 726 526 544 396 372 384 399
internal_count=8000 6822 2950 3872 2625 2144 1300 1446 1504 844 1247 724 778 1178 496 576 801 481 682 490 448 703 645 726 526 544 396 372 384 399
is_linear=0
shrinkage=0.05


Tree=7
num_leaves=31
num_cat=0
split_feature=0 0 1 0 1 0 0 0 1 0 0 1 0 0 1 0 0 0 1 0 0 0 0 1 1 1 0 1 0 0
split_gain=2.88821e+08 1.13627e+08 2.15677e+08 7.17615e+07 6.86513e+07 9.46119e+07 6.45912e+07 6.23783e+07 1.42298e+08 5.4878e+07 5.3314e+07 2.82535e+07 2.40729e+07 1.39579e+07 1.8739e+07 1.02478e+07 9.3064e+06 9.09226e+06 1.18371e+07 9.03524e+06 8.0309e+06 6.5539e+06 5.92682e+06 5.6891e+06 5.66058e+06 5.05697e+06 5.00347e+06 4.76731e+06 6.66317e+06 4.51247e+06
threshold=8941.658333333331 7052.5833333333312 6517.5000000000009 7683.4750000000013 4564.0000000000009 4813.2166666666863 8362.0666666666602 2444.6583333333338 2460.5000000000005 4200.025000000006 3065.5833333333344 7306.0000000000009 6558.4083333333356 9325.6666666666733 7306.0000000000009 7374.5999999999967 8027.6666666666606 8138.4333333333288 7306.0000000000009 3839.2833333333342 3512.3666666666663 5231.2083333333494 2045.2333333333338 5887.5000000000009 5887.5000000000009 5887.5000000000009 4576.0750000000126 7306.0000000000009 9730.8000000000065 8651.9749999999967
decision_type=2 2 2 2 2 2 2 2 2 2 2 2 2 2 2 2 2 2 2 2 2 2 2 2 2 2 2 2 2 2
left_child=1 4 3 15 5 7 17 22 10 19 -9 -8 -6 14 -2 -3 23 -4 -19 -10 -12 -7 -1 -5 -14 -17 -11 -15 -29 -13
right_child=13 2 6 16 12 21 11 8 9 26 20 29 24 27 -16 25 -18 18 -20 -21 -22 -23 -24 -25 -26 -27 -28 28 -30 -31
leaf_value=34.311098480224608 -27.544843568068288 -0.40905995098421877 22.443115409627069 -28.239075348039741 28.461750070336969 -11.677590294182302 -10.721857698222729 4.0145556268719913 36.670070272417213 10.139772126078606 -14.903198653660466 14.109001200466871 9.0397177384169449 -38.284046411514282 -8.0848990504550979 -17.470071996184828 -33.580959315472334 1.8828510257976736 21.955727466503223 23.064050824301585 -28.135071385321925 -24.552816753505923 22.043835794925691 -16.906003938402449 18.446574226355022 -6.0388887228425014 -1.1314805155992509 -21.857618231851546 -34.420617150747653 3.1099692308514193
leaf_weight=160 260 412 579 219 479 256 382 416 268 256 267 187 327 128 236 193 332 151 143 224 201 161 256 224 313 194 160 244 186 186
leaf_count=160 260 412 579 219 479 256 382 416 268 256 267 187 327 128 236 193 332 151 143 224 201 161 256 224 313 194 160 244 186 186
internal_value=-2.18648e-08 3.70077 -3.21435 -16.4117 9.61482 5.19427 9.54523 9.31948 5.27033 19.1725 -9.00933 -1.16412 19.9848 -24.3886 -18.2857 -5.89712 -27.2518 18.807 11.6462 30.4755 -20.5861 -16.6486 26.762 -22.5086 13.6403 -11.7397 5.80467 -29.8134 -27.2918 8.62423
internal_weight=8000 6946 3202 1574 3744 2625 1628 2208 1792 908 884 755 1119 1054 496 799 775 873 294 492 468 417 416 443 640 387 416 558 430 373
internal_count=8000 6946 3202 1574 3744 2625 1628 2208 1792 908 884 755 1119 1054 496 799 775 873 294 492 468 417 416 443 640 387 416 558 430 373
is_linear=0
shrinkage=0.05


Tree=8
num_leaves=31
num_cat=0
split_feature=0 0 1 0 1 0 0 1 0 0 0 1 0 0 1 0 0 1 1 0 0 1 0 0 0 0 0 0 1 0
split_gain=2.61036e+08 9.6108e+07 2.11073e+08 6.49183e+07 6.19578e+07 8.5477e+07 5.75174e+07 1.29592e+08 5.44346e+07 4.54512e+07 4.27181e+07 2.57661e+07 2.20577e+07 1.97378e+07 1.361e+07 1.16256e+07 8.15431e+06 7.60561e+06 7.14037e+06 1.12847e+07 6.36592e+06 5.76723e+06 1.14227e+07 5.58574e+06 5.4406e+06 4.95574e+06 4.6715e+06 4.21101e+06 4.34068e+06 4.07339e+06
threshold=8841.4500000000007 7052.5833333333312 6517.5000000000009 7603.7666666666655 4564.0000000000009 4859.3833333333523 2491.8500000000008 2460.5000000000005 4200.025000000006 8256.391666666661 3180.0083333333337 7306.0000000000009 6664.0666666666684 9150.4333333333398 7306.0000000000009 7889.4916666666641 3839.2833333333342 5887.5000000000009 7306.0000000000009 9527.6166666666813 2144.4500000000012 7306.0000000000009 7715.9583333333348 2929.0083333333328 4576.0750000000126 3556.5916666666672 5231.2083333333494 6381.7833333333365 5887.5000000000009 8552.9833333333318
decision_type=2 2 2 2 2 2 2 2 2 2 2 2 2 2 2 2 2 2 2 2 2 2 2 2 2 2 2 2 2 2
left_child=1 4 3 17 5 6 20 10 16 21 23 -11 27 14 -2 -5 -9 -3 -15 -20 -1 22 -4 -8 -10 -12 -7 -6 -29 -13
right_child=13 2 9 15 12 26 7 8 24 11 25 29 -14 18 -16 -17 -18 -19 19 -21 -22 -23 -24 -25 -26 -27 -28 28 -30 -31
leaf_value=30.659494093486241 -21.612362364262488 -9.5587713882937067 26.773079987388247 -17.965192917854555 30.325727592917048 -12.159331187180111 5.3389919996261597 34.836566526498366 9.6327835828065886 -6.6622455901744075 -16.547767418394699 16.604116239252779 11.341981047362788 -33.524593586567022 -3.2225603871623569 -29.623254297457443 21.910848167964392 0.87469376507489116 -14.590308568295876 -29.338693089638987 18.739073889596124 26.827444206237796 11.379958255452745 -6.3128079938888551 -1.5014838674881807 -27.774096029608913 -23.325175874129584 16.582722323873767 27.698933337983632 6.2340670172588251
leaf_weight=224 209 342 187 372 255 224 288 268 256 399 235 194 512 242 194 503 224 357 223 310 224 200 339 160 192 169 161 184 168 185
leaf_count=224 209 342 187 372 255 224 288 268 256 399 235 194 512 242 194 503 224 357 223 310 224 200 339 160 192 169 161 184 168 185
internal_value=-4.40681e-08 3.75311 -2.79216 -15.5911 9.13408 4.93455 8.67511 4.66907 17.4701 10.6025 -9.45419 2.206 18.9855 -21.7349 -12.7597 -24.6669 28.9517 -4.23009 -26.402 -23.1682 24.6993 19.6004 16.8524 1.17763 4.86095 -21.2439 -16.8287 25.4328 21.8882 11.5422
internal_weight=8000 6822 3078 1574 3744 2625 2240 1792 940 1504 852 778 1119 1178 403 875 492 699 775 533 448 726 526 448 448 404 385 607 352 379
internal_count=8000 6822 3078 1574 3744 2625 2240 1792 940 1504 852 778 1119 1178 403 875 492 699 775 533 448 726 526 448 448 404 385 607 352 379
is_linear=0
shrinkage=0.05


Tree=9
num_leaves=31
num_cat=0
split_feature=0 0 1 0 1 0 1 0 0 0 0 1 0 0 0 1 0 1 1 0 0 0 0 1 0 1 0 1 0 1
split_gain=2.35694e+08 9.45094e+07 1.8853e+08 5.68929e+07 4.73175e+07 7.7281e+07 5.66979e+07 1.3472e+08 4.57623e+07 3.66842e+07 2.87103e+07 2.20105e+07 2.15328e+07 1.36507e+07 1.03304e+07 1.54326e+07 9.84646e+06 1.21381e+07 8.21606e+06 8.00041e+06 6.34584e+06 5.90846e+06 5.54887e+06 4.90708e+06 4.12451e+06 4.10996e+06 6.9035e+06 4.02705e+06 3.84438e+06 3.64178e+06
threshold=8967.4583333333303 7153.3499999999967 6517.5000000000009 8425.1416666666573 4564.0000000000009 4716.4083333333501 2460.5000000000005 2879.7666666666669 7761.1666666666633 3984.0166666666687 6763.2916666666652 7306.0000000000009 2344.2250000000013 3377.7833333333342 9347.8166666666712 7306.0000000000009 8138.4333333333288 7306.0000000000009 5887.5000000000009 5018.1500000000169 4338.9166666666761 8239.2916666666642 6381.7833333333365 5887.5000000000009 7455.9583333333339 7306.0000000000009 7683.4750000000013 5887.5000000000009 7440.2583333333323 7306.0000000000009
decision_type=2 2 2 2 2 2 2 2 2 2 2 2 2 2 2 2 2 2 2 2 2 2 2 2 2 2 2 2 2 2
left_child=1 4 8 16 5 6 7 12 18 -8 22 -5 -1 -9 15 -2 25 -18 24 -7 -11 -10 -6 -24 -3 26 -4 -12 -20 -16
right_child=14 2 3 11 10 19 9 13 21 20 27 -13 -14 -15 29 -17 17 -19 28 -21 -22 -23 23 -25 -26 -27 -28 -29 -30 -31
leaf_value=25.754163989153774 -25.670383915845953 -8.0828664194339179 26.075892219766544 -11.22810498891252 28.809441259047567 -5.5134388019641243 30.812896103911346 -8.2661069686897104 -23.367190007447256 15.910942336491175 2.9925608105142603 6.4421073347500881 8.2652080240574755 -23.441551529151809 -35.28810522896903 -8.0138349026064333 1.2491154334579893 19.25108725194773 2.1275859468856888 -18.680809512022872 4.3872587055433545 -34.364388241975206 14.813188575836548 24.931231881013684 -18.422036115772226 28.407428040043001 13.359813841967517 11.86122891008854 -7.777034945649226 -25.12798552363752
leaf_weight=352 259 189 171 356 255 192 364 320 506 224 256 349 352 276 112 237 194 181 186 289 256 161 249 231 197 124 284 256 207 415
leaf_count=352 259 189 171 356 255 192 364 320 506 224 256 349 352 276 112 237 194 181 186 289 256 161 249 231 197 124 284 256 207 415
internal_value=2.48174e-08 3.28627 -3.21218 8.29027 8.49745 4.68783 8.75134 2.19984 -16.409 18.8425 16.5169 -2.48072 17.0097 -15.2937 -22.4128 -17.2337 16.25 9.93807 -8.17833 -13.4248 9.76498 -26.0217 22.849 19.6825 -13.3596 20.338 18.1388 7.42689 -3.08935 -27.2873
internal_weight=8000 6977 3105 1659 3872 2625 2144 1300 1446 844 1247 705 704 596 1023 496 954 375 779 481 480 667 735 480 386 579 455 512 393 527
internal_count=8000 6977 3105 1659 3872 2625 2144 1300 1446 844 1247 705 704 596 1023 496 954 375 779 481 480 667 735 480 386 579 455 512 393 527
is_linear=0
shrinkage=0.05


Tree=10
num_leaves=31
num_cat=0
split_feature=0 0 1 0 1 0 1 0 0 0 1 0 0 0 1 0 0 0 1 1 0 1 0 1 0 1 0 0 0 0
split_gain=2.13753e+08 7.7154e+07 1.73258e+08 5.5939e+07 5.31168e+07 6.98567e+07 5.51143e+07 1.22223e+08 3.45221e+07 2.95339e+07 2.24812e+07 2.15358e+07 1.75466e+07 1.62709e+07 1.19884e+07 1.1033e+07 1.09028e+07 8.45196e+06 6.08612e+06 5.88178e+06 9.70445e+06 5.21439e+06 4.67293e+06 4.37607e+06 7.83645e+06 4.34534e+06 3.6049e+06 3.55214e+06 3.52407e+06 3.1971e+06
threshold=8817.5083333333332 7021.0666666666648 6517.5000000000009 7569.2416666666659 4564.0000000000009 4672.4666666666826 2460.5000000000005 2686.9083333333351 8207.1583333333274 3984.0166666666687 7306.0000000000009 3225.9166666666674 9150.4333333333398 6558.4083333333356 7306.0000000000009 7966.8583333333308 2187.9250000000006 5018.1500000000169 5887.5000000000009 7306.0000000000009 9578.9500000000135 5887.5000000000009 4288.0000000000082 7306.0000000000009 7699.6166666666677 5887.5000000000009 8504.9249999999865 8504.9249999999865 3607.0999999999999 3629.2499999999986
decision_type=2 2 2 2 2 2 2 2 2 2 2 2 2 2 2 2 2 2 2 2 2 2 2 2 2 2 2 2 2 2
left_child=1 4 3 18 5 6 7 16 23 29 26 -9 14 -6 -2 21 -1 -7 -3 -14 -21 -5 -11 24 -4 -15 -10 -12 -13 -8
right_child=12 2 8 15 13 17 9 11 10 22 27 28 19 25 -16 -17 -18 -19 -20 20 -22 -23 -24 -25 -26 -27 -28 -29 -30 -31
leaf_value=26.969134718179703 -19.36714369228908 -7.7794239532734668 24.485152703823324 -21.99581024768306 24.488904251385335 -4.8067588048321861 35.521670462338982 -2.7197565825207595 -0.45345010638414396 15.994481158256532 16.274777976989746 -16.278909460164734 -30.342284708574784 8.0500388472890236 -2.7383125756237483 -27.961491016313143 13.1253229534626 -17.74676855542668 1.6350374489300952 -13.87186358594519 -27.380148463095392 -11.894166833162309 5.6755945992088535 25.528771205092923 11.391459951521476 16.506930072887524 -9.7742673771555832 6.8274465593424711 -26.383957851634307 25.758629126814817
leaf_weight=256 224 336 179 255 479 224 131 352 210 192 200 236 242 312 210 408 320 289 351 254 279 256 256 165 316 296 205 198 136 233
leaf_count=256 224 336 179 255 479 224 131 352 210 192 200 236 242 312 210 408 320 289 351 254 279 256 256 165 316 296 205 198 136 233
internal_value=3.15794e-08 3.44848 -2.40321 -13.7622 8.30229 4.45344 8.47339 2.08985 9.98142 18.6933 3.08467 -11.5848 -19.3703 17.5969 -11.3209 -21.8304 19.2781 -12.0965 -2.96942 -23.8779 -20.9428 -16.9351 10.098 18.477 16.1264 12.1672 -5.05771 11.5748 -19.9732 29.2723
internal_weight=8000 6791 3079 1606 3712 2625 2112 1300 1473 812 813 724 1209 1087 434 919 576 513 687 775 533 511 448 660 495 608 415 398 372 364
internal_count=8000 6791 3079 1606 3712 2625 2112 1300 1473 812 813 724 1209 1087 434 919 576 513 687 775 533 511 448 660 495 608 415 398 372 364
is_linear=0
shrinkage=0.05


Tree=11
num_leaves=31
num_cat=0
split_feature=0 0 1 1 0 1 0 0 0 0 0 1 0 0 0 1 0 0 1 0 0 0 0 1 0 1 1 0 1 0
split_gain=1.92912e+08 6.99069e+07 1.72675e+08 3.88048e+07 6.34416e+07 4.79354e+07 1.13318e+08 3.75505e+07 3.11562e+07 2.79874e+07 2.37167e+07 2.02892e+07 1.67118e+07 1.58358e+07 1.4493e+07 1.08195e+07 7.19257e+06 5.81474e+06 5.3083e+06 8.75827e+06 4.80753e+06 4.64687e+06 4.4934e+06 3.94941e+06 7.23912e+06 3.53219e+06 3.27633e+06 3.26396e+06 3.24685e+06 3.20581e+06
threshold=8817.5083333333332 7153.3499999999967 6517.5000000000009 4564.0000000000009 2541.0250000000005 2460.5000000000005 4477.5166666666782 7775.8333333333367 8207.1583333333274 3126.2833333333342 6763.2916666666652 7306.0000000000009 3930.1583333333338 9150.4333333333398 4956.1000000000176 7306.0000000000009 7489.3916666666692 1991.7833333333344 7306.0000000000009 9578.9500000000135 8269.7166666666617 6439.3500000000031 3535.7000000000003 7306.0000000000009 7840.0333333333338 5887.5000000000009 5887.5000000000009 8528.2916666666624 5887.5000000000009 8504.9249999999865
decision_type=2 2 2 2 2 2 2 2 2 2 2 2 2 2 2 2 2 2 2 2 2 2 2 2 2 2 2 2 2 2
left_child=1 3 7 4 17 9 12 16 23 -6 21 27 -7 15 -8 -2 28 -1 -15 -20 -9 -5 -11 24 -4 -23 -12 -10 -3 -13
right_child=13 2 8 10 5 6 14 20 11 22 26 29 -14 18 -16 -17 -18 -19 19 -21 -22 25 -24 -25 -26 -27 -28 -29 -30 -31
leaf_value=29.788574457168579 -18.398785986219135 -7.6754967891523993 20.930346719842209 25.238212403683079 0.89523039013098848 28.636259878687113 -1.1407545851764735 -21.536462877667141 -0.73004538677798381 -13.238344900512695 2.6815827178827023 15.461039165496826 12.99869767969305 -28.825170621004972 -16.177413217895129 -2.6013969621771857 -12.609873967434927 17.344022269682451 -13.178270249854862 -26.011141437270737 -31.980924457522999 12.740525725177516 -23.501340230305992 24.252332689689869 8.803249686045417 21.958943674824027 10.681003750860691 -9.6302189596075767 1.1023367343427928 6.4860743321252592
leaf_weight=128 224 203 266 319 384 332 320 504 225 250 256 200 352 242 321 210 379 352 254 279 141 214 186 165 229 202 256 190 219 198
leaf_count=128 224 203 266 319 384 332 320 504 225 250 256 200 352 242 321 210 379 352 254 279 141 214 186 165 229 202 256 190 219 198
internal_value=4.33285e-08 3.27606 -2.56665 7.68072 4.23076 0.553716 6.4338 -14.8406 9.48235 -8.94764 14.9431 2.93044 20.5889 -18.4017 -8.67081 -10.7549 -7.61031 20.6626 -22.684 -19.8957 -23.8197 20.6982 -17.6166 17.5531 15.32 17.2168 6.68129 -4.80482 -3.12018 10.9961
internal_weight=8000 6791 2919 3872 2625 2145 1325 1446 1473 820 1247 813 684 1209 641 434 801 480 775 533 645 735 436 660 495 416 512 415 422 398
internal_count=8000 6791 2919 3872 2625 2145 1325 1446 1473 820 1247 813 684 1209 641 434 801 480 775 533 645 735 436 660 495 416 512 415 422 398
is_linear=0
shrinkage=0.05


Tree=12
num_leaves=31
num_cat=0
split_feature=0 0 1 0 1 0 1 0 0 0 0 0 1 0 1 1 0 0 0 1 0 0 1 0 1 0 0 0 0 1
split_gain=1.74103e+08 6.31447e+07 1.59167e+08 3.48284e+07 7.20204e+07 4.63803e+07 5.60912e+07 3.64015e+07 3.52121e+07 3.15551e+07 2.81185e+07 2.30273e+07 1.8311e+07 1.43602e+07 1.1958e+07 6.70289e+06 6.53604e+06 5.87385e+06 4.61362e+06 4.11662e+06 6.68547e+06 4.10279e+06 4.06717e+06 3.69341e+06 3.56434e+06 6.61689e+06 3.49131e+06 3.43324e+06 3.35611e+06 3.10504e+06
threshold=8817.5083333333332 7177.566666666663 6517.5000000000009 2393.3000000000011 2460.5000000000005 4033.2000000000021 4564.0000000000009 3027.7666666666678 4859.3833333333523 7792.4583333333312 8207.1583333333274 6784.5500000000002 7306.0000000000009 9219.2166666666762 7306.0000000000009 5887.5000000000009 4477.5166666666782 3436.641666666666 6381.7833333333365 7306.0000000000009 9730.8000000000065 8287.899999999996 5887.5000000000009 5282.350000000014 7306.0000000000009 7666.9416666666666 1991.7833333333344 3655.2833333333319 2641.8916666666687 5887.5000000000009
decision_type=2 2 2 2 2 2 2 2 2 2 2 2 2 2 2 2 2 2 2 2 2 2 2 2 2 2 2 2 2 2
left_child=1 3 9 26 7 27 8 28 16 15 24 18 -12 14 -2 -3 -7 -9 -8 -15 -21 -11 -20 -10 25 -4 -1 -6 -5 -13
right_child=13 2 10 4 5 6 11 17 23 21 12 29 -14 19 -16 -17 -18 -19 22 20 -22 -23 -24 -25 -26 -27 -28 -29 -30 -31
leaf_value=28.299145793914796 -18.519971967265555 -12.538984089290974 22.766737616934428 10.248049111366273 31.789290441225656 11.11999912261963 24.882613256117878 -10.118484040508122 -10.331086242198944 -20.789497394134461 -4.5645824942244104 1.8314090282085909 10.446301413720576 -28.477584997812912 -3.4445379931406075 -3.3319287258105597 0.13979017066885718 -20.958549307226164 12.365463847683785 -15.271830337925962 -27.306686442385441 -30.718965287642046 21.285013915271293 -20.706355853413427 23.039716038559423 10.484896163709935 18.185567021369934 22.13937918701172 1.0169239579321585 9.6191623867966065
leaf_weight=128 274 388 164 160 146 288 255 254 256 491 415 258 398 192 253 403 256 246 266 304 186 132 246 129 165 331 256 250 256 254
leaf_count=128 274 388 164 160 146 288 255 254 256 491 415 258 398 192 253 403 256 246 266 304 186 132 246 129 165 331 256 250 256 254
internal_value=-3.43007e-08 3.11225 -2.49439 7.25836 5.69853 9.94037 7.11442 -6.36013 -2.23631 -14.477 9.00823 13.9063 2.78392 -17.4817 -11.2826 -7.84816 5.95284 -15.4518 19.3877 -22.2718 -19.8402 -22.8933 16.651 -13.8075 16.6755 14.554 21.5568 25.6972 4.56736 5.69486
internal_weight=8000 6791 2887 3904 3520 2604 2208 916 929 1414 1473 1279 813 1209 527 791 544 500 767 682 490 623 512 385 660 495 384 396 416 512
internal_count=8000 6791 2887 3904 3520 2604 2208 916 929 1414 1473 1279 813 1209 527 791 544 500 767 682 490 623 512 385 660 495 384 396 416 512
is_linear=0
shrinkage=0.05


Tree=13
num_leaves=31
num_cat=0
split_feature=0 0 1 0 0 1 0 1 0 0 0 0 1 0 1 0 1 1 0 0 0 0 0 0 1 1 0 0 1 0
split_gain=1.57604e+08 6.29055e+07 1.3209e+08 3.86967e+07 3.1567e+07 6.45051e+07 4.23227e+07 5.58124e+07 3.28524e+07 2.63931e+07 2.63804e+07 2.20961e+07 1.36862e+07 7.36285e+06 8.9553e+06 7.26567e+06 1.03153e+07 6.25113e+06 5.31495e+06 4.88165e+06 4.40674e+06 4.22712e+06 3.29103e+06 3.15091e+06 3.04808e+06 3.03501e+06 3.02889e+06 2.83253e+06 2.80388e+06 4.7556e+06
threshold=8967.4583333333303 7204.483333333329 6517.5000000000009 8453.6833333333288 2393.3000000000011 2460.5000000000005 4142.9750000000058 4564.0000000000009 3027.7666666666678 7825.3916666666673 4907.5666666666848 6784.5500000000002 7306.0000000000009 8138.4333333333288 7306.0000000000009 9347.8166666666712 7306.0000000000009 5887.5000000000009 3462.3250000000003 4576.0750000000126 3728.2416666666677 6439.3500000000031 8304.0416666666624 1991.7833333333344 5887.5000000000009 5887.5000000000009 2641.8916666666687 7472.7999999999993 7306.0000000000009 7635.3916666666673
decision_type=2 2 2 2 2 2 2 2 2 2 2 2 2 2 2 2 2 2 2 2 2 2 2 2 2 2 2 2 2 2
left_child=1 4 9 13 23 8 20 10 26 17 19 21 -5 28 -15 16 -2 27 -10 -8 -7 -9 -11 -1 -23 -13 -6 -3 29 -4
right_child=15 2 3 12 5 6 7 11 18 22 -12 25 -14 14 -16 -17 -18 -19 -20 -21 -22 24 -24 -25 -26 -27 -28 -29 -30 -31
leaf_value=26.884189033508303 -20.881679526074976 -7.6783190479984995 22.492722185283689 -9.6432580845696592 9.7356467413902283 28.844621832431894 8.1449085937605954 22.817191608871411 -9.8635322485077257 -20.294417077276904 -13.927104900241236 1.5366153018372337 4.7145717547865722 0.83347221354822842 15.511721401403447 -22.415534339050641 -6.4463195744697561 -3.9115060638216343 -20.197597048517974 -1.6967428558373028 18.941604994288031 11.288824443074017 -29.506090911617122 17.276288515329362 19.541341122394336 9.0061320735790105 0.96607779214973566 -16.301943738532788 23.346015647149855 11.439113395836703
leaf_weight=128 259 162 141 336 160 195 288 319 267 458 353 274 328 214 202 527 237 408 233 224 265 231 123 256 217 270 256 231 124 314
leaf_count=128 259 162 141 336 160 195 288 319 267 458 353 274 328 214 202 527 237 408 233 224 265 231 123 256 217 270 256 231 124 314
internal_value=2.11977e-08 2.68728 -2.71404 6.79701 6.86039 5.38812 9.36008 6.44713 -6.04212 -14.1314 -3.4111 12.9516 -2.55084 13.0352 7.96089 -18.3276 -13.9841 -8.24661 -14.6792 3.83919 23.1396 18.4183 -22.2446 20.4789 15.2861 5.24391 4.33899 -12.7472 16.6809 14.8645
internal_weight=8000 6977 3041 1659 3936 3552 2636 2176 916 1382 865 1311 664 995 416 1023 496 801 500 512 460 767 581 384 448 544 416 393 579 455
internal_count=8000 6977 3041 1659 3936 3552 2636 2176 916 1382 865 1311 664 995 416 1023 496 801 500 512 460 767 581 384 448 544 416 393 579 455
is_linear=0
shrinkage=0.05


Tree=14
num_leaves=31
num_cat=0
split_feature=0 0 1 0 1 0 1 0 0 0 1 0 0 0 0 1 0 0 1 1 0 1 0 1 1 0 0 0 0 0
split_gain=1.42898e+08 5.0032e+07 1.19188e+08 4.00696e+07 3.75354e+07 4.6962e+07 3.68704e+07 8.24018e+07 1.97471e+07 1.94446e+07 1.47341e+07 1.36039e+07 1.17587e+07 9.82083e+06 9.57825e+06 9.06547e+06 7.81953e+06 6.06218e+06 4.44612e+06 4.21006e+06 6.95154e+06 4.19491e+06 3.31422e+06 3.00939e+06 2.78104e+06 4.89251e+06 2.44065e+06 2.37868e+06 2.13461e+06 2.04857e+06
threshold=8767.0250000000033 6998.2666666666655 6517.5000000000009 7553.5249999999987 4564.0000000000009 4672.4666666666826 2460.5000000000005 2835.2916666666683 3984.0166666666687 8173.3416666666626 7306.0000000000009 9150.4333333333398 2232.9666666666676 6535.341666666669 3330.0666666666671 7306.0000000000009 7978.8833333333341 5178.3750000000155 5887.5000000000009 7306.0000000000009 9670.1833333333452 5887.5000000000009 4288.0000000000082 5887.5000000000009 7306.0000000000009 7825.3916666666673 2592.4916666666672 3607.0999999999999 8485.0083333333187 8485.0083333333187
decision_type=2 2 2 2 2 2 2 2 2 2 2 2 2 2 2 2 2 2 2 2 2 2 2 2 2 2 2 2 2 2
left_child=1 4 3 21 5 6 7 12 27 24 29 15 -1 -6 -9 -2 18 -7 -5 -13 -21 -3 -10 -15 25 -4 -14 -8 -12 -11
right_child=11 2 9 16 13 17 8 14 22 10 28 19 26 23 -16 -17 -18 -19 -20 20 -22 -23 -24 -25 -26 -27 -28 -29 -30 -31
leaf_value=21.50859995947944 -15.454868918657304 -5.9010188528145964 18.32053816318512 -18.391737020450787 20.420228762701321 -5.7211027917265902 29.842677228204135 -5.2615548624121589 13.219831101099651 0.22486164645481579 14.08591386383655 -24.983323146094961 11.512422302791052 7.2087111242764426 -17.613707495354987 -1.9285284875443904 -23.144591658455987 -16.941013348040805 -9.3760739085438498 -12.299127302290518 -23.921659661218317 1.8475753596850806 4.5296467141504761 14.245459634665677 21.572808613810508 8.153180528987539 3.4269752740859989 21.168392864350352 6.6797997505434097 -6.9336816685174103
leaf_weight=288 256 342 256 274 447 320 116 320 192 216 204 242 224 310 308 240 392 193 273 316 217 357 256 298 143 220 160 248 186 186
leaf_count=288 256 342 256 274 447 320 116 320 192 216 204 242 224 310 308 240 392 193 273 316 217 357 256 298 143 220 160 248 186 186
internal_value=-4.49042e-09 2.90426 -1.83231 -11.0075 6.82866 3.62735 6.92337 1.7022 15.2824 8.81895 3.62989 -15.3759 13.8714 14.794 -11.3196 -8.90987 -17.7547 -9.94224 -13.8921 -19.5142 -17.031 -1.94358 8.25401 10.6576 15.4583 13.6213 8.14349 23.9327 10.5538 -3.0873
internal_weight=8000 6729 3049 1638 3680 2625 2112 1300 812 1411 792 1271 672 1055 628 496 939 513 547 775 533 699 448 608 619 476 384 364 390 402
internal_count=8000 6729 3049 1638 3680 2625 2112 1300 812 1411 792 1271 672 1055 628 496 939 513 547 775 533 699 448 608 619 476 384 364 390 402
is_linear=0
shrinkage=0.05


Tree=15
num_leaves=31
num_cat=0
split_feature=0 0 1 0 1 0 0 1 0 0 0 1 0 0 0 1 0 1 0 1 0 0 0 1 1 0 0 1 0 0
split_gain=1.28966e+08 4.51563e+07 1.05713e+08 3.81135e+07 3.54566e+07 4.2524e+07 2.88141e+07 6.425e+07 2.7215e+07 2.15075e+07 1.75935e+07 1.4052e+07 1.23193e+07 7.90391e+06 7.49132e+06 7.2472e+06 4.33678e+06 4.31827e+06 7.38945e+06 3.71508e+06 3.58164e+06 3.33607e+06 3.0055e+06 2.92322e+06 2.82802e+06 2.66853e+06 2.39069e+06 3.84395e+06 2.31867e+06 2.27688e+06
threshold=8767.0250000000033 6974.0416666666633 6517.5000000000009 7535.6583333333328 4564.0000000000009 4859.3833333333523 2491.8500000000008 2460.5000000000005 4200.025000000006 3126.2833333333342 8138.4333333333288 7306.0000000000009 9105.7500000000036 6509.4166666666724 7889.4916666666641 7306.0000000000009 3839.2833333333342 7306.0000000000009 9498.9250000000156 5887.5000000000009 2045.2333333333338 3607.0999999999999 5282.350000000014 5887.5000000000009 5887.5000000000009 4526.1583333333447 7587.1083333333327 7306.0000000000009 8318.5499999999938 9815.8500000000004
decision_type=2 2 2 2 2 2 2 2 2 2 2 2 2 2 2 2 2 2 2 2 2 2 2 2 2 2 2 2 2 2
left_child=1 4 3 19 5 6 20 9 16 -8 26 -12 15 -6 23 -2 -9 -14 -19 -3 -1 -11 -7 -5 -15 -10 -4 -28 -16 -20
right_child=12 2 10 14 13 22 7 8 25 21 11 -13 17 24 28 -17 -18 18 29 -21 -22 -23 -24 -25 -26 -27 27 -29 -30 -31
leaf_value=23.424039096832274 -13.969543311870204 -5.1298793301639289 21.81870922908605 -16.11228920928145 19.73906849137272 -8.7683122985064994 1.4372493633069099 24.67241142614564 7.2056522641863143 -11.510576580047609 -2.6691038581778255 10.328673601733444 -23.327843093872072 7.422991194895336 -19.074518005135133 -1.0360984209745836 15.246028317723955 -8.9330090567029483 -17.272619546628466 2.1002528994988148 14.093775516086154 -20.951200283274932 -18.12763118300327 -8.1053756133369781 14.243662343343098 -0.5122168630095465 10.84758245314675 21.100074386596681 -27.158183713166608 -25.86376273862777
leaf_weight=160 226 348 107 226 415 256 416 268 224 300 423 409 272 308 388 208 224 237 204 363 288 136 129 230 300 224 348 124 115 124
leaf_count=160 226 348 107 226 415 256 416 268 224 300 423 409 272 308 388 208 224 237 204 363 288 136 129 230 300 224 348 124 115 124
internal_value=-1.03421e-08 2.75905 -1.69788 -10.2111 6.52325 3.44598 6.08431 3.24889 12.2624 -6.69559 8.37801 3.72043 -14.6071 14.4194 -16.715 -7.77103 20.3807 -18.1518 -15.6599 -1.43855 17.426 -14.4554 -11.9043 -12.0737 10.7885 3.34672 15.0708 13.541 -20.9227 -20.5205
internal_weight=8000 6729 3081 1670 3648 2625 2240 1792 940 852 1411 832 1271 1023 959 434 492 837 565 711 448 436 385 456 608 448 579 472 503 328
internal_count=8000 6729 3081 1670 3648 2625 2240 1792 940 852 1411 832 1271 1023 959 434 492 837 565 711 448 436 385 456 608 448 579 472 503 328
is_linear=0
shrinkage=0.05


Tree=16
num_leaves=31
num_cat=0
split_feature=0 0 1 0 1 0 1 0 0 0 0 0 1 0 1 0 0 1 0 0 1 1 0 1 0 0 0 1 0 0
split_gain=1.16391e+08 4.09863e+07 1.1339e+08 2.32881e+07 4.78429e+07 3.11269e+07 3.69188e+07 2.46428e+07 2.36149e+07 1.95634e+07 1.65138e+07 1.59588e+07 1.15814e+07 1.12213e+07 7.91084e+06 5.06888e+06 3.99479e+06 3.96322e+06 3.47193e+06 3.39613e+06 3.70603e+06 3.3639e+06 5.49362e+06 3.13636e+06 2.53777e+06 2.47246e+06 2.46973e+06 3.99828e+06 2.26543e+06 2.23749e+06
threshold=8767.0250000000033 7204.483333333329 6517.5000000000009 2393.3000000000011 2460.5000000000005 4033.2000000000021 4564.0000000000009 3027.7666666666678 4907.5666666666848 7744.8249999999998 6809.7249999999967 8189.0833333333294 7306.0000000000009 9173.9250000000029 7306.0000000000009 4392.9000000000133 3485.9666666666658 5887.5000000000009 6381.7833333333365 8189.0833333333294 5887.5000000000009 7306.0000000000009 9778.2416666666686 5887.5000000000009 1939.4833333333343 3629.2499999999986 7587.1083333333327 7306.0000000000009 7990.6166666666641 2641.8916666666687
decision_type=2 2 2 2 2 2 2 2 2 2 2 2 2 2 2 2 2 2 2 2 2 2 2 2 2 2 2 2 2 2
left_child=1 3 9 24 7 25 8 29 15 17 18 26 -13 14 -2 -7 -9 -3 -8 20 -11 -15 -23 -20 -1 -6 -4 28 -28 -5
right_child=13 2 11 4 5 6 10 16 -10 19 -12 12 -14 21 -16 -17 -18 -19 23 -21 -22 22 -24 -25 -26 -27 27 -29 -30 -31
leaf_value=24.645723724365237 -14.181170885406273 -10.112322895429289 20.727773862464407 8.4291047835350046 26.605986547106099 10.274983671733311 20.489658146278533 -8.7989055031224304 -12.028545728688876 -20.905289526029666 4.1732570458378175 -2.9112222106804198 9.3466618469962963 -22.953280162811282 -1.9194594645846945 0.65350185065233912 -17.826257757142535 -2.5599025365630057 9.7730610149909243 -23.860107558401008 -12.199790428706578 -12.275140629598539 -23.510550192556074 17.372274634116454 15.258663789431253 18.20899061958745 12.210652572573819 19.197468031846082 3.8226630991902848 0.89177595223300166
leaf_weight=96 274 342 107 160 131 224 255 285 353 217 512 392 379 224 253 352 215 353 283 190 280 365 155 261 288 265 263 154 116 256
leaf_count=96 274 342 107 160 131 224 255 285 353 217 512 392 379 224 253 352 215 353 283 190 280 365 155 261 288 265 263 154 116 256
internal_value=2.18032e-08 2.6211 -2.0113 5.90827 4.64371 8.06443 5.77994 -5.2002 -1.84548 -12.1909 11.1835 7.95911 3.11438 -13.8768 -8.29462 4.39519 -12.6807 -6.27635 15.6756 -18.1744 -16.0008 -17.8308 -15.6242 13.419 17.6054 20.9868 13.7955 12.4038 9.64335 3.79075
internal_weight=8000 6729 2793 3936 3552 2636 2240 916 929 1382 1311 1411 771 1271 527 576 500 695 799 687 497 744 520 544 384 396 640 533 379 416
internal_count=8000 6729 2793 3936 3552 2636 2240 916 929 1382 1311 1411 771 1271 527 576 500 695 799 687 497 744 520 544 384 396 640 533 379 416
is_linear=0
shrinkage=0.05


Tree=17
num_leaves=31
num_cat=0
split_feature=0 0 1 0 0 1 0 1 0 0 0 0 1 0 1 0 0 1 0 0 1 1 0 0 1 0 0 0 1 0
split_gain=1.05375e+08 4.21386e+07 8.87366e+07 2.67486e+07 2.10824e+07 4.06958e+07 2.81286e+07 3.13733e+07 2.47056e+07 2.35833e+07 1.77065e+07 1.49262e+07 9.06627e+06 5.30721e+06 7.49996e+06 4.72129e+06 4.64493e+06 7.4886e+06 4.31141e+06 4.25314e+06 2.53679e+06 2.48862e+06 2.4136e+06 2.21298e+06 2.91288e+06 2.20304e+06 2.038e+06 1.98019e+06 1.92766e+06 2.77251e+06
threshold=8967.4583333333303 7204.483333333329 6517.5000000000009 8453.6833333333288 2344.2250000000013 2460.5000000000005 3984.0166666666687 4564.0000000000009 2979.941666666668 4672.4666666666826 7840.0333333333338 6714.8999999999987 7306.0000000000009 9372.0250000000069 7306.0000000000009 5124.8416666666817 8077.6000000000013 7306.0000000000009 7455.9583333333339 3436.641666666666 5887.5000000000009 5887.5000000000009 4288.0000000000082 6197.7833333333338 5887.5000000000009 8318.5499999999938 2592.4916666666672 1939.4833333333343 7306.0000000000009 9815.8500000000004
decision_type=2 2 2 2 2 2 2 2 2 2 2 2 2 2 2 2 2 2 2 2 2 2 2 2 2 2 2 2 2 2
left_child=1 4 10 16 27 8 -7 9 26 22 18 23 -5 14 -2 -11 -4 -18 -3 -10 -20 -13 -8 -9 -25 -12 -6 -1 -15 -30
right_child=13 2 3 12 5 6 7 11 19 15 25 21 -14 28 -16 -17 17 -19 20 -21 -22 -23 -24 24 -26 -27 -28 -29 29 -31
leaf_value=23.413437700271608 -17.18053504280422 -2.3977356688379778 14.116895984755203 -7.9723020303817025 9.1363168239593513 20.565223004267768 11.35067862669627 22.905132398103415 -7.4097933909276152 -4.3486646966801752 -16.843972570869362 2.0727111350272094 3.7135890902860496 -25.102382105777139 -5.2375352986969537 -14.015213019476997 1.1085592414256262 13.483601466944961 -13.406062710669733 -16.376440017203976 -6.2829280141800172 8.3087497434405488 3.9346482012420894 11.620339685463044 18.816127583237947 -24.607269831118376 1.9428456549969271 14.992903974652291 -14.399483894871461 -23.395047427761941
leaf_weight=96 276 322 506 336 160 364 192 95 286 288 445 323 328 95 251 225 245 244 248 246 252 317 256 332 244 115 256 256 277 124
leaf_count=96 276 322 506 336 160 364 192 95 286 288 445 323 328 95 251 225 245 244 248 246 252 317 256 332 244 115 256 256 277 124
internal_value=-1.69014e-08 2.19734 -2.2234 5.5721 5.61285 4.46605 7.66121 5.59384 -4.41838 -1.26872 -11.5814 10.6243 -2.19975 -14.9861 -11.4923 -8.58838 10.7585 7.28343 -6.91006 -11.556 -9.816 5.1615 7.11295 15.8347 14.6686 -18.4382 4.70957 17.2894 -18.6983 -17.1812
internal_weight=8000 6977 3041 1659 3936 3584 2636 2272 948 961 1382 1311 664 1023 527 513 995 489 822 532 500 640 448 671 576 560 416 352 496 401
internal_count=8000 6977 3041 1659 3936 3584 2636 2272 948 961 1382 1311 664 1023 527 513 995 489 822 532 500 640 448 671 576 560 416 352 496 401
is_linear=0
shrinkage=0.05


Tree=18
num_leaves=31
num_cat=0
split_feature=0 0 1 0 1 0 0 1 0 0 0 1 0 0 0 1 0 1 1 0 0 1 0 0 0 1 0 1 0 0
split_gain=9.54077e+07 3.29153e+07 8.0222e+07 2.82286e+07 2.64501e+07 3.15457e+07 2.08328e+07 4.92949e+07 1.82413e+07 1.61544e+07 1.18581e+07 9.8978e+06 9.80579e+06 5.96368e+06 5.87067e+06 5.69841e+06 3.41934e+06 3.30904e+06 3.22762e+06 5.67792e+06 2.92863e+06 2.85212e+06 2.81106e+06 2.29206e+06 2.23058e+06 2.13023e+06 1.92325e+06 3.04016e+06 1.68981e+06 1.64639e+06
threshold=8743.5666666666639 6974.0416666666633 6517.5000000000009 7519.7666666666673 4564.0000000000009 4813.2166666666863 2491.8500000000008 2460.5000000000005 4200.025000000006 3180.0083333333337 8138.4333333333288 7306.0000000000009 9105.7500000000036 6509.4166666666724 7978.8833333333341 7306.0000000000009 3799.9166666666656 5887.5000000000009 7306.0000000000009 9498.9250000000156 5282.350000000014 5887.5000000000009 2144.4500000000012 3629.2499999999986 2929.0083333333328 5887.5000000000009 7569.2416666666659 7306.0000000000009 4526.1583333333447 9865.0666666666693
decision_type=2 2 2 2 2 2 2 2 2 2 2 2 2 2 2 2 2 2 2 2 2 2 2 2 2 2 2 2 2 2
left_child=1 4 3 21 5 6 22 9 16 24 26 -12 15 -6 17 -2 -9 -5 -14 -20 -7 -3 -1 -11 -8 -15 -4 -28 -10 -21
right_child=12 2 10 14 13 20 7 8 28 23 11 -13 18 25 -16 -17 -18 -19 19 29 -22 -23 -24 -25 -26 -27 27 -29 -30 -31
leaf_value=18.923519107273645 -11.876364753660091 -4.3378295128544178 19.330245224310431 -14.805734435315888 17.053116315359095 -6.8538207491238907 3.4154012208597528 21.762353984152135 6.2351193470614303 -10.56886434722365 -1.9146469128421104 9.202934051165121 -20.093820291406971 6.3574164766546151 -18.986466337710009 -0.79704011464867364 13.42403949570371 -7.310088694585513 -7.5679365407565475 -15.496755374340303 -15.919061959436698 2.0980343587844299 11.002220034599304 -18.830722520331374 -3.94771127820015 12.277105974833171 9.302554916066617 18.390077763219036 -0.15724248856616518 -23.356307917769239
leaf_weight=224 242 336 98 297 415 288 288 241 224 285 407 394 272 308 392 223 251 292 237 235 129 353 224 119 160 300 357 124 192 93
leaf_count=224 242 336 98 297 415 288 288 241 224 285 407 394 272 308 392 223 251 292 237 235 129 353 224 119 160 300 357 124 192 93
internal_value=5.73671e-10 2.40741 -1.4259 -8.79727 5.61234 2.9545 5.33651 2.88617 10.9919 -5.75232 7.49452 3.55393 -12.3847 12.4323 -14.2452 -6.56305 17.5085 -11.0897 -15.6189 -13.4646 -9.65818 -1.0405 14.9629 -13.0024 0.785718 9.27832 12.946 11.6453 3.2848 -17.7252
internal_weight=8000 6698 3050 1670 3648 2625 2208 1760 908 852 1380 801 1302 1023 981 465 492 589 837 565 417 689 448 404 448 608 579 481 416 328
internal_count=8000 6698 3050 1670 3648 2625 2208 1760 908 852 1380 801 1302 1023 981 465 492 589 837 565 417 689 448 404 448 608 579 481 416 328
is_linear=0
shrinkage=0.05


Tree=19
num_leaves=31
num_cat=0
split_feature=0 0 1 0 0 1 0 1 0 0 0 0 1 0 0 1 1 0 1 0 0 0 1 0 1 1 0 0 0 0
split_gain=8.61509e+07 3.56876e+07 7.19678e+07 2.47484e+07 1.72739e+07 3.30123e+07 2.3167e+07 2.51214e+07 2.01427e+07 1.9302e+07 1.33852e+07 1.31921e+07 8.13906e+06 4.45612e+06 3.71659e+06 6.12557e+06 3.533e+06 3.48127e+06 6.0203e+06 2.89549e+06 2.70796e+06 2.55399e+06 2.50902e+06 1.91727e+06 2.04445e+06 1.77609e+06 1.77441e+06 1.69974e+06 1.53201e+06 1.51846e+06
threshold=9012.5166666666719 7231.2083333333312 6517.5000000000009 8453.6833333333288 2344.2250000000013 2460.5000000000005 3984.0166666666687 4564.0000000000009 3065.5833333333344 4623.1083333333481 7840.0333333333338 6832.7249999999976 7306.0000000000009 5068.7000000000162 8077.6000000000013 7306.0000000000009 5887.5000000000009 9397.0416666666752 7306.0000000000009 6381.7833333333365 3629.2499999999986 2641.8916666666687 5887.5000000000009 8287.899999999996 5887.5000000000009 5887.5000000000009 3580.4416666666662 1939.4833333333343 4249.9000000000078 7603.7666666666655
decision_type=2 2 2 2 2 2 2 2 2 2 2 2 2 2 2 2 2 2 2 2 2 2 2 2 2 2 2 2 2 2
left_child=1 4 10 14 27 8 26 9 21 28 16 19 -5 -11 29 -16 -3 18 -2 -9 -10 -6 -21 24 -12 -13 -7 -1 -8 -4
right_child=17 2 3 12 5 6 7 11 20 13 23 25 -14 -15 15 -17 -18 -19 -20 22 -22 -23 -24 -25 -26 -27 -28 -29 -30 -31
leaf_value=21.296589597066244 -16.440975774030278 -10.018258186181386 17.797456780795397 -7.548527788794587 7.6687875409921009 24.301237657335072 10.792601280212402 17.757803272920494 -9.1548959245654427 -3.0762858749160338 -19.600667372782521 0.2083883829702512 3.0421627383941496 -12.133271035517238 1.0778976653820398 12.270205022467941 -3.3282532468731767 -17.150713947255124 -5.4165859094723503 8.1819883480518563 -17.889185044745439 0.22398700587865383 14.786754481456772 -21.953329016945581 -12.430234305181187 6.0985450797401404 16.455990047814712 13.495115244388581 4.555718062259257 11.281378854604869
leaf_weight=96 257 384 116 371 192 99 160 255 349 288 157 259 355 257 245 244 406 465 239 299 119 288 277 132 271 253 265 256 256 390
leaf_count=96 257 384 116 371 192 99 160 255 349 288 157 259 355 257 245 244 406 465 239 299 119 288 277 132 271 253 265 256 256 390
internal_value=-2.01059e-08 1.91717 -2.1297 4.64946 5.04921 4.01993 6.86769 5.01578 -3.99468 -1.15623 -10.7719 9.43223 -2.36988 -7.34719 9.77111 6.66261 -6.5801 -14.0426 -11.1288 13.322 -11.3758 3.20191 11.3582 -16.6852 -15.0605 3.11895 18.5897 15.6228 6.95452 12.7752
internal_weight=8000 7039 3071 1721 3968 3616 2668 2304 948 961 1350 1343 726 545 995 489 790 961 496 831 468 480 576 560 428 512 364 352 416 506
internal_count=8000 7039 3071 1721 3968 3616 2668 2304 948 961 1350 1343 726 545 995 489 790 961 496 831 468 480 576 560 428 512 364 352 416 506
is_linear=0
shrinkage=0.05


Tree=20
num_leaves=31
num_cat=0
split_feature=0 0 1 0 1 0 0 1 0 0 0 0 1 0 1 0 0 0 1 1 0 0 1 0 0 0 0 1 1 1
split_gain=7.82321e+07 2.6784e+07 6.69036e+07 2.24484e+07 2.06915e+07 2.58846e+07 1.73227e+07 3.87773e+07 1.63179e+07 1.32523e+07 9.82136e+06 8.02814e+06 6.43951e+06 5.61892e+06 5.60152e+06 4.03292e+06 3.33482e+06 3.17708e+06 3.078e+06 2.57402e+06 5.19899e+06 2.37166e+06 2.14934e+06 3.30767e+06 2.10372e+06 1.88231e+06 1.83771e+06 1.64302e+06 1.46301e+06 1.3507e+06
threshold=8743.5666666666639 6998.2666666666655 6517.5000000000009 7666.9416666666666 4564.0000000000009 4859.3833333333523 2491.8500000000008 2460.5000000000005 4249.9000000000078 3180.0083333333337 8318.5499999999938 9248.0250000000033 7306.0000000000009 6580.9916666666695 7306.0000000000009 7327.408333333331 3883.9333333333329 8052.9916666666641 5887.5000000000009 7306.0000000000009 7870.7083333333294 2101.3583333333349 7306.0000000000009 9778.2416666666686 5282.350000000014 3655.2833333333319 2929.0083333333328 5887.5000000000009 5887.5000000000009 5887.5000000000009
decision_type=2 2 2 2 2 2 2 2 2 2 2 2 2 2 2 2 2 2 2 2 2 2 2 2 2 2 2 2 2 2
left_child=1 4 3 15 5 6 21 9 16 26 19 12 -2 -6 -12 28 -9 18 -5 20 -4 -1 -13 -24 -7 -11 -8 -17 -3 -15
right_child=11 2 10 17 13 24 7 8 -10 25 14 22 -14 29 -16 27 -18 -19 -20 -21 -22 -23 23 -25 -26 -27 -28 -29 -30 -31
leaf_value=17.719556919733684 -12.073841052083575 -1.9212544263499538 13.250903940695792 -15.681181816976579 14.722238156193624 -6.686121220886708 3.1093518067927413 18.845181264241539 2.1351184778578154 -9.7824775998955538 -3.1778337916971502 -19.860609765486288 -2.1207862883734818 4.9926016347809936 6.7619848358249328 -8.9994332122802732 10.782356861659459 -18.176566563974514 -7.8025663754296692 14.707749752253925 3.7503097000879073 10.368246406316757 -10.488154822587967 -19.387066611013108 -14.516446248135825 -17.638500348259424 -3.573947399444878 -2.7813362006427247 4.0236302873164274 9.9771271284571235
leaf_weight=192 338 205 289 244 511 256 288 300 416 302 286 176 313 279 281 210 224 303 252 237 287 256 320 155 129 102 160 215 209 265
leaf_count=192 338 205 289 244 511 256 288 300 416 302 286 176 313 279 281 210 224 303 252 237 287 256 320 155 129 102 160 215 209 265
internal_value=-2.55102e-08 2.17997 -1.31143 -8.14453 5.0433 2.66644 4.72485 2.52636 9.52874 -5.19926 6.79916 -11.2146 -7.28842 10.9573 1.74825 -2.4324 15.3985 -14.1426 -11.6783 10.3218 8.5171 13.5188 -15.1408 -13.392 -9.30979 -11.7659 0.722459 -5.85381 1.07991 7.42073
internal_weight=8000 6698 3018 1638 3680 2625 2240 1792 940 852 1380 1302 651 1055 567 839 524 799 496 813 576 448 651 475 385 404 448 425 414 544
internal_count=8000 6698 3018 1638 3680 2625 2240 1792 940 852 1380 1302 651 1055 567 839 524 799 496 813 576 448 651 475 385 404 448 425 414 544
is_linear=0
shrinkage=0.05


Tree=21
num_leaves=31
num_cat=0
split_feature=0 0 1 0 0 1 0 1 0 0 0 0 1 0 1 0 0 1 0 1 0 1 0 1 0 1 1 0 0 0
split_gain=7.06165e+07 2.66695e+07 6.41874e+07 1.50433e+07 1.41751e+07 2.53769e+07 1.89297e+07 1.92782e+07 1.81348e+07 1.74756e+07 1.11301e+07 1.09675e+07 5.60709e+06 4.81043e+06 5.8706e+06 3.62879e+06 3.01725e+06 2.82736e+06 6.15754e+06 2.36012e+06 2.3309e+06 2.62335e+06 2.26216e+06 2.09208e+06 1.68519e+06 1.53474e+06 1.50609e+06 2.0418e+06 1.45934e+06 1.44182e+06
threshold=8892.4083333333347 7231.2083333333312 6517.5000000000009 8425.1416666666573 2284.191666666668 2460.5000000000005 3930.1583333333338 4564.0000000000009 2979.941666666668 4623.1083333333481 7729.6000000000013 6809.7249999999967 7306.0000000000009 9372.0250000000069 7306.0000000000009 5178.3750000000155 3436.641666666666 7306.0000000000009 7966.8583333333308 5887.5000000000009 8207.1583333333274 5887.5000000000009 6381.7833333333365 5887.5000000000009 2592.4916666666672 5887.5000000000009 7306.0000000000009 9815.8500000000004 7617.7833333333328 4288.0000000000082
decision_type=2 2 2 2 2 2 2 2 2 2 2 2 2 2 2 2 2 2 2 2 2 2 2 2 2 2 2 2 2 2
left_child=1 4 10 17 -1 8 -7 9 24 29 19 22 -5 14 -2 -11 -10 18 28 -3 21 -12 -9 -24 -6 -13 -15 -28 -4 -8
right_child=13 2 3 12 5 6 7 11 16 15 20 25 -14 26 -16 -17 -18 -19 -20 -21 -22 -23 23 -25 -26 -27 27 -29 -30 -31
leaf_value=14.649495379924776 -13.411604465460925 -8.0500270181400762 15.945685829703264 -5.6934880352020265 7.7462562799453742 17.373279325646092 9.4839713164738253 16.133801194733262 -5.9560282140345011 -3.6612773767587812 -16.443433911159701 0.41706764432516963 3.8791172816856019 -20.997982948704774 -3.6735740044573006 -12.1922682450843 -13.508351417479478 13.044431965312022 1.8727069904990654 -1.9808867733458495 -18.978491560440489 -9.3345490005543521 7.4486989051630133 13.655180385194976 1.549526456645981 5.7289081027516646 -11.609181188590261 -19.328834607524257 9.2524734765947656 3.8109156161546709
leaf_weight=320 322 314 127 310 192 332 224 255 286 352 227 275 302 95 298 193 246 305 295 327 179 303 283 261 256 269 277 124 227 224
leaf_count=320 322 314 127 310 192 332 224 255 286 352 227 275 302 95 298 193 246 305 295 327 179 303 283 261 256 269 277 124 227 224
internal_value=1.8908e-09 1.89143 -1.73893 5.14874 4.5593 3.67419 6.20164 4.61389 -3.20665 -0.668502 -9.72862 8.51964 -0.969751 -11.6672 -8.73107 -6.68234 -9.44827 9.07381 7.2078 -4.95391 -14.0454 -12.3793 12.2479 10.4264 4.20527 3.04369 -15.3374 -13.9963 11.6537 6.64744
internal_weight=8000 6884 2916 1566 3968 3648 2668 2336 980 993 1350 1343 612 1116 620 545 532 954 649 641 709 530 799 544 448 544 496 401 354 448
internal_count=8000 6884 2916 1566 3968 3648 2668 2336 980 993 1350 1343 612 1116 620 545 532 954 649 641 709 530 799 544 448 544 496 401 354 448
is_linear=0
shrinkage=0.05


Tree=22
num_leaves=31
num_cat=0
split_feature=0 0 1 0 1 0 0 1 0 0 0 0 1 0 0 1 0 1 1 0 0 1 0 1 0 0 0 1 0 0
split_gain=6.40322e+07 2.18706e+07 5.3901e+07 1.93282e+07 1.77654e+07 2.12855e+07 1.43853e+07 3.05019e+07 1.44732e+07 1.08919e+07 8.02993e+06 6.67163e+06 6.3267e+06 4.20618e+06 4.10477e+06 3.51258e+06 2.88425e+06 2.72095e+06 2.42043e+06 4.14323e+06 2.0686e+06 1.79155e+06 1.61004e+06 1.5601e+06 2.61091e+06 1.50051e+06 1.48107e+06 1.40473e+06 1.30342e+06 1.23384e+06
threshold=8743.5666666666639 6974.0416666666633 6517.5000000000009 7505.1083333333354 4564.0000000000009 4907.5666666666848 2491.8500000000008 2460.5000000000005 4249.9000000000078 3180.0083333333337 8155.8666666666631 9084.0333333333365 7306.0000000000009 8027.6666666666606 6509.4166666666724 7306.0000000000009 3702.2749999999987 5887.5000000000009 7306.0000000000009 9498.9250000000156 1991.7833333333344 5887.5000000000009 3655.2833333333319 7306.0000000000009 7729.6000000000013 5333.5083333333487 2879.7666666666669 5887.5000000000009 4576.0750000000126 9865.0666666666693
decision_type=2 2 2 2 2 2 2 2 2 2 2 2 2 2 2 2 2 2 2 2 2 2 2 2 2 2 2 2 2 2
left_child=1 4 3 21 5 6 20 9 16 26 23 15 -12 17 -6 -2 -9 -5 -13 -20 -1 -3 -11 24 -4 -7 -8 -16 -10 -21
right_child=11 2 10 13 14 25 7 8 28 22 12 18 -14 -15 27 -17 -18 -19 19 29 -22 -23 -24 -25 -26 -27 -28 -29 -30 -31
leaf_value=17.581044256687164 -9.3995765382209715 -3.2727248011912353 13.505648965546579 -12.445209736543545 14.007565481346774 -7.0094874583184721 3.1615351390966682 19.098393499514479 4.3613966822624208 -8.8154968185930063 -1.6179161837380946 -16.423678149117364 7.3834034221125897 -16.1843851411199 5.185400601510298 -0.39543357006847285 11.255054896022127 -6.0766979280915514 -5.9949448267618815 -12.591208499340302 10.060196915864944 1.9124962225253155 -16.08115775912416 15.291061808650657 5.9345485836943377 -14.3119664536309 -2.6478006309984874 9.9924922955830908 -1.0325103003980727 -19.395161372359084
leaf_weight=128 226 323 198 340 415 256 256 177 224 302 396 288 385 332 308 208 347 331 252 235 320 344 102 133 268 97 192 300 224 93
leaf_count=128 226 323 198 340 415 256 256 177 224 302 396 288 385 332 308 208 347 331 252 235 320 344 102 133 268 97 192 300 224 93
internal_value=4.71341e-09 1.97223 -1.15245 -7.19471 4.58469 2.40646 4.18118 2.20943 8.26295 -4.69669 6.15957 -10.1459 2.81935 -11.5812 10.174 -5.08423 13.9044 -9.30366 -12.6768 -10.8162 12.209 -0.598488 -10.6499 10.5147 9.15145 -9.01612 0.67182 7.55732 1.66444 -14.5204
internal_weight=8000 6698 3050 1670 3648 2625 2272 1824 972 852 1380 1302 781 1003 1023 434 524 671 868 580 448 667 404 599 466 353 448 608 448 328
internal_count=8000 6698 3050 1670 3648 2625 2272 1824 972 852 1380 1302 781 1003 1023 434 524 671 868 580 448 667 404 599 466 353 448 608 448 328
is_linear=0
shrinkage=0.05


Tree=23
num_leaves=31
num_cat=0
split_feature=0 0 1 0 0 1 0 0 1 0 0 0 1 0 1 0 0 0 1 1 0 1 0 0 1 1 1 0 1 0
split_gain=5.7847e+07 2.37331e+07 4.95197e+07 1.6922e+07 1.17508e+07 1.94035e+07 1.6053e+07 1.56699e+07 1.54653e+07 1.41783e+07 9.53856e+06 8.46002e+06 4.7375e+06 3.12176e+06 4.77773e+06 3.05996e+06 2.50837e+06 2.40206e+06 4.00357e+06 2.27654e+06 2.16859e+06 1.72732e+06 1.58206e+06 1.39301e+06 1.26136e+06 1.25238e+06 1.23447e+06 1.75645e+06 1.21699e+06 1.51031e+06
threshold=9012.5166666666719 7255.7916666666633 6517.5000000000009 8504.9249999999865 2232.9666666666676 2460.5000000000005 2979.941666666668 3930.1583333333338 4564.0000000000009 4623.1083333333481 6861.1749999999947 7855.2416666666659 7306.0000000000009 8066.9666666666653 7306.0000000000009 5068.7000000000162 3436.641666666666 9397.0416666666752 7306.0000000000009 5887.5000000000009 6413.8916666666692 5887.5000000000009 2592.4916666666672 8345.8333333333303 5887.5000000000009 5887.5000000000009 7306.0000000000009 7617.7833333333328 7306.0000000000009 9815.8500000000004
decision_type=2 2 2 2 2 2 2 2 2 2 2 2 2 2 2 2 2 2 2 2 2 2 2 2 2 2 2 2 2 2
left_child=1 4 11 13 -1 6 22 -7 9 -9 20 19 -5 26 -15 -11 -8 18 -2 -3 -10 -22 -6 24 -13 -12 27 -4 -19 -30
right_child=17 2 3 12 5 7 16 8 10 15 25 23 -14 14 -16 -17 -18 28 -20 -21 21 -23 -24 -25 -26 -27 -28 -29 29 -31
leaf_value=13.830923239390055 -13.418501649849146 -8.5122099433716798 14.473119180033528 -6.6733554626578711 7.1404421125139512 15.732785491483757 -5.3554704095933827 5.968544279092125 14.325954026544551 -2.4988942495236799 -0.30241144262834052 -16.500741577148439 1.8609647460541205 0.64031735961454828 9.7243255982284289 -10.00410662996166 -12.241529474025819 -19.742834182932409 -4.4283097327004919 -3.1035066123885007 6.3613534594542234 11.840800849310787 1.3865900870412589 -19.508959659115302 -10.859988066355388 4.6433849416994581 16.577068968076965 7.4220568992351659 -10.779845769168766 -17.477684094828945
leaf_weight=288 257 377 127 335 224 332 286 448 287 288 257 148 316 288 291 257 246 79 239 402 298 278 256 91 300 255 74 290 262 124
leaf_count=288 257 377 127 335 224 332 286 448 287 288 257 148 316 288 291 257 246 79 239 402 298 278 256 91 300 255 74 290 262 124
internal_value=1.93553e-08 1.57098 -1.75988 3.82561 4.10161 3.34675 -2.55796 5.55992 4.13365 -0.621177 7.5675 -9.05321 -2.53074 7.69287 5.20586 -6.03805 -8.53963 -11.5069 -9.08653 -5.72107 10.7752 9.00595 4.07172 -13.8691 -12.7235 2.16083 10.6256 9.5695 -14.0887 -12.9315
internal_weight=8000 7039 3039 1721 4000 3712 1012 2700 2368 993 1375 1318 651 1070 579 545 532 961 496 779 863 576 480 539 448 512 491 417 465 386
internal_count=8000 7039 3039 1721 4000 3712 1012 2700 2368 993 1375 1318 651 1070 579 545 532 961 496 779 863 576 480 539 448 512 491 417 465 386
is_linear=0
shrinkage=0.05


Tree=24
num_leaves=31
num_cat=0
split_feature=0 0 1 0 1 0 0 1 0 0 0 0 1 1 0 0 0 1 0 0 1 0 1 0 0 1 0 0 1 0
split_gain=5.24204e+07 1.78124e+07 4.34019e+07 1.68214e+07 1.52195e+07 1.74386e+07 1.17608e+07 2.61896e+07 1.19827e+07 7.8884e+06 6.68873e+06 5.44781e+06 4.45426e+06 3.68217e+06 3.00109e+06 2.94184e+06 2.4309e+06 2.32074e+06 2.01012e+06 1.97773e+06 1.78055e+06 3.55455e+06 1.4469e+06 2.10118e+06 1.29982e+06 1.28316e+06 1.21653e+06 1.20146e+06 1.10864e+06 1.01562e+06
threshold=8743.5666666666639 6949.6249999999982 6517.5000000000009 7569.2416666666659 4564.0000000000009 4907.5666666666848 2541.0250000000005 2460.5000000000005 4249.9000000000078 3225.9166666666674 8318.5499999999938 9275.4083333333347 7306.0000000000009 7306.0000000000009 6488.4666666666717 8052.9916666666641 3680.6416666666655 5887.5000000000009 7327.408333333331 2144.4500000000012 7306.0000000000009 7855.2416666666659 7306.0000000000009 9778.2416666666686 5333.5083333333487 5887.5000000000009 3680.6416666666655 2929.0083333333328 5887.5000000000009 4576.0750000000126
decision_type=2 2 2 2 2 2 2 2 2 2 2 2 2 2 2 2 2 2 2 2 2 2 2 2 2 2 2 2 2 2
left_child=1 4 3 18 5 6 19 9 16 27 20 12 -2 -12 -6 17 -9 -5 28 -1 21 -4 -13 -24 -7 -16 -11 -8 -3 -10
right_child=11 2 10 15 14 24 7 8 29 26 13 22 -14 -15 25 -17 -18 -19 -20 -21 -22 -23 23 -25 -26 -27 -28 -29 -30 -31
leaf_value=14.160032326834543 -9.9858058088916852 -1.3808038421859177 11.082106081644696 -12.034355677999192 12.911087640707549 -6.2995304673910146 2.0465952797851061 17.715067703531396 3.8448996071304595 -8.4903187981050614 -2.5812069218371301 -16.66767105102539 -1.8983620592478165 5.4777200741063661 5.000958945426162 -14.973039638405979 10.333431157724261 -5.8963824880161724 -4.1375636465041365 7.7267809882760048 12.135888816736923 3.2196454188426338 -8.7385690920470207 -15.887883281092492 -13.096163083105973 9.5955621368510275 -15.300394089642694 -3.1857186801421147 3.4355191021911367 -0.91642177289218785
leaf_weight=224 354 236 276 307 383 256 256 161 224 287 286 160 328 281 309 303 363 309 305 256 237 300 305 155 97 299 85 192 242 224
leaf_count=224 354 236 276 307 383 256 256 161 224 287 286 160 328 281 309 303 363 309 305 256 237 300 305 155 97 299 85 192 242 224
internal_value=-2.03187e-08 1.78447 -1.00844 -6.35123 4.16492 2.17183 3.77819 1.91638 7.46825 -4.66462 5.581 -9.17999 -6.09624 1.41272 9.44431 -10.9395 12.6015 -8.9554 -0.966068 10.729 8.48802 6.98707 -12.5721 -11.1476 -8.16716 7.26048 -10.0464 -0.195825 1.05759 1.46424
internal_weight=8000 6698 3082 1702 3616 2625 2272 1792 972 820 1380 1302 682 567 991 919 524 616 783 480 813 576 620 460 353 608 372 448 478 448
internal_count=8000 6698 3082 1702 3616 2625 2272 1792 972 820 1380 1302 682 567 991 919 524 616 783 480 813 576 620 460 353 608 372 448 478 448
is_linear=0
shrinkage=0.05


Tree=25
num_leaves=31
num_cat=0
split_feature=0 0 1 0 0 1 0 0 1 0 0 0 1 0 1 0 0 1 0 1 0 0 1 0 1 0 1 0 1 0
split_gain=4.74332e+07 1.96125e+07 3.98302e+07 1.459e+07 9.61192e+06 1.58407e+07 1.30784e+07 1.29366e+07 1.5323e+07 8.97031e+06 7.88467e+06 7.00452e+06 3.82827e+06 2.79524e+06 3.89545e+06 2.13862e+06 2.04525e+06 1.9316e+06 3.62042e+06 1.90659e+06 1.64652e+06 1.51791e+06 2.03752e+06 1.2872e+06 1.20805e+06 1.19731e+06 1.09961e+06 1.58089e+06 1.06369e+06 1.13407e+06
threshold=9035.3250000000025 7255.7916666666633 6517.5000000000009 8528.2916666666624 2232.9666666666676 2460.5000000000005 2979.941666666668 4086.0750000000025 4564.0000000000009 4956.1000000000176 6735.8416666666662 7855.2416666666659 7306.0000000000009 8077.6000000000013 7306.0000000000009 3556.5916666666672 4526.1583333333447 7306.0000000000009 9474.6416666666792 5887.5000000000009 3580.4416666666662 6197.7833333333338 5887.5000000000009 2592.4916666666672 5887.5000000000009 8362.0666666666602 7306.0000000000009 7653.0999999999976 5887.5000000000009 8121.1499999999987
decision_type=2 2 2 2 2 2 2 2 2 2 2 2 2 2 2 2 2 2 2 2 2 2 2 2 2 2 2 2 2 2
left_child=1 4 11 13 -1 6 23 20 9 16 21 19 -5 26 -15 -8 -9 -2 -19 -3 -7 -10 -23 -6 -12 28 27 -4 -13 -30
right_child=17 2 3 12 5 7 15 8 10 -11 24 25 -14 14 -16 -17 -18 18 -20 -21 -22 22 -24 -25 -26 -27 -28 -29 29 -31
leaf_value=12.502856090333728 -13.7614892244339 -7.6981810511581461 12.608773165434794 -6.3162785725934167 6.4376539043017802 18.647941558529634 -5.5504222270871004 5.1465040153927282 16.414297605815687 -8.2634382289518076 0.86731743603068245 -15.045195558908825 1.3562187823085559 0.44918911811216056 8.5406316495659365 -12.359615321413301 -0.81233219334648732 -4.5697970804178487 -12.340885739533798 -2.7484315982579592 11.293319880708736 7.1247660825450652 12.978188203200411 1.2476327592608869 5.1075378354773466 -18.121181655511624 14.870684339942002 6.2514559390360143 -6.8904276652213854 -12.948876629000395
leaf_weight=288 320 377 153 336 224 99 363 288 95 321 340 148 315 296 299 169 288 265 345 402 329 349 259 256 332 82 82 271 156 153
leaf_count=288 320 377 153 336 224 99 363 288 95 321 340 148 315 296 299 169 288 265 345 402 329 349 259 256 332 82 82 271 156 153
internal_value=2.84333e-08 1.39636 -1.60963 3.33004 3.70346 3.02075 -2.31438 5.02043 3.51827 -1.56558 6.83479 -8.17587 -2.60378 6.83859 4.51531 -7.71349 2.16709 -10.6154 -8.96492 -5.14388 12.9945 10.5366 9.61825 3.66964 2.96219 -12.5579 9.57052 8.54549 -11.5597 -9.89024
internal_weight=8000 7070 3070 1752 4000 3712 1012 2700 2272 897 1375 1318 651 1101 595 532 576 930 610 779 428 703 608 480 672 539 506 424 457 309
internal_count=8000 7070 3070 1752 4000 3712 1012 2700 2272 897 1375 1318 651 1101 595 532 576 930 610 779 428 703 608 480 672 539 506 424 457 309
is_linear=0
shrinkage=0.05


Tree=26
num_leaves=31
num_cat=0
split_feature=0 0 1 0 1 0 1 0 0 0 0 1 0 0 1 0 0 0 0 1 0 1 0 1 0 1 1 0 0 0
split_gain=4.29227e+07 1.43388e+07 3.64254e+07 1.38929e+07 1.25172e+07 1.42582e+07 1.02506e+07 2.51054e+07 6.82914e+06 4.92984e+06 4.80002e+06 4.37981e+06 4.03579e+06 2.86549e+06 2.67191e+06 2.49465e+06 2.28496e+06 1.99867e+06 1.87989e+06 2.00609e+06 1.65699e+06 1.57894e+06 2.70919e+06 1.06486e+06 1.67106e+06 1.0274e+06 990644 893280 828081 816534
threshold=8721.1499999999978 6949.6249999999982 6517.5000000000009 7653.0999999999976 4564.0000000000009 4716.4083333333501 2460.5000000000005 2741.0583333333348 3883.9333333333329 8121.1499999999987 9105.7500000000036 7306.0000000000009 3284.7916666666674 2144.4500000000012 7306.0000000000009 6488.4666666666717 7348.8416666666635 5231.2083333333494 8173.3416666666626 5887.5000000000009 4338.9166666666761 7306.0000000000009 9623.325000000008 7306.0000000000009 7653.0999999999976 5887.5000000000009 5887.5000000000009 3680.6416666666655 3556.5916666666672 6153.1166666666677
decision_type=2 2 2 2 2 2 2 2 2 2 2 2 2 2 2 2 2 2 2 2 2 2 2 2 2 2 2 2 2 2
left_child=1 4 3 16 5 6 7 13 28 23 14 -11 -9 -1 -2 29 26 -7 19 -5 -10 -12 -23 24 -4 -17 -3 -14 -8 -6
right_child=10 2 9 18 15 17 8 12 20 11 21 -13 27 -15 -16 25 -18 -19 -20 -21 -22 22 -24 -25 -26 -27 -28 -29 -30 -31
leaf_value=12.82688789708274 -7.8606671381931683 -1.4560808215245782 11.978334519130733 -12.170936710733763 16.919244094122025 -3.5337324667721988 18.230601357852713 -1.8404518034139816 7.2579445706473456 -0.96252289800869861 -13.630252061170692 6.4939448245736067 -7.9987277431114059 5.7109615822633115 -0.51817950429278914 4.5425024611471541 -4.3671955829635669 -10.363795291118741 -14.655412921905517 -6.4586621788366516 1.7293738911866967 -5.9311706723474931 -12.908007741743518 13.169567006879149 5.5388842781923593 8.6537695626351354 2.9559740260589957 -13.917393655215992 12.40100683522779 10.691780897378923
leaf_weight=224 255 251 153 284 63 320 85 352 288 401 272 387 255 384 241 309 374 161 200 335 256 317 248 113 295 299 258 85 215 320
leaf_count=224 255 251 153 284 63 320 85 352 288 401 272 387 255 384 241 309 374 161 200 335 256 317 248 113 295 299 258 85 215 320
internal_value=1.72173e-08 1.63764 -0.88674 -5.75056 3.76759 1.96008 3.70549 0.919799 7.99624 5.24982 -8.19066 2.69947 -5.5932 8.33262 -4.29305 8.55539 -1.39996 -5.81989 -10.4411 -9.07948 4.65626 -10.5004 -8.99357 8.83212 7.73807 6.56433 0.780285 -9.47839 14.0527 11.7161
internal_weight=8000 6667 3051 1702 3616 2625 2144 1300 844 1349 1333 788 692 608 496 991 883 481 819 619 544 837 565 561 448 608 509 340 300 383
internal_count=8000 6667 3051 1702 3616 2625 2144 1300 844 1349 1333 788 692 608 496 991 883 481 819 619 544 837 565 561 448 608 509 340 300 383
is_linear=0
shrinkage=0.05


Tree=27
num_leaves=31
num_cat=0
split_feature=0 0 1 0 1 0 0 1 0 0 0 0 1 1 0 0 0 1 1 0 0 1 0 1 0 0 0 0 1 0
split_gain=3.87378e+07 1.29408e+07 3.28739e+07 1.25922e+07 1.12967e+07 1.29484e+07 8.77332e+06 1.67679e+07 8.88764e+06 8.24454e+06 4.52304e+06 4.36748e+06 2.978e+06 2.8007e+06 2.38691e+06 2.27667e+06 1.65472e+06 1.61741e+06 1.362e+06 1.3534e+06 1.29609e+06 2.00292e+06 1.38103e+06 1.26522e+06 2.02511e+06 1.24569e+06 1.06568e+06 999767 1.84394e+06 940091
threshold=8721.1499999999978 6949.6249999999982 6517.5000000000009 7535.6583333333328 4564.0000000000009 4907.5666666666848 2393.3000000000011 2460.5000000000005 4200.025000000006 3065.5833333333344 8287.899999999996 9194.033333333331 7306.0000000000009 7306.0000000000009 8027.6666666666606 6635.0583333333361 3607.0999999999999 5887.5000000000009 5887.5000000000009 3580.4416666666662 7553.5249999999987 7306.0000000000009 7978.8833333333341 7306.0000000000009 9730.8000000000065 1939.4833333333343 5333.5083333333487 6197.7833333333338 5887.5000000000009 4526.1583333333447
decision_type=2 2 2 2 2 2 2 2 2 2 2 2 2 2 2 2 2 2 2 2 2 2 2 2 2 2 2 2 2 2
left_child=1 4 3 18 5 6 25 9 16 -8 20 12 -2 -12 17 27 -9 -5 -3 -11 -4 22 -22 -13 -25 -1 -7 -6 -29 -10
right_child=11 2 10 14 15 26 7 8 29 19 13 23 -14 -15 -16 -17 -18 -19 -20 -21 21 -23 -24 24 -26 -27 -28 28 -30 -31
leaf_value=15.068220369021098 -8.0671935439109799 -2.7731950230073203 13.252247873942057 -9.9607656811910967 14.85250418412058 -5.3558889113366606 1.8393951664146568 16.362294058964171 3.9443245244877683 -5.7942594798957519 -1.7360149630593131 -13.743003753072399 -1.1330541529557667 5.2086955530227916 -12.676577039511807 5.3100817276881296 9.5311738349021748 -4.8817346383363773 1.5096803326228159 -11.545855106581127 7.1780938549318183 10.749918089972603 1.6304080114044526 -6.6912303990125652 -13.251752537553029 8.4915219810273914 -11.50999329557124 6.6417722661444492 12.936925984392264 -0.49106397067080254
leaf_weight=96 320 362 87 315 95 256 448 116 224 317 297 207 300 284 332 416 376 312 381 151 276 216 189 320 186 288 97 282 198 256
leaf_count=96 320 362 87 315 95 256 448 116 224 317 297 207 300 284 332 416 376 312 381 151 276 216 189 320 186 288 97 282 198 256
internal_value=6.1476e-10 1.55576 -0.842403 -5.46303 3.57921 1.86207 3.24627 1.84503 6.4193 -3.0089 4.98733 -7.78113 -4.71196 1.65865 -9.24856 8.12762 11.1418 -7.4334 -0.576996 -7.65001 7.50551 6.77134 4.92323 -10.45 -9.10281 10.1357 -7.04696 10.1661 9.23852 1.57878
internal_weight=8000 6667 3051 1702 3616 2625 2272 1888 972 916 1349 1333 620 581 959 991 492 627 743 468 768 681 465 713 506 384 353 575 480 480
internal_count=8000 6667 3051 1702 3616 2625 2272 1888 972 916 1349 1333 620 581 959 991 492 627 743 468 768 681 465 713 506 384 353 575 480 480
is_linear=0
shrinkage=0.05


Tree=28
num_leaves=31
num_cat=0
split_feature=0 0 1 0 0 1 0 0 1 0 0 0 1 0 1 0 0 1 0 0 1 0 1 1 0 0 0 1 0 0
split_gain=3.51248e+07 1.42615e+07 3.0078e+07 1.04468e+07 7.1615e+06 1.17678e+07 9.76153e+06 9.66726e+06 9.49772e+06 8.4663e+06 5.94462e+06 5.33355e+06 2.83056e+06 1.94733e+06 3.1386e+06 1.81724e+06 1.62841e+06 2.39425e+06 1.59809e+06 1.42257e+06 1.55144e+06 1.2995e+06 1.18344e+06 1.13892e+06 996367 918009 900118 867341 1.0903e+06 802540
threshold=9012.5166666666719 7255.7916666666633 6517.5000000000009 8504.9249999999865 2232.9666666666676 2460.5000000000005 2979.941666666668 3930.1583333333338 4564.0000000000009 4672.4666666666826 6861.1749999999947 7729.6000000000013 7306.0000000000009 8039.5166666666673 7306.0000000000009 5231.2083333333494 9397.0416666666752 7306.0000000000009 3377.7833333333342 6352.766666666671 5887.5000000000009 8333.1666666666624 5887.5000000000009 5887.5000000000009 2641.8916666666687 4338.9166666666761 8121.1499999999987 7306.0000000000009 9865.0666666666693 3556.5916666666672
decision_type=2 2 2 2 2 2 2 2 2 2 2 2 2 2 2 2 2 2 2 2 2 2 2 2 2 2 2 2 2 2
left_child=1 4 11 13 -1 6 24 29 9 25 19 22 -5 -4 -15 -11 17 -2 -8 -10 -21 23 -3 -13 -6 -9 -25 -18 -29 -7
right_child=16 2 3 12 5 7 18 8 10 15 -12 21 -14 14 -16 -17 27 -19 -20 20 -22 -23 -24 26 -26 -27 -28 28 -30 -31
leaf_value=10.781246972084046 -10.323713505963871 -5.861758017059941 8.499471157607033 -5.2011794730798524 5.2988786995410919 16.500956582462088 -3.8208690658211708 6.2919252097606666 11.862165560529906 -2.9795877834803175 1.6225781344939607 -11.901766907276036 1.3955815517962498 0.59614720081941031 7.7574942125947928 -9.3924234331024365 -15.86557130451444 -3.3713866096473142 -9.3055497321529668 4.8611114043731236 9.7887122511475422 -15.152756786346437 -1.4525201920911046 -5.6442811510340896 0.7326635306102357 1.9089394549307013 -10.771496576207285 -8.6182330811796746 -14.83209221952705 10.868283603065892
leaf_weight=288 257 298 458 335 256 85 256 256 223 352 512 227 316 305 307 161 79 239 276 333 307 104 311 247 224 224 131 293 93 247
leaf_count=288 257 298 458 335 256 85 256 256 223 352 512 227 316 305 307 161 79 239 276 333 307 104 311 247 224 224 131 293 93 247
internal_value=1.07991e-08 1.22416 -1.35788 2.9952 3.18586 2.59657 -2.00182 4.32011 3.19985 -0.526344 5.89084 -7.04198 -1.99907 6.03377 4.18852 -4.99219 -8.96656 -6.9737 -6.6663 8.42311 7.22482 -9.98983 -3.61008 -9.10232 3.16798 4.24653 -7.42117 -11.0923 -10.1154 12.3104
internal_weight=8000 7039 3039 1721 4000 3712 1012 2700 2368 993 1375 1318 651 1070 612 513 961 496 532 863 640 709 609 605 480 480 378 465 386 332
internal_count=8000 7039 3039 1721 4000 3712 1012 2700 2368 993 1375 1318 651 1070 612 513 961 496 532 863 640 709 609 605 480 480 378 465 386 332
is_linear=0
shrinkage=0.05


Tree=29
num_leaves=31
num_cat=0
split_feature=0 0 1 0 1 0 0 1 0 0 0 0 1 0 1 0 0 0 1 0 1 0 1 0 1 0 0 1 0 1
split_gain=3.17362e+07 1.03605e+07 2.71218e+07 1.08467e+07 9.67696e+06 1.06505e+07 7.22503e+06 1.59389e+07 7.23253e+06 4.84123e+06 3.79029e+06 3.31976e+06 3.23172e+06 2.17569e+06 1.9673e+06 1.68395e+06 1.57394e+06 1.39548e+06 1.22739e+06 2.1917e+06 1.08536e+06 920305 895461 1.29181e+06 894881 884281 808742 753398 1.41959e+06 736850
threshold=8697.4999999999982 6923.324999999998 6517.5000000000009 7505.1083333333354 4564.0000000000009 4907.5666666666848 2541.0250000000005 2460.5000000000005 4249.9000000000078 3180.0083333333337 9084.0333333333365 8102.9916666666641 7306.0000000000009 7939.3499999999967 7306.0000000000009 6488.4666666666717 3754.0499999999984 1939.4833333333343 7306.0000000000009 9474.6416666666792 5887.5000000000009 3680.6416666666655 7306.0000000000009 7603.7666666666655 5887.5000000000009 5333.5083333333487 9904.2083333333339 5887.5000000000009 6248.4500000000025 5887.5000000000009
decision_type=2 2 2 2 2 2 2 2 2 2 2 2 2 2 2 2 2 2 2 2 2 2 2 2 2 2 2 2 2 2
left_child=1 4 3 20 5 6 17 9 16 -8 14 22 -13 24 -2 27 -9 -1 -12 -20 -3 -11 23 -4 -5 -7 -21 28 -6 -17
right_child=10 2 11 13 15 25 7 8 -10 21 18 12 -14 -15 -16 29 -18 -19 19 26 -22 -23 -24 -25 -26 -27 -28 -29 -30 -31
leaf_value=13.775746965408326 -6.5331568635354831 -2.1785133746447367 11.253696224607271 -8.0976434533025188 12.69610468346303 -4.8589547269046314 0.12865539439416562 13.146609017508371 1.1432332461907728 -6.3240222703700537 -11.606843161582947 -0.57996074721065882 5.8698915167825971 -10.816706045594227 -0.23342538486458056 4.0771624848450703 7.5547667776703085 7.0358818004528692 -3.8896343774998443 -9.01734751778862 1.6766612284537652 -12.178953507367304 11.94630954100354 5.1048313646036902 -4.0997345067452695 -10.464872419219658 -15.32249942902596 13.799503498451385 5.5553863896952045 7.6541721652930894
leaf_weight=96 254 354 116 284 127 256 416 210 448 319 288 394 383 443 242 292 314 384 235 283 377 85 101 324 276 97 62 102 154 284
leaf_count=96 254 354 116 284 127 256 416 210 448 319 288 394 383 443 242 292 314 384 235 283 377 85 101 324 276 97 62 102 154 284
internal_value=3.94103e-09 1.42777 -0.713144 -4.82246 3.25088 1.68052 2.93589 1.47662 5.80777 -3.65738 -6.94622 4.6932 2.59931 -8.19846 -3.4595 7.54932 9.79577 8.38385 -8.93864 -7.61374 -0.190277 -7.55588 7.7005 6.7259 -6.12725 -6.39939 -10.1504 10.1188 8.78269 5.84083
internal_weight=8000 6636 3052 1734 3584 2625 2272 1792 972 820 1364 1318 777 1003 496 959 524 480 868 580 731 404 541 440 560 353 345 383 281 576
internal_count=8000 6636 3052 1734 3584 2625 2272 1792 972 820 1364 1318 777 1003 496 959 524 480 868 580 731 404 541 440 560 353 345 383 281 576
is_linear=0
shrinkage=0.05


Tree=30
num_leaves=31
num_cat=0
split_feature=0 0 1 0 0 1 0 0 1 0 0 0 1 0 0 1 0 0 1 1 0 0 1 0 1 0 0 1 0 0
split_gain=2.86788e+07 1.19058e+07 2.48729e+07 9.10726e+06 5.92585e+06 9.57936e+06 8.01762e+06 7.98061e+06 7.62383e+06 7.01551e+06 5.07678e+06 3.95396e+06 2.67624e+06 1.62461e+06 1.37699e+06 2.40571e+06 1.33514e+06 1.19351e+06 1.80768e+06 1.0581e+06 930991 905021 896846 868363 1.26046e+06 795041 777923 752672 903678 728538
threshold=9035.3250000000025 7275.2083333333312 6517.5000000000009 8467.6249999999945 2232.9666666666676 2460.5000000000005 2979.941666666668 3930.1583333333338 4564.0000000000009 4623.1083333333481 6691.083333333333 7825.3916666666673 7306.0000000000009 5124.8416666666817 8039.5166666666673 7306.0000000000009 3512.3666666666663 9397.0416666666752 7306.0000000000009 5887.5000000000009 8362.0666666666602 6905.2083333333312 5887.5000000000009 6153.1166666666677 5887.5000000000009 2641.8916666666687 8138.4333333333288 7306.0000000000009 9865.0666666666693 1883.1833333333338
decision_type=2 2 2 2 2 2 2 2 2 2 2 2 2 2 2 2 2 2 2 2 2 2 2 2 2 2 2 2 2 2
left_child=1 4 11 14 29 6 25 -7 9 -9 23 19 -5 -11 -4 -16 -8 18 -2 -3 22 -12 -13 -10 -25 -6 -24 -19 -29 -1
right_child=17 2 3 12 5 7 16 8 10 13 21 20 -14 -15 15 -17 -18 27 -20 -21 -22 -23 26 24 -26 -27 -28 28 -30 -31
leaf_value=14.482780051231385 -9.4685080025700614 -6.0373962530615737 7.6980689032109026 -4.595656147003174 4.7684809416532516 11.140275470320001 -4.0957254575458535 4.1502612680130246 14.102742670452784 -2.0063774601806652 4.7130593950549757 -11.803548201595445 1.4355183345985463 -7.5510575883653432 0.73908650700692291 7.305310037936545 -9.2619902615523468 -14.491950853565072 -3.2293688393064905 -2.1616021619437484 -14.550049907405203 1.1676776710831716 -5.2464148368242496 6.0335253576152992 10.820047349971823 0.68959760275902227 -10.142148039681572 -7.772330616765462 -13.429449307021276 8.4338536092213214
leaf_weight=64 241 342 458 375 256 332 331 448 63 320 288 166 361 225 281 277 201 79 224 363 82 480 193 349 227 224 140 293 93 224
leaf_count=64 241 342 458 375 256 332 331 448 63 320 288 166 361 225 281 277 201 79 224 363 82 480 193 349 227 224 140 293 93 224
internal_value=-2.18858e-09 1.08577 -1.27801 2.59807 2.86681 2.33517 -1.8203 3.87446 2.86936 -0.485107 5.23679 -6.55863 -1.63743 -4.29547 5.66631 3.99866 -6.04764 -8.25418 -6.46299 -4.04177 -9.61265 2.4972 -8.8013 8.52946 7.91988 2.865 -7.30468 -10.0454 -9.13532 9.77806
internal_weight=8000 7070 3038 1752 4032 3744 1012 2732 2400 993 1407 1286 736 545 1016 558 532 930 465 705 581 768 499 639 576 480 333 465 386 288
internal_count=8000 7070 3038 1752 4032 3744 1012 2732 2400 993 1407 1286 736 545 1016 558 532 930 465 705 581 768 499 639 576 480 333 465 386 288
is_linear=0
shrinkage=0.05


Tree=31
num_leaves=31
num_cat=0
split_feature=0 0 1 0 1 0 0 1 0 0 0 0 0 1 1 0 0 0 0 1 0 1 0 1 1 1 0 0 0 1
split_gain=2.60337e+07 8.4129e+06 2.80588e+07 5.32712e+06 8.72453e+06 7.23915e+06 7.14577e+06 7.52154e+06 5.86296e+06 4.39069e+06 4.00211e+06 3.0734e+06 2.68772e+06 2.33949e+06 1.70558e+06 1.56593e+06 1.09807e+06 1.04391e+06 1.02892e+06 1.53488e+06 991437 917405 890417 866540 839790 805364 1.2034e+06 794136 791038 1.32061e+06
threshold=8697.4999999999982 7255.7916666666633 6517.5000000000009 2232.9666666666676 2460.5000000000005 3027.7666666666678 3984.0166666666687 4564.0000000000009 4956.1000000000176 6691.083333333333 7715.9583333333348 9275.4083333333347 8304.0416666666624 7306.0000000000009 7306.0000000000009 4430.341666666679 3629.2499999999986 8333.1666666666624 7535.6583333333328 7306.0000000000009 7952.9249999999965 5887.5000000000009 2686.9083333333351 5887.5000000000009 5887.5000000000009 7306.0000000000009 9778.2416666666686 3556.5916666666672 6197.7833333333338 5887.5000000000009
decision_type=2 2 2 2 2 2 2 2 2 2 2 2 2 2 2 2 2 2 2 2 2 2 2 2 2 2 2 2 2 2
left_child=1 3 10 -1 5 22 27 8 15 28 23 13 18 -2 -14 -8 -7 21 -4 20 -20 -12 -5 -3 -11 -13 -27 -6 -9 -30
right_child=11 2 12 4 6 16 7 9 -10 24 17 25 14 -15 -16 -17 -18 -19 19 -21 -22 -23 -24 -25 -26 26 -28 -29 29 -31
leaf_value=9.2891564475165467 -6.8540575237174313 -4.9472421370575583 11.635412316573294 4.2886315113968321 14.461564492618336 -4.6990740090217491 4.8051717533005611 12.312730841385692 -6.2094299459011761 0.76731651652984878 -10.222650873863092 -11.946766095161438 -1.2916075634745861 -1.2444700355245346 4.3929604094000858 -0.16623014310607687 -10.201255291850629 -13.173402588184064 5.9793947723275229 8.9334849921332466 1.4538648037984967 -6.2711704514020514 0.085418451404465107 -1.1109427700837455 4.1454123942406627 -6.0053079480030505 -11.415828296292213 8.9413419484237622 5.2831390513230581 10.279045115063369
leaf_weight=288 382 289 76 288 85 381 288 95 321 372 236 160 269 362 259 352 119 104 269 225 220 389 224 300 364 305 155 279 317 227
leaf_count=288 382 289 76 288 85 381 288 95 321 372 236 160 269 362 259 352 119 104 269 225 220 389 224 300 364 305 155 279 317 227
internal_value=1.76262e-08 1.29314 -0.899899 2.73836 2.23011 -1.72929 3.71415 2.69877 -0.694954 5.07068 -6.0585 -6.29128 4.2587 -4.12466 1.49685 2.0709 -6.00859 -8.53507 6.1046 5.51588 3.94337 -7.76325 2.44973 -2.99327 2.43801 -8.89122 -7.82842 10.2304 8.10299 7.36783
internal_weight=8000 6636 2636 4000 3712 1012 2700 2336 961 1375 1318 1364 1318 744 528 640 500 729 790 714 489 625 512 589 736 620 460 364 639 544
internal_count=8000 6636 2636 4000 3712 1012 2700 2336 961 1375 1318 1364 1318 744 528 640 500 729 790 714 489 625 512 589 736 620 460 364 639 544
is_linear=0
shrinkage=0.05


Tree=32
num_leaves=31
num_cat=0
split_feature=0 0 1 0 0 1 0 0 1 0 0 0 1 0 1 0 0 0 1 0 1 1 1 0 0 0 1 0 1 0
split_gain=2.35268e+07 9.67647e+06 2.08725e+07 7.4897e+06 4.84322e+06 7.7392e+06 6.58575e+06 6.54808e+06 5.68764e+06 6.25168e+06 4.41972e+06 2.9865e+06 1.81943e+06 1.4857e+06 2.25607e+06 1.41063e+06 1.13506e+06 1.03533e+06 1.06154e+06 1.00159e+06 1.65808e+06 871877 713119 684757 661336 657505 655731 867166 653446 658519
threshold=9035.3250000000025 7300.3166666666648 6517.5000000000009 8552.9833333333318 2232.9666666666676 2460.5000000000005 3883.9333333333329 2979.941666666668 4564.0000000000009 4623.1083333333481 6861.1749999999947 7870.7083333333294 7306.0000000000009 8039.5166666666673 7306.0000000000009 5231.2083333333494 3377.7833333333342 6352.766666666671 5887.5000000000009 9424.9083333333456 7306.0000000000009 5887.5000000000009 5887.5000000000009 8379.2333333333318 2592.4916666666672 1883.1833333333338 7306.0000000000009 7553.5249999999987 5887.5000000000009 8138.4333333333288
decision_type=2 2 2 2 2 2 2 2 2 2 2 2 2 2 2 2 2 2 2 2 2 2 2 2 2 2 2 2 2 2
left_child=1 4 11 13 25 7 -7 24 9 -8 17 21 -5 26 -15 -11 -9 -10 -19 20 -2 -3 -12 28 -6 -1 27 -4 -13 -30
right_child=19 2 3 12 5 6 8 16 10 15 22 23 -14 14 -16 -17 -18 18 -20 -21 -22 -23 -24 -25 -26 -27 -28 -29 29 -31
leaf_value=13.294183194637299 -8.7177896336991658 -5.8046175745688906 10.671059435263448 -4.6979867672770279 4.5754514311041152 10.462514533996583 3.9310744786883398 -3.0651045601814988 9.8411918357883348 -2.2472871163811461 -0.52130375066731405 -11.106448067864068 0.72098187921901813 0.40092963275538218 6.1865319569905601 -7.8229561088988504 -7.6874383415001022 3.92983105175488 8.0058510236709051 -9.2302622342439289 -2.9312952081696331 -2.3568267498155491 3.0004008646242348 -13.510408189561634 0.85532618643192115 7.547703128201622 11.944132495748587 5.0279401054016697 -4.7493268430233 -9.3606904754638673
leaf_weight=64 258 357 87 318 224 300 480 256 223 384 286 139 302 338 336 161 276 333 307 434 238 377 289 72 256 224 58 313 160 150
leaf_count=64 258 357 87 318 224 300 480 256 223 384 286 139 302 338 336 161 276 333 307 434 238 377 289 72 256 224 58 313 160 150
internal_value=1.14246e-08 0.983419 -1.16676 2.35893 2.57476 2.09794 3.46806 -1.64282 2.61612 -0.229794 4.64467 -6.0887 -2.05842 4.77834 3.28515 -3.89441 -5.46316 6.90732 5.88505 -7.4761 -5.94121 -4.03375 1.24874 -8.98376 2.59138 8.8247 6.97574 6.25532 -8.25789 -6.98063
internal_weight=8000 7070 3007 1752 4063 3775 2763 1012 2463 1025 1438 1255 620 1132 674 545 532 863 640 930 496 734 575 521 480 288 458 400 449 310
internal_count=8000 7070 3007 1752 4063 3775 2763 1012 2463 1025 1438 1255 620 1132 674 545 532 863 640 930 496 734 575 521 480 288 458 400 449 310
is_linear=0
shrinkage=0.05


Tree=33
num_leaves=31
num_cat=0
split_feature=0 0 1 0 1 0 0 1 0 0 0 0 0 1 1 0 0 1 0 1 0 0 1 0 0 1 0 0 1 0
split_gain=2.12894e+07 6.90731e+06 1.82425e+07 7.45983e+06 6.52202e+06 7.2217e+06 4.73187e+06 1.00871e+07 4.56675e+06 4.1673e+06 2.52836e+06 2.21682e+06 1.65865e+06 1.30318e+06 1.26489e+06 1.20815e+06 1.02943e+06 891679 870154 1.31821e+06 876232 869654 866674 1.53905e+06 791204 783458 709205 657734 567081 975761
threshold=8697.4999999999982 6923.324999999998 6517.5000000000009 7455.9583333333339 4564.0000000000009 4859.3833333333523 2444.6583333333338 2460.5000000000005 4200.025000000006 3180.0083333333337 9084.0333333333365 8333.1666666666624 8005.8666666666595 7306.0000000000009 7306.0000000000009 6467.1916666666702 3607.0999999999999 5887.5000000000009 7535.6583333333328 7306.0000000000009 7952.9249999999965 1883.1833333333338 7306.0000000000009 9670.1833333333452 5380.7583333333478 5887.5000000000009 3702.2749999999987 2741.0583333333348 5887.5000000000009 6248.4500000000025
decision_type=2 2 2 2 2 2 2 2 2 2 2 2 2 2 2 2 2 2 2 2 2 2 2 2 2 2 2 2 2 2
left_child=1 4 3 25 5 6 21 9 16 27 13 18 17 -2 -13 28 -9 -5 -4 20 -20 -1 -12 -24 -7 -3 -11 -8 29 -6
right_child=10 2 11 12 15 24 7 8 -10 26 22 14 -14 -15 -16 -17 -18 -19 19 -21 -22 -23 23 -25 -26 -27 -28 -29 -30 -31
leaf_value=12.629473793506623 -5.3430972121831948 -1.5714403757428768 10.520088677657277 -6.9215787647792268 10.540346983661802 -3.9354891501367093 2.940663728366296 12.407609715955012 1.3121942270264428 -5.2668917516452165 -9.5586048973931224 -1.3283320549004261 -9.3103861682322808 -0.21580297022226677 3.7798528481133378 4.838430803135271 7.0196140928471342 -3.347383135762708 5.4174900104565253 7.9059881187160972 1.2662305970966075 6.2932775199413307 -4.2117765663083926 -9.5344233956754483 -9.9862916799692005 1.8384995792419501 -10.833616129557292 -0.83739586610398775 12.050423706409545 4.4670684137206145
leaf_weight=64 254 331 76 350 127 320 192 116 448 335 288 248 362 242 237 608 376 348 269 247 241 352 363 217 65 343 69 288 86 138
leaf_count=64 254 331 76 350 127 320 192 116 448 335 288 248 362 242 237 608 376 348 269 247 241 352 363 217 65 343 69 288 86 138
internal_value=1.11028e-08 1.16939 -0.578693 -3.94887 2.658 1.36879 2.45605 1.35857 4.96438 -2.47567 -5.68922 3.85521 -6.56396 -2.84147 1.16783 6.18684 8.28995 -5.1396 5.41989 4.90785 3.45582 7.26808 -7.3165 -6.20318 -4.95705 0.163885 -6.21764 0.673828 8.52255 7.37766
internal_weight=8000 6636 3052 1734 3584 2625 2240 1824 940 884 1364 1318 1060 496 485 959 492 698 833 757 510 416 868 580 385 674 404 480 351 265
internal_count=8000 6636 3052 1734 3584 2625 2240 1824 940 884 1364 1318 1060 496 485 959 492 698 833 757 510 416 868 580 385 674 404 480 351 265
is_linear=0
shrinkage=0.05


Tree=34
num_leaves=31
num_cat=0
split_feature=0 0 1 0 1 0 0 1 0 0 0 0 1 1 0 0 0 0 0 1 1 0 1 0 1 0 1 0 1 0
split_gain=1.92137e+07 6.23385e+06 1.64638e+07 6.749e+06 5.88612e+06 6.54554e+06 4.46015e+06 9.31314e+06 4.88789e+06 3.02043e+06 2.33343e+06 2.03411e+06 1.96953e+06 1.88222e+06 1.26213e+06 1.09035e+06 1.01994e+06 939844 908643 879926 657922 920451 635076 821598 630207 573003 563874 547563 511791 880624
threshold=8697.4999999999982 6923.324999999998 6517.5000000000009 7666.9416666666666 4564.0000000000009 4956.1000000000176 2541.0250000000005 2460.5000000000005 4249.9000000000078 3225.9166666666674 9347.8166666666712 8102.9916666666641 7306.0000000000009 7306.0000000000009 7399.6333333333287 6467.1916666666702 3655.2833333333319 1991.7833333333344 8256.391666666661 5887.5000000000009 7306.0000000000009 7683.4750000000013 7306.0000000000009 9865.0666666666693 5887.5000000000009 3702.2749999999987 5887.5000000000009 5380.7583333333478 5887.5000000000009 6248.4500000000025
decision_type=2 2 2 2 2 2 2 2 2 2 2 2 2 2 2 2 2 2 2 2 2 2 2 2 2 2 2 2 2 2
left_child=1 4 3 14 5 6 17 9 16 -8 12 20 -2 -13 24 28 -9 -1 19 -5 21 -4 -12 -24 -3 -11 -17 -7 29 -6
right_child=10 2 11 18 15 27 7 8 -10 25 22 13 -14 -15 -16 26 -18 -19 -20 -21 -22 -23 23 -25 -26 -27 -28 -29 -30 -31
leaf_value=10.189663922786714 -6.1234518051147466 -1.1454732547692881 8.0493688482987249 -8.4667881738571893 10.01332953145185 -4.348161599040032 -0.084361727530735411 11.221066958283727 0.68750780090922492 -5.2433008502418845 -11.352138069697789 -0.40289022564027593 -1.2707620025939637 4.5194118908584588 -3.3435839562530982 3.0937321186839761 6.3006765143581172 5.186529783769088 -10.60458873447619 -4.7331859022538287 9.6558339336130885 3.3577513864672426 -5.9137052257608929 -11.248950687531503 2.0877178799093161 -10.291935221354167 6.1393604075113934 -9.4869767995981071 11.447902564115303 4.2437150374702792
leaf_weight=128 430 297 171 273 127 256 448 146 480 303 112 394 407 383 332 308 378 352 152 374 101 269 322 93 306 69 300 65 86 138
leaf_count=128 430 297 171 273 127 256 448 146 480 303 112 394 407 383 332 308 378 352 152 374 101 269 322 93 306 69 300 65 86 138
internal_value=-2.73972e-09 1.11092 -0.549759 -3.75143 2.5251 1.30035 2.2323 1.10377 4.3326 -2.84958 -5.40476 3.66245 -3.76378 2.02342 -0.867844 5.8775 7.67162 6.5207 -7.12584 -6.30857 6.01648 5.18108 -8.01102 -7.10931 0.495251 -6.17974 4.59651 -5.38873 8.09642 7.00878
internal_weight=8000 6636 3052 1734 3584 2625 2304 1824 1004 820 1364 1318 837 777 935 959 524 480 799 647 541 440 527 415 603 372 608 321 351 265
internal_count=8000 6636 3052 1734 3584 2625 2304 1824 1004 820 1364 1318 837 777 935 959 524 480 799 647 541 440 527 415 603 372 608 321 351 265
is_linear=0
shrinkage=0.05


Tree=35
num_leaves=31
num_cat=0
split_feature=0 0 1 0 0 1 0 0 1 0 0 0 1 0 0 1 0 0 1 0 1 1 0 1 0 1 1 0 0 0
split_gain=1.74714e+07 7.13674e+06 1.51243e+07 5.60237e+06 3.62855e+06 5.44875e+06 5.28466e+06 4.91702e+06 4.37682e+06 4.70488e+06 3.14459e+06 2.49683e+06 1.78502e+06 1.0584e+06 879073 813992 1.60292e+06 784710 1.22782e+06 693980 817608 632160 630534 610138 588365 549224 535377 612093 527248 471515
threshold=9035.3250000000025 7275.2083333333312 6517.5000000000009 8410.208333333323 2187.9250000000006 2460.5000000000005 2979.941666666668 3883.9333333333329 4564.0000000000009 4623.1083333333481 6784.5500000000002 7810.0666666666666 7306.0000000000009 5282.350000000014 3580.4416666666662 7306.0000000000009 7855.2416666666659 9424.9083333333456 7306.0000000000009 6153.1166666666677 5887.5000000000009 5887.5000000000009 8379.2333333333318 5887.5000000000009 8121.1499999999987 5887.5000000000009 7306.0000000000009 9904.2083333333339 2641.8916666666687 6509.4166666666724
decision_type=2 2 2 2 2 2 2 2 2 2 2 2 2 2 2 2 2 2 2 2 2 2 2 2 2 2 2 2 2 2
left_child=1 4 11 15 -1 6 28 -7 9 -9 19 21 -5 -11 -8 16 -4 18 -2 -10 -21 -3 23 -13 -25 -12 -19 -28 -6 -22
right_child=17 2 3 12 5 7 14 8 10 13 25 22 -14 -15 -16 -17 -18 26 -20 20 29 -23 -24 24 -26 -27 27 -29 -30 -31
leaf_value=7.9870592460036285 -7.4732745532841651 -4.5941003427133191 6.5632850025011154 -3.2678071883871116 3.8045618755949868 9.0494768575032563 -3.4469785684675687 3.3894133127108219 11.262225608220177 -2.1722942508828758 0.045689902064891964 -9.2686286315917972 1.398548786123988 -7.3561418962109002 -7.9550139597709606 6.8741157779107729 1.5077414317980162 -12.296812488186745 -2.493845676273859 4.3543959449047618 10.234348649738216 -1.5529649176149287 -11.839139493306478 -3.7857516755660381 -7.8704793263066763 2.9754895948985265 -6.3712427729945027 -11.813429075671781 0.57017313442525586 6.1405487481937859
leaf_weight=256 258 333 276 417 288 300 381 480 63 416 325 175 403 129 151 293 363 62 238 413 119 351 72 192 163 315 310 62 224 172
leaf_count=256 258 333 276 417 288 300 381 480 63 416 325 175 403 129 151 293 363 62 238 413 119 351 72 192 163 315 310 62 224 172
internal_value=-5.9461e-09 0.847463 -0.982645 2.03986 2.2264 1.83584 -1.23666 3.00996 2.26496 -0.220193 4.07539 -5.10039 -0.974464 -3.3993 -4.72651 4.69194 3.69136 -6.44254 -5.08395 6.23461 5.7847 -3.03352 -7.4488 -6.85238 -5.66127 1.4877 -7.99521 -7.27827 2.38952 7.81465
internal_weight=8000 7070 3038 1752 4032 3776 1044 2732 2432 1025 1407 1286 820 545 532 932 639 930 496 767 704 684 602 530 355 640 434 372 512 291
internal_count=8000 7070 3038 1752 4032 3776 1044 2732 2432 1025 1407 1286 820 545 532 932 639 930 496 767 704 684 602 530 355 640 434 372 512 291
is_linear=0
shrinkage=0.05


Tree=36
num_leaves=31
num_cat=0
split_feature=0 0 1 0 1 0 0 1 0 0 0 0 1 0 1 0 0 1 0 1 0 0 1 1 1 0 0 0 0 1
split_gain=1.57871e+07 5.07426e+06 1.35318e+07 5.55063e+06 4.82892e+06 5.40794e+06 3.64261e+06 6.56387e+06 4.05206e+06 3.41369e+06 1.90214e+06 1.67591e+06 1.72836e+06 1.32158e+06 1.06388e+06 939968 916974 881024 656553 615133 1.08332e+06 605944 587916 569928 547140 695826 536363 455604 361802 350348
threshold=8697.4999999999982 6923.324999999998 6517.5000000000009 7440.2583333333323 4564.0000000000009 4956.1000000000176 2393.3000000000011 2460.5000000000005 4288.0000000000082 3180.0083333333337 9128.6583333333365 8066.9666666666653 7306.0000000000009 8052.9916666666641 7306.0000000000009 3629.2499999999986 6413.8916666666692 5887.5000000000009 1883.1833333333338 7306.0000000000009 9730.8000000000065 2835.2916666666683 5887.5000000000009 5887.5000000000009 7306.0000000000009 7519.7666666666673 3702.2749999999987 5380.7583333333478 7810.0666666666666 5887.5000000000009
decision_type=2 2 2 2 2 2 2 2 2 2 2 2 2 2 2 2 2 2 2 2 2 2 2 2 2 2 2 2 2 2
left_child=1 4 3 23 5 6 18 9 15 21 14 24 -13 17 -2 -9 29 28 -1 -12 -21 -8 -18 -3 25 -4 -11 -7 -5 -6
right_child=10 2 11 13 16 27 7 8 -10 26 19 12 -14 -15 -16 -17 22 -19 -20 20 -22 -23 -24 -25 -26 -27 -28 -29 -30 -31
leaf_value=11.089164137840271 -4.7842267910083693 -1.2573674883441828 9.6064840174433019 -5.0039434664419007 6.8059882951095121 -3.9573407046496869 2.2992363851847286 10.478235696108287 0.38531728042622232 -4.5384998307299256 -8.4773853525519378 -0.31283800421702529 4.2588789065963608 -8.3961506645278181 -0.41639523041598941 5.6339038148767813 2.8648199220989334 -2.8344822022379663 5.5415598118305205 -3.9241124022137992 -8.6146391202044743 -1.1681407595676969 5.8234882750162269 1.6950109601290113 9.6035540812724349 4.0446651917887584 -9.3795878092447929 -8.6448213430551384 -8.1630221588970873 11.156388736593314
leaf_weight=64 286 322 67 239 229 256 288 131 448 335 256 417 410 303 272 425 344 392 320 364 186 224 328 332 74 350 69 65 146 58
leaf_count=64 286 322 67 239 229 256 288 131 448 335 256 417 410 303 272 425 344 392 320 364 186 224 328 332 74 350 69 65 146 58
internal_value=6.49679e-09 1.007 -0.491286 -3.3939 2.28289 1.17357 2.02067 1.13157 3.92398 -1.92912 -4.89916 3.32748 1.95367 -5.59527 -2.6551 6.77528 5.31934 -4.50304 6.46616 -6.45274 -5.51036 0.782259 4.30893 0.241393 5.64141 4.93829 -5.36532 -4.90652 -6.20193 7.68516
internal_weight=8000 6636 3052 1734 3584 2625 2304 1920 1004 916 1364 1318 827 1080 558 556 959 777 384 806 550 512 672 654 491 417 404 321 385 287
internal_count=8000 6636 3052 1734 3584 2625 2304 1920 1004 916 1364 1318 827 1080 558 556 959 777 384 806 550 512 672 654 491 417 404 321 385 287
is_linear=0
shrinkage=0.05


Tree=37
num_leaves=31
num_cat=0
split_feature=0 0 1 0 0 1 0 0 1 0 0 0 1 0 1 0 0 0 1 0 1 1 1 0 1 0 1 0 1 0
split_gain=1.42727e+07 5.84263e+06 1.27017e+07 4.72767e+06 2.99933e+06 4.42893e+06 4.30374e+06 4.08847e+06 3.76459e+06 3.55927e+06 2.71908e+06 1.84265e+06 1.04428e+06 972467 1.40124e+06 844176 795357 677979 1.00472e+06 518064 732054 512419 505261 499084 488651 483110 461059 522752 459088 580145
threshold=9035.3250000000025 7300.3166666666648 6517.5000000000009 8578.0833333333267 2187.9250000000006 2460.5000000000005 2929.0083333333328 3930.1583333333338 4564.0000000000009 4672.4666666666826 6691.083333333333 7855.2416666666659 7306.0000000000009 8039.5166666666673 7306.0000000000009 3377.7833333333342 5282.350000000014 9424.9083333333456 7306.0000000000009 6153.1166666666677 5887.5000000000009 5887.5000000000009 5887.5000000000009 8379.2333333333318 5887.5000000000009 3535.7000000000003 7306.0000000000009 9904.2083333333339 7306.0000000000009 7553.5249999999987
decision_type=2 2 2 2 2 2 2 2 2 2 2 2 2 2 2 2 2 2 2 2 2 2 2 2 2 2 2 2 2 2
left_child=1 4 11 13 -1 6 -6 25 9 -9 19 21 -5 28 -15 -8 -11 18 -2 -10 -21 -3 -12 24 -13 -7 -19 -28 29 -4
right_child=17 2 3 12 5 7 15 8 10 16 22 23 -14 14 -16 -17 -18 26 -20 20 -22 -23 -24 -25 -26 -27 27 -29 -30 -31
leaf_value=7.2412833154201515 -6.7215481602868365 -4.4575694654179712 8.4967319225442832 -3.8635430985510943 2.3556910387861234 11.593076477050781 -2.1920765626399468 2.7146370113315061 10.358815147763208 -2.1345323221704651 0.42579668507472318 -8.7296385249576058 0.34814867020047841 0.31522409361852732 4.7735547261919296 -6.0617597289707348 -6.6723724424376973 -11.258102466214089 -2.2171626808513114 4.1456093905648395 7.7933781661651214 -1.7813265633647857 2.9405043132940132 -10.82737511528863 -5.2534648369098536 6.9172077950630486 -5.7626645561956593 -10.792025436893587 9.6449511692441749 3.8810433892491525
leaf_weight=256 258 348 87 301 480 70 288 480 63 384 401 148 288 355 350 276 129 62 238 349 227 368 398 72 319 262 310 62 58 313
leaf_count=256 258 348 87 301 480 70 288 480 63 384 401 148 288 355 350 276 129 62 238 349 227 368 398 72 319 262 310 62 58 313
internal_value=-1.13966e-08 0.765966 -0.904821 1.84554 2.0025 1.65022 -1.12417 2.69853 1.98775 -0.380031 3.6228 -4.74436 -1.80418 3.69393 2.52858 -4.08575 -3.27563 -5.82299 -4.56017 6.05402 5.58318 -3.08207 1.67843 -6.95253 -6.35512 7.90308 -7.26621 -6.60089 5.48775 4.88496
internal_weight=8000 7070 3007 1752 4063 3807 1044 2763 2431 993 1438 1255 589 1163 705 564 513 930 496 639 576 716 799 539 467 332 434 372 458 400
internal_count=8000 7070 3007 1752 4063 3807 1044 2763 2431 993 1438 1255 589 1163 705 564 513 930 496 639 576 716 799 539 467 332 434 372 458 400
is_linear=0
shrinkage=0.05


Tree=38
num_leaves=31
num_cat=0
split_feature=0 0 1 0 1 0 0 1 0 0 0 1 0 1 0 0 0 0 1 0 1 0 1 0 0 1 1 0 0 0
split_gain=1.29145e+07 4.09651e+06 1.13703e+07 4.58671e+06 3.98173e+06 4.46273e+06 2.96741e+06 6.5376e+06 3.0831e+06 2.03054e+06 1.64801e+06 1.53691e+06 1.23743e+06 1.49461e+06 827047 795152 718894 696143 668148 640707 584988 438128 431264 506296 430056 428573 414327 530804 351217 315036
threshold=8672.2250000000004 6923.324999999998 6517.5000000000009 7666.9416666666666 4564.0000000000009 4907.5666666666848 2541.0250000000005 2460.5000000000005 4249.9000000000078 3225.9166666666674 9397.0416666666752 7306.0000000000009 8039.5166666666673 7306.0000000000009 7399.6333333333287 6352.766666666671 3580.4416666666662 1939.4833333333343 5887.5000000000009 8269.7166666666617 5887.5000000000009 5380.7583333333478 7306.0000000000009 9904.2083333333339 3728.2416666666677 5887.5000000000009 7306.0000000000009 7519.7666666666673 6535.341666666669 7990.6166666666641
decision_type=2 2 2 2 2 2 2 2 2 2 2 2 2 2 2 2 2 2 2 2 2 2 2 2 2 2 2 2 2 2
left_child=1 4 3 14 5 6 17 9 16 -8 11 -2 26 -14 25 -6 -9 -1 -17 20 29 -7 -12 -24 -11 -3 27 -4 -20 -5
right_child=10 2 12 19 15 21 7 8 -10 24 22 -13 13 -15 -16 18 -18 -19 28 -21 -22 -23 23 -25 -26 -27 -28 -29 -30 -31
leaf_value=9.1714747548103333 -5.1326703857677254 -0.94814839371627435 8.7013232672392444 -6.0422392018636071 7.4393300231796751 -3.3342635018544069 -0.084209518995235821 10.151392726705533 0.66493278443355974 -4.3738027888517648 -10.167573914346818 -1.0658787013983468 -0.12498743464894646 4.121328124883699 -2.7026371277778982 2.5691078289291553 5.4203602550730992 4.4111273487408962 7.9806275661860671 -8.9161945857054814 -3.9467206954956056 -7.8789613577035755 -5.3207164078582956 -10.252424227806831 -9.1633355712890623 1.7181101231014027 9.1627035864468294 3.8237071960761742 4.5574464645385744 -10.073598831418963
leaf_weight=96 478 297 67 210 223 288 448 99 448 317 79 452 419 410 332 379 425 384 107 141 385 65 324 62 55 306 58 333 250 63
leaf_count=96 478 297 67 210 223 288 448 99 448 317 79 452 419 410 332 379 425 384 107 141 385 65 324 62 55 306 58 333 250 63
internal_value=2.49735e-09 0.923239 -0.433041 -3.07573 2.06647 1.05915 1.87177 0.936566 3.71042 -2.35147 -4.37132 -3.15612 3.1275 1.97512 -0.698539 4.82372 6.3142 5.3632 4.03122 -5.85754 -5.20212 -4.17111 -6.80172 -6.11286 -5.08193 0.404878 5.21336 4.64071 5.58344 -6.97255
internal_weight=8000 6605 3021 1734 3584 2625 2272 1792 972 820 1395 930 1287 829 935 959 524 480 736 799 658 353 465 386 372 603 458 400 357 273
internal_count=8000 6605 3021 1734 3584 2625 2272 1792 972 820 1395 930 1287 829 935 959 524 480 736 799 658 353 465 386 372 603 458 400 357 273
is_linear=0
shrinkage=0.05


Tree=39
num_leaves=31
num_cat=0
split_feature=0 0 1 0 0 1 0 0 1 0 0 0 1 0 0 1 0 0 1 0 0 1 0 0 1 0 0 1 0 1
split_gain=1.1753e+07 4.82561e+06 1.02511e+07 4.04438e+06 2.47659e+06 3.63024e+06 3.55061e+06 3.39521e+06 2.89876e+06 3.19e+06 2.2674e+06 1.52197e+06 1.05464e+06 723151 647332 1.08126e+06 627362 592874 783739 524856 504883 747927 552388 453922 431613 431146 422360 374557 373239 356856
threshold=9060.791666666677 7300.3166666666648 6517.5000000000009 8485.0083333333187 2187.9250000000006 2460.5000000000005 2979.941666666668 3883.9333333333329 4564.0000000000009 4623.1083333333481 6861.1749999999947 7729.6000000000013 7306.0000000000009 5231.2083333333494 7635.3916666666673 7306.0000000000009 3556.5916666666672 6248.4500000000025 5887.5000000000009 8362.0666666666602 9904.2083333333339 7306.0000000000009 9474.6416666666792 7978.8833333333341 5887.5000000000009 8138.4333333333288 6488.4666666666717 5887.5000000000009 2686.9083333333351 5887.5000000000009
decision_type=2 2 2 2 2 2 2 2 2 2 2 2 2 2 2 2 2 2 2 2 2 2 2 2 2 2 2 2 2 2
left_child=1 4 11 14 -1 6 28 -7 9 -9 17 27 -5 -11 -4 23 -8 -10 -19 24 21 -2 -23 -16 -13 -26 -20 -3 -6 -12
right_child=20 2 3 12 5 7 16 8 10 13 29 19 -14 -15 15 -17 -18 18 26 -21 -22 22 -24 -25 25 -27 -28 -29 -30 -31
leaf_value=6.5694062143564231 -7.0376537385534066 -3.6321133695127354 6.7759793788828748 -3.0502418645846814 2.9950518952310086 7.4600476392110195 -2.7119328891278629 2.766767436359078 8.0499540434108958 -1.6438647478062194 -0.4100331103530146 -7.0648091471667858 0.71543136250307438 -5.6359915869576591 3.5020603377539836 5.3181414980709727 -6.3999110137217148 2.8552903068065643 8.815955450020585 -9.5771550620474475 -9.7398028958228338 -2.2143435803761924 -5.4432457495915179 0.57614376760487052 -3.1305906383807844 -6.5721973092215409 4.9605225505991886 -1.0126679832001455 0.2065374693907264 2.0812251373145823
leaf_weight=256 305 269 141 379 320 300 363 480 127 384 286 227 365 161 222 347 169 400 102 82 62 249 283 329 260 140 234 277 192 289
leaf_count=256 305 269 141 379 320 300 363 480 127 384 286 227 365 161 222 347 169 400 102 82 62 249 283 329 260 140 234 277 192 289
internal_value=6.06416e-09 0.681899 -0.825457 1.61128 1.80898 1.48887 -1.02294 2.43796 1.82625 -0.205454 3.27445 -4.28737 -1.20283 -2.82319 3.62639 3.13185 -3.88349 4.89508 4.35069 -5.81537 -5.38616 -5.06367 -3.93197 1.75501 -5.3234 -4.33515 6.13092 -2.3032 1.94936 0.842095
internal_weight=8000 7101 3038 1783 4063 3807 1044 2763 2463 1025 1438 1255 744 545 1039 898 532 863 736 709 899 837 532 551 627 400 336 546 512 575
internal_count=8000 7101 3038 1783 4063 3807 1044 2763 2463 1025 1438 1255 744 545 1039 898 532 863 736 709 899 837 532 551 627 400 336 546 512 575
is_linear=0
shrinkage=0.05


Tree=40
num_leaves=31
num_cat=0
split_feature=0 0 1 0 0 1 0 1 0 0 0 1 1 0 0 1 0 1 0 1 0 1 0 1 0 0 0 0 0 1
split_gain=1.06128e+07 4.20716e+06 9.58647e+06 2.95089e+06 2.32529e+06 3.21378e+06 3.35068e+06 3.05365e+06 2.97481e+06 2.76739e+06 1.92638e+06 1.42232e+06 850324 870043 835245 675202 563439 770047 547562 545609 538800 621999 483004 461998 449367 443584 421421 384984 384072 369190
threshold=9012.5166666666719 7505.1083333333354 6517.5000000000009 8601.8583333333281 2232.9666666666676 2460.5000000000005 4142.9750000000058 4564.0000000000009 3065.5833333333344 6861.1749999999947 4956.1000000000176 6517.5000000000009 7306.0000000000009 7966.8583333333308 8052.9916666666641 7306.0000000000009 9424.9083333333456 7306.0000000000009 3535.7000000000003 5887.5000000000009 6197.7833333333338 5887.5000000000009 3655.2833333333319 5887.5000000000009 2741.0583333333348 4430.341666666679 8089.3999999999951 6535.341666666669 1883.1833333333338 7306.0000000000009
decision_type=2 2 2 2 2 2 2 2 2 2 2 2 2 2 2 2 2 2 2 2 2 2 2 2 2 2 2 2 2 2
left_child=1 4 14 12 28 8 18 10 24 20 25 23 13 -4 19 -5 17 -2 -7 -3 -9 -22 -10 -11 -6 -8 -14 -23 -1 -18
right_child=16 2 3 15 5 6 7 9 22 11 -12 -13 26 -15 -16 -17 29 -19 -20 -21 21 27 -24 -25 -26 -27 -28 -29 -30 -31
leaf_value=9.3855972528457645 -5.666598959038728 -5.1880735148789192 3.8867893057900504 -3.4025870210153091 2.5940617400407793 10.132850799560547 2.7491987816989423 8.202521165546619 -3.1973854016736558 -1.0807588010793552 -4.0682517049468565 8.2400380890944902 7.6584654965243502 0.34038870555590484 -6.9464312402328652 0.17791429651730806 -9.8349358097199477 -1.8410091110221718 5.330165387178079 -2.3961219277780406 2.9560133350944078 7.8768003772286805 -7.0880843218635112 1.2840656341657706 -0.32585771319655971 -0.238490441895225 3.81902363235886 4.4287269783020022 4.9936331484998977 -5.6674643185830895
leaf_weight=64 274 353 296 270 320 70 192 95 366 400 321 58 91 416 303 257 62 253 390 347 432 136 102 427 224 352 333 200 224 372
leaf_count=64 274 353 296 270 320 70 192 95 366 400 321 58 91 416 303 257 62 253 390 347 432 136 102 427 224 352 333 200 224 372
internal_value=-4.86421e-10 0.672892 -0.892663 1.43582 1.62733 1.32119 2.126 1.43327 -1.12265 2.63566 -0.996545 0.67109 2.87038 1.81474 -4.75335 -1.6565 -4.92871 -3.83003 6.06101 -3.80406 4.65032 4.21092 -4.04536 0.140257 1.39174 0.815988 4.64305 5.82438 5.96963 -6.26282
internal_weight=8000 7039 2666 1663 4373 4085 3073 2613 1012 1748 865 885 1136 712 1003 527 961 527 460 700 863 768 468 827 544 544 424 336 288 434
internal_count=8000 7039 2666 1663 4373 4085 3073 2613 1012 1748 865 885 1136 712 1003 527 961 527 460 700 863 768 468 827 544 544 424 336 288 434
is_linear=0
shrinkage=0.05


Tree=41
num_leaves=31
num_cat=0
split_feature=0 0 1 0 0 1 0 0 1 0 0 0 1 0 0 1 0 0 1 0 1 0 0 1 1 0 1 0 0 0
split_gain=9.59402e+06 3.96317e+06 8.40792e+06 3.35207e+06 2.02979e+06 2.78169e+06 3.1316e+06 2.79553e+06 2.39599e+06 2.59846e+06 1.8349e+06 1.25965e+06 982138 630730 590560 472260 949260 453077 690009 380669 515537 365485 362376 357473 353171 359695 335436 317442 298193 279213
threshold=9060.791666666677 7300.3166666666648 6517.5000000000009 8410.208333333323 2144.4500000000012 2460.5000000000005 2929.0083333333328 3883.9333333333329 4564.0000000000009 4623.1083333333481 6691.083333333333 7870.7083333333294 7306.0000000000009 5333.5083333333487 3377.7833333333342 7306.0000000000009 7775.8333333333367 9865.0666666666693 7306.0000000000009 6153.1166666666677 5887.5000000000009 8393.2249999999931 9474.6416666666792 5887.5000000000009 5887.5000000000009 8138.4333333333288 5887.5000000000009 3512.3666666666663 4392.9000000000133 2592.4916666666672
decision_type=2 2 2 2 2 2 2 2 2 2 2 2 2 2 2 2 2 2 2 2 2 2 2 2 2 2 2 2 2 2
left_child=1 4 11 15 -1 6 29 27 9 28 19 23 -5 -11 -8 16 -4 18 -2 -10 -21 24 -20 -3 -13 -26 -12 -7 -9 -6
right_child=17 2 3 12 5 7 14 8 10 13 26 21 -14 -15 -16 -17 -18 -19 22 20 -22 -23 -24 -25 25 -27 -28 -29 -30 -31
leaf_value=6.2640555833067211 -6.3600744428790987 -3.6845403110279755 5.3626036875048406 -2.4847603550504171 3.0716306471162373 10.27567846910009 -1.775375638705575 3.369005757570267 8.6562837873186389 -1.7658407428436995 0.35113975718951879 -7.3994936030545677 0.91283896191130109 -6.2128206076081263 -5.0119894718778308 5.1906356902659558 1.3358835347218312 -8.1708442031696276 -1.9908300928322669 3.3562215188000466 6.4173773122779068 -9.4711908372782059 -4.6803125706930011 -1.4768673592284125 -2.7011693769693377 -6.0383862571482281 2.4001047887769178 6.0110961960394853 0.7253551273536869 0.7179225287549863
leaf_weight=224 305 357 227 432 288 53 288 320 63 448 401 139 419 97 276 293 412 93 249 349 227 59 252 377 160 163 398 247 160 224
leaf_count=224 305 357 227 432 288 53 288 320 63 448 401 139 419 97 276 293 412 93 249 349 227 59 252 377 160 163 398 247 160 224
internal_value=4.02568e-09 0.616092 -0.749941 1.45688 1.63751 1.36755 -0.789194 2.20746 1.6524 -0.194733 2.96903 -3.88521 -0.811912 -2.55732 -3.35925 3.52849 2.76635 -4.86637 -4.48508 4.96622 4.56261 -5.7654 -3.34362 -2.55063 -5.29215 -4.38528 1.37178 6.76451 2.48779 2.04188
internal_weight=8000 7101 3038 1783 4063 3839 1076 2763 2463 1025 1438 1255 851 545 564 932 639 899 806 639 576 521 501 734 462 323 799 300 480 512
internal_count=8000 7101 3038 1783 4063 3839 1076 2763 2463 1025 1438 1255 851 545 564 932 639 899 806 639 576 521 501 734 462 323 799 300 480 512
is_linear=0
shrinkage=0.05


Tree=42
num_leaves=31
num_cat=0
split_feature=0 0 1 0 1 0 1 0 0 0 0 0 0 1 1 0 0 1 0 0 1 1 0 1 1 0 0 0 0 1
split_gain=8.72509e+06 2.71704e+06 3.05521e+06 9.26409e+06 3.91882e+06 2.66751e+06 2.49873e+06 2.13297e+06 1.75228e+06 1.39965e+06 1.16624e+06 834657 764170 984396 693551 524087 487981 434037 425627 417824 408998 360674 605741 325244 313238 371500 302903 289477 253446 287714
threshold=8651.9749999999967 2541.0250000000005 6517.5000000000009 7399.6333333333287 2460.5000000000005 4086.0750000000025 4564.0000000000009 6884.0999999999949 4956.1000000000176 3284.7916666666674 9194.033333333331 8005.8666666666595 8027.6666666666606 7306.0000000000009 7306.0000000000009 1883.1833333333338 6352.766666666671 5887.5000000000009 4430.341666666679 3535.7000000000003 5887.5000000000009 7306.0000000000009 9778.2416666666686 5887.5000000000009 7306.0000000000009 7519.7666666666673 3728.2416666666677 5380.7583333333478 8410.208333333323 5887.5000000000009
decision_type=2 2 2 2 2 2 2 2 2 2 2 2 2 2 2 2 2 2 2 2 2 2 2 2 2 2 2 2 2 2
left_child=1 15 3 4 9 19 8 16 18 -3 14 20 24 -14 -2 -1 -8 -18 -7 -6 -5 -12 -23 -9 25 -4 -11 -10 29 -13
right_child=10 2 12 11 5 6 7 23 27 26 21 28 13 -15 -16 -17 17 -19 -20 -21 -22 22 -24 -25 -26 -27 -28 -29 -30 -31
leaf_value=8.6031151056289676 -3.6296565339091043 -0.18992762155830861 7.2765643219449636 -4.2704531143109001 9.1642081342424664 2.6044815259320395 6.183789746536803 -0.70747219826254792 -2.9527670267969373 -3.7273460622419394 -6.7335135123579981 -8.7946135087446731 0.046718054083970992 3.5221939443658901 -0.50945277145708445 3.7428978830575943 2.265693470899548 4.8093355717866322 -0.18356835794441972 4.9404581666658709 -1.9642477370556688 -3.1064127267256083 -6.8593336732925909 1.5013024320700303 8.1266721452985493 3.1876003526540906 -7.7801697817715736 -6.6891601679875299 -9.4112789154052745 -4.8127689729786294
leaf_weight=64 367 480 67 384 70 224 223 326 256 285 207 55 410 405 346 416 350 322 352 358 385 351 155 341 49 325 55 65 48 259
leaf_count=64 367 480 67 384 70 224 223 326 256 285 207 55 410 405 346 416 350 322 352 358 385 351 155 341 49 325 55 65 48 259
internal_value=1.1535e-09 0.769051 0.48377 -0.0866588 1.12187 1.98828 1.3542 2.56203 -0.74907 -1.9285 -3.5454 -4.04778 2.68101 1.7738 -2.1155 4.39093 4.15708 3.48452 0.900673 5.63126 -3.11585 -4.97529 -4.25602 0.421751 4.35761 3.88648 -4.38295 -3.70936 -6.02749 -5.51023
internal_weight=8000 6574 6094 4838 3707 2887 2459 1562 897 820 1426 1131 1256 815 713 480 895 672 576 428 769 713 506 667 441 392 340 321 362 314
internal_count=8000 6574 6094 4838 3707 2887 2459 1562 897 820 1426 1131 1256 815 713 480 895 672 576 428 769 713 506 667 441 392 340 321 362 314
is_linear=0
shrinkage=0.05


Tree=43
num_leaves=31
num_cat=0
split_feature=0 0 1 0 1 0 1 0 0 0 0 1 0 0 1 0 1 0 1 0 0 0 1 0 1 0 1 0 0 0
split_gain=7.8744e+06 2.45213e+06 2.75733e+06 8.36084e+06 3.53673e+06 2.4109e+06 2.41664e+06 1.92501e+06 1.46311e+06 1.26319e+06 1.072e+06 864302 761270 691224 836960 480263 476650 446320 557316 404159 357328 341618 323114 387432 294626 356460 293532 273370 248635 225235
threshold=8651.9749999999967 2541.0250000000005 6517.5000000000009 7399.6333333333287 2460.5000000000005 4142.9750000000058 4564.0000000000009 6884.0999999999949 5018.1500000000169 3284.7916666666674 9372.0250000000069 7306.0000000000009 8052.9916666666641 8039.5166666666673 7306.0000000000009 1991.7833333333344 5887.5000000000009 6248.4500000000025 5887.5000000000009 3535.7000000000003 4477.5166666666782 6488.4666666666717 7306.0000000000009 9815.8500000000004 7306.0000000000009 7569.2416666666659 5887.5000000000009 3728.2416666666677 2835.2916666666683 5380.7583333333478
decision_type=2 2 2 2 2 2 2 2 2 2 2 2 2 2 2 2 2 2 2 2 2 2 2 2 2 2 2 2 2 2
left_child=1 15 3 4 9 19 8 17 20 28 11 -2 16 24 -15 -1 -5 -8 -19 -6 -7 -20 -12 -24 25 -4 -9 -11 -3 -10
right_child=10 2 13 12 5 6 7 26 29 27 22 -13 -14 14 -16 -17 -18 18 21 -21 -22 -23 23 -25 -26 -27 -28 -29 -30 -31
leaf_value=6.7941220343112949 -3.8460102288359646 1.2132916709640995 6.2325626022961673 -4.2719718072472546 8.7059981373378204 2.1573598285737847 6.6949689759982851 -0.67209857873664314 -3.0115485915115903 -3.5409788543299627 -7.8672242656506999 -0.79609103252834534 -5.9897739013822955 0.051194321006462352 3.2898385876356957 3.2176563254811548 -1.8725590063767001 2.2594382515056526 7.400443174324784 4.5798596254984538 -0.39722073284786102 3.9649103141692752 -3.5843251854934417 -6.9470339221339081 7.4255970790468417 2.7620872725960832 1.4262373270636255 -7.3911608331853706 -1.1095798471011222 -6.3547021719125603
leaf_weight=128 479 192 98 410 70 224 127 326 224 285 95 451 303 402 396 352 418 417 102 390 352 249 277 124 58 302 341 55 288 65
leaf_count=128 479 192 98 410 70 224 127 326 224 285 95 451 303 402 396 352 418 417 102 390 352 249 277 124 58 302 341 55 288 65
internal_value=-1.57309e-09 0.730598 0.459582 -0.0823258 1.06578 1.88886 1.25982 2.43393 -0.860365 -1.83207 -3.36813 -2.36696 -3.84539 2.54696 1.65834 4.17138 -3.06067 3.94922 3.49517 5.20775 0.596227 4.96327 -5.24532 -4.62417 4.09525 3.61235 0.400664 -4.1638 -0.180431 -3.76347
internal_weight=8000 6574 6094 4838 3707 2887 2427 1562 865 820 1426 930 1131 1256 798 480 828 895 768 460 576 351 496 401 458 400 667 340 480 289
internal_count=8000 6574 6094 4838 3707 2887 2427 1562 865 820 1426 930 1131 1256 798 480 828 895 768 460 576 351 496 401 458 400 667 340 480 289
is_linear=0
shrinkage=0.05


Tree=44
num_leaves=31
num_cat=0
split_feature=0 0 1 0 0 1 0 0 1 0 0 1 1 0 0 1 0 0 0 1 0 1 1 0 0 1 0 0 0 0
split_gain=7.16452e+06 2.9219e+06 6.27489e+06 2.18945e+06 1.58573e+06 1.88589e+06 2.33372e+06 2.24615e+06 1.42644e+06 1.90859e+06 1.84296e+06 1.01345e+06 578771 596423 558759 500043 476434 450130 406654 359008 357846 471027 352481 336205 312749 305018 251115 234147 215389 209526
threshold=9060.791666666677 7505.1083333333354 6517.5000000000009 8601.8583333333281 2144.4500000000012 2460.5000000000005 2929.0083333333328 3883.9333333333329 4564.0000000000009 4623.1083333333481 6884.0999999999949 6517.5000000000009 7306.0000000000009 7906.6166666666659 8052.9916666666641 7306.0000000000009 5124.8416666666817 3607.0999999999999 6352.766666666671 5887.5000000000009 9904.2083333333339 7306.0000000000009 5887.5000000000009 9527.6166666666813 8089.3999999999951 5887.5000000000009 9448.7250000000113 3512.3666666666663 1827.0166666666669 4392.9000000000133
decision_type=2 2 2 2 2 2 2 2 2 2 2 2 2 2 2 2 2 2 2 2 2 2 2 2 2 2 2 2 2 2
left_child=1 4 14 12 28 6 -6 27 9 29 18 25 13 -4 19 -5 -11 -8 -10 -3 21 26 -20 -23 -14 -12 -2 -7 -1 -9
right_child=20 2 3 15 5 7 17 8 10 16 11 -13 24 -15 -16 -17 -18 -19 22 -21 -22 23 -24 -25 -26 -27 -28 -29 -30 -31
leaf_value=9.229021048545837 -4.9112700941005434 -4.2427786456964514 3.4082215375678491 -2.8220850130252266 1.7547091594875384 8.8683847679282142 -2.1116213777494206 2.8551813553273679 5.6018971831541968 -0.96770897238282494 -0.97749634778161121 6.8844495707544784 6.419643075125558 0.39764740501903817 -5.6902851797173133 0.092333023304430162 -3.9703495873345269 -5.41370000558741 2.039436873444489 -1.9780347303286068 -7.8705791104224421 -1.8611335002200704 4.3316801059320111 -4.3807990666358698 3.112081881686374 0.98255934171306292 -8.9945558721368979 5.205791114312917 4.7982399026552836 0.63915471397456713
leaf_weight=32 261 353 258 301 512 53 428 320 223 320 383 58 91 454 303 288 225 136 350 347 62 284 322 248 333 412 44 247 192 160
leaf_count=32 261 353 258 301 512 53 428 320 223 320 383 58 91 454 303 288 225 136 350 347 62 284 322 248 333 412 44 247 192 160
internal_value=6.20228e-09 0.532401 -0.751733 1.07682 1.33348 1.11225 -0.689244 1.74303 1.29841 -0.18251 2.1668 0.503788 2.35948 1.48856 -3.89655 -1.39704 -2.20733 -2.90787 3.75176 -3.12011 -4.20531 -3.93381 3.1378 -3.03571 3.82196 0.0382809 -5.50033 5.85285 5.43121 2.11651
internal_weight=8000 7101 2728 1725 4373 4149 1076 3073 2773 1025 1748 853 1136 712 1003 589 545 564 895 700 899 837 672 532 424 795 305 300 224 480
internal_count=8000 7101 2728 1725 4373 4149 1076 3073 2773 1025 1748 853 1136 712 1003 589 545 564 895 700 899 837 672 532 424 795 305 300 224 480
is_linear=0
shrinkage=0.05


Tree=45
num_leaves=31
num_cat=0
split_feature=0 0 1 0 0 1 0 0 1 0 0 1 0 0 0 1 1 1 0 0 0 1 0 0 0 0 0 1 0 0
split_gain=6.46598e+06 2.6488e+06 5.56598e+06 1.86826e+06 1.46095e+06 2.04668e+06 2.07273e+06 1.68607e+06 1.31253e+06 847097 759310 1.15034e+06 1.59126e+06 727300 643223 594832 588526 451289 435659 417510 322956 425102 320563 303425 289492 285309 282256 267231 297131 269315
threshold=9060.791666666677 7569.2416666666659 6517.5000000000009 8601.8583333333281 2284.191666666668 2460.5000000000005 3883.9333333333329 3065.5833333333344 5887.5000000000009 6580.9916666666695 4392.9000000000133 4564.0000000000009 6884.0999999999949 5018.1500000000169 6248.4500000000025 7306.0000000000009 6517.5000000000009 7306.0000000000009 8345.8333333333303 7978.8833333333341 9904.2083333333339 7306.0000000000009 3702.2749999999987 9527.6166666666813 6905.2083333333312 1883.1833333333338 8089.3999999999951 5887.5000000000009 7939.3499999999967 8155.8666666666631
decision_type=2 2 2 2 2 2 2 2 2 2 2 2 2 2 2 2 2 2 2 2 2 2 2 2 2 2 2 2 2 2
left_child=1 4 18 15 25 7 -7 -6 10 -10 -8 13 14 -12 -13 19 24 -5 27 -4 21 -2 -9 -23 -11 -1 -17 28 -3 -29
right_child=20 2 3 17 5 6 8 22 9 16 11 12 -14 -15 -16 26 -18 -19 -20 -21 -22 23 -24 -25 -26 -27 -28 29 -30 -31
leaf_value=7.4825714349746706 -5.2253175735473638 -3.6653314213792818 2.783689765210422 -2.6809807672849129 0.97495546580030357 5.5602067241668705 2.7124222703278065 -2.6329138204866185 5.9707567248824081 3.0560873670578008 -0.1447042136748608 6.0801258387528065 -1.1078806439722892 -3.4100252385782945 2.0158752076059794 6.0986609406523655 5.647655409209583 0.087716369718934095 -7.1772167457329052 0.23352724531990376 -7.4770503628638485 -1.7680768241345044 -6.3238678752512172 -4.1617591419527606 0.75523050431144878 3.7501334913074973 2.9564777889767209 -2.1257663371977746 -6.9365665124387164 -4.8498511695861817
leaf_weight=64 305 238 265 301 512 300 320 399 169 200 416 127 429 289 417 91 98 288 91 407 62 284 69 248 432 256 333 372 98 120
leaf_count=64 305 238 265 301 512 300 320 399 169 200 416 127 429 289 417 91 98 288 91 407 62 284 69 248 432 256 333 372 98 120
internal_value=-2.29995e-09 0.505781 -0.763261 0.943914 1.24062 0.99118 1.60396 -1.00786 1.19427 2.78087 0.480378 0.0547204 1.16908 -1.48325 2.9647 2.16442 2.04239 -1.32719 -3.89339 1.23917 -3.99505 -3.73712 -3.17709 -2.88393 1.48335 4.49662 3.63086 -3.53249 -4.61944 -2.79018
internal_weight=8000 7101 2604 1685 4497 4177 3197 980 2897 899 1998 1678 973 705 544 1096 730 589 919 672 899 837 468 532 632 320 424 828 336 492
internal_count=8000 7101 2604 1685 4497 4177 3197 980 2897 899 1998 1678 973 705 544 1096 730 589 919 672 899 837 468 532 632 320 424 828 336 492
is_linear=0
shrinkage=0.05


Tree=46
num_leaves=31
num_cat=0
split_feature=0 0 1 0 0 1 0 0 1 0 0 0 1 0 0 0 1 0 1 0 0 1 1 0 1 0 0 0 1 1
split_gain=5.83981e+06 2.29151e+06 5.28491e+06 1.85432e+06 1.25272e+06 1.7274e+06 1.92184e+06 1.69178e+06 1.52578e+06 1.57726e+06 1.07154e+06 919207 531718 395092 382674 376988 424874 314383 295930 584833 270604 356276 251385 250049 242629 251867 211318 206725 195196 185898
threshold=8991.225000000004 7275.2083333333312 6517.5000000000009 8393.2249999999931 2144.4500000000012 2460.5000000000005 2929.0083333333328 3883.9333333333329 4564.0000000000009 4672.4666666666826 6691.083333333333 7715.9583333333348 7306.0000000000009 5333.5083333333487 3462.3250000000003 9424.9083333333456 7306.0000000000009 8393.2249999999931 7306.0000000000009 7775.8333333333367 6153.1166666666677 5887.5000000000009 7306.0000000000009 9904.2083333333339 5887.5000000000009 8155.8666666666631 3512.3666666666663 4392.9000000000133 5887.5000000000009 5887.5000000000009
decision_type=2 2 2 2 2 2 2 2 2 2 2 2 2 2 2 2 2 2 2 2 2 2 2 2 2 2 2 2 2 2
left_child=1 4 11 18 -1 6 -6 26 9 27 20 28 -5 -11 -8 16 -2 24 19 -4 -10 -22 -17 -24 -13 -26 -7 -9 -3 -12
right_child=15 2 3 12 5 7 14 8 10 13 29 17 -14 -15 -16 22 -18 -19 -20 -21 21 -23 23 -25 25 -27 -28 -29 -30 -31
leaf_value=4.9188210981232778 -4.0573001328830065 -2.388378835776273 4.2459052207711512 -1.7831333329545389 1.5922086540296734 8.1469545904195524 -1.5462354683837773 2.5768011824786665 6.9954309251573354 -1.454137276552725 0.34504982638519954 -5.1102262949539448 0.83156206061263915 -4.9977438484270555 -4.1912754214372763 -7.6434287778792838 -1.2957633713176893 -7.6270710185422734 4.162931471139613 1.06990424974861 2.5410588873854514 5.0858309380283444 -3.6248130476859313 -7.1031978238013487 -2.2339622737668083 -4.7589226371363589 4.6674912055011708 0.50152458146524925 -0.51586217378184462 1.9009943177014355
leaf_weight=224 290 272 227 396 512 53 331 320 63 416 389 236 382 97 233 62 268 59 284 401 349 227 310 62 282 152 247 192 285 379
leaf_count=224 290 272 227 396 512 53 331 320 63 416 389 236 382 97 233 62 268 59 284 401 349 227 310 62 282 152 247 192 285 379
internal_value=1.47118e-09 0.508257 -0.544134 1.29388 1.28502 1.07127 -0.625614 1.73959 1.30259 -0.164715 2.37152 -2.95957 -0.499311 -2.12418 -2.63896 -3.59059 -2.73097 -4.12804 2.8236 2.21792 3.88423 3.54395 -4.69581 -4.20454 -3.81992 -3.11828 5.2822 1.79857 -1.43027 1.11289
internal_weight=8000 7008 2976 1690 4032 3808 1076 2732 2432 1025 1407 1286 778 513 564 992 558 729 912 628 639 576 434 372 670 434 300 512 557 768
internal_count=8000 7008 2976 1690 4032 3808 1076 2732 2432 1025 1407 1286 778 513 564 992 558 729 912 628 639 576 434 372 670 434 300 512 557 768
is_linear=0
shrinkage=0.05


Tree=47
num_leaves=31
num_cat=0
split_feature=0 0 1 0 0 1 0 1 0 0 0 0 0 1 1 0 0 0 1 0 0 0 0 0 1 0 1 0 1 0
split_gain=5.28762e+06 1.89274e+06 5.31679e+06 1.26361e+06 1.13995e+06 2.0121e+06 1.53753e+06 1.34383e+06 1.43056e+06 1.26684e+06 1.00371e+06 739315 485838 473503 383713 303342 283731 280228 383346 280448 268932 268372 262797 244220 321539 240507 226875 225670 218972 227310
threshold=8867.5666666666675 7300.3166666666648 6517.5000000000009 8393.2249999999931 2344.2250000000013 2460.5000000000005 3883.9333333333329 4564.0000000000009 4761.9500000000189 3180.0083333333337 6691.083333333333 7715.9583333333348 9424.9083333333456 7306.0000000000009 7306.0000000000009 5333.5083333333487 8393.2249999999931 7505.1083333333354 7306.0000000000009 7870.7083333333294 2741.0583333333348 1883.1833333333338 4392.9000000000133 6153.1166666666677 5887.5000000000009 3728.2416666666677 7306.0000000000009 9904.2083333333339 5887.5000000000009 8155.8666666666631
decision_type=2 2 2 2 2 2 2 2 2 2 2 2 2 2 2 2 2 2 2 2 2 2 2 2 2 2 2 2 2 2
left_child=1 4 11 17 21 9 -7 8 22 20 23 -3 13 -2 -5 -10 28 -4 19 -19 -6 -1 -8 -9 -25 -11 -14 -28 -13 -30
right_child=12 2 3 14 5 6 7 10 15 25 -12 16 26 -15 -16 -17 -18 18 -20 -21 -22 -23 -24 24 -26 -27 27 -29 29 -31
leaf_value=6.8625020682811737 -3.5763278249139092 -1.4621241456846716 6.0455491953882685 -1.4659787665887012 1.7231914601987228 5.0180866508483888 2.447961115986109 6.6456592196509945 -1.5899281585589051 -2.6677764788739662 1.0315603152835959 -4.8547149682449087 -7.2612571470199088 -0.99717977857081042 1.0159350477443259 -4.7478565078420738 -7.2457178988699189 3.0498044166730081 3.954784880557531 0.79074576946368968 -0.50408770474152542 3.2829889115360049 0.29866304519382542 2.4140059618220633 4.8315393893204082 -6.2251609316739174 -3.4435723560087141 -6.7480380642798643 -2.1222641573201684 -4.5209764330010662
leaf_weight=64 371 526 58 315 256 300 320 63 352 349 799 236 62 342 308 97 59 231 284 339 288 288 256 349 227 55 310 62 282 152
leaf_count=64 371 526 58 315 256 300 320 63 352 349 799 236 62 342 308 97 59 231 284 339 288 288 256 349 227 55 310 62 282 152
internal_value=4.20615e-09 0.525892 -0.476868 1.49674 1.21447 0.956534 1.6385 1.22686 -0.15648 -1.0311 2.21289 -2.8908 -3.14205 -2.3392 -0.238965 -2.27215 -3.92164 2.68242 2.45401 1.70626 0.544044 3.93381 1.49272 3.69002 3.36675 -3.15207 -4.46102 -3.99432 -3.62892 -2.96237
internal_weight=8000 6853 2790 1535 4063 3711 2763 2463 1025 948 1438 1255 1147 713 623 449 729 912 854 570 544 352 576 639 576 404 434 372 670 434
internal_count=8000 6853 2790 1535 4063 3711 2763 2463 1025 948 1438 1255 1147 713 623 449 729 912 854 570 544 352 576 639 576 404 434 372 670 434
is_linear=0
shrinkage=0.05


Tree=48
num_leaves=31
num_cat=0
split_feature=0 0 1 0 0 1 0 0 1 0 0 1 0 1 0 0 1 0 1 0 0 0 1 1 0 1 0 0 0 0
split_gain=4.80188e+06 1.9651e+06 4.25055e+06 1.517e+06 1.06934e+06 1.19106e+06 1.68873e+06 1.48148e+06 1.23615e+06 1.21824e+06 1.07099e+06 655203 394683 379227 417040 355964 331158 300746 276196 255249 249871 238655 389544 237390 233874 224472 188807 186141 160214 146981
threshold=9060.791666666677 7489.3916666666692 6517.5000000000009 8601.8583333333281 2101.3583333333349 2460.5000000000005 2879.7666666666669 4033.2000000000021 4564.0000000000009 6884.0999999999949 4956.1000000000176 6517.5000000000009 8066.9666666666653 7306.0000000000009 7906.6166666666659 3436.641666666666 7306.0000000000009 6352.766666666671 5887.5000000000009 4477.5166666666782 3512.3666666666663 9815.8500000000004 7306.0000000000009 5887.5000000000009 8077.6000000000013 5887.5000000000009 9448.7250000000113 5380.7583333333478 7922.9666666666617 8410.208333333323
decision_type=2 2 2 2 2 2 2 2 2 2 2 2 2 2 2 2 2 2 2 2 2 2 2 2 2 2 2 2 2 2
left_child=1 4 12 13 -1 6 -6 20 10 17 19 25 18 14 -4 -8 -5 -10 28 -9 -7 22 26 -19 -15 -11 -2 -12 -3 -14
right_child=21 2 3 16 5 7 15 8 9 11 27 -13 29 24 -16 -17 -18 23 -20 -21 -22 -23 -24 -25 -26 -27 -28 -29 -30 -31
leaf_value=4.7469077825546266 -3.9976867668473406 -2.9375831644442396 2.8270903238609657 -2.3218498109583048 1.6326328984912835 7.4887026085043864 -1.2582061704636684 1.8586775539184197 4.6768476717675211 -0.81244236517792201 -2.1844919510302137 6.0882375796635948 -4.2243693173673647 5.5451429227503333 0.33976637037585816 -3.7401645458810702 0.049884648505313739 1.6563974703124591 -1.5734041120836644 -0.19311284484923819 3.799859678084927 -5.4794369420697615 -2.2139046465605499 3.5375510843644231 2.5719450744271977 0.89150262420484805 -7.538327997381038 -5.1806680620633649 -5.4018720981686617 -7.2542118072509769
leaf_weight=192 261 283 268 301 512 53 350 288 223 374 256 48 241 82 454 246 288 350 366 320 343 124 470 322 342 400 44 65 86 48
leaf_count=192 261 283 268 301 512 53 350 288 223 374 256 48 241 82 454 246 288 350 366 320 343 124 470 322 342 400 44 65 86 48
internal_value=-2.86031e-09 0.435864 -0.607585 0.900122 1.09889 0.930118 -0.473416 1.44133 1.01447 1.80941 -0.454758 0.419687 -3.16215 1.96005 1.26304 -2.28264 -1.16216 3.08577 -2.54662 0.778788 4.29357 -3.44279 -3.11693 2.55778 3.14695 0.0681494 -4.50847 -2.79119 -3.51192 -4.7276
internal_weight=8000 7101 2759 1735 4342 4150 1108 3042 2646 1717 929 822 1024 1146 722 596 589 895 735 608 396 899 775 672 424 774 305 321 369 289
internal_count=8000 7101 2759 1735 4342 4150 1108 3042 2646 1717 929 822 1024 1146 722 596 589 895 735 608 396 899 775 672 424 774 305 321 369 289
is_linear=0
shrinkage=0.05


Tree=49
num_leaves=31
num_cat=0
split_feature=0 0 1 0 1 0 1 0 0 0 0 0 0 1 1 0 0 0 1 0 1 0 1 1 0 1 1 0 0 0
split_gain=4.33726e+06 1.41372e+06 1.54568e+06 4.62286e+06 2.00693e+06 1.32849e+06 887878 1.25774e+06 1.03824e+06 703622 609711 416648 402467 475674 360073 344440 288875 273043 335978 260018 206083 298469 192397 188518 202939 178746 160568 246750 159789 151811
threshold=8651.9749999999967 2541.0250000000005 6517.5000000000009 7399.6333333333287 2460.5000000000005 3839.2833333333342 4564.0000000000009 4576.0750000000126 6884.0999999999949 3330.0666666666671 9275.4083333333347 8005.8666666666595 8027.6666666666606 7306.0000000000009 7306.0000000000009 5231.2083333333494 1883.1833333333338 6248.4500000000025 5887.5000000000009 6413.8916666666692 7306.0000000000009 9670.1833333333452 5887.5000000000009 7306.0000000000009 7653.0999999999976 5887.5000000000009 5887.5000000000009 8173.3416666666626 3754.0499999999984 3485.9666666666658
decision_type=2 2 2 2 2 2 2 2 2 2 2 2 2 2 2 2 2 2 2 2 2 2 2 2 2 2 2 2 2 2
left_child=1 16 3 4 9 29 7 -7 17 -3 14 22 23 -14 -2 -9 -1 -8 -19 -20 -12 -22 -5 24 -4 -10 -13 -28 -11 -6
right_child=10 2 12 11 5 6 8 15 25 28 20 26 13 -15 -16 -17 -18 18 19 -21 21 -23 -24 -25 -26 -27 27 -29 -30 -31
leaf_value=6.2820312917232517 -2.6212721329380351 -0.26252694297872953 4.1724175446952874 -3.0009128960470361 7.8278093174525667 1.8332214443602912 5.0790831723551122 -0.87092092104363616 -0.51170519237095691 -2.8596591161798548 -5.2241726255416872 -6.7540772316672593 0.040350060820034367 2.4562772757918747 -0.50686025106807231 -3.5945928520297414 2.6736762801041971 1.6168807595124026 6.7749386294134739 3.1107507354163477 -1.9373311127225561 -4.4886531056346985 -1.419168305658288 6.0400005729831001 1.8402990037053202 1.1257350110675584 -1.8824666454970282 -4.8572859115600586 -6.3226042094983557 4.2961654957783582
leaf_weight=64 414 512 153 384 35 480 127 416 326 270 160 55 410 405 392 161 416 417 58 293 243 217 385 49 239 341 107 200 38 233
leaf_count=64 414 512 153 384 35 480 127 416 326 270 160 55 410 405 392 161 416 417 58 293 243 217 385 49 239 341 107 200 38 233
internal_value=4.68646e-09 0.542223 0.336441 -0.0692918 0.784422 1.40444 1.06134 -0.0577921 1.81865 -1.39851 -2.4997 -2.86745 1.89929 1.2409 -1.59292 -1.63091 3.15479 2.93149 2.57635 3.71623 -3.67851 -3.14089 -2.20901 3.11603 2.75054 0.325427 -4.26618 -3.82046 -3.28691 4.75739
internal_weight=8000 6574 6094 4838 3707 2887 2619 1057 1562 820 1426 1131 1256 815 806 577 480 895 768 351 620 460 769 441 392 667 362 307 308 268
internal_count=8000 6574 6094 4838 3707 2887 2619 1057 1562 820 1426 1131 1256 815 806 577 480 895 768 351 620 460 769 441 392 667 362 307 308 268
is_linear=0
shrinkage=0.05


Tree=50
num_leaves=31
num_cat=0
split_feature=0 0 1 0 0 1 0 0 1 0 0 0 1 0 0 0 0 1 0 0 1 0 0 1 0 1 0 0 0 0
split_gain=3.94085e+06 1.60621e+06 3.47696e+06 1.42259e+06 862279 1.07475e+06 1.39747e+06 1.14752e+06 939057 1.13861e+06 749778 560497 387771 346923 320675 218579 217951 283868 226658 216557 232365 247028 197183 228060 196614 172769 164423 163151 161088 146990
threshold=9060.791666666677 7300.3166666666648 6517.5000000000009 8410.208333333323 2101.3583333333349 2460.5000000000005 2835.2916666666683 3839.2833333333342 4564.0000000000009 4956.1000000000176 6664.0666666666684 7715.9583333333348 7306.0000000000009 4392.9000000000133 3512.3666666666663 8393.2249999999931 7489.3916666666692 7306.0000000000009 7855.2416666666659 9959.8666666666631 7306.0000000000009 9578.9500000000135 6098.7166666666681 5887.5000000000009 6295.8333333333376 5887.5000000000009 5421.6583333333447 9448.7250000000113 8155.8666666666631 6905.2083333333312
decision_type=2 2 2 2 2 2 2 2 2 2 2 2 2 2 2 2 2 2 2 2 2 2 2 2 2 2 2 2 2 2
left_child=1 4 11 16 -1 6 -6 -7 9 13 22 -3 -5 -9 -8 25 -4 18 -18 20 27 -22 -10 24 -24 -13 -11 -2 -27 -12
right_child=19 2 3 12 5 7 14 8 10 26 29 15 -14 -15 -16 -17 17 -19 -20 -21 21 -23 23 -25 -26 28 -28 -29 -30 -31
leaf_value=4.3157393177350363 -3.6088965551149799 -1.2470101546184533 5.5752048095067348 -1.5847962976019416 1.5983510018559173 4.5195181910671414 -1.2099843408524187 2.1626717045903208 7.1285736453148631 -2.1567309092212881 1.772710943222046 -4.2204226049326232 0.55008540424342689 -0.010472713630345729 -3.6319623785825517 -6.306101162150755 2.7203704344598876 3.3882427241615063 0.70882971728061517 -7.2252288572249874 -1.4407956570836289 -3.5504715746448889 3.8495614275336267 4.3337764847446492 1.4140436775316585 -1.8323147560476412 -5.8827984665379383 -6.9002031499689283 -3.8516090204841213 0.40615101921246366
leaf_weight=192 261 526 48 432 480 268 427 352 31 288 320 236 419 384 201 59 228 293 363 31 315 248 128 213 235 282 33 44 152 511
leaf_count=192 261 526 48 432 480 268 427 352 31 288 320 236 419 384 201 59 228 293 363 31 315 248 128 213 235 282 33 44 152 511
internal_value=-2.52619e-09 0.394857 -0.474785 0.944346 1.04511 0.882887 -0.432743 1.41047 1.07651 -0.0549025 1.90816 -2.49097 -0.533662 1.02886 -1.98517 -3.38853 2.2939 2.11573 1.48486 -3.11889 -2.97223 -2.3701 3.24403 3.03496 2.27285 -3.13161 -2.53978 -4.08371 -2.53953 0.932383
internal_weight=8000 7101 3038 1783 4063 3871 1108 2763 2495 1057 1438 1255 851 736 628 729 932 884 591 899 868 563 607 576 363 670 321 305 434 831
internal_count=8000 7101 3038 1783 4063 3871 1108 2763 2495 1057 1438 1255 851 736 628 729 932 884 591 899 868 563 607 576 363 670 321 305 434 831
is_linear=0
shrinkage=0.05


Tree=51
num_leaves=31
num_cat=0
split_feature=0 0 1 0 1 0 1 0 0 0 0 0 1 0 0 0 0 1 0 1 1 0 1 0 1 0 0 1 0 0
split_gain=3.56702e+06 1.17041e+06 1.21335e+06 3.77516e+06 1.64892e+06 1.09267e+06 1.11891e+06 846604 685182 579034 483465 389719 389503 347750 246598 231011 209919 204367 206615 184621 182540 321940 172361 168312 164585 182173 150990 209519 151829 147449
threshold=8672.2250000000004 2541.0250000000005 6517.5000000000009 7399.6333333333287 2460.5000000000005 4142.9750000000058 4564.0000000000009 6809.7249999999967 5018.1500000000169 3225.9166666666674 9397.0416666666752 8304.0416666666624 7306.0000000000009 7939.3499999999967 1883.1833333333338 3556.5916666666672 6153.1166666666677 5887.5000000000009 6413.8916666666692 7306.0000000000009 7306.0000000000009 7775.8333333333367 5887.5000000000009 3728.2416666666677 7306.0000000000009 9959.8666666666631 8410.208333333323 5887.5000000000009 8102.9916666666641 4526.1583333333447
decision_type=2 2 2 2 2 2 2 2 2 2 2 2 2 2 2 2 2 2 2 2 2 2 2 2 2 2 2 2 2 2
left_child=1 14 3 4 9 15 8 16 29 -3 12 20 -2 -5 -1 -6 -8 -18 -19 -13 21 -4 -9 -11 -12 -26 27 -15 -29 -7
right_child=10 2 11 13 5 6 7 22 -10 23 24 19 -14 26 -16 -17 17 18 -20 -21 -22 -23 -24 -25 25 -27 -28 28 -30 -31
leaf_value=5.7521429300308231 -2.6341968700975555 -0.060551807697629557 3.3302043822368335 -1.8891842609608471 5.8572268676757817 1.2944554525391141 5.5524277762761196 -0.30676629556249085 -2.5834138694106503 -2.2863615667782375 -5.6930371489705927 -0.37622263703172604 -0.58688718896210856 -5.368229196509537 2.4182689263270452 2.9702720169067387 1.8423938919361249 6.2195027910429861 2.9045945744360648 1.5516088020746355 3.5578293393452962 0.89570096074741279 1.1963334411266864 -5.2826844926313923 -2.8671827427958938 -6.8639671817902599 -6.3333318789800011 -1.1032875205681782 -3.5014346122741702 -0.31547276960685849
leaf_weight=64 478 448 227 688 85 256 63 377 289 317 79 254 452 98 416 375 430 58 248 243 225 338 386 55 355 31 48 99 198 320
leaf_count=64 478 448 227 688 85 256 63 377 289 317 79 254 452 98 416 375 430 58 248 243 225 338 386 55 355 31 48 99 198 320
internal_value=2.25968e-09 0.485208 0.298884 -0.0640823 0.707398 1.26941 0.845925 1.64484 -0.596737 -1.27128 -2.29735 1.66332 -1.63916 -2.59271 2.86279 3.50373 2.78236 2.54524 3.53291 0.566359 2.35344 1.87381 0.453649 -2.72937 -3.61373 -3.18817 -3.68532 -3.36353 -2.70205 0.400051
internal_weight=8000 6605 6125 4838 3707 2887 2427 1562 865 820 1395 1287 930 1131 480 460 799 736 306 497 790 565 763 372 465 386 443 395 297 576
internal_count=8000 6605 6125 4838 3707 2887 2427 1562 865 820 1395 1287 930 1131 480 460 799 736 306 497 790 565 763 372 465 386 443 395 297 576
is_linear=0
shrinkage=0.05


Tree=52
num_leaves=31
num_cat=0
split_feature=0 0 1 0 0 1 0 1 0 0 1 0 1 0 1 0 0 1 0 0 0 0 0 1 1 1 0 0 0 0
split_gain=3.24366e+06 1.31618e+06 2.78248e+06 949244 754604 1.11464e+06 1.03511e+06 897580 890571 782666 620158 618377 304381 227105 221357 212584 210682 205968 201543 188572 187655 181629 176380 244671 159244 144570 185179 137641 135035 134583
threshold=9060.791666666677 7569.2416666666659 6517.5000000000009 8601.8583333333281 2344.2250000000013 2460.5000000000005 4142.9750000000058 4564.0000000000009 6884.0999999999949 3065.5833333333344 6517.5000000000009 5018.1500000000169 7306.0000000000009 8362.0666666666602 7306.0000000000009 6352.766666666671 3607.0999999999999 5887.5000000000009 7990.6166666666641 3680.6416666666655 1827.0166666666669 8052.9916666666641 9865.0666666666693 7306.0000000000009 5887.5000000000009 5887.5000000000009 7990.6166666666641 8121.1499999999987 9448.7250000000113 5421.6583333333447
decision_type=2 2 2 2 2 2 2 2 2 2 2 2 2 2 2 2 2 2 2 2 2 2 2 2 2 2 2 2 2 2
left_child=1 4 13 12 20 9 16 11 15 -6 17 -8 18 25 -5 -9 -7 -10 -4 -11 -1 -14 23 28 -17 26 -3 -27 -2 -13
right_child=22 2 3 14 5 6 7 8 10 19 -12 29 21 -15 -16 24 -18 -19 -20 -21 -22 -23 -24 -25 -26 27 -28 -29 -30 -31
leaf_value=6.7495343685150146 -3.2762324154148619 -2.7419721949231497 1.9288945529390784 -1.8962710708478756 0.6003581847778211 5.1712441477282303 0.38004834503226448 3.8577428958207509 -0.86768114391740392 -1.8003721357734179 4.1095542479534535 -2.0668483742512764 5.0217406933124256 -5.2606638140794715 0.042804777391736736 1.3378841278297562 2.7071691036224368 0.6635118441341652 0.16479201218788514 -4.403662982267492 2.7337441231310371 2.1493602789876189 -4.8913592697471699 -1.91197705143531 2.8786064065021018 -1.4157825701109981 -5.7493180350651825 -3.2151784572725983 -6.2705408269708807 -5.4594878919196859
leaf_weight=32 261 273 272 301 480 116 576 223 429 383 98 256 65 82 288 350 344 450 400 85 320 359 93 501 322 348 63 153 44 33
leaf_count=32 261 273 272 301 480 116 576 223 429 383 98 256 65 82 288 350 344 450 400 85 320 359 93 501 322 348 63 153 44 33
internal_value=4.29377e-09 0.358231 -0.536327 0.670718 0.876227 0.687481 1.13397 0.76513 1.38062 -0.81823 0.336828 -0.5669 1.5407 -2.74946 -0.948132 2.52005 3.32854 -0.0837939 0.878834 -2.27319 3.09882 2.5897 -2.82959 -2.59169 2.07615 -2.50344 -3.30585 -1.9653 -3.7082 -2.45424
internal_weight=8000 7101 2604 1685 4497 4145 3197 2737 1872 948 977 865 1096 919 589 895 460 879 672 468 352 424 899 806 672 837 336 501 305 289
internal_count=8000 7101 2604 1685 4497 4145 3197 2737 1872 948 977 865 1096 919 589 895 460 879 672 468 352 424 899 806 672 837 336 501 305 289
is_linear=0
shrinkage=0.05


Tree=53
num_leaves=31
num_cat=0
split_feature=0 1 0 0 1 0 1 0 0 0 0 1 0 0 1 1 1 0 0 0 0 0 0 0 1 0 0 0 0 0
split_gain=2.92785e+06 1.19671e+06 2.78463e+06 699760 836698 975194 852771 840660 460407 437657 333418 572077 566120 509839 332736 309026 224168 207328 192899 184999 175500 174816 149250 147271 185358 163836 131682 131175 121462 119381
threshold=7666.9416666666666 6517.5000000000009 8625.8833333333241 2232.9666666666676 2460.5000000000005 4200.025000000006 5887.5000000000009 3027.7666666666678 6535.341666666669 9194.033333333331 7300.3166666666648 4564.0000000000009 6295.8333333333376 5018.1500000000169 7306.0000000000009 6517.5000000000009 7306.0000000000009 3702.2749999999987 7327.408333333331 3655.2833333333319 8410.208333333323 8102.9916666666641 1827.0166666666669 9959.8666666666631 7306.0000000000009 9578.9500000000135 2686.9083333333351 6905.2083333333312 5421.6583333333447 7990.6166666666641
decision_type=2 2 2 2 2 2 2 2 2 2 2 2 2 2 2 2 2 2 2 2 2 2 2 2 2 2 2 2 2 2
left_child=3 20 14 22 7 17 10 26 -8 16 11 13 -13 -7 29 18 -4 -6 -10 -9 -2 -16 -1 24 -11 -26 -5 -14 -15 -3
right_child=1 2 9 4 5 6 8 19 15 23 -12 12 27 28 21 -17 -18 -19 -20 -21 -22 -23 -24 -25 25 -27 -28 -29 -30 -31
leaf_value=6.4120578527450567 -2.6351615857367672 1.5855698374868599 -2.0124880287796261 1.5184899105198888 4.4529609303016455 0.26719489606535612 4.5456903233247647 -1.5841725394054873 1.5083558773379444 -4.0011525582576146 -1.7736836664345235 3.9059149334265757 1.1455546771561294 -1.9635059423017083 4.22472174993836 3.3804784425875036 -0.27578083083447485 2.3143120816397289 -0.27887341587176157 -3.9708733876546227 -5.7536322434743248 1.8548405972202269 2.7902217943221332 -6.2762009159211196 -1.2377311686775956 -3.0967477463906814 -0.097909593071588988 -0.30631794471366736 -5.1865134961677324 0.11317058576813566
leaf_weight=32 751 206 384 288 177 544 136 398 507 207 223 159 399 256 101 164 360 315 215 102 48 339 256 31 227 248 224 255 33 415
leaf_count=32 751 206 384 288 177 544 136 398 507 207 223 159 399 256 101 164 360 315 215 102 48 339 256 31 227 248 224 255 33 415
internal_value=3.97616e-09 -1.13655 -0.601571 0.805026 0.648567 1.02589 0.675686 -0.612783 1.83698 -2.02048 0.0406719 0.286481 1.23002 -0.634404 1.34692 1.42119 -1.17215 3.0837 0.976148 -2.07106 -2.8225 2.39884 3.19265 -2.90569 -2.75249 -2.20833 0.811315 0.579458 -2.33153 0.601599
internal_weight=8000 3317 2518 4683 4395 3383 2891 1012 1022 1457 1869 1646 813 833 1061 886 744 492 722 500 799 440 288 713 682 475 512 654 289 621
internal_count=8000 3317 2518 4683 4395 3383 2891 1012 1022 1457 1869 1646 813 833 1061 886 744 492 722 500 799 440 288 713 682 475 512 654 289 621
is_linear=0
shrinkage=0.05


Tree=54
num_leaves=31
num_cat=0
split_feature=0 0 1 0 0 1 0 0 1 0 0 0 1 0 0 0 1 0 0 1 0 1 0 0 0 0 0 1 0 0
split_gain=2.6562e+06 1.07437e+06 2.29075e+06 962184 597875 738664 948566 777741 659308 790725 489974 424440 261431 224138 213250 163574 195006 150825 150362 184806 148623 157686 176899 141175 137606 118691 118450 115821 145072 120611
threshold=9060.791666666677 7275.2083333333312 6517.5000000000009 8393.2249999999931 2101.3583333333349 2460.5000000000005 2835.2916666666683 3839.2833333333342 4564.0000000000009 4623.1083333333481 6635.0583333333361 7699.6166666666677 7306.0000000000009 3377.7833333333342 5333.5083333333487 7489.3916666666692 7306.0000000000009 8425.1416666666573 6098.7166666666681 5887.5000000000009 9959.8666666666631 7306.0000000000009 9578.9500000000135 7840.0333333333338 6295.8333333333376 9448.7250000000113 3485.9666666666658 5887.5000000000009 8155.8666666666631 8017.3166666666648
decision_type=2 2 2 2 2 2 2 2 2 2 2 2 2 2 2 2 2 2 2 2 2 2 2 2 2 2 2 2 2 2
left_child=1 4 11 15 -1 6 -6 26 9 -9 18 -3 -5 -8 -11 -4 23 27 -10 24 21 25 -23 -17 -20 -2 -7 29 -29 -13
right_child=20 2 3 12 5 7 13 8 10 14 -12 17 -14 -15 -16 16 -18 -19 19 -21 -22 22 -24 -25 -26 -27 -28 28 -30 -31
leaf_value=3.5836291670799256 -2.9496982574462893 -0.91129957137617179 4.7554326494534811 -1.2606209989098947 1.3090442697562201 6.4363710239955356 -0.80691047257701443 1.3553071436646862 6.1063406544346961 -0.92092193308178283 0.8212220487103109 -2.9209775150412383 0.47212176165308489 -2.7100966061370961 -3.5066814284963708 2.2362228096078294 2.8301102225209629 -5.7823770963228673 3.1304053619503978 3.7445023825674348 -5.9623909488801035 -1.156634045843449 -2.9419103618591063 0.62564878356462938 1.0650544315371491 -5.7569564299149949 3.3168180846349369 -1.4403783972167068 -3.2720233817433204 -5.709260471661886
leaf_weight=192 261 534 48 443 480 35 352 512 31 448 832 202 428 276 97 218 284 39 128 198 31 315 248 362 218 44 233 291 172 48
leaf_count=192 261 534 48 443 480 35 352 512 31 448 832 202 428 276 97 218 284 39 128 198 31 315 248 362 218 44 233 291 172 48
internal_value=-5.01262e-09 0.324172 -0.380763 0.779364 0.86074 0.724596 -0.36433 1.16622 0.888001 -0.0556328 1.5969 -1.98924 -0.40917 -1.64334 -1.38114 1.91447 1.75664 -2.7547 2.71927 2.52626 -2.56056 -2.43907 -1.94304 1.231 1.82911 -3.35468 3.72422 -2.58909 -2.12082 -3.45633
internal_weight=8000 7101 3069 1783 4032 3840 1108 2732 2464 1057 1407 1286 871 628 545 912 864 752 575 544 899 868 563 580 346 305 268 713 463 250
internal_count=8000 7101 3069 1783 4032 3840 1108 2732 2464 1057 1407 1286 871 628 545 912 864 752 575 544 899 868 563 580 346 305 268 713 463 250
is_linear=0
shrinkage=0.05


Tree=55
num_leaves=31
num_cat=0
split_feature=0 0 1 0 0 1 0 0 1 0 1 0 0 0 0 0 1 0 1 0 1 1 0 1 0 1 0 0 0 0
split_gain=2.39782e+06 954610 2.14058e+06 730624 555783 603315 856650 747730 496877 357759 477567 573497 343902 284624 225113 207176 204944 197316 190496 189077 168614 160351 146210 192324 143464 110550 110281 97817.2 96602 96353
threshold=9035.3250000000025 7489.3916666666692 6517.5000000000009 8578.0833333333267 2101.3583333333349 2460.5000000000005 2879.7666666666669 3799.9166666666656 5887.5000000000009 4392.9000000000133 4564.0000000000009 6295.8333333333376 6535.341666666669 5068.7000000000162 6905.2083333333312 8066.9666666666653 6517.5000000000009 3655.2833333333319 7306.0000000000009 7906.6166666666659 7306.0000000000009 5887.5000000000009 9448.7250000000113 7306.0000000000009 8017.3166666666648 7306.0000000000009 9959.8666666666631 6905.2083333333312 1827.0166666666669 3485.9666666666658
decision_type=2 2 2 2 2 2 2 2 2 2 2 2 2 2 2 2 2 2 2 2 2 2 2 2 2 2 2 2 2 2
left_child=1 4 15 18 28 6 -6 29 9 -9 13 -12 -10 -11 -13 21 27 -8 19 -4 -5 -3 23 -2 -20 -24 -27 -14 -1 -7
right_child=22 2 3 20 5 7 17 8 12 10 11 14 16 -15 -16 -17 -18 -19 24 -21 -22 -23 25 -25 -26 26 -28 -29 -30 -31
leaf_value=5.9122735142707832 -2.7493742286295131 -2.5153366060437872 1.9692447633885626 -1.5852909038951033 1.1538822257789434 6.1145524815150676 -1.2213067870152559 1.7491538242174014 4.1311806145836334 -0.17479384425096214 3.5250881333021251 1.0405547494213458 1.9328371330392209 -2.2621410626439733 -0.68390847841381197 -3.3599719773423717 4.5176610469818117 -3.6368249444400562 5.0846470158274579 0.28386010953940127 0.10707629179814832 -1.038285709029481 -5.4691084948453046 -0.83687729746162653 1.9661388064600143 -2.5443097899599776 -5.6642713116061305 0.6329500395190264 2.9028825432062151 3.2770028827259843
leaf_weight=32 276 369 268 301 512 35 494 379 136 448 159 399 233 257 360 289 48 102 41 439 288 366 44 251 367 328 31 382 160 206
leaf_count=32 276 369 268 301 512 35 494 379 136 448 159 399 233 257 360 289 48 102 41 439 288 366 44 251 367 328 31 382 160 206
internal_value=-4.38913e-09 0.313953 -0.419033 0.666714 0.774476 0.6528 -0.346114 1.01664 0.786698 0.365991 0.0429978 0.794622 1.84083 -0.935713 0.222628 -2.22578 1.37102 -1.6347 1.41921 0.922733 -0.757784 -1.77983 -2.38672 -1.83849 2.27952 -3.10364 -2.81372 1.12543 3.40445 3.6891
internal_weight=8000 7070 2728 1704 4342 4150 1108 3042 2801 2002 1623 918 799 705 759 1024 663 596 1115 707 589 735 930 527 408 403 359 615 192 241
internal_count=8000 7070 2728 1704 4342 4150 1108 3042 2801 2002 1623 918 799 705 759 1024 663 596 1115 707 589 735 930 527 408 403 359 615 192 241
is_linear=0
shrinkage=0.05


Tree=56
num_leaves=31
num_cat=0
split_feature=0 1 0 0 1 0 1 0 1 0 0 0 1 1 0 1 0 0 0 0 0 1 0 0 1 0 0 1 0 0
split_gain=2.17133e+06 889094 2.07513e+06 527167 773931 730375 705760 673157 548264 492160 327587 308984 277028 248306 176468 166161 162155 141220 139317 139177 120560 120270 168411 122745 119006 119139 116959 102786 112898 93876.6
threshold=7666.9416666666666 6517.5000000000009 8625.8833333333241 2393.3000000000011 2460.5000000000005 4288.0000000000082 4564.0000000000009 6884.0999999999949 6517.5000000000009 3225.9166666666674 9424.9083333333456 5068.7000000000162 7306.0000000000009 7306.0000000000009 3580.4416666666662 5887.5000000000009 6098.7166666666681 8089.3999999999951 1883.1833333333338 8362.0666666666602 3754.0499999999984 5887.5000000000009 6413.8916666666692 6295.8333333333376 5887.5000000000009 7990.6166666666641 2741.0583333333348 7306.0000000000009 9815.8500000000004 5421.6583333333447
decision_type=2 2 2 2 2 2 2 2 2 2 2 2 2 2 2 2 2 2 2 2 2 2 2 2 2 2 2 2 2 2
left_child=3 19 13 18 9 14 11 16 15 26 12 -7 -4 -3 -6 -9 -8 -15 -1 24 -11 23 -23 -18 25 -2 -5 -12 -29 -13
right_child=1 2 10 4 5 6 7 8 -10 20 27 29 -14 17 -16 -17 21 -19 -20 -21 -22 22 -24 -25 -26 -27 -28 28 -30 -31
leaf_value=4.597836518287659 -2.4581876418704081 0.52054970157595171 -2.0493049587019225 1.0801258746434801 4.4542446155740754 -0.02432542066253518 5.6247689277895034 -0.84682401569751353 2.9270207498131731 -1.8524670393167142 -4.7783889278288809 -1.7822459393380479 -0.40274217554296438 3.8273314863770871 2.125805939495955 0.44299912335575214 2.7976307086646557 1.6157097004887711 2.042357613220811 -4.3833032166085593 -4.8246687236585117 5.1190503153307692 2.1701440176459306 1.0103377930549058 -1.7036887224801387 -4.9373105548676994 -0.40953375298180622 -1.9635157192186004 -3.8112827254879864 -4.6387466199470291
leaf_weight=64 210 621 529 224 99 512 31 492 164 334 62 224 494 91 457 507 128 349 320 82 38 58 293 385 444 63 320 248 124 33
leaf_count=64 210 621 529 224 99 512 31 492 164 334 62 224 494 91 457 507 128 349 320 82 38 58 293 385 444 63 320 248 124 33
internal_value=-1.22305e-09 -0.978763 -0.51764 0.693264 0.534715 0.883802 0.557991 1.04091 0.247631 -0.754546 -1.74252 -0.734404 -1.25419 1.1644 2.5404 -0.192229 2.07173 2.07311 2.46827 -2.43196 -2.15608 1.94425 2.65743 1.45629 -2.2088 -3.03029 0.203856 -2.89357 -2.57944 -2.14903
internal_weight=8000 3317 2518 4683 4299 3383 2827 2058 1163 916 1457 769 1023 1061 556 999 895 440 384 799 372 864 351 513 717 273 544 434 372 257
internal_count=8000 3317 2518 4683 4299 3383 2827 2058 1163 916 1457 769 1023 1061 556 999 895 440 384 799 372 864 351 513 717 273 544 434 372 257
is_linear=0
shrinkage=0.05


Tree=57
num_leaves=31
num_cat=0
split_feature=0 0 1 0 0 1 0 0 1 0 0 0 0 1 0 0 1 0 1 0 0 1 0 1 0 0 0 0 0 0
split_gain=1.97797e+06 803734 1.76402e+06 724382 447830 507087 753281 583744 458922 636579 366345 278874 186169 181596 177453 131479 148329 121503 130162 117702 116651 137073 109174 133014 115638 105548 99999.8 99395 96286.2 89863
threshold=9060.791666666677 7300.3166666666648 6517.5000000000009 8439.641666666661 2045.2333333333338 2460.5000000000005 2835.2916666666683 3799.9166666666656 4564.0000000000009 4526.1583333333447 6664.0666666666684 7810.0666666666666 5333.5083333333487 7306.0000000000009 3580.4416666666662 7489.3916666666692 7306.0000000000009 6098.7166666666681 5887.5000000000009 7870.7083333333294 9904.2083333333339 7306.0000000000009 8425.1416666666573 5887.5000000000009 8155.8666666666631 9498.9250000000156 6381.7833333333365 8005.8666666666595 6295.8333333333376 9474.6416666666792
decision_type=2 2 2 2 2 2 2 2 2 2 2 2 2 2 2 2 2 2 2 2 2 2 2 2 2 2 2 2 2 2
left_child=1 4 11 15 -1 6 -6 -7 9 -9 17 -3 -11 -5 -8 -4 19 -10 28 -17 21 29 23 -13 -25 -23 -20 -18 -19 -2
right_child=20 2 3 13 5 7 14 8 10 12 -12 22 -14 -15 -16 16 27 18 26 -21 -22 25 -24 24 -26 -27 -28 -29 -30 -31
leaf_value=3.3323601961135867 -2.6321889153487392 -1.0558819817698593 4.1454270521799721 -1.1675997567102494 1.1696229335805128 3.3505253415879377 -0.94144807406144704 1.3699779224815338 5.3435307410455524 -0.69156660244407253 0.67838317280731619 -3.514922839573452 -3.0805380113346064 0.33082453095162262 -2.9081753661300964 1.868663948897999 4.9409517692797111 2.6577491559088231 5.204617555406359 0.44946854540021841 -4.3022823087630737 -0.86584287554417794 -5.1060943212264629 -1.0841598057808974 -2.8217439596043077 -2.2743831659618179 2.5506318642979577 2.0402245647118185 0.95336954403024654 -5.6535740746392147
leaf_weight=160 278 653 48 411 512 241 477 475 31 512 831 175 97 398 151 241 33 128 45 371 62 266 39 216 172 266 168 281 235 27
leaf_count=160 278 653 48 411 512 241 477 475 31 512 831 175 97 398 151 241 33 128 45 371 62 266 39 216 172 266 168 281 235 27
internal_value=2.48514e-09 0.27974 -0.335431 0.67539 0.739718 0.633435 -0.253823 0.999513 0.774853 -0.0019878 1.36045 -1.77152 -1.07208 -0.430427 -1.41434 1.59388 1.46161 2.29423 2.13012 1.00833 -2.20961 -2.05459 -2.54779 -2.37057 -1.85443 -1.57011 3.11133 2.34508 1.55436 -2.89966
internal_weight=8000 7101 3038 1783 4063 3903 1140 2763 2522 1084 1438 1255 609 809 628 974 926 607 576 612 899 837 602 563 388 532 213 314 363 305
internal_count=8000 7101 3038 1783 4063 3903 1140 2763 2522 1084 1438 1255 609 809 628 974 926 607 576 612 899 837 602 563 388 532 213 314 363 305
is_linear=0
shrinkage=0.05


Tree=58
num_leaves=31
num_cat=0
split_feature=0 0 1 0 0 1 0 0 1 0 0 0 1 0 0 0 0 1 0 0 0 1 0 1 0 0 0 0 0 1
split_gain=1.78512e+06 725370 1.59203e+06 655788 405764 570914 556183 527001 439907 548517 334829 253621 173726 132482 129032 117043 114330 125944 108359 107802 106247 108148 120023 100980 110736 100801 98170.7 93940.1 89847.3 89053.9
threshold=9060.791666666677 7300.3166666666648 6517.5000000000009 8393.2249999999931 2187.9250000000006 2460.5000000000005 3027.7666666666678 3839.2833333333342 4564.0000000000009 4761.9500000000189 6735.8416666666662 7715.9583333333348 7306.0000000000009 3728.2416666666677 5380.7583333333478 6098.7166666666681 7472.7999999999993 7306.0000000000009 8425.1416666666573 7825.3916666666673 9959.8666666666631 7306.0000000000009 9578.9500000000135 5887.5000000000009 6413.8916666666692 4338.9166666666761 1827.0166666666669 2641.8916666666687 3485.9666666666658 5887.5000000000009
decision_type=2 2 2 2 2 2 2 2 2 2 2 2 2 2 2 2 2 2 2 2 2 2 2 2 2 2 2 2 2 2
left_child=1 4 11 16 26 6 27 28 9 25 15 -3 -5 -8 -11 -10 -4 19 29 -18 21 -2 -23 -17 -25 -9 -1 -6 -7 -13
right_child=20 2 3 12 5 7 13 8 10 14 -12 18 -14 -15 -16 23 17 -19 -20 -21 -22 22 -24 24 -26 -27 -28 -29 -30 -31
leaf_value=5.2201500177383426 -2.7546730072771917 -0.84616342271702938 4.3810441861833844 -1.0336804247383475 1.3029312931195214 5.4185864911760611 -1.3405805593703906 1.5384092314820739 5.0763539345033708 -1.0278660664868464 0.54626449353638151 -2.9296372595479934 0.37881603853131873 -3.9417692427201709 -3.4367682324923003 1.4486211406256437 1.9268732217641977 2.3327052327948556 -4.8507896032088844 0.53261517346285847 -4.9753796115998306 -0.93785223984529109 -2.4083844146420881 4.6326098343421673 2.1526048778894533 0.24902110685705137 2.2595354605998312 -0.013441031075490174 2.7016595815895967 -1.7322434412816023
leaf_weight=32 305 526 35 443 288 35 445 320 31 384 735 236 428 55 65 413 221 284 39 372 31 315 248 58 201 288 224 256 233 454
leaf_count=32 305 526 35 443 288 35 445 320 31 384 735 236 428 55 65 413 221 284 39 372 31 315 248 58 201 288 224 256 233 454
internal_value=-1.3803e-09 0.265753 -0.318659 0.641621 0.702732 0.57316 -0.422943 0.949538 0.723221 -0.0511651 1.29243 -1.68294 -0.339595 -1.62671 -1.37659 2.07256 1.57872 1.46689 -2.28671 1.05223 -2.09913 -1.9964 -1.58562 1.934 2.70797 0.927646 2.62961 0.683462 3.05648 -2.14179
internal_weight=8000 7101 3038 1783 4063 3807 1044 2763 2495 1057 1438 1255 871 500 449 703 912 877 729 593 899 868 563 672 259 608 256 544 268 690
internal_count=8000 7101 3038 1783 4063 3807 1044 2763 2495 1057 1438 1255 871 500 449 703 912 877 729 593 899 868 563 672 259 608 256 544 268 690
is_linear=0
shrinkage=0.05


Tree=59
num_leaves=31
num_cat=0
split_feature=0 0 1 0 1 0 1 0 0 0 0 1 0 0 1 0 1 0 0 1 0 1 0 1 1 0 0 1 0 0
split_gain=1.62252e+06 548638 602248 1.71477e+06 815331 495899 310126 540005 381145 252202 235635 220542 169114 169051 179889 146155 139686 135705 124420 112963 128705 97689.8 90608.6 89663 82363.4 81409.8 79741.1 69762.6 75229.9 69068
threshold=8651.9749999999967 2592.4916666666672 6517.5000000000009 7399.6333333333287 2460.5000000000005 3777.6666666666647 4564.0000000000009 4576.0750000000126 6905.2083333333312 3330.0666666666671 9448.7250000000113 7306.0000000000009 8066.9666666666653 8017.3166666666648 7306.0000000000009 5380.7583333333478 5887.5000000000009 1939.4833333333343 6153.1166666666677 5887.5000000000009 6467.1916666666702 7306.0000000000009 7472.7999999999993 5887.5000000000009 7306.0000000000009 3754.0499999999984 9959.8666666666631 5887.5000000000009 8425.1416666666573 3485.9666666666658
decision_type=2 2 2 2 2 2 2 2 2 2 2 2 2 2 2 2 2 2 2 2 2 2 2 2 2 2 2 2 2 2
left_child=1 17 3 4 9 29 7 -7 18 -3 11 -2 16 21 -15 -9 -5 -1 -8 -20 -21 22 -4 -10 -12 -11 -26 -14 -29 -6
right_child=10 2 13 12 5 6 8 15 23 25 24 -13 27 14 -16 -17 -18 -19 19 20 -22 -23 -24 -25 26 -27 -28 28 -30 -31
leaf_value=3.5978517810503643 -1.8335281210378658 -0.24091153250347516 4.1619917569841656 -2.0503014948156526 5.1476571873256143 1.1879199876189517 3.9105421596103245 -0.74798740426449517 -0.42926802179441809 -1.769156142340766 -4.5946891221133148 -0.36429179213737078 -5.5082548314874824 0.02563241358457817 1.4978360701591391 -3.2649298477172852 -0.76223188377872997 1.5123042099858421 1.1153338662602685 3.9650704317314678 1.7563591320186118 4.3036651890452315 1.4937994902474541 0.75919308902857241 -2.0735911437651007 -4.2409380561427064 -4.7266106144074476 -2.2318423846311739 -4.608250388120994 2.7315743905711551
leaf_weight=96 530 480 35 417 35 522 63 512 312 270 44 493 22 417 413 65 425 416 495 86 283 41 350 323 328 38 31 228 39 191
leaf_count=96 530 480 35 417 35 522 63 512 312 270 44 493 22 417 413 65 425 416 495 86 283 41 350 323 328 38 31 228 39 191
internal_value=-2.46149e-10 0.331639 0.198892 -0.0558806 0.468061 0.85715 0.666175 0.0226608 1.11894 -0.957443 -1.52889 -1.12548 -1.75834 1.17376 0.758187 -1.03153 -1.40015 1.90334 1.76537 1.60895 2.27113 1.98345 1.73636 0.175256 -2.55293 -2.07412 -2.30268 -2.80195 -2.57896 3.10575
internal_weight=8000 6574 6062 4806 3675 2887 2661 1099 1562 788 1426 1023 1131 1256 830 577 842 512 927 864 369 426 385 635 403 308 359 289 267 226
internal_count=8000 6574 6062 4806 3675 2887 2661 1099 1562 788 1426 1023 1131 1256 830 577 842 512 927 864 369 426 385 635 403 308 359 289 267 226
is_linear=0
shrinkage=0.05


Tree=60
num_leaves=31
num_cat=0
split_feature=0 0 1 0 0 1 0 1 0 0 0 1 0 0 1 1 0 0 0 1 0 0 1 1 0 0 0 0 0 0
split_gain=1.4711e+06 596017 1.24238e+06 413743 354790 464799 488515 478101 400150 224207 167970 309953 282784 273294 159401 148186 118280 104991 101259 96873.5 95863.5 91544.4 129263 91127.3 102268 90539.3 89297.4 82041.5 78502.7 72667.5
threshold=9060.791666666677 7635.3916666666673 6517.5000000000009 8601.8583333333281 2284.191666666668 2460.5000000000005 4200.025000000006 5887.5000000000009 3180.0083333333337 6535.341666666669 7231.2083333333312 4564.0000000000009 6295.8333333333376 5018.1500000000169 7306.0000000000009 6517.5000000000009 3512.3666666666663 8333.1666666666624 8052.9916666666641 7306.0000000000009 1827.0166666666669 9815.8500000000004 7306.0000000000009 5887.5000000000009 8005.8666666666595 3754.0499999999984 2686.9083333333351 7374.5999999999967 9347.8166666666712 5421.6583333333447
decision_type=2 2 2 2 2 2 2 2 2 2 2 2 2 2 2 2 2 2 2 2 2 2 2 2 2 2 2 2 2 2
left_child=1 4 17 14 20 8 16 10 26 -9 11 13 -13 -8 -4 27 -7 23 -16 -5 -1 22 28 24 -3 -10 -6 -11 -2 -15
right_child=21 2 3 19 5 6 7 9 25 15 -12 12 -14 29 18 -17 -18 -19 -20 -21 -22 -23 -24 -25 -26 -27 -28 -29 -30 -31
leaf_value=4.7792499303817753 -1.8942739869646461 -1.9743308167497653 0.50395584873120725 -1.2730136797871703 1.0426762811723165 4.4250268468316998 0.19323470122249359 3.2636289182831266 -1.4647210280690852 1.0760824273436986 -1.1972674983929121 2.8033832580038589 0.43544119456599423 -1.4247564627425164 3.574221957280086 2.5553828050058787 1.9244610152476742 -3.4373727358304538 1.4295298757202779 0.0097616506389588027 1.8945521185510896 -3.1669530068674394 -1.1835677234826492 -1.285787168124906 -4.3665703201293944 -4.0288912120618319 -0.21019293959427163 -0.20381099078689982 -3.5583550351006643 -3.9176975019050371
leaf_weight=32 193 238 629 301 256 53 544 136 366 540 248 159 609 256 65 141 439 104 359 288 288 124 470 441 55 38 320 163 112 33
leaf_count=32 193 238 629 301 256 53 544 136 366 540 248 159 609 256 65 141 439 104 359 288 288 124 470 441 55 38 320 163 112 33
internal_value=3.21757e-09 0.241249 -0.384041 0.415437 0.57683 0.457327 0.739683 0.486788 -0.499513 1.37962 0.0135734 0.201137 0.925679 -0.466869 1.00904 1.07603 2.19383 -1.95056 1.75832 -0.645782 2.18302 -1.90557 -1.70375 -1.7399 -2.42339 -1.70591 0.346638 0.779322 -2.50535 -1.70942
internal_weight=8000 7101 2480 1642 4621 4301 3321 2829 980 980 1849 1601 768 833 1053 844 492 838 424 589 320 899 775 734 293 404 576 703 305 289
internal_count=8000 7101 2480 1642 4621 4301 3321 2829 980 980 1849 1601 768 833 1053 844 492 838 424 589 320 899 775 734 293 404 576 703 305 289
is_linear=0
shrinkage=0.05


Tree=61
num_leaves=31
num_cat=0
split_feature=0 0 1 0 0 1 0 1 0 0 1 0 0 0 1 1 0 0 0 0 1 0 0 1 1 0 0 0 0 0
split_gain=1.32816e+06 527227 1.13673e+06 356053 324795 356185 208447 232237 529080 506975 382620 223187 203789 199391 143860 129380 116044 104979 95461.3 93476 89279 92773.1 86907.7 117466 84396.1 81026.8 75963.3 75219.2 67078 60470.8
threshold=9035.3250000000025 7635.3916666666673 6517.5000000000009 8601.8583333333281 2045.2333333333338 5887.5000000000009 7102.9999999999973 2460.5000000000005 4288.0000000000082 2979.941666666668 4564.0000000000009 6248.4500000000025 6509.4166666666724 5068.7000000000162 7306.0000000000009 6517.5000000000009 3629.2499999999986 3728.2416666666677 8304.0416666666624 8173.3416666666626 5887.5000000000009 7990.6166666666641 9815.8500000000004 7306.0000000000009 7306.0000000000009 6905.2083333333312 9347.8166666666712 2592.4916666666672 7990.6166666666641 5421.6583333333447
decision_type=2 2 2 2 2 2 2 2 2 2 2 2 2 2 2 2 2 2 2 2 2 2 2 2 2 2 2 2 2 2
left_child=1 4 18 14 -1 6 7 9 16 27 13 -12 -7 -10 28 25 -9 -11 20 -16 21 -3 23 26 -5 -14 -2 -6 -4 -15
right_child=22 2 3 24 5 12 -8 8 10 17 11 -13 15 29 19 -17 -18 -19 -20 -21 -22 -23 -24 -25 -26 -27 -28 -29 -30 -31
leaf_value=2.7614030373096465 -1.7653118492319035 -1.8365731583470883 1.1611705202202609 -1.2033165395624572 1.2472277497989126 3.2500731508271032 -0.9640463251857595 3.2929754985197812 -0.016785619989968838 -1.1020770955149404 2.9291881696445738 0.60720520945922318 1.4986226568222047 -1.4292120336588208 2.7110915043970927 2.4276136553879328 1.5908645475918757 -3.4090175802057439 -3.1396889942448318 1.1407946019834472 -1.1661403496522387 -4.0021852735489132 -3.0086054017466886 -1.0969308157148674 0.026897696371751784 0.38450350405455153 -3.3804373604910718 0.12082219068543054 0.08807692099316046 -3.7218127510764383
leaf_weight=160 208 230 229 286 352 119 330 131 512 477 127 559 250 224 143 141 425 55 123 281 422 63 124 486 272 470 112 256 400 33
leaf_count=160 208 230 229 286 352 119 330 131 512 477 127 559 250 224 143 141 425 55 123 281 422 63 124 486 272 470 112 256 400 33
internal_value=-1.5688e-09 0.233659 -0.359447 0.417477 0.547989 0.468602 0.231545 0.356757 0.679947 -0.213361 0.17861 1.03708 1.31064 -0.587201 0.958583 1.04259 1.9919 -1.34058 -1.85303 1.6704 -1.63169 -2.30222 -1.77631 -1.58673 -0.603642 0.77135 -2.33061 0.772952 0.478758 -1.72359
internal_weight=8000 7070 2449 1611 4621 4461 3481 3151 2011 1140 1455 686 980 769 1053 861 556 532 838 424 715 293 930 806 558 720 320 608 629 257
internal_count=8000 7070 2449 1611 4621 4461 3481 3151 2011 1140 1455 686 980 769 1053 861 556 532 838 424 715 293 930 806 558 720 320 608 629 257
is_linear=0
shrinkage=0.05


Tree=62
num_leaves=31
num_cat=0
split_feature=0 0 1 0 0 1 0 0 1 0 0 1 0 0 1 1 0 0 1 0 0 1 0 0 0 1 0 0 0 0
split_gain=1.19973e+06 486264 1.02932e+06 351183 290790 319156 178366 164364 209594 477494 459291 345315 201427 181286 116486 113322 108003 97155.8 93876.8 94956.1 89303.1 85189.4 84861.8 79105.7 77760.1 74458.2 88968.7 70356.9 67927.6 65170.9
threshold=9060.791666666677 7587.1083333333327 6517.5000000000009 8578.0833333333267 2045.2333333333338 5887.5000000000009 6509.4166666666724 7102.9999999999973 2460.5000000000005 4288.0000000000082 3027.7666666666678 4564.0000000000009 6248.4500000000025 5018.1500000000169 7306.0000000000009 6517.5000000000009 3512.3666666666663 8239.2916666666642 5887.5000000000009 7939.3499999999967 3702.2749999999987 7306.0000000000009 8005.8666666666595 2641.8916666666687 9959.8666666666631 7306.0000000000009 9623.325000000008 7990.6166666666641 9474.6416666666792 6905.2083333333312
decision_type=2 2 2 2 2 2 2 2 2 2 2 2 2 2 2 2 2 2 2 2 2 2 2 2 2 2 2 2 2 2
left_child=1 4 17 14 -1 7 -7 8 10 16 23 13 -13 -11 27 29 -10 18 19 -3 -12 -5 -16 -6 25 28 -27 -4 -2 -8
right_child=24 2 3 21 5 6 15 -9 9 11 20 12 -14 -15 22 -17 -18 -19 -20 -21 -22 -23 -24 -25 -26 26 -28 -29 -30 -31
leaf_value=2.623332868367434 -2.0296159623338164 -1.5277488705331246 1.1688453964407453 -1.1188293813293082 1.1382505516410069 3.0875694739718398 1.4236915172576905 -0.88773870955542178 4.0391267308649033 0.037845614372054116 -1.0707743252677251 2.7827287073210467 0.57684495283779313 -1.547216514316887 4.0478201317064686 2.5269640726463818 1.6661006760733503 -2.810599778453756 -0.95386856147675836 -3.3912798978844472 -3.0081996682761374 0.053577152681215302 1.4030770785093309 0.0035578184644691649 -4.1815021761002082 -0.79436826797449867 -2.0858103240140573 0.10787653002452541 -4.6564876556396486 0.413581246253929
leaf_weight=160 278 226 263 316 384 119 250 299 53 480 431 127 559 289 33 107 503 161 412 98 69 304 375 256 31 346 217 385 27 442
leaf_count=160 278 226 263 316 384 119 250 299 53 480 431 127 559 289 33 107 503 161 412 98 69 304 375 256 31 346 217 385 27 442
internal_value=-2.92346e-09 0.217865 -0.331018 0.400602 0.529763 0.453075 1.28162 0.232609 0.338919 0.64595 -0.202693 0.169679 0.985223 -0.557841 0.955181 1.01265 1.89231 -1.69801 -1.45463 -2.09141 -1.33814 -0.543972 1.61699 0.684373 -1.72086 -1.63298 -1.29214 0.538486 -2.26216 0.778505
internal_weight=8000 7101 2573 1676 4528 4368 918 3450 3151 2011 1140 1455 686 769 1056 799 556 897 736 324 500 620 408 640 899 868 563 648 305 692
internal_count=8000 7101 2573 1676 4528 4368 918 3450 3151 2011 1140 1455 686 769 1056 799 556 897 736 324 500 620 408 640 899 868 563 648 305 692
is_linear=0
shrinkage=0.05


Tree=63
num_leaves=31
num_cat=0
split_feature=0 0 1 0 1 0 1 0 0 0 0 0 1 0 0 0 1 0 0 1 1 0 1 0 1 0 1 0 0 0
split_gain=1.08455e+06 377322 308506 573455 363265 1.08829e+06 434636 264106 224349 181759 166622 139231 125026 120320 101318 100774 95127.5 90166.4 79230.2 80069.1 73411.3 67210 64399.4 59898.3 57981 57568.6 56127.1 89418.4 56051.7 54701.6
threshold=8791.8083333333325 2592.4916666666672 2460.5000000000005 4288.0000000000082 6517.5000000000009 7399.6333333333287 4564.0000000000009 6809.7249999999967 8393.2249999999931 3330.0666666666671 5178.3750000000155 9448.7250000000113 7306.0000000000009 8066.9666666666653 3702.2749999999987 1827.0166666666669 5887.5000000000009 6098.7166666666681 7472.7999999999993 7306.0000000000009 5887.5000000000009 7825.3916666666673 7306.0000000000009 8005.8666666666595 7306.0000000000009 9959.8666666666631 5887.5000000000009 6381.7833333333365 6295.8333333333376 3754.0499999999984
decision_type=2 2 2 2 2 2 2 2 2 2 2 2 2 2 2 2 2 2 2 2 2 2 2 2 2 2 2 2 2 2
left_child=1 15 9 14 5 6 10 17 18 -3 -5 12 -2 16 -4 -1 -7 -8 -6 21 -9 -20 -10 -21 -13 -26 28 -28 -19 -11
right_child=11 2 3 4 8 13 7 20 22 29 -12 24 -14 -15 -16 -17 -18 26 19 23 -22 -23 -24 -25 25 -27 27 -29 -30 -31
leaf_value=4.2710506200790403 -1.5777112804182352 -0.17414384247385897 2.7853530156410349 -0.10391906466276042 3.5783942249843053 -1.6814627651902414 4.2012444403863727 -0.2394184289574228 -0.59292639449409057 -1.4804348533462597 -1.8014161223574625 -3.8359368757768113 -0.35445456194953806 -2.3273342099775496 1.3364347264445868 1.3731515316944571 -0.61850361934873987 1.9925571512430906 1.5124489613787622 3.8454290794603754 0.74153699380287741 0.41155186727222415 0.50945205549222505 1.5795198630051785 -1.7182286775693663 -3.9724269989998113 4.0344389979044601 1.6211032463672976 0.76198515092150987 -3.5065859142102696
leaf_weight=32 436 480 177 576 35 417 31 377 268 270 193 44 401 289 379 480 425 128 221 33 386 372 262 251 328 31 45 261 334 38
leaf_count=32 436 480 177 576 35 417 31 377 268 270 193 44 401 289 379 480 425 128 221 33 386 372 262 251 328 31 45 261 334 38
internal_value=2.11837e-09 0.249338 0.142404 0.275878 0.10334 -0.174392 0.44311 0.922163 0.770127 -0.782432 -0.529949 -1.35929 -0.991659 -1.44707 1.79769 1.55427 -1.14493 1.55751 1.24556 1.15246 0.256845 0.821836 -0.047977 1.84281 -2.12284 -1.91288 1.45079 1.97601 1.10292 -1.73041
internal_weight=8000 6760 6248 5460 4904 3462 2331 1562 1442 788 769 1240 837 1131 556 512 842 799 912 877 763 593 530 284 403 359 768 306 462 308
internal_count=8000 6760 6248 5460 4904 3462 2331 1562 1442 788 769 1240 837 1131 556 512 842 799 912 877 763 593 530 284 403 359 768 306 462 308
is_linear=0
shrinkage=0.05


Tree=64
num_leaves=31
num_cat=0
split_feature=0 0 1 0 0 1 0 0 1 0 0 0 0 1 0 0 0 1 0 1 0 0 1 0 0 0 0 1 1 0
split_gain=985542 398681 884706 369308 233751 256760 377698 303660 228771 345319 191401 147830 109299 92875.6 83943.9 81375.1 71505.3 72262.4 65383.4 78287.1 80422.6 65251.5 71447.3 60712.1 58940.9 57493.2 54058.2 52019.9 50654.7 80700.1
threshold=9060.791666666677 7300.3166666666648 6517.5000000000009 8393.2249999999931 2045.2333333333338 2460.5000000000005 2788.7583333333355 3777.6666666666647 4564.0000000000009 4716.4083333333501 6809.7249999999967 7810.0666666666666 3377.7833333333342 7306.0000000000009 5380.7583333333478 6098.7166666666681 7472.7999999999993 7306.0000000000009 8439.641666666661 5887.5000000000009 8155.8666666666631 9904.2083333333339 7306.0000000000009 7775.8333333333367 9527.6166666666813 9347.8166666666712 8005.8666666666595 5887.5000000000009 5887.5000000000009 6381.7833333333365
decision_type=2 2 2 2 2 2 2 2 2 2 2 2 2 2 2 2 2 2 2 2 2 2 2 2 2 2 2 2 2 2
left_child=1 4 11 16 -1 6 -6 -7 9 -9 15 -3 -8 -5 -11 -10 -4 23 19 -13 -21 22 25 -18 -24 -2 -19 -12 -17 -30
right_child=21 2 3 13 5 7 12 8 10 14 27 18 -14 -15 -16 28 17 26 -20 20 -22 -23 24 -25 -26 -27 -28 -29 29 -31
leaf_value=2.3945297088474038 -1.5309283234294833 -0.73178258719390543 3.3994745526994978 -0.76378542213252931 0.88047281067507965 2.4613503160729877 -0.41735347615516122 0.78748483052356688 3.9911820442445816 -0.73795602677497441 -0.13170516513404437 -2.5846263128008165 -1.7218109203421552 0.26899054863916655 -2.6700741650508002 1.0477766997418749 1.5118859859804312 3.6531576561205314 -4.1772982461111887 -0.66281105350289082 -2.0874118388024838 -3.124842034616778 -0.60218899522868685 0.4306707696399264 -1.6571812598703191 -2.9550279498100283 1.5005438693134909 0.77056165876386684 3.8327170435587572 1.5400480704289288
leaf_weight=160 193 653 35 443 480 226 384 618 31 416 320 175 276 428 65 462 192 33 28 216 183 62 284 401 248 112 251 319 45 261
leaf_count=160 193 653 35 443 480 226 384 618 31 416 320 175 276 428 65 462 192 33 28 216 183 62 284 401 248 112 251 319 45 261
internal_value=-1.80212e-09 0.197462 -0.235802 0.480047 0.521423 0.444637 -0.186716 0.70513 0.548683 0.0055697 0.963761 -1.25282 -0.962854 -0.25629 -0.999053 1.47963 1.18328 1.09484 -1.818 -1.70291 -1.3162 -1.55971 -1.44377 0.780744 -1.09399 -2.05388 1.75067 0.318722 1.37825 1.87721
internal_weight=8000 7101 3038 1783 4063 3903 1140 2763 2537 1099 1438 1255 660 871 481 799 912 877 602 574 399 899 837 593 532 305 284 639 768 306
internal_count=8000 7101 3038 1783 4063 3903 1140 2763 2537 1099 1438 1255 660 871 481 799 912 877 602 574 399 899 837 593 532 305 284 639 768 306
is_linear=0
shrinkage=0.05


Tree=65
num_leaves=31
num_cat=0
split_feature=0 0 1 0 1 0 1 0 0 0 0 1 0 0 0 0 1 0 0 1 0 1 0 1 0 0 1 0 0 0
split_gain=893595 301845 318218 950998 442593 290225 203427 271139 235043 147659 135109 118297 109870 94395.3 87461 78069.6 75443.3 66873.6 59770.2 72052.6 59755.5 58242.6 52870.2 50856.7 78847.4 56782.5 49988 52521.2 49887.8 49116.9
threshold=8672.2250000000004 2592.4916666666672 6517.5000000000009 7423.7583333333323 2460.5000000000005 3883.9333333333329 4564.0000000000009 4813.2166666666863 6905.2083333333312 3330.0666666666671 9448.7250000000113 7306.0000000000009 8304.0416666666624 8066.9666666666653 1939.4833333333343 6098.7166666666681 5887.5000000000009 5421.6583333333447 7472.7999999999993 7306.0000000000009 3485.9666666666658 5887.5000000000009 4392.9000000000133 5887.5000000000009 6413.8916666666692 6295.8333333333376 5887.5000000000009 8439.641666666661 7906.6166666666659 3777.6666666666647
decision_type=2 2 2 2 2 2 2 2 2 2 2 2 2 2 2 2 2 2 2 2 2 2 2 2 2 2 2 2 2 2
left_child=1 14 3 4 9 20 7 22 15 -3 11 -2 18 16 -1 -8 -5 -9 -4 28 -6 -10 -7 25 -25 -17 -15 -28 -20 -11
right_child=10 2 12 13 5 6 8 17 21 29 -12 -13 -14 26 -16 23 -18 -19 19 -21 -22 -23 -24 24 -26 -27 27 -29 -30 -31
leaf_value=2.7692340612411499 -1.3638336512980871 -0.16187333048127284 3.2295007978166854 -1.5428721885231615 4.0400826917375836 1.0228842879156583 3.791623023248488 -0.88924694527959225 -0.38283729078618395 -1.3894585993857338 -1.9218801634261391 -0.27116841586571122 0.26068939158029603 -4.3992422277277168 1.09494713073593 1.8405404715798797 -0.57892475885248229 -3.2347866694132485 1.2543090355353848 1.8655877680513595 1.8419055514065725 0.55314762748711732 0.089079547483318811 3.3820442462789604 1.3739571465939955 0.63024567730892878 -1.6795947841645285 -3.968433271135603 0.2823399030502482 -3.8411532575433904
leaf_weight=96 513 480 35 402 35 320 31 384 327 286 403 479 497 22 416 128 410 33 281 225 265 338 288 58 311 399 239 28 249 22
leaf_count=96 513 480 35 402 35 320 31 384 327 286 403 479 497 22 416 128 410 33 281 225 265 338 288 58 311 399 239 28 249 22
internal_value=2.73771e-09 0.242855 0.144873 -0.0421153 0.341298 0.625334 0.456474 -0.092918 0.810197 -0.710139 -1.14986 -0.836226 0.843136 -1.33235 1.40888 1.32476 -1.05615 -1.07487 1.20956 1.11592 2.09836 0.0928964 0.580556 1.23942 1.68959 0.924207 -2.10838 -1.91962 0.797667 -1.56458
internal_weight=8000 6605 6093 4806 3705 2917 2617 1025 1592 788 1395 992 1287 1101 512 927 812 417 790 755 300 665 608 896 369 527 289 267 530 308
internal_count=8000 6605 6093 4806 3705 2917 2617 1025 1592 788 1395 992 1287 1101 512 927 812 417 790 755 300 665 608 896 369 527 289 267 530 308
is_linear=0
shrinkage=0.05


Tree=66
num_leaves=31
num_cat=0
split_feature=0 0 1 0 0 1 0 1 0 0 1 0 0 0 1 1 0 0 0 0 0 0 1 0 0 0 1 0 0 1
split_gain=811499 328290 683891 222711 204025 233307 131879 170800 323350 276016 235200 140849 130975 128024 96944.6 85637.2 80714.9 64526 64207.9 63645.8 56970.2 55577.3 54621.3 61155.9 54101.1 52705.4 52491.9 50199.4 49358.2 42804.2
threshold=9060.791666666677 7666.9416666666666 6517.5000000000009 8601.8583333333281 2144.4500000000012 5887.5000000000009 7102.9999999999973 2460.5000000000005 4288.0000000000082 3180.0083333333337 4564.0000000000009 6248.4500000000025 6535.341666666669 4956.1000000000176 7306.0000000000009 6517.5000000000009 3512.3666666666663 8102.9916666666641 2741.0583333333348 8410.208333333323 9959.8666666666631 3754.0499999999984 7306.0000000000009 9623.325000000008 1827.0166666666669 9474.6416666666792 7306.0000000000009 5421.6583333333447 7374.5999999999967 5887.5000000000009
decision_type=2 2 2 2 2 2 2 2 2 2 2 2 2 2 2 2 2 2 2 2 2 2 2 2 2 2 2 2 2 2
left_child=1 4 19 14 24 6 7 9 16 18 13 -12 -7 -10 -4 28 -9 -16 -6 29 22 -11 25 -24 -1 -2 -5 -15 -14 -3
right_child=20 2 3 26 5 12 -8 8 10 21 11 -13 15 27 17 -17 -18 -19 -20 -21 -22 -23 23 -25 -26 -27 -28 -29 -30 -31
leaf_value=3.7993098974227908 -1.6741292879769327 -1.8775878426792858 0.33449408345403947 -0.9404235029797321 0.79230568425403669 2.457479523911196 -0.76753793854206531 3.4101585820036115 0.08235743781343835 -1.0957359442986101 2.312856278457041 0.46826330594900062 0.79671236433226755 -1.0142267944588741 2.4232125348383842 1.8223980066252918 1.3587016885977974 0.97524670534550961 -0.1953075827125253 -3.2560639301935832 -3.5214695469025643 -3.1047230369166328 -0.63545327436567456 -1.7061720387726886 1.5787037399131805 -3.9880210876464846 0.0038423688830031702 -3.0730473373875475 -0.15539429952891975 -1.0928255344729356
leaf_weight=32 278 273 606 301 384 136 350 53 448 366 127 559 540 288 101 164 503 323 288 48 31 38 346 217 192 27 288 33 182 478
leaf_count=32 278 273 606 301 384 136 350 53 448 366 127 559 540 288 101 164 503 323 288 48 31 38 346 217 192 27 288 33 182 478
internal_value=-3.00841e-09 0.17918 -0.293942 0.296783 0.42347 0.3495 0.15228 0.256567 0.528615 -0.251879 0.136687 0.809755 1.01275 -0.463734 0.740245 0.790989 1.55425 1.32016 0.369043 -1.49092 -1.4153 -1.2847 -1.34008 -1.04815 1.89593 -1.87897 -0.478711 -1.22588 0.556708 -1.3781
internal_weight=8000 7101 2418 1619 4683 4459 3437 3087 2011 1076 1455 686 1022 769 1030 886 556 424 672 799 899 404 868 563 224 305 589 321 722 751
internal_count=8000 7101 2418 1619 4683 4459 3437 3087 2011 1076 1455 686 1022 769 1030 886 556 424 672 799 899 404 868 563 224 305 589 321 722 751
is_linear=0
shrinkage=0.05


Tree=67
num_leaves=31
num_cat=0
split_feature=0 0 1 0 0 1 0 0 1 0 0 1 0 0 0 1 0 1 0 0 0 0 1 0 1 1 0 0 0 0
split_gain=732378 296306 617735 203509 184890 197705 122593 118563 116244 301629 291823 212268 128025 118118 86046.8 85289.7 74126.1 68670.4 59759.3 59151.4 55576.3 52036.7 63700.9 48964 47373.9 39596.2 69294 48556.4 37350.9 33780.7
threshold=9060.791666666677 7653.0999999999976 6517.5000000000009 8601.8583333333281 1991.7833333333344 5887.5000000000009 7102.9999999999973 6467.1916666666702 2460.5000000000005 2788.7583333333355 4288.0000000000082 4564.0000000000009 6295.8333333333376 5231.2083333333494 3556.5916666666672 7306.0000000000009 3556.5916666666672 6517.5000000000009 8393.2249999999931 8052.9916666666641 6905.2083333333312 9865.0666666666693 7306.0000000000009 9372.0250000000069 7306.0000000000009 5887.5000000000009 8017.3166666666648 8173.3416666666626 8005.8666666666595 4526.1583333333447
decision_type=2 2 2 2 2 2 2 2 2 2 2 2 2 2 2 2 2 2 2 2 2 2 2 2 2 2 2 2 2 2
left_child=1 4 18 15 -1 6 8 -7 9 -6 16 13 -13 29 -11 28 -10 20 25 -17 -9 22 23 -2 -5 26 -3 -27 -4 -12
right_child=21 2 3 24 5 7 -8 17 10 14 11 12 -14 -15 -16 19 -18 -19 -20 -21 -22 -23 -24 -25 -26 27 -28 -29 -30 -31
leaf_value=2.2785389058291914 -1.3589183548447634 -1.3912191625368797 0.85013002828097672 -0.89340231970596151 0.7864173314766959 2.7462871662406036 -0.72867227936009704 1.1664770965651996 2.8355407019222483 -0.49583956146510338 0.50196769992006007 2.0128123428649123 0.3940800526241226 -1.6447597632959763 -1.8038921105085746 2.6420608579195464 1.2312868979536571 1.7713580686282488 -2.9281063985016389 1.0028627794744411 0.28306481332983824 -2.464415784548688 -0.86849792467285247 -2.7269203366731345 0.0036502537091210904 -0.66981844027206972 -3.4752321720123294 -1.7758427870189046 0.040358055897794551 -0.34439658937834405
leaf_weight=128 210 236 223 301 512 86 339 283 85 491 160 159 527 161 169 65 471 153 59 359 480 93 501 95 288 335 48 141 394 448
leaf_count=128 210 236 223 301 512 86 339 283 85 491 160 159 527 161 169 65 471 153 59 359 480 93 501 95 288 335 48 141 394 448
internal_value=1.935e-09 0.170221 -0.274929 0.287963 0.404566 0.351544 0.175242 0.97124 0.271512 -0.124291 0.502185 0.129853 0.769267 -0.440548 -0.83078 0.708205 1.47654 0.804587 -1.39521 1.25415 0.610726 -1.34454 -1.21532 -1.78502 -0.454776 -1.27621 -1.74345 -0.997443 0.333031 -0.121669
internal_weight=8000 7101 2449 1630 4652 4524 3522 1002 3183 1172 2011 1455 686 769 660 1041 556 916 819 424 763 899 806 305 589 760 284 476 617 608
internal_count=8000 7101 2449 1630 4652 4524 3522 1002 3183 1172 2011 1455 686 769 660 1041 556 916 819 424 763 899 806 305 589 760 284 476 617 608
is_linear=0
shrinkage=0.05


Tree=68
num_leaves=31
num_cat=0
split_feature=0 0 1 0 0 1 0 0 1 0 1 0 0 0 0 0 0 1 0 1 1 1 0 0 0 1 0 0 0 0
split_gain=661561 273612 589596 227537 162610 169150 97379.2 84046.6 227152 314713 126219 173419 111936 98691 72697.9 72059.2 71214.5 70079.7 77278 62833.3 62707.1 50447.2 47347.2 46039.3 45997.3 45914.5 50064.8 43416.7 39639.4 35897.2
threshold=9084.0333333333365 7472.7999999999993 6517.5000000000009 8439.641666666661 1991.7833333333344 5887.5000000000009 6467.1916666666702 2592.4916666666672 2460.5000000000005 4338.9166666666761 4564.0000000000009 6295.8333333333376 3330.0666666666671 5231.2083333333494 3728.2416666666677 6905.2083333333312 8189.0833333333294 5887.5000000000009 7939.3499999999967 6517.5000000000009 7306.0000000000009 7306.0000000000009 9959.8666666666631 7906.6166666666659 7990.6166666666641 7306.0000000000009 9623.325000000008 9474.6416666666792 3777.6666666666647 6381.7833333333365
decision_type=2 2 2 2 2 2 2 2 2 2 2 2 2 2 2 2 2 2 2 2 2 2 2 2 2 2 2 2 2 2
left_child=1 4 16 21 -1 7 -7 -6 12 14 13 -12 -9 -11 -10 29 17 18 -3 -8 -5 23 25 -4 -23 27 -27 -2 -14 -13
right_child=22 2 3 20 5 6 19 8 9 10 11 15 28 -15 -16 -17 -18 -19 -20 -21 -22 24 -24 -25 -26 26 -28 -29 -30 -31
leaf_value=2.1646119425073267 -1.5461089291563437 -1.0596057707450064 1.0788669142434606 -0.6927231034690462 0.90073282903370766 2.6089727601339652 0.71379298330470065 -0.13719090320402758 2.1550407605293471 -0.16223028086694993 1.9121716700166278 -0.68323305018300962 -1.2011713264861725 -1.562521785220004 0.97415987502442292 -0.42437968465820552 -2.0440281857942284 -0.54993573419872555 -2.6774795181897222 2.8883379255022326 0.17144368239135926 3.4844776630401615 -3.2221752658967051 0.21620255457508097 1.2067779736477755 -0.57802417893916458 -1.5546396820569919 -3.6522739410400393 -3.4036649964072492 0.73717172781972962
leaf_weight=128 261 299 281 428 384 86 653 480 195 576 159 51 286 161 393 354 190 455 98 35 412 24 31 344 290 332 217 27 22 348
leaf_count=128 261 299 281 428 384 86 653 480 195 576 159 51 286 161 393 354 190 455 98 35 412 24 31 344 290 332 217 27 22 348
internal_value=4.40955e-10 0.158622 -0.22422 0.328993 0.409144 0.355426 1.0227 0.203924 0.11547 0.372625 0.018487 0.411728 -0.614552 -0.468128 1.36578 0.094901 -1.16872 -0.973516 -1.45898 0.824417 -0.26887 0.863821 -1.30333 0.604056 1.38087 -1.23227 -0.964045 -1.74356 -1.35849 0.555616
internal_weight=8000 7132 2821 1779 4311 4183 774 3409 3025 2237 1649 912 788 737 588 753 1042 852 397 688 840 939 868 625 314 837 549 288 308 399
internal_count=8000 7132 2821 1779 4311 4183 774 3409 3025 2237 1649 912 788 737 588 753 1042 852 397 688 840 939 868 625 314 837 549 288 308 399
is_linear=0
shrinkage=0.05


Tree=69
num_leaves=31
num_cat=0
split_feature=0 0 1 0 1 0 0 1 0 0 0 1 0 0 1 0 0 1 0 1 0 1 0 0 0 0 1 1 0 1
split_gain=600155 202332 231330 656644 256027 198552 135082 128601 208532 151788 101002 86003.3 69725.8 64596.7 71746.4 62073.4 60830.6 53761 49820.8 42549.8 42568.7 39225.1 39525.5 38810.4 38728.8 38585.5 37426.4 37053.4 36448.8 35461.5
threshold=8625.8833333333241 2444.6583333333338 6517.5000000000009 7399.6333333333287 2460.5000000000005 3799.9166666666656 3284.7916666666674 4564.0000000000009 4813.2166666666863 6884.0999999999949 9448.7250000000113 7306.0000000000009 8066.9666666666653 8005.8666666666595 7306.0000000000009 1827.0166666666669 6098.7166666666681 5887.5000000000009 5380.7583333333478 7306.0000000000009 7455.9583333333339 5887.5000000000009 8439.641666666661 3462.3250000000003 3754.0499999999984 4392.9000000000133 7306.0000000000009 5887.5000000000009 9959.8666666666631 5887.5000000000009
decision_type=2 2 2 2 2 2 2 2 2 2 2 2 2 2 2 2 2 2 2 2 2 2 2 2 2 2 2 2 2 2
left_child=1 15 3 4 6 23 -3 8 25 16 11 -2 17 19 -15 -1 -9 -5 -10 20 -4 -14 -23 -6 -8 -7 -12 -11 -28 -18
right_child=10 2 13 12 5 7 24 9 18 27 26 -13 21 14 -16 -17 29 -19 -20 -21 -22 22 -24 -25 -26 -27 28 -29 -30 -31
leaf_value=3.3871867895126346 -1.0951415845085706 0.03935286400921862 3.2423442840576175 -1.2516985032752121 3.9508746555873326 0.85949969408163762 -1.0417973953663118 3.2901497871645038 -0.66256931511346595 -0.26362518406375973 -2.9673212398182263 -0.19117945085042681 -3.7777654734524817 0.021747992413396283 0.95943119429985479 1.095112653405522 0.77092182362274242 -0.45260561865228505 -2.1692296857100266 2.9807923461451677 0.9756330146796286 -1.3730270202189809 -3.3586017336164207 1.7011375303701923 -2.7354773119876263 0.091732965234485986 -1.2674023902179992 0.48189792263242981 -3.0610664859894783 1.4231403151468676
leaf_weight=32 547 544 22 417 21 379 302 31 352 326 44 507 22 409 407 384 513 425 65 33 354 239 28 220 38 288 328 341 31 351
leaf_count=32 547 544 22 417 21 379 302 31 352 326 44 507 22 409 407 384 513 425 65 33 354 239 28 220 38 288 328 341 31 351
internal_value=4.29478e-10 0.204361 0.131911 -0.0216717 0.29525 0.523224 -0.449279 0.398084 -0.0203458 0.688467 -0.917731 -0.660313 -1.07836 0.746494 0.48944 1.27143 1.11397 -0.848356 -0.89742 1.25934 1.10826 -1.74846 -1.58125 1.89717 -1.23109 0.52799 -1.59098 0.117519 -1.42229 1.03589
internal_weight=8000 6543 6127 4902 3771 2887 884 2646 1084 1562 1457 1054 1131 1225 816 416 895 842 417 409 376 289 267 241 340 667 403 667 359 864
internal_count=8000 6543 6127 4902 3771 2887 884 2646 1084 1562 1457 1054 1131 1225 816 416 895 842 417 409 376 289 267 241 340 667 403 667 359 864
is_linear=0
shrinkage=0.05


Tree=70
num_leaves=31
num_cat=0
split_feature=0 1 0 0 1 0 0 0 1 0 0 1 0 0 1 1 1 0 0 0 0 0 0 0 1 0 0 0 0 1
split_gain=545714 231053 516898 140502 157050 97587.7 91154.4 90596.8 103792 230442 189216 128621 119712 91427.8 77618 67800.5 66723.5 59622.1 51963.9 45087.9 44500.4 40701.3 38966.1 36371 33777.3 33232.8 32895.1 31921.6 31126.7 29534.2
threshold=7683.4750000000013 6517.5000000000009 8625.8833333333241 2144.4500000000012 5887.5000000000009 6580.9916666666695 9448.7250000000113 7300.3166666666648 2460.5000000000005 4288.0000000000082 3065.5833333333344 4564.0000000000009 6295.8333333333376 4956.1000000000176 7306.0000000000009 7306.0000000000009 6517.5000000000009 3485.9666666666658 8173.3416666666626 3728.2416666666677 8425.1416666666573 1827.0166666666669 5421.6583333333447 6352.766666666671 7306.0000000000009 2686.9083333333351 9959.8666666666631 9275.4083333333347 7374.5999999999967 5887.5000000000009
decision_type=2 2 2 2 2 2 2 2 2 2 2 2 2 2 2 2 2 2 2 2 2 2 2 2 2 2 2 2 2 2
left_child=3 20 15 21 7 23 14 8 10 17 25 13 -13 -11 27 -3 28 -10 -17 -12 29 -1 -15 -6 -8 -5 -26 -4 -7 -2
right_child=1 2 6 4 5 16 24 -9 9 11 19 12 -14 22 -16 18 -18 -19 -20 -21 -22 -23 -24 -25 26 -27 -28 -29 -30 -31
leaf_value=3.2178275823593143 -1.5893707420405758 0.2422834832981951 -0.84222755715458408 0.68709183277096608 3.5333696562668373 0.59902614660623543 -2.8189552047035913 -0.82634156513909629 3.2654924229213176 0.082409842664908084 -0.78651797633807541 1.7534585118012609 0.22379115878491143 -0.83667076822603126 -0.1816204778354108 1.8385594341304754 1.4944941473286055 1.1336347680022285 0.67844415720903417 -2.3104533386230468 -2.8952142813266857 1.2917554039168559 -2.6505695025126141 1.5878833079338075 -1.2040322769751273 -0.061618159888894297 -2.908013202298072 -1.7766400649629792 -0.14568976105488454 -0.92730024532895339
leaf_weight=32 261 614 431 352 29 507 44 235 35 448 413 159 654 288 507 143 171 521 297 55 39 192 33 140 328 256 31 116 194 475
leaf_count=32 261 614 431 352 29 507 44 235 35 448 413 159 654 288 507 143 171 521 297 55 39 192 33 140 328 256 31 116 194 475
internal_value=4.8381e-10 -0.494616 -0.26169 0.344784 0.283813 0.822068 -0.871844 0.121354 0.190647 0.392219 -0.209874 0.084481 0.522951 -0.379077 -0.627298 0.581759 0.608946 1.26783 1.05548 -0.965613 -1.2493 1.56691 -1.02315 1.92172 -1.51143 0.371846 -1.35117 -1.04038 0.392928 -1.16208
internal_weight=8000 3286 2511 4714 4490 1041 1457 3449 3214 2138 1076 1582 813 769 1054 1054 872 556 440 468 775 224 321 169 403 608 359 547 701 736
internal_count=8000 3286 2511 4714 4490 1041 1457 3449 3214 2138 1076 1582 813 769 1054 1054 872 556 440 468 775 224 321 169 403 608 359 547 701 736
is_linear=0
shrinkage=0.05


Tree=71
num_leaves=31
num_cat=0
split_feature=0 0 1 0 0 1 0 0 1 0 0 0 0 1 0 1 0 0 1 0 1 0 0 0 1 0 1 0 0 0
split_gain=495474 203896 321698 195391 179191 162559 201898 122100 169751 207709 114150 55991.4 51118.7 49267.1 42860.2 41995.7 41617.8 40023.2 39905.7 36379.1 49951.1 34695.3 34222.7 33620.8 33560.8 48739.9 31440.4 57258.5 32245.1 29465.6
threshold=9084.0333333333365 6949.6249999999982 6517.5000000000009 8393.2249999999931 7699.6166666666677 4564.0000000000009 4813.2166666666863 1991.7833333333344 2460.5000000000005 2929.0083333333328 3754.0499999999984 6098.7166666666681 3655.2833333333319 7306.0000000000009 7489.3916666666692 5887.5000000000009 5421.6583333333447 8379.2333333333318 7306.0000000000009 9815.8500000000004 7306.0000000000009 7990.6166666666641 4430.341666666679 9325.6666666666733 5887.5000000000009 8039.5166666666673 5887.5000000000009 6352.766666666671 6295.8333333333376 6381.7833333333365
decision_type=2 2 2 2 2 2 2 2 2 2 2 2 2 2 2 2 2 2 2 2 2 2 2 2 2 2 2 2 2 2
left_child=1 5 4 14 15 6 7 -1 9 -9 -10 -7 -11 -5 -4 -3 -8 24 -16 20 23 -20 -12 -2 25 -6 28 -28 -13 -30
right_child=19 2 3 13 17 11 16 8 10 12 22 26 -14 -15 18 -17 -18 -19 21 -21 -22 -23 -24 -25 -26 -27 27 -29 29 -31
leaf_value=1.8843111406080426 -1.0281009317701684 -0.50780695315235969 2.2997342665990193 -0.55459314531282244 -1.2645322432143744 3.0379693062074722 -0.66768705662495154 0.53675379124102429 1.8284883467356363 -0.57178369539052054 0.76535662467701038 1.33345982079627 -1.8085241065305824 0.18460648637602098 0.52692281035317012 0.15712164110993473 -2.5180409807147406 -2.3252288937568664 3.0692860921223959 -1.92081479449426 -0.67019031250097783 1.0824048250827651 0.038876181334489959 -2.1152897275984288 -0.81770138420857674 -3.2765380641392299 3.356701107682853 1.0499985138144625 -0.69880705537164911 0.58113185051056604
leaf_weight=128 160 469 48 460 215 31 384 608 210 462 442 128 102 442 580 481 33 72 24 124 456 260 256 128 430 35 29 372 51 380
leaf_count=128 160 469 48 460 215 31 384 608 210 462 442 128 102 442 580 481 33 72 24 124 456 260 256 128 430 35 29 372 51 380
internal_value=8.80235e-10 0.137274 -0.133843 0.329423 -0.627595 0.400895 0.19491 0.385474 0.293238 -0.104341 0.806412 0.946513 -0.79545 -0.192369 0.845494 -0.171143 -0.814118 -1.20423 0.764703 -1.12793 -0.99578 1.25031 0.498911 -1.5113 -1.08554 -1.54621 0.878977 1.21682 0.636626 0.429677
internal_weight=8000 7132 3516 1814 1702 3616 2625 2208 2080 1172 908 991 564 902 912 950 417 752 864 868 744 284 698 288 680 250 960 401 559 431
internal_count=8000 7132 3516 1814 1702 3616 2625 2208 2080 1172 908 991 564 902 912 950 417 752 864 868 744 284 698 288 680 250 960 401 559 431
is_linear=0
shrinkage=0.05


Tree=72
num_leaves=31
num_cat=0
split_feature=0 0 1 0 0 1 0 0 1 0 0 0 0 0 1 0 0 1 1 1 0 0 0 0 0 0 1 0 0 0
split_gain=447825 172275 316144 161838 149305 146710 182605 114282 209726 119465 109031 50532.3 44488.5 40195.5 50613.3 39768.4 38951.1 38761.2 37778.9 37765.7 36496.4 35966.4 35934.3 32756.6 31804.5 28962.5 28374.9 51675.8 29101.2 26592.7
threshold=8991.225000000004 6949.6249999999982 6517.5000000000009 7715.9583333333348 8410.208333333323 4564.0000000000009 4859.3833333333523 2344.2250000000013 2460.5000000000005 3225.9166666666674 3754.0499999999984 6098.7166666666681 1827.0166666666669 9778.2416666666686 7306.0000000000009 7505.1083333333354 9325.6666666666733 7306.0000000000009 7306.0000000000009 5887.5000000000009 8439.641666666661 4477.5166666666782 5380.7583333333478 3777.6666666666647 7990.6166666666641 3462.3250000000003 5887.5000000000009 6352.766666666671 6295.8333333333376 6381.7833333333365
decision_type=2 2 2 2 2 2 2 2 2 2 2 2 2 2 2 2 2 2 2 2 2 2 2 2 2 2 2 2 2 2
left_child=1 5 3 19 15 6 7 12 9 -9 25 -7 -1 14 16 -4 -2 -6 -17 -3 -5 -12 -8 -11 -20 -10 28 -28 -13 -30
right_child=13 2 4 20 17 11 22 8 10 23 21 26 -14 -15 -16 18 -18 -19 24 -21 -22 -23 -24 -25 -26 -27 27 -29 29 -31
leaf_value=2.9627205789089204 -0.91614184030165369 -0.48794342376210764 2.0608987249177075 -1.08878859956131 -0.50384413166673159 2.8860708482803838 -0.60302848626510253 0.13016653499281447 3.4986319950648714 -0.90171057641931951 0.70216704422808429 1.2667868146440016 1.0074118394288234 -1.7339108205610707 -0.5261044294850844 0.47545169655701686 -2.0095251969993115 0.21134093930550299 2.9158218383789065 0.13507904547665803 -2.9296495028904506 -0.033313261331932152 -1.8925346609262321 -2.8907589305530896 1.0162025448045655 1.541334171396084 3.1888661614779767 0.99749859398811747 -0.66386668679176597 0.55207526248144478
leaf_weight=32 224 483 58 701 385 31 320 576 21 350 474 128 320 155 485 581 128 373 24 490 28 256 65 22 269 189 29 372 51 380
leaf_count=32 224 483 58 701 385 31 320 576 21 350 474 128 320 155 485 581 128 373 24 490 28 256 65 22 269 189 29 372 51 380
internal_value=1.64896e-09 0.140747 -0.115213 -0.596216 0.369206 0.38085 0.185165 0.358054 0.203847 -0.320907 0.733066 0.899188 1.18517 -0.994306 -0.857342 0.793034 -1.31374 -0.151913 0.708897 -0.174191 -1.15949 0.444245 -0.820737 -1.01934 1.1718 1.73706 0.835028 1.15598 0.604794 0.408194
internal_weight=8000 7008 3392 1702 1690 3616 2625 2240 1888 948 940 991 352 992 837 932 352 758 874 973 729 730 385 372 293 210 960 401 559 431
internal_count=8000 7008 3392 1702 1690 3616 2625 2240 1888 948 940 991 352 992 837 932 352 758 874 973 729 730 385 372 293 210 960 401 559 431
is_linear=0
shrinkage=0.05


Tree=73
num_leaves=31
num_cat=0
split_feature=0 1 0 0 1 0 0 0 1 0 0 1 0 0 1 1 1 0 0 0 0 1 0 0 0 0 0 1 0 0
split_gain=405614 169615 386345 106278 116266 76359.3 72105.7 70689.4 70224.7 172766 150644 64789.6 102335 90588.4 58143.1 53702.8 51832.3 40643.7 39118.8 35470 34974.5 31733.9 45679.7 29441.2 29317.4 28626.5 27843.4 26319.1 26743.7 25322.2
threshold=7683.4750000000013 6517.5000000000009 8625.8833333333241 2101.3583333333349 5887.5000000000009 6580.9916666666695 7327.408333333331 9448.7250000000113 2460.5000000000005 4033.2000000000021 3065.5833333333344 4564.0000000000009 4956.1000000000176 6248.4500000000025 7306.0000000000009 6517.5000000000009 7306.0000000000009 8173.3416666666626 3485.9666666666658 8345.8333333333303 3754.0499999999984 5887.5000000000009 8017.3166666666648 2686.9083333333351 5421.6583333333447 1827.0166666666669 6861.1749999999947 7306.0000000000009 9959.8666666666631 6352.766666666671
decision_type=2 2 2 2 2 2 2 2 2 2 2 2 2 2 2 2 2 2 2 2 2 2 2 2 2 2 2 2 2 2
left_child=3 19 16 25 6 29 8 14 10 18 23 12 -11 -13 -4 -7 -3 -18 -10 21 -12 22 -2 -5 -14 -1 -15 -9 -29 -6
right_child=1 2 7 4 5 15 -8 27 9 11 20 13 24 26 -16 -17 17 -19 -20 -21 -22 -23 -24 -25 -26 -27 -28 28 -30 -31
leaf_value=2.8145845890045167 -1.0692087855137571 0.20552087864510149 -0.89653192920954228 0.62113447494120921 3.0294228652427937 0.32962517266539093 -0.76221882610976166 -2.4717667557976464 2.8750077274867465 0.21764561097615545 -0.70759525815414825 1.6734204828504504 -0.72413752600938708 0.49462408693716864 -0.15327053235942972 1.3178814623090958 1.6090870937267383 0.58308841933179589 1.1242640456097031 -2.0004111793015027 -2.2900912636204769 -0.68213561449208726 -2.7766335884730022 -0.071098181379147724 -2.2975122047193124 1.1763726421259344 -0.14320444799212109 -1.0434555539611454 -2.5798761306270475 1.4061142914635796
leaf_weight=32 213 614 547 384 29 701 222 44 35 608 430 127 288 400 507 171 143 297 361 91 38 423 48 256 33 160 299 328 31 140
leaf_count=32 213 614 547 384 29 701 222 44 35 608 430 127 288 400 507 171 143 297 361 91 38 423 48 256 33 160 299 328 31 140
internal_value=9.80161e-10 -0.426425 -0.226855 0.297249 0.24833 0.711945 0.109685 -0.754357 0.169078 0.335658 -0.154309 0.122801 -0.163661 0.444983 -0.539005 0.523423 0.50234 0.916538 1.279 -1.07303 -0.836089 -0.949654 -1.38322 0.344241 -0.885886 1.44941 0.22179 -1.31759 -1.17613 1.68467
internal_weight=8000 3286 2511 4714 4522 1041 3481 1457 3259 2151 1108 1755 929 826 1054 872 1054 440 396 775 468 684 261 640 321 192 699 403 359 169
internal_count=8000 3286 2511 4714 4522 1041 3481 1457 3259 2151 1108 1755 929 826 1054 872 1054 440 396 775 468 684 261 640 321 192 699 403 359 169
is_linear=0
shrinkage=0.05


Tree=74
num_leaves=31
num_cat=0
split_feature=0 0 1 0 0 1 0 1 0 0 0 0 0 1 0 0 0 1 0 1 0 0 1 0 0 1 0 0 1 0
split_gain=370052 152976 325804 144294 91342.6 96678.9 128371 104824 157057 101337 73570.3 62885.2 50743.4 44181.6 38234.1 37441.2 35551.9 33075.9 31716.5 29125.6 30040.1 28891 30722.9 28327.2 26459 26228.2 36008.8 30400 25827.8 31275.8
threshold=9084.0333333333365 7275.2083333333312 6517.5000000000009 8467.6249999999945 1991.7833333333344 4564.0000000000009 4956.1000000000176 2460.5000000000005 2741.0583333333348 3777.6666666666647 6691.083333333333 8066.9666666666653 3512.3666666666663 5887.5000000000009 4477.5166666666782 7455.9583333333339 6098.7166666666681 7306.0000000000009 7922.9666666666617 5887.5000000000009 8102.9916666666641 9904.2083333333339 7306.0000000000009 9474.6416666666792 5421.6583333333447 7306.0000000000009 7906.6166666666659 8017.3166666666648 5887.5000000000009 6352.766666666671
decision_type=2 2 2 2 2 2 2 2 2 2 2 2 2 2 2 2 2 2 2 2 2 2 2 2 2 2 2 2 2 2
left_child=1 4 11 15 -1 6 7 8 -6 -9 16 13 -10 18 -11 -4 -7 -5 -3 -13 -21 22 23 -2 -8 26 -17 -27 -18 -30
right_child=21 2 3 17 5 10 24 9 12 14 -12 19 -14 -15 -16 25 28 -19 -20 20 -22 -23 -24 -25 -26 27 -28 -29 29 -31
leaf_value=1.6359873375855387 -1.1492756010629095 -0.72000947082228961 2.7215766906738281 -0.53255967322979536 0.60328215846597844 2.6580964088439942 -0.68793064959269645 1.5364710472326364 -0.29980608243670676 0.62670151144641373 0.2802636912703747 -3.1523103887384591 -1.2429412703015912 -0.24139761240303576 -0.08562275948788739 0.86488175660017008 0.67067574538642505 0.11137516970943917 -1.7784133467563366 0.55561521322954277 -1.4145325936922213 -2.0148412381449052 -0.66458615082600181 -2.8505172729492188 -2.1826366193366775 2.2718763863168112 0.12135414910477216 0.8185482294507781 2.87795164174047 1.1198034941736195
leaf_weight=128 261 400 22 407 480 31 288 226 491 458 768 22 201 511 320 294 381 391 86 21 246 62 518 27 33 41 365 294 29 198
leaf_count=128 261 400 22 407 480 31 288 226 491 458 768 22 201 511 320 294 381 391 86 21 246 62 518 27 33 41 365 294 29 198
internal_value=-5.99507e-10 0.118634 -0.145458 0.28613 0.321682 0.27859 0.0918145 0.229509 -0.0916899 0.604455 0.610059 -0.754245 -0.573751 -0.566 0.333715 0.681343 1.00643 -0.217048 -0.907299 -1.40366 -1.25958 -0.97477 -0.894765 -1.30877 -0.841592 0.636187 0.453064 0.996418 0.922219 1.34441
internal_weight=8000 7132 3100 1814 4032 3904 2497 2176 1172 1004 1407 1286 692 997 778 1016 639 798 486 289 267 868 806 288 321 994 659 335 608 227
internal_count=8000 7132 3100 1814 4032 3904 2497 2176 1172 1004 1407 1286 692 997 778 1016 639 798 486 289 267 868 806 288 321 994 659 335 608 227
is_linear=0
shrinkage=0.05


Tree=75
num_leaves=31
num_cat=0
split_feature=0 0 1 0 0 1 0 1 0 0 0 0 1 0 0 0 0 0 1 0 1 0 0 0 1 0 0 1 1 0
split_gain=333972 138538 310076 130544 83290.8 79131.8 118480 88012.6 153331 91541.6 71914.1 51972.9 50588.4 51975.7 44443.2 36049.9 33231.6 33182.1 31140.1 26578.8 38495.1 25565.3 23909.5 23879.2 23725.1 31197.9 26570.8 20376 19838 30987.5
threshold=9084.0333333333365 7327.408333333331 6517.5000000000009 8439.641666666661 1939.4833333333343 4564.0000000000009 4956.1000000000176 2460.5000000000005 2788.7583333333355 3754.0499999999984 6735.8416666666662 8189.0833333333294 5887.5000000000009 7939.3499999999967 3629.2499999999986 4477.5166666666782 6098.7166666666681 7455.9583333333339 7306.0000000000009 9778.2416666666686 7306.0000000000009 9474.6416666666792 3462.3250000000003 5421.6583333333447 7306.0000000000009 7825.3916666666673 7990.6166666666641 5887.5000000000009 5887.5000000000009 6352.766666666671
decision_type=2 2 2 2 2 2 2 2 2 2 2 2 2 2 2 2 2 2 2 2 2 2 2 2 2 2 2 2 2 2
left_child=1 4 11 17 -1 6 7 8 -6 22 16 12 13 -3 -10 -11 -7 -4 -5 20 21 -2 -9 -8 25 -19 -26 -12 -18 -30
right_child=19 2 3 18 5 10 23 9 14 15 27 -13 -14 -15 -16 -17 28 24 -20 -21 -22 -23 -24 -25 26 -27 -28 -29 29 -31
leaf_value=1.7579275074259688 -1.0918118136767228 -0.73025260824274707 2.5854978214610709 -0.48360336671417986 0.5617754976337036 2.5251915900937973 -0.65353412259266619 3.1031264713832312 -0.37956622620345598 0.60551777424581577 -0.034238846422080436 -1.5181277995360525 -0.29095688567195971 -2.0199866742503887 -1.446832315861678 -0.081341620690654967 0.63566312652352419 0.90566751712407823 0.12537075908474843 -1.5194438923366609 -0.49459573714709021 -2.7079914093017581 1.3247464846050929 -2.0735047744982174 2.5759825627009079 0.18015561082266679 0.84484166718377129 0.48151941255334052 2.7340540129562907 0.9996496940890085
leaf_weight=96 261 385 22 428 544 31 288 21 541 474 382 190 551 98 119 320 413 234 412 155 425 27 189 33 24 404 290 384 29 230
leaf_count=96 261 385 22 428 544 31 288 21 541 474 382 190 551 98 119 320 413 234 412 155 425 27 189 33 24 404 290 384 29 230
internal_value=-5.62854e-11 0.112703 -0.143114 0.271824 0.302534 0.267587 0.0980517 0.22854 -0.059728 0.574232 0.559456 -0.758062 -0.618398 -0.991938 -0.571998 0.328698 0.924633 0.665727 -0.184916 -0.926032 -0.797029 -1.24333 1.50258 -0.799512 0.621362 0.446252 0.977158 0.224314 0.850797 1.19385
internal_weight=8000 7132 3038 1814 4094 3998 2529 2208 1204 1004 1469 1224 1034 483 660 794 703 974 840 868 713 288 210 321 952 638 314 766 672 259
internal_count=8000 7132 3038 1814 4094 3998 2529 2208 1204 1004 1469 1224 1034 483 660 794 703 974 840 868 713 288 210 321 952 638 314 766 672 259
is_linear=0
shrinkage=0.05


Tree=76
num_leaves=31
num_cat=0
split_feature=0 0 1 0 1 0 1 0 0 0 0 0 1 0 1 1 0 0 0 0 0 1 0 1 0 0 1 0 1 0
split_gain=302846 107035 110196 329653 149131 101189 72387.6 99330.2 78481.7 60397.1 51628.6 45626.6 43439.4 41240 40728.3 38688.5 43946.8 37056.2 34321.3 33295 24812.4 23546 33168.1 22864.8 24973 21611.2 19519.8 19457.1 19274.3 21158.4
threshold=8672.2250000000004 2541.0250000000005 6517.5000000000009 7399.6333333333287 2460.5000000000005 3839.2833333333342 4564.0000000000009 4672.4666666666826 6905.2083333333312 3377.7833333333342 9448.7250000000113 8005.8666666666595 7306.0000000000009 8223.0749999999935 7306.0000000000009 5887.5000000000009 7990.6166666666641 1827.0166666666669 6153.1166666666677 5333.5083333333487 3462.3250000000003 5887.5000000000009 6381.7833333333365 7306.0000000000009 7455.9583333333339 3777.6666666666647 5887.5000000000009 9275.4083333333347 7306.0000000000009 9959.8666666666631
decision_type=2 2 2 2 2 2 2 2 2 2 2 2 2 2 2 2 2 2 2 2 2 2 2 2 2 2 2 2 2 2
left_child=1 17 3 4 9 20 7 -7 18 -3 14 23 -13 15 27 16 -5 -1 -8 -9 -6 -20 -23 24 -4 -11 -10 -2 -12 -30
right_child=10 2 11 13 5 6 8 19 26 25 28 12 -14 -15 -16 -17 -18 -19 21 -21 -22 22 -24 -25 -26 -27 -28 -29 29 -31
leaf_value=2.5041595429182055 -0.61865227303892301 -0.085782336850089083 2.4562229156494144 -0.7851536038628919 2.9479701450892861 0.42908490769229557 1.914192144522473 -0.34622333802421612 -0.21609765920334328 -0.86366494771415803 -2.1343395363200797 -0.055470520580023469 0.6479460694598056 -1.4869442312340988 -0.1439700033395874 -0.35277302439598057 -2.2120800896296426 0.74296541536792315 0.48000112906023107 -1.3749155989608046 1.1577216729838475 2.2796676063537595 0.83101444067088548 2.1943262649304938 0.72007806389092721 -2.4972277554598725 0.33842096081286122 -1.3547632024205964 -0.90757077157997146 -2.2741680852828488
leaf_weight=32 397 544 22 376 21 544 63 416 312 254 44 443 435 171 479 521 63 448 495 97 247 45 324 33 354 22 323 116 328 31
leaf_count=32 397 544 22 376 21 544 63 416 312 254 44 443 435 171 479 521 63 448 495 97 247 45 324 33 354 22 323 116 328 31
internal_value=1.16158e-09 0.14138 0.0850336 -0.0243509 0.203623 0.372638 0.277947 -0.0416022 0.494184 -0.391434 -0.6694 0.496224 0.293033 -0.771566 -0.475523 -0.644139 -0.989929 0.860378 0.787517 -0.540732 1.298 0.705364 1.00768 0.932414 0.821661 -0.993876 0.0659646 -0.785102 -1.14663 -1.02558
internal_weight=8000 6605 6125 4838 3707 2887 2619 1057 1562 820 1395 1287 878 1131 992 960 439 480 927 513 268 864 369 409 376 276 635 513 403 359
internal_count=8000 6605 6125 4838 3707 2887 2619 1057 1562 820 1395 1287 878 1131 992 960 439 480 927 513 268 864 369 409 376 276 635 513 403 359
is_linear=0
shrinkage=0.05


Tree=77
num_leaves=31
num_cat=0
split_feature=0 1 0 0 1 0 0 0 1 0 0 1 0 0 1 0 1 1 0 0 0 0 0 0 0 1 0 0 0 0
split_gain=274404 115369 261695 73867.3 85151.8 53238.5 49017.7 46049.6 60165.5 115440 92715.1 71288.4 62606.6 49504.7 39753.3 35890.5 35460.7 31983.6 30840 28939.9 25047.3 23841.9 22499.6 19657.4 17982.5 17395.1 19112.9 15525.6 15483.5 15460.2
threshold=7683.4750000000013 6517.5000000000009 8625.8833333333241 2187.9250000000006 5887.5000000000009 6488.4666666666717 9448.7250000000113 7231.2083333333312 2460.5000000000005 4288.0000000000082 3180.0083333333337 4564.0000000000009 6248.4500000000025 5282.350000000014 7306.0000000000009 3535.7000000000003 7306.0000000000009 6517.5000000000009 8173.3416666666626 8439.641666666661 1827.0166666666669 3777.6666666666647 7374.5999999999967 2741.0583333333348 9248.0250000000033 7306.0000000000009 9730.8000000000065 7455.9583333333339 6861.1749999999947 6439.3500000000031
decision_type=2 2 2 2 2 2 2 2 2 2 2 2 2 2 2 2 2 2 2 2 2 2 2 2 2 2 2 2 2 2
left_child=3 19 16 20 7 -6 14 8 10 15 23 13 -13 -11 24 -10 -3 22 -18 -2 -1 -12 -7 -5 -4 -8 -27 -19 29 -14
right_child=1 2 6 4 5 17 25 -9 9 11 21 12 28 -15 -16 -17 18 27 -20 -21 -22 -23 -24 -25 -26 26 -28 -29 -30 -31
leaf_value=2.3789516210556032 -0.82486059019543723 0.16848924269745014 -0.57490659078381146 0.44625579813318011 1.6778677655201333 0.49475684320937052 -2.0276225111701272 -0.53793796461474686 1.9618300860268729 -0.097595253664476342 -0.67963554265455428 1.4175429168193947 -0.087404163421715725 -1.1712670527196438 -0.12200847668150767 0.75087005333216106 1.3598616143623434 2.3334117802706635 0.46612923730475209 -2.4621662684849333 0.88350290492359962 -2.3723664197054779 -0.12809047412424898 -0.11074477715463016 -1.2449111756050226 -0.59601364084223363 -1.3261448521187069 0.91046969682578271 -0.11419658591638462 0.59421633652325534
leaf_weight=32 747 614 415 352 102 574 44 280 70 640 382 127 118 129 507 486 143 22 297 28 224 22 194 288 132 173 186 149 241 282
leaf_count=32 747 614 415 352 102 574 44 280 70 640 382 127 118 129 507 486 143 22 297 28 224 22 194 288 132 173 186 149 241 282
internal_value=1.48634e-09 -0.350736 -0.186144 0.244489 0.197059 0.592967 -0.620289 0.0764444 0.131282 0.285933 -0.17876 0.0625943 0.403336 -0.277704 -0.440961 0.903329 0.413997 0.475118 0.756592 -0.884015 1.07043 -0.771814 0.337423 0.195606 -0.73659 -1.0893 -0.974299 1.09354 0.202393 0.393138
internal_weight=8000 3286 2511 4714 4458 1041 1457 3417 3137 2093 1044 1537 768 769 1054 556 1054 939 440 775 256 404 768 640 547 403 359 171 641 400
internal_count=8000 3286 2511 4714 4458 1041 1457 3417 3137 2093 1044 1537 768 769 1054 556 1054 939 440 775 256 404 768 640 547 403 359 171 641 400
is_linear=0
shrinkage=0.05


Tree=78
num_leaves=31
num_cat=0
split_feature=0 1 0 0 0 1 1 0 0 1 0 0 0 0 1 0 0 0 0 1 1 0 0 0 0 0 1 0 0 0
split_gain=249054 88290.6 240717 64743.7 62037.9 76504.8 57244.4 106678 84852.6 49859.7 97139.4 65009.4 31764.1 29584.1 27661.2 40393.6 26207.6 25877.1 22645.9 24555.9 20218 38362.3 17803.6 17726.3 17593.4 17375.2 16312.9 27872.8 16401.5 26533.4
threshold=8318.5499999999938 6517.5000000000009 7399.6333333333287 1991.7833333333344 9194.033333333331 6517.5000000000009 2460.5000000000005 3027.7666666666678 3728.2416666666677 4564.0000000000009 4526.1583333333447 6905.2083333333312 5333.5083333333487 6098.7166666666681 5887.5000000000009 8039.5166666666673 8601.8583333333281 3680.6416666666655 7519.7666666666673 7306.0000000000009 7306.0000000000009 9730.8000000000065 2641.8916666666687 8138.4333333333288 7990.6166666666641 3462.3250000000003 5887.5000000000009 6413.8916666666692 6295.8333333333376 6381.7833333333365
decision_type=2 2 2 2 2 2 2 2 2 2 2 2 2 2 2 2 2 2 2 2 2 2 2 2 2 2 2 2 2 2
left_child=1 2 3 -1 5 -2 7 22 25 10 -10 13 -12 -11 15 -4 -7 -9 -3 -20 -6 -22 -5 -16 -21 -8 28 -28 -15 -30
right_child=4 18 14 6 20 16 8 17 9 11 12 -13 -14 26 23 -17 -18 -19 19 24 21 -23 -24 -25 -26 -27 27 -29 29 -31
leaf_value=1.3592120454314227 -1.5062903159597647 1.5253232215767476 -0.76383789551748649 0.5357682531368203 -1.2753740508055342 0.18550838396256286 2.702480052766346 -0.46783104096528105 0.51200454445151811 2.2323451472866922 -0.26081397211466995 0.057076580102636124 -1.2476064464787848 0.97520171892829244 -0.24611288072402648 -2.5344934517996656 -0.32095667196485789 -1.4254209007936367 0.36994763569044564 2.2694739898045859 -0.35688222036824302 -1.259837621274174 0.0058103287694393664 -0.95917296832967036 0.84148864738485762 1.1799416289932425 1.9224732464757459 0.72854165285166916 -0.74035135940009478 0.48082518785731632
leaf_weight=128 115 67 404 416 207 381 21 415 521 31 512 635 97 128 470 35 775 85 509 24 320 186 256 107 213 174 58 311 51 348
leaf_count=128 115 67 404 416 207 381 21 415 521 31 512 635 97 128 470 35 775 85 509 24 320 186 256 107 213 174 58 311 51 348
internal_value=-1.59235e-10 0.16021 0.0844928 0.252023 -0.485797 -0.276386 0.217108 -0.0775969 0.336745 0.263789 0.0107963 0.446813 -0.417988 0.713784 -0.605908 -0.905006 -0.154034 -0.630621 0.644778 0.565694 -0.859095 -0.688799 0.33388 -0.378344 0.986095 1.34391 0.661244 0.916206 0.482723 0.324735
internal_weight=8000 6016 5203 4187 1984 1271 4059 1172 2887 2692 1130 1562 609 927 1016 439 1156 500 813 746 713 506 672 577 237 195 896 369 527 399
internal_count=8000 6016 5203 4187 1984 1271 4059 1172 2887 2692 1130 1562 609 927 1016 439 1156 500 813 746 713 506 672 577 237 195 896 369 527 399
is_linear=0
shrinkage=0.05


Tree=79
num_leaves=31
num_cat=0
split_feature=0 1 0 0 1 0 0 0 1 0 1 0 0 0 1 0 1 1 0 0 0 1 0 0 0 0 0 0 0 0
split_gain=225199 94555 212622 60756.6 64333.8 44762.7 42923.9 41452.7 40802.5 82908 60557.1 102973 62303.1 37078.9 36984.5 33587.7 30684.6 30288.3 25748.6 25311.3 24878.3 19234.7 18057.5 16974.8 15855.3 15681.1 14846 19396.4 14484.3 14292
threshold=7683.4750000000013 6517.5000000000009 8625.8833333333241 1939.4833333333343 5887.5000000000009 6580.9916666666695 6905.2083333333312 9474.6416666666792 4564.0000000000009 4956.1000000000176 2460.5000000000005 2741.0583333333348 3728.2416666666677 6197.7833333333338 7306.0000000000009 3556.5916666666672 6517.5000000000009 7306.0000000000009 8121.1499999999987 4392.9000000000133 8439.641666666661 7306.0000000000009 5421.6583333333447 9959.8666666666631 9275.4083333333347 3462.3250000000003 8005.8666666666595 8138.4333333333288 6352.766666666671 7423.7583333333323
decision_type=2 2 2 2 2 2 2 2 2 2 2 2 2 2 2 2 2 2 2 2 2 2 2 2 2 2 2 2 2 2
left_child=3 20 17 -1 6 28 8 14 9 10 11 -5 25 -10 24 -13 29 26 -19 -14 -2 -9 -11 -23 -4 -12 -3 -28 -6 -7
right_child=1 2 7 4 5 16 -8 21 13 22 12 15 19 -15 -16 -17 -18 18 -20 -21 -22 23 -24 -25 -26 -27 27 -29 -30 -31
leaf_value=1.4664697467174848 -0.74567389561465636 0.49260140584372891 -0.5372038634385905 0.48616184163111031 2.3033510241015205 0.37497922325524985 -0.33981165810431146 -2.3007251739501955 1.4507260536520106 -0.54533697651026569 2.5673560551234655 -0.25113478590080773 0.54691969954616881 0.36630433674974139 -0.10016994682894108 -1.0619451121113004 0.99772941145980565 1.3395077211666953 0.46400069554965795 -0.013149487368840106 -2.2637434686933244 -0.80475057205007339 -1.7801400849313447 -2.0311605761128089 -1.1617028026708536 1.1209445556004842 -0.73247734227135219 0.13973346467948322 1.075631138426917 -0.15945105239566118
leaf_weight=96 747 205 431 512 29 538 490 27 95 288 21 523 425 463 521 169 171 113 327 384 28 314 33 31 133 174 79 330 140 163
leaf_count=96 747 205 431 512 29 538 490 27 95 288 21 523 425 463 521 169 171 113 327 384 28 314 33 31 133 174 79 330 140 163
internal_value=-6.1927e-10 -0.317738 -0.168732 0.221487 0.195606 0.541542 0.0949291 -0.56006 0.163936 0.0785493 0.187705 -0.0514098 0.474452 0.550928 -0.403899 -0.449151 0.397202 0.372222 0.688847 0.281077 -0.80052 -1.01553 -0.672279 -0.91495 -0.68447 1.27671 0.145325 -0.0287376 1.2863 0.250711
internal_weight=8000 3286 2511 4714 4618 1041 3577 1457 3087 2529 2208 1204 1004 558 1085 692 872 1054 440 809 775 372 321 345 564 195 614 409 169 701
internal_count=8000 3286 2511 4714 4618 1041 3577 1457 3087 2529 2208 1204 1004 558 1085 692 872 1054 440 809 775 372 321 345 564 195 614 409 169 701
is_linear=0
shrinkage=0.05


Tree=80
num_leaves=31
num_cat=0
split_feature=0 1 0 0 0 1 1 0 1 0 1 0 0 1 0 0 1 0 0 0 0 0 1 0 0 0 0 0 0 0
split_gain=205072 72839.6 197070 52832.4 50739.9 64364.7 47176.2 35946.1 31750.8 29246.7 78068.1 90629.8 38700 34230.7 51395.2 50097.2 27112.7 37986.4 23542.2 21604.1 20488.8 16805.5 16493.2 17520 22672.3 15669.6 15540.7 15461.7 15287.1 15262
threshold=8318.5499999999938 6517.5000000000009 7348.8416666666635 1939.4833333333343 9448.7250000000113 7306.0000000000009 5887.5000000000009 6580.9916666666695 6517.5000000000009 2592.4916666666672 2460.5000000000005 4086.0750000000025 3462.3250000000003 4564.0000000000009 6295.8333333333376 5124.8416666666817 5887.5000000000009 7922.9666666666617 3512.3666666666663 9248.0250000000033 7455.9583333333339 8121.1499999999987 7306.0000000000009 7775.8333333333367 8256.391666666661 4526.1583333333447 8005.8666666666595 7966.8583333333308 7990.6166666666641 6381.7833333333365
decision_type=2 2 2 2 2 2 2 2 2 2 2 2 2 2 2 2 2 2 2 2 2 2 2 2 2 2 2 2 2 2
left_child=1 2 3 -1 5 8 9 -8 -2 -5 12 18 -11 15 -15 25 17 -4 -12 -10 -3 27 23 -22 26 -13 -25 -18 -24 -16
right_child=4 20 16 6 -6 -7 7 -9 19 10 11 13 -14 14 29 -17 21 -19 -20 -21 22 -23 28 24 -26 -27 -28 -29 -30 -31
leaf_value=1.3931462579406799 -1.3752112728616466 2.0905885523015804 -0.56488975599977287 0.52314263983593834 -0.94164637061362866 0.040194347320045808 1.2219897200369978 0.37632642501713331 -0.36052020754133807 -0.123763705850453 1.8685317822222443 0.35004379214563719 -0.89159213953167848 1.1085784358423461 -0.7216490212608786 -0.7907302247948117 -0.31086657872264412 -1.6340527084138659 0.74273016307602324 -1.0645966109283493 0.76118950442570021 -0.8360244853794575 2.089024861653646 0.37569444449555955 1.1643123725652695 -0.13784665424706571 -0.34525158491730695 0.4083515431246032 0.7579230685539089 0.17757442431441745
leaf_weight=96 115 22 360 416 403 710 169 490 624 555 53 288 233 159 51 225 398 108 375 132 205 120 24 149 50 384 150 92 213 631
leaf_count=96 115 22 360 416 403 710 169 490 624 555 53 288 233 159 51 225 398 108 375 132 205 120 24 149 50 384 150 92 213 631
internal_value=-1.13604e-09 0.145377 0.0766036 0.233912 -0.44082 -0.313158 0.20629 0.593196 -0.601195 0.130631 0.0753557 0.230393 -0.350799 0.0698933 0.29906 -0.144966 -0.525341 -0.81162 0.88214 -0.483454 0.585507 -0.305704 0.543647 0.394314 0.178815 0.0712493 0.0140158 -0.17583 0.892718 0.11033
internal_weight=8000 6016 5203 4125 1984 1581 4029 659 871 3370 2954 2166 788 1738 841 897 1078 468 428 756 813 610 791 554 349 672 299 490 237 682
internal_count=8000 6016 5203 4125 1984 1581 4029 659 871 3370 2954 2166 788 1738 841 897 1078 468 428 756 813 610 791 554 349 672 299 490 237 682
is_linear=0
shrinkage=0.05


Tree=81
num_leaves=31
num_cat=0
split_feature=0 0 1 0 1 0 0 0 1 0 0 0 0 0 1 0 0 1 0 0 1 0 0 1 0 0 1 0 0 0
split_gain=186715 73427.3 123536 71192 69328.8 78607.2 68670.9 48916.3 84442.2 60538.3 44164.3 24186.9 20937.2 20719.3 19998.2 18985.8 18737.4 18666.1 18187.3 17698 16022.5 17499.5 33906.7 15757.2 18744.2 15148.1 15059.3 26458.6 22032 17944.3
threshold=9035.3250000000025 6905.2083333333312 6517.5000000000009 7715.9583333333348 4564.0000000000009 4813.2166666666863 8304.0416666666624 2232.9666666666676 2460.5000000000005 3284.7916666666674 3680.6416666666655 6098.7166666666681 1827.0166666666669 8439.641666666661 7306.0000000000009 9904.2083333333339 5380.7583333333478 5887.5000000000009 7455.9583333333339 3777.6666666666647 7306.0000000000009 8256.391666666661 8005.8666666666595 7306.0000000000009 9347.8166666666712 4392.9000000000133 5887.5000000000009 8039.5166666666673 8155.8666666666631 7906.6166666666659
decision_type=2 2 2 2 2 2 2 2 2 2 2 2 2 2 2 2 2 2 2 2 2 2 2 2 2 2 2 2 2 2
left_child=1 4 3 17 5 7 18 12 9 -9 -10 -6 -1 26 -8 23 -7 -3 -4 -11 21 22 -20 24 -2 -12 27 -5 29 -28
right_child=15 2 6 13 11 16 14 8 10 19 25 -13 -14 -15 -16 -17 -18 -19 20 -21 -22 -23 -24 -25 -26 -27 28 -29 -30 -31
leaf_value=2.049062579870224 -0.60361099393071183 -0.31681322296737757 1.9860590241172098 -0.79915541331584927 1.9927626902057278 -0.36887844496767769 -0.28378048250868976 0.10544509721136518 1.2456436275695424 -0.61842134920645908 0.51098665401485621 0.57218338835078997 0.69252759445589618 -2.0817957503455027 0.17225793974885359 -1.5113042698271815 -1.292862571552396 0.10746126850679788 0.56898645642292445 -2.0848002173683859 0.88278136339452529 1.401377704815987 -0.32798901135971148 -0.44284197712779377 -1.4059119284152986 0.048385139828961754 -0.68370521680666851 -2.2887824712480818 -0.95691348203544413 0.11643175798174191
leaf_weight=32 208 515 22 201 31 352 491 672 161 318 459 896 256 28 471 62 65 522 354 22 225 39 150 548 112 288 130 35 183 152
leaf_count=32 208 515 22 201 31 352 491 672 161 318 459 896 256 28 471 62 65 522 354 22 225 39 150 548 112 288 130 35 183 152
internal_value=-4.58865e-10 0.0876084 -0.0743031 -0.369417 0.24797 0.1167 0.223169 0.235606 0.144459 -0.169629 0.494522 0.619689 0.843254 -0.748048 -0.0605018 -0.666012 -0.512905 -0.103244 0.568602 -0.713305 0.527998 0.380988 0.302029 -0.605634 -0.884416 0.332634 -0.694774 -1.02007 -0.529676 -0.252426
internal_weight=8000 7070 3518 1766 3552 2625 1752 2208 1920 1012 908 927 288 729 962 930 417 1037 790 340 768 543 504 868 320 747 701 236 465 282
internal_count=8000 7070 3518 1766 3552 2625 1752 2208 1920 1012 908 927 288 729 962 930 417 1037 790 340 768 543 504 868 320 747 701 236 465 282
is_linear=0
shrinkage=0.05


Tree=82
num_leaves=31
num_cat=0
split_feature=0 0 1 0 1 0 1 0 0 0 0 0 0 1 0 0 0 0 1 0 1 1 0 0 0 1 0 1 0 0
split_gain=169547 62587.5 49835.4 89504.5 47602.5 179394 55133 47266.1 44388.6 41445.5 31666.5 23814 23699 25344.7 30663.3 22620.4 21528 20752.8 20066.3 16634.3 16357.5 15514.8 16444.6 28681.9 14419.3 14361.7 14079.7 13903.5 13045.4 12608.3
threshold=8867.5666666666675 2592.4916666666672 2460.5000000000005 4086.0750000000025 6517.5000000000009 7423.7583333333323 4564.0000000000009 6884.0999999999949 8304.0416666666624 5124.8416666666817 3377.7833333333342 1827.0166666666669 8189.0833333333294 5887.5000000000009 7939.3499999999967 9474.6416666666792 6098.7166666666681 3485.9666666666658 7306.0000000000009 7472.7999999999993 7306.0000000000009 7306.0000000000009 8256.391666666661 8005.8666666666595 3777.6666666666647 7306.0000000000009 9959.8666666666631 5887.5000000000009 7990.6166666666641 4526.1583333333447
decision_type=2 2 2 2 2 2 2 2 2 2 2 2 2 2 2 2 2 2 2 2 2 2 2 2 2 2 2 2 2 2
left_child=1 11 10 17 5 6 9 16 19 29 -3 -1 13 14 -7 18 -8 -4 -2 -6 -17 22 23 -21 -12 -10 -22 -9 -23 -5
right_child=15 2 3 4 8 12 7 27 25 -11 24 -13 -14 -15 -16 20 -18 -19 -20 21 26 28 -24 -25 -26 -27 -28 -29 -30 -31
leaf_value=1.9466094732284547 -0.65135216168563792 -0.088152135786367589 1.9653385516575406 0.31470229534897953 1.6057820252009802 -0.52861596563705271 1.8931246449870447 -0.17879662230403282 -0.21412325624891473 -0.71940334280828644 -0.64621224048158787 0.53788660749230377 -1.0929990523739865 -0.23302815595337667 -1.5372657946177892 -2.0683109283447267 0.5520731873353254 0.69476398914796489 -0.1419293700542609 0.51805398847438022 -0.69001435853893478 1.9404345830281575 1.3313087927989473 -0.31158955776008468 -1.9805601770227608 0.22498504749412984 -1.8069550052765877 0.26793457800731735 0.70708501086157949 -0.12294198891904672
leaf_weight=32 406 512 35 288 35 326 31 341 378 225 254 480 190 487 98 27 864 393 369 341 314 24 39 150 22 367 31 356 201 384
leaf_count=32 406 512 35 288 35 326 31 341 378 225 254 480 190 487 98 27 864 393 369 341 314 24 39 150 22 367 31 356 201 384
internal_value=1.28254e-09 0.0941698 0.051233 0.104036 0.046026 -0.0536166 0.181459 0.358099 0.279066 -0.132041 -0.320868 0.625932 -0.585046 -0.479106 -0.761747 -0.562638 0.598523 0.798666 -0.408801 0.540172 -0.88313 0.490773 0.343092 0.264599 -0.752573 0.00218916 -0.790377 0.049376 0.838642 0.0646198
internal_weight=8000 6853 6341 5553 5125 3590 2489 1592 1535 897 788 512 1101 911 424 1147 895 428 775 790 372 755 530 491 276 745 345 697 225 672
internal_count=8000 6853 6341 5553 5125 3590 2489 1592 1535 897 788 512 1101 911 424 1147 895 428 775 790 372 755 530 491 276 745 345 697 225 672
is_linear=0
shrinkage=0.05


Tree=83
num_leaves=31
num_cat=0
split_feature=0 0 1 0 1 0 1 0 0 0 1 0 1 0 0 0 0 0 1 1 0 0 0 1 1 0 0 0 0 0
split_gain=154250 53695.3 63591.8 164790 74298.4 53634.8 35065.5 33434.2 31740.9 27906.7 25067.7 22352.1 37121.8 44357.2 24791.1 21906 20971.9 20463 18247.3 18170.5 17830.1 17778.5 16664.8 14762.6 14519 14285.6 13684.5 22675 13650.7 13042.7
threshold=8625.8833333333241 2541.0250000000005 6517.5000000000009 7423.7583333333323 2460.5000000000005 3777.6666666666647 5887.5000000000009 6467.1916666666702 3330.0666666666671 9474.6416666666792 7306.0000000000009 4430.341666666679 4564.0000000000009 6295.8333333333376 5282.350000000014 8077.6000000000013 1827.0166666666669 8017.3166666666648 5887.5000000000009 7306.0000000000009 7966.8583333333308 7825.3916666666673 8138.4333333333288 7306.0000000000009 7306.0000000000009 7519.7666666666673 6381.7833333333365 6809.7249999999967 3777.6666666666647 3462.3250000000003
decision_type=2 2 2 2 2 2 2 2 2 2 2 2 2 2 2 2 2 2 2 2 2 2 2 2 2 2 2 2 2 2
left_child=1 16 3 4 8 29 11 -8 -3 10 -2 -7 14 -14 -13 18 -1 24 21 22 -20 -5 -19 -11 25 -4 -15 -28 -10 -6
right_child=9 2 17 15 5 6 7 -9 28 23 -12 12 13 26 -16 -17 -18 19 20 -21 -22 -23 -24 -25 -26 -27 27 -29 -30 -31
leaf_value=1.8492789983749391 -0.56812023083359031 -0.039005198400627709 1.2332569556449777 -0.41091984619220451 2.185012572152274 0.40949195047311415 1.4225962929947433 0.37068298428323898 -0.58904056214186906 -1.9648954391479494 -0.087077585349195505 -0.13131329568213379 0.9700151310905627 -0.74177939097086598 -0.90227254612385765 -0.94420437461290607 0.52434004685575408 -0.70297776277576185 -0.33775088794609265 0.47462928738062243 0.55256279261032148 -1.091192122377163 0.14638619931245392 -0.75085829502430523 1.5594591443131609 0.42991736695285171 0.44869711608905671 -0.13860167193283537 -1.8815321835604584 0.87666946443115801
leaf_weight=32 564 512 67 258 21 426 86 621 286 27 521 544 159 51 129 273 448 70 350 399 67 153 330 345 41 318 283 392 22 205
leaf_count=32 564 512 67 258 21 426 86 621 286 27 521 544 159 51 129 273 448 70 350 399 67 153 330 345 41 318 283 392 22 205
internal_value=7.96244e-12 0.103605 0.0633027 -0.0181793 0.140213 0.258419 0.196286 0.498638 -0.28028 -0.465261 -0.337131 0.0885419 0.000785298 0.213617 -0.27909 -0.555793 0.612669 0.385107 -0.42773 0.23589 -0.194703 -0.66416 -0.00225249 -0.838974 0.664976 0.569719 0.0479596 0.107629 -0.681361 0.998241
internal_weight=8000 6543 6063 4838 3737 2917 2691 707 820 1457 1085 1984 1558 885 673 1101 480 1225 828 799 417 411 400 372 426 385 726 675 308 226
internal_count=8000 6543 6063 4838 3737 2917 2691 707 820 1457 1085 1984 1558 885 673 1101 480 1225 828 799 417 411 400 372 426 385 726 675 308 226
is_linear=0
shrinkage=0.05


Tree=84
num_leaves=31
num_cat=0
split_feature=0 0 1 0 0 1 0 0 1 0 0 0 0 0 0 0 0 1 1 0 0 1 0 1 0 0 0 0 1 1
split_gain=140024 55903.1 88599.1 55929.7 52535.5 51789.3 59243.9 37757.9 51746 57932.7 33619.2 18944.1 17679.6 17520.5 16086 15211.6 14983.8 13831.4 13825.4 16885.6 11923.3 11442.9 21062.5 11399.8 22425.6 15766 14443.3 11390.5 11172.3 11026.1
threshold=9084.0333333333365 6905.2083333333312 6517.5000000000009 8578.0833333333267 7715.9583333333348 4564.0000000000009 4813.2166666666863 2045.2333333333338 2460.5000000000005 3126.2833333333342 3680.6416666666655 6098.7166666666681 8439.641666666661 7519.7666666666673 5421.6583333333447 3754.0499999999984 9959.8666666666631 5887.5000000000009 7306.0000000000009 8089.3999999999951 7952.9249999999965 5887.5000000000009 6352.766666666671 5887.5000000000009 8039.5166666666673 8173.3416666666626 7906.6166666666659 2741.0583333333348 7306.0000000000009 7306.0000000000009
decision_type=2 2 2 2 2 2 2 2 2 2 2 2 2 2 2 2 2 2 2 2 2 2 2 2 2 2 2 2 2 2
left_child=1 5 4 13 17 6 7 -1 9 27 -10 -7 23 -4 -8 -11 29 -3 20 -20 -15 -13 -23 24 -6 26 -25 -9 -5 -2
right_child=16 2 3 28 12 11 14 8 10 15 -12 21 -14 18 -16 -17 -18 -19 19 -21 -22 22 -24 25 -26 -27 -28 -29 -30 -31
leaf_value=0.94302327820798382 -0.81019239487343142 -0.27374712643624982 1.1715941208512035 -0.39453326559401125 -0.67424557237186244 1.7499676304478802 -0.35549328072520442 0.35372300483535846 1.0824464840918595 -0.4404757220222002 0.28585916131504513 0.34322739045150702 -1.875845766067505 0.45472632253897649 -1.5058696443384345 -1.4875259989186338 -1.6790643784307666 0.091472364731589734 1.1696586483127469 0.39696276983428364 0.03054821984308613 1.9997412254070417 0.59595919431771005 -0.62098100658792721 -2.0456502505711147 -0.83094963604627647 0.085615345250609473 -0.064365494903904627 0.019843529439501982 -0.42819503878390858
leaf_weight=160 288 515 67 333 201 31 384 448 161 398 747 527 28 278 33 38 31 522 91 317 410 29 340 130 35 172 163 256 318 549
leaf_count=160 288 515 67 333 201 31 384 448 161 398 747 527 28 278 33 38 31 522 91 317 410 29 340 130 35 172 163 256 318 549
internal_value=1.10893e-11 0.0729761 -0.0664607 0.178965 -0.318557 0.213512 0.100056 0.203283 0.145491 -0.0788114 0.427104 0.534788 -0.643814 0.386682 -0.44653 -0.531732 -0.599615 -0.0899047 0.3387 0.569304 0.201946 0.492745 0.706284 -0.594603 -0.877632 -0.450958 -0.227892 0.201691 -0.192119 -0.559635
internal_weight=8000 7132 3580 1814 1766 3552 2625 2208 2048 1140 908 927 729 1163 417 436 868 1037 1096 408 688 896 369 701 236 465 293 704 651 837
internal_count=8000 7132 3580 1814 1766 3552 2625 2208 2048 1140 908 927 729 1163 417 436 868 1037 1096 408 688 896 369 701 236 465 293 704 651 837
is_linear=0
shrinkage=0.05


Tree=85
num_leaves=31
num_cat=0
split_feature=0 0 1 0 0 1 0 0 0 1 0 0 1 0 0 1 0 0 0 0 1 0 0 1 0 0 0 1 0 0
split_gain=126372 51237.8 118271 50476.5 34941.7 30870.5 26443.2 21512.4 20898.1 48129.9 56586.3 24856.8 19945.7 34538.4 33097.5 18517.7 15875.6 15712.6 15664.2 13769 14878.1 13588.6 13411.1 12915.3 15334.7 11735.4 10673.2 10083 10058.9 10812.5
threshold=9084.0333333333365 7327.408333333331 6517.5000000000009 8578.0833333333267 1883.1833333333338 5887.5000000000009 6488.4666666666717 8077.6000000000013 2592.4916666666672 2460.5000000000005 4033.2000000000021 3607.0999999999999 4564.0000000000009 6248.4500000000025 5178.3750000000155 5887.5000000000009 7535.6583333333328 7825.3916666666673 3485.9666666666658 9815.8500000000004 7306.0000000000009 9347.8166666666712 7966.8583333333308 7306.0000000000009 8077.6000000000013 4526.1583333333447 8439.641666666661 7306.0000000000009 7952.9249999999965 8138.4333333333288
decision_type=2 2 2 2 2 2 2 2 2 2 2 2 2 2 2 2 2 2 2 2 2 2 2 2 2 2 2 2 2 2
left_child=1 4 7 16 -1 8 -7 15 -6 11 18 -10 14 -14 25 17 -4 -3 -11 20 21 -2 -17 28 -25 -12 -9 -5 -18 -30
right_child=19 2 3 27 5 6 -8 26 9 10 12 -13 13 -15 -16 22 23 -19 -20 -21 -22 -23 -24 24 -26 -27 -28 -29 29 -31
leaf_value=1.343898676428944 -0.49570611458991404 -0.3760847754530427 1.065986956106989 -0.37480659920711057 0.42417934118670281 1.2224222323473763 0.34474678661419483 -0.7515785000032309 -0.1484643477360158 1.7298654678889684 0.27975405426754152 -0.89159045668647574 0.9955105874482103 0.09917520174652722 -0.68351425228765905 -0.24184250440628491 0.42249137011207782 -0.99306047353284821 0.62200888911896801 -1.0574278417854541 -0.31064147921279073 -1.2002175322600774 0.52065387353745862 1.1520339000515822 0.38710291472269348 -0.12299607875577818 -1.7820534569876536 0.018851354605746721 -0.39501742610538548 0.18450149678066374
leaf_weight=64 176 317 76 333 448 102 541 245 652 35 320 136 127 699 193 414 269 153 361 124 456 112 67 82 326 416 28 318 110 300
leaf_count=64 176 317 76 333 448 102 541 245 652 35 320 136 127 699 193 414 269 153 361 124 456 112 67 82 326 416 28 318 110 300
internal_value=5.65909e-10 0.0693273 -0.0862476 0.170017 0.184773 0.166365 0.483974 -0.466038 0.10607 0.0575793 0.180047 -0.27672 0.0582279 0.236989 -0.100714 -0.353729 0.367348 -0.57693 0.719926 -0.569634 -0.488335 -0.769683 -0.135632 0.318501 0.540839 0.0521127 -0.857268 -0.182513 0.184902 0.0290208
internal_weight=8000 7132 3038 1814 4094 4030 643 1224 3387 2939 2151 788 1755 826 929 951 1163 470 396 868 744 288 481 1087 408 736 273 651 679 410
internal_count=8000 7132 3038 1814 4094 4030 643 1224 3387 2939 2151 788 1755 826 929 951 1163 470 396 868 744 288 481 1087 408 736 273 651 679 410
is_linear=0
shrinkage=0.05


Tree=86
num_leaves=31
num_cat=0
split_feature=0 1 0 0 0 1 1 0 0 1 0 0 1 1 0 1 0 0 0 0 0 0 0 1 0 1 0 0 0 0
split_gain=114167 41682 108404 31592.2 31019 38452.6 27679.2 24595.4 19104.1 45977.6 51602.5 21254.2 18412 16450.6 25006.4 16002.7 32031.9 31677.7 15353.5 13442 12710.3 13792.6 15107.1 16847.5 17174.5 12314.1 10765 10711.6 10668.6 10472.9
threshold=8304.0416666666624 6517.5000000000009 7348.8416666666635 1883.1833333333338 9474.6416666666792 7306.0000000000009 5887.5000000000009 6580.9916666666695 2641.8916666666687 2460.5000000000005 3984.0166666666687 3629.2499999999986 6517.5000000000009 5887.5000000000009 8039.5166666666673 4564.0000000000009 6197.7833333333338 5068.7000000000162 9248.0250000000033 3485.9666666666658 7455.9583333333339 8256.391666666661 8223.0749999999935 7306.0000000000009 8005.8666666666595 7306.0000000000009 8138.4333333333288 5421.6583333333447 9959.8666666666631 6352.766666666671
decision_type=2 2 2 2 2 2 2 2 2 2 2 2 2 2 2 2 2 2 2 2 2 2 2 2 2 2 2 2 2 2
left_child=1 2 3 -1 5 12 8 29 -5 11 19 -10 -2 14 -4 17 -17 -12 -14 -11 -3 22 23 24 -22 -6 -26 -19 -27 -8
right_child=4 20 13 6 25 -7 7 -9 9 10 15 -13 18 -15 -16 16 -18 27 -20 -21 21 -23 -24 -25 26 28 -28 -29 -30 -31
leaf_value=1.2767037375597283 -1.0188288395966942 1.6329250855879351 -0.50875712459558498 0.39198418450308964 -1.7661301083034939 0.036339242308167742 1.8386331410243593 0.27429626780238991 -0.16950572012094678 1.6433721869332449 0.093170794857856398 -0.89746925938530131 -0.25366589292612546 -0.21745461483099576 -1.8981993375505721 1.0831000697926472 0.10827146915771346 -0.43149985149502756 -0.81763035079976865 0.61269829453182867 0.43814685273978671 1.116784954443574 -0.55797911012588552 0.82824794195634743 -0.59969281544790998 -0.56996980594696511 0.32670653382172954 -1.3964004285407789 -1.5422397621216313 0.79467161904055894
leaf_weight=64 123 22 433 480 27 736 29 490 637 35 704 119 635 602 35 95 746 224 149 329 354 64 43 176 79 314 52 33 31 140
leaf_count=64 123 22 433 480 27 736 29 490 637 35 704 119 635 602 35 95 746 224 149 329 354 64 43 176 79 314 52 33 31 140
internal_value=3.04331e-10 0.109597 0.0581417 0.174469 -0.325529 -0.232182 0.157098 0.453687 0.0996456 0.0516228 0.168798 -0.284093 -0.450078 -0.390314 -0.612668 0.0591121 0.218389 -0.0802757 -0.360848 0.711802 0.447967 0.414023 0.350136 0.409211 0.257148 -0.73781 -0.231962 -0.555398 -0.657333 0.973813
internal_weight=8000 5985 5195 4125 2015 1643 4061 659 3402 2922 2166 756 907 1070 468 1802 841 961 784 364 790 768 704 661 485 372 131 257 345 169
internal_count=8000 5985 5195 4125 2015 1643 4061 659 3402 2922 2166 756 907 1070 468 1802 841 961 784 364 790 768 704 661 485 372 131 257 345 169
is_linear=0
shrinkage=0.05


Tree=87
num_leaves=31
num_cat=0
split_feature=0 0 1 0 1 0 0 1 0 0 0 1 0 0 1 0 0 0 0 1 0 0 0 1 1 0 1 0 0 0
split_gain=104520 36797.4 40755.9 116547 35912.4 36782.7 35501.5 23145.5 23044.7 20197.8 17413 25651.6 30720.5 18383.7 16855.1 16554 14025.7 13328.5 16896.8 13234.4 12744.3 12614.3 11894.6 11113.5 10425.2 10673.8 9997.02 22392.4 13285.7 10243.4
threshold=8625.8833333333241 2232.9666666666676 6517.5000000000009 7399.6333333333287 2460.5000000000005 3728.2416666666677 3180.0083333333337 5887.5000000000009 6580.9916666666695 9474.6416666666792 4392.9000000000133 4564.0000000000009 6295.8333333333376 5380.7583333333478 7306.0000000000009 8410.208333333323 8005.8666666666595 6381.7833333333365 6809.7249999999967 7306.0000000000009 1827.0166666666669 8138.4333333333288 3777.6666666666647 7306.0000000000009 7306.0000000000009 7455.9583333333339 5887.5000000000009 8017.3166666666648 8138.4333333333288 7966.8583333333308
decision_type=2 2 2 2 2 2 2 2 2 2 2 2 2 2 2 2 2 2 2 2 2 2 2 2 2 2 2 2 2 2
left_child=1 20 3 4 6 -6 -3 10 -9 14 -7 13 -13 -12 -2 26 24 -14 -19 21 -1 -18 -8 -11 25 -4 27 -5 29 -28
right_child=9 2 16 15 5 7 22 8 -10 23 11 12 17 -15 -16 -17 19 18 -20 -21 -22 -23 -24 -25 -26 -27 28 -29 -30 -31
leaf_value=1.5786338090896608 -0.46339053314440087 0.11158429440019016 1.5512788772583008 -0.46861893008570271 0.87943879598035268 0.36606431492155089 -0.42800970232962626 0.92512230220631031 0.2535164008831452 -1.6778236389160157 -0.13737524752621541 0.81534789993234402 -0.73222413483787996 -1.019914777141351 -0.068939919380074266 -1.358637046813965 -0.56970816916680034 0.39872855859226136 -0.11245922160875893 0.40054119543472178 0.5202853062946815 0.1336775016530671 -1.6236262234774506 -0.62446653400480323 1.4095281225262266 0.41623951059918707 -0.27133618612811994 -1.6129278779029848 -0.65756494825941392 0.28906647675803732
leaf_weight=32 564 608 22 391 195 425 382 169 523 27 640 159 51 65 521 48 79 283 377 407 256 330 22 345 33 354 365 48 174 105
leaf_count=32 564 608 22 391 195 425 382 169 523 27 640 159 51 65 521 48 79 283 377 407 256 330 22 345 33 354 365 48 174 105
internal_value=5.52722e-10 0.0852838 0.0598406 -0.00314422 0.126482 0.216324 -0.129818 0.16829 0.417536 -0.382987 0.0820513 0.0054129 0.187057 -0.218744 -0.273982 -0.450015 0.318464 0.0465536 0.106732 0.198685 0.63788 -0.00218428 -0.493118 -0.70092 0.557436 0.482651 -0.409744 -0.593737 -0.28432 -0.14614
internal_weight=8000 6543 6255 5030 3899 2887 1012 2692 692 1457 2000 1575 870 705 1085 1131 1225 711 660 816 288 409 404 372 409 376 1083 439 644 470
internal_count=8000 6543 6255 5030 3899 2887 1012 2692 692 1457 2000 1575 870 705 1085 1131 1225 711 660 816 288 409 404 372 409 376 1083 439 644 470
is_linear=0
shrinkage=0.05


Tree=88
num_leaves=31
num_cat=0
split_feature=0 0 1 0 1 0 0 0 1 0 0 0 0 0 0 0 0 0 1 1 0 0 1 0 1 0 1 0 0 0
split_gain=95141.3 38277.2 61095.5 38293.1 36269.9 41587.7 35681 26451 35664.5 38224.3 24845.2 14755.7 12633.1 11353.9 11338 11105.2 10734.8 10110.3 10005.8 9918.39 9214.78 8099.64 7910.48 11268.4 7739.1 15697.3 7665.19 16422.7 10444 13282.7
threshold=9084.0333333333365 6905.2083333333312 6517.5000000000009 8467.6249999999945 4564.0000000000009 4859.3833333333523 7715.9583333333348 2101.3583333333349 2460.5000000000005 3180.0083333333337 3607.0999999999999 6098.7166666666681 8439.641666666661 9959.8666666666631 7505.1083333333354 5421.6583333333447 3777.6666666666647 4392.9000000000133 5887.5000000000009 7306.0000000000009 1827.0166666666669 2741.0583333333348 7306.0000000000009 8173.3416666666626 5887.5000000000009 6352.766666666671 5887.5000000000009 8039.5166666666673 8155.8666666666631 7906.6166666666659
decision_type=2 2 2 2 2 2 2 2 2 2 2 2 2 2 2 2 2 2 2 2 2 2 2 2 2 2 2 2 2 2
left_child=1 4 6 14 5 7 18 20 9 21 -10 -6 26 -2 -4 -7 -11 -12 -3 -5 -1 -9 -16 -24 -13 -26 27 -8 29 -28
right_child=13 2 3 19 11 15 12 8 10 16 17 24 -14 -15 22 -17 -18 -19 -20 -21 -22 -23 23 -25 25 -27 28 -29 -30 -31
leaf_value=1.4997020591050387 -0.45945817954769286 -0.23249455567666338 1.0309999572819677 -0.2834110252636986 1.5177712548163631 -0.31632603903311646 -0.54905432410056321 0.28279573879419612 1.0230394566881247 -0.40660921968519692 0.38103557484860107 0.28523935215579493 -1.574077492100852 -1.4339044501704556 0.20571522608030898 -1.2755846392024648 -1.5424448901956733 0.021678665225626902 0.078137244992279295 0.069208553404835491 0.57024763474706563 -0.062146440936986541 0.84302443357614365 0.25674472912796775 1.7004453823484225 0.48857036957380312 -0.55340029454002015 -1.7226429694039482 -0.667387512778161 0.13500570475344401
leaf_weight=32 837 515 58 407 31 352 201 416 116 382 504 527 28 31 623 33 22 320 522 391 160 288 143 192 29 340 130 35 183 152
leaf_count=32 837 515 58 407 31 352 201 416 116 382 504 527 28 31 623 33 22 320 522 391 160 288 143 192 29 340 130 35 183 152
internal_value=-5.821e-10 0.0601539 -0.0552258 0.148577 0.176443 0.081496 -0.264568 0.164004 0.111396 -0.0807885 0.337927 0.445306 -0.53262 -0.49426 0.352171 -0.398548 -0.468462 0.241479 -0.0761302 -0.110636 0.725157 0.141683 0.311073 0.507007 0.408201 0.583813 -0.491021 -0.723103 -0.373232 -0.182345
internal_weight=8000 7132 3580 1814 3552 2625 1766 2240 2048 1108 940 927 729 868 1016 385 404 824 1037 798 192 704 958 335 896 369 701 236 465 282
internal_count=8000 7132 3580 1814 3552 2625 1766 2240 2048 1108 940 927 729 868 1016 385 404 824 1037 798 192 704 958 335 896 369 701 236 465 282
is_linear=0
shrinkage=0.05


Tree=89
num_leaves=31
num_cat=0
split_feature=0 0 1 0 1 0 0 1 0 0 0 0 1 0 0 0 0 0 0 0 0 1 0 1 0 1 0 0 0 0
split_gain=85926.3 31308.9 24191.6 94047 35043.7 30788.5 24150.5 22449.1 27780.3 25143.9 19006.9 15752.3 14305.3 15900.7 13455.1 12032 11730.6 14402.5 11718 10841.1 10637.7 10527.9 17977.1 8525.62 8426.24 7224.78 18985.8 11381.3 14206.6 6977.34
threshold=8791.8083333333325 2393.3000000000011 6517.5000000000009 7423.7583333333323 2460.5000000000005 3883.9333333333329 3330.0666666666671 4564.0000000000009 4761.9500000000189 6735.8416666666662 8304.0416666666624 9730.8000000000065 7306.0000000000009 9325.6666666666733 8425.1416666666573 6098.7166666666681 8256.391666666661 8223.0749999999935 1827.0166666666669 5421.6583333333447 3462.3250000000003 7306.0000000000009 7775.8333333333367 5887.5000000000009 3777.6666666666647 5887.5000000000009 7922.9666666666617 8102.9916666666641 7966.8583333333308 8269.7166666666617
decision_type=2 2 2 2 2 2 2 2 2 2 2 2 2 2 2 2 2 2 2 2 2 2 2 2 2 2 2 2 2 2
left_child=1 18 3 4 6 20 -3 8 -7 15 16 12 13 -2 25 -9 17 21 -1 -10 -6 22 -4 -11 -8 26 -5 28 -27 -18
right_child=11 2 10 14 5 7 24 9 19 23 -12 -13 -14 -15 -16 -17 29 -19 -20 -21 -22 -23 -24 -25 -26 27 -28 -29 -30 -31
leaf_value=1.4247169690206647 -0.33563946220376906 0.021057682005247394 0.60252204436792411 -0.34705751723001266 1.7578538349696569 0.1851532791288466 -0.44985109550611385 1.4418827529876463 -0.27029431777348062 -0.077421234029634536 0.024112237534525752 -0.80682854924791614 -0.13929533493422777 -0.98640172407031068 -1.328294370113275 0.43437041524891917 1.8121152877807618 -0.55592123105862112 0.42537245959339831 -1.2118054545286929 0.59092790631704217 0.72069439290684056 0.0037768110749311747 0.2322676930268894 -1.4653227155858821 -0.26811467094852459 -1.1149712756828025 -0.58109590128257627 0.46669936183794047 0.68579082949595016
leaf_weight=32 352 608 227 316 21 576 286 31 416 441 652 186 574 128 39 672 20 43 352 33 279 176 280 448 22 350 108 207 81 44
leaf_count=32 352 608 227 316 21 576 286 31 416 441 652 186 574 128 39 672 20 43 352 33 279 176 280 448 22 350 108 207 81 44
internal_value=-1.23528e-10 0.070182 0.0437748 -0.00887673 0.108118 0.192838 -0.161672 0.137839 -0.0446671 0.255345 0.223929 -0.382605 -0.307742 -0.509176 -0.416181 0.478798 0.388841 0.331636 0.508651 -0.339492 0.672613 0.387514 0.271854 0.0786425 -0.522385 -0.382685 -0.542658 -0.27637 -0.130017 1.03777
internal_weight=8000 6760 6376 4934 3833 2917 916 2617 1025 1592 1442 1240 1054 480 1101 703 790 726 384 449 300 683 507 889 308 1062 424 638 431 64
internal_count=8000 6760 6376 4934 3833 2917 916 2617 1025 1592 1442 1240 1054 480 1101 703 790 726 384 449 300 683 507 889 308 1062 424 638 431 64
is_linear=0
shrinkage=0.05


Tree=90
num_leaves=31
num_cat=0
split_feature=0 0 1 0 1 0 0 1 0 0 1 0 0 1 0 0 0 0 1 0 0 1 0 0 0 0 0 0 0 1
split_gain=77951 27417.2 31375.4 85546.2 30343.4 27643.1 23318.4 17849.9 19404.2 16193.6 15457.8 15250.5 12985.9 20330.1 24387.2 13945.8 12425.3 11382.8 10461.6 11466.1 10186.9 8506.67 8766.11 8184.67 7860.37 8969.33 7769.39 7121.18 6810.61 9604.37
threshold=8625.8833333333241 2344.2250000000013 6517.5000000000009 7399.6333333333287 2460.5000000000005 3728.2416666666677 3284.7916666666674 5887.5000000000009 6467.1916666666702 9730.8000000000065 7306.0000000000009 9325.6666666666733 4430.341666666679 4564.0000000000009 6197.7833333333338 5282.350000000014 8439.641666666661 8005.8666666666595 7306.0000000000009 8138.4333333333288 1827.0166666666669 7306.0000000000009 7455.9583333333339 3754.0499999999984 6861.1749999999947 6558.4083333333356 3462.3250000000003 6664.0666666666684 8077.6000000000013 5887.5000000000009
decision_type=2 2 2 2 2 2 2 2 2 2 2 2 2 2 2 2 2 2 2 2 2 2 2 2 2 2 2 2 2 2
left_child=1 20 3 4 6 26 -3 12 -9 10 11 -2 -7 15 -15 -14 28 21 19 -19 -1 22 -4 -8 25 -16 -6 -27 29 -5
right_child=9 2 17 16 5 7 23 8 -10 -11 -12 -13 13 14 24 -17 -18 18 -20 -21 -22 -23 -24 -25 -26 27 -28 -29 -30 -31
leaf_value=1.3534811201912818 -0.32047105092036321 0.046041855230118695 1.3920388568531383 -0.46445932312378829 1.6699611118861608 0.30336546631951777 -0.38398777431752906 1.0667077894214281 0.26413232289967759 -0.76648712773076311 -0.10442004677921753 -0.93708164268173277 -0.095595969581764251 0.91564909431495156 -0.0047596204158364113 -0.67383120733984692 -1.4289588417325703 -0.55169736285328497 0.34743982133952134 0.11891126900008231 0.41783409371331803 1.2608657533472236 0.3634200198736337 -1.1625885913246556 -0.11184124897896658 0.86402325723050299 0.65184664022091821 0.23802747797865167 -0.59489771651218137 -0.12987820045867313
leaf_weight=32 463 608 22 426 21 457 302 86 606 186 680 128 544 95 230 129 28 79 407 330 320 33 354 38 343 69 174 133 245 432
leaf_count=32 463 608 22 426 21 457 302 86 606 186 680 128 544 95 230 129 28 79 407 330 320 33 354 38 343 69 174 133 245 432
internal_value=2.84382e-10 0.0736507 0.0492454 -0.00665934 0.106038 0.186632 -0.139398 0.144991 0.363874 -0.330746 -0.266979 -0.454018 0.0692576 -7.95664e-05 0.159547 -0.206432 -0.388796 0.275877 0.167971 -0.0106195 0.502893 0.491159 0.423605 -0.471008 0.0668632 0.208751 0.76149 0.451858 -0.362391 -0.295999
internal_weight=8000 6543 6191 4966 3835 2887 948 2692 692 1457 1271 591 2000 1543 870 673 1131 1225 816 409 352 409 376 340 775 432 195 202 1103 858
internal_count=8000 6543 6191 4966 3835 2887 948 2692 692 1457 1271 591 2000 1543 870 673 1131 1225 816 409 352 409 376 340 775 432 195 202 1103 858
is_linear=0
shrinkage=0.05


Tree=91
num_leaves=31
num_cat=0
split_feature=0 0 1 0 1 0 0 0 1 0 0 1 0 0 0 0 0 1 0 0 0 0 1 0 0 0 0 0 1 0
split_gain=70985.5 28486.8 45810.3 28682 27322.3 31302.8 26912.4 20564.7 22261.2 35546.1 19104.4 11939.7 17221.8 11425.7 11364.1 10639.5 9435.97 9080.23 8964.17 8942.16 8580.45 7914.96 7889.38 13278.7 7072.4 9411.48 8650.47 7272.8 6831.97 6687.66
threshold=9084.0333333333365 6905.2083333333312 6517.5000000000009 8393.2249999999931 4564.0000000000009 4859.3833333333523 7810.0666666666666 1939.4833333333343 2460.5000000000005 2929.0083333333328 3580.4416666666662 5887.5000000000009 8102.9916666666641 7966.8583333333308 6153.1166666666677 3728.2416666666677 9959.8666666666631 7306.0000000000009 8052.9916666666641 7455.9583333333339 5421.6583333333447 4392.9000000000133 5887.5000000000009 6352.766666666671 7348.8416666666635 7079.4833333333308 7102.9999999999973 7153.3499999999967 5887.5000000000009 8439.641666666661
decision_type=2 2 2 2 2 2 2 2 2 2 2 2 2 2 2 2 2 2 2 2 2 2 2 2 2 2 2 2 2 2
left_child=1 4 6 19 5 7 24 -1 9 -9 -10 18 13 -13 -6 -11 -2 -5 -8 -4 -7 -12 -16 -24 25 -3 -27 -28 -29 -14
right_child=16 2 3 17 14 20 11 8 10 15 21 12 29 -15 22 -17 -18 -19 -20 -21 -22 -23 23 -25 -26 26 27 28 -30 -31
leaf_value=0.85740710546573018 -0.39520263547787676 -0.21624819743114393 1.32243689623746 -0.22652369759916127 1.0339471575168391 -0.27433019510089335 -0.68859997440180554 0.222074959295569 0.9487190295349468 -0.2509783121212642 0.33461211134970992 -0.34505303678661586 -0.5366540474116529 0.45387698305241858 0.20791192699449532 -0.98300850521434446 -1.2835434411802602 0.090821320353901835 -1.6510290704924486 0.30200908123662051 -1.1175236038863658 0.018676535886479544 1.5403691949515508 0.42575855194645773 -0.2098362081307546 0.98251749277114875 -0.35622915830463175 -0.020460830504326004 0.49919528578972722 -1.3575109720230103
leaf_weight=96 837 224 22 460 63 352 146 640 99 509 521 100 218 81 495 55 31 442 29 890 33 320 29 340 591 32 64 126 127 28
leaf_count=96 837 224 22 460 63 352 146 640 99 509 521 100 218 81 495 55 31 442 29 890 33 320 29 340 591 32 64 126 127 28
internal_value=-4.21119e-10 0.0519594 -0.0475768 0.1289 0.15228 0.0698726 -0.22885 0.141455 0.109397 -0.0329613 0.291737 -0.500262 -0.35771 0.0124792 0.385635 -0.322364 -0.426929 -0.0710176 -0.848088 0.326625 -0.346604 0.214399 0.338362 0.513357 -0.0884804 0.0366877 0.19903 0.11994 0.240394 -0.630085
internal_weight=8000 7132 3580 1814 3552 2625 1766 2240 2144 1204 940 602 427 181 927 564 868 902 175 912 385 841 864 369 1164 573 349 317 253 246
internal_count=8000 7132 3580 1814 3552 2625 1766 2240 2144 1204 940 602 427 181 927 564 868 902 175 912 385 841 864 369 1164 573 349 317 253 246
is_linear=0
shrinkage=0.05


Tree=92
num_leaves=31
num_cat=0
split_feature=0 1 0 0 1 0 0 0 1 0 0 1 0 1 1 0 0 1 0 1 0 0 0 0 0 1 0 0 0 0
split_gain=64280.8 26389.8 58496.7 19177.2 19997.6 17604 14275.3 14017.3 22284.4 36613.3 12290.1 11974.8 11677.6 11540.1 11266.2 10035.3 9933.3 9248.4 8589.83 18003.5 18114.6 13169.3 8359 7166.21 6363.02 6223.68 12210.8 7442.26 9654.77 6086.08
threshold=7729.6000000000013 6517.5000000000009 8601.8583333333281 1883.1833333333338 5887.5000000000009 6509.4166666666724 9474.6416666666792 2686.9083333333351 2460.5000000000005 4338.9166666666761 3655.2833333333319 7306.0000000000009 3512.3666666666663 6517.5000000000009 7306.0000000000009 9347.8166666666712 8052.9916666666641 7306.0000000000009 7231.2083333333312 4564.0000000000009 6248.4500000000025 5282.350000000014 8439.641666666661 9959.8666666666631 7423.7583333333323 5887.5000000000009 8039.5166666666673 8173.3416666666626 7906.6166666666659 7810.0666666666666
decision_type=2 2 2 2 2 2 2 2 2 2 2 2 2 2 2 2 2 2 2 2 2 2 2 2 2 2 2 2 2 2
left_child=3 22 14 -1 7 -6 11 -5 10 12 -9 -4 -10 24 -3 -13 -16 -8 19 21 -21 -11 25 -19 -7 26 29 28 -27 -2
right_child=1 2 6 4 5 13 17 8 9 18 -12 15 -14 -15 16 -17 -18 23 -20 20 -22 -23 -24 -25 -26 27 -28 -29 -30 -31
leaf_value=0.97524132183752954 -0.0034345651475282818 0.054685304541640646 -0.36393735829953089 0.29003385207233806 0.86505124932076749 0.21692957435655377 -1.4550252455252188 -0.15196206681115909 1.1319217416475404 -0.059428619002727306 -0.74409830723615267 -0.11982034897866481 0.35384792866550874 0.56211144055305706 0.96353985933157116 0.52214975271906172 0.29180806011498539 -0.42251261108626087 -0.267755475242557 0.7347037395682392 0.081069663843770581 -0.61563811117942024 -1.2896353696073806 -1.2193662628771798 -0.11266227059233457 -0.4855639454133871 -1.480814802987235 -0.56047422833913985 0.10681324280752727 -0.63690106604780472
leaf_weight=64 52 572 579 512 119 588 27 622 53 608 102 467 535 198 65 70 359 314 314 127 641 129 28 31 195 119 35 172 163 140
leaf_count=64 52 572 579 512 119 588 27 622 53 608 102 467 535 198 65 70 359 314 314 127 641 129 28 31 195 119 35 172 163 140
internal_value=1.79812e-10 -0.173901 -0.0971059 0.115512 0.103911 0.29075 -0.295619 0.0474958 0.00783454 0.0809923 -0.235385 -0.206206 0.42398 0.221084 0.199467 -0.0361371 0.394786 -0.563858 -0.0298802 0.0197496 0.189158 -0.156784 -0.442957 -0.494114 0.134847 -0.408144 -0.621909 -0.301262 -0.143162 -0.465337
internal_weight=8000 3193 2484 4807 4743 1100 1488 3643 3131 2407 724 1116 588 981 996 537 424 372 1819 1505 768 737 709 345 783 681 227 454 282 192
internal_count=8000 3193 2484 4807 4743 1100 1488 3643 3131 2407 724 1116 588 981 996 537 424 372 1819 1505 768 737 709 345 783 681 227 454 282 192
is_linear=0
shrinkage=0.05


Tree=93
num_leaves=31
num_cat=0
split_feature=0 0 1 0 1 0 0 0 1 0 0 0 0 0 1 0 0 0 0 0 1 0 0 0 0 1 1 0 0 0
split_gain=58931.3 23363.6 38079.5 23419.9 22713 26243.5 21630.8 17393.3 19883.1 24356.2 17207.6 11069.2 13065.2 10039.3 9730.44 14501.4 9803.07 8109.17 8025.7 7749.61 9427.28 11709.8 7389.97 7261.39 7190.21 6939.69 6755.54 8660.02 6611.85 6357.15
threshold=9084.0333333333365 6905.2083333333312 6517.5000000000009 8304.0416666666624 4564.0000000000009 4956.1000000000176 7810.0666666666666 2101.3583333333349 2460.5000000000005 3027.7666666666678 3655.2833333333319 8256.391666666661 8239.2916666666642 6098.7166666666681 5887.5000000000009 8102.9916666666641 7966.8583333333308 3728.2416666666677 9904.2083333333339 7455.9583333333339 7306.0000000000009 8005.8666666666595 8052.9916666666641 8138.4333333333288 4526.1583333333447 7306.0000000000009 7306.0000000000009 9372.0250000000069 5421.6583333333447 9670.1833333333452
decision_type=2 2 2 2 2 2 2 2 2 2 2 2 2 2 2 2 2 2 2 2 2 2 2 2 2 2 2 2 2 2
left_child=1 4 6 11 5 7 -3 -1 9 -9 -10 12 19 -6 22 16 -16 -11 26 -4 21 -21 -8 -23 -12 -5 27 -2 -7 -28
right_child=18 2 3 25 13 28 14 8 10 17 24 -13 -14 -15 15 -17 -18 -19 -20 20 -22 23 -24 -25 -26 -27 29 -29 -30 -31
leaf_value=0.57770475341512795 -0.34860035322336336 -0.082227231820211577 1.2282094857909465 -0.16709853948056555 1.2355736149895575 -0.2836760526458319 -0.62059085211678322 0.14719982592852926 0.7436123480650354 -0.25310394884670528 0.25931123737964712 0.9530038473312743 -0.93280172998254951 0.32035226133188455 -0.31418497323989869 -0.57264612523339142 0.42584246738273424 -0.89665317516435283 -0.93717501266829439 0.31480031551656418 0.57833830240753392 -0.54194722396286232 -1.4944368165114832 0.17773404608643245 -0.047203119219436006 0.093289072198901118 -0.12443313362646449 -0.93175707205345759 -1.0308655121561254 -0.50694668969800405
leaf_weight=192 193 1164 22 523 31 288 146 608 146 445 570 64 22 896 100 246 81 55 62 354 186 79 29 63 288 501 363 95 33 155
leaf_count=192 193 1164 22 523 31 288 146 608 146 445 570 64 22 896 100 246 81 55 62 354 186 79 29 63 288 501 363 95 33 155
internal_value=-6.85984e-10 0.0473426 -0.0427999 0.118098 0.138196 0.0630601 -0.208071 0.12207 0.080649 -0.0653878 0.241813 0.322639 0.26707 0.350958 -0.451397 -0.322708 0.0169875 -0.323894 -0.388995 0.304566 0.274771 0.160933 -0.7654 -0.222652 0.156425 -0.0397019 -0.346827 -0.540961 -0.36049 -0.238892
internal_weight=8000 7132 3580 1814 3552 2625 1766 2304 2112 1108 1004 790 726 927 602 427 181 500 868 704 682 496 175 142 858 1024 806 288 321 518
internal_count=8000 7132 3580 1814 3552 2625 1766 2304 2112 1108 1004 790 726 927 602 427 181 500 868 704 682 496 175 142 858 1024 806 288 321 518
is_linear=0
shrinkage=0.05


Tree=94
num_leaves=31
num_cat=0
split_feature=0 0 1 0 0 1 1 0 0 0 0 0 0 0 0 0 1 0 0 0 1 0 1 0 0 0 0 0 0 0
split_gain=53234.1 20836.6 15670.2 29299.4 14061.4 45818.4 22609.5 15716.6 12639 13091 11751.2 10007.1 9498.67 8950.58 8569.37 8784.07 8544.78 9090.12 8470.16 8205.38 8486.24 9065.75 7947.16 16963.6 15238.8 13969.2 8755.78 8516.85 7546.62 6741.78
threshold=8991.225000000004 2592.4916666666672 2460.5000000000005 4033.2000000000021 7699.6166666666677 6517.5000000000009 5887.5000000000009 6381.7833333333365 8601.8583333333281 8941.658333333331 3512.3666666666663 8892.4083333333347 7348.8416666666635 1827.0166666666669 8841.4500000000007 8867.5666666666675 7306.0000000000009 7990.6166666666641 3462.3250000000003 9778.2416666666686 7306.0000000000009 9372.0250000000069 4564.0000000000009 6295.8333333333376 5178.3750000000155 6381.7833333333365 6325.6833333333361 6809.7249999999967 8439.641666666661 8791.8083333333325
decision_type=2 2 2 2 2 2 2 2 2 2 2 2 2 2 2 2 2 2 2 2 2 2 2 2 2 2 2 2 2 2
left_child=1 13 10 18 6 28 12 -8 16 11 -3 14 22 -1 29 -16 -7 -18 -4 20 21 -2 24 -24 -5 26 -25 -27 -6 -10
right_child=19 2 3 4 5 8 7 -9 9 -11 -12 -13 -14 -15 15 -17 17 -19 -20 -21 -22 -23 23 25 -26 27 -28 -29 -30 -31
leaf_value=1.1652894296101295 -0.3135392814939878 -0.071699509990212767 1.4452504067193894 0.03411249878877045 -0.3599426775854046 0.064747111712836133 1.1930980232026842 0.23820536234008155 -0.1101334712550705 0.55929041706746629 -0.51465239976347421 -0.80552190340334373 -0.31856232668281698 0.30164505760728694 1.0123554029772359 -0.17793281688805551 1.304042891661326 0.30219407301908363 0.41334930000311387 -0.67698048027773061 -0.14530064725134637 -0.88516920564598167 0.60764682584401197 0.053817375451326366 -0.46504222353428137 0.30217583968103356 -1.2880411332653416 -0.067176880649472956 -1.1965212821960449 -0.69306347307658966
leaf_weight=32 257 587 21 736 724 591 45 1016 248 62 201 62 218 480 31 31 24 400 375 155 485 95 159 20 193 283 31 348 28 62
leaf_count=32 257 587 21 736 724 591 45 1016 248 62 201 62 218 480 31 31 24 400 375 155 485 95 159 20 193 283 31 348 28 62
internal_value=-9.54205e-11 0.0485265 0.0243218 0.0531758 0.0222461 -0.0721799 0.09233 0.278705 0.0865373 -0.120327 -0.184686 -0.217415 -0.00713874 0.355623 -0.119398 0.417211 0.187626 0.358902 0.468071 -0.342816 -0.280934 -0.467814 0.0312174 0.14257 -0.069587 0.0341426 -0.761822 0.0984758 -0.391092 -0.226719
internal_weight=8000 7008 6496 5708 5312 2263 3049 1061 1511 496 788 434 1988 512 372 62 1015 424 396 992 837 352 1770 841 929 682 51 631 752 310
internal_count=8000 7008 6496 5708 5312 2263 3049 1061 1511 496 788 434 1988 512 372 62 1015 424 396 992 837 352 1770 841 929 682 51 631 752 310
is_linear=0
shrinkage=0.05


Tree=95
num_leaves=31
num_cat=0
split_feature=0 0 1 0 1 0 0 0 1 0 0 1 0 0 0 0 0 0 0 0 1 1 0 0 0 0 0 0 0 0
split_gain=48149.3 19256.4 31893.6 19895.4 18802.9 21919.5 17456.2 14380.1 16221.5 26540 12632.1 8896.65 12866 8847.27 8722.3 8235.45 7491.19 6879.9 6807.18 6669.45 6071.39 5554.27 7677.06 5312.84 8839.22 6337.99 5127.06 8656.12 7761.5 6703.94
threshold=9084.0333333333365 6905.2083333333312 6517.5000000000009 8467.6249999999945 4564.0000000000009 4761.9500000000189 7810.0666666666666 1883.1833333333338 2460.5000000000005 2835.2916666666683 3556.5916666666672 5887.5000000000009 8102.9916666666641 7966.8583333333308 6098.7166666666681 3702.2749999999987 7535.6583333333328 5421.6583333333447 9904.2083333333339 8052.9916666666641 7306.0000000000009 7306.0000000000009 9474.6416666666792 9623.325000000008 9302.9250000000047 9448.7250000000113 7348.8416666666635 7079.4833333333308 7102.9999999999973 7153.3499999999967
decision_type=2 2 2 2 2 2 2 2 2 2 2 2 2 2 2 2 2 2 2 2 2 2 2 2 2 2 2 2 2 2
left_child=1 4 6 16 5 7 26 -1 9 -9 -10 19 13 -13 -6 -11 -4 -7 21 -8 -5 22 -2 24 -23 -26 27 -3 -29 -30
right_child=18 2 3 20 14 17 11 8 10 15 -12 12 -14 -15 -16 -17 -18 -19 -20 -21 -22 23 -24 -25 25 -27 -28 28 29 -31
leaf_value=0.86092065812554219 -0.40577852471215992 -0.21324710236471481 0.73243927971312883 -0.21381125259201711 1.1434125536872495 -0.20603674781249048 -0.57156417437714258 0.21898329119216406 0.84397606211550102 -0.18084769402972167 0.20252596640467233 -0.28047859162837269 -0.52125566595090111 0.42254748630486888 0.29033112694451119 -0.75982707731317789 0.21635378114974491 -0.95607011832974187 -0.85646723960676496 -1.4017178667002712 0.062074889748564469 -0.4047725479337661 -1.2914276617544669 -0.4288439823755173 0.44476694955545315 -0.12895684419115921 -0.18057242673514459 0.92715618386864662 -0.34706619975622743 0.22574903353415579
leaf_weight=64 261 224 76 407 31 416 146 608 85 559 791 100 246 81 896 69 940 33 62 29 391 136 27 186 85 111 591 32 64 253
leaf_count=64 261 224 76 407 31 416 146 608 85 559 791 100 246 81 896 69 940 33 62 29 391 136 27 186 85 111 591 32 64 253
internal_value=-1.91476e-10 0.0427932 -0.0390433 0.108207 0.125275 0.0569117 -0.190296 0.122544 0.100169 -0.0164887 0.264767 -0.408885 -0.285832 0.0341353 0.318859 -0.244462 0.254959 -0.261162 -0.351614 -0.709133 -0.078634 -0.312779 -0.488808 -0.214909 -0.0950545 0.119852 -0.077246 0.0293262 0.185018 0.110102
internal_weight=8000 7132 3580 1814 3552 2625 1766 2176 2112 1236 876 602 427 181 927 628 1016 449 868 175 798 806 288 518 332 196 1164 573 349 317
internal_count=8000 7132 3580 1814 3552 2625 1766 2176 2112 1236 876 602 427 181 927 628 1016 449 868 175 798 806 288 518 332 196 1164 573 349 317
is_linear=0
shrinkage=0.05


Tree=96
num_leaves=31
num_cat=0
split_feature=0 1 0 0 0 1 1 0 0 0 1 1 0 0 1 0 1 0 0 0 1 0 0 0 0 0 0 0 0 0
split_gain=43777.2 16865.2 40626.6 13231.8 12809.6 16573.4 12623 13224.1 10147.8 11745.6 7300.86 7088.05 11859.9 7011.77 6732.26 6731.43 18772.4 21293.8 8646.98 6615.97 8467.07 9608.02 6553.4 6500.13 7447.07 6396.49 6321.52 5571.85 5370.66 4796.7
threshold=8304.0416666666624 6517.5000000000009 7348.8416666666635 1939.4833333333343 9474.6416666666792 7306.0000000000009 5887.5000000000009 6413.8916666666692 8256.391666666661 8239.2916666666642 6517.5000000000009 5887.5000000000009 7990.6166666666641 9248.0250000000033 7306.0000000000009 2686.9083333333351 2460.5000000000005 3883.9333333333329 3655.2833333333319 7472.7999999999993 7306.0000000000009 8005.8666666666595 8138.4333333333288 9347.8166666666712 9084.0333333333365 3462.3250000000003 8269.7166666666617 7990.6166666666641 9959.8666666666631 4526.1583333333447
decision_type=2 2 2 2 2 2 2 2 2 2 2 2 2 2 2 2 2 2 2 2 2 2 2 2 2 2 2 2 2 2
left_child=1 2 3 -1 5 10 15 -8 9 19 -2 12 -4 -12 -6 -5 18 25 -17 -3 21 -21 -23 24 -7 -18 -10 -22 -16 -19
right_child=4 8 11 6 14 23 7 -9 26 -11 13 -13 -14 -15 28 16 17 29 -20 20 27 22 -24 -25 -26 -27 -28 -29 -30 -31
leaf_value=0.68648617322711902 -0.64278822771417421 0.93557771205902096 -0.28608375324419255 0.22678507597961772 -1.2268562864374233 0.082473684907026459 1.0136578413946875 0.2230814031881595 1.6237198257446288 -0.90777185396714644 -0.15602249945330574 -0.12593633459565351 -1.0235398406074161 -0.53714254028445119 -0.3450281303702219 -0.12584985133441662 1.3307890687670028 0.18507190510393301 -0.62252947146109516 0.26391035489235459 1.2280230710903803 -0.5289049046609221 0.15479229811638121 0.49302784690899515 -0.30481866677940794 0.42591175995992442 0.55163423039696435 0.41169821791477318 -1.0348667847413209 -0.0075325407518138142
leaf_weight=96 123 35 405 480 27 501 58 601 20 22 635 602 63 149 314 622 21 416 102 341 24 79 63 70 165 279 44 162 31 1450
leaf_count=96 123 35 405 480 27 501 58 601 20 22 635 602 63 149 314 622 21 416 102 341 24 79 63 70 165 279 44 162 31 1450
internal_value=-9.43837e-12 0.0678664 0.0351357 0.106349 -0.201578 -0.141592 0.0925262 0.292662 0.283101 0.229895 -0.284643 -0.239402 -0.385357 -0.228455 -0.466518 0.0533899 0.0245907 0.0982658 -0.195824 0.265447 0.230388 0.120004 -0.225574 0.0346959 -0.0134771 0.489253 0.886661 0.51703 -0.407014 0.0354061
internal_weight=8000 5985 5195 4125 2015 1643 4029 659 790 726 907 1070 468 784 372 3370 2890 2166 724 704 669 483 142 736 666 300 64 186 345 1866
internal_count=8000 5985 5195 4125 2015 1643 4029 659 790 726 907 1070 468 784 372 3370 2890 2166 724 704 669 483 142 736 666 300 64 186 345 1866
is_linear=0
shrinkage=0.05


Tree=97
num_leaves=31
num_cat=0
split_feature=0 0 1 0 1 0 0 1 0 0 1 0 0 0 0 1 0 0 0 0 0 0 0 1 0 0 0 0 0 0
split_gain=39832.9 14775.6 16265.1 44065.4 12742.3 15375.5 15174.4 11463.7 12590.4 8914.37 8725.8 9014.63 7433.43 7043.86 6092.6 12122.5 15919.2 12024.9 8973.67 7902.09 7793.5 5644.98 5629.18 5522.06 7538.24 5348.27 5243.75 4923.74 4892.64 4503.47
threshold=8625.8833333333241 2187.9250000000006 6517.5000000000009 7423.7583333333323 2460.5000000000005 3225.9166666666674 3799.9166666666656 5887.5000000000009 6580.9916666666695 9730.8000000000065 7306.0000000000009 9325.6666666666733 8393.2249999999931 7535.6583333333328 4526.1583333333447 4564.0000000000009 6295.8333333333376 6381.7833333333365 6809.7249999999967 6325.6833333333361 5380.7583333333478 6352.766666666671 3777.6666666666647 7306.0000000000009 8052.9916666666641 1827.0166666666669 3462.3250000000003 6558.4083333333356 6635.0583333333361 7505.1083333333354
decision_type=2 2 2 2 2 2 2 2 2 2 2 2 2 2 2 2 2 2 2 2 2 2 2 2 2 2 2 2 2 2
left_child=1 25 3 4 5 -3 26 14 21 10 11 -2 29 -4 -8 20 -17 19 27 -18 -16 -9 -7 -15 -25 -1 -6 -19 -29 -5
right_child=9 2 13 12 6 22 7 8 -10 -11 -12 -13 -14 23 15 16 17 18 -20 -21 -22 -23 -24 24 -26 -27 -28 28 -30 -31
leaf_value=1.029654623195529 -0.2269715552686937 0.068562978531311589 0.66715577527096404 -0.57358696530287978 1.2642496177128384 -0.28333583642648802 0.18909913092067368 1.2792261452510441 0.14957318436285158 -0.55972824089469453 -0.066984650450820693 -0.70104139467584903 -0.8278704778622773 0.083782506674726476 -0.12634252842108254 0.55480835780899673 0.036986562386155129 0.02085195667717768 -0.096535624522354688 -1.2377790297231366 -0.70562278870206618 0.51278008911758666 -1.1078886899081144 0.80636735989497255 0.22311168495776756 0.33862310596908046 0.43730109695683828 0.84848723530482784 0.26481949661954723 -0.21748150673821193
leaf_weight=32 463 672 76 98 21 350 475 29 538 186 680 128 59 709 544 159 20 115 392 31 65 140 22 65 375 224 220 52 116 944
leaf_count=32 463 672 76 98 21 350 475 29 538 186 680 128 59 709 544 159 20 115 392 31 65 140 22 65 375 224 220 52 116 944
internal_value=-4.04883e-10 0.0526487 0.0374868 -0.00207562 0.075701 -0.0742019 0.129352 0.0951282 0.267832 -0.236431 -0.189119 -0.329647 -0.281888 0.200968 0.0331162 -0.0164768 0.101672 0.00243111 0.058365 -0.737871 -0.18817 0.6443 -0.3321 0.170133 0.309274 0.425002 0.509359 0.272927 0.445479 -0.250973
internal_weight=8000 6543 6287 5062 3961 1044 2917 2676 707 1457 1271 591 1101 1225 1969 1494 885 726 675 51 609 169 372 1149 440 256 241 283 168 1042
internal_count=8000 6543 6287 5062 3961 1044 2917 2676 707 1457 1271 591 1101 1225 1969 1494 885 726 675 51 609 169 372 1149 440 256 241 283 168 1042
is_linear=0
shrinkage=0.05


Tree=98
num_leaves=31
num_cat=0
split_feature=0 1 0 1 0 0 1 0 0 0 1 1 0 1 0 0 0 0 0 1 0 0 0 1 0 0 0 0 0 0
split_gain=36373.1 14846.5 32609.6 11638.1 14896.5 11689.6 10473.5 21610.3 8415.83 8373.49 7724.33 7531.52 7246.37 6969.73 6916.97 6687.69 6374.34 5787 5013.51 10950.9 12512.8 8600.02 4486.02 4118.95 8556 4705.35 8071.05 4611.29 4107.87 3800.05
threshold=7729.6000000000013 6517.5000000000009 8601.8583333333281 5887.5000000000009 2592.4916666666672 6535.341666666669 2460.5000000000005 4338.9166666666761 9498.9250000000156 3512.3666666666663 6517.5000000000009 7306.0000000000009 3512.3666666666663 7306.0000000000009 7990.6166666666641 9347.8166666666712 1827.0166666666669 8439.641666666661 7231.2083333333312 4564.0000000000009 6197.7833333333338 5333.5083333333487 6352.766666666671 5887.5000000000009 8039.5166666666673 8173.3416666666626 7906.6166666666659 7825.3916666666673 9275.4083333333347 3777.6666666666647
decision_type=2 2 2 2 2 2 2 2 2 2 2 2 2 2 2 2 2 2 2 2 2 2 2 2 2 2 2 2 2 2
left_child=3 17 13 4 16 22 9 12 11 -6 -7 28 -8 -3 -15 -13 -1 23 19 21 -21 -9 -5 24 27 26 -25 -2 -4 -11
right_child=1 2 8 5 6 10 7 18 -10 29 -12 15 -14 14 -16 -17 -18 -19 -20 20 -22 -23 -24 25 -26 -27 -28 -29 -30 -31
leaf_value=0.97817188121698573 0.012593350327405772 0.034342249063123671 -0.20488074438128573 1.2152648958666572 -0.058453701807779396 0.096532024463089117 0.87736505719850655 -0.062265180031245107 -0.43951147135751339 -0.35614868139057271 0.44687382527062613 -0.099017797835665805 0.26444444126963063 1.126303536693255 0.25237651203521821 0.37845072727436313 0.24934037315736837 -1.0370995378920012 -0.21072473467897126 0.67821471537022227 0.065218645665811217 -0.5674819132601171 0.51416590145188523 -0.40405367344320448 -1.1965238625662669 -0.42281327870556668 0.13756323818323071 -0.51370399652105825 -0.50965585087736442 -1.0524942430582913
leaf_weight=32 61 572 446 29 587 766 53 640 341 179 198 467 535 24 400 87 480 28 314 95 673 97 107 119 35 172 163 131 147 22
leaf_count=32 61 572 446 29 587 766 53 640 341 179 198 467 535 24 400 87 480 28 314 95 673 97 107 119 35 172 163 131 147 22
internal_value=3.85215e-10 -0.130814 -0.0732126 0.0868916 0.0445117 0.229712 0.00438805 0.0561851 -0.221429 -0.15383 0.16849 -0.156593 0.319691 0.148219 0.301844 -0.0240363 0.294892 -0.33262 -0.0289942 0.00892165 0.141045 -0.128759 0.663665 -0.303655 -0.477557 -0.216704 -0.0909914 -0.346495 -0.280432 -0.432366
internal_weight=8000 3193 2484 4807 3707 1100 3195 2407 1488 788 964 1147 588 996 424 554 512 709 1819 1505 768 737 136 681 227 454 282 192 593 201
internal_count=8000 3193 2484 4807 3707 1100 3195 2407 1488 788 964 1147 588 996 424 554 512 709 1819 1505 768 737 136 681 227 454 282 192 593 201
is_linear=0
shrinkage=0.05


Tree=99
num_leaves=31
num_cat=0
split_feature=0 1 0 0 0 1 0 0 1 0 0 1 0 0 0 1 0 1 0 0 0 0 1 0 0 0 0 0 0 0
split_gain=32832 12795.4 30327.5 10218.2 9692.29 12957.9 9474.5 10699 9267.28 9955.43 6099.98 15193.6 16027.9 6218.15 5717.01 5706.72 9874.95 5644.07 9965.5 5431.81 5580.65 5520.87 5321.91 5716.23 4857.35 4636.99 4550.52 4304.45 6255.14 4228.59
threshold=8304.0416666666624 6517.5000000000009 7348.8416666666635 1883.1833333333338 9498.9250000000156 7306.0000000000009 8256.391666666661 8223.0749999999935 5887.5000000000009 6580.9916666666695 2741.0583333333348 2460.5000000000005 3883.9333333333329 3728.2416666666677 8269.7166666666617 7306.0000000000009 7870.7083333333294 5887.5000000000009 7922.9666666666617 7153.3499999999967 7231.2083333333312 6949.6249999999982 6517.5000000000009 9248.0250000000033 3462.3250000000003 7505.1083333333354 6352.766666666671 9347.8166666666712 9105.7500000000036 7455.9583333333339
decision_type=2 2 2 2 2 2 2 2 2 2 2 2 2 2 2 2 2 2 2 2 2 2 2 2 2 2 2 2 2 2
left_child=1 2 3 -1 5 22 7 15 10 26 -5 13 24 -12 -8 16 29 18 25 21 -21 -11 -2 -24 -13 -4 -10 28 -7 -3
right_child=4 6 17 8 -6 27 14 -9 9 19 11 12 -14 -15 -16 -17 -18 -19 -20 20 -22 -23 23 -25 -26 -27 -28 -29 -30 -31
leaf_value=0.71865558202844115 -0.55700279288902521 1.0157863730734045 -0.53110845193786671 0.2021310880317127 -0.41753590197201351 0.06818210145696825 1.5303737592697144 -0.57014187867211741 1.1545016091445397 0.18745464608073237 -0.14045962015786717 1.1571689060756138 0.030085374501449338 -0.69457787264985127 0.51083656215870921 0.48830010934642898 -0.096226057684991026 -0.10568552264646687 -0.75842415883585268 0.88409379679103228 0.18370325515667599 -0.21856535201366167 -0.1358733750862165 -0.4678027063013952 0.36863829389374747 -0.11027057726806316 0.46635490010891645 0.35952819531258928 -0.29863977872828645 0.29459587390340991
leaf_weight=64 123 22 86 544 341 516 20 43 29 232 637 21 1866 55 44 176 218 602 108 43 84 131 635 163 279 274 140 87 150 267
leaf_count=64 123 22 86 544 341 516 20 43 29 232 637 21 1866 55 44 176 218 602 108 43 84 131 635 163 279 274 140 87 150 267
internal_value=-5.31196e-10 0.0587732 0.030264 0.0917923 -0.17457 -0.125076 0.246248 0.194837 0.0819132 0.253528 0.0486698 0.0194595 0.0846214 -0.184501 0.829442 0.242998 0.157844 -0.206936 -0.337178 0.139397 0.420843 0.0409295 -0.250861 -0.203673 0.423835 -0.210804 0.584439 0.0287715 -0.0144354 0.349496
internal_weight=8000 5985 5195 4125 2015 1674 790 726 4061 659 3402 2858 2166 692 64 683 507 1070 468 490 127 363 921 798 300 360 169 753 666 289
internal_count=8000 5985 5195 4125 2015 1674 790 726 4061 659 3402 2858 2166 692 64 683 507 1070 468 490 127 363 921 798 300 360 169 753 666 289
is_linear=0
shrinkage=0.05


Tree=100
num_leaves=31
num_cat=0
split_feature=0 1 0 0 1 0 0 1 0 0 1 0 0 1 0 0 1 0 0 0 0 0 0 1 0 0 0 0 0 0
split_gain=29881.4 12236.8 27072.2 9631.99 11497.3 9613.1 7031.56 7112.29 7311.64 6597.29 6884.94 14355.6 9097.39 7359.02 14861.8 10769.6 5689.4 6053.58 5276.53 6843.71 7342.32 7131.64 6503.15 5063.64 5084.18 5012.04 4961.05 4855.9 3779.29 7844.35
threshold=7729.6000000000013 6517.5000000000009 8601.8583333333281 1991.7833333333344 5887.5000000000009 6381.7833333333365 9730.8000000000065 7306.0000000000009 9372.0250000000069 6884.0999999999949 4564.0000000000009 5124.8416666666817 6153.1166666666677 2460.5000000000005 3027.7666666666678 3728.2416666666677 7306.0000000000009 7990.6166666666641 6558.4083333333356 6295.8333333333376 6381.7833333333365 6325.6833333333361 6691.083333333333 6517.5000000000009 6580.9916666666695 8439.641666666661 4526.1583333333447 3777.6666666666647 6467.1916666666702 6439.3500000000031
decision_type=2 2 2 2 2 2 2 2 2 2 2 2 2 2 2 2 2 2 2 2 2 2 2 2 2 2 2 2 2 2
left_child=3 25 16 -1 9 -6 7 8 -4 10 11 13 -12 14 -5 -15 -3 -18 19 -14 21 -21 -20 24 -7 -2 -17 -16 29 -22
right_child=1 2 6 4 5 23 -8 -9 -10 -11 12 -13 18 15 27 26 17 -19 22 20 28 -23 -24 -25 -26 -27 -28 -29 -30 -31
leaf_value=0.50667674374999483 -0.27482374054468656 0.032597093112844894 -0.21059186049133771 0.12116830612178005 0.92411744485298797 0.42134223249290259 -0.48888946059410299 -0.051194317163979833 -0.68827682849607974 -0.13779593997238529 0.77831343767188843 -0.36392854362726212 0.3239651830556492 0.48468790921931854 -0.20540137141565482 0.17552942512324529 1.045573357741038 0.22800592162378597 0.65608251274659724 0.030372030250728134 -0.13696323871612548 -1.1806552717762608 0.099272193257550531 0.40579372957499338 0.075157551087266267 -0.95739441727554164 -0.06133315032348037 -0.9651406233960933 -0.25938621466979384 1.1043482542037963
leaf_weight=128 681 572 511 672 45 124 186 696 95 538 63 225 96 195 478 521 24 400 87 20 35 31 132 198 733 28 384 22 60 20
leaf_count=128 681 572 511 672 45 124 186 696 95 538 63 225 96 195 478 521 24 400 87 20 35 31 132 198 733 28 384 22 60 20
internal_value=-5.10625e-10 -0.118567 -0.0662728 0.0787568 0.0670505 0.208427 -0.20132 -0.160238 -0.285476 0.0235987 0.0521519 0.0170362 0.213336 0.0547637 -0.0324145 0.147648 0.135484 0.274283 0.139337 -0.0120692 -0.206402 -0.705743 0.320471 0.1779 0.125247 -0.30178 0.0750264 -0.23883 0.0150442 0.314423
internal_weight=8000 3193 2484 4807 4679 1100 1488 1302 606 3579 3041 2497 544 2272 1172 1100 996 424 481 262 166 51 219 1055 857 709 905 500 115 55
internal_count=8000 3193 2484 4807 4679 1100 1488 1302 606 3579 3041 2497 544 2272 1172 1100 996 424 481 262 166 51 219 1055 857 709 905 500 115 55
is_linear=0
shrinkage=0.05


Tree=101
num_leaves=31
num_cat=0
split_feature=0 1 0 0 1 0 0 1 0 1 0 0 0 1 0 1 0 1 0 0 0 0 0 0 1 0 0 0 0 1
split_gain=27050.4 10172.5 27217.4 8566.99 7714.37 8151.57 7659.42 10082.6 5860.27 5386.31 5366.54 5313.96 5329.41 5133.56 5052.72 12604.9 13255.9 5446.32 10912.6 9215.15 5392.72 4988.39 4828.52 4443.45 4300.02 9086.78 4081.23 10829.8 9252.88 5435.89
threshold=8379.2333333333318 6517.5000000000009 7348.8416666666635 1883.1833333333338 5887.5000000000009 6352.766666666671 9474.6416666666792 7306.0000000000009 8362.0666666666602 7306.0000000000009 8333.1666666666624 9347.8166666666712 9084.0333333333365 6517.5000000000009 2741.0583333333348 2460.5000000000005 4086.0750000000025 4564.0000000000009 6197.7833333333338 5231.2083333333494 3580.4416666666662 3485.9666666666658 7455.9583333333339 9959.8666666666631 5887.5000000000009 8039.5166666666673 8256.391666666661 8287.899999999996 8239.2916666666642 7306.0000000000009
decision_type=2 2 2 2 2 2 2 2 2 2 2 2 2 2 2 2 2 2 2 2 2 2 2 2 2 2 2 2 2 2
left_child=1 2 3 -1 14 -6 7 13 10 -8 22 12 -9 -2 -5 20 21 19 -19 -18 -16 -17 -3 -11 25 -4 28 -28 29 -24
right_child=6 8 24 4 5 -7 9 11 -10 23 -12 -13 -14 -15 15 16 17 18 -20 -21 -22 -23 26 -25 -26 -27 27 -29 -30 -31
leaf_value=0.65738894920796165 -0.63934882850282726 0.94470737982879993 -0.24746740451921423 0.18369842277350151 1.0505706849026271 0.19320876640193757 -1.050073422325982 0.0667462731819186 1.0318906874883742 -0.26036850339851703 -0.37907252346165476 0.43738645021404543 -0.26545327253865475 -0.19685007568599119 -0.094587164930827139 0.89804788793836332 0.0046660682280122746 0.61153620751280535 0.04255216135696481 -0.41293884511597412 -0.43252743003698724 0.27511430043850388 0.096373307285454846 -0.88784019831688177 -0.11152913382634876 -1.0850352396283831 1.1074708288624173 0.077345504414003632 -0.85900045308199813 0.41333032923360025
leaf_weight=64 72 22 433 544 29 630 27 450 21 314 40 70 165 731 541 35 736 95 746 161 151 393 496 31 653 35 42 65 22 186
leaf_count=64 72 22 433 544 29 630 27 450 21 314 40 70 165 731 541 35 736 95 746 161 151 393 496 31 653 35 42 65 22 186
internal_value=9.31468e-11 0.0506039 0.0240362 0.0834066 0.0743608 0.230938 -0.167047 -0.116315 0.206504 -0.369975 0.186649 0.024603 -0.0223804 -0.236526 0.0440303 0.0174455 0.0767971 0.0154148 0.106825 -0.0702887 -0.168328 0.326055 0.213814 -0.31675 -0.194432 -0.310106 0.193987 0.481694 0.150259 0.182816
internal_weight=8000 6140 5246 4125 4061 659 1860 1488 894 372 873 685 615 803 3402 2858 2166 1738 841 897 692 428 833 345 1121 468 811 107 704 682
internal_count=8000 6140 5246 4125 4061 659 1860 1488 894 372 873 685 615 803 3402 2858 2166 1738 841 897 692 428 833 345 1121 468 811 107 704 682
is_linear=0
shrinkage=0.05


Tree=102
num_leaves=31
num_cat=0
split_feature=0 0 1 0 0 1 0 0 0 1 0 0 1 0 0 1 0 0 1 0 0 1 0 0 0 0 0 0 0 0
split_gain=24800.9 10135.5 19161.6 10334.6 8519.49 8059.94 10212.1 8170.42 7336.23 7168.34 15145.6 6138.58 5960.84 5416.69 4774.29 4751.21 5385.05 4414.41 4538.22 4669.88 5264.64 4378.45 13419.5 8704.42 9743.2 6596.19 6436.3 4245.01 4171.08 4091.73
threshold=7729.6000000000013 9128.6583333333365 6517.5000000000009 9150.4333333333398 9173.9250000000029 5887.5000000000009 2592.4916666666672 6580.9916666666695 8601.8583333333281 2460.5000000000005 4392.9000000000133 3462.3250000000003 6517.5000000000009 3535.7000000000003 1827.0166666666669 7306.0000000000009 8102.9916666666641 9959.8666666666631 7306.0000000000009 9623.325000000008 9302.9250000000047 4564.0000000000009 6295.8333333333376 6381.7833333333365 6809.7249999999967 5380.7583333333478 6325.6833333333361 8439.641666666661 9448.7250000000113 9474.6416666666792
decision_type=2 2 2 2 2 2 2 2 2 2 2 2 2 2 2 2 2 2 2 2 2 2 2 2 2 2 2 2 2 2
left_child=5 2 27 -3 -5 6 14 -7 15 11 13 -8 -9 -11 -1 -4 -17 18 29 20 -20 25 -23 26 -25 -12 -24 -2 -22 -6
right_child=1 3 8 4 17 7 9 12 -10 10 21 -13 -14 -15 -16 16 -18 -19 19 -21 28 22 23 24 -26 -27 -28 -29 -30 -31
leaf_value=0.83512722633313397 -0.24938297295633829 -1.1565199267479682 0.028321132655060116 0.58662764776137566 -0.34122403388521472 0.51043991793013188 -0.037211734299455679 0.066790482357394029 -0.090510760316532379 0.67330492977585121 -0.075983076585253009 -0.343015350921823 0.37597240949463517 0.20632037797011435 0.20436766429804268 0.56783939606629985 0.1495412053326981 -0.84344818515162323 -0.36382752751049247 -0.3215719891433102 0.38999045865938947 0.45966490569565477 0.026725833974778651 0.24057694413923814 -0.11639013870924408 -0.6046284473630098 -1.123750102135443 -0.87755725974483156 -0.075436042984192431 -0.99756976879305315
leaf_weight=32 681 31 572 31 197 169 555 733 682 70 640 233 198 550 480 101 323 31 76 217 85 159 20 283 589 65 31 28 111 27
leaf_count=32 681 31 572 31 197 169 555 733 682 70 640 233 198 550 480 101 323 31 76 217 85 159 20 283 589 65 31 28 111 27
internal_value=1.1735e-10 -0.108018 -0.0562532 -0.261322 -0.225514 0.0717499 0.0364816 0.190604 0.0358313 0.00326038 0.0461122 -0.127633 0.132546 0.259044 0.24379 0.122343 0.249183 -0.259353 -0.233958 -0.148581 -0.0105702 -0.0277647 0.0354108 -0.0376731 -0.000539583 -0.124723 -0.672583 -0.274191 0.126407 -0.420337
internal_weight=8000 3193 2387 806 775 4807 3707 1100 1678 3195 2407 788 931 620 512 996 424 744 713 489 272 1787 1082 923 872 705 51 709 196 224
internal_count=8000 3193 2387 806 775 4807 3707 1100 1678 3195 2407 788 931 620 512 996 424 744 713 489 272 1787 1082 923 872 705 51 709 196 224
is_linear=0
shrinkage=0.05


Tree=103
num_leaves=31
num_cat=0
split_feature=0 0 1 0 0 0 1 0 0 0 1 0 1 0 0 0 1 0 1 0 0 1 0 0 0 0 0 0 0 0
split_gain=22382.8 9147.31 17293.3 9326.97 7688.84 7399.07 8923.96 7575.41 6634.81 4921.02 4192.08 3984 4095.74 4235.89 4149.53 4548.38 3878.97 5107.21 3855.84 10698.9 10417.5 4432.32 9473.14 8649.51 3831.13 3767.47 3753.67 3707.76 3692.79 3430.98
threshold=7729.6000000000013 9128.6583333333365 6517.5000000000009 9150.4333333333398 9173.9250000000029 2045.2333333333338 5887.5000000000009 6413.8916666666692 8578.0833333333267 7177.566666666663 6517.5000000000009 9959.8666666666631 7306.0000000000009 9670.1833333333452 9302.9250000000047 9448.7250000000113 7306.0000000000009 7990.6166666666641 2460.5000000000005 3180.0083333333337 3883.9333333333329 4564.0000000000009 5018.1500000000169 6153.1166666666677 8439.641666666661 3462.3250000000003 3777.6666666666647 5421.6583333333447 9474.6416666666792 6949.6249999999982
decision_type=2 2 2 2 2 2 2 2 2 2 2 2 2 2 2 2 2 2 2 2 2 2 2 2 2 2 2 2 2 2
left_child=5 2 24 -3 -5 -1 9 -8 16 18 29 12 28 14 -14 -16 -4 -18 19 -7 25 22 -22 -23 -2 -20 -21 -24 -6 -9
right_child=1 3 8 4 11 6 7 10 -10 -11 -12 -13 13 -15 15 -17 17 -19 20 26 21 23 27 -25 -26 -27 -28 -29 -30 -31
leaf_value=0.4024712305516005 -0.23691382295398725 -1.0986938938017816 0.033705049160118863 0.55729625417340189 -0.3241628332752593 0.077202427053429279 0.7372297954520789 0.22337897053482583 -0.081626687085890798 -0.16049414164715867 0.35717378647791015 -0.80127580742682181 -0.34563615106438339 -0.32897689630908356 0.37049093396348115 -0.091951364642140321 0.94423618912696838 0.19240399382300288 0.99650842348734536 -0.20645250265793727 0.059975791992837917 0.6858377256918522 -0.21354831203352662 0.073089315688089046 -0.83367939037936079 0.30205407175686094 -0.87810648571361194 -0.77666424558018199 -0.94769126938707715 0.018128477882393107
leaf_weight=160 681 31 557 31 197 736 58 343 713 348 198 31 76 186 85 142 24 384 21 382 736 63 256 671 28 279 22 33 27 501
leaf_count=160 681 31 557 31 197 736 58 343 713 348 198 31 76 186 85 142 24 384 21 382 736 63 256 671 28 279 22 33 27 501
internal_value=-3.5274e-10 -0.102617 -0.0534406 -0.248256 -0.214238 0.0681624 0.0566519 0.181074 0.0340397 0.018066 0.150117 -0.246385 -0.22226 -0.141152 -0.0258538 0.0812098 0.119501 0.236629 0.0374905 -0.0362826 0.0783363 0.0318901 -0.0352742 0.125682 -0.260481 0.350666 -0.243028 -0.277849 -0.39932 0.101542
internal_weight=8000 3193 2387 806 775 4807 4647 1100 1678 3547 1042 744 713 489 303 227 965 408 3199 1140 2059 1759 1025 734 709 300 404 289 224 844
internal_count=8000 3193 2387 806 775 4807 4647 1100 1678 3547 1042 744 713 489 303 227 965 408 3199 1140 2059 1759 1025 734 709 300 404 289 224 844
is_linear=0
shrinkage=0.05


Tree=104
num_leaves=31
num_cat=0
split_feature=0 1 0 0 0 0 0 1 1 0 0 1 0 0 1 0 0 0 1 0 1 0 0 0 0 1 0 0 0 0
split_gain=20277.6 7871.1 18809.7 8215.28 8680.55 6661.08 6154.51 8372 5875.05 6549.87 4903.44 4226.23 8218.31 4107.15 4885.44 6607 6891.32 3846.19 9592.35 10046.3 5696.47 8496.08 5908.36 4340.05 4306.71 3534.85 3592.7 3219.82 4448.53 3121.31
threshold=8304.0416666666624 6517.5000000000009 7348.8416666666635 8256.391666666661 8223.0749999999935 1883.1833333333338 9498.9250000000156 7306.0000000000009 5887.5000000000009 6352.766666666671 8269.7166666666617 5887.5000000000009 8005.8666666666595 7455.9583333333339 7306.0000000000009 8005.8666666666595 8138.4333333333288 2741.0583333333348 2460.5000000000005 4288.0000000000082 4564.0000000000009 6153.1166666666677 5333.5083333333487 3754.0499999999984 3512.3666666666663 6517.5000000000009 9275.4083333333347 7505.1083333333354 7825.3916666666673 9347.8166666666712
decision_type=2 2 2 2 2 2 2 2 2 2 2 2 2 2 2 2 2 2 2 2 2 2 2 2 2 2 2 2 2 2
left_child=1 2 5 4 13 -1 7 25 17 -10 -5 12 27 -3 15 -15 -17 -7 23 24 22 -22 -21 -19 -20 -2 -27 -4 -29 -9
right_child=6 3 11 10 -6 8 -8 29 9 -11 -12 -13 -14 14 -16 16 -18 18 19 20 21 -23 -24 -25 -26 26 -28 28 -30 -31
leaf_value=0.57840858940035111 -0.44836028398097894 0.86081468893098645 -0.47144564360726715 1.3854320669174196 -0.54369532684254096 0.15969656134839172 -0.33080262188141474 -0.010882487997983222 0.93565866032551082 0.16713049452870141 0.44122054705565628 -0.075361031263856293 -0.84983671231703328 0.19674546258303072 0.39201827336695388 -0.51310442163361403 0.22810632117235891 -0.11723219426206402 0.67835835732941363 -0.042558965676220223 0.65154582567158204 0.047851356756029501 -0.46000103347541138 -0.6668866979448419 0.20448947809210738 -0.10998718700759376 -0.38366069446767675 0.0045819085897636355 -0.38487892961716869 0.30756624892097095
leaf_weight=64 123 22 86 20 43 544 341 666 29 630 44 602 55 354 176 79 52 654 53 672 63 778 97 38 503 651 147 216 111 87
leaf_count=64 123 22 86 20 43 544 341 666 29 630 44 602 55 354 176 79 52 654 53 672 63 778 97 38 503 651 147 216 111 87
internal_value=1.6975e-10 0.046189 0.0238288 0.193229 0.145356 0.0722849 -0.137192 -0.0977524 0.0643085 0.20095 0.736287 -0.162976 -0.275678 0.188737 0.166368 0.0844828 -0.218883 0.0378397 0.0146451 0.0664207 0.00314038 0.0930746 -0.0952142 -0.147416 0.24966 -0.198858 -0.160401 -0.199216 -0.12762 0.0259104
internal_weight=8000 5985 5195 790 726 4125 2015 1674 4061 659 64 1070 468 683 661 485 131 3402 2858 2166 1610 841 769 692 556 921 798 413 327 753
internal_count=8000 5985 5195 790 726 4125 2015 1674 4061 659 64 1070 468 683 661 485 131 3402 2858 2166 1610 841 769 692 556 921 798 413 327 753
is_linear=0
shrinkage=0.05


Tree=105
num_leaves=31
num_cat=0
split_feature=0 0 0 1 0 1 0 0 0 1 0 0 0 1 0 0 0 0 0 0 0 0 0 0 0 0 0 0 0 0
split_gain=18611.7 8301.78 8353.34 12048.7 10111.2 8937.31 10756.1 7413.47 6102.69 7140.64 8122.73 6294.26 5451.43 4557.59 7664.24 5447.7 4103.91 3790.44 3590.84 5674.53 5258.51 4093.99 3629.29 3324.12 3247.06 2889.21 2797.25 8959.5 7864.49 7995.91
threshold=8991.225000000004 8967.4583333333303 6905.2083333333312 6517.5000000000009 8601.8583333333281 4564.0000000000009 4956.1000000000176 8077.6000000000013 2144.4500000000012 2460.5000000000005 3330.0666666666671 3580.4416666666662 6098.7166666666681 5887.5000000000009 8027.6666666666606 7825.3916666666673 7472.7999999999993 9904.2083333333339 7666.9416666666666 7079.4833333333308 7275.2083333333312 7906.6166666666659 7153.3499999999967 5421.6583333333447 6949.6249999999982 4526.1583333333447 8892.4083333333347 8941.658333333331 8841.4500000000007 8867.5666666666675
decision_type=2 2 2 2 2 2 2 2 2 2 2 2 2 2 2 2 2 2 2 2 2 2 2 2 2 2 2 2 2 2
left_child=1 2 5 7 16 6 8 13 -1 10 -10 -11 -7 15 18 -4 -5 -2 19 24 22 -20 -21 -8 -15 -13 28 -28 -6 -30
right_child=17 -3 3 4 26 12 23 -9 9 11 -12 25 -14 14 -16 -17 -18 -19 21 20 -22 -23 -24 -25 -26 -27 27 -29 29 -31
leaf_value=0.31740421538810815 -0.17746696993308042 0.84510991150333037 -0.096624050050989813 0.67656596590365681 -0.17318731396008402 0.8641182353419643 -0.18503605733987771 -0.36111481879861695 0.040240536901425615 0.51715126737500683 -0.26368774595502587 0.15826701595473619 0.18969831972301887 0.1717759040184319 0.79177253422327343 -0.43172935699325765 0.12703097444931663 -0.5812360807622392 -0.32331491108252414 0.081671564227768362 0.016632281155103731 0.12723614101948805 0.6364500665080709 -0.71483096498431586 -0.42208642437145483 -0.033531305195194566 -0.72397882497358712 0.31708343221295265 1.011508398671304 -0.12412470079237414
leaf_weight=224 930 31 585 35 310 31 288 273 768 99 308 617 896 32 30 153 1159 62 163 49 252 73 74 33 82 288 62 31 31 31
leaf_count=224 930 31 585 35 310 31 288 273 768 99 308 617 896 32 30 153 1159 62 163 49 252 73 74 33 82 288 62 31 31 31
internal_value=1.94347e-10 0.0286931 0.0250656 -0.0306494 0.0661076 0.0787885 0.0316569 -0.121544 0.0694354 0.0427311 -0.0467575 0.138637 0.212252 -0.0777376 0.00863228 -0.166097 0.14314 -0.202703 -0.0237735 0.0535302 0.147441 -0.18395 0.415441 -0.239501 -0.255388 0.0972306 -0.131691 -0.376958 -0.0703741 0.443692
internal_weight=8000 7008 6977 3425 1659 3552 2625 1766 2304 2080 1076 1004 927 1493 755 738 1194 992 725 489 375 236 123 321 114 905 465 93 372 62
internal_count=8000 7008 6977 3425 1659 3552 2625 1766 2304 2080 1076 1004 927 1493 755 738 1194 992 725 489 375 236 123 321 114 905 465 93 372 62
is_linear=0
shrinkage=0.05


Tree=106
num_leaves=31
num_cat=0
split_feature=0 0 1 0 1 0 1 0 0 0 0 1 0 0 0 0 0 0 0 0 1 0 1 0 0 0 0 0 0 0
split_gain=17001.7 6800.89 6052.39 11897.3 6926.15 6587.79 6175.82 5718.09 5014.87 15636 4933.71 4629.05 4165.03 12941.4 3501.74 3332.71 6574.07 5233.84 3948.04 11134.3 8022.4 7872.22 5966.25 6629.36 6409.89 3455.31 3410.81 7079.52 3354.81 3263.68
threshold=8791.8083333333325 2232.9666666666676 7306.0000000000009 7744.8249999999998 5887.5000000000009 6580.9916666666695 5887.5000000000009 8066.9666666666653 8841.4500000000007 8867.5666666666675 8066.9666666666653 6517.5000000000009 8941.658333333331 8991.225000000004 9959.8666666666631 6861.1749999999947 6558.4083333333356 6635.0583333333361 6325.6833333333361 6381.7833333333365 4564.0000000000009 5124.8416666666817 2460.5000000000005 3330.0666666666671 3629.2499999999986 4526.1583333333447 6467.1916666666702 6439.3500000000031 6098.7166666666681 7683.4750000000013
decision_type=2 2 2 2 2 2 2 2 2 2 2 2 2 2 2 2 2 2 2 2 2 2 2 2 2 2 2 2 2 2
left_child=1 -1 3 4 15 -6 7 -5 -2 -10 -4 29 -11 -14 -15 16 18 -18 20 -20 21 22 23 -3 -24 -26 27 -21 -22 -7
right_child=8 2 10 6 5 11 -8 -9 9 12 -12 -13 13 14 -16 -17 17 -19 19 26 28 -23 24 -25 25 -27 -28 -29 -30 -31
leaf_value=0.26895839299540969 -0.60848394060928024 0.027618030388839546 0.55952325346502096 -0.28146030415136081 0.44049609613180513 0.069846641838473514 -0.077030944571781321 -1.1318083719773726 0.9609329873515714 -0.49782608516754645 0.12042054592797502 0.31091057350094192 0.55204183930350892 -0.17569506914763344 -0.71561005644259923 -0.10133059079787671 0.73880513350550947 0.15669031796511265 -1.0830945422572476 -0.15980347637619294 0.82091232872297693 -0.28051925214116152 0.43945920237745267 -0.25050335512163918 0.14331133507701577 -0.049721745680047509 -0.27610530735614403 1.019442434310913 0.24888194573388711 -0.37408520440486348
leaf_weight=288 62 704 74 195 169 701 1159 22 31 93 472 207 62 961 31 565 52 150 31 35 31 225 131 308 585 384 60 20 148 44
leaf_count=288 62 704 74 195 169 701 1159 22 31 93 472 207 62 961 31 565 52 150 31 35 31 225 131 308 585 384 60 20 148 44
internal_value=-3.76327e-11 0.0312182 0.0206389 0.00596219 0.0449221 0.152815 -0.122866 -0.367671 -0.17019 -0.147122 0.179933 0.101745 -0.177069 -0.148767 -0.192567 0.00965013 0.031544 0.306542 0.0106764 -0.242099 0.0253447 0.000635158 0.0305877 -0.0570276 0.111194 0.0668153 -0.0153964 0.269013 0.347949 0.0436278
internal_weight=8000 6760 6472 5926 4550 1121 1376 217 1240 1178 546 952 1147 1054 992 3429 2864 202 2662 146 2516 2337 2112 1012 1100 969 115 55 179 745
internal_count=8000 6760 6472 5926 4550 1121 1376 217 1240 1178 546 952 1147 1054 992 3429 2864 202 2662 146 2516 2337 2112 1012 1100 969 115 55 179 745
is_linear=0
shrinkage=0.05


Tree=107
num_leaves=31
num_cat=0
split_feature=0 1 0 0 0 1 0 1 1 0 0 1 0 1 0 0 0 0 0 0 0 0 0 0 0 0 0 0 0 0
split_gain=15390.9 6053.1 15718.3 5531.92 5154.92 4633.9 5330.27 5373.53 4625.91 5687.04 3858.95 6963.66 8046.31 3889.94 7353.09 8529.48 5122.42 4939.02 4553.6 3818.02 3777.28 3739.65 3681.08 3676.27 3374.48 3274.93 4124.56 3734.99 9053.66 7576.79
threshold=8393.2249999999931 6517.5000000000009 7423.7583333333323 1827.0166666666669 7505.1083333333354 6517.5000000000009 9498.9250000000156 7306.0000000000009 5887.5000000000009 6352.766666666671 2741.0583333333348 2460.5000000000005 4338.9166666666761 4564.0000000000009 6295.8333333333376 6381.7833333333365 6325.6833333333361 6809.7249999999967 5421.6583333333447 7683.4750000000013 3777.6666666666647 3462.3250000000003 6558.4083333333356 6635.0583333333361 7455.9583333333339 8362.0666666666602 8333.1666666666624 8256.391666666661 8287.899999999996 8239.2916666666642
decision_type=2 2 2 2 2 2 2 2 2 2 2 2 2 2 2 2 2 2 2 2 2 2 2 2 2 2 2 2 2 2
left_child=1 2 3 -1 -4 -2 7 -7 10 -10 -5 20 21 18 -15 16 -16 22 -14 -6 -12 -13 -17 -24 -3 26 27 29 -29 -26
right_child=5 24 4 8 19 6 -8 -9 9 -11 11 12 13 14 15 17 -18 -19 -20 -21 -22 -23 23 -25 25 -27 -28 28 -30 -31
leaf_value=0.71500871910247954 -0.56329815582198617 0.76840016652237297 -0.50192122391368055 0.14961060832720249 0.057264199936272291 -0.16468675803595864 -0.29047960034323056 0.029309091207897427 0.85736600438068666 0.14236100028793722 -0.10931652760445905 0.86493456647509626 -0.064113753165028445 0.37245533686517829 -0.0025865015387535099 -0.014626621678471566 -1.0289398116450157 -0.070768078181854627 -0.66506345479777362 -0.17767258716289308 -0.77514724270863977 0.185460396612316 0.70186491110003912 0.19592663404242747 0.13309170912857007 0.58958099721333923 -0.37463272431865335 0.99286097912561333 0.050987540747110663 -0.80965602397918701
leaf_weight=32 59 22 98 576 228 735 341 694 29 678 670 21 704 159 20 115 31 392 33 716 22 567 52 116 682 39 40 42 65 22
leaf_count=32 59 22 98 576 228 735 341 694 29 678 670 21 704 159 20 115 31 392 33 716 22 567 52 116 682 39 40 42 65 22
internal_value=6.25793e-10 0.037756 0.0171342 0.060103 -0.156762 -0.127388 -0.112858 -0.0704718 0.0550954 0.171689 0.0313944 0.0079304 0.0512712 -0.00617159 0.0644891 -0.00295805 -0.626448 0.0441501 -0.0910219 -0.120929 -0.130485 0.209727 0.20333 0.352527 0.156671 0.141549 0.121017 0.145463 0.420695 0.103631
internal_weight=8000 6171 5259 4217 1042 1829 1770 1429 4185 707 3478 2902 2210 1622 885 726 51 675 737 944 692 588 283 168 912 890 851 811 107 704
internal_count=8000 6171 5259 4217 1042 1829 1770 1429 4185 707 3478 2902 2210 1622 885 726 51 675 737 944 692 588 283 168 912 890 851 811 107 704
is_linear=0
shrinkage=0.05


Tree=108
num_leaves=31
num_cat=0
split_feature=0 0 1 0 1 1 0 1 0 0 0 0 0 0 0 0 0 0 0 0 1 0 2 0 1 0 0 0 0 0
split_gain=14119.6 5743.85 4950.4 10664 8612.9 4833.57 4634.65 4767.82 5726.43 8868.29 4602.62 14041.8 4497.74 4108.91 3880.4 3848.58 11574.8 3102.66 2809.89 2688.96 2576.78 4222.22 2470.51 2454.27 3600.22 2139.32 2043.98 2005.96 5671.83 1904.43
threshold=8791.8083333333325 1939.4833333333343 7306.0000000000009 7810.0666666666666 5887.5000000000009 6517.5000000000009 7275.2083333333312 5887.5000000000009 7153.3499999999967 6949.6249999999982 8841.4500000000007 8867.5666666666675 7990.6166666666641 6352.766666666671 8066.9666666666653 8941.658333333331 8991.225000000004 9865.0666666666693 7079.4833333333308 8892.4083333333347 7306.0000000000009 9474.6416666666792 256.74865074732423 8393.2249999999931 6517.5000000000009 7455.9583333333339 8173.3416666666626 7505.1083333333354 7440.2583333333323 2686.9083333333351
decision_type=2 2 2 2 2 2 2 2 2 2 2 2 2 2 2 2 2 2 2 2 2 2 2 2 2 2 2 2 2 2
left_child=1 -1 3 5 14 6 7 22 9 13 -2 -12 -4 -9 -5 19 -17 20 -11 -13 21 -18 29 -6 -25 -7 -14 28 -8 -3
right_child=10 2 12 4 23 25 27 8 -10 18 11 15 26 -15 -16 16 17 -19 -20 -21 -22 -23 -24 24 -26 -27 -28 -29 -30 -31
leaf_value=0.41244836574575561 -0.57498820863904487 0.11403083961473003 0.83644116877888652 -0.35615129219915942 -0.017394089464098216 0.72998015501705771 -0.053176287577930581 0.81449769414190587 0.59401718337416043 -0.4115924884883187 0.9170529842376709 -0.089486274603874455 0.31847763292867098 0.19657352150778376 -1.0663343212821268 0.52860644266850521 -0.20276396639530475 -0.45052197891017126 0.066977595416258792 -0.65981704073567549 -0.079246738856876275 -0.85347537910220805 0.23975543646114086 -0.53513323851561145 -0.10369875740343289 0.21327801123812345 0.082637361525130404 -0.01617040952895199 -0.55615064700122008 0.0046650931757581402
leaf_weight=96 62 466 24 153 750 22 206 29 74 82 31 31 119 372 22 62 325 93 49 62 547 27 134 59 268 224 403 401 77 2730
leaf_count=96 62 466 24 153 750 22 206 29 74 82 31 31 119 372 22 62 325 93 49 62 547 27 134 59 268 224 403 401 77 2730
internal_value=1.62999e-10 0.0284495 0.0229177 0.0100437 -0.120096 0.043528 0.0320289 0.0529054 0.181905 0.124581 -0.155095 -0.132996 0.167173 0.241261 -0.445431 -0.161376 -0.13417 -0.175593 -0.232585 -0.469707 -0.147152 -0.252676 0.0294298 -0.0672328 -0.181542 0.259487 0.136402 -0.0881027 -0.190028 0.0206114
internal_weight=8000 6760 6664 6118 1252 4866 4620 3936 606 532 1240 1178 546 401 175 1147 1054 992 131 93 899 352 3330 1077 327 246 522 684 283 3196
internal_count=8000 6760 6664 6118 1252 4866 4620 3936 606 532 1240 1178 546 401 175 1147 1054 992 131 93 899 352 3330 1077 327 246 522 684 283 3196
is_linear=0
shrinkage=0.05


Tree=109
num_leaves=31
num_cat=0
split_feature=0 0 0 0 0 1 1 0 0 1 0 0 0 1 0 0 0 0 0 0 0 0 0 0 0 0 0 0 0 0
split_gain=12756.8 8777.79 6656.19 5502.41 3492.54 9973.21 6107.79 5120.52 3837.38 3212.52 8733.03 4613.48 3572.17 3410.19 8064.16 6834.88 6187.75 4622.98 3607.16 3440.65 7545.39 2946.88 2881.87 2826.8 6849.59 6137.79 6087.39 5668.92 4876.22 2816.47
threshold=9128.6583333333365 9150.4333333333398 9173.9250000000029 2444.6583333333338 7729.6000000000013 6517.5000000000009 5887.5000000000009 6467.1916666666702 8601.8583333333281 2460.5000000000005 4526.1583333333447 3580.4416666666662 3462.3250000000003 4564.0000000000009 6295.8333333333376 6381.7833333333365 6809.7249999999967 6325.6833333333361 5421.6583333333447 6608.4416666666684 6664.0666666666684 1827.0166666666669 8439.641666666661 8941.658333333331 8892.4083333333347 8991.225000000004 8841.4500000000007 8867.5666666666675 8791.8083333333325 8767.0250000000033
decision_type=2 2 2 2 2 2 2 2 2 2 2 2 2 2 2 2 2 2 2 2 2 2 2 2 2 2 2 2 2 2
left_child=3 -2 -3 21 6 22 9 -8 -7 11 12 -5 -11 18 -15 17 19 -16 -12 -17 -21 -1 -6 24 26 -25 28 -28 29 -10
right_child=1 2 -4 4 5 8 7 -9 23 10 13 -13 -14 14 15 16 -18 -19 -20 20 -22 -23 -24 25 -26 -27 27 -29 -30 -31
leaf_value=0.65863587856292727 -1.0136526492334181 0.56222591438601099 -0.18554126821253047 -0.027001490774195981 -0.17516786498841577 0.090623113202411745 0.50918784497608971 0.1073461537741109 -0.11416627020115883 0.82145456586565302 -0.09488167834392193 -0.33050938849861655 0.15955741898248832 0.35278611383020131 -0.0026904392242431642 0.025800023990607747 -0.092167628293379461 -0.97772607726435512 -0.63239974104093788 0.9947324203120339 0.14943618473380502 0.15922603848157452 -0.69274853910984735 0.50217612003607137 -0.62682618971072868 -0.072270272859442306 0.87120037463403532 -0.085011960998658209 -0.54623878685937777 0.39532598401269609
leaf_weight=32 31 31 744 733 681 996 86 1014 217 21 576 151 695 159 20 148 589 31 33 36 99 384 28 62 62 186 31 31 62 31
leaf_count=32 31 31 744 733 681 996 86 1014 217 21 576 151 695 159 20 148 589 31 33 36 99 384 28 62 62 186 31 31 62 31
internal_value=-1.3636e-10 -0.188631 -0.155631 0.0211339 0.0103006 -0.0383788 0.0367634 0.138763 0.0280549 0.00267056 0.0326081 -0.078845 0.178971 -0.0293644 0.0239056 -0.0327488 0.000156215 -0.595359 -0.124008 0.192307 0.374849 0.197642 -0.195608 -0.0633204 -0.14027 0.0713413 -0.0591773 0.393094 -0.149632 -0.0504797
internal_weight=8000 806 775 7194 6778 2387 4391 1100 1678 3291 2407 884 716 1691 1082 923 872 51 609 283 135 416 709 682 434 248 372 62 310 248
internal_count=8000 806 775 7194 6778 2387 4391 1100 1678 3291 2407 884 716 1691 1082 923 872 51 609 283 135 416 709 682 434 248 372 62 310 248
is_linear=0
shrinkage=0.05


Tree=110
num_leaves=31
num_cat=0
split_feature=0 0 1 0 1 0 1 0 0 0 0 1 0 0 1 1 0 0 0 0 0 0 1 0 0 0 0 0 2 0
split_gain=11544.3 4777.14 4785.53 8470.4 4676.89 4736.78 4353.23 3797.79 3524.2 3959.05 4624.09 6187.2 6888.1 4346.96 3898.58 3405.38 7604.26 4728.18 3306.47 2938.85 12677.3 2918.97 2916.16 4389.65 2463.95 2354.26 2205.32 2192.69 2189.62 2170.23
threshold=8672.2250000000004 1883.1833333333338 7306.0000000000009 7744.8249999999998 5887.5000000000009 8052.9916666666641 6517.5000000000009 7990.6166666666641 7275.2083333333312 7153.3499999999967 6949.6249999999982 4564.0000000000009 5018.1500000000169 6098.7166666666681 5887.5000000000009 2460.5000000000005 2979.941666666668 3607.0999999999999 9865.0666666666693 7079.4833333333308 7102.9999999999973 3777.6666666666647 7306.0000000000009 9372.0250000000069 7021.0666666666648 7825.3916666666673 7052.5833333333312 5421.6583333333447 255.39380195979035 7505.1083333333354
decision_type=2 2 2 2 2 2 2 2 2 2 2 2 2 2 2 2 2 2 2 2 2 2 2 2 2 2 2 2 2 2
left_child=1 -1 3 6 5 25 8 -4 9 10 11 12 15 -13 -11 16 28 -17 22 24 -21 -18 23 -2 -12 -5 -26 -14 -3 -10
right_child=18 2 7 4 -6 -7 -8 -9 29 14 19 13 27 -15 -16 17 21 -19 -20 20 -22 -23 -24 -25 26 -27 -28 -29 -30 -31
leaf_value=0.45748557618353519 -0.13301219861607724 0.076476530663279002 0.79008796239892654 0.068218590611336283 -0.059190628621223963 -0.90831499017518136 0.26659380985594894 0.14434243561783891 -0.18145240736078774 0.063933985299149218 -0.13726261079815838 0.74261302433667653 -0.16773702135587884 0.14104743304703637 0.55894901647761064 0.4096558024785642 -0.13240613633766771 0.070909946780429098 -0.41871883098476675 0.8650367446243763 -0.35382528386544437 -0.72063199640675035 -0.045419083846882986 -0.50620198443139852 -0.83128456864506006 -0.32973377157519335 -0.24427364710718394 -0.60077977022438345 0.54403854273259644 0.009181341485494654
leaf_weight=64 462 678 24 51 1082 29 207 444 283 86 96 31 256 960 74 116 510 920 93 32 64 22 745 95 32 137 32 33 26 316
leaf_count=64 462 678 24 51 1082 29 207 444 283 86 96 31 256 960 74 116 510 920 93 32 64 22 745 95 32 137 32 33 26 316
internal_value=-1.99963e-10 0.0276032 0.023397 0.0115247 -0.101678 -0.313528 0.0423271 0.177458 0.0321621 0.0492274 0.0389899 0.0537816 0.0127317 0.159865 0.292878 0.0419772 -0.0140655 0.108839 -0.130695 -0.166245 0.0524621 -0.156731 -0.110121 -0.196662 -0.297469 -0.221779 -0.537779 -0.217185 0.0937444 -0.0808844
internal_weight=8000 6605 6541 6073 1299 217 4774 468 4567 3968 3808 3552 2561 991 160 2272 1236 1036 1395 256 96 532 1302 557 160 188 64 289 704 599
internal_count=8000 6605 6541 6073 1299 217 4774 468 4567 3968 3808 3552 2561 991 160 2272 1236 1036 1395 256 96 532 1302 557 160 188 64 289 704 599
is_linear=0
shrinkage=0.05


Tree=111
num_leaves=31
num_cat=0
split_feature=0 1 0 0 0 0 0 0 0 1 0 0 1 0 1 0 0 0 0 0 1 0 0 1 0 0 1 1 0 0
split_gain=10561.2 4441.31 9680.3 7224.09 7002.59 4495.64 4210.31 3950.32 3694.32 6337.6 4134.96 3350.8 4919.93 6011.55 3324.65 4434.53 3489.89 4641.78 3351.46 2998.8 2937.13 2729.42 2722.1 5272.91 6454.44 3017.38 2667.37 2419.34 2373.27 2365.25
threshold=8304.0416666666624 6517.5000000000009 7423.7583333333323 8256.391666666661 8239.2916666666642 7505.1083333333354 8269.7166666666617 1827.0166666666669 9730.8000000000065 7306.0000000000009 9347.8166666666712 8017.3166666666648 7306.0000000000009 8138.4333333333288 5887.5000000000009 6580.9916666666695 7153.3499999999967 7231.2083333333312 6949.6249999999982 8173.3416666666626 6517.5000000000009 7587.1083333333327 2741.0583333333348 2460.5000000000005 3930.1583333333338 3702.2749999999987 7306.0000000000009 5887.5000000000009 7079.4833333333308 3462.3250000000003
decision_type=2 2 2 2 2 2 2 2 2 2 2 2 2 2 2 2 2 2 2 2 2 2 2 2 2 2 2 2 2 2
left_child=1 2 7 4 11 -4 -5 -1 9 10 20 26 13 -13 22 -16 18 -18 -17 -15 -2 27 -9 25 29 -24 -3 -7 -20 -25
right_child=8 3 5 6 -6 21 -8 14 -10 -11 -12 12 -14 19 15 16 17 -19 28 -21 -22 -23 23 24 -26 -27 -28 -29 -30 -31
leaf_value=0.60282979719340801 -0.35500649332818468 0.17363590585606101 -0.4464260410441428 1.2545477342605591 -0.77953402129086591 -0.068773991576042678 0.37961333881724968 0.12436999996635778 -0.31130967061511017 0.017659972994250126 -0.45353856555552091 -0.54721829959324431 0.19276205391205592 0.6138737962359474 0.36744413573801871 0.099578551190166648 0.70841981135092169 0.11026986729579442 -0.3812788989667486 -0.11790479290343465 -0.090048764926049657 -0.1220028938432898 -0.080323093463584516 0.7598990614925113 0.0071622834329397138 -0.42879655843303688 0.59785892154748843 0.41111010375122237 0.058540355049225751 0.21163759180419506
leaf_weight=32 123 385 98 20 22 58 44 576 186 895 112 70 145 21 169 232 43 132 82 42 699 774 623 21 1878 69 41 48 49 311
leaf_count=32 123 385 98 20 22 58 44 576 186 895 112 70 145 21 169 232 43 132 82 42 699 774 623 21 1878 69 41 48 49 311
internal_value=1.99303e-11 0.033334 0.0165377 0.143786 0.0988937 -0.12519 0.65303 0.0494069 -0.0990095 -0.0774196 -0.168529 0.126345 -0.00868861 -0.228315 0.0451752 0.144019 0.0738355 0.257244 -0.0145845 0.126021 -0.129696 -0.0894157 0.0250825 0.0053755 0.0430896 -0.11507 0.214465 0.148532 -0.216766 0.246317
internal_weight=8000 5985 5195 790 726 978 64 4217 2015 1829 934 704 278 133 4185 707 538 175 363 63 822 880 3478 2902 2210 692 426 106 131 332
internal_count=8000 5985 5195 790 726 978 64 4217 2015 1829 934 704 278 133 4185 707 538 175 363 63 822 880 3478 2902 2210 692 426 106 131 332
is_linear=0
shrinkage=0.05


Tree=112
num_leaves=31
num_cat=0
split_feature=0 0 0 0 0 1 0 1 0 1 0 0 1 0 0 0 0 0 0 1 0 0 0 0 1 0 1 0 0 0
split_gain=9647.02 8112.42 5858.74 4271.79 2842.31 7763.2 4510.19 4421.36 4340.84 3095.69 4866.45 2466.77 2750.47 2678.77 2524.66 4416.23 2927.76 2408.31 2613.53 2309.05 5344.25 4829.47 2181.11 2144.61 2093.91 2081.39 1951.26 5826.86 4952.65 2601.12
threshold=9128.6583333333365 9150.4333333333398 9173.9250000000029 2144.4500000000012 7729.6000000000013 7306.0000000000009 8173.3416666666626 5887.5000000000009 6381.7833333333365 5887.5000000000009 7922.9666666666617 9959.8666666666631 7306.0000000000009 9474.6416666666792 9623.325000000008 9302.9250000000047 9448.7250000000113 7177.566666666663 7617.7833333333328 2460.5000000000005 3777.6666666666647 3225.9166666666674 8066.9666666666653 3777.6666666666647 6517.5000000000009 6580.9916666666695 4564.0000000000009 4672.4666666666826 6098.7166666666681 5421.6583333333447
decision_type=2 2 2 2 2 2 2 2 2 2 2 2 2 2 2 2 2 2 2 2 2 2 2 2 2 2 2 2 2 2
left_child=3 -2 -3 -1 7 9 -7 17 -9 10 -6 12 13 -4 15 -14 -17 19 -19 21 -21 -5 -12 -23 25 -10 27 -22 -28 -29
right_child=1 2 11 4 5 6 -8 8 24 -11 22 -13 14 -15 -16 16 -18 18 -20 20 26 23 -24 -25 -26 -27 28 29 -30 -31
leaf_value=0.23330093912331257 -0.95717200617636411 0.54117263161366991 -0.22247374216047341 0.03840943872214253 -0.044927848969437495 0.35252559537872336 0.040686754576047528 0.6028309767610498 0.25698195722314621 -0.066463145933696399 -0.39483816222569279 -0.59700098826039227 -0.29699021651942625 -0.75353751480579378 -0.20211824671481199 0.37284043835366476 -0.017096776149428641 -0.19091343231210522 0.13918523543526407 0.28119770718029641 0.089063658380289734 -0.15421620138771167 -0.95274331569671633 -0.66316055264323959 0.24793713667966202 0.03548161945468397 0.70512426362162639 -0.11218522777994318 0.059353429492918053 -0.57109888299848099
leaf_weight=224 31 31 197 704 119 143 613 45 124 1404 86 31 76 27 217 85 111 271 77 226 586 350 22 22 198 733 31 480 703 33
leaf_count=224 31 31 197 704 119 143 613 45 124 1404 86 31 76 27 217 85 111 271 77 226 586 350 22 22 198 733 31 480 703 33
internal_value=1.54025e-10 -0.164036 -0.132311 0.0183782 0.0114711 -0.0327712 0.0996721 0.0345142 0.121902 -0.0941613 -0.265475 -0.160372 -0.141389 -0.286486 -0.0749227 0.0265531 0.152009 0.00691527 -0.117874 0.0207675 0.0517878 -0.038592 -0.508486 -0.184315 0.101389 0.0675307 0.0235027 -0.0186568 0.0866271 -0.141706
internal_weight=8000 806 775 7194 6970 2387 756 4583 1100 1631 227 744 713 224 489 272 196 3483 348 3135 2059 1076 108 372 1055 857 1833 1099 734 513
internal_count=8000 806 775 7194 6970 2387 756 4583 1100 1631 227 744 713 224 489 272 196 3483 348 3135 2059 1076 108 372 1055 857 1833 1099 734 513
is_linear=0
shrinkage=0.05


Tree=113
num_leaves=31
num_cat=0
split_feature=0 0 1 0 1 1 0 0 0 1 0 0 0 1 0 0 0 1 0 0 0 0 1 0 0 0 3 0 0 0
split_gain=8814.88 3745.51 3665.08 6238.26 6358.22 3272.38 3151 3459.63 3874.37 4931.45 5720.29 3779.03 4251.3 9906.64 3529.77 3037.02 2866.03 2810.8 2601.81 2475.56 11444.3 2222.46 1991.03 5765.46 4110.85 2522.46 2245.5 2056.08 1985.71 1940.34
threshold=8672.2250000000004 1883.1833333333338 7306.0000000000009 7810.0666666666666 5887.5000000000009 6517.5000000000009 7275.2083333333312 7153.3499999999967 6949.6249999999982 4564.0000000000009 5178.3750000000155 6325.6833333333361 6381.7833333333365 5887.5000000000009 7177.566666666663 7990.6166666666641 8066.9666666666653 5887.5000000000009 9959.8666666666631 7079.4833333333308 7102.9999999999973 7021.0666666666648 2460.5000000000005 3126.2833333333342 3556.5916666666672 4576.0750000000126 1190.3443523589506 3777.6666666666647 7052.5833333333312 7775.8333333333367
decision_type=2 2 2 2 2 2 2 2 2 2 2 2 2 2 2 2 2 2 2 2 2 2 2 2 2 2 2 2 2 2
left_child=1 -1 3 5 16 6 7 8 9 10 22 -11 13 -13 -9 -4 -5 -16 -2 21 -21 -10 23 -3 -24 26 -26 -25 -23 -8
right_child=18 2 15 4 -6 -7 29 14 19 11 -12 12 -14 -15 17 -17 -18 -19 -20 20 -22 28 24 27 25 -27 -28 -29 -30 -31
leaf_value=0.40476627142634247 -0.10391009216246508 0.067013407629347058 0.70306434243296589 -0.29476492322244824 -0.044802062137098982 0.21255004721342555 -0.095496450696582219 0.73997097183018923 -0.12320269644066383 0.34101744169632647 -0.25191484224533789 -0.9392179427608367 0.12747196174041955 0.30554107386957519 -0.07071130175643893 0.12560722536390631 -0.90510614135048617 0.3984128382301233 -0.56715093486371548 0.81785741150379188 -0.34021193041407971 -0.78209407026879496 0.41348405248540293 -0.1339564677875642 0.46939445652249384 -0.050049236909520317 0.08736595905526659 -0.6300025310028684 -0.22507792804390192 0.25145894654614981
leaf_weight=64 1364 800 24 153 1000 246 641 32 96 191 193 31 736 33 67 444 22 61 31 32 64 32 85 414 41 384 622 22 32 43
leaf_count=64 1364 800 24 153 1000 246 641 32 96 191 193 31 736 33 67 444 22 61 31 32 64 32 85 414 41 384 622 22 32 43
internal_value=8.83701e-10 0.0241204 0.020396 0.0100061 -0.0934582 0.0348265 0.0254284 0.0425135 0.0329435 0.0464831 0.00983489 0.141192 0.0934831 -0.297389 0.270279 0.15522 -0.371494 0.152856 -0.114204 -0.154918 0.0458112 -0.275356 0.0311684 -0.0127082 0.079076 0.0519273 0.110991 -0.158986 -0.503586 -0.0736849
internal_weight=8000 6605 6541 6073 1175 4898 4652 3968 3808 3552 2561 991 800 64 160 468 175 128 1395 256 96 160 2368 1236 1132 1047 663 436 64 684
internal_count=8000 6605 6541 6073 1175 4898 4652 3968 3808 3552 2561 991 800 64 160 468 175 128 1395 256 96 160 2368 1236 1132 1047 663 436 64 684
is_linear=0
shrinkage=0.05


Tree=114
num_leaves=31
num_cat=0
split_feature=0 0 1 0 1 0 1 0 0 0 1 0 1 1 0 0 0 0 0 1 0 0 0 1 1 0 0 0 0 0
split_gain=8076.23 3636.74 6488.94 5240.04 4264.29 4275.29 3817.86 3807.3 3584.45 3238.83 3148.09 3754.81 2998.39 2842.22 3183.54 3073.9 2470.29 3078.05 3559.1 4274.72 5296.6 3443.75 3185.62 2536.75 2315.23 5766.16 3285.01 2234.19 10328.4 2157.65
threshold=8304.0416666666624 8256.391666666661 6517.5000000000009 8223.0749999999935 7306.0000000000009 7744.8249999999998 5887.5000000000009 8269.7166666666617 8039.5166666666673 1827.0166666666669 6517.5000000000009 9498.9250000000156 6517.5000000000009 7306.0000000000009 9347.8166666666712 9105.7500000000036 7275.2083333333312 7153.3499999999967 6949.6249999999982 4564.0000000000009 4956.1000000000176 6098.7166666666681 7177.566666666663 5887.5000000000009 2460.5000000000005 2835.2916666666683 3535.7000000000003 7079.4833333333308 7102.9999999999973 3754.0499999999984
decision_type=2 2 2 2 2 2 2 2 2 2 2 2 2 2 2 2 2 2 2 2 2 2 2 2 2 2 2 2 2 2
left_child=1 3 -3 4 5 9 8 -4 -7 -1 -2 13 16 -12 15 -15 17 18 19 20 24 -21 -19 -24 25 -11 -26 -20 -29 -27
right_child=10 2 7 -5 -6 6 -8 -9 -10 12 11 -13 -14 14 -16 -17 -18 22 27 21 -22 -23 23 -25 26 29 -28 28 -30 -31
leaf_value=0.54078494890709405 -0.3316929112324809 -0.28106973587438983 1.1925263452529908 -0.43298728990578844 0.27148660224100407 -0.17486942557536148 -0.019200979961775777 0.36051857815632093 -0.7273808097839356 0.09961201346886811 -0.1033679391330261 -0.22086802948497733 0.22224144545135738 0.052817439937480372 0.3165085803337353 -0.20432974653442704 -0.066985141711996779 0.70297241508960728 -0.26158821147953859 0.65281717161978448 -0.17807131247559413 0.1173827330258852 -0.067175736845429268 0.37849219530576567 0.42599469307277887 -0.090124367760589075 0.070868318204441935 0.77696455195546155 -0.32320133290486414 -0.47883119571365812
leaf_weight=32 123 29 20 62 176 182 599 44 35 640 798 341 207 516 87 150 599 32 160 31 321 960 67 61 70 590 934 32 64 38
leaf_count=32 123 29 20 62 176 182 599 44 35 640 798 341 207 516 87 150 599 32 160 31 321 960 67 61 70 590 934 32 64 38
internal_value=3.57562e-10 0.0291498 0.33938 0.024253 0.0291156 0.021571 -0.0842965 0.620521 -0.263984 0.0394271 -0.0865813 -0.0706464 0.0360889 -0.037619 0.0320592 -0.00509859 0.0277102 0.0418909 0.0329378 0.0458028 0.0120449 0.134132 0.256765 0.145213 0.0389055 -0.00600731 0.0956281 -0.147172 0.0435206 -0.113645
internal_weight=8000 5985 93 5892 5830 5654 816 64 217 4838 2015 1892 4806 1551 753 666 4599 4000 3840 3584 2593 991 160 128 2272 1268 1004 256 96 628
internal_count=8000 5985 93 5892 5830 5654 816 64 217 4838 2015 1892 4806 1551 753 666 4599 4000 3840 3584 2593 991 160 128 2272 1268 1004 256 96 628
is_linear=0
shrinkage=0.05


Tree=115
num_leaves=31
num_cat=0
split_feature=0 0 0 0 0 1 0 0 1 0 0 0 0 0 0 0 0 0 0 0 0 0 1 0 0 0 0 0 0 1
split_gain=7384.25 7305.68 5290.71 3325.16 2227.74 7433.63 4310.62 4123.8 3736.37 3437.42 3232.58 2572.11 4280.19 2754.44 2495.72 6297.16 5548.34 5406.55 5132.88 4530.98 2514.13 1944.65 2496.55 2390.56 2138.55 3383.42 2969.72 1930.43 2149.25 2076.37
threshold=9128.6583333333365 9150.4333333333398 9173.9250000000029 2045.2333333333338 7440.2583333333323 6517.5000000000009 7505.1083333333354 8077.6000000000013 5887.5000000000009 6352.766666666671 8578.0833333333267 7153.3499999999967 6949.6249999999982 7231.2083333333312 8941.658333333331 8892.4083333333347 8991.225000000004 8841.4500000000007 8867.5666666666675 8791.8083333333325 8767.0250000000033 9959.8666666666631 7306.0000000000009 9474.6416666666792 9670.1833333333452 9302.9250000000047 9448.7250000000113 8052.9916666666641 7587.1083333333327 5887.5000000000009
decision_type=2 2 2 2 2 2 2 2 2 2 2 2 2 2 2 2 2 2 2 2 2 2 2 2 2 2 2 2 2 2
left_child=3 -2 -3 -1 8 6 -6 27 -5 -10 -7 12 -11 -13 15 17 -16 19 -19 20 -12 22 23 -4 25 -24 -27 28 29 -8
right_child=1 2 21 4 5 10 7 -9 9 11 14 13 -14 -15 16 -17 -18 18 -20 -21 -22 -23 24 -25 -26 26 -28 -29 -30 -31
leaf_value=0.24146784322336315 -0.89618120808755197 0.52659484254977396 -0.20098614875548684 0.012569410189389603 -0.48711644750717398 0.090033711181200085 -0.047665542884376549 -0.26470224062243525 0.67086711505363728 0.14191559102910106 -0.086810907885627522 0.62231146998183684 -0.19042121800416301 0.16970038757986064 0.49229082378648947 -0.58285043989458396 -0.053875829572839443 0.84286385274702502 -0.067017317298919923 -0.50629240238978979 0.39078320913737818 -0.52775000926828197 -0.26672871214778804 -0.70266803094634311 -0.19335226962663316 0.35245338498669515 -0.021215374946174488 0.35584036469459535 -0.090759399624542186 0.39690459308524928
leaf_weight=160 31 31 197 3360 77 1152 58 273 29 372 248 43 131 154 62 62 186 31 31 62 31 31 76 27 186 85 142 30 594 48
leaf_count=160 31 31 197 3360 77 1152 58 273 29 372 248 43 131 154 62 62 186 31 31 62 31 31 76 27 186 85 142 30 594 48
internal_value=-2.1321e-10 -0.143514 -0.113408 0.016079 0.0109522 -0.0222041 -0.126593 -0.098916 0.0348322 0.137443 0.0382464 0.115344 0.0553627 0.268494 -0.0454268 -0.113743 0.0826658 -0.0415725 0.387923 -0.119663 -0.0337449 -0.140075 -0.123219 -0.261457 -0.0598956 0.0220283 0.118705 -0.0369165 -0.0537489 0.153649
internal_weight=8000 806 775 7194 7034 2945 1080 1003 4089 729 1865 700 503 197 713 465 248 403 62 341 279 744 713 224 489 303 227 730 700 106
internal_count=8000 806 775 7194 7034 2945 1080 1003 4089 729 1865 700 503 197 713 465 248 403 62 341 279 744 713 224 489 303 227 730 700 106
is_linear=0
shrinkage=0.05


Tree=116
num_leaves=31
num_cat=0
split_feature=0 1 0 1 0 0 0 0 0 0 0 0 1 0 0 1 0 0 0 0 1 0 1 0 2 1 0 0 3 0
split_gain=6687.59 2940.99 2924.91 3084.37 6386.71 3679.7 3219.46 3462.14 2855.32 7039.35 5813.11 2797.06 3623.41 5486.88 2771.19 3004.2 2664.39 2626.8 2687.67 2287.79 2256.98 3279.69 1974.8 2163.03 1949.68 1873.92 1793.16 1791.94 1785.64 1554.88
threshold=8393.2249999999931 6517.5000000000009 1827.0166666666669 6517.5000000000009 7423.7583333333323 7505.1083333333354 8362.0666666666602 8333.1666666666624 8256.391666666661 8287.899999999996 8239.2916666666642 8017.3166666666648 7306.0000000000009 8138.4333333333288 9498.9250000000156 7306.0000000000009 8173.3416666666626 9347.8166666666712 9105.7500000000036 7587.1083333333327 5887.5000000000009 6352.766666666671 7306.0000000000009 7455.9583333333339 256.74865074732423 5887.5000000000009 9448.7250000000113 9150.4333333333398 1799.9892978142213 2686.9083333333351
decision_type=2 2 2 2 2 2 2 2 2 2 2 2 2 2 2 2 2 2 2 2 2 2 2 2 2 2 2 2 2 2
left_child=2 -2 -1 4 20 -6 7 8 10 -10 11 22 13 -13 15 -3 -15 18 -17 25 24 -22 23 -5 29 -7 -19 -20 -16 -4
right_child=1 14 3 6 5 19 -8 -9 9 -11 -12 12 -14 16 28 17 -18 26 27 -21 21 -23 -24 -25 -26 -27 -28 -29 -30 -31
leaf_value=0.50167231764644382 -0.43124373520456133 -0.11227945960396078 0.089707493780629699 0.62547255293889492 -0.39478322161095486 -0.045282264418321949 0.55171537445141716 -0.36699604235589506 0.85486048518546998 0.02434667273782767 -0.72667781656438657 -0.51783576828028477 0.1481943333688481 0.58520173912956597 -0.23600397054525246 0.056223234550566853 -0.10456930441515787 0.45860867620691093 -0.51955489963293078 -0.10057425266642986 0.63732373401008813 0.094345786318369762 0.5090821342497337 0.11488849232101572 0.2000716003340105 0.37705936140070362 -0.015375383390534309 -0.097702089867601968 0.16792347299555938 -0.0038869765576044144
leaf_weight=32 59 735 527 22 98 58 39 40 42 65 22 70 145 21 311 457 42 56 32 838 29 678 41 363 142 48 31 118 30 2809
leaf_count=32 59 735 527 22 98 58 39 40 42 65 22 70 145 21 311 457 42 56 32 838 29 678 41 363 142 48 31 118 30 2809
internal_value=1.55022e-11 -0.0839713 0.0248879 0.0224027 0.00759878 -0.103165 0.107249 0.0873931 0.109213 0.350343 0.0736741 0.0986851 -0.024687 -0.213167 -0.0723955 -0.0418338 0.125354 0.0327736 -0.00405368 -0.0728906 0.0351771 0.116618 0.179196 0.144065 0.0186221 0.145967 0.289718 -0.187697 -0.200468 0.0108985
internal_weight=8000 1829 6171 6139 5227 1042 912 873 833 107 726 704 278 133 1770 1429 63 694 607 944 4185 707 426 385 3478 106 87 150 341 3336
internal_count=8000 1829 6171 6139 5227 1042 912 873 833 107 726 704 278 133 1770 1429 63 694 607 944 4185 707 426 385 3478 106 87 150 341 3336
is_linear=0
shrinkage=0.05


Tree=117
num_leaves=31
num_cat=0
split_feature=0 0 0 0 1 0 1 0 1 0 0 0 1 0 1 0 0 0 0 0 0 0 0 0 1 0 0 1 0 0
split_gain=6125 6389.37 4776.78 2829.92 1844.24 4877.57 4966.67 3195.01 2651.85 4010.48 3277.37 2391.43 2328.81 2319.42 4126.54 4782.3 3061.24 2409.01 7249.16 2806.22 2223.69 2129.81 5759.8 1800.64 2255.4 1788.84 1710.88 2222.23 2137.33 1763.12
threshold=9128.6583333333365 9150.4333333333398 9173.9250000000029 2284.191666666668 7306.0000000000009 7810.0666666666666 5887.5000000000009 8121.1499999999987 2460.5000000000005 3702.2749999999987 3462.3250000000003 8066.9666666666653 6517.5000000000009 6905.2083333333312 4564.0000000000009 4672.4666666666826 6098.7166666666681 7079.4833333333308 7102.9999999999973 7021.0666666666648 5421.6583333333447 7153.3499999999967 7177.566666666663 8379.2333333333318 6517.5000000000009 7052.5833333333312 9959.8666666666631 7306.0000000000009 9474.6416666666792 9670.1833333333452
decision_type=2 2 2 2 2 2 2 2 2 2 2 2 2 2 2 2 2 2 2 2 2 2 2 2 2 2 2 2 2 2
left_child=3 -2 -3 -1 5 8 11 -6 10 -10 -5 -7 13 14 15 -11 -16 19 -19 -15 -17 -20 -23 -8 -25 -21 27 28 -4 -29
right_child=1 2 26 4 7 6 23 -9 9 12 -12 -13 -14 17 16 20 -18 18 21 25 -22 22 -24 24 -26 -27 -28 29 -30 -31
leaf_value=0.15998947227955795 -0.83459091801797192 0.50557341243951548 -0.18532287017229548 0.0019618392619023843 0.32674742797966555 -0.2603908853520171 0.0055075364863753648 0.038462328984261628 0.27567771191756102 0.08049605673215697 -0.21282503556284271 -0.81791089231317704 0.18001701658775243 -0.07147338910843247 0.61908426842381881 -0.097473374636028898 0.11369772629425695 0.7386990524828434 -0.30508894945960496 -0.72756145028397445 -0.52178777641419216 0.65205288156867036 -0.031845894473171314 -0.3746644629579452 -0.075424731442490525 -0.19887848533689978 -0.49151678364123069 0.022050063368609246 -0.65969013230944129 -0.17351319965736201
leaf_weight=320 31 31 197 747 113 153 727 643 177 635 233 22 246 160 31 480 896 32 64 32 33 32 812 72 502 32 31 303 27 186
leaf_count=320 31 31 197 747 113 153 727 643 177 635 233 22 246 160 31 480 896 32 64 32 33 32 812 72 502 32 31 303 27 186
internal_value=-4.30607e-10 -0.130706 -0.102551 0.014644 0.00787787 -0.0012261 -0.080399 0.0815526 0.0239482 0.0434982 -0.0491048 -0.330479 0.031706 0.0204419 0.0521318 -0.0112293 0.130598 -0.0360501 -0.000936699 -0.183401 -0.124768 -0.0270032 -0.00591608 -0.0467602 -0.11296 -0.46322 -0.127889 -0.112079 -0.242501 -0.052336
internal_weight=8000 806 775 7194 6874 6118 1476 756 4642 3662 980 175 3485 3239 2075 1148 927 1164 940 224 513 908 844 1301 574 64 744 713 224 489
internal_count=8000 806 775 7194 6874 6118 1476 756 4642 3662 980 175 3485 3239 2075 1148 927 1164 940 224 513 908 844 1301 574 64 744 713 224 489
is_linear=0
shrinkage=0.05


Tree=118
num_leaves=31
num_cat=0
split_feature=0 1 1 0 0 0 1 0 0 0 0 1 0 0 0 1 0 0 2 0 0 1 0 0 0 0 0 0 5 2
split_gain=5586.18 3645.13 3531.71 3766.33 3328.77 3666.95 3445.65 2564.4 2373.69 8846.1 3419.87 2259.97 5808.04 3663.09 1857.73 2771.46 4994.57 2257.22 2103.47 2068.43 1853.26 1894.67 2744.28 1802.26 2518.43 2398.43 2773.77 2373.3 1674.63 1621.1
threshold=8089.3999999999951 7306.0000000000009 6517.5000000000009 8601.8583333333281 8138.4333333333288 8155.8666666666631 7306.0000000000009 1827.0166666666669 8256.391666666661 8287.899999999996 8239.2916666666642 5887.5000000000009 7922.9666666666617 6535.341666666669 2741.0583333333348 2460.5000000000005 4392.9000000000133 3462.3250000000003 255.39380195979035 3680.6416666666655 9904.2083333333339 7306.0000000000009 9325.6666666666733 8941.658333333331 8991.225000000004 8892.4083333333347 8841.4500000000007 8791.8083333333325 30.500000000000004 227.97776161087373
decision_type=2 2 2 2 2 2 2 2 2 2 2 2 2 2 2 2 2 2 2 2 2 2 2 2 2 2 2 2 2 2
left_child=1 7 -2 4 6 -6 -4 -1 10 -10 -7 12 14 -13 18 19 17 -17 28 -16 21 22 23 25 -25 26 27 -5 29 -9
right_child=2 -3 3 20 5 8 -8 11 9 -11 -12 13 -14 -15 15 16 -18 -19 -20 -21 -22 -23 -24 24 -26 -27 -28 -29 -30 -31
leaf_value=0.46858921167440715 -0.23757157507997292 0.34135941257290953 -0.80143948034806689 -0.12409043771719251 0.75519018411636363 -0.0060683512865077885 0.0063874257784901252 0.13158119639805096 0.81121436247069922 0.05064388312281333 -0.69166786779056899 0.31843440944341961 -0.37115326935371151 0.046849756132322951 -0.061736113995718704 0.65165227566446582 -0.021243737142626881 0.12426538697237116 0.59585847169160844 -0.32509008799624795 -0.35444041420855832 -0.025650291932674363 -0.34785413406789306 0.38989261604017683 -0.060661191034263796 -0.61659307382230111 0.28073650451705739 -0.62577209267122991 -0.3640384464036851 -0.096171253684319946
leaf_weight=32 260 91 22 126 20 105 33 440 42 426 22 136 103 1426 607 21 1906 599 20 85 62 820 128 36 224 29 34 29 21 95
leaf_count=32 260 91 22 126 20 105 33 440 42 426 22 136 103 1426 607 21 1906 599 20 85 62 820 128 36 224 29 34 29 21 95
internal_value=-4.71415e-10 0.0274989 -0.0634818 -0.0425072 0.0559319 0.0892605 -0.316743 0.0222975 0.0668763 0.1189 -0.124834 0.0196813 -0.000686257 0.0704961 0.00937123 -0.00543113 0.0188555 0.142128 0.0920691 -0.0940845 -0.0868312 -0.075196 -0.142238 -0.0871776 0.00172318 -0.193206 -0.128242 -0.217953 0.0739472 0.0911392
internal_weight=8000 5582 2418 2158 670 615 55 5491 595 468 127 5459 3897 1562 3794 3218 2526 620 576 692 1488 1426 606 478 260 218 189 155 556 535
internal_count=8000 5582 2418 2158 670 615 55 5491 595 468 127 5459 3897 1562 3794 3218 2526 620 576 692 1488 1426 606 478 260 218 189 155 556 535
is_linear=0
shrinkage=0.05


Tree=119
num_leaves=31
num_cat=0
split_feature=0 0 0 0 0 1 1 0 0 0 0 0 1 0 0 0 0 1 0 0 0 0 0 0 1 0 0 0 0 0
split_gain=5058.88 5823.65 4263.16 2424.19 1771.6 4108.3 3714.02 4294.33 3406.91 3134.87 3017.22 4444.41 8114.37 2029.93 1692.32 6942.6 2533.05 1664.01 4613.39 3833.19 1681.16 1654.54 4865.03 2483.23 2012.91 1615.11 1597.63 5708.36 3201.24 2719.7
threshold=9128.6583333333365 9150.4333333333398 9173.9250000000029 1883.1833333333338 6905.2083333333312 6517.5000000000009 4564.0000000000009 5231.2083333333494 7978.8833333333341 8077.6000000000013 6325.6833333333361 6381.7833333333365 5887.5000000000009 8052.9916666666641 7079.4833333333308 7102.9999999999973 7021.0666666666648 7306.0000000000009 8138.4333333333288 8393.2249999999931 8089.3999999999951 7275.2083333333312 7153.3499999999967 7177.566666666663 5887.5000000000009 7052.5833333333312 8256.391666666661 8287.899999999996 8173.3416666666626 8362.0666666666602
decision_type=2 2 2 2 2 2 2 2 2 2 2 2 2 2 2 2 2 2 2 2 2 2 2 2 2 2 2 2 2 2
left_child=3 -2 -3 -1 6 9 7 -5 -7 13 -8 12 -12 14 16 -16 -6 18 20 26 -10 22 -17 -24 -25 -18 28 -28 -20 -29
right_child=1 2 -4 4 5 8 10 -9 17 -11 11 -13 -14 -15 15 21 25 -19 19 -21 -22 -23 23 24 -26 -27 27 29 -30 -31
leaf_value=0.31966225374490026 -0.79078830211393303 0.48259369567517307 -0.11584471844816431 0.021754755473887298 -0.068561149136221508 0.17205013365662949 0.29885756730721263 -0.24499504510197578 -0.2602864592815084 -0.22435300512505429 -0.90318299147390546 0.11374839220218183 0.2233648958023299 0.36705937425295515 0.70133674032986171 -0.29063424828927964 -0.69192991565214479 0.057110807577512392 0.53603196938832598 -0.073527461632364996 -0.76136751229112809 -0.072778966170055887 0.6191292752046138 -0.062509838324874195 0.33448530446554797 -0.18957470562309028 0.96637440919876105 -0.082826553081610688 -0.19960469022765759 0.57669529248536988
leaf_weight=64 31 31 744 2400 160 377 191 161 70 273 31 672 33 30 32 64 32 742 21 492 22 983 32 67 61 32 26 54 50 22
leaf_count=64 31 31 744 2400 160 377 191 161 70 273 31 672 33 30 32 64 32 742 21 492 22 983 32 67 61 32 26 54 50 22
internal_value=1.25603e-10 -0.118787 -0.0919072 0.0133087 0.0105588 -0.013832 0.0360265 0.00498524 0.0376921 -0.0685654 0.121783 0.0758306 -0.322307 -0.0400791 -0.0484278 -0.0255625 -0.174901 0.00390087 -0.0482547 -0.00234388 -0.38011 -0.0448341 0.0777991 0.225172 0.126683 -0.440752 0.200097 0.326867 0.017978 0.108088
internal_weight=8000 806 775 7194 7130 3642 3488 2561 1876 1766 927 736 64 1493 1463 1239 224 1499 757 665 92 1207 224 160 128 64 173 102 71 76
internal_count=8000 806 775 7194 7130 3642 3488 2561 1876 1766 927 736 64 1493 1463 1239 224 1499 757 665 92 1207 224 160 128 64 173 102 71 76
is_linear=0
shrinkage=0.05


Tree=120
num_leaves=31
num_cat=0
split_feature=0 0 1 0 1 0 0 1 0 0 0 0 0 1 0 0 0 1 0 1 3 0 0 0 0 0 0 0 1 0
split_gain=4641.11 2179.85 2077.15 3369.86 2435.75 3069.56 2213.94 1972.48 1648.67 1545.96 1541.36 2219.92 2472.03 2873.2 3978.03 2963.19 3828.23 7323.22 2241.12 1816.65 1744.13 1671.98 3704.2 1658.46 7578.16 1603.53 1457.64 1370.36 1313.42 4164.82
threshold=8672.2250000000004 1827.0166666666669 7306.0000000000009 7744.8249999999998 5887.5000000000009 8017.3166666666648 7990.6166666666641 6517.5000000000009 9959.8666666666631 7455.9583333333339 7275.2083333333312 7153.3499999999967 6949.6249999999982 4564.0000000000009 5178.3750000000155 6325.6833333333361 6381.7833333333365 5887.5000000000009 7177.566666666663 5887.5000000000009 1571.6001418703756 7505.1083333333354 7440.2583333333323 7079.4833333333308 7102.9999999999973 7021.0666666666648 7052.5833333333312 7810.0666666666666 2460.5000000000005 3027.7666666666678
decision_type=2 2 2 2 2 2 2 2 2 2 2 2 2 2 2 2 2 2 2 2 2 2 2 2 2 2 2 2 2 2
left_child=1 -1 3 7 5 27 -4 10 -2 -9 11 12 13 14 28 -15 17 -17 -13 -20 -16 22 -12 25 -25 -14 -27 -5 29 -3
right_child=8 2 6 4 -6 -7 -8 9 -10 -11 21 18 23 15 20 16 -18 -19 19 -21 -22 -23 -24 24 -26 26 -28 -29 -30 -31
leaf_value=0.42917666344437749 -0.074673204262272516 0.062605946132733459 0.58476772451152403 0.13118063582196124 -0.033075624375385464 -0.5694812410821517 0.091731558205572439 0.5742530844428323 -0.44342669873468338 0.1308919950332996 -0.03224511868908133 0.58817280840594321 -0.095610114091929668 0.28391468851042045 -0.32490285399968066 -0.85802384211171057 0.096975881833223754 0.2121966604482044 -0.05938435018952213 0.31776103553224783 -0.012268289029598237 0.024485313195051463 -0.43871778027190794 0.6662698844447732 -0.27610253319144251 -0.6573333996348083 -0.18009596718475224 -0.19828020566267762 0.063585973365393608 -0.12281639105994256
leaf_weight=32 1364 768 24 42 1082 48 444 22 31 185 206 32 96 191 123 31 736 33 67 61 70 316 77 32 64 32 32 127 1132 500
leaf_count=32 1364 768 24 42 1082 48 444 22 31 185 206 32 96 191 123 31 736 33 67 61 70 316 77 32 64 32 32 127 1132 500
internal_value=2.4556e-10 0.017502 0.0154978 0.00771558 -0.0637374 -0.216623 0.117015 0.0270284 -0.0828677 0.178012 0.0202326 0.0314341 0.0238308 0.0345526 0.00687646 0.106968 0.0647225 -0.306191 0.213914 0.120349 -0.211512 -0.0545683 -0.14284 -0.126274 0.0380216 -0.224852 -0.418715 -0.116402 0.0244385 -0.0105101
internal_weight=8000 6605 6573 6105 1299 217 468 4806 1395 207 4599 4000 3840 3584 2593 991 800 64 160 128 193 599 283 256 96 160 64 169 2400 1268
internal_count=8000 6605 6573 6105 1299 217 468 4806 1395 207 4599 4000 3840 3584 2593 991 800 64 160 128 193 599 283 256 96 160 64 169 2400 1268
is_linear=0
shrinkage=0.05


Tree=121
num_leaves=31
num_cat=0
split_feature=0 1 1 0 0 0 1 0 0 0 0 1 0 0 2 0 0 0 1 0 0 3 0 4 0 0 0 0 0 0
split_gain=4247.61 3015.82 2870.52 2885.35 2757.56 3180.64 2739.22 2072.15 7351.43 3077.03 1960.83 2066.32 4579.78 3026.46 1627.12 1579.29 5465.75 1579.1 1980.82 2525.61 1466.66 1415.76 1371.54 1338.39 1323.06 1228.25 1184.67 2699.3 2660.42 1605.53
threshold=8089.3999999999951 7306.0000000000009 6517.5000000000009 8601.8583333333281 8138.4333333333288 8155.8666666666631 7306.0000000000009 8256.391666666661 8287.899999999996 8239.2916666666642 1991.7833333333344 5887.5000000000009 7922.9666666666617 6580.9916666666695 256.74865074732423 8362.0666666666602 8379.2333333333318 9815.8500000000004 7306.0000000000009 9474.6416666666792 8052.9916666666641 1565.9375881074145 8333.1666666666624 13.018435756439276 8439.641666666661 6352.766666666671 7587.1083333333327 7153.3499999999967 7231.2083333333312 6949.6249999999982
decision_type=2 2 2 2 2 2 2 2 2 2 2 2 2 2 2 2 2 2 2 2 2 2 2 2 2 2 2 2 2 2
left_child=1 10 24 4 6 -6 -4 9 -9 -7 -1 12 14 25 21 22 -17 18 19 -5 26 -12 -10 -19 -2 -13 27 29 -29 -15
right_child=2 -3 3 17 5 7 -8 8 15 -11 11 13 -14 20 -16 16 -18 23 -20 -21 -22 -23 -24 -25 -26 -27 -28 28 -30 -31
leaf_value=0.21265075273113326 -0.17312183604848669 0.30946359976225501 -0.7216453560374001 -0.10505715360437136 0.70025042295455941 -0.0072628578401747208 -0.0013740595543023312 0.73893073999456005 0.019017893282266763 -0.6575898083773527 -0.027417265630696776 0.55902714174369295 -0.33412186255479615 0.052740499294555654 0.16408915889547451 0.88046406564258395 0.046058644618839024 -0.43309971852986906 -0.0058364137806892792 -0.59978700622364334 0.32627410056979156 0.037858906637181888 -0.35310118077322844 -0.10179658451250623 -0.53697281863008228 0.20151292154033273 -0.022640611679090216 0.53438771652642547 0.11717518155813306 -0.16621374114779117
leaf_weight=128 232 91 22 579 20 105 33 42 65 22 2218 29 103 232 152 21 300 54 758 27 43 1328 40 70 28 140 601 43 343 131
leaf_count=128 232 91 22 579 20 105 33 42 65 22 2218 29 103 232 152 21 300 54 758 27 43 1328 40 70 28 140 601 43 343 131
internal_value=-1.26593e-09 0.023979 -0.0553559 -0.0364463 0.0497141 0.0800487 -0.289483 0.0592016 0.107809 -0.119918 0.0192477 0.0146317 -0.00526384 0.063046 0.0038958 0.0455856 0.100646 -0.0752416 -0.0597114 -0.1271 0.0388043 -0.00297092 -0.122742 -0.246074 -0.212306 0.262862 0.0296478 0.0716042 0.163652 -0.026276
internal_weight=8000 5582 2418 2158 670 615 55 595 468 127 5491 5363 3801 1562 3698 426 321 1488 1364 606 1393 3546 105 124 260 169 1350 749 386 363
internal_count=8000 5582 2418 2158 670 615 55 595 468 127 5491 5363 3801 1562 3698 426 321 1488 1364 606 1393 3546 105 124 260 169 1350 749 386 363
is_linear=0
shrinkage=0.05


Tree=122
num_leaves=31
num_cat=0
split_feature=0 0 0 0 2 1 0 0 0 1 0 0 0 1 0 0 1 3 0 1 0 0 0 0 0 4 0 0 0 3
split_gain=3867.4 5300.74 3816.69 1984.66 2282.94 2190.53 4065.66 2001.4 1604.82 1356.52 5276.79 3580.52 1861.19 3463.82 2359.19 3397.56 2298.3 1352.99 2156.83 1494.75 1266.48 1241.63 3497.74 1248.4 1239.5 1220.78 1280.08 1108.49 1078.5 1061.42
threshold=9128.6583333333365 9150.4333333333398 9173.9250000000029 2641.8916666666687 252.3367522803413 2460.5000000000005 3883.9333333333329 3655.2833333333319 3462.3250000000003 5887.5000000000009 7939.3499999999967 6580.9916666666695 8102.9916666666641 6517.5000000000009 8138.4333333333288 8155.8666666666631 7306.0000000000009 1704.6800420755792 9904.2083333333339 7306.0000000000009 8066.9666666666653 9527.6166666666813 9302.9250000000047 9448.7250000000113 8439.641666666661 11.343684718634387 4249.9000000000078 6352.766666666671 9397.0416666666752 1307.7933744734632
decision_type=2 2 2 2 2 2 2 2 2 2 2 2 2 2 2 2 2 2 2 2 2 2 2 2 2 2 2 2 2 2
left_child=3 -2 -3 4 -1 7 8 -5 -7 10 25 27 16 24 -15 -16 -13 18 19 -4 -12 22 -21 28 -14 26 -8 -11 -24 -23
right_child=1 2 17 5 -6 6 9 -9 -10 11 20 12 13 14 15 -17 -18 -19 -20 21 -22 29 23 -25 -26 -27 -28 -29 -30 -31
leaf_value=0.082428969818584885 -0.74498292246172504 0.46537010578378557 -0.22028741851168615 -0.043873556947124845 0.60238942560655151 0.61524096926053362 0.12832001310386015 -0.28200092864606313 0.16199646904483758 0.53107579905411295 -0.28671547917060947 0.036551528544240548 -0.15673418415565077 -0.38110029415080421 0.66523790478706368 0.0084683636986955368 0.28346555202019097 0.047050725622102621 -0.44986066404654057 -0.24946463750231837 -0.71750445474277846 0.089235890171555587 0.20822220782146739 -0.010290945079177619 -0.51012419071048498 0.022803250392447239 -0.071006791975858782 0.19143727903121285 0.62064832798812697 -0.19039274532209088
leaf_weight=522 31 31 186 654 22 21 89 102 279 29 76 1409 218 38 20 1277 101 128 49 63 22 43 51 40 28 1299 848 140 23 161
leaf_count=522 31 31 186 654 22 21 89 102 279 29 76 1409 218 38 20 1277 101 128 49 63 22 43 51 40 28 1299 848 140 23 161
internal_value=1.86778e-10 -0.103861 -0.078216 0.0116363 0.103457 0.00412502 0.0144026 -0.0760019 0.193724 0.00478579 -0.0243133 0.0256193 0.0133668 -0.0245506 0.00721876 0.0185959 0.053067 -0.100865 -0.131601 -0.104097 -0.383423 -0.0473747 0.0495273 0.21476 -0.196957 -0.00857418 -0.0520739 0.249718 0.336409 -0.131451
internal_weight=8000 806 775 7194 544 6650 5894 756 300 5594 2334 3260 3091 1581 1335 1297 1510 744 616 567 98 381 177 114 246 2236 937 169 74 204
internal_count=8000 806 775 7194 544 6650 5894 756 300 5594 2334 3260 3091 1581 1335 1297 1510 744 616 567 98 381 177 114 246 2236 937 169 74 204
is_linear=0
shrinkage=0.05


Tree=123
num_leaves=31
num_cat=0
split_feature=0 0 1 0 0 0 0 0 0 1 0 2 3 0 0 0 0 0 0 3 0 0 0 0 1 0 0 0 0 0
split_gain=3511.75 1803.84 1635.67 4660.26 3056.66 2345.09 2010.72 1970.94 1553.37 1329.63 2104.92 1393.15 1433.49 1353.1 2410.51 2288.02 1577.73 1324.25 1292 1221.71 1108.37 1783.47 6977.72 2975.54 2460.83 3066.78 1773.97 1339.94 1185.94 1161.88
threshold=8672.2250000000004 1827.0166666666669 6517.5000000000009 7423.7583333333323 7505.1083333333354 8077.6000000000013 7455.9583333333339 8052.9916666666641 7519.7666666666673 5887.5000000000009 6413.8916666666692 256.74865074732423 1420.0078077402779 7153.3499999999967 7231.2083333333312 6949.6249999999982 7079.4833333333308 1991.7833333333344 9959.8666666666631 1410.7736692888382 7978.8833333333341 8256.391666666661 8287.899999999996 8239.2916666666642 7306.0000000000009 8138.4333333333288 8173.3416666666626 7939.3499999999967 8089.3999999999951 8362.0666666666602
decision_type=2 2 2 2 2 2 2 2 2 2 2 2 2 2 2 2 2 2 2 2 2 2 2 2 2 2 2 2 2 2
left_child=1 -1 3 9 -5 7 -4 8 -6 11 -11 12 -3 15 -15 -12 -17 -14 -2 -13 27 23 -23 24 25 28 -27 -8 -22 -24
right_child=18 2 6 4 5 -7 20 -9 -10 10 13 19 17 14 -16 16 -18 -19 -20 -21 21 22 29 -25 -26 26 -28 -29 -30 -31
leaf_value=0.38971408279612663 -0.064829340258468482 -0.040289014704795859 0.53785409954461183 -0.35696134296607002 0.37883720072832977 -0.18941531732964975 0.095057587712086722 0.37921589573224385 -0.048066279019578023 0.37627622372117542 0.085913360791427487 0.3921493410354569 0.2628887205937151 0.50584074338508211 0.07479587012944236 -0.29386574186202957 0.0647403612428782 0.022796177575584504 -0.39126738636724412 0.070802616807632154 -0.25229529593672073 0.70156077061380662 -0.11702808857828911 -0.62513373060659927 0.10580627349378585 0.47509266535441086 -0.087739057324471931 0.39582417126567593 -0.67315251502123752 0.069197769786550664
leaf_weight=32 1364 1116 22 98 22 273 313 30 678 58 343 42 59 43 132 82 49 2161 31 100 70 42 105 22 172 21 42 42 22 414
leaf_count=32 1364 1116 22 98 22 273 313 30 678 58 343 42 59 43 132 82 49 2161 31 100 70 42 105 22 172 21 42 42 22 414
internal_value=-2.15202e-10 0.0152243 0.0134011 0.00109386 -0.0904365 -0.0643952 0.0639499 -0.0176412 -0.0346493 0.0251739 0.0876829 0.0124672 0.00593838 0.0618918 0.18071 0.0180244 -0.159731 0.029177 -0.0720835 0.165849 0.0557081 0.0264759 0.0816853 -0.0622704 -0.024402 -0.168891 0.0998715 0.130641 -0.352935 0.031522
internal_weight=8000 6605 6573 5286 1101 1003 1287 730 700 4185 707 3478 3336 649 175 474 131 2220 1395 142 1265 910 561 349 327 155 63 355 92 519
internal_count=8000 6605 6573 5286 1101 1003 1287 730 700 4185 707 3478 3336 649 175 474 131 2220 1395 142 1265 910 561 349 327 155 63 355 92 519
is_linear=0
shrinkage=0.05


Tree=124
num_leaves=31
num_cat=0
split_feature=0 0 0 0 1 0 0 3 0 0 0 1 0 0 2 3 0 2 4 2 1 0 0 1 0 1 0 0 1 0
split_gain=3254.5 2057.51 1993.9 6313.99 1730.8 2826.2 1695.04 1537.53 1508.25 1308.9 2116.25 1300.07 3672.81 2204.11 1747.96 1393.48 1327.07 1266.71 1506.85 1735.36 1183.22 2643.14 1995.21 1729.46 2570.21 1628.65 1324.03 1235.61 1891.78 3469.79
threshold=9194.033333333331 9219.2166666666762 9150.4333333333398 9128.6583333333365 7306.0000000000009 9670.1833333333452 2393.3000000000011 1786.7377036846262 9474.6416666666792 9302.9250000000047 9448.7250000000113 2460.5000000000005 3799.9166666666656 3629.2499999999986 244.14631168610984 1743.3986382069504 3462.3250000000003 226.99639690560181 13.711651689743544 199.87536355485503 7306.0000000000009 7744.8249999999998 7990.6166666666641 5887.5000000000009 8052.9916666666641 6517.5000000000009 7810.0666666666666 7275.2083333333312 4564.0000000000009 6325.6833333333361
decision_type=2 2 2 2 2 2 2 2 2 2 2 2 2 2 2 2 2 2 2 2 2 2 2 2 2 2 2 2 2 2
left_child=2 -2 3 6 8 9 -1 17 -3 -6 -11 13 16 14 15 -8 -13 18 -7 -20 21 25 -22 24 26 27 -23 28 -14 -30
right_child=1 4 -4 -5 5 7 11 -9 -10 10 -12 12 20 -15 -16 -17 -18 -19 19 -21 22 23 -24 -25 -26 -27 -28 -29 29 -31
leaf_value=0.11282847117836355 -0.50034094981608856 -0.15440231194550341 0.29231435389768695 -0.70449231632294196 -0.17013126070732656 -0.43346255932804906 -0.068247353847990494 0.20875004045665266 -0.55752211748449898 0.31968136393410318 0.0042443180115709842 0.58439052124463375 -0.021310767188764478 -0.25128030421196662 0.21804138004779816 0.15057964064635154 0.16837938410907308 0.03103408849820858 0.068409400975898566 -0.43656048951325599 0.51213371952374775 0.12734778012548173 0.048831959719046997 -0.035806863787748992 -0.62576327447233537 0.15769682366059024 -0.19121673140572767 -0.051650280951334164 0.26469580267424359 0.035458450324643453
leaf_weight=384 31 165 62 31 46 79 645 24 27 85 142 21 1084 119 70 82 220 41 46 27 24 42 732 1383 29 207 146 599 191 1216
leaf_count=384 31 165 62 31 46 79 645 24 27 85 142 21 1084 119 70 82 220 41 46 27 24 42 732 1383 29 207 146 599 191 1216
internal_value=-5.75412e-11 -0.101952 0.00997556 0.00755272 -0.0838436 -0.0339834 0.010621 -0.16867 -0.211091 0.0730754 0.12236 0.00485779 0.0134701 -0.0505584 -0.0205886 -0.0435654 0.204629 -0.215603 -0.282131 -0.11836 0.0053206 -0.00366731 0.06354 -0.0563982 -0.187632 0.0219224 -0.120048 0.0128269 0.0283314 0.0665774
internal_weight=8000 713 7287 7225 682 490 7194 217 192 273 227 6810 5894 916 797 727 241 193 152 73 5653 4897 756 1600 217 3297 188 3090 2491 1407
internal_count=8000 713 7287 7225 682 490 7194 217 192 273 227 6810 5894 916 797 727 241 193 152 73 5653 4897 756 1600 217 3297 188 3090 2491 1407
is_linear=0
shrinkage=0.05


Tree=125
num_leaves=31
num_cat=0
split_feature=0 1 0 1 0 0 0 0 0 0 0 0 0 0 0 0 1 0 0 0 0 0 0 0 3 0 1 0 0 1
split_gain=2982.92 1829.47 1559.5 1532.49 2907.95 1738.86 3210.08 2502.26 1990.16 4329.56 3854.64 1700.61 2138.45 1959.27 1676.08 1502.62 1640.69 2235.84 1824.45 1467.75 3793.79 2098.94 2136.74 1663.58 1409.38 1388.32 1381.28 2537.64 3812.35 1358.85
threshold=8410.208333333323 6517.5000000000009 1827.0166666666669 6517.5000000000009 7275.2083333333312 8362.0666666666602 8379.2333333333318 8333.1666666666624 8256.391666666661 8269.7166666666617 8223.0749999999935 7153.3499999999967 7132.0916666666644 7177.566666666663 7455.9583333333339 9498.9250000000156 7306.0000000000009 9347.8166666666712 9035.3250000000025 8941.658333333331 8892.4083333333347 8841.4500000000007 8791.8083333333325 8991.225000000004 1799.9892978142213 9448.7250000000113 7306.0000000000009 8005.8666666666595 8138.4333333333288 5887.5000000000009
decision_type=2 2 2 2 2 2 2 2 2 2 2 2 2 2 2 2 2 2 2 2 2 2 2 2 2 2 2 2 2 2
left_child=2 -2 -1 4 11 7 -7 8 10 -10 14 12 -4 -13 -5 16 -3 18 19 20 21 22 -18 -21 -17 -19 27 -16 -29 -15
right_child=1 15 3 5 -6 6 -8 -9 9 -11 -12 13 -14 29 26 24 17 25 -20 23 -22 -23 -24 -25 -26 -27 -28 28 -30 -31
leaf_value=0.36458695717155937 -0.36123888998602832 -0.078039936082262701 0.021613570145961582 0.50307655361565684 -0.062843162677836073 0.83253419739859447 0.062247567466999359 -0.33034377329051501 0.93916672468185425 0.12331931718207639 -0.41433311896615249 0.53449836289510133 -0.38883760124444966 -0.058365483715463046 0.085484930853448854 -0.17410151726563261 0.080378981871464153 0.41534791401188287 -0.13009589614204461 0.58646629550136053 -0.49210296598347752 0.48462092924330924 -0.34739206379110166 0.040031586984793345 0.18475458522637686 -0.0017124883590206024 0.17943605796687984 -0.39093503963343706 0.16036377279804304 0.26781514341958235
leaf_weight=32 48 724 3808 22 1238 21 38 40 20 87 43 32 32 67 354 311 253 56 195 26 33 28 33 30 30 31 176 79 52 61
leaf_count=32 48 724 3808 22 1238 21 38 40 20 87 43 32 32 67 354 311 253 56 195 26 33 28 33 30 30 31 176 79 52 61
internal_value=-2.43026e-10 -0.0567045 0.016439 0.0146334 0.00412219 0.073708 0.336417 0.0559532 0.0745029 0.275814 0.0448331 0.024848 0.0181931 0.184564 0.0737411 -0.0483515 -0.0255587 0.0299105 -0.00454464 0.056206 0.017873 0.0714692 0.0310208 0.293733 -0.142531 0.26674 0.0594515 0.0159107 -0.172099 0.09708
internal_weight=8000 1798 6202 6170 5238 932 59 873 833 107 726 4000 3840 160 683 1750 1409 685 598 403 347 314 286 56 341 87 661 485 131 128
internal_count=8000 1798 6202 6170 5238 932 59 873 833 107 726 4000 3840 160 683 1750 1409 685 598 403 347 314 286 56 341 87 661 485 131 128
is_linear=0
shrinkage=0.05


Tree=126
num_leaves=31
num_cat=0
split_feature=0 0 0 0 1 0 0 1 0 0 2 0 4 2 0 1 0 0 0 1 0 0 0 1 0 1 1 0 0 0
split_gain=2718.64 1872.61 5602.16 1841.5 1548.32 2427.49 1507.03 2025.43 3335.5 1777.51 1710.07 1390 1363.12 1959.18 1349.51 1292.86 4175.48 2885.03 1438.54 2572.84 1989.74 2841.35 1886.13 3397.51 3341.81 3184.2 1841.06 4381.33 1415.24 1276.43
threshold=9194.033333333331 9150.4333333333398 9128.6583333333365 9219.2166666666762 7306.0000000000009 9730.8000000000065 2686.9083333333351 2460.5000000000005 3984.0166666666687 3777.6666666666647 252.3367522803413 3462.3250000000003 14.014472346010285 224.1982631265293 9474.6416666666792 5887.5000000000009 7939.3499999999967 6580.9916666666695 8102.9916666666641 6517.5000000000009 8138.4333333333288 8155.8666666666631 7906.6166666666659 6517.5000000000009 8052.9916666666641 7306.0000000000009 6517.5000000000009 7683.4750000000013 7775.8333333333367 8017.3166666666648
decision_type=2 2 2 2 2 2 2 2 2 2 2 2 2 2 2 2 2 2 2 2 2 2 2 2 2 2 2 2 2 2
left_child=1 2 6 -2 14 -6 10 9 11 -8 -1 -9 13 -7 -5 16 -10 -17 22 -20 -21 -22 26 24 -24 29 27 -19 -29 -25
right_child=3 -3 -4 4 5 12 7 8 15 -11 -12 -13 -14 -15 -16 17 -18 18 19 20 21 -23 23 25 -26 -27 -28 28 -30 -31
leaf_value=0.069660410152960428 -0.47007853575050834 0.28273410816646871 -0.66393836813588303 -0.14278020159764723 0.058158796583608674 -0.43128674162985531 -0.062145117837988754 0.55409032049633211 -0.011615031070297183 -0.5185661592266777 0.50967006103500079 0.13503431541670072 -0.0252078227081531 0.067211633258395728 -0.52409595355943395 0.22428682852293969 -0.34526672411177839 0.031185870926917537 -0.16979511795126326 -0.35044697683892756 0.6079689759016037 0.0073599167444000054 0.21896060288287283 0.010125049225230149 0.84525641128420836 0.24507396243660168 0.11986867742016789 -0.43485282795394165 -0.12718614084444133 -0.31277868642725726
leaf_weight=553 31 62 31 165 304 73 702 21 2172 22 23 343 86 27 27 169 98 701 246 38 20 1277 89 69 28 101 316 68 83 55
leaf_count=553 31 62 31 165 304 73 702 21 2172 22 23 343 86 27 27 169 98 701 246 38 20 1277 89 69 28 101 316 68 83 55
internal_value=4.00983e-10 0.00911741 0.00676942 -0.0931817 -0.0760501 -0.0288915 0.0096596 0.00290821 0.0126028 -0.0760143 0.0872302 0.159211 -0.171167 -0.296692 -0.196403 0.00295266 -0.0260194 0.0231264 0.012128 -0.0212072 0.00617304 0.0166214 0.0470307 0.150301 0.368843 0.036659 0.0167923 -0.021438 -0.265738 -0.133098
internal_weight=8000 7287 7225 713 682 490 7194 6618 5894 724 576 364 186 100 192 5530 2270 3260 3091 1581 1335 1297 1510 342 117 225 1168 852 151 124
internal_count=8000 7287 7225 713 682 490 7194 6618 5894 724 576 364 186 100 192 5530 2270 3260 3091 1581 1335 1297 1510 342 117 225 1168 852 151 124
is_linear=0
shrinkage=0.05


Tree=127
num_leaves=31
num_cat=0
split_feature=0 1 0 1 0 0 0 1 0 0 0 0 0 0 0 3 2 0 1 0 1 0 0 0 0 0 0 0 0 2
split_gain=2499.19 1577.47 1359.66 1313.35 4222.74 2155.78 1276.41 1410.66 1968.16 1609.54 1324.64 3423.89 1894.3 1928.41 1501.38 1302.86 1265.72 1315.18 2550.03 2847.95 2231.31 3745.77 1859.49 4446.61 4399.11 4017.03 3367.84 2694.55 2435.77 1775.18
threshold=8410.208333333323 6517.5000000000009 1827.0166666666669 5887.5000000000009 7922.9666666666617 6467.1916666666702 9498.9250000000156 7306.0000000000009 9347.8166666666712 9035.3250000000025 8941.658333333331 8892.4083333333347 8841.4500000000007 8791.8083333333325 8991.225000000004 1686.2177615856415 256.74865074732423 4716.4083333333501 2460.5000000000005 3126.2833333333342 4564.0000000000009 6197.7833333333338 6439.3500000000031 6735.8416666666662 6325.6833333333361 6608.4416666666684 6664.0666666666684 6488.4666666666717 6381.7833333333365 212.04855710062222
decision_type=2 2 2 2 2 2 2 2 2 2 2 2 2 2 2 2 2 2 2 2 2 2 2 2 2 2 2 2 2 2
left_child=2 -2 -1 4 16 -5 7 -3 9 10 11 12 13 -9 -12 -8 17 18 19 -4 -19 -22 24 25 -23 27 -27 -24 -26 -29
right_child=1 6 3 5 -6 -7 15 8 -10 -11 14 -13 -14 -15 -16 -17 -18 20 -20 -21 21 22 23 -25 28 26 -28 29 -30 -31
leaf_value=0.34012451767921448 -0.33468719013035297 -0.071803233307658934 0.034662592955355287 0.28916275210158771 -0.31251658550981021 0.033941423437666637 -0.18284349201625227 0.075992037216569552 0.25049523400121382 -0.12195754130872397 0.55677498177840157 -0.46786581224790125 0.46002190964562556 -0.33039046670451311 0.037662003437678025 0.053108955423037209 0.14401281578705097 -0.1270454444896692 0.093793913914709925 -0.12611093693601771 0.31213136333558295 0.059855138147488621 0.38674508302527322 -0.054462443023585674 -0.81771782482824029 0.8746387432922017 0.21563936281711499 0.036750409784524339 -0.20049684016090452 -0.47398073314516637
leaf_weight=32 48 724 804 86 108 2182 266 253 87 195 26 33 28 33 30 75 156 469 814 419 90 78 34 713 31 33 47 46 33 27
leaf_count=32 48 724 804 86 108 2182 266 253 87 195 26 33 28 33 30 75 156 469 814 419 90 78 34 713 31 33 47 46 33 27
internal_value=-4.43486e-10 -0.0519033 0.0150471 0.0133611 -0.00422603 0.0436191 -0.044147 -0.0231398 0.0282942 -0.00403272 0.0530277 0.0166114 0.0675277 0.0291017 0.278679 -0.130948 0.00454977 -0.0014305 0.0252216 -0.0204184 -0.0353408 0.0026534 -0.0240769 0.0024542 -0.192232 0.219468 0.487477 0.0190876 -0.499463 -0.15215
internal_weight=8000 1798 6202 6170 3902 2268 1750 1409 685 598 403 347 314 286 56 341 3794 3638 2037 1223 1601 1132 1042 900 142 187 80 107 64 73
internal_count=8000 1798 6202 6170 3902 2268 1750 1409 685 598 403 347 314 286 56 341 3794 3638 2037 1223 1601 1132 1042 900 142 187 80 107 64 73
is_linear=0
shrinkage=0.05


Tree=128
num_leaves=31
num_cat=0
split_feature=0 1 1 0 0 0 1 0 0 0 0 0 0 1 0 0 0 0 0 0 0 0 0 0 2 3 3 0 0 0
split_gain=2301.73 1842.95 1801.36 1708.2 1919.94 2151.05 1905.31 1681.83 5512.65 2286.15 1247.97 4420.45 1230.64 1160.74 2807.72 1927.99 1305.69 1336.34 1261.19 2166.8 1958.64 1487.62 1260.4 3227.29 1199.39 1438.68 1354.3 1326.17 1084.7 1030.39
threshold=8089.3999999999951 7306.0000000000009 6517.5000000000009 8601.8583333333281 8138.4333333333288 8155.8666666666631 7306.0000000000009 8256.391666666661 8287.899999999996 8239.2916666666642 8362.0666666666602 8379.2333333333318 1827.0166666666669 5887.5000000000009 7825.3916666666673 6352.766666666671 8052.9916666666641 7587.1083333333327 7153.3499999999967 6949.6249999999982 7231.2083333333312 7079.4833333333308 7617.7833333333328 7348.8416666666635 256.74865074732423 1410.7736692888382 1424.498707851146 1991.7833333333344 8333.1666666666624 9959.8666666666631
decision_type=2 2 2 2 2 2 2 2 2 2 2 2 2 2 2 2 2 2 2 2 2 2 2 2 2 2 2 2 2 2
left_child=1 12 -2 4 6 -6 -4 9 -9 -7 28 -12 -1 14 22 -15 17 18 19 -17 -20 -21 23 24 26 -26 -14 -28 -10 -5
right_child=2 -3 3 29 5 7 -8 8 10 -11 11 -13 13 15 -16 16 -18 -19 20 21 -22 -23 -24 -25 25 -27 27 -29 -30 -31
leaf_value=0.32311830520629886 -0.16508085037886094 0.24082227615885193 -0.60293179269541397 -0.049550774967740241 0.57587345302104953 -0.015573640479927972 -0.0022210077693065006 0.63900494092986704 0.015035985748355206 -0.57612817070700906 0.7888424464634487 0.038455273800219097 -0.039234577678062071 0.45243926521005301 -0.20689888686499913 0.081425151929399503 0.31254751786243085 -0.02451137931933766 0.45809740784556374 -0.28528241423617412 0.10011620114641617 0.062932278428758898 0.15464428490486698 -0.21602222417004224 0.40777885228395461 0.052976591531187306 0.26616725576551342 0.021740980878339283 -0.31589165013283493 -0.34086448511769696
leaf_weight=32 260 91 22 1457 20 105 33 42 65 22 21 300 1137 29 161 372 43 601 43 82 343 49 138 164 40 100 57 2100 40 31
leaf_count=32 260 91 22 1457 20 105 33 42 65 22 21 300 1137 29 161 372 43 601 43 82 343 49 138 164 40 100 57 2100 40 31
internal_value=-1.97315e-10 0.0176517 -0.0407492 -0.0257695 0.040525 0.0658367 -0.242505 0.0486926 0.0924832 -0.112678 0.0386008 0.087546 0.0139531 0.0121409 -0.00245593 0.048558 0.0409178 0.0330788 0.0720121 0.0198423 0.139995 -0.155034 0.00635438 0.000666772 0.0110153 0.154349 0.00492346 0.0282001 -0.111032 -0.0556198
internal_weight=8000 5582 2418 2158 670 615 55 595 468 127 426 321 5491 5459 3897 1562 1533 1490 889 503 386 131 3736 3598 3434 140 3294 2157 105 1488
internal_count=8000 5582 2418 2158 670 615 55 595 468 127 426 321 5491 5459 3897 1562 1533 1490 889 503 386 131 3736 3598 3434 140 3294 2157 105 1488
is_linear=0
shrinkage=0.05


Tree=129
num_leaves=31
num_cat=0
split_feature=0 0 0 0 1 0 4 2 0 0 1 0 2 0 5 2 3 0 0 2 0 0 1 0 0 1 5 0 0 3
split_gain=2108.08 1792.88 4927.55 1653.67 1401.5 2045.12 1214.73 1775.84 1208.79 1208.64 1849.79 2906.64 1658.6 1543.94 1167.75 1211.24 1011.08 1118.85 2075.73 937.219 920.51 906.971 2080.04 4149.67 2721.56 4954.08 2545.76 2303.48 10761.5 1923.01
threshold=9194.033333333331 9150.4333333333398 9128.6583333333365 9219.2166666666762 7306.0000000000009 9730.8000000000065 14.014472346010285 224.1982631265293 9474.6416666666792 2741.0583333333348 2460.5000000000005 3702.2749999999987 255.39380195979035 3777.6666666666647 31.500000000000004 227.97776161087373 1625.2167349657268 9448.7250000000113 9302.9250000000047 221.83603632343423 3462.3250000000003 4526.1583333333447 4564.0000000000009 6325.6833333333361 6381.7833333333365 5887.5000000000009 6.5000000000000009 6635.0583333333361 6608.4416666666684 1197.4448400703507
decision_type=2 2 2 2 2 2 2 2 2 2 2 2 2 2 2 2 2 2 2 2 2 2 2 2 2 2 2 2 2 2
left_child=1 2 9 -2 8 16 7 -7 -5 12 13 20 14 -11 15 19 17 18 -6 -1 -12 29 26 -24 25 -25 -23 28 -26 -13
right_child=3 -3 -4 4 5 6 -8 -9 -10 10 11 21 -14 -15 -16 -17 -18 -19 -20 -21 -22 22 23 24 27 -27 -28 -29 -30 -31
leaf_value=0.087701520078301995 -0.43921260816916341 0.27575717344880107 -0.62329855234392229 -0.12957349040743077 -0.1767748051243169 -0.39818035939784902 -0.013757023275938147 0.076420319025163302 -0.49046113755967885 -0.061586247262086218 0.5216253196909314 0.43081862795002324 0.49238173948681879 -0.48727277300574567 -0.29784487404606563 -0.083369677727765379 0.19845528679971514 -0.10250192757288951 0.30925056645804544 0.3604424227741273 0.16901186962540335 -0.60411731069502628 0.23839311446819009 -0.77723055231955751 0.037535343383852809 0.10301477310783935 -0.067857767820180284 -0.0052323051883956129 1.0040542081464083 0.042337008559025162
leaf_weight=428 31 62 31 165 35 73 86 27 27 670 21 34 23 22 22 101 91 119 59 34 156 23 191 31 288 33 586 3994 32 505
leaf_count=428 31 62 31 165 35 73 86 27 27 670 21 34 23 22 22 101 91 119 59 34 156 23 191 31 288 33 586 3994 32 505
internal_value=-3.8094e-10 0.00802857 0.00573111 -0.0820536 -0.0658191 -0.0209522 -0.151543 -0.270038 -0.180323 0.00844169 0.00221476 0.0112944 0.0758933 -0.0751196 0.0595186 0.073483 0.0589486 -0.000652883 0.128284 0.107773 0.210847 0.00511618 -0.00130916 0.0102606 0.000307772 -0.323354 -0.0881106 0.00510943 0.134187 0.0668423
internal_weight=8000 7287 7225 713 682 490 186 100 192 7194 6586 5894 608 692 585 563 304 213 94 462 177 5717 5178 4569 4378 64 609 4314 320 539
internal_count=8000 7287 7225 713 682 490 186 100 192 7194 6586 5894 608 692 585 563 304 213 94 462 177 5717 5178 4569 4378 64 609 4314 320 539
is_linear=0
shrinkage=0.05


Tree=130
num_leaves=31
num_cat=0
split_feature=0 1 1 0 0 0 1 0 0 0 0 0 0 1 0 0 0 0 0 2 3 3 0 0 0 0 1 0 0 0
split_gain=1926.65 1677.12 1658.06 1478.21 1732.75 1941.33 1719.54 1517.85 4975.17 2063.25 1126.3 3989.45 1090.6 1051.24 2510.42 1697.67 1259.85 1152.8 2884.98 1023.53 1264.7 1248.75 1163.89 978.943 963.258 881.828 950.088 1738.06 1581.77 2346.4
threshold=8089.3999999999951 7306.0000000000009 6517.5000000000009 8601.8583333333281 8138.4333333333288 8155.8666666666631 7306.0000000000009 8256.391666666661 8287.899999999996 8239.2916666666642 8362.0666666666602 8379.2333333333318 1827.0166666666669 5887.5000000000009 7825.3916666666673 6509.4166666666724 8052.9916666666641 7617.7833333333328 7348.8416666666635 256.74865074732423 1410.7736692888382 1424.498707851146 1991.7833333333344 8333.1666666666624 8269.7166666666617 9959.8666666666631 7306.0000000000009 9372.0250000000069 8941.658333333331 8991.225000000004
decision_type=2 2 2 2 2 2 2 2 2 2 2 2 2 2 2 2 2 2 2 2 2 2 2 2 2 2 2 2 2 2
left_child=1 12 -2 4 6 -6 -4 9 24 -7 23 -12 -1 14 17 -15 -17 18 19 21 -21 -14 -23 -10 -9 26 27 28 -5 -30
right_child=2 -3 3 25 5 7 -8 8 10 -11 11 -13 13 15 -16 16 -18 -19 -20 20 -22 22 -24 -25 -26 -27 -28 -29 29 -31
leaf_value=0.30366525631397967 -0.15656519344864558 0.22904277626875338 -0.57252359525723895 -0.15838502095670468 0.54734139502048496 -0.014533339295358886 -0.0018483409601630586 0.85845468759536736 0.014545798880549576 -0.54706015695225119 0.74966195197332475 0.036794126423851901 -0.038330248778517192 0.22708847395324408 -0.19629232416635159 0.022415279394281763 0.29718175336372021 0.14717368741614231 -0.20495949709651673 0.37972143262624747 0.047063766002655029 0.24935564715088462 0.020372507864286446 -0.29983545018360019 0.37900872122157708 -0.31456006823047516 -0.010992067711500039 -0.28929806057167679 0.39753258311086231 -0.033476950977983297
leaf_weight=32 260 91 22 218 20 105 33 20 65 22 21 300 1137 119 161 1400 43 138 164 40 100 57 2100 40 22 31 851 95 36 257
leaf_count=32 260 91 22 218 20 105 33 20 65 22 21 300 1137 119 161 1400 43 138 164 40 100 57 2100 40 22 31 851 95 36 257
internal_value=-5.62493e-11 0.0161495 -0.0372815 -0.02291 0.0387604 0.0628065 -0.230118 0.0465196 0.0881207 -0.106782 0.0369324 0.0834303 0.0126214 0.0109153 -0.00297592 0.0455722 0.0306031 0.0053549 -8.45131e-05 0.00969985 0.142109 0.00407227 0.0264235 -0.105218 0.607316 -0.0506783 -0.0450638 -0.0929103 -0.0563999 0.0194799
internal_weight=8000 5582 2418 2158 670 615 55 595 468 127 426 321 5491 5459 3897 1562 1443 3736 3598 3434 140 3294 2157 105 42 1488 1457 606 511 293
internal_count=8000 5582 2418 2158 670 615 55 595 468 127 426 321 5491 5459 3897 1562 1443 3736 3598 3434 140 3294 2157 105 42 1488 1457 606 511 293
is_linear=0
shrinkage=0.05


Tree=131
num_leaves=31
num_cat=0
split_feature=0 3 0 1 0 2 0 5 2 0 1 0 0 0 0 1 0 0 0 0 1 0 0 0 0 0 3 0 0 4
split_gain=1813.9 1176.66 1112.77 1551.14 2710.99 1445.44 1393.26 1057 1098.36 919.039 1947.99 2964.3 2410.3 1846.13 5089.4 1935.27 2450.71 1923.4 1883.61 1564.01 1445.2 1572.76 1557.62 1502.46 1371.16 1767.68 1349.19 1304.25 1170.43 971.448
threshold=9498.9250000000156 1799.9892978142213 2741.0583333333348 2460.5000000000005 3702.2749999999987 255.39380195979035 3777.6666666666647 31.500000000000004 227.97776161087373 6905.2083333333312 4564.0000000000009 5380.7583333333478 6098.7166666666681 7079.4833333333308 7102.9999999999973 5887.5000000000009 8052.9916666666641 7021.0666666666648 7587.1083333333327 4672.4666666666826 7306.0000000000009 7990.6166666666641 9347.8166666666712 9084.0333333333365 7153.3499999999967 7231.2083333333312 1140.9496355383137 7052.5833333333312 9448.7250000000113 12.955217946143419
decision_type=2 2 2 2 2 2 2 2 2 2 2 2 2 2 2 2 2 2 2 2 2 2 2 2 2 2 2 2 2 2
left_child=2 -2 5 6 -5 7 -4 8 -1 10 11 19 -12 17 -15 16 -16 -11 24 26 -20 -22 23 -23 -17 -26 -6 -19 -24 -21
right_child=1 -3 3 4 9 -7 -8 -9 -10 13 12 -13 -14 14 15 18 -18 27 20 29 21 22 28 -25 25 -27 -28 -29 -30 -31
leaf_value=0.10057859319782297 -0.14168110780921014 0.18621198326349259 -0.058807260024903434 0.20010141649172974 0.4081104636192322 0.45873181690340464 -0.46318792727860542 -0.28535588302395565 -0.081439283801851295 -0.058971946055535233 0.51612312450043618 -0.34272924308593455 0.067677073614010749 0.6239470968954266 -0.068000393315071003 -0.19469838874680656 -0.53872558767425605 -0.60901102237403393 -0.034685149614209654 -0.13486087744692302 0.44037281051278115 0.042227470108808389 0.36869092107351342 -0.12544839090470114 0.4343333926485029 0.094251239500972431 0.040321966167386432 -0.15758015913888812 -0.014246894178851957 0.012820282709843296
leaf_weight=462 311 30 670 177 26 23 22 22 101 160 31 65 896 32 594 35 29 32 1829 241 24 702 56 165 43 343 609 32 31 207
leaf_count=462 311 30 670 177 26 23 22 22 101 160 31 65 896 32 594 35 29 32 1829 241 24 702 56 165 43 343 609 32 31 207
internal_value=-2.23213e-10 -0.112834 0.00502369 -0.000572753 0.00716347 0.0699259 -0.0716633 0.0546395 0.0679253 0.00163937 0.0287616 -0.0147719 0.0826737 -0.0120637 -0.0040122 -0.00923024 -0.0899122 -0.151636 0.00634127 0.00491161 -0.00845046 0.0406122 0.0305553 0.0103168 0.104965 0.132136 0.055381 -0.383296 0.232242 -0.0666243
internal_weight=8000 341 7659 7051 6359 608 692 585 563 6182 2075 1148 927 4107 3883 3851 623 224 3228 1083 2807 978 954 867 421 386 635 64 87 448
internal_count=8000 341 7659 7051 6359 608 692 585 563 6182 2075 1148 927 4107 3883 3851 623 224 3228 1083 2807 978 954 867 421 386 635 64 87 448
is_linear=0
shrinkage=0.05


Tree=132
num_leaves=31
num_cat=0
split_feature=0 3 0 0 4 4 2 5 3 5 4 4 4 0 0 2 2 4 4 3 3 2 0 2 1 0 0 3 4 4
split_gain=1637.05 1081.09 1011.46 946.442 1019.69 2036.61 961.31 907.918 903.777 1141.53 1980.93 1242.61 1609.15 850.203 1017.2 833.547 1218.88 930.714 916.765 771.921 821.823 763.105 767.787 1709.15 1503.64 2030.03 1296.44 1188.23 1056.65 1664.01
threshold=9498.9250000000156 1686.2177615856415 1827.0166666666669 9959.8666666666631 19.759415726486719 13.354617888865336 180.73591296435268 22.500000000000004 1581.773084406401 31.500000000000004 25.410502599925142 27.23656667642511 25.911065653477355 6905.2083333333312 7079.4833333333308 161.93228377318505 176.09501132863122 11.343684718634387 8.4507103814180002 1634.6595512789206 1717.4908445792551 243.07831350556964 2444.6583333333338 170.88103534542753 2460.5000000000005 4249.9000000000078 3330.0666666666671 1140.9496355383137 11.771618145211876 20.232530345224564
decision_type=2 2 2 2 2 2 2 2 2 2 2 2 2 2 2 2 2 2 2 2 2 2 2 2 2 2 2 2 2 2
left_child=2 3 -1 4 5 6 -2 -6 21 11 -11 12 13 15 -15 19 17 18 -17 -10 -21 22 23 -4 26 27 -24 -26 -25 -30
right_child=1 -3 8 -5 7 -7 -8 -9 9 10 -12 -13 -14 14 -16 16 -18 -19 -20 20 -22 -23 24 28 25 -27 -28 -29 29 -31
leaf_value=0.28528970349580052 -0.37676104365325558 0.060469427227973938 -0.18511925960073666 -0.46102554746296098 -0.46816445165979009 0.18253497374162342 -0.079630593992309817 -0.089852361226903987 0.12116246323500363 0.22148668818796674 -0.32145092450082302 0.15624585212845554 -0.31817020694999137 -0.19556944037358914 0.01063439369714677 0.24811954857974219 0.053657353488036311 0.33266783972581226 -0.16964563186435652 -0.34367437586188321 -0.0053025167239339728 0.059653406530281811 -0.041169467785528734 0.01508846428245306 0.45852494395297505 -0.019038142182962153 -0.20510519609037461 0.08553231434784081 0.40043114152821629 -0.053968968062565251
leaf_weight=32 41 75 49 23 35 57 81 29 35 24 56 190 34 63 1180 29 837 75 24 34 38 376 350 80 23 3553 184 298 66 29
leaf_count=32 41 75 49 23 35 57 81 29 35 24 56 190 34 63 1180 29 837 75 24 34 38 376 350 80 23 3553 184 298 66 29
internal_value=2.56421e-10 -0.107192 0.00477251 -0.154466 -0.12545 -0.0642055 -0.179486 -0.296742 0.00359556 0.0273962 -0.15857 0.0332557 0.0233076 0.0283228 0.000183194 0.0609511 0.0756324 0.219329 0.0589429 -0.0714555 -0.165089 -0.00885128 -0.0144121 0.075891 -0.019001 -0.00815896 -0.0976567 0.112258 0.148974 0.26172
internal_weight=8000 341 7659 266 243 179 122 64 7627 2619 80 2539 2349 2315 1243 1072 965 128 53 107 72 5008 4632 224 4408 3874 534 321 175 95
internal_count=8000 341 7659 266 243 179 122 64 7627 2619 80 2539 2349 2315 1243 1072 965 128 53 107 72 5008 4632 224 4408 3874 534 321 175 95
is_linear=0
shrinkage=0.05


Tree=133
num_leaves=31
num_cat=0
split_feature=0 0 0 1 1 0 0 0 0 0 0 0 0 0 0 0 1 1 0 0 0 0 1 2 3 0 0 0 0 0
split_gain=1538.83 1936.33 1519.74 1151.25 1083.18 1944.05 1443.33 1355 1847.12 1717.58 1173.21 3647.62 3386.21 1173.1 1005.85 1065.84 958.186 943.843 2954.3 2371.56 1059.45 3236.1 4345.43 1193.22 1051.79 999.811 9730.61 1441.31 1661.3 1783.95
threshold=8467.6249999999945 8504.9249999999865 8578.0833333333267 7306.0000000000009 6517.5000000000009 7275.2083333333312 7455.9583333333339 7153.3499999999967 7132.0916666666644 7177.566666666663 7079.4833333333308 7021.0666666666648 7102.9999999999973 7052.5833333333312 8453.6833333333288 8439.641666666661 5887.5000000000009 4564.0000000000009 5282.350000000014 6098.7166666666681 6325.6833333333361 6381.7833333333365 5887.5000000000009 171.38895448721226 1634.6595512789206 6635.0583333333361 6608.4416666666684 6580.9916666666695 6558.4083333333356 6467.1916666666702
decision_type=2 2 2 2 2 2 2 2 2 2 2 2 2 2 2 2 2 2 2 2 2 2 2 2 2 2 2 2 2 2
left_child=4 3 -3 -2 5 7 -6 8 10 -9 11 17 -12 -13 15 -8 -11 18 -1 -19 23 22 -22 -21 -25 26 27 28 29 -23
right_child=1 2 -4 -5 6 -7 14 9 -10 16 12 13 -14 -15 -16 -17 -18 19 -20 20 21 25 -24 24 -26 -27 -28 -29 -30 -31
leaf_value=0.015212773224303443 -0.52544453036971395 0.16412198300803862 -0.044095554911066155 -0.094307279015580822 0.45915894589640882 -0.051506254032778177 0.050097259402298568 0.48949345061555505 -0.36493255831301213 -0.050590141984953811 0.59250253911595796 -0.57539996276609606 -0.13488729365635663 -0.14726754687726498 0.39207955740747003 -0.31002025387826421 0.22331340954196258 0.48960429035848191 -0.23017041777340019 0.46746977324838995 -0.74294934100922083 0.18285739016331112 0.081451277886376239 0.030288391382921311 0.3751828253269196 0.0077639114209432595 0.94758038679137835 -0.28785137049853804 0.40506223297270483 -0.1022740677195543
leaf_weight=2496 32 93 1519 30 22 1278 952 32 32 67 32 32 32 32 21 21 61 31 129 27 31 96 33 105 28 512 32 32 32 128
leaf_count=2496 32 93 1519 30 22 1278 952 32 32 67 32 32 32 32 21 21 61 31 129 27 31 96 33 105 28 512 32 32 32 128
internal_value=-3.26728e-10 -0.0426292 -0.032083 -0.31683 0.0112806 0.00223049 0.0585801 0.0192631 0.013371 0.161852 0.0165235 0.0129255 0.228808 -0.361334 0.0497141 0.0423249 0.079942 0.0193782 0.00315394 0.0585584 0.0459046 0.0247412 -0.317868 0.164419 0.102898 0.0510958 0.120427 0.0285208 0.0680673 0.0199251
internal_weight=8000 1674 1612 62 6326 5310 1016 4032 3872 160 3840 3776 64 64 994 973 128 3712 2625 1087 1056 896 64 160 133 832 320 288 256 224
internal_count=8000 1674 1612 62 6326 5310 1016 4032 3872 160 3840 3776 64 64 994 973 128 3712 2625 1087 1056 896 64 160 133 832 320 288 256 224
is_linear=0
shrinkage=0.05


Tree=134
num_leaves=31
num_cat=0
split_feature=0 1 1 0 0 0 1 0 0 0 0 0 0 0 0 1 0 0 0 0 0 0 0 0 0 0 4 5 3 2
split_gain=1422.88 1439.24 1393 1126.3 1576.9 1741.55 1529.32 1388.62 4477.18 1857.55 1035.34 3585.68 881.761 871.923 867.687 899.938 2013.22 1516.7 1157.82 2399.46 1095.05 986.057 1041.6 1578.68 1462.59 1175.14 877.553 1512.27 1524.79 1366.38
threshold=8089.3999999999951 6517.5000000000009 7306.0000000000009 8601.8583333333281 8138.4333333333288 8155.8666666666631 7306.0000000000009 8256.391666666661 8287.899999999996 8239.2916666666642 8362.0666666666602 8379.2333333333318 8333.1666666666624 8269.7166666666617 1827.0166666666669 5887.5000000000009 7825.3916666666673 6352.766666666671 7617.7833333333328 7348.8416666666635 8052.9916666666641 7587.1083333333327 7153.3499999999967 6949.6249999999982 7231.2083333333312 7079.4833333333308 13.479282894791572 11.500000000000002 1902.3950501495704 178.86133711203908
decision_type=2 2 2 2 2 2 2 2 2 2 2 2 2 2 2 2 2 2 2 2 2 2 2 2 2 2 2 2 2 2
left_child=2 -2 14 4 6 -6 -3 9 13 -7 12 -12 -10 -9 -1 16 18 -17 19 26 21 22 23 -19 -24 -25 27 29 -29 -16
right_child=1 3 -4 -5 5 7 -8 8 10 -11 11 -13 -14 -15 15 17 -18 20 -20 -21 -22 -23 24 25 -26 -27 -28 28 -30 -31
leaf_value=0.27026458084583282 -0.14317280030880983 -0.54423213106664747 0.2079028872752583 -0.042887652331779144 0.51704834669828414 -0.016405506038240026 -0.0060455033724958248 0.81394798517227174 0.011301512640829271 -0.52169038409536539 0.7101253384635563 0.034294915561680683 -0.28706736633554103 0.35779841975732285 -0.077535228462774511 0.39942885519101701 -0.17682880652628793 0.065849483980151322 0.14587666367491087 -0.18854442838942861 0.28318789005279543 -0.022218183395816962 0.39736194844509282 -0.25174759258402557 0.088016542687919808 0.057741191557475507 0.034504624428491053 -0.10190549389822222 0.27010350145142653 0.043601442774059494
leaf_weight=32 260 22 91 1488 20 105 33 20 65 22 21 300 40 22 307 29 161 372 138 164 43 601 43 82 343 49 1586 549 29 963
leaf_count=32 260 22 91 1488 20 105 33 20 65 22 21 300 40 22 307 29 161 372 138 164 43 601 43 82 343 49 1586 549 29 963
internal_value=1.12289e-10 -0.0320387 0.0138785 -0.0186491 0.0351823 0.0581215 -0.22132 0.0426954 0.0824862 -0.103935 0.0339273 0.0785081 -0.102363 0.575012 0.010663 0.00914123 -0.00371148 0.0412072 0.00374887 -0.00170239 0.0344307 0.0272518 0.0606955 0.0132843 0.122477 -0.135985 0.00722076 -0.0161949 -0.0832407 0.0143188
internal_weight=8000 2418 5582 2158 670 615 55 595 468 127 426 321 105 42 5491 5459 3897 1562 3736 3598 1533 1490 889 503 386 131 3434 1848 578 1270
internal_count=8000 2418 5582 2158 670 615 55 595 468 127 426 321 105 42 5491 5459 3897 1562 3736 3598 1533 1490 889 503 386 131 3434 1848 578 1270
is_linear=0
shrinkage=0.05


Tree=135
num_leaves=31
num_cat=0
split_feature=0 3 0 1 0 2 0 0 3 1 0 0 1 5 0 0 0 0 0 0 0 0 1 3 3 0 2 1 0 0
split_gain=1353.93 1000.19 876.966 1340.18 2355.83 1273.62 1239.92 966.93 1691.68 1539.85 3161.83 2421.79 3803.19 2253.94 1693.17 8784.52 1689.88 1306.01 1503.33 1608.1 4337.51 1851.78 1823.49 1299.01 1121.81 1194.11 1033.14 1022.91 1330.23 1493.28
threshold=9498.9250000000156 1799.9892978142213 2741.0583333333348 2460.5000000000005 3580.4416666666662 255.39380195979035 3777.6666666666647 4526.1583333333447 1190.3443523589506 4564.0000000000009 6325.6833333333361 6381.7833333333365 5887.5000000000009 6.5000000000000009 6635.0583333333361 6608.4416666666684 5421.6583333333447 6580.9916666666695 6558.4083333333356 6467.1916666666702 6439.3500000000031 6413.8916666666692 5887.5000000000009 1266.6198827713893 1266.6198827713893 6098.7166666666681 174.07157960954444 7306.0000000000009 9347.8166666666712 9035.3250000000025
decision_type=2 2 2 2 2 2 2 2 2 2 2 2 2 2 2 2 2 2 2 2 2 2 2 2 2 2 2 2 2 2
left_child=2 -2 5 6 -5 -1 -4 8 -6 13 24 12 -12 -9 15 17 -15 18 19 20 21 -13 -21 -10 -11 -26 -27 -16 29 -29
right_child=1 -3 3 4 7 -7 -8 9 23 10 11 14 -14 16 27 -17 -18 -19 -20 22 -22 -23 -24 -25 25 26 -28 28 -30 -31
leaf_value=0.047607914266041204 -0.12407960910170408 0.17822707171241445 -0.054579630224451205 0.24856379865997971 0.37248096564194055 0.42692343763521184 -0.4360586632381786 -0.56438660129256879 -0.32002955460920934 -0.050964220591953824 -0.70575762073839865 0.20315881487913431 0.065494046447742177 -0.04007589398102715 -0.019121600872189819 0.89855442964471877 -0.42533071229855218 -0.2758397927507758 0.38353315177955666 -0.29976259350776674 0.64716018047183754 -0.33474444979801776 0.078415630403084358 0.055732188104530393 0.55802690256387 0.46001594107726529 0.12067358084023 0.054793431260807025 0.22536631172587135 -0.10175824840481465
leaf_weight=585 311 30 670 99 41 23 22 23 24 35 31 32 33 556 3481 32 30 32 32 60 32 32 68 552 28 29 99 696 87 195
leaf_count=585 311 30 670 99 41 23 22 23 24 35 31 32 33 556 3481 32 30 32 32 60 32 32 68 552 28 29 99 696 87 195
internal_value=1.88772e-10 -0.0974837 0.00434025 -0.000627985 0.00656294 0.061957 -0.0667076 0.00273577 0.062164 -0.00376205 0.00532255 -0.00254685 -0.308081 -0.0788555 0.00154484 0.11264 -0.0597988 0.0253163 0.0629608 0.0171647 0.171858 -0.0657928 -0.0988554 0.0400754 0.204859 0.262256 0.197556 -0.00642791 0.0387528 0.0205313
internal_weight=8000 341 7659 7051 6359 608 692 6260 617 5643 5034 4843 64 609 4779 320 586 288 256 224 96 64 128 576 191 156 128 4459 978 891
internal_count=8000 341 7659 7051 6359 608 692 6260 617 5643 5034 4843 64 609 4779 320 586 288 256 224 96 64 128 576 191 156 128 4459 978 891
is_linear=0
shrinkage=0.05


Tree=136
num_leaves=31
num_cat=0
split_feature=0 0 0 0 1 0 4 2 0 0 0 0 0 0 0 0 0 0 0 3 0 0 3 2 0 1 0 0 0 0
split_gain=1249.84 1794.88 4232.42 1506.77 1223.92 1555.3 1036.74 1591.55 995.326 889.57 6056.83 3978.49 3255.23 4690.08 4565.46 1934.16 1600.09 1177.34 1647.36 821.799 859.074 1676.74 820.741 771.183 767.293 761.472 1985.5 1793.86 1450.94 1076.19
threshold=9194.033333333331 9150.4333333333398 9128.6583333333365 9219.2166666666762 7306.0000000000009 9730.8000000000065 14.014472346010285 224.1982631265293 9474.6416666666792 8941.658333333331 8892.4083333333347 8991.225000000004 8841.4500000000007 8867.5666666666675 8791.8083333333325 8767.0250000000033 8967.4583333333303 8721.1499999999978 8743.5666666666639 1625.2167349657268 9448.7250000000113 9302.9250000000047 1521.5619784063608 199.87536355485503 1827.0166666666669 6517.5000000000009 8077.6000000000013 8052.9916666666641 7489.3916666666692 7275.2083333333312
decision_type=2 2 2 2 2 2 2 2 2 2 2 2 2 2 2 2 2 2 2 2 2 2 2 2 2 2 2 2 2 2
left_child=1 2 9 -2 8 19 7 -7 -5 10 12 16 14 -14 15 17 -11 24 -19 20 21 -6 -22 -8 -1 26 27 29 -27 -26
right_child=3 -3 -4 4 5 6 23 -9 -10 11 -12 -13 13 -15 -16 -17 -18 18 -20 -21 22 -23 -24 -25 25 28 -28 -29 -30 -31
leaf_value=0.25259290151298047 -0.4041062139305136 0.27405931538631839 -0.57909167735807354 -0.10863701232567882 -0.15100703419851405 -0.35042033963007468 0.1440427652381836 0.098880330514576703 -0.43611297005856486 0.19230548854797119 -0.48890955255727375 -0.016177209862257524 0.80304096187314689 -0.066709020108945902 -0.42287806580143594 0.40218066856745749 0.70032028613551978 -0.468281433082396 0.047182840084837335 0.18969548712228682 -0.0045180771582656442 0.28581780442747018 -0.31038065169303652 -0.15671485551656822 0.014959483858307613 0.31066186198343837 -0.13270315099234656 0.39123932783802351 0.03073681509029192 -0.043432518931351832
leaf_weight=32 31 62 31 165 35 73 47 27 27 31 62 186 31 31 62 31 31 31 31 91 90 59 29 39 4000 48 273 30 1301 983
leaf_count=32 31 62 31 165 35 73 47 27 27 31 62 186 31 31 62 31 31 31 31 91 90 59 29 39 4000 48 273 30 1301 983
internal_value=-5.05794e-10 0.00618191 0.00388317 -0.0631804 -0.0476837 -0.00575542 -0.119639 -0.229109 -0.154688 0.0063953 0.00307304 0.0994453 0.00750403 0.368166 0.00422624 0.00814347 0.446313 0.00632817 -0.210549 0.0639231 0.0101894 0.12317 -0.079056 0.00765268 0.00834503 0.00716705 -0.0013899 0.00576121 0.0406971 0.00344045
internal_weight=8000 7287 7225 713 682 490 186 100 192 7194 6946 248 6884 62 6822 6760 62 6729 62 304 213 94 119 86 6667 6635 5286 5013 1349 4983
internal_count=8000 7287 7225 713 682 490 186 100 192 7194 6946 248 6884 62 6822 6760 62 6729 62 304 213 94 119 86 6667 6635 5286 5013 1349 4983
is_linear=0
shrinkage=0.05


Tree=137
num_leaves=31
num_cat=0
split_feature=0 1 1 0 0 0 1 0 0 0 0 0 0 0 0 0 0 2 4 4 3 0 1 0 4 5 0 1 3 0
split_gain=1135.41 1210.04 1160.71 880.675 1427.61 1572.75 1360.33 1255.79 4046.89 1701.28 1370.32 1608.01 934.257 3238.49 846.621 796.269 787.703 767.548 931.49 804.716 757.778 891.396 837.748 1762.51 1153.43 1572.79 1380.25 1801.37 970.702 998.796
threshold=8089.3999999999951 7306.0000000000009 6517.5000000000009 8601.8583333333281 8138.4333333333288 8155.8666666666631 7306.0000000000009 8256.391666666661 8287.899999999996 8223.0749999999935 8207.1583333333274 8189.0833333333294 8362.0666666666602 8379.2333333333318 8439.641666666661 8333.1666666666624 8269.7166666666617 243.07831350556964 30.394624914726688 6.6051410820484309 1584.1763794456463 1883.1833333333338 5887.5000000000009 6381.7833333333365 13.55691042357075 15.500000000000002 2788.7583333333355 2460.5000000000005 1500.0458831517851 6861.1749999999947
decision_type=2 2 2 2 2 2 2 2 2 2 2 2 2 2 2 2 2 2 2 2 2 2 2 2 2 2 2 2 2 2
left_child=1 17 14 4 6 -6 -4 9 16 10 11 -7 15 -14 -2 -10 -9 20 19 -19 21 -1 24 -24 -23 26 -26 -28 29 -29
right_child=2 -3 3 -5 5 7 -8 8 12 -11 -12 -13 13 -15 -16 -17 -18 18 -20 -21 -22 22 23 -25 25 -27 27 28 -30 -31
leaf_value=0.22743105429869434 -0.097078310988907679 0.19323122664712944 -0.51760129915042363 -0.038028708776138016 0.48895207613706593 0.08495627002018255 -0.010019742900674995 0.77137631416320807 0.0083930858597159388 -0.35704616706731707 0.3585483323134806 -0.46189918816089631 0.67245442753746398 0.030176170861969394 -0.38813542124948336 -0.27514264115132392 0.3378158451481299 0.25650924361029337 0.32615206749601799 0.028988869015662239 0.03096905777558372 -0.060923379296643626 0.39745356046384384 0.014114783372014239 0.29799677770246163 -0.036769588021270033 -0.16394858439634374 0.25136332673281431 -0.050600943319273721 -0.0059623280195174391
leaf_weight=39 232 91 22 1488 20 41 33 20 65 43 23 20 21 300 28 40 22 43 33 404 1682 1284 31 916 66 671 77 125 66 54
leaf_count=39 232 91 22 1488 20 41 33 20 65 43 23 20 21 300 28 40 22 43 33 404 1682 1284 31 916 66 671 77 125 66 54
internal_value=-3.86641e-10 0.0123975 -0.0286199 -0.0165955 0.0310056 0.0528319 -0.213052 0.0381724 0.0760122 -0.101269 0.0296647 -0.0943406 0.0298456 0.0721944 -0.128423 -0.0996205 0.544273 0.00940064 0.0698009 0.0508756 0.00361495 -0.0102059 -0.0130229 0.0266634 -0.0290634 0.00956576 0.0896973 0.0470023 0.113301 0.173734
internal_weight=8000 5582 2418 2158 670 615 55 595 468 127 84 61 426 321 260 105 42 5491 480 447 5011 3329 3290 947 2343 1059 388 322 245 179
internal_count=8000 5582 2418 2158 670 615 55 595 468 127 84 61 426 321 260 105 42 5491 480 447 5011 3329 3290 947 2343 1059 388 322 245 179
is_linear=0
shrinkage=0.05


Tree=138
num_leaves=31
num_cat=0
split_feature=0 0 3 0 3 2 4 3 0 4 4 4 5 0 1 4 4 3 3 5 5 3 4 0 5 2 2 0 0 0
split_gain=1069.06 922.789 1214.48 988.518 918.41 755.454 887.587 703.15 785.541 688.901 1041.83 616.712 582.179 508.755 810.438 508.508 761.048 972.351 468.22 614.546 529.343 951.781 916.89 1632.24 997.339 875.767 1171.82 1138.54 1106.75 844.633
threshold=9498.9250000000156 9527.6166666666813 1707.1119689080749 9904.2083333333339 1307.7933744734632 246.05188832460524 43.593073356397262 1581.773084406401 1883.1833333333338 30.394624914726688 36.431576538697108 6.5123005325177177 13.500000000000002 7635.3916666666673 6517.5000000000009 11.077233708717118 12.566287317460231 1230.6070692165774 1511.8380481977526 29.500000000000004 8.5000000000000018 1480.810522243886 12.019842686841814 2641.8916666666687 18.500000000000004 180.34744135659372 187.94416821910283 6784.5500000000002 6248.4500000000025 3680.6416666666655
decision_type=2 2 2 2 2 2 2 2 2 2 2 2 2 2 2 2 2 2 2 2 2 2 2 2 2 2 2 2 2 2
left_child=5 -2 3 4 -3 6 7 8 -1 11 -11 -7 -4 -9 -15 -13 -17 -18 20 -20 21 25 23 -22 -24 28 27 -27 -10 -25
right_child=1 2 12 -5 -6 9 -8 13 18 10 -12 15 -14 14 -16 16 17 -19 19 -21 22 -23 24 29 -26 26 -28 -29 -30 -31
leaf_value=0.21317289578608978 -0.34672533581333775 0.14613303044854209 -0.026596544339106631 -0.30924696217538145 -0.11397643121688261 0.2151097986342696 -0.2063813004642725 0.041971596344370865 -0.25162818126620784 0.51477430552244197 0.0044242702424526215 -0.045537878004834054 0.29422842658936016 -0.079499536391417935 0.023664522332753422 0.23478233643152097 0.35482536362750189 2.2946667935078344e-05 -0.05203101442164465 0.13926619995724074 -0.30944765521020723 0.19446371238992877 0.035058096975605781 0.097518673326287955 -0.037375826456811222 0.52340816967189319 0.018324018323878002 0.073615588861353262 0.018299058741148639 -0.05285484457397624
leaf_weight=39 31 43 26 49 161 48 52 1427 62 20 20 160 31 265 676 54 21 240 916 44 58 83 1209 105 783 24 377 34 98 844
leaf_count=39 31 43 26 49 161 48 52 1427 62 20 20 160 31 265 676 54 21 240 916 44 58 83 1209 105 783 24 377 34 98 844
internal_value=-2.17591e-10 -0.0866232 -0.060613 -0.107587 -0.0591494 0.0038567 -0.000566484 0.000952876 -0.010289 0.0596062 0.259599 0.0443103 0.147887 0.0231517 -0.00538806 0.0270506 0.0639209 0.0285703 -0.0121684 -0.0432632 -0.00405012 0.0358492 -0.0130704 -0.0519543 0.00658633 0.0137231 0.0505124 0.259737 -0.0862977 -0.0362171
internal_weight=8000 341 310 253 204 7659 7096 7044 4676 563 40 523 57 2368 941 475 315 261 4637 960 3677 678 2999 1007 1992 595 435 58 160 949
internal_count=8000 341 310 253 204 7659 7096 7044 4676 563 40 523 57 2368 941 475 315 261 4637 960 3677 678 2999 1007 1992 595 435 58 160 949
is_linear=0
shrinkage=0.05


Tree=139
num_leaves=31
num_cat=0
split_feature=0 0 0 1 1 0 0 0 0 0 0 0 0 4 2 0 0 0 3 1 0 0 0 0 0 0 0 0 0 0
split_gain=983.925 1837.58 1195.31 973.803 805.948 1335.99 1477.74 1855.33 1851.38 2348.05 1864.01 1226.14 1007.45 916.803 1426.78 905.723 1380.84 1182.39 1293.81 756.003 1230.61 1211.3 1154.7 1649.01 1502.36 1054.32 3115.18 3040.53 1048.5 940.458
threshold=8467.6249999999945 8504.9249999999865 8578.0833333333267 7306.0000000000009 7306.0000000000009 9372.0250000000069 8941.658333333331 8991.225000000004 8892.4083333333347 8841.4500000000007 8791.8083333333325 8743.5666666666639 9730.8000000000065 14.014472346010285 224.1982631265293 9302.9250000000047 9128.6583333333365 9448.7250000000113 1625.2167349657268 6517.5000000000009 7275.2083333333312 7472.7999999999993 7153.3499999999967 7132.0916666666644 7177.566666666663 7079.4833333333308 7021.0666666666648 7102.9999999999973 7052.5833333333312 7505.1083333333354
decision_type=2 2 2 2 2 2 2 2 2 2 2 2 2 2 2 2 2 2 2 2 2 2 2 2 2 2 2 2 2 2
left_child=19 3 -3 -2 5 6 8 -8 9 10 11 -4 15 14 -14 16 -6 -17 -19 20 22 -21 23 25 -24 26 -1 -27 -28 -22
right_child=1 2 4 -5 12 -7 7 -9 -10 -11 -12 -13 13 -15 -16 17 -18 18 -20 21 29 -23 24 -25 -26 27 28 -29 -30 -31
leaf_value=0.015102842766250905 -0.49306954406201842 0.15019246739966255 -0.17182600079713584 -0.096549006005128224 0.028501757101527816 -0.25082971519545505 0.36381029486656191 -0.019452144269349513 -0.5148900214454224 0.29137382928062888 -0.52887044322901766 0.17285552476258839 -0.32560018433436549 0.011906026593994264 0.099807260050955748 0.2504011160485885 -0.1776213077230836 -0.069442973210781564 0.22564951242120179 0.33757045111485895 -0.12171991932742272 0.038223622443304461 0.45306752482429147 -0.34786972794681792 0.070033436841913502 0.55842208941467109 -0.5391061403093772 -0.13083987059071661 -0.13434989224188029 -0.018419923895324146
leaf_weight=3712 32 93 107 30 348 95 36 257 29 34 29 34 73 86 27 85 106 119 54 35 283 981 32 32 128 32 32 32 32 995
leaf_count=3712 32 93 107 30 348 95 36 257 29 34 29 34 73 86 27 85 106 119 54 35 283 981 32 32 128 32 32 32 32 995
internal_value=-1.17267e-10 -0.0340873 -0.0238136 -0.301205 -0.034467 -0.0782633 -0.0470963 0.0276381 -0.141076 -0.0879354 -0.163797 -0.0887113 -0.00418028 -0.107796 -0.21074 0.0228879 -0.0196239 0.0976956 0.0226668 0.00902026 0.00145948 0.0485358 0.015011 0.00957179 0.14664 0.0125505 0.00913961 0.213791 -0.336728 -0.0412946
internal_weight=8000 1674 1612 62 1519 621 526 293 233 204 170 141 898 186 100 712 454 258 173 6326 5310 1016 4032 3872 160 3840 3776 64 64 1278
internal_count=8000 1674 1612 62 1519 621 526 293 233 204 170 141 898 186 100 712 454 258 173 6326 5310 1016 4032 3872 160 3840 3776 64 64 1278
is_linear=0
shrinkage=0.05


Tree=140
num_leaves=31
num_cat=0
split_feature=0 1 1 0 0 0 0 0 0 0 1 0 0 1 1 0 1 0 0 1 0 1 1 0 0 0 0 0 0 0
split_gain=917.722 2690.6 1448.54 905.743 3257.42 1391.9 1574.24 1459.1 1496.1 2492.81 1825.72 1572.33 1482.77 1999.25 1173.9 1103.58 1407.47 825.351 776.66 4564.04 2289.08 1946.1 865.858 1232.45 1961.98 888.928 4694.37 1176.68 901.464 1240.29
threshold=8017.3166666666648 5887.5000000000009 6517.5000000000009 7423.7583333333323 7505.1083333333354 7587.1083333333327 7603.7666666666655 7635.3916666666673 7906.6166666666659 7922.9666666666617 5887.5000000000009 7825.3916666666673 7966.8583333333308 5887.5000000000009 5887.5000000000009 7472.7999999999993 5887.5000000000009 7455.9583333333339 8102.9916666666641 6517.5000000000009 8052.9916666666641 7306.0000000000009 6517.5000000000009 8138.4333333333288 8173.3416666666626 8256.391666666661 8287.899999999996 8239.2916666666642 8207.1583333333274 8223.0749999999935
decision_type=2 2 2 2 2 2 2 2 2 2 2 2 2 2 2 2 2 2 2 2 2 2 2 2 2 2 2 2 2 2
left_child=2 -2 3 -1 15 14 -7 -8 10 -10 11 -9 -11 -14 -6 16 -5 -4 19 20 -3 -21 -20 -24 -25 27 -27 28 -26 -30
right_child=1 18 17 4 5 6 7 8 9 12 -12 -13 13 -15 -16 -17 -18 -19 22 21 -22 -23 23 24 25 26 -28 -29 29 -31
leaf_value=0.013199452930057184 -0.39525863671442496 0.12752848565578462 0.39848841303874827 -0.44463283000168979 0.0084005359961683377 -0.45252870707349341 0.2819288484148077 0.10790190111229739 0.55898865746955084 -0.19174583396977851 -0.20845507276551492 -0.2419068154207496 -0.091663266831275195 0.48848639894966728 0.34267523630211749 -0.52155993378315224 0.045550452196039259 0.084009096519744933 -0.11358652428167351 -0.30671474909579216 0.77905487152082586 0.10504565152029198 -0.29675062625472876 0.33739124394953257 -0.24082038140878448 0.51441414767787574 -0.019962266360505902 -0.482409293814139 0.33870194781085722 -0.19277406111359596
leaf_weight=4217 48 26 22 27 58 22 37 127 24 54 182 43 33 27 48 39 32 404 246 55 28 60 38 40 41 42 1914 22 23 21
leaf_count=4217 48 26 22 27 58 22 37 127 24 54 182 43 33 27 48 39 32 404 246 55 28 60 38 40 41 42 1914 22 23 21
internal_value=2.48736e-10 -0.0243779 0.0117643 0.0041798 -0.0463327 -0.00610717 -0.0381345 -0.0208353 -0.0436971 0.0958384 -0.0984013 0.0194209 -0.00166693 0.169404 0.15977 -0.315187 -0.178771 0.10025 -0.017413 0.0861699 0.465357 -0.0918832 -0.0247467 -0.014539 -0.0094396 -0.0161644 -0.00848793 -0.156493 -0.0721382 0.0850429
internal_weight=8000 2604 5396 4970 753 655 549 527 490 138 352 170 114 60 106 98 59 426 2556 169 54 115 2387 2141 2103 2063 1956 107 85 44
internal_count=8000 2604 5396 4970 753 655 549 527 490 138 352 170 114 60 106 98 59 426 2556 169 54 115 2387 2141 2103 2063 1956 107 85 44
is_linear=0
shrinkage=0.05


Tree=141
num_leaves=31
num_cat=0
split_feature=0 0 3 0 3 0 4 4 3 4 3 3 3 1 0 0 0 1 0 0 1 5 0 0 0 2 3 3 3 0
split_gain=873.275 823.297 1064.35 864.225 834.347 681.784 936.184 1458.16 727.514 747.441 699.325 697.306 1543.95 693.906 2129.25 1569.26 1152.48 1436.12 2618.3 2246.18 3300.92 1994 1525.93 1427.76 7877.91 1247.81 1159.76 1216.06 990.255 1106.23
threshold=9498.9250000000156 9527.6166666666813 1707.1119689080749 9904.2083333333339 1307.7933744734632 2344.2250000000013 11.715155938646527 9.1646842283138223 2269.7030541227764 43.593073356397262 1498.041546786669 1439.9108083722376 1509.5033019310811 2460.5000000000005 3512.3666666666663 3462.3250000000003 4526.1583333333447 4564.0000000000009 6325.6833333333361 6381.7833333333365 5887.5000000000009 6.5000000000000009 5421.6583333333447 6635.0583333333361 6608.4416666666684 211.69889222030619 1190.3443523589506 1392.3594007416546 1266.6198827713893 6098.7166666666681
decision_type=2 2 2 2 2 2 2 2 2 2 2 2 2 2 2 2 2 2 2 2 2 2 2 2 2 2 2 2 2 2
left_child=5 -2 3 4 -3 6 7 11 9 13 -9 -1 -13 15 -15 -7 26 21 28 20 -20 -18 -23 24 25 -21 -16 -28 -19 -30
right_child=1 2 -4 -5 -6 8 -8 10 -10 -11 -12 12 -14 14 16 -17 17 18 19 23 -22 22 -24 -25 -26 -27 27 -29 29 -31
leaf_value=-0.087607929087949524 -0.32397126478533589 0.14325490775843 0.14146572016833123 -0.28625360478323941 -0.10466489809223954 -0.0024973808478204198 0.14336684297257565 -0.44940138047649747 0.25014707088984295 -0.18786700086773567 -0.088146975233748148 0.55905333541333679 0.027302306578602904 0.32518623181833672 0.314780116961761 -0.15268396784055543 -0.53283846196920981 -0.052131929397583016 -0.67796952961012724 0.1065861213566508 0.046700570890397738 -0.039253581767164841 -0.40542879367868107 -0.0052301402435777937 0.84843129485379909 -0.10616542697438727 -0.080299521245594543 0.087745756027688457 0.52677459142037797 0.17932802316333568
leaf_weight=33 31 43 57 49 161 704 198 21 29 53 37 20 43 52 44 231 23 35 30 172 33 551 30 4413 32 115 140 466 28 126
leaf_count=33 31 43 57 49 161 704 198 21 29 53 37 20 43 52 44 231 23 35 30 172 33 551 30 4413 32 115 140 466 28 126
internal_value=-1.50772e-10 -0.0782905 -0.0537225 -0.0976977 -0.0524073 0.00348571 0.0714539 -0.0210056 0.000211483 -0.000784413 -0.218946 0.0985834 0.196112 0.000587957 0.00656218 -0.0396023 0.00390613 -0.00342367 0.00540036 -0.00179457 -0.29838 -0.0762365 -0.0581611 0.00215405 0.104306 0.0213372 0.0669199 0.0489234 0.187939 0.2425
internal_weight=8000 341 310 253 204 7659 352 154 7307 7278 58 96 63 7225 6290 935 6238 5588 4984 4795 63 604 581 4732 319 287 650 606 189 154
internal_count=8000 341 310 253 204 7659 352 154 7307 7278 58 96 63 7225 6290 935 6238 5588 4984 4795 63 604 581 4732 319 287 650 606 189 154
is_linear=0
shrinkage=0.05


Tree=142
num_leaves=31
num_cat=0
split_feature=0 0 0 0 1 0 0 3 2 4 2 3 0 0 0 0 0 0 0 0 0 0 4 0 3 4 4 0 1 0
split_gain=807.483 1726.82 3689.56 1365.44 1046.75 1213.01 843.239 834.161 857.629 1204.76 1631.62 875.286 823.09 5103.14 3422.88 2847.33 4222.39 3814.83 1730.43 1428.7 1031.61 1438.82 754.686 718.033 597.517 880.997 792.669 677.106 946.053 1734.52
threshold=9194.033333333331 9150.4333333333398 9128.6583333333365 9219.2166666666762 7306.0000000000009 9730.8000000000065 9325.6666666666733 1786.7377036846262 226.99639690560181 14.014472346010285 199.87536355485503 1515.4082821778932 8941.658333333331 8892.4083333333347 8991.225000000004 8841.4500000000007 8867.5666666666675 8791.8083333333325 8767.0250000000033 8967.4583333333303 8721.1499999999978 8743.5666666666639 19.660218848053233 8918.7166666666653 1822.7811643038331 27.23656667642511 38.669468913299042 2284.191666666668 2460.5000000000005 4288.0000000000082
decision_type=2 2 2 2 2 2 2 2 2 2 2 2 2 2 2 2 2 2 2 2 2 2 2 2 2 2 2 2 2 2
left_child=1 2 12 -2 6 22 -5 8 9 11 -11 -7 13 15 19 17 -17 18 20 -14 24 -22 -6 -15 26 -26 27 -1 -29 -30
right_child=3 -3 -4 4 5 7 -8 -9 -10 10 -12 -13 14 23 -16 16 -18 -19 -20 -21 21 -23 -24 -25 25 -27 -28 28 29 -31
leaf_value=0.0805519389095051 -0.37532741263989483 0.26771830152119364 -0.54159118619657332 0.013198509858921171 0.10776677959525655 -0.16429414839455578 -0.2090818153039436 0.19127037687735127 0.075223554584600449 0.14922544088214637 -0.3950318051236017 -0.52846328191684955 0.17628313466425866 -0.61988351649394446 -0.012680326032161874 0.75586344417064422 -0.069382199500837641 -0.38755203264374893 0.37915433139329957 0.65632062676332659 -0.43915036058714318 0.042584031772228984 -0.078434552483155701 -0.27957226249479478 0.037822356192315588 0.26895196605059835 -0.13021254213946362 -0.046523714623296519 0.097513144629753801 -0.00055912579009901665
leaf_weight=280 31 62 31 64 233 33 128 22 37 40 21 33 31 31 186 31 31 62 31 31 31 31 71 31 492 45 111 888 503 4348
leaf_count=280 31 62 31 64 233 33 128 22 37 40 21 33 31 31 186 31 31 62 31 31 31 31 71 31 492 45 111 888 503 4348
internal_value=1.59824e-10 0.00496892 0.00271419 -0.0507834 -0.0360314 0.00274363 -0.134988 -0.0978302 -0.136612 -0.198328 -0.0381418 -0.346379 0.00505968 0.00186397 0.0945652 0.00593119 0.343241 0.00286564 0.00644639 0.416302 0.00472935 -0.198283 0.064279 -0.449728 0.00661727 0.0571908 0.00218694 0.0046286 0.000924373 0.00960998
internal_weight=8000 7287 7225 713 682 490 192 186 164 127 61 66 7194 6946 248 6884 62 6822 6760 62 6729 62 304 62 6667 537 6130 6019 5739 4851
internal_count=8000 7287 7225 713 682 490 192 186 164 127 61 66 7194 6946 248 6884 62 6822 6760 62 6729 62 304 62 6667 537 6130 6019 5739 4851
is_linear=0
shrinkage=0.05


Tree=143
num_leaves=31
num_cat=0
split_feature=0 0 3 0 3 2 4 4 4 3 0 4 5 4 4 3 3 3 4 4 4 2 4 2 4 0 4 4 5 1
split_gain=752.021 742.185 917.838 732.116 728.156 638.666 680.945 621.79 871.581 588.348 633.763 554.44 503.099 449.555 668.548 893.14 416.475 578.567 840.036 774.462 582.104 411.927 578.38 474.625 845.322 666.692 1242.21 1216.11 781.818 763.973
threshold=9498.9250000000156 9527.6166666666813 1707.1119689080749 9904.2083333333339 1307.7933744734632 246.05188832460524 43.593073356397262 30.394624914726688 36.431576538697108 1581.773084406401 1883.1833333333338 6.5123005325177177 13.500000000000002 11.077233708717118 12.566287317460231 1230.6070692165774 1421.9929765580284 1488.4546497543818 11.383403785058565 8.3789351361909468 18.96682170596819 145.44422438616465 8.9247379154338322 165.83894757535055 5.8015643342006458 2393.3000000000011 12.019842686841814 20.232530345224564 8.5000000000000018 2460.5000000000005
decision_type=2 2 2 2 2 2 2 2 2 2 2 2 2 2 2 2 2 2 2 2 2 2 2 2 2 2 2 2 2 2
left_child=5 -2 3 4 -3 6 9 11 -9 10 -1 -7 -4 -13 -15 -16 -6 -18 19 -19 -20 22 -12 24 -23 26 28 -28 -25 -27
right_child=1 2 12 -5 16 7 -8 8 -10 -11 21 13 -14 14 15 -17 17 18 20 -21 -22 23 -24 25 -26 29 27 -29 -30 -31
leaf_value=0.19093140913889961 -0.30591679196203914 0.13431019788218099 -0.030269647561586822 -0.26370922879753061 -0.27644811305734845 0.20190926925085173 -0.18110376407320683 0.4778926101326943 0.011099988520145418 0.020804508689724499 0.24388442155387668 -0.044653931319189724 0.2679707561769793 0.21840617678783558 0.3378155679929824 -0.002228180365054868 0.10393645869273889 -0.092896153794034667 0.16323447397777013 -0.5183233731985093 -0.16870527362823487 -0.32870461385963218 0.016022746163473382 0.13571362487714866 -0.045173515981972917 -0.072565118800769809 0.33489516592688034 -0.0611342306647982 -0.20022189062695173 -0.0046629576860015495
leaf_weight=39 31 43 26 49 27 48 52 20 20 2368 36 160 31 54 21 240 38 23 28 20 25 28 123 29 430 472 63 28 43 3385
leaf_count=39 31 43 26 49 27 48 52 20 20 2368 36 160 31 54 21 240 38 23 28 20 25 28 123 29 430 472 63 28 43 3385
internal_value=-1.36784e-10 -0.0726522 -0.0493258 -0.0901623 -0.0484771 0.00323468 -0.000832265 0.0544941 0.244496 0.000498529 -0.00978474 0.0399624 0.131931 0.0235972 0.0582644 0.0251317 -0.097296 -0.0611982 -0.126564 -0.290769 0.00665912 -0.0114729 0.0676141 -0.014281 -0.0625073 -0.00878658 0.0902625 0.21304 -0.0649145 -0.0129725
internal_weight=8000 341 310 253 204 7659 7096 563 40 7044 4676 523 57 475 315 261 161 134 96 43 53 4637 159 4478 458 4020 163 91 72 3857
internal_count=8000 341 310 253 204 7659 7096 563 40 7044 4676 523 57 475 315 261 161 134 96 43 53 4637 159 4478 458 4020 163 91 72 3857
is_linear=0
shrinkage=0.05


Tree=144
num_leaves=31
num_cat=0
split_feature=0 1 1 0 0 1 0 0 0 0 0 0 0 1 0 0 0 0 0 0 0 0 2 3 0 1 1 0 0 0
split_gain=698.833 1032.44 987.612 739.372 1729.45 1199.05 828.449 4176.35 1062.48 813.914 1120.06 726.981 718.143 675.254 1560.45 1140.29 886.808 748.912 955.578 1266.43 1242.57 1016.14 786.547 746.009 689.693 2327.52 1484.81 759.026 1277.88 715.182
threshold=8089.3999999999951 7306.0000000000009 6517.5000000000009 8138.4333333333288 8173.3416666666626 7306.0000000000009 8256.391666666661 8287.899999999996 8239.2916666666642 8207.1583333333274 8223.0749999999935 8439.641666666661 8269.7166666666617 5887.5000000000009 7939.3499999999967 6352.766666666671 8052.9916666666641 7587.1083333333327 7153.3499999999967 7231.2083333333312 6949.6249999999982 7079.4833333333308 184.6135618537586 1618.4337489823185 7906.6166666666659 6517.5000000000009 6517.5000000000009 7683.4750000000013 7775.8333333333367 7744.8249999999998
decision_type=2 2 2 2 2 2 2 2 2 2 2 2 2 2 2 2 2 2 2 2 2 2 2 2 2 2 2 2 2 2
left_child=1 13 11 5 -5 -4 8 12 9 -6 -11 -2 -8 14 -1 -15 17 18 20 -20 -17 -22 -21 -24 25 27 -26 -19 29 -29
right_child=2 -3 3 4 6 -7 7 -9 -10 10 -12 -13 -14 15 -16 16 -18 24 19 22 21 -23 23 -25 26 -27 -28 28 -30 -31
leaf_value=0.00080886970342615699 -0.085468318916110578 0.17676278436249429 -0.47826052802530206 0.31900108779780567 -0.22853823456822375 -0.0017173833467743615 0.70452093958854678 -0.016354307110149846 -0.45810936167836191 0.32214860728253492 -0.18291159123182299 -0.35517722660941736 0.29054612195627255 0.34537255794837557 -0.20647027907512522 0.052800149256513731 0.25274876972963645 -0.021474516088679688 0.36654011510139289 0.19671424850821495 -0.23391052366393372 0.053881147481044944 -0.022270713482239395 0.17662643193034455 0.2065758921081734 0.06214272277385139 -0.079120853156732618 -0.27390678320080042 -0.10131015226648875 -0.61321990191936493
leaf_weight=3836 232 91 22 40 41 33 20 1914 22 23 21 28 22 29 93 372 43 59 43 100 82 49 179 64 89 209 93 44 83 24
leaf_count=3836 232 91 22 40 41 33 20 1914 22 23 21 28 22 29 93 372 43 59 43 100 82 49 179 64 89 209 93 44 83 24
internal_value=1.12301e-10 0.00972624 -0.0224532 -0.0113616 -0.00662856 -0.192335 -0.0129423 -0.00553155 -0.148413 -0.0682564 0.0810971 -0.114514 0.487677 0.00695802 -0.00409746 0.0347666 0.0288908 0.0224305 0.0515764 0.110752 0.00616535 -0.126263 0.0786853 0.0301137 -0.0206823 -0.0559835 0.060588 -0.173547 -0.232966 -0.393664
internal_weight=8000 5582 2418 2158 2103 55 2063 1956 107 85 44 260 42 5491 3929 1562 1533 1490 889 386 503 131 343 243 601 419 182 210 151 68
internal_count=8000 5582 2418 2158 2103 55 2063 1956 107 85 44 260 42 5491 3929 1562 1533 1490 889 386 503 131 343 243 601 419 182 210 151 68
is_linear=0
shrinkage=0.05


Tree=145
num_leaves=31
num_cat=0
split_feature=3 0 3 3 0 4 4 4 0 3 3 4 2 2 5 1 0 0 0 0 4 0 0 0 4 0 5 1 0 2
split_gain=679.742 971.13 869.361 819.114 1292.21 807.939 1661.16 995 799.144 1205.53 781.403 726.926 681.035 617.654 528.133 476.121 868.667 1768.59 760.879 1706.37 718.626 664.953 720.162 1492.78 577.241 1174.63 1616.24 1064.43 1052.46 894.675
threshold=1615.5828513711426 9498.9250000000156 1533.4217651622425 1634.6595512789206 2879.7666666666669 19.660218848053233 13.142252506006455 10.387133781889345 1883.1833333333338 1429.2248833321009 1443.9014830618305 11.651866481469925 276.09341225257418 203.01254022098368 5.5000000000000009 7306.0000000000009 9302.9250000000047 9035.3250000000025 8467.6249999999945 8504.9249999999865 10.387133781889345 8017.3166666666648 8941.658333333331 8892.4083333333347 13.626591917163028 2592.4916666666672 24.500000000000004 5887.5000000000009 6488.4666666666717 173.63279889613497
decision_type=2 2 2 2 2 2 2 2 2 2 2 2 2 2 2 2 2 2 2 2 2 2 2 2 2 2 2 2 2 2
left_child=1 8 5 4 -2 6 7 -3 9 -1 -8 -4 14 -7 -5 18 17 21 24 -20 -18 -17 23 -23 27 26 -26 -10 -29 -27
right_child=3 2 11 12 -6 13 10 -9 15 -11 -12 -13 -14 -15 -16 16 20 -19 19 -21 -22 22 -24 -25 25 29 -28 28 -30 -31
leaf_value=-0.01372021266392299 0.43226840442844799 -0.010402738775771398 -0.51747447748978936 0.19837572591172326 0.068306258023179398 -0.047743472998792474 0.061317738113195998 -0.37151063945558338 -0.047217438422322039 0.49453976035118102 0.48864726893603799 -0.13391744559009872 0.18528224462643267 -0.41452271069089575 0.0051637781417123319 0.28521287780383536 -0.03889754588405292 -0.15995784188613049 -0.49176237874704865 -0.050748081211134569 0.28992852805941194 0.0413256012005776 0.24178687520325184 -0.38124032128940932 0.24056902584018169 0.079397154962996541 -0.15717394749323529 0.27526020443066956 0.011660911720770765 -0.013183429539216264
leaf_weight=28 28 65 21 36 189 22 23 27 1502 20 20 30 56 24 2016 29 24 121 23 473 54 418 40 22 113 317 33 40 710 1476
leaf_count=28 28 65 21 36 189 22 23 27 1502 20 20 30 56 24 2016 29 24 121 23 473 54 418 40 22 113 317 33 40 710 1476
internal_value=5.99175e-13 -0.00932879 -0.109513 0.0227703 0.115269 -0.058136 0.00352806 -0.11638 -0.00505857 0.198055 0.260076 -0.291853 0.0132483 -0.239107 0.00855346 -0.0068657 0.0313519 0.0118644 -0.0126387 -0.0711983 0.188751 0.0527101 0.0386631 0.0201973 -0.00570824 0.0142897 0.150668 -0.0229267 0.0257195 0.00318469
internal_weight=8000 5675 232 2325 217 181 135 92 5443 48 43 51 2108 46 2052 5395 708 630 4687 496 78 509 480 440 4191 1939 146 2252 750 1793
internal_count=8000 5675 232 2325 217 181 135 92 5443 48 43 51 2108 46 2052 5395 708 630 4687 496 78 509 480 440 4191 1939 146 2252 750 1793
is_linear=0
shrinkage=0.05


Tree=146
num_leaves=31
num_cat=0
split_feature=0 0 0 0 1 0 2 2 5 2 2 0 5 0 0 0 0 0 0 0 0 0 0 0 2 0 2 0 0 1
split_gain=614.13 1612.66 3265.77 1222.5 951.811 1007.91 1062.75 1366.68 1456.98 1495.22 1233.91 919.981 873.112 776.112 763.72 4419.48 3027.93 2583.04 3804.95 3425.33 1572.93 1277.92 919.524 1300.52 737.166 653.66 638.079 578.517 557.947 513.62
threshold=9194.033333333331 9150.4333333333398 9128.6583333333365 9219.2166666666762 7306.0000000000009 9578.9500000000135 218.85163809621653 208.02160997177779 15.500000000000002 184.27925205780897 197.63841370295782 9302.9250000000047 18.500000000000004 9275.4083333333347 8941.658333333331 8892.4083333333347 8991.225000000004 8841.4500000000007 8867.5666666666675 8791.8083333333325 8767.0250000000033 8967.4583333333303 8721.1499999999978 8743.5666666666639 175.2797605201275 8918.7166666666653 182.46372161654969 9173.9250000000029 8817.5083333333332 7306.0000000000009
decision_type=2 2 2 2 2 2 2 2 2 2 2 2 2 2 2 2 2 2 2 2 2 2 2 2 2 2 2 2 2 2
left_child=1 2 14 -2 13 11 7 8 9 24 -10 -6 -8 -5 15 17 21 19 -19 20 22 -16 29 -24 -7 -17 -13 -3 -21 -1
right_child=3 27 -4 4 5 6 12 -9 10 -11 -12 26 -14 -15 16 25 -18 18 -20 28 -22 -23 23 -25 -26 -27 -28 -29 -30 -31
leaf_value=0.0017347835882588617 -0.35137464401702728 0.41098212347395963 -0.50993797954532416 0.10009243935346604 -0.10862858071923256 -0.2180227174113194 0.19673945751925143 -0.48925586071881383 0.25739493007245273 0.022329416764634 -0.20515690758114768 0.29123639505283511 -0.17867781917254133 -0.16964905359083787 0.16618462445274476 -0.58132143608865239 -0.010290512790082284 0.71803695278302326 -0.065354374579844929 -0.51779465723422269 0.36088278822360503 0.62018425455016479 -0.4167612149350105 0.041236681923750906 -0.57999387816949333 -0.25662308498736353 0.07846575392442838 0.10551646637820429 -0.21780878738049539 0.054425539369648328
leaf_weight=6167 31 31 31 32 46 39 59 22 46 49 21 51 21 160 31 31 186 31 31 31 31 31 31 31 22 31 114 31 31 500
leaf_count=6167 31 31 31 32 46 39 59 22 46 49 21 51 21 160 31 31 186 31 31 31 31 31 31 31 22 31 114 31 31 500
internal_value=-3.29125e-10 0.00433337 0.00215443 -0.0442879 -0.0303294 0.00664544 -0.0557168 -0.11759 -0.071394 -0.183351 0.112416 0.0891054 0.0981924 -0.124692 0.00436111 0.00128282 0.0905782 0.0050678 0.326341 0.00214799 0.00554102 0.393184 0.00390399 -0.187762 -0.34857 -0.418972 0.144231 0.258249 -0.367802 0.00568639
internal_weight=8000 7287 7225 713 682 490 279 199 177 110 67 211 80 192 7194 6946 248 6884 62 6822 6760 62 6729 62 61 62 165 62 62 6667
internal_count=8000 7287 7225 713 682 490 279 199 177 110 67 211 80 192 7194 6946 248 6884 62 6822 6760 62 6729 62 61 62 165 62 62 6667
is_linear=0
shrinkage=0.05


Tree=147
num_leaves=31
num_cat=0
split_feature=3 0 3 0 3 3 2 4 4 4 0 0 5 5 4 3 3 3 2 3 2 5 5 4 1 0 4 0 4 0
split_gain=614.138 847.473 754.842 742.258 1087.99 601.855 584.637 579.648 1089.13 882.248 659.538 1198.16 648.919 1152.49 2221.79 816.701 803.327 649.125 604.158 579.421 539.485 553.438 703.917 552.968 612.119 537.322 549.61 572.33 512.407 912.796
threshold=1615.5828513711426 9959.8666666666631 1618.4337489823185 1883.1833333333338 1429.2248833321009 1613.2905427454307 276.09341225257418 14.726919788818416 16.990403010087928 16.397356333215097 9730.8000000000065 9527.6166666666813 20.500000000000004 31.500000000000004 25.410502599925142 1743.3986382069504 1640.9278936787207 2034.7417920164355 176.37220345226788 1704.6800420755792 161.93228377318505 5.5000000000000009 6.5000000000000009 6.6051410820484309 2460.5000000000005 8892.4083333333347 15.914471560204378 4338.9166666666761 13.354617888865336 2592.4916666666672
decision_type=2 2 2 2 2 2 2 2 2 2 2 2 2 2 2 2 2 2 2 2 2 2 2 2 2 2 2 2 2 2
left_child=1 3 -2 4 -1 28 7 10 9 25 11 20 16 -14 -15 -16 -10 18 19 -18 23 -22 -23 -4 -25 26 27 -9 -5 -30
right_child=2 -3 6 5 -6 -7 -8 8 12 -11 -12 -13 13 14 15 -17 17 -19 -20 -21 21 22 -24 24 -26 -27 -28 -29 29 -31
leaf_value=-0.013120946288108826 0.26672046434494762 -0.33376845456659798 0.17781792853027584 -0.022769355991320229 0.46972603797912599 -0.22909470796585085 0.17646086605739569 -0.32019135549664501 0.22940566161504161 -0.30200432589650156 -0.17646222677495746 0.41510815081142244 0.10784454072003453 0.30417178076776596 -0.485626498637376 -0.084760678016270199 -0.11513477623462678 -0.27698098764784879 -0.075018812838434618 0.21447316370904446 0.24683474988648385 -0.14431974661350253 0.047521287780978028 -0.3371548266514488 -0.046031969315594154 -0.26579875665215347 0.14244933155806441 -0.014325578344556 0.12657287840388323 0.0004193986570650247
leaf_weight=28 31 20 20 2893 20 31 57 20 26 50 36 21 273 22 27 24 20 31 213 40 33 50 1095 23 84 26 38 65 152 2531
leaf_count=28 31 20 20 2893 20 31 57 20 26 50 36 21 273 22 27 24 20 31 213 40 33 50 1095 23 84 26 38 65 152 2531
internal_value=3.44461e-10 -0.0088672 0.0216436 -0.00771812 0.188065 -0.00939417 0.0183317 0.0143025 -0.0174519 -0.120266 0.0347027 0.0404357 0.0128144 0.0606566 -0.115814 -0.296984 -0.0373474 -0.0601618 -0.0355413 0.104604 0.0344065 0.0449621 0.039144 -0.0635031 -0.10861 -0.0592798 -0.0156253 -0.086294 -0.00817274 0.00756637
internal_weight=8000 5675 2325 5655 48 5607 2294 2237 875 199 1362 1326 676 346 73 51 330 304 273 60 1305 1178 1145 127 107 149 123 85 5576 2683
internal_count=8000 5675 2325 5655 48 5607 2294 2237 875 199 1362 1326 676 346 73 51 330 304 273 60 1305 1178 1145 127 107 149 123 85 5576 2683
is_linear=0
shrinkage=0.05


Tree=148
num_leaves=31
num_cat=0
split_feature=0 1 1 0 0 0 0 0 1 0 1 0 1 0 0 0 1 0 0 0 1 0 1 0 1 1 0 0 0 0
split_gain=579.585 2317.99 1211.8 733.99 718.094 2989.15 1311.72 988.226 1242.42 845.302 1668.58 857.01 1109.72 1838.08 997.485 648.373 593.306 558.079 1194.78 682.141 655.764 550.105 4063.45 2073.65 1660.76 762.004 1083.03 1494.64 793.607 3708.6
threshold=8017.3166666666648 5887.5000000000009 6517.5000000000009 7455.9583333333339 7423.7583333333323 7505.1083333333354 7519.7666666666673 7472.7999999999993 5887.5000000000009 7966.8583333333308 5887.5000000000009 7683.4750000000013 5887.5000000000009 7775.8333333333367 7810.0666666666666 7744.8249999999998 7306.0000000000009 7617.7833333333328 7587.1083333333327 7603.7666666666655 5887.5000000000009 8102.9916666666641 6517.5000000000009 8052.9916666666641 7306.0000000000009 6517.5000000000009 8138.4333333333288 8173.3416666666626 8256.391666666661 8287.899999999996
decision_type=2 2 2 2 2 2 2 2 2 2 2 2 2 2 2 2 2 2 2 2 2 2 2 2 2 2 2 2 2 2
left_child=2 -2 4 -4 -1 7 -7 8 -6 11 -11 17 14 15 -13 -14 -5 18 20 -20 -8 22 23 -3 -24 -23 -27 -28 -29 -30
right_child=1 21 3 16 5 6 9 -9 -10 10 -12 12 13 -15 -16 -17 -18 -19 19 -21 -22 25 24 -25 -26 26 27 28 29 -31
leaf_value=0.010443155159425094 -0.36361609275142354 0.11051714954754482 0.37152967046607627 0.054602276874557348 -0.42080793877442679 0.37551093905825511 -0.041061943512823849 -0.49539952400403148 0.039737852965481581 -0.077168401895147384 0.45283778627161625 0.12994312455141269 -0.26037902029400523 -0.048535701960223498 -0.10569534719812664 -0.58345515529314684 0.25525954647398574 0.14898064324632287 -0.42974538064815787 -0.02628086768090725 0.2390586447448303 -0.10242237524636758 -0.29219597663349389 0.7306271647768362 0.088182211530705296 -0.27405629967535405 0.29799423426389698 -0.14318527260046696 0.46142843010879703 -0.013539206888332045
leaf_weight=4217 48 26 22 363 27 22 45 39 32 33 27 86 44 119 94 24 41 80 22 20 39 246 55 28 60 38 40 107 42 1914
leaf_count=4217 48 26 22 363 27 22 45 39 32 33 27 86 44 119 94 24 41 80 22 20 39 246 55 28 60 38 40 107 42 1914
internal_value=-1.17754e-10 -0.0193731 0.00934907 0.0902815 0.002412 -0.0425646 -0.00403109 -0.30011 -0.17102 -0.0172221 0.161334 -0.0359191 -0.0817319 -0.167034 0.00688748 -0.374406 0.074966 0.0456987 -0.0198771 -0.237619 0.088994 -0.0129084 0.0742672 0.432056 -0.0937378 -0.0190805 -0.00950455 -0.00472425 -0.0105937 -0.00334052
internal_weight=8000 2604 5396 426 4970 753 655 98 59 633 60 573 367 187 180 68 404 206 126 42 84 2556 169 54 115 2387 2141 2103 2063 1956
internal_count=8000 2604 5396 426 4970 753 655 98 59 633 60 573 367 187 180 68 404 206 126 42 84 2556 169 54 115 2387 2141 2103 2063 1956
is_linear=0
shrinkage=0.05


Tree=149
num_leaves=31
num_cat=0
split_feature=2 0 4 0 4 4 5 3 3 0 3 3 3 3 2 2 2 3 4 4 2 0 4 0 2 5 2 4 3 4
split_gain=559.524 923.47 615.308 490.114 507.6 674.025 674.142 489.506 599.43 1163.13 575.108 545.38 680.712 495.477 674.394 475.653 491.876 430.553 898.927 525.921 556.743 1240.78 524.674 509.296 498.265 479.951 436.103 430.949 422.596 412.405
threshold=246.05188832460524 9959.8666666666631 43.593073356397262 3607.0999999999999 18.007679694530861 13.218482506908311 11.500000000000002 1615.5828513711426 1640.9278936787207 2879.7666666666669 1613.2905427454307 1651.8272466884798 1649.5017770604261 1660.6504548812161 184.6135618537586 217.38505234543939 188.23040259178495 1698.3611290562501 23.736116094001158 7.1452429525551038 197.95828689317645 6974.0416666666633 35.589360512674659 6467.1916666666702 204.81019358220982 10.500000000000002 216.98878340244772 5.0866478485084352 1786.7377036846262 13.94787547666931
decision_type=2 2 2 2 2 2 2 2 2 2 2 2 2 2 2 2 2 2 2 2 2 2 2 2 2 2 2 2 2 2
left_child=1 2 7 4 5 6 -2 10 9 -9 -1 12 -10 14 -13 16 -11 18 19 -15 23 26 27 25 -20 -21 -22 28 -19 -29
right_child=3 -3 -4 -5 -6 -7 -8 8 11 15 -12 13 -14 17 -16 -17 -18 22 24 20 21 -23 -24 -25 -26 -27 -28 29 -30 -31
leaf_value=-0.00832247230378492 0.026627375824110851 -0.29560961888896092 -0.1692744503779845 0.02615486788334417 0.33272904345282805 -0.13180826115608216 0.4013890402657645 0.37709918873564852 -0.025409824702711331 0.012466779740361296 -0.23553183887686049 -0.066037667116948542 -0.30637492414178524 0.13815657985754884 0.23449626929525819 -0.089149276539683353 0.17517469724596935 -0.28994126279245724 -0.10797003373023002 -0.018230663381871723 -0.47357176179471222 0.011602344182697504 0.25004793334007264 -0.044808801551659901 -0.42807285800576217 0.29798080282551903 -0.16218836957758123 0.050119859074688793 0.019969242743470453 -0.009043355717883941
leaf_weight=5225 28 27 55 488 27 25 21 31 84 101 28 28 29 52 56 48 86 22 31 21 23 74 25 75 20 28 22 676 22 522
leaf_count=5225 28 27 55 488 27 25 21 31 84 101 28 28 29 52 56 48 86 22 31 21 23 74 25 75 20 28 22 676 22 522
internal_value=6.77072e-11 -0.00372781 -0.00266053 0.0469046 0.147161 0.0794531 0.18724 -0.00141018 0.0191448 0.0892296 -0.00953356 0.00884503 -0.0975159 0.0159274 0.134318 0.0512553 0.087295 0.00976197 -0.039671 -0.00616143 -0.0370443 -0.1143 0.0232614 0.0370964 -0.233501 0.162462 -0.32134 0.0186965 -0.134986 0.0243409
internal_weight=8000 7411 7384 589 101 74 49 7329 2076 266 5253 1810 113 1697 84 235 187 1613 346 295 243 119 1267 124 51 49 45 1242 44 1198
internal_count=8000 7411 7384 589 101 74 49 7329 2076 266 5253 1810 113 1697 84 235 187 1613 346 295 243 119 1267 124 51 49 45 1242 44 1198
is_linear=0
shrinkage=0.05


Tree=150
num_leaves=31
num_cat=0
split_feature=2 4 0 0 3 2 2 2 5 2 2 2 5 5 1 0 0 0 0 0 0 0 0 0 0 0 0 0 0 0
split_gain=520.97 1027.46 660.505 615.489 811.462 585.75 750.392 764.914 526.628 802.047 705.94 530.753 456.465 440.325 431.695 992.034 975.542 917.488 875.496 840.13 852.378 1438.78 1362.35 1000.09 881.962 749.353 1418.14 1540.5 1720.95 1178.7
threshold=262.31870506339254 26.865589102592001 9498.9250000000156 9527.6166666666813 1707.1119689080749 161.14772442511162 175.2797605201275 182.81754309694188 19.500000000000004 205.47285912278969 218.85163809621653 208.02160997177779 11.500000000000002 13.500000000000002 7306.0000000000009 7990.6166666666641 9347.8166666666712 9448.7250000000113 8410.208333333323 9035.3250000000025 8941.658333333331 8892.4083333333347 8841.4500000000007 8791.8083333333325 8991.225000000004 8941.658333333331 8892.4083333333347 8841.4500000000007 8791.8083333333325 8991.225000000004
decision_type=2 2 2 2 2 2 2 2 2 2 2 2 2 2 2 2 2 2 2 2 2 2 2 2 2 2 2 2 2 2
left_child=2 -2 14 -4 5 -5 -7 -8 10 -10 11 12 -9 -6 18 -16 19 -18 -1 20 21 22 23 -17 -22 26 27 28 -20 -27
right_child=1 -3 3 4 13 6 7 8 9 -11 -12 -13 -14 -15 15 16 17 -19 25 -21 24 -23 -24 -25 -26 29 -28 -29 -30 -31
leaf_value=0.0029694960624673155 0.036272922628290988 0.37129939198493961 -0.28326984682390766 -0.2987811725715111 -0.021874806055655848 0.19815861232578758 -0.33978985459716232 0.10296184478793294 0.012643422115416754 -0.42435039111546113 0.14413425675034525 -0.31909597024321557 -0.19289692450653426 0.26387632255043303 0.34967023978630701 0.035232919724712597 0.30436896154923099 -0.03467424665727923 -0.073714192807143128 -0.084550637166693587 0.44253081023693092 -0.31999747857451438 0.38191311160723368 -0.24873584103629445 0.037280897025404304 0.2821469416446758 -0.43898365045415944 0.24474579854046596 -0.48370708269732338 -0.031218531409002777
leaf_weight=5739 191 26 31 29 26 25 27 32 21 21 50 20 22 28 24 513 56 31 298 191 25 30 27 33 29 33 29 34 28 331
leaf_count=5739 191 26 31 29 26 25 27 32 21 21 50 20 22 28 24 513 56 31 298 191 25 30 27 33 29 33 29 34 28 331
internal_value=1.06957e-11 0.0764143 -0.00213053 -0.0711343 -0.0492865 -0.0876721 -0.0595888 -0.0929758 -0.0528314 -0.205853 -0.00100129 -0.0990658 -0.0175732 0.126292 0.000944126 0.0322576 0.0241101 0.18356 -0.00368151 0.00775139 0.034585 0.0175422 0.0352144 0.01807 0.224897 -0.0543722 -0.102622 -0.0755258 -0.108928 -0.00280902
internal_weight=8000 217 7783 332 301 247 218 193 166 42 124 74 54 54 7451 959 935 87 6492 848 657 603 573 546 54 753 389 360 326 364
internal_count=8000 217 7783 332 301 247 218 193 166 42 124 74 54 54 7451 959 935 87 6492 848 657 603 573 546 54 753 389 360 326 364
is_linear=0
shrinkage=0.05


Tree=151
num_leaves=31
num_cat=0
split_feature=3 3 3 5 0 5 4 2 0 0 0 5 2 0 0 5 4 4 4 0 2 1 2 0 3 5 0 3 0 0
split_gain=504.305 727.306 665.221 825.764 1090.06 757.518 1196.56 1617.28 1247.9 805.229 1010.19 636.886 712.666 1030.54 645.769 630.479 1570.45 780.649 1501.68 706.692 583.958 668.304 581.91 578.241 617.922 569.691 564.545 1816.72 883.652 1437.32
threshold=1584.1763794456463 1588.0190196268006 1509.5033019310811 17.500000000000004 9670.1833333333452 18.500000000000004 15.244484341615623 253.93332677461771 2344.2250000000013 1883.1833333333338 1991.7833333333344 8.5000000000000018 178.86133711203908 6248.4500000000025 2835.2916666666683 31.500000000000004 25.410502599925142 27.23656667642511 25.911065653477355 8345.8333333333303 191.38184895276189 7306.0000000000009 195.41463001738154 8223.0749999999935 1336.0613260345224 14.500000000000002 2641.8916666666687 1443.9014830618305 3680.6416666666655 6439.3500000000031
decision_type=2 2 2 2 2 2 2 2 2 2 2 2 2 2 2 2 2 2 2 2 2 2 2 2 2 2 2 2 2 2
left_child=2 -2 5 4 -4 6 9 8 25 -1 -11 12 13 -12 -14 17 -17 18 -3 -19 23 22 -22 24 -10 -8 27 -13 -28 -30
right_child=1 15 3 -5 -6 -7 7 -9 20 10 11 26 14 -15 -16 16 -18 19 -20 -21 21 -23 -24 -25 -26 -27 28 -29 29 -31
leaf_value=0.30324123530160813 0.18674526255457635 0.014764974949697932 -0.059528817588256469 0.025048617538837459 -0.40865269675850868 -0.038809023841746206 0.47387929658095046 0.43331672627607304 0.019940114650246386 -0.3529890781357175 -0.21236673841109643 -0.33529114005516991 0.27900350880809127 0.040499087271965904 0.047783481452697472 0.21082960984855892 -0.26202261655007381 0.16524528871973357 -0.33006778359413147 -0.071284714378416533 -0.27836134509871835 0.12985536664227645 -0.017146542294218831 -0.027518947582159725 0.19792172386822171 0.11727977366674514 0.090970241351623765 0.1817919171200349 -0.12000441107560288 -0.00056417964834761913
leaf_weight=21 62 2360 801 323 23 951 24 29 77 21 65 49 32 106 536 25 59 150 32 40 23 75 292 77 133 21 173 26 330 1064
leaf_count=21 62 2360 801 323 23 951 24 29 77 21 65 49 32 106 536 25 59 150 32 40 23 75 292 77 133 21 173 26 330 1064
internal_value=1.46544e-10 0.0174517 -0.00903038 -0.0427122 -0.0692738 0.000335201 0.0120637 0.0672067 0.0525015 -0.00502771 -0.00772282 -0.00467763 0.0338689 -0.0556195 0.06081 0.0135146 -0.121293 0.0179003 0.0101518 0.115449 0.035554 -0.00428192 -0.0362194 0.0896865 0.132662 0.307466 -0.0220259 -0.156036 -0.0156119 -0.0288391
internal_weight=8000 2728 5272 1147 824 4125 3174 751 722 2423 2402 2381 739 171 568 2666 84 2582 2392 190 677 390 315 287 210 45 1642 75 1567 1394
internal_count=8000 2728 5272 1147 824 4125 3174 751 722 2423 2402 2381 739 171 568 2666 84 2582 2392 190 677 390 315 287 210 45 1642 75 1567 1394
is_linear=0
shrinkage=0.05


Tree=152
num_leaves=31
num_cat=0
split_feature=3 4 0 2 3 0 2 4 1 0 0 0 1 1 4 5 0 0 2 2 3 0 0 1 0 3 0 2 0 0
split_gain=470.812 685.742 602.284 722.505 796.645 600.411 851.271 1017.02 644.043 1417.52 672.64 1383 1917.95 781.132 1128.16 1527.72 1007.99 1245.28 998.325 975.552 1232.15 840.888 815.493 1027.83 1146.07 998.35 986.215 912.699 912.273 2190.17
threshold=1822.7811643038331 38.669468913299042 3607.0999999999999 186.27218626060875 2034.7417920164355 9730.8000000000065 226.99639690560181 22.920911996626796 7306.0000000000009 9275.4083333333347 7440.2583333333323 7489.3916666666692 6517.5000000000009 5887.5000000000009 13.479282894791572 11.500000000000002 7153.3499999999967 6535.341666666669 136.12218445646346 178.86133711203908 1571.6001418703756 7231.2083333333312 2344.2250000000013 2460.5000000000005 2929.0083333333328 1329.1742804620656 6861.1749999999947 206.61975441253409 6439.3500000000031 6295.8333333333376
decision_type=2 2 2 2 2 2 2 2 2 2 2 2 2 2 2 2 2 2 2 2 2 2 2 2 2 2 2 2 2 2
left_child=1 5 -2 4 -4 8 7 -7 9 10 13 12 -12 14 15 19 17 -15 -16 20 -1 -18 25 24 27 -20 28 -24 29 -25
right_child=2 -3 3 -5 -6 6 -8 -9 -10 -11 11 -13 -14 16 18 -17 21 -19 22 -21 -22 -23 23 26 -26 -27 -28 -29 -30 -31
leaf_value=-0.14315060747055272 0.14740949010307139 -0.11281302009068482 -0.025949189939900585 0.052880896504034769 -0.34830018528129747 -0.22398049314816793 0.1132858583997739 0.13086690402030945 0.037707368334349581 -0.16383859221486077 -0.40620255869514543 -0.016327383014630138 0.088916793609819106 0.1613553460941396 -0.2800343781709671 -0.094833408354691451 0.37483768085068148 -0.024382143295042111 0.36014839207253807 0.0316623525112067 0.076155787948122694 0.10641594780204089 0.15571529834474229 0.078006090158518379 -0.11273854330778768 0.06841769692243882 -0.063578354691893893 -0.094531820431865504 0.2111783032079001 -0.33460067935726223
leaf_weight=201 110 141 115 403 23 105 38 25 1010 138 53 1974 31 121 25 558 37 355 41 889 94 138 98 595 231 103 145 58 111 34
leaf_count=201 110 141 115 403 23 105 38 25 1010 138 53 1974 31 121 25 558 37 355 41 889 94 138 98 595 231 103 145 58 111 34
internal_value=-3.46685e-11 -0.00361015 0.0407542 0.0190683 -0.0796744 -0.00147397 -0.0948894 -0.155741 0.000755265 -0.00543406 -0.00172397 -0.0247826 -0.22348 0.0106533 0.000446808 -0.0266268 0.0605572 0.0228326 0.0331756 0.00551791 -0.0732699 0.163168 0.0387054 0.0259385 -0.0420293 0.15148 0.05566 0.0626747 0.0790243 0.055703
internal_weight=8000 7349 651 541 138 7208 168 130 7040 6030 5892 2058 84 3834 3183 1742 651 476 1441 1184 295 175 1416 1272 387 144 885 156 740 629
internal_count=8000 7349 651 541 138 7208 168 130 7040 6030 5892 2058 84 3834 3183 1742 651 476 1441 1184 295 175 1416 1272 387 144 885 156 740 629
is_linear=0
shrinkage=0.05


Tree=153
num_leaves=31
num_cat=0
split_feature=0 1 1 0 0 0 0 0 0 0 0 0 0 0 2 1 0 0 0 1 0 4 4 0 4 3 2 0 0 0
split_gain=442.791 2091.19 1056.98 645.513 620.986 1055.12 7011.4 1018.01 3734.12 1292.09 1130.33 2355.09 964.862 1577.88 1039.27 1053.68 2269.12 1655.62 2196.01 1329.35 2323.71 1477.49 1450.16 1306.17 1179.19 1125.07 1028.13 993.778 918.894 794.207
threshold=8017.3166666666648 5887.5000000000009 6517.5000000000009 7455.9583333333339 6905.2083333333312 6608.4416666666684 6635.0583333333361 7079.4833333333308 7102.9999999999973 7021.0666666666648 7153.3499999999967 7177.566666666663 6580.9916666666695 6558.4083333333356 262.31870506339254 5887.5000000000009 6295.8333333333376 6381.7833333333365 6467.1916666666702 4564.0000000000009 5068.7000000000162 12.730336439051918 10.780144561284137 6325.6833333333361 15.571595949758875 1565.9375881074145 191.72643752835884 5380.7583333333478 7052.5833333333312 7906.6166666666659
decision_type=2 2 2 2 2 2 2 2 2 2 2 2 2 2 2 2 2 2 2 2 2 2 2 2 2 2 2 2 2 2
left_child=2 -2 4 -4 5 12 -7 9 -9 -6 -10 -12 13 14 15 16 19 23 26 20 -1 22 -22 -18 -23 -21 -19 -26 -11 -13
right_child=1 -3 3 -5 7 6 -8 8 10 28 11 29 -14 -15 -16 -17 17 18 -20 25 21 24 -24 -25 27 -27 -28 -29 -30 -31
leaf_value=0.0090686378708697817 -0.34390159985050561 -0.010792988590117842 0.34751038829880687 0.069394944659849203 -0.048141443401109429 0.79973588180728261 0.026714062721161599 0.5249018861497462 -0.22686189140658827 -0.50342078944668178 0.41194745141547173 -0.040027612428469909 -0.26979155181907116 0.35546405822969973 0.17498138702091048 0.12780455152529319 -0.11130004897713662 0.42529364199865438 -0.28876586869048576 0.036156052150713505 -0.16875131502747537 0.25325794371551485 -0.54823079915607675 -0.62957458884244977 -0.013978413447960102 0.31386350750923159 -0.027818766888231039 -0.38894487012488149 -0.12450498094549403 0.088531253786514635
leaf_weight=2304 48 2556 22 404 160 32 352 32 64 32 32 928 32 32 85 148 20 21 60 93 97 29 34 31 67 60 31 24 32 138
leaf_count=2304 48 2556 22 404 160 32 352 32 64 32 32 928 32 32 85 148 20 21 60 93 97 29 34 31 67 60 31 24 32 138
internal_value=9.83448e-11 -0.0169332 0.00817164 0.0837577 0.00169283 0.0128598 0.0911325 -0.0262797 -0.00792989 -0.12409 -0.0226034 -0.0106976 0.00337217 0.00615955 0.00255847 -0.0022961 -0.00900278 -0.190184 -0.0826533 0.00190288 -0.0066698 -0.151137 -0.267242 -0.42633 -0.0243896 0.145061 0.155169 -0.112871 -0.313963 -0.0233849
internal_weight=8000 2604 5396 426 4970 3552 384 1418 1194 224 1162 1098 3168 3136 3104 3019 2871 163 112 2708 2555 251 131 51 120 153 52 91 64 1066
internal_count=8000 2604 5396 426 4970 3552 384 1418 1194 224 1162 1098 3168 3136 3104 3019 2871 163 112 2708 2555 251 131 51 120 153 52 91 64 1066
is_linear=0
shrinkage=0.05


Tree=154
num_leaves=31
num_cat=0
split_feature=4 0 2 2 1 0 0 2 5 2 2 0 1 0 0 5 0 3 3 3 4 4 3 0 2 2 3 5 4 4
split_gain=426.485 432.88 1051.6 1041.29 1036.16 1740.08 1062.22 1077.56 1070.74 1026.53 995.537 969.268 1111.22 2293.48 2021.56 1746.49 1284.41 1060.5 1097.57 938.978 861.079 1029.31 831.441 968.207 917.233 815.653 997.725 1025.67 1424.32 1510.5
threshold=43.593073356397262 2788.7583333333355 255.39380195979035 227.97776161087373 2460.5000000000005 3512.3666666666663 3777.6666666666647 190.7646024515077 7.5000000000000009 221.83603632343423 217.76168394787899 4526.1583333333447 4564.0000000000009 6325.6833333333361 6352.766666666671 6.5000000000000009 5421.6583333333447 1190.3443523589506 1266.6198827713893 1937.0146770666013 9.5888386805706336 5.1908896013672203 1266.6198827713893 6098.7166666666681 174.07157960954444 149.65946766801312 1782.7125310765393 15.500000000000002 12.328373264423346 9.6975238188071895
decision_type=2 2 2 2 2 2 2 2 2 2 2 2 2 2 2 2 2 2 2 2 2 2 2 2 2 2 2 2 2 2
left_child=1 2 3 9 6 -6 7 8 -3 10 -1 17 15 22 -15 -13 25 -7 -19 -20 21 -9 -14 -24 -25 -17 27 28 29 -27
right_child=-2 4 -4 -5 5 11 -8 20 -10 -11 -12 12 13 14 -16 16 -18 18 19 -21 -22 -23 23 24 -26 26 -28 -29 -30 -31
leaf_value=0.054734440054953773 -0.13062813096950132 -0.45676887087199997 0.36532156156996887 -0.1137229081347724 0.28883915320741682 0.29611162959852 -0.4040034024552866 -0.20757103210315109 -0.098603485619028416 0.31924920094864712 -0.28982628367163915 -0.4967120449180189 -0.047980799164090843 -0.40035773706622424 -0.0017078868319129776 0.23820635217886707 -0.37110186614096169 -0.2824983879625797 0.043865958143019024 0.39249439448118212 -0.046460349532016089 0.18781841611990366 0.48800128762211115 0.41071300640188418 0.090972082271720434 0.049387191712969181 -0.27381992591751947 -0.12727857066673184 0.17282109034282189 -0.23405160298698569
leaf_weight=445 62 23 24 107 53 44 22 20 225 35 22 23 35 32 5118 26 30 25 563 20 271 93 28 29 99 132 45 168 108 73
leaf_count=445 62 23 24 107 53 44 22 20 225 35 22 23 35 32 5118 26 30 25 563 20 271 93 28 29 99 132 45 168 108 73
internal_value=1.30589e-11 0.00102028 0.0406852 0.0278917 -0.00241681 0.00348817 -0.0624688 -0.05058 -0.13182 0.0580764 0.0385025 0.00119602 -0.00514994 0.00212492 -0.00418493 -0.0693731 -0.0524852 0.0590688 0.0419144 0.0558258 0.00188786 0.117838 0.17226 0.221673 0.163413 -0.035169 -0.0486819 -0.0276191 0.0258723 -0.0515447
internal_weight=8000 7938 633 609 7305 6651 654 632 248 502 467 6598 5946 5341 5150 605 582 652 608 583 384 113 191 156 128 552 526 481 313 205
internal_count=8000 7938 633 609 7305 6651 654 632 248 502 467 6598 5946 5341 5150 605 582 652 608 583 384 113 191 156 128 552 526 481 313 205
is_linear=0
shrinkage=0.05


Tree=155
num_leaves=31
num_cat=0
split_feature=3 3 0 3 4 4 4 3 4 0 3 2 2 4 4 4 5 5 4 3 3 3 4 0 2 0 1 0 2 2
split_gain=410.99 669.034 646.851 699.494 717.656 1366.81 807.064 693.433 546.065 544.146 1031.85 515.951 502.333 456.04 1019.54 837.497 566.915 837.784 1640.72 610.081 597.009 483.311 640.334 464.047 396.212 515.418 463.223 448.633 383.58 562.383
threshold=1615.5828513711426 1618.4337489823185 9498.9250000000156 1533.4217651622425 19.660218848053233 13.142252506006455 10.387133781889345 1443.9014830618305 11.651866481469925 1883.1833333333338 1429.2248833321009 136.12218445646346 205.47285912278969 14.726919788818416 16.990403010087928 16.397356333215097 20.500000000000004 31.500000000000004 25.410502599925142 1640.9278936787207 1743.3986382069504 1740.1314670800086 15.846286161209092 9815.8500000000004 176.37220345226788 6509.4166666666724 5887.5000000000009 3512.3666666666663 145.44422438616465 165.83894757535055
decision_type=2 2 2 2 2 2 2 2 2 2 2 2 2 2 2 2 2 2 2 2 2 2 2 2 2 2 2 2 2 2
left_child=2 -2 9 4 5 6 -4 -7 -5 10 -1 -3 -6 23 15 21 19 -18 -19 -16 -20 -15 -23 -13 25 -21 27 -26 -11 -30
right_child=1 11 3 8 12 7 -8 -9 -10 28 -12 13 -14 14 16 -17 17 18 20 24 -22 22 -24 -25 26 -27 -28 -29 29 -31
leaf_value=-0.032091686981064932 0.24843259646046545 -0.19497425350649605 0.0018621217086911203 -0.44812642062703772 -0.062057571649551391 0.060659346178821898 -0.32335951195822821 0.46321643672883517 -0.11569137712319694 0.067340487483042208 0.43813234925270078 0.038899748412456782 -0.39377258618672695 0.031265884840194096 0.20415449497791438 -0.28759972608089446 0.10105298671191097 0.26978700221939522 -0.41435996855680762 0.25348037947779117 -0.068537623155862093 -0.27335051369012858 0.043848733740070693 -0.19795305785678685 -0.0031477221287786964 -0.049532255882190339 -0.0061135984624062127 -0.20510027183389123 -0.058187551359143969 -0.0023715726981837658
leaf_weight=28 31 29 65 21 25 23 27 20 30 176 20 1356 21 81 26 50 282 22 26 23 24 41 26 21 40 36 123 88 499 4720
leaf_count=28 31 29 65 21 25 23 27 20 30 176 20 1356 21 81 26 50 282 22 26 23 24 41 26 21 40 36 123 88 499 4720
internal_value=7.57844e-11 0.0177057 -0.00725386 -0.0890183 -0.0429328 0.0151839 -0.0935834 0.247895 -0.252576 -0.00376877 0.163835 0.0145877 -0.213493 0.0172709 -0.0106673 -0.110681 0.0180322 0.0621864 -0.0900409 -0.0284875 -0.248365 -0.0509106 -0.150258 0.0352876 -0.0479994 0.0685913 -0.0754052 -0.14199 -0.00525996 -0.00770826
internal_weight=8000 2325 5675 232 181 135 92 43 51 5443 48 2294 46 2265 888 198 690 354 72 336 50 148 67 1377 310 59 251 128 5395 5219
internal_count=8000 2325 5675 232 181 135 92 43 51 5443 48 2294 46 2265 888 198 690 354 72 336 50 148 67 1377 310 59 251 128 5395 5219
is_linear=0
shrinkage=0.05


Tree=156
num_leaves=31
num_cat=0
split_feature=3 4 2 3 2 2 5 0 0 2 4 1 0 0 0 1 1 4 5 0 0 2 2 3 2 2 0 3 3 2
split_gain=396.877 556.914 508.609 935.621 552.589 550.549 570.725 494.888 485.388 736.537 916.763 607.929 1270.63 631.027 1258.09 1656.93 672.828 985.066 1372.07 926.9 1095.55 917.991 844.071 1069.51 740.951 825.633 883.781 863.06 1205.35 1025.02
threshold=1822.7811643038331 38.669468913299042 186.27218626060875 2034.7417920164355 200.97970456557616 177.48590307884913 15.500000000000002 4956.1000000000176 9730.8000000000065 226.99639690560181 22.920911996626796 7306.0000000000009 9347.8166666666712 7440.2583333333323 7489.3916666666692 6517.5000000000009 5887.5000000000009 13.479282894791572 11.500000000000002 7153.3499999999967 6381.7833333333365 136.12218445646346 178.86133711203908 1571.6001418703756 262.31870506339254 177.22133230526421 2344.2250000000013 1319.4023635194781 1175.5767953873162 181.45658604954045
decision_type=2 2 2 2 2 2 2 2 2 2 2 2 2 2 2 2 2 2 2 2 2 2 2 2 2 2 2 2 2 2
left_child=1 8 3 5 7 6 -2 -4 11 10 -10 12 13 16 15 -15 17 18 22 20 -18 -19 23 -1 25 -23 -27 28 -28 -29
right_child=2 -3 4 -5 -6 -7 -8 -9 9 -11 -12 -13 -14 14 -16 -17 19 21 -20 -21 -22 24 -24 -25 -26 26 27 29 -30 -31
leaf_value=-0.13311147796342251 0.16138782475644084 -0.10172654710815732 0.36388798809299866 -0.30745855089690954 0.035048323204694191 -0.12502889343180715 -0.11855541199445725 0.10574292736355125 -0.20677295973080964 0.10825710607888668 0.13013056254386901 0.036515982096673609 -0.18584918334866718 -0.38393734786308037 -0.016610514219330127 0.076258206837660367 0.26680709419363158 -0.26964579654857518 -0.08982162574359541 0.15429994261903424 -0.0035598824357335594 0.10622491991954108 0.029599165881714701 0.071208498040412335 0.26319431969097684 0.14300539317516101 0.099960141772261035 -0.19491077256652545 -0.18518768177591555 0.032612681096295518
leaf_weight=201 67 141 24 27 379 47 25 82 105 38 25 1010 96 53 2016 31 41 25 558 175 435 284 889 94 35 113 52 53 129 750
leaf_count=201 67 141 24 27 379 47 25 82 105 38 25 1010 96 53 2016 31 41 25 558 175 435 284 889 94 35 113 52 53 129 750
internal_value=-7.22212e-11 -0.00331459 0.0374177 -0.0381243 0.0632733 0.0141924 0.0853163 0.164191 -0.00138949 -0.0853817 -0.141984 0.000614867 -0.00539842 -0.0024791 -0.0245102 -0.214103 0.00958803 0.000115452 -0.0251829 0.0559033 0.019728 0.0306982 0.00528028 -0.0680061 0.0360009 0.0302429 0.0105721 -0.00463622 -0.103267 0.0175956
internal_weight=8000 7349 651 166 485 139 92 106 7208 168 130 7040 6030 5934 2100 84 3834 3183 1742 651 476 1441 1184 295 1416 1381 1097 984 181 803
internal_count=8000 7349 651 166 485 139 92 106 7208 168 130 7040 6030 5934 2100 84 3834 3183 1742 651 476 1441 1184 295 1416 1381 1097 984 181 803
is_linear=0
shrinkage=0.05


Tree=157
num_leaves=31
num_cat=0
split_feature=3 3 3 4 4 0 1 1 0 0 0 0 0 0 0 0 0 0 0 1 0 4 4 0 3 4 0 0 0 0
split_gain=371.839 643.29 523.051 474.353 480.188 346.44 900.989 793.665 1974.37 756.182 3350.27 937.891 749.775 3497.59 2194.66 1770.62 5360.06 3738.95 1041.24 858.509 2006.76 1237.84 1305.46 1069.67 1227.27 971.002 911.373 743.31 1005.05 711.375
threshold=2269.7030541227764 2227.6919926964697 2166.7528950174224 43.593073356397262 46.685961905401669 8173.3416666666626 6517.5000000000009 5887.5000000000009 8052.9916666666641 8256.391666666661 8269.7166666666617 8239.2916666666642 6809.7249999999967 6558.4083333333356 6635.0583333333361 6467.1916666666702 6439.3500000000031 6325.6833333333361 6381.7833333333365 4564.0000000000009 5068.7000000000162 12.955217946143419 15.571595949758875 6098.7166666666681 1581.773084406401 10.780144561284137 5380.7583333333478 8207.1583333333274 8223.0749999999935 6352.766666666671
decision_type=2 2 2 2 2 2 2 2 2 2 2 2 2 2 2 2 2 2 2 2 2 2 2 2 2 2 2 2 2 2
left_child=1 2 3 5 -5 7 -7 8 12 11 -11 27 13 15 -15 16 17 19 -19 20 -1 25 -23 -21 -25 -22 -24 -8 -29 -9
right_child=-2 -3 -4 4 -6 6 9 29 -10 10 -12 -13 -14 14 -16 -17 -18 18 -20 23 21 22 26 24 -26 -27 -28 28 -30 -31
leaf_value=0.011794107799353947 0.17283173097718149 -0.22799676416381712 0.20519546109341805 -0.28688612238600336 -0.0038306841927189979 -0.11802282833277877 -0.21616018474102022 0.28477526110197821 -0.43173131230804657 0.64465962052345283 -0.0058725060381632499 -0.42689628154039383 -0.046602932579673406 0.50502279999428523 0.11042193651460766 -0.27308714795857669 0.81703613162040711 -0.59536615371704105 -0.19393802012183836 0.37788973602075737 -0.15440713319274568 0.30309052491188049 -0.00823577225430688 -0.041704523312573391 0.27469594736202535 -0.44982128053521503 -0.36199249458312988 0.30998939437710726 -0.16843763376985277 0.03074066503652205
leaf_weight=2308 31 31 31 29 31 198 40 28 27 20 1900 22 774 51 114 60 20 30 35 31 97 25 67 101 44 39 25 23 21 1747
leaf_count=2308 31 31 31 29 31 198 40 28 27 20 1900 22 774 51 114 60 20 30 35 31 97 25 67 101 44 39 25 23 21 1747
internal_value=1.3721e-10 -0.000672328 0.000215434 -0.000588206 -0.140641 0.000482669 -0.0162224 0.00708984 -0.00566827 -0.00627351 0.00090387 -0.136279 -0.00265762 0.00850539 0.232389 -0.0043124 0.00140216 -0.00441964 -0.379213 0.00448118 -0.00285985 -0.136541 -0.0173021 0.111301 0.0543067 -0.239121 -0.104365 -0.0601648 0.0816492 0.034748
internal_weight=8000 7969 7938 7907 60 7847 2224 5623 3848 2026 1920 106 3821 3047 165 2882 2822 2802 65 2737 2561 253 117 176 145 136 92 84 44 1775
internal_count=8000 7969 7938 7907 60 7847 2224 5623 3848 2026 1920 106 3821 3047 165 2882 2822 2802 65 2737 2561 253 117 176 145 136 92 84 44 1775
is_linear=0
shrinkage=0.05


Tree=158
num_leaves=31
num_cat=0
split_feature=3 0 0 2 3 2 2 0 3 2 5 4 4 0 4 1 0 1 0 0 3 0 0 0 0 0 0 0 0 0
split_gain=353.139 483.033 469.472 579.064 621.237 517.764 432.156 421.604 561.997 677.269 667.986 431.482 789.502 600.436 480.932 414.936 857.449 406.522 657.447 2044.16 627.414 584.6 1347.45 952.06 1685.81 921.653 652.217 913.181 495.888 393.643
threshold=1822.7811643038331 9498.9250000000156 3607.0999999999999 186.27218626060875 2034.7417920164355 177.7855720533569 240.14712312430743 9424.9083333333456 1847.0157907991338 210.03363936655074 7.5000000000000009 15.39513146721759 16.990403010087928 4813.2166666666863 11.077233708717118 5887.5000000000009 8077.6000000000013 7306.0000000000009 8467.6249999999945 8504.9249999999865 1197.4448400703507 8941.658333333331 8892.4083333333347 8841.4500000000007 8791.8083333333325 8991.225000000004 8743.5666666666639 8552.9833333333318 7990.6166666666641 9302.9250000000047
decision_type=2 2 2 2 2 2 2 2 2 2 2 2 2 2 2 2 2 2 2 2 2 2 2 2 2 2 2 2 2 2
left_child=1 17 6 4 5 -4 -2 8 9 -5 -10 13 -13 -12 -15 -14 -17 18 -1 -20 -19 22 23 24 26 -23 27 -21 -22 -30
right_child=2 -3 3 7 -6 -7 -8 -9 10 -11 11 12 15 14 -16 16 -18 20 19 21 28 25 -24 -25 -26 -27 -28 -29 29 -31
leaf_value=0.00055409878688890803 0.20001603050591196 -0.063600944007357843 0.046812074333193565 0.40605704081909999 -0.30946562769620317 -0.18196902012245522 -0.0097447916764665313 0.25429295094116877 -0.21502347263197105 0.035832220216592152 0.28263647563515176 -0.30327192078061077 -0.11197107422190744 -0.040532262025423996 0.14366382932260868 0.31261426295947148 -0.057965140779678882 -0.12510077196794253 -0.45606239934762316 0.17367058473093244 0.28826319232583048 0.27025882423885411 -0.410362118688123 0.20435681941453368 -0.46510039017750665 -0.015804382696359476 0.17430198192596436 -0.13923039436653381 0.02318773252839948 0.12864828431646866
leaf_weight=5504 73 316 79 21 23 36 37 23 30 30 31 23 37 81 63 27 37 60 30 29 20 31 29 32 26 307 31 119 714 101
leaf_count=5504 73 316 79 21 23 36 37 23 30 30 31 23 37 81 63 27 37 60 30 29 20 31 29 32 26 307 31 119 714 101
internal_value=1.76075e-10 -0.00312662 0.0352957 0.0161495 -0.0722496 -0.0248064 0.12946 0.0464202 0.0338384 0.188278 0.00989795 0.0324653 -0.0388896 0.0830254 0.0400535 0.0213163 0.098373 -0.000409441 -0.00499973 -0.0532147 0.0310712 -0.0332057 -0.0886553 -0.0492903 -0.088884 0.0104322 -0.034238 -0.0779187 0.0422932 0.0362571
internal_weight=8000 7349 651 541 138 115 110 403 380 51 329 299 124 175 144 101 64 7033 6138 634 895 604 266 237 205 338 179 148 835 815
internal_count=8000 7349 651 541 138 115 110 403 380 51 329 299 124 175 144 101 64 7033 6138 634 895 604 266 237 205 338 179 148 835 815
is_linear=0
shrinkage=0.05


Tree=159
num_leaves=31
num_cat=0
split_feature=2 0 0 3 4 2 2 4 0 3 3 4 5 5 2 5 1 0 0 0 3 3 0 0 1 0 1 0 1 0
split_gain=339.865 317.763 579.557 730.041 603.465 1064.82 720.477 619.358 535.545 607.334 877.997 498.039 361.511 303.491 350.788 258.501 247.631 795.16 837.151 827.492 776.189 796.436 561.063 798.789 1211.83 908.791 1298.94 964.62 610.316 565.57
threshold=276.09341225257418 9498.9250000000156 9527.6166666666813 1816.0282371524202 12.328373264423346 184.27925205780897 175.2797605201275 9.2268592503231073 9670.1833333333452 1443.9014830618305 1597.6872674446824 6.9260244726632143 10.500000000000002 9.5000000000000018 281.53838059021911 18.500000000000004 7306.0000000000009 7990.6166666666641 9347.8166666666712 9448.7250000000113 1855.7365827366236 1197.4448400703507 7744.8249999999998 7775.8333333333367 6517.5000000000009 7810.0666666666666 5887.5000000000009 8066.9666666666653 6517.5000000000009 8410.208333333323
decision_type=2 2 2 2 2 2 2 2 2 2 2 2 2 2 2 2 2 2 2 2 2 2 2 2 2 2 2 2 2 2
left_child=1 16 -3 4 5 12 -6 11 -8 -10 -11 -7 -4 -2 -15 -16 22 -18 20 -20 21 -19 28 24 -24 -25 27 -27 -1 -28
right_child=13 2 3 -5 6 7 8 -9 9 10 -12 -13 -14 14 15 -17 17 18 19 -21 -22 -23 23 25 -26 26 29 -29 -30 -31
leaf_value=0.0027645666093394344 -0.07753691732883454 -0.25463128205268615 -0.46770194341307109 0.24314829992211384 0.21734725894296872 -0.055652533159793717 0.10834926904701606 -0.18748469278216362 -0.28437247406691313 0.17397987147172292 -0.21903717175677972 0.28550657764077186 -0.18076700912345023 0.28966810800708259 0.17078303647041324 -0.064217529839582066 0.30882452306492875 -0.17072615778004682 0.27989940254815987 -0.042086275306440171 -0.18110864316458231 0.02809631923519483 -0.35496865212917328 0.16820250369848744 0.11790791105944663 -0.11147445920509416 0.018364285300339893 -0.46585616814819253 0.090950446948409092 -0.042434914699263138
leaf_weight=4570 20 31 23 23 34 23 41 32 32 30 27 20 21 26 25 22 24 54 56 31 54 749 42 62 20 151 766 22 205 764
leaf_count=4570 20 31 23 23 34 23 41 32 32 30 27 20 21 26 25 22 24 54 56 31 54 749 42 62 20 151 766 22 205 764
internal_value=-6.84086e-11 -0.00111767 -0.0486237 -0.0277537 -0.0497705 -0.135484 0.0124244 -0.0209252 -0.0411708 -0.110051 -0.0121861 0.103026 -0.330756 0.0950261 0.142304 0.0607828 0.000997196 0.0246142 0.0173885 0.165169 0.00238631 0.0147259 -0.00246558 -0.0260299 -0.202428 -0.0198335 -0.0266792 -0.15654 0.00655056 -0.0119956
internal_weight=8000 7907 337 306 283 119 164 75 130 89 57 43 44 93 73 47 7570 968 944 87 857 803 6602 1827 62 1765 1703 173 4775 1530
internal_count=8000 7907 337 306 283 119 164 75 130 89 57 43 44 93 73 47 7570 968 944 87 857 803 6602 1827 62 1765 1703 173 4775 1530
is_linear=0
shrinkage=0.05


Tree=160
num_leaves=31
num_cat=0
split_feature=0 3 3 4 4 3 3 0 2 3 5 3 3 3 2 3 4 4 2 2 1 2 2 4 4 4 3 0 2 2
split_gain=334.349 336.886 567.592 369.888 376.829 360.045 556.354 673.213 518.903 486.122 423.4 431.981 937.756 444.968 464.053 396.037 760.465 759.274 803.635 691.747 1004.7 783.319 584.193 414.905 395.91 895.504 443.192 687.363 415.897 449.532
threshold=1827.0166666666669 2269.7030541227764 2227.6919926964697 43.593073356397262 46.685961905401669 1615.5828513711426 1640.9278936787207 2879.7666666666669 276.09341225257418 1613.2905427454307 5.5000000000000009 1651.8272466884798 1649.5017770604261 1660.6504548812161 184.6135618537586 1698.3611290562501 5.0866478485084352 7.1452429525551038 192.08808840379473 179.64221541098809 2460.5000000000005 171.38895448721226 249.83409790358195 35.589360512674659 14.726919788818416 17.903147071214338 1922.9377776640456 7840.0333333333338 223.70134978460268 168.41839022878284
decision_type=2 2 2 2 2 2 2 2 2 2 2 2 2 2 2 2 2 2 2 2 2 2 2 2 2 2 2 2 2 2
left_child=-1 2 3 5 -5 9 7 -7 10 -2 -8 12 -12 14 -13 17 -17 18 -15 21 -21 -19 23 24 -18 -26 28 -28 29 -27
right_child=1 -3 -4 4 -6 6 8 -9 -10 -11 11 13 -14 15 -16 16 22 19 -20 20 -22 -23 -24 -25 25 26 27 -29 -30 -31
leaf_value=0.16129652988165619 -0.005172194374652106 0.16385923465413432 -0.21481955426354565 -0.25367929908479087 -0.0029311819422629575 0.29565540030281146 0.18520810739137233 0.05509246952052476 0.21440820718804995 -0.20372002701605521 -0.011453759002134852 -0.050401826100102791 -0.33752665180584485 -0.086067605357278476 0.19129922130470356 -0.20567793638298384 0.048450835543206068 -0.050072140700437806 0.32103522684839042 -0.39269101850945376 -0.077776427388191238 0.29227434359490873 -0.11711261668759916 0.22705659098350087 -0.10570969458922377 0.19126679179699799 0.063980868505313995 -0.28999722177783649 0.19852314056182396 0.00051672002018401117
leaf_weight=32 5579 31 31 29 31 33 32 245 30 31 92 29 29 22 63 38 720 55 27 29 200 24 72 26 162 38 32 24 49 165
leaf_count=32 5579 31 31 29 31 33 32 245 30 31 92 29 29 22 63 38 720 55 27 29 200 24 72 26 162 38 32 24 49 165
internal_value=7.85731e-11 -0.000647777 -0.0012903 -0.000453038 -0.124126 0.000492716 0.0174583 0.0836485 0.00806055 -0.00626934 0.00484975 0.00180572 -0.0896035 0.008037 0.115111 0.00218388 0.014769 -0.0445609 0.138254 -0.0736452 -0.117656 0.0539319 0.0212729 0.0294668 0.0251497 -0.0105457 0.0395081 -0.087724 0.0677819 0.0362236
internal_weight=8000 7968 7937 7906 60 7846 2236 278 1958 5610 1928 1896 121 1775 92 1683 1326 357 49 308 229 79 1288 1216 1190 470 308 56 252 203
internal_count=8000 7968 7937 7906 60 7846 2236 278 1958 5610 1928 1896 121 1775 92 1683 1326 357 49 308 229 79 1288 1216 1190 470 308 56 252 203
is_linear=0
shrinkage=0.05


Tree=161
num_leaves=31
num_cat=0
split_feature=2 0 4 4 4 4 3 0 5 3 2 3 2 4 0 4 5 0 1 0 0 2 2 4 4 0 0 5 4 2
split_gain=328.369 642.055 429.495 527.23 443.157 574.411 874.413 599.069 405.093 387.115 720.43 1042.31 853.833 653.391 647.193 485.355 572.676 767.921 443.407 1364.17 1248.67 915.354 1064.62 1039.09 762.474 1001.39 637.611 624.337 764.07 704.288
threshold=246.05188832460524 9959.8666666666631 6.5123005325177177 11.077233708717118 12.566287317460231 15.319815977360948 1500.0458831517851 2686.9083333333351 6.5000000000000009 1816.0282371524202 191.12449617093901 2034.7417920164355 194.37180244733483 19.907389623558842 3284.7916666666674 38.669468913299042 30.500000000000004 6608.4416666666684 2460.5000000000005 3126.2833333333342 4249.9000000000078 232.39759133740674 159.5816485490592 12.658211326763125 9.1646842283138223 3462.3250000000003 3485.9666666666658 16.500000000000004 30.394624914726688 179.25769711576183
decision_type=2 2 2 2 2 2 2 2 2 2 2 2 2 2 2 2 2 2 2 2 2 2 2 2 2 2 2 2 2 2
left_child=1 8 -2 -4 -5 6 -6 -7 -1 15 11 13 -12 14 -11 18 -17 -18 19 21 26 22 23 -10 25 -21 -20 -26 29 -29
right_child=2 -3 3 4 5 7 -8 -9 9 10 12 -13 -14 -15 -16 16 17 -19 20 24 -22 -23 -24 -25 27 -27 -28 28 -30 -31
leaf_value=-0.052883274062985999 0.17313963650510864 -0.24623402158419291 -0.050778519040683201 0.18699919307435101 -0.25630294998225417 0.33437732517719271 0.074719113821075087 0.048226865680418285 -0.37992258357505004 0.32001110970973973 0.3689552780389786 -0.28924243386947746 0.064740920225595869 -0.2425010471116929 0.013840866770358787 0.06504233950062803 -0.33789348739542463 -0.044511443790462284 0.31481252843835233 0.22440477310014623 -0.0018531619188455876 -0.18752635544924826 0.049479214246021523 0.01371750945323392 -0.21203987666110444 -0.14399663191288711 0.071649148063636911 0.26832380764186387 -0.33470767855644229 -0.070370054055908418
leaf_weight=371 52 27 168 55 38 20 42 214 30 20 25 33 298 21 126 38 38 54 29 35 4918 54 564 38 164 39 383 20 20 66
leaf_count=371 52 27 168 55 38 20 42 214 30 20 25 33 298 21 126 38 38 54 29 35 4918 54 564 38 164 39 383 20 20 66
internal_value=-2.17925e-10 -0.00285578 0.0359324 0.0226461 0.0560752 0.0331426 -0.0825164 0.0726842 -0.00196586 0.000727763 0.0421096 -0.0324668 0.0882869 0.0182733 0.055782 -0.00260701 -0.0982459 -0.165691 -0.000652133 -0.0306844 0.00515147 0.0100633 0.026946 -0.159947 -0.111943 0.0302473 0.088765 -0.150913 -0.0563406 0.00839596
internal_weight=8000 7411 589 537 369 314 80 234 7384 7013 523 200 323 167 146 6490 130 92 6360 1030 5330 686 632 68 344 74 412 270 106 86
internal_count=8000 7411 589 537 369 314 80 234 7384 7013 523 200 323 167 146 6490 130 92 6360 1030 5330 686 632 68 344 74 412 270 106 86
is_linear=0
shrinkage=0.05


Tree=162
num_leaves=31
num_cat=0
split_feature=3 3 3 4 4 0 0 0 0 1 0 2 2 5 2 0 0 0 0 0 0 0 0 0 0 0 2 2 2 5
split_gain=300.713 515.699 429.883 338.93 393.778 296.938 1511.68 2871.06 1145.39 828.112 699.345 680.888 1147.69 1134.6 1152.67 679.648 2945.14 2358.82 1667.68 3396.8 2672.74 1415.49 1097.83 823.438 1080.84 671.439 636.865 719.745 606.6 582.602
threshold=2269.7030541227764 2227.6919926964697 2166.7528950174224 43.593073356397262 46.685961905401669 9194.033333333331 9150.4333333333398 9128.6583333333365 9219.2166666666762 7306.0000000000009 9578.9500000000135 218.85163809621653 208.02160997177779 15.500000000000002 184.27925205780897 8941.658333333331 8892.4083333333347 8991.225000000004 8841.4500000000007 8867.5666666666675 8791.8083333333325 8767.0250000000033 8967.4583333333303 8721.1499999999978 8743.5666666666639 9275.4083333333347 182.46372161654969 172.67940974322372 175.2797605201275 18.500000000000004
decision_type=2 2 2 2 2 2 2 2 2 2 2 2 2 2 2 2 2 2 2 2 2 2 2 2 2 2 2 2 2 2
left_child=1 2 3 5 -5 6 7 15 -7 25 26 12 13 14 28 16 18 22 20 -20 21 23 -17 -1 -25 -10 27 -11 -12 -13
right_child=-2 -3 -4 4 -6 8 -8 -9 9 10 11 29 -14 -15 -16 17 -18 -19 19 -21 -22 -23 -24 24 -26 -27 -28 -29 -30 -31
leaf_value=0.004299828459947007 0.15542535954906095 -0.20414051336626851 0.18601978286620111 -0.25135774586735099 0.004967560210535603 -0.32785929501537359 0.24922328007317363 -0.47887400648286271 0.10230653854086996 0.099917290359735497 -0.16496112744013469 0.17036383061444965 -0.42482790865681386 0.12778116394839589 0.04226950501300851 0.13899219284454983 -0.35434049041620619 -0.0046545997640670654 0.65401414600682672 -0.10486300557851791 -0.32830655649915097 0.34125204432395195 0.56328082228860543 -0.38730491620578594 0.033687839309374489 -0.1492602987214923 0.032412571855039408 0.47048399150371556 -0.49331528219309723 -0.14258577406406403
leaf_weight=6543 31 31 31 29 31 31 62 31 32 38 39 58 22 63 49 30 58 182 29 30 61 31 31 31 30 155 149 20 22 20
leaf_count=6543 31 31 31 29 31 31 62 31 32 38 39 58 22 63 49 30 58 182 29 30 61 31 31 31 30 155 149 20 22 20
internal_value=-1.97957e-10 -0.000604616 0.000190245 -0.000538314 -0.118923 0.000366884 0.00340606 0.00125555 -0.0307607 -0.0169526 0.0178212 -0.034732 -0.0846729 -0.0414162 -0.13832 0.00336496 0.000434294 0.0855322 0.00348047 0.268144 0.00114846 0.00417736 0.354614 0.00259509 -0.180259 -0.106211 0.0871305 0.227699 -0.283384 0.0901203
internal_weight=8000 7969 7938 7907 60 7847 7149 7087 698 667 480 273 195 173 110 7056 6813 243 6755 59 6696 6635 61 6604 61 187 207 58 61 78
internal_count=8000 7969 7938 7907 60 7847 7149 7087 698 667 480 273 195 173 110 7056 6813 243 6755 59 6696 6635 61 6604 61 187 207 58 61 78
is_linear=0
shrinkage=0.05


Tree=163
num_leaves=31
num_cat=0
split_feature=3 3 3 5 4 2 0 0 3 2 5 0 0 3 0 1 0 5 4 4 0 2 0 4 0 2 2 3 0 0
split_gain=292.227 673.46 600.375 705.87 868.049 1256.28 906.607 1560.27 831.436 795.088 815.706 729.087 826.656 770.856 688.461 972.151 1123.28 943.076 1161.63 1083.86 911.961 1051.93 988.585 974.491 930.02 983.346 761.336 744.336 663.397 760.514
threshold=1584.1763794456463 1588.0190196268006 1494.4659893970108 18.500000000000004 15.244484341615623 253.93332677461771 2979.941666666668 3580.4416666666662 1357.9306069367974 186.93178654432208 14.500000000000002 7440.2583333333323 7535.6583333333328 1406.1223089247931 2592.4916666666672 2460.5000000000005 3629.2499999999986 16.500000000000004 14.726919788818416 8.5148428098812428 7153.3499999999967 234.47918447503346 9105.7500000000036 11.651866481469925 4249.9000000000078 178.86133711203908 192.29342722581157 1549.7705771908311 5124.8416666666817 6439.3500000000031
decision_type=2 2 2 2 2 2 2 2 2 2 2 2 2 2 2 2 2 2 2 2 2 2 2 2 2 2 2 2 2 2
left_child=2 -2 3 4 -1 6 9 8 -8 -6 -11 13 -13 -9 -4 27 -17 19 -19 -18 21 24 -22 -24 -21 -26 -27 -16 -20 -30
right_child=1 -3 14 -5 5 -7 7 11 -10 10 -12 12 -14 -15 15 16 17 18 28 20 22 -23 23 -25 25 26 -28 -29 29 -31
leaf_value=-0.00010807414079667482 0.17619097989893728 0.0094961535414214149 0.10045045516030356 -0.035550669460527359 0.43788374931766438 0.38557904131453613 -0.4880563508896601 0.054117255336850106 -0.037600943446159364 0.28049529676253976 -0.13848090569178265 -0.30759052515029905 0.023879005109207541 0.24747053212486209 -0.24243398221454238 0.30230691015720368 0.018363711602985857 0.24858948793262245 0.15859628705417408 0.12291285279724334 -0.016537318781577735 -0.47198628464649461 -0.46318033712881584 -0.070316539783226814 -0.43139500793288738 0.1126678765966342 -0.19975368491350076 0.015461825694029147 -0.28476108898009572 -0.0091539248252895233
leaf_weight=2264 62 2666 88 899 26 29 21 152 20 26 21 20 316 78 99 25 250 52 51 27 273 29 27 38 34 26 78 39 28 236
leaf_count=2264 62 2666 88 899 26 29 21 152 20 26 21 20 316 78 99 25 250 52 51 27 273 29 27 38 34 26 78 39 28 236
internal_value=1.40534e-10 0.0132847 -0.00687416 0.00327172 0.0150111 0.0632903 0.0495456 0.0295243 -0.268322 0.216024 0.0932932 0.0510998 0.00414868 0.119689 -0.0349348 -0.0440155 -0.0292593 -0.0364735 0.0296497 -0.0675057 -0.107858 -0.194267 -0.0582621 -0.233506 -0.145456 -0.197963 -0.121648 -0.16955 -0.00649278 -0.038385
internal_weight=8000 2728 5272 3872 2973 709 680 607 41 73 47 566 336 230 1400 1312 1174 1149 367 782 532 194 338 65 165 138 104 138 315 264
internal_count=8000 2728 5272 3872 2973 709 680 607 41 73 47 566 336 230 1400 1312 1174 1149 367 782 532 194 338 65 165 138 104 138 315 264
is_linear=0
shrinkage=0.05


Tree=164
num_leaves=31
num_cat=0
split_feature=0 3 3 3 3 0 2 3 4 4 5 4 5 0 3 3 3 2 4 0 4 3 0 0 5 5 3 2 5 3
split_gain=285.489 271.853 464.817 283.958 599.409 488.113 463.579 442.225 411.662 816.357 521.272 908.724 598.572 513.007 632.164 722.391 497.509 479.115 470.646 406.688 731.601 618.943 361.972 436.895 458.971 567.525 417.895 479.911 539.786 418.12
threshold=1827.0166666666669 2269.7030541227764 2227.6919926964697 1615.5828513711426 1618.4337489823185 9959.8666666666631 136.12218445646346 1613.2905427454307 14.726919788818416 18.317514521241893 31.500000000000004 26.865589102592001 20.500000000000004 3512.3666666666663 1855.7365827366236 1765.4960098847203 1743.3986382069504 172.67940974322372 21.129297743065752 6467.1916666666702 16.397356333215097 1740.1314670800086 9815.8500000000004 9527.6166666666813 5.5000000000000009 6.5000000000000009 1627.1119940763153 176.37220345226788 20.500000000000004 2135.1172076117587
decision_type=2 2 2 2 2 2 2 2 2 2 2 2 2 2 2 2 2 2 2 2 2 2 2 2 2 2 2 2 2 2
left_child=-1 2 3 5 -5 7 -6 -2 22 17 12 -12 13 -11 15 -15 -13 -10 -14 20 -19 -21 23 24 -8 -26 -27 -28 29 -29
right_child=1 -3 -4 4 6 -7 8 -9 9 10 11 16 18 14 -16 -17 -18 19 -20 21 -22 -23 -24 -25 25 26 27 28 -30 -31
leaf_value=0.14904572870582342 -0.0044872023948134094 0.14717928824886201 -0.19440829926921477 0.23292429451980901 -0.1870663888495544 -0.25297871172428132 0.20853967240878513 -0.19385664604844588 0.059989073872566225 0.14992300271987916 0.17440771043300629 -0.38059650075435641 0.25948974127705032 -0.061119656175629714 -0.21325357384151886 0.1923480609180154 -0.054581238024614079 -0.023154985904693604 0.066294524747716535 0.03004629033466065 -0.32246047474291861 -0.16445420381063836 -0.17452757755915327 0.20900036633014679 -0.13060744447367531 0.17524477449454823 -0.03808436380510604 0.043657404688212907 -0.16982636735614004 0.2552423102160295
leaf_weight=32 5599 31 31 31 29 20 35 31 51 39 20 25 37 117 45 37 22 35 213 86 49 78 21 35 56 49 232 861 29 24
leaf_count=32 5599 31 31 31 29 20 35 31 51 39 20 25 37 117 45 37 22 35 213 86 49 78 21 35 56 49 232 861 29 24
internal_value=-5.16011e-12 -0.000598577 -0.00117576 -0.000418083 0.0145778 -0.00640584 0.0115357 -0.00552991 0.0141584 -0.0129792 0.0229023 -0.107874 0.0408572 -0.0158972 -0.0483946 -0.000221568 -0.227994 -0.0795819 0.0948874 -0.108284 -0.19775 -0.06246 0.0314278 0.0347019 0.0299581 0.0249619 0.0322521 0.0261381 0.0424397 0.0493953
internal_weight=8000 7968 7937 7906 2256 5650 2225 5630 2196 854 555 67 488 238 199 154 47 299 250 248 84 164 1342 1321 1286 1251 1195 1146 914 885
internal_count=8000 7968 7937 7906 2256 5650 2225 5630 2196 854 555 67 488 238 199 154 47 299 250 248 84 164 1342 1321 1286 1251 1195 1146 914 885
is_linear=0
shrinkage=0.05


Tree=165
num_leaves=31
num_cat=0
split_feature=2 4 4 4 3 0 4 0 0 5 0 2 5 0 5 0 0 0 0 2 3 2 3 2 4 0 1 0 0 2
split_gain=278.471 623.162 1053.97 625.932 523.141 966.203 649.242 582.283 484.659 463.416 450.582 436.998 450.404 431.444 382.066 399.944 1773.16 620.352 546.114 1024.98 387.597 691.438 930.313 713.763 597.06 576.686 473.557 1340.97 1136.03 1099.82
threshold=243.07831350556964 30.394624914726688 34.936951190991515 5.4386003020642208 1488.4546497543818 4033.2000000000021 15.39513146721759 6467.1916666666702 2741.0583333333348 16.500000000000004 9959.8666666666631 246.05188832460524 23.500000000000004 7327.408333333331 6.5000000000000009 4430.341666666679 6295.8333333333376 6784.5500000000002 3799.9166666666656 199.87536355485503 1816.0282371524202 191.12449617093901 2034.7417920164355 194.37180244733483 19.907389623558842 3284.7916666666674 2460.5000000000005 3225.9166666666674 3754.0499999999984 231.96327729766594
decision_type=2 2 2 2 2 2 2 2 2 2 2 2 2 2 2 2 2 2 2 2 2 2 2 2 2 2 2 2 2 2
left_child=10 3 -3 -2 5 8 7 -7 -5 -8 14 -6 -13 -9 15 18 -17 -18 19 -1 26 22 24 -23 25 -22 27 29 -28 -16
right_child=1 2 -4 4 11 6 9 13 -10 -11 -12 12 -14 -15 20 16 17 -19 -20 -21 21 23 -24 -25 -26 -27 28 -29 -30 -31
leaf_value=-0.23794184401631358 0.22626525351010704 0.48134227097034454 0.0024520127309693232 0.037283739745616912 -0.18356805293452602 -0.30286054973091403 0.27167887639614846 0.15770825831978411 0.34002176370376197 0.016813201989446368 -0.21062466525114498 0.0078187865888079012 -0.19057034640572967 -0.074973361276237202 0.019665799567381435 -0.43798968734279758 0.19935337221622468 -0.063425453263440276 0.24980179797048155 0.15097349526153669 0.30312613755464557 0.34528178802132609 -0.27267615682247914 0.066686225012579758 -0.23143049592063544 0.014114114048609894 0.13235172705103956 -0.12348857130604461 -0.00090908379755433072 -0.20702962895919541
leaf_weight=32 34 20 27 20 43 21 31 27 39 42 26 270 32 76 690 31 25 221 23 36 20 25 33 286 21 126 165 297 5203 58
leaf_count=32 34 20 27 20 43 21 31 27 39 42 26 270 32 76 690 31 25 221 23 36 20 25 33 286 21 126 165 297 5203 58
internal_value=5.04515e-11 0.0305576 0.206235 0.0175547 0.00574741 0.0599016 0.00674252 -0.0629026 0.237399 0.125044 -0.00284781 -0.0344365 -0.0132026 -0.0139792 -0.00210697 -0.0517514 -0.0816277 -0.0367203 0.0391906 -0.0320455 0.000531557 0.04244 -0.0300873 0.0890814 0.0178495 0.0537048 -0.00280779 -0.0336023 0.00318705 0.00208781
internal_weight=8000 682 47 635 601 256 197 124 59 73 7318 345 302 103 7292 368 277 246 91 68 6924 511 200 311 167 146 6413 1045 5368 748
internal_count=8000 682 47 635 601 256 197 124 59 73 7318 345 302 103 7292 368 277 246 91 68 6924 511 200 311 167 146 6413 1045 5368 748
is_linear=0
shrinkage=0.05


Tree=166
num_leaves=31
num_cat=0
split_feature=2 4 0 4 0 3 0 4 0 5 0 2 5 5 0 0 0 0 2 3 3 2 3 2 4 0 1 0 0 3
split_gain=251.32 576.881 944.954 586.069 406.65 391.618 531.977 548.521 582.552 504.405 419.96 399.621 468.274 344.815 360.949 1600.28 559.867 492.868 925.041 364.858 349.806 624.023 839.608 644.171 538.846 520.459 427.385 1210.22 1058.42 1025.29
threshold=243.07831350556964 26.449799407788365 6535.341666666669 5.4386003020642208 9959.8666666666631 1478.6017101775781 4033.2000000000021 15.39513146721759 6467.1916666666702 16.500000000000004 7327.408333333331 246.05188832460524 23.500000000000004 6.5000000000000009 4430.341666666679 6295.8333333333376 6784.5500000000002 3799.9166666666656 199.87536355485503 1686.2177615856415 1816.0282371524202 191.12449617093901 2034.7417920164355 194.37180244733483 19.907389623558842 3284.7916666666674 2460.5000000000005 3225.9166666666674 3485.9666666666658 1760.4391029215847
decision_type=2 2 2 2 2 2 2 2 2 2 2 2 2 2 2 2 2 2 2 2 2 2 2 2 2 2 2 2 2 2
left_child=4 3 -3 -2 13 6 -5 8 -8 -9 -10 -7 -13 14 17 -16 -17 18 -1 -18 26 22 24 -23 25 -22 27 29 -28 -15
right_child=1 2 -4 5 -6 11 7 9 10 -11 -12 12 -14 20 15 16 19 -19 -20 -21 21 23 -24 -25 -26 -27 28 -29 -30 -31
leaf_value=-0.22604475226253273 0.21495199231978726 0.41124368011951451 0.030771799924525813 0.18708029560067438 -0.2000934341779122 -0.17539361552443616 -0.29921994469128549 0.28740176005022872 0.17380946040153505 -0.0011267278230551517 -0.063221795557419191 0.0074432685765063195 -0.21091089066531926 0.013739884320403007 -0.41609018964152189 0.18938570880889893 -0.0909155581643184 0.23731170452159384 0.14342482222451106 0.074356737296755723 0.28796982795000076 0.32801769208908083 -0.25904235449252705 0.063351913353988348 -0.21985897450220016 0.013408406925136371 0.30427586888444835 -0.11731414113896162 0.0013913966959853811 -0.28949577993360059
leaf_weight=32 34 25 47 55 26 43 20 28 25 33 74 271 27 719 31 25 180 23 36 41 20 25 33 286 21 126 29 297 5339 29
leaf_count=32 34 25 47 55 26 43 20 28 25 33 74 271 27 719 31 25 180 23 36 41 20 25 33 286 21 126 29 297 5339 29
internal_value=-1.80621e-10 0.0290297 0.16288 0.013231 -0.00270542 0.00132381 0.0509868 0.00940273 -0.0530889 0.131313 -0.00336542 -0.0329014 -0.0123405 -0.00200162 -0.0491638 -0.0775463 -0.0348843 0.0372311 -0.0304432 -0.0602542 0.000504979 0.040318 -0.0285829 0.0846273 0.016957 0.0510196 -0.0026674 -0.0319222 0.0030277 0.00198342
internal_weight=8000 682 72 610 7318 576 235 180 119 61 99 341 298 7292 368 277 246 91 68 221 6924 511 200 311 167 146 6413 1045 5368 748
internal_count=8000 682 72 610 7318 576 235 180 119 61 99 341 298 7292 368 277 246 91 68 221 6924 511 200 311 167 146 6413 1045 5368 748
is_linear=0
shrinkage=0.05


Tree=167
num_leaves=31
num_cat=0
split_feature=4 2 2 2 4 0 0 0 0 1 4 0 0 2 2 4 4 4 5 2 5 3 2 2 2 4 4 0 5 3
split_gain=244.845 774.881 760.497 660.353 632.989 723.583 689.28 494.31 483.698 465.719 710.503 1148 1255.7 1027.57 609.88 510.651 1586.8 963.659 703.419 603.597 508.078 496.991 798.8 472.123 536.723 518.748 812.922 589.202 470.734 464.737
threshold=7.3048299605408724 201.89320699027576 200.69004041077184 203.90556816741034 10.965090669798416 9194.033333333331 9150.4333333333398 9397.0416666666752 1827.0166666666669 5887.5000000000009 9.5888386805706336 4761.9500000000189 4392.9000000000133 177.48590307884913 164.35271298139619 8.7260499017433002 9.1043884646038578 9.359778074123982 12.500000000000002 167.06602292596807 6.5000000000000009 1521.5619784063608 217.76168394787899 224.90319171870311 215.28083890700879 10.613479094125468 10.387133781889345 3330.0666666666671 8.5000000000000018 1629.7138913497849
decision_type=2 2 2 2 2 2 2 2 2 2 2 2 2 2 2 2 2 2 2 2 2 2 2 2 2 2 2 2 2 2
left_child=1 2 -1 -3 5 6 9 -5 -6 10 11 12 15 14 -12 18 -17 -18 19 -2 -13 22 28 24 25 26 27 -15 -22 -29
right_child=4 3 -4 7 8 -7 -8 -9 -10 -11 13 20 -14 23 -16 16 17 -19 -20 -21 21 -23 -24 -25 -26 -27 -28 29 -30 -31
leaf_value=-0.0065778251919664165 -0.22024862591339198 0.27809740396983484 -0.30600890205665071 0.038615815384843988 0.23961184593764218 -0.13267498954010556 0.27264070212841035 0.25472684619682179 0.0046459137409516956 0.0064269186235290992 -0.13720579291834975 -0.2884636259504727 0.34097897576935154 0.18107881035123552 -0.44869644343852999 0.34127280442487629 -0.24290444348007442 0.1929936321008773 -0.24833433325252227 0.059364182654147349 0.12739810530955975 0.019285401996547501 -0.33591496409738769 -0.16645607873561641 0.14979638489517008 0.074968048274517071 -0.38397585036961934 -0.03920896790093846 -0.1171253978194278 -0.31183820001103663
leaf_weight=587 23 34 22 481 22 153 20 28 4970 758 33 28 34 21 30 42 32 21 31 120 26 104 34 79 37 50 23 54 81 22
leaf_count=587 23 34 22 481 22 153 20 28 4970 758 33 28 34 21 30 42 32 21 31 120 26 104 34 79 37 50 23 54 81 22
internal_value=-9.14431e-11 0.0213268 -0.0173947 0.0647548 -0.00358769 -0.0285184 -0.0191608 0.050504 0.00568142 -0.0226285 -0.0464382 -0.012328 0.0546742 -0.102735 -0.285535 0.018487 0.11172 -0.0701901 -0.032416 0.0143915 -0.0866931 -0.0636336 -0.124794 -0.0624674 -0.0227809 -0.0603418 -0.116721 -0.0533512 -0.0577085 -0.118128
internal_weight=8000 1152 609 543 6848 1856 1703 509 4992 1683 925 576 303 349 63 269 95 53 174 143 273 245 141 286 207 170 120 97 107 76
internal_count=8000 1152 609 543 6848 1856 1703 509 4992 1683 925 576 303 349 63 269 95 53 174 143 273 245 141 286 207 170 120 97 107 76
is_linear=0
shrinkage=0.05


Tree=168
num_leaves=31
num_cat=0
split_feature=3 3 3 4 4 0 0 0 0 1 0 0 0 0 0 0 0 0 0 0 0 0 0 2 2 5 2 2 2 0
split_gain=245.224 420.894 359.548 289.254 352.025 231.478 1299.56 2561.04 1043.71 746.697 633.458 600.948 2643.15 2109.24 1494.03 3042.82 2413.2 1285.72 976.163 731.73 976.528 598.023 598.531 553.199 1048.44 1013.54 1008.27 565.888 545.781 524.442
threshold=2269.7030541227764 2227.6919926964697 2166.7528950174224 43.593073356397262 46.685961905401669 9194.033333333331 9150.4333333333398 9128.6583333333365 9219.2166666666762 7306.0000000000009 9474.6416666666792 8941.658333333331 8892.4083333333347 8991.225000000004 8841.4500000000007 8867.5666666666675 8791.8083333333325 8767.0250000000033 8967.4583333333303 8721.1499999999978 8743.5666666666639 9578.9500000000135 9302.9250000000047 218.85163809621653 208.02160997177779 15.500000000000002 184.27925205780897 195.41463001738154 175.2797605201275 8918.7166666666653
decision_type=2 2 2 2 2 2 2 2 2 2 2 2 2 2 2 2 2 2 2 2 2 2 2 2 2 2 2 2 2 2
left_child=1 2 3 5 -5 6 7 11 -7 10 -10 12 14 18 16 -16 17 19 -13 -1 -21 22 -11 24 25 26 28 -27 -23 -14
right_child=-2 -3 -4 4 -6 8 -8 -9 9 21 -12 13 29 -15 15 -17 -18 -19 -20 20 -22 23 -24 -25 -26 27 -28 -29 -30 -31
leaf_value=0.003923567065843527 0.14035490196078057 -0.18442371362640012 0.17012081309672325 -0.23507643263658573 0.0072788314473244452 -0.31074650994231628 0.230944339161919 -0.45243547299215869 -0.061736526993907387 -0.080490158227357 -0.3277171483406654 0.13141334984451533 -0.49145333458270346 -0.0049949880684265402 0.61887082796672299 -0.099376788288354889 -0.31210414266488595 0.32507686701513111 0.53150051543789523 -0.36685592955158608 0.033306048462788264 -0.14814140506279774 0.12732550257051284 0.083000784708807868 -0.39966701973568308 0.24033967584371566 0.044103194164986516 -0.070912049645962927 -0.45960024541074579 -0.1905735344346613
leaf_weight=6543 31 31 31 29 31 31 62 31 161 44 26 30 28 182 29 30 61 31 31 31 30 39 163 78 22 40 49 23 22 30
leaf_count=6543 31 31 31 29 31 31 62 31 161 44 26 30 28 182 29 30 61 31 31 31 30 39 163 78 22 40 49 23 22 30
internal_value=-2.53073e-11 -0.000545991 0.0001721 -0.000494197 -0.10986 0.000342037 0.00302539 0.00103146 -0.0271412 -0.0139601 -0.0987178 0.00302373 0.000267962 0.0802874 0.00315374 0.25366 0.000946472 0.00382456 0.334736 0.00231656 -0.170055 0.01906 0.0831521 -0.0295372 -0.0745525 -0.0332084 -0.124797 0.126708 -0.260471 -0.335826
internal_weight=8000 7969 7938 7907 60 7847 7149 7087 698 667 187 7056 6813 243 6755 59 6696 6635 61 6604 61 480 207 273 195 173 110 63 61 58
internal_count=8000 7969 7938 7907 60 7847 7149 7087 698 667 187 7056 6813 243 6755 59 6696 6635 61 6604 61 480 207 273 195 173 110 63 61 58
is_linear=0
shrinkage=0.05


Tree=169
num_leaves=31
num_cat=0
split_feature=3 3 3 5 4 2 0 5 0 0 0 5 0 3 0 0 4 4 5 2 0 3 3 2 2 4 4 4 5 4
split_gain=233.922 622.947 525.025 648.053 819.131 985.993 867.948 628.444 615.408 946.346 598.882 534.513 600.972 1609.44 774.02 1198.43 1238.38 1483.13 779.163 812.348 749.912 655.299 593.449 585.318 1198.36 562.967 633.899 670.341 528.625 856.654
threshold=1584.1763794456463 1588.0190196268006 1509.5033019310811 18.500000000000004 15.244484341615623 253.93332677461771 2344.2250000000013 17.500000000000004 1883.1833333333338 1991.7833333333344 9670.1833333333452 8.5000000000000018 2641.8916666666687 1443.9014830618305 3680.6416666666655 6439.3500000000031 7.2310633768218109 12.019842686841814 13.500000000000002 198.81427141389742 4672.4666666666826 1332.2443936707948 1480.810522243886 218.09684117376159 204.81019358220982 8.6750986693795138 8.8522413398579847 9.048666356995346 6.5000000000000009 5.0866478485084352
decision_type=2 2 2 2 2 2 2 2 2 2 2 2 2 2 2 2 2 2 2 2 2 2 2 2 2 2 2 2 2 2
left_child=2 -2 3 4 8 6 -6 10 -1 -10 -4 28 13 21 22 16 -16 18 19 20 -18 -13 -14 24 -19 -17 -27 -28 -11 -30
right_child=1 -3 7 -5 5 -7 -8 -9 9 11 -12 12 14 -15 15 25 17 23 -20 -21 -22 -23 -24 -25 -26 26 27 -29 29 -31
leaf_value=0.26837258338928222 0.16856357121179183 0.0082420562241670402 -0.052021774648573632 -0.034035572402858823 0.25979659314784737 0.3445047960199159 0.033026946196401362 0.023040029539015031 -0.3376577666827611 -0.031454949108796697 -0.31079778062260671 -0.1650585242680141 0.12529219043570639 0.16328104040943658 0.15914614479511213 -0.054543066329718337 -0.11681878246366978 -0.043041415628639688 -0.42859868900850417 -0.068884129792451856 -0.4848784373652551 -0.53454543139253352 -0.15266938643022018 -0.19740851958592734 0.38832946845463345 0.28488538964934973 -0.26011085339954926 0.026466903350110607 -0.093461925097692175 0.088057239592606362
leaf_weight=21 62 2666 801 951 45 29 677 323 21 214 23 28 151 26 39 299 25 69 40 75 31 21 22 30 21 23 21 721 76 449
leaf_count=21 62 2666 801 951 45 29 677 323 21 214 23 28 151 26 39 299 25 69 40 75 31 21 22 30 21 23 21 721 76 449
internal_value=-4.9644e-11 0.0118857 -0.00615028 0.00217008 0.0130181 0.0586428 0.0471608 -0.0360731 -0.00112311 -0.00347924 -0.0592449 -0.000531841 -0.0164248 -0.15469 -0.00980712 -0.0221866 -0.105432 -0.140891 -0.23545 -0.176473 -0.320566 -0.32341 0.0899445 -0.00614329 0.0576118 0.00363186 0.0263695 0.0183562 0.0347811 0.0617802
internal_weight=8000 2728 5272 4125 3174 751 722 1147 2423 2402 824 2381 1642 75 1567 1394 330 291 171 131 56 49 173 120 90 1064 765 742 739 525
internal_count=8000 2728 5272 4125 3174 751 722 1147 2423 2402 824 2381 1642 75 1567 1394 330 291 171 131 56 49 173 120 90 1064 765 742 739 525
is_linear=0
shrinkage=0.05


Tree=170
num_leaves=31
num_cat=0
split_feature=0 0 0 0 0 0 0 0 0 0 0 1 0 0 0 1 0 0 3 0 1 0 0 0 0 0 4 0 3 3
split_gain=238.712 1096.34 3145.58 1135.07 1109.62 1942.5 871.92 6041.01 937.078 1278.34 798.581 770.709 1596.53 1974.72 3276.22 935.507 1632.68 898.847 1111.93 876.875 690.62 1329.49 946.88 727.006 708.474 1734.49 543.445 493.447 1223.14 1055.18
threshold=6905.2083333333312 7079.4833333333308 7102.9999999999973 7021.0666666666648 7153.3499999999967 7177.566666666663 6608.4416666666684 6635.0583333333361 6580.9916666666695 6558.4083333333356 7052.5833333333312 5887.5000000000009 6488.4666666666717 6439.3500000000031 6325.6833333333361 4564.0000000000009 5380.7583333333478 6098.7166666666681 1581.773084406401 6381.7833333333365 5887.5000000000009 8066.9666666666653 7440.2583333333323 7423.7583333333323 7617.7833333333328 7810.0666666666666 8.3126568879928495 4813.2166666666863 1209.0345600312203 1782.7125310765393
decision_type=2 2 2 2 2 2 2 2 2 2 2 2 2 2 2 2 2 2 2 2 2 2 2 2 2 2 2 2 2 2
left_child=6 3 -3 -2 -4 -6 8 -8 9 11 -5 12 13 14 15 16 27 -17 -19 -16 21 24 23 -22 26 -26 -7 -1 -29 -30
right_child=1 2 4 10 5 20 7 -9 -10 -11 -12 -13 -14 -15 19 17 -18 18 -20 -21 22 -23 -24 -25 25 -27 -28 28 29 -31
leaf_value=0.010465927212984146 -0.044328106932807719 0.49184692876369812 -0.21236972042825075 -0.47009521042928104 0.38547953728702855 -0.23034557163348943 0.73856087266467518 0.021024327029788931 -0.26816154252737762 0.31819378742948179 -0.11685550539987162 0.10959091784867954 -0.30407568028366028 0.36739356128705875 -0.5470907123819474 0.35837034544637131 -0.25205017195298124 -0.031212663731657632 0.26318212208595687 -0.18192006021738052 0.077444589086036922 -0.43758555682037364 -0.0033919720792547968 0.39001263383598556 0.14928416458153448 -0.099624147333716065 -0.060811109683875535 -0.41425792601975531 -0.0025235556238161847 -0.32872511987332947
leaf_weight=2208 160 32 64 32 32 61 32 352 32 32 32 154 44 36 31 31 65 101 47 35 163 22 3337 21 129 153 210 22 303 27
leaf_count=2208 160 32 64 32 32 61 32 352 32 32 32 154 44 36 31 31 65 101 47 35 163 22 3337 21 129 153 210 22 303 27
internal_value=8.6649e-11 -0.0077182 -0.00200181 -0.115513 -0.00577164 -0.00256857 0.00966513 0.080819 0.00104042 0.00378737 -0.293475 0.000546071 -0.00514644 -0.000620326 -0.00523653 0.00295941 -0.00458224 0.113556 0.0622776 -0.35344 -0.0056002 -0.0564054 0.0026966 0.113118 -0.041241 0.0142382 -0.098972 0.00170112 -0.0532781 -0.0292128
internal_weight=8000 4448 4224 224 4192 4128 3552 384 3168 3136 64 3104 2950 2906 2870 2804 2625 179 148 66 4096 575 3521 184 553 282 271 2560 352 330
internal_count=8000 4448 4224 224 4192 4128 3552 384 3168 3136 64 3104 2950 2906 2870 2804 2625 179 148 66 4096 575 3521 184 553 282 271 2560 352 330
is_linear=0
shrinkage=0.05


Tree=171
num_leaves=31
num_cat=0
split_feature=4 2 2 2 4 0 0 0 0 4 4 2 0 0 2 0 3 5 5 5 3 1 2 3 3 0 0 0 2 2
split_gain=223.477 673.483 671.633 587.323 532.577 619.044 568.496 452.718 419.067 406.006 983.959 729.893 960.775 959 878.984 804.198 677.22 852.152 730.855 646.754 652.231 587.702 917.281 587.79 546.54 532.392 457.34 444.665 435.938 422.588
threshold=7.3048299605408724 201.89320699027576 200.69004041077184 203.90556816741034 10.965090669798416 9194.033333333331 9150.4333333333398 9397.0416666666752 1827.0166666666669 9.5888386805706336 8.2528138135534235 197.08516639498285 2788.7583333333355 4033.2000000000021 182.12067219025525 5068.7000000000162 1338.5713926340702 9.5000000000000018 6.5000000000000009 13.500000000000002 1484.9858087871814 5887.5000000000009 177.48590307884913 1509.5033019310811 1410.7736692888382 7079.4833333333308 8102.9916666666641 8066.9666666666653 177.7855720533569 224.90319171870311
decision_type=2 2 2 2 2 2 2 2 2 2 2 2 2 2 2 2 2 2 2 2 2 2 2 2 2 2 2 2 2 2
left_child=1 2 -1 -3 5 6 9 -5 -6 10 16 14 -13 -14 28 -16 17 -2 -18 25 -21 22 23 -11 26 -15 -23 -17 -12 -24
right_child=4 3 -4 7 8 -7 -8 -9 -10 21 11 12 13 19 15 27 18 -19 -20 20 -22 24 29 -25 -26 -27 -28 -29 -30 -31
leaf_value=-0.0055589901727625827 -0.030279534844600636 0.26206195968038898 -0.28695272688161244 0.036045209333889203 0.22281605032357304 -0.12263485139199333 0.24736438333988189 0.2428645633094545 0.0041107836017929495 -0.42878665188948317 0.062249858185781964 -0.30327874629113538 0.22079057458867421 -0.15833781022070484 0.38594857651740311 0.01166902288146641 -0.22794589508324861 -0.3380623942749067 -0.0007659793105702122 -0.072628361782567069 0.28840335872152756 0.20484646376298399 -0.020303774592669115 -0.12298914763060483 -0.047409575890204073 0.0080388049858639826 -0.013465924656137508 0.26166852471129648 -0.15074192606683434 -0.15623307458679134
leaf_weight=587 46 34 22 481 22 153 20 28 4970 30 140 26 47 88 40 46 40 44 308 22 29 49 207 33 198 106 47 29 29 79
leaf_count=587 46 34 22 481 22 153 20 28 4970 30 140 26 47 88 40 46 40 44 308 22 29 49 207 33 198 106 47 29 29 79
internal_value=-2.86134e-11 0.020375 -0.0157243 0.060862 -0.00342757 -0.0262955 -0.0176403 0.0474223 0.00507463 -0.0207895 -0.00147944 0.0400045 -0.0120246 0.013909 0.0982626 0.204897 -0.0584963 -0.180751 -0.0268786 -0.0257785 0.132664 -0.0520219 -0.0958955 -0.268607 5.94634e-05 -0.067431 0.0979644 0.108335 0.025701 -0.0578507
internal_weight=8000 1152 609 543 6848 1856 1703 509 4992 1683 1040 602 318 292 284 115 438 90 348 245 51 643 349 63 294 194 96 75 169 286
internal_count=8000 1152 609 543 6848 1856 1703 509 4992 1683 1040 602 318 292 284 115 438 90 348 245 51 643 349 63 294 194 96 75 169 286
is_linear=0
shrinkage=0.05


Tree=172
num_leaves=31
num_cat=0
split_feature=0 1 0 0 1 1 0 5 5 1 3 4 5 2 0 2 2 0 0 0 0 0 0 4 4 3 3 2 3 0
split_gain=220.821 794.982 699.756 1218.23 993.412 559.901 544.631 431.986 662.745 509.681 633.705 517.484 714.686 476.337 710.473 554.659 630.294 473.296 462.258 1493.97 804.418 412.32 1692.26 407.804 1051.67 747.6 942.129 394.043 382.813 379.837
threshold=8089.3999999999951 6517.5000000000009 8138.4333333333288 8155.8666666666631 7306.0000000000009 7306.0000000000009 8439.641666666661 18.500000000000004 21.500000000000004 7306.0000000000009 1397.4521358264071 19.509557084058859 20.500000000000004 225.18697936201377 9578.9500000000135 152.72669819409381 159.5816485490592 8651.9749999999967 8256.391666666661 8287.899999999996 8223.0749999999935 8362.0666666666602 8393.2249999999931 28.924799875472949 17.173761582871496 1394.2919399467708 1527.197293817427 218.09684117376159 1344.0174896862243 8005.8666666666595
decision_type=2 2 2 2 2 2 2 2 2 2 2 2 2 2 2 2 2 2 2 2 2 2 2 2 2 2 2 2 2 2
left_child=5 6 4 -4 -3 -1 -2 13 9 17 -11 -12 -13 14 15 -5 -17 -9 20 -20 -18 -21 -23 24 -10 -25 -27 -24 -7 -30
right_child=1 2 3 7 -6 28 -8 8 23 10 11 12 -14 -15 -16 16 18 -19 19 21 -22 22 27 25 -26 26 -28 -29 29 -31
leaf_value=0.0034288017805033095 -0.070077422814813037 -0.43898324810645795 0.39030257508158689 0.14227088988324008 -0.0052250080149282112 -0.042870087921619421 -0.30352247304150037 -0.04698490470647812 -0.12711748604973158 -0.27896538786590103 0.18526514950873596 -0.29848963880822776 0.11401887649581546 0.065768635749055171 -0.1019581617333534 -0.18823873691615606 0.005181494796309959 -0.34615286970749881 0.40058797666430473 -0.11356017976941075 -0.32805664462071882 0.45086705684661865 0.018211545652102628 -0.22441709409467878 0.14354846990345238 0.19233688688728701 -0.11765733542933798 -0.094761759839778734 0.36011900768022648 0.10661287261380091
leaf_weight=5491 232 22 20 75 33 24 28 20 54 24 28 21 21 313 159 42 55 39 25 64 27 22 753 48 107 43 57 86 22 45
leaf_count=5491 232 22 20 75 33 24 28 20 54 24 28 21 21 313 159 42 55 39 25 64 27 22 753 48 107 43 57 86 22 45
internal_value=1.62321e-10 -0.0126215 -0.00267019 0.00193428 -0.178728 0.00546737 -0.0952177 -0.00179466 -0.0444458 -0.129551 -0.0572514 0.0187648 -0.0922354 0.0103613 -0.00289748 0.0108107 0.00163048 -0.24474 0.00935771 0.0191892 -0.104543 0.00888109 0.0179824 -0.00230634 0.0527661 -0.0622162 0.0156402 0.00663145 0.128476 0.189854
internal_weight=8000 2418 2158 2103 55 5582 260 2083 462 153 94 70 42 1621 1308 1149 1074 59 1032 950 82 925 861 309 161 148 100 839 91 67
internal_count=8000 2418 2158 2103 55 5582 260 2083 462 153 94 70 42 1621 1308 1149 1074 59 1032 950 82 925 861 309 161 148 100 839 91 67
is_linear=0
shrinkage=0.05


Tree=173
num_leaves=31
num_cat=0
split_feature=3 3 3 4 4 0 5 2 3 3 5 2 4 1 0 0 0 3 3 1 0 0 5 0 2 4 4 4 2 3
split_gain=216.239 373.765 312.707 248.621 310.389 199.862 1084.37 710.415 750.83 1356.35 540.084 362.057 821.82 334.051 1093.46 1089.65 549.093 978.484 942.479 732.724 1626.48 1705.38 1191.83 1007.18 706.247 975.491 884.443 1846.55 1336.2 987.448
threshold=2269.7030541227764 2227.6919926964697 2166.7528950174224 43.593073356397262 46.685961905401669 2144.4500000000012 7.5000000000000009 162.81742421375992 1304.2881621427716 1421.9929765580284 10.500000000000002 204.27287535675239 15.846286161209092 2460.5000000000005 3680.6416666666655 3512.3666666666663 4526.1583333333447 1190.3443523589506 1266.6198827713893 4564.0000000000009 6325.6833333333361 6352.766666666671 6.5000000000000009 5421.6583333333447 161.93228377318505 24.536109012818873 13.28742459665119 9.6975238188071895 184.27925205780897 1465.8029329503079
decision_type=2 2 2 2 2 2 2 2 2 2 2 2 2 2 2 2 2 2 2 2 2 2 2 2 2 2 2 2 2 2
left_child=1 2 3 5 -5 6 -1 -8 -9 -10 -11 12 -12 14 -7 -15 17 -17 -19 22 -21 -22 -18 24 -24 26 27 28 -26 -30
right_child=-2 -3 -4 4 -6 13 7 8 9 10 11 -13 -14 15 -16 16 19 18 -20 20 21 -23 23 -25 25 -27 -28 -29 29 -31
leaf_value=0.39848454356193547 0.13179920027332923 -0.17379024115300948 0.15865634035679602 -0.21942956740486214 0.008142407094278643 -0.012068446479590581 -0.24908195008402287 0.24984385681649052 -0.29755300206522789 -0.12400537732243538 0.25695692698160805 0.25130079350410361 -0.1908859932422638 0.23337436885226009 -0.19913326239761187 0.27275767099450937 -0.40876307746638424 -0.27205355477333071 0.041536133209405718 0.14733102389357308 -0.36667190603911881 -0.00051035401895212185 0.15091561119930419 -0.32381129999955499 -0.19218531164806338 -0.24720433586329782 0.069301283412119927 -0.20841862461738178 -0.026308715614405551 0.29147887617349627
leaf_weight=20 31 31 31 29 31 965 23 36 31 25 21 39 20 51 85 44 23 25 576 187 32 5067 51 30 40 53 170 134 44 55
leaf_count=20 31 31 31 29 31 965 23 36 31 25 21 39 20 51 85 44 23 25 576 187 32 5067 51 30 40 53 170 134 44 55
internal_value=-7.87059e-11 -0.000512709 0.000163986 -0.000457395 -0.101851 0.000317882 0.0478605 0.0118991 0.0467977 -0.00694979 0.0788474 0.142239 0.038497 -0.00102144 -0.0272118 0.00315661 0.00135886 0.0451547 0.0284916 -0.00344039 0.00250311 -0.00280829 -0.0558026 -0.0417331 -0.0262626 -0.0444806 -0.0202269 -0.0759771 0.0517003 0.15024
internal_weight=8000 7969 7938 7907 60 7847 215 195 172 136 105 80 41 7632 1050 6582 6531 645 601 5886 5286 5099 600 577 547 496 443 273 139 99
internal_count=8000 7969 7938 7907 60 7847 215 195 172 136 105 80 41 7632 1050 6582 6531 645 601 5886 5286 5099 600 577 547 496 443 273 139 99
is_linear=0
shrinkage=0.05


Tree=174
num_leaves=31
num_cat=0
split_feature=0 0 0 0 0 0 0 0 0 0 0 2 1 0 2 2 1 0 4 4 4 2 3 0 3 5 2 3 3 3
split_gain=208.788 985.905 2820.31 1017.36 996.721 1747.09 790.174 5454.58 844.019 1150.63 723.961 716.228 748.802 1543.29 1123.12 1938.97 813.058 1336.69 1003.07 1232.88 952.114 865.608 972.126 737.838 886.236 687.899 677.302 668.445 990.205 1457.06
threshold=6905.2083333333312 7079.4833333333308 7102.9999999999973 7021.0666666666648 7153.3499999999967 7177.566666666663 6608.4416666666684 6635.0583333333361 6580.9916666666695 6558.4083333333356 7052.5833333333312 262.31870506339254 5887.5000000000009 6295.8333333333376 190.49031748207682 170.88103534542753 4564.0000000000009 5068.7000000000162 12.730336439051918 10.780144561284137 15.571595949758875 231.42751685925717 1266.6198827713893 5282.350000000014 1523.601431003586 9.5000000000000018 202.46472759446041 1175.5767953873162 1438.0497141929388 1462.8039922068394
decision_type=2 2 2 2 2 2 2 2 2 2 2 2 2 2 2 2 2 2 2 2 2 2 2 2 2 2 2 2 2 2
left_child=6 3 -3 -2 -4 -6 8 -8 9 11 -5 12 13 16 15 -15 17 27 19 -19 -20 22 -18 24 -22 -24 -27 -1 -29 -30
right_child=1 2 4 10 5 -7 7 -9 -10 -11 -12 -13 -14 14 -16 -17 21 18 20 -21 23 -23 25 -25 -26 26 -28 28 29 -31
leaf_value=0.11979694393812679 -0.042047143620438876 0.46582173514179886 -0.20117300600977617 -0.44608781910501422 0.36568149807862937 -0.0052063661366673845 0.70177727281115954 0.019957091554533693 -0.25465703331865369 0.30172334942035378 -0.10975624129641802 0.14349908164099737 0.10600541036362082 -0.28514541901391127 -0.26024006965898855 0.27933160751126707 -0.12722936173280081 -0.12145655370250191 0.2373152095696022 -0.47135343078304742 0.27836486307734792 -0.17857917167923668 0.0066488007704416921 -0.23562373229198985 -0.16098107198874156 0.18881825147306219 0.49145530277285082 -0.049219353618460471 0.19642959294823914 0.0079702102617061031
leaf_weight=120 160 32 64 32 32 4096 32 352 32 32 32 85 148 29 102 32 24 97 29 34 22 22 27 45 24 51 29 724 111 1349
leaf_count=120 160 32 64 32 32 4096 32 352 32 32 32 85 148 29 102 32 24 97 29 34 22 22 27 45 24 51 29 724 111 1349
internal_value=1.13684e-10 -0.00721825 -0.00179741 -0.10944 -0.00536702 -0.00233127 0.00903908 0.0767754 0.000828608 0.0034356 -0.277922 0.000360473 -0.0036696 -0.00932334 -0.158743 0.0109737 -0.000329477 -0.00703383 -0.116605 -0.212269 -0.0121704 0.111629 0.160366 -0.0916768 0.0491409 0.224873 0.298524 0.00490292 -0.00140994 0.0222983
internal_weight=8000 4448 4224 224 4192 4128 3552 384 3168 3136 64 3104 3019 2871 163 61 2708 2555 251 131 120 153 131 91 46 107 80 2304 2184 1460
internal_count=8000 4448 4224 224 4192 4128 3552 384 3168 3136 64 3104 3019 2871 163 61 2708 2555 251 131 120 153 131 91 46 107 80 2304 2184 1460
is_linear=0
shrinkage=0.05


Tree=175
num_leaves=31
num_cat=0
split_feature=0 0 1 0 0 1 0 0 0 0 1 0 0 2 3 0 0 0 0 0 0 2 1 0 3 0 3 0 5 2
split_gain=190.842 1242.73 1774.1 1050.29 556.998 434.754 928.195 722.443 666.158 1647.63 415.532 868.712 680.78 414.104 829.664 412.97 2900.31 3714.29 859.06 1646.63 5196.93 1069.29 947.289 1269.92 781.874 776.609 790.16 657.592 577.991 444.21
threshold=7440.2583333333323 7505.1083333333354 6517.5000000000009 7519.7666666666673 7472.7999999999993 5887.5000000000009 7423.7583333333323 6352.766666666671 7079.4833333333308 6998.2666666666655 7306.0000000000009 9397.0416666666752 7990.6166666666641 206.98971875431377 1412.9226797001809 6809.7249999999967 6608.4416666666684 6664.0666666666684 6295.8333333333376 6439.3500000000031 6467.1916666666702 212.04855710062222 4564.0000000000009 5380.7583333333478 1266.6198827713893 6098.7166666666681 1634.6595512789206 6558.4083333333356 13.500000000000002 220.9654830135853
decision_type=2 2 2 2 2 2 2 2 2 2 2 2 2 2 2 2 2 2 2 2 2 2 2 2 2 2 2 2 2 2
left_child=5 2 4 -3 -2 15 7 -7 9 -9 11 -5 -12 14 -10 16 18 -18 22 29 -21 27 23 -1 -24 -26 28 -22 -27 -20
right_child=1 3 -4 10 -6 6 -8 8 13 -11 12 -13 -14 -15 -16 -17 17 -19 19 20 21 -23 24 -25 25 26 -28 -29 -30 -31
leaf_value=0.0014052825372800727 -0.17539094992374119 0.28688905676526411 0.078203794486979228 -0.012410514048763609 -0.44436980455349656 0.27707788019344726 0.36999201519148694 0.020512390785655123 0.35192388537767771 -0.28646216590185553 0.28095021080225707 -0.18115043682576737 0.012171173912873756 0.016756695311516523 0.069738879554312336 -0.047718663028538673 0.6677254650120934 0.074655099243226677 -0.20476827009366111 0.75217178225517278 -0.13685492268996313 -0.33576363808929161 -0.11320526825970617 -0.22238779865778413 0.40716614558228426 -0.12160827397472329 0.32547956128915151 0.21825171397490936 0.16172280713087983 -0.46928140322367357
leaf_weight=2560 38 31 47 2211 39 29 21 405 37 49 24 79 1282 100 88 402 36 99 65 20 32 39 29 65 28 36 30 22 36 21
leaf_count=2560 38 31 47 2211 39 29 21 405 37 49 24 79 1282 100 88 402 36 99 65 20 32 39 29 65 28 36 30 22 36 21
internal_value=-1.37255e-10 -0.00821925 -0.163869 -0.00289791 -0.311627 0.00725592 0.0424003 0.0326836 0.0222456 -0.0126192 -0.00539607 -0.0182317 0.0171105 0.092595 0.153266 -2.2562e-05 0.00612684 0.232807 -0.00413191 -0.104493 0.0209808 -0.136265 0.00304186 -0.00413626 0.121548 0.173917 0.109887 0.00781815 0.0200573 -0.269359
internal_weight=8000 3751 124 3627 77 4249 729 708 679 454 3596 2290 1306 225 125 3520 3118 135 2983 199 113 93 2784 2625 159 130 102 54 72 86
internal_count=8000 3751 124 3627 77 4249 729 708 679 454 3596 2290 1306 225 125 3520 3118 135 2983 199 113 93 2784 2625 159 130 102 54 72 86
is_linear=0
shrinkage=0.05


Tree=176
num_leaves=31
num_cat=0
split_feature=4 2 2 2 4 0 0 0 0 4 4 2 0 0 2 0 3 5 5 5 3 1 2 2 3 0 5 0 0 4
split_gain=187.523 585.558 593.819 506.877 464.903 541.068 506.083 418.187 363.771 349.791 880.487 653.761 881.797 838.645 764.191 717.363 581.912 710.071 666.498 577.201 578.784 511.624 815.647 558.693 491.24 463.229 451.605 524.848 402.887 399.421
threshold=7.3048299605408724 201.89320699027576 200.69004041077184 203.90556816741034 10.965090669798416 9194.033333333331 9150.4333333333398 9424.9083333333456 1827.0166666666669 9.5888386805706336 8.2528138135534235 197.08516639498285 2788.7583333333355 4033.2000000000021 182.12067219025525 5068.7000000000162 1325.6854393943449 6.5000000000000009 9.5000000000000018 13.500000000000002 1484.9858087871814 5887.5000000000009 176.82159266165934 164.35271298139619 1410.7736692888382 7079.4833333333308 7.5000000000000009 6714.8999999999987 8102.9916666666641 7.990012860748779
decision_type=2 2 2 2 2 2 2 2 2 2 2 2 2 2 2 2 2 2 2 2 2 2 2 2 2 2 2 2 2 2
left_child=1 2 -1 -3 5 6 9 -5 -6 10 16 14 -13 -14 -12 -16 18 -18 -2 25 -21 22 23 -11 28 -15 27 -19 -23 -28
right_child=4 3 -4 7 8 -7 -8 -9 -10 21 11 12 13 19 15 -17 17 26 -20 20 -22 24 -24 -25 -26 -27 29 -29 -30 -31
leaf_value=-0.0054380271368020643 -0.032866544560307548 0.24332951469456449 -0.2700290938443769 0.033630399827937758 0.20767202837900683 -0.11457305981053248 0.23362133324146273 0.24334145677089691 0.0039058937853739734 -0.1130648543437322 0.025259001771285691 -0.29048683892648958 0.20684922220225033 -0.14787486202020028 0.36334225819446148 0.10114514728387197 -0.22298242613309768 0.32641578756627587 -0.31454909167119438 -0.067436826025897817 0.27266034191024713 0.19335616664314759 -0.053782848510177297 -0.41387779450622103 -0.044784561301713266 0.0073190223706780747 0.011037815481107285 -0.0018027484513305385 -0.01154767265345188 -0.12543742716312409
leaf_weight=587 42 34 22 484 22 153 20 25 4970 33 169 26 47 88 40 75 41 21 42 22 29 49 287 29 198 106 188 29 47 75
leaf_count=587 42 34 22 484 22 153 20 25 4970 33 169 26 47 88 40 75 41 21 42 22 29 49 287 29 198 106 188 29 47 75
internal_value=1.03103e-10 0.0186641 -0.0149963 0.0564159 -0.00313976 -0.0245055 -0.0164137 0.0439305 0.0048039 -0.019385 -0.00146155 0.0377807 -0.0114603 0.0133845 0.0929167 0.192344 -0.0553972 -0.0273235 -0.173708 -0.0237291 0.125952 -0.0483747 -0.0893102 -0.253768 0.00021894 -0.0630782 -0.00169408 0.136049 0.0930387 -0.027881
internal_weight=8000 1152 609 543 6848 1856 1703 509 4992 1683 1040 602 318 292 284 115 438 354 84 245 51 643 349 62 294 194 313 50 96 263
internal_count=8000 1152 609 543 6848 1856 1703 509 4992 1683 1040 602 318 292 284 115 438 354 84 245 51 643 349 62 294 194 313 50 96 263
is_linear=0
shrinkage=0.05


Tree=177
num_leaves=31
num_cat=0
split_feature=3 3 3 4 4 0 3 3 3 2 1 0 0 2 0 3 2 2 0 3 3 1 0 0 5 0 2 3 5 4
split_gain=185.441 346.779 271.549 226.56 276.33 178.88 431.15 1752.09 489.827 426.683 390.815 969.891 948.445 509.984 695.854 582.221 571.634 972.197 477.192 852.341 834.135 573.078 1295.76 1504.71 1055.37 803.046 671.013 845.231 962.115 1034.42
threshold=2269.7030541227764 2227.6919926964697 2166.7528950174224 43.593073356397262 46.685961905401669 2284.191666666668 1304.2881621427716 1403.951658570702 1204.1314400726999 233.33257363108353 2460.5000000000005 3512.3666666666663 3777.6666666666647 159.5816485490592 3225.9166666666674 1637.6362405668312 177.22133230526421 189.25641413414039 4526.1583333333447 1190.3443523589506 1266.6198827713893 4564.0000000000009 6325.6833333333361 6352.766666666671 6.5000000000000009 5421.6583333333447 149.65946766801312 1782.7125310765393 15.500000000000002 12.328373264423346
decision_type=2 2 2 2 2 2 2 2 2 2 2 2 2 2 2 2 2 2 2 2 2 2 2 2 2 2 2 2 2 2
left_child=1 2 3 5 -5 6 8 -8 -1 -9 12 -12 13 15 -15 -7 -16 -18 19 -13 -21 24 -23 -24 -20 26 -26 28 29 -28
right_child=-2 -3 -4 4 -6 10 7 9 -10 -11 11 18 -14 14 16 -17 17 -19 21 20 -22 22 23 -25 25 -27 27 -29 -30 -31
leaf_value=-0.0275113090224888 0.12205313177358719 -0.16737979813929527 0.1478712785628534 -0.2081327976851628 0.0065907995547017754 -0.060489877721955701 -0.29957629778446299 0.094734866700691894 0.26342028753879743 -0.1090203832089901 0.22034268212669039 0.25470177531242372 -0.35557548737322747 0.023267170261037442 0.11435567897719306 -0.35504297924066042 -0.2712889672302809 -0.045584986188776419 -0.38147301000097528 -0.25601947033405303 0.038995568345611298 0.13149786866045893 -0.34429642092436552 -0.00035212328919654895 0.2256180637731002 -0.28796976404885449 -0.030454254973588918 -0.25549354754388331 -0.11280891599821015 0.16075222490838281
leaf_weight=23 31 31 31 29 31 62 39 179 39 30 51 44 22 531 37 23 61 219 23 25 576 187 32 5067 26 30 205 40 168 108
leaf_count=23 31 31 31 29 31 62 39 179 39 30 51 44 22 531 37 23 61 219 23 25 576 187 32 5067 26 30 205 40 168 108
internal_value=-3.53683e-10 -0.000474796 0.000177012 -0.000402034 -0.0971923 0.000338046 0.0375616 0.00807844 0.155494 0.0654877 -0.00119297 0.00314392 -0.0310835 -0.023432 -0.0117284 -0.140192 -0.0703488 -0.0947562 0.00144784 0.0422757 0.0267237 -0.00302617 0.00223012 -0.00251063 -0.049334 -0.0360945 -0.0222805 -0.0346517 -0.0162864 0.0355211
internal_weight=8000 7969 7938 7907 60 7847 310 248 62 209 7537 6582 955 933 848 85 317 280 6531 645 601 5886 5286 5099 600 577 547 521 481 313
internal_count=8000 7969 7938 7907 60 7847 310 248 62 209 7537 6582 955 933 848 85 317 280 6531 645 601 5886 5286 5099 600 577 547 521 481 313
is_linear=0
shrinkage=0.05


Tree=178
num_leaves=31
num_cat=0
split_feature=3 3 3 5 3 4 0 0 4 2 0 2 5 0 1 0 5 4 4 0 2 2 0 4 2 2 3 3 0 0
split_gain=185.071 545.919 482.248 566.726 668.624 593.299 609.365 799.999 605.153 657.202 569.175 1746.04 561.562 543.693 805.628 854.74 735.466 1008.85 921.09 810.174 867.756 806.026 729.478 745.541 670.298 724.782 660.342 602.605 595.495 729.582
threshold=1584.1763794456463 1588.0190196268006 1494.4659893970108 18.500000000000004 1486.8994487929683 13.626591917163028 7440.2583333333323 7535.6583333333328 19.907389623558842 174.47883343122251 9105.7500000000036 199.87536355485503 11.500000000000002 2592.4916666666672 2460.5000000000005 3629.2499999999986 16.500000000000004 14.726919788818416 8.5148428098812428 7153.3499999999967 234.47918447503346 181.81615370261974 9105.7500000000036 11.651866481469925 192.29342722581157 218.85163809621653 1549.7705771908311 1531.9081409805156 5124.8416666666817 6352.766666666671
decision_type=2 2 2 2 2 2 2 2 2 2 2 2 2 2 2 2 2 2 2 2 2 2 2 2 2 2 2 2 2 2
left_child=2 -2 3 4 5 -1 8 -8 -7 -10 -5 -12 -6 -4 26 -16 18 -18 -17 20 21 -20 -21 -24 -23 -26 27 -15 -19 -30
right_child=1 -3 13 10 12 6 7 -9 9 -11 11 -13 -14 14 15 16 17 28 19 22 -22 24 23 -25 25 -27 -28 -29 29 -31
leaf_value=-0.0057057624267861859 0.15724362389695259 0.0071610825445944208 0.089692339950918479 -0.01773061241199813 0.26725100944650937 0.11522618941012928 -0.28559854565107307 0.017140978541522519 0.20549535596370699 -0.086531741194249626 0.083530236122220061 -0.35304511773342995 0.027672562602103924 -0.12004446892415065 0.26397353088855746 0.020205895247682931 0.23087890182550136 0.14957410541235233 -0.31372671686940728 -0.013564478094781658 -0.42983528825229611 0.1838197873397307 -0.40083363067220762 -0.057205388263652207 -0.19473959060483859 0.13114857253703205 0.021293149984035739 -0.37143436439335348 -0.29405464078485966 -0.010171179203160699
leaf_weight=1964 62 2666 88 807 47 353 23 426 25 84 43 49 51 59 25 250 52 51 45 273 29 22 27 38 76 22 39 40 25 239
leaf_count=1964 62 2666 88 807 47 353 23 426 25 84 43 49 51 59 25 250 52 51 45 273 29 22 27 38 76 22 39 40 25 239
internal_value=7.40794e-11 0.010572 -0.00547051 0.00362263 0.0141416 0.00976373 0.043114 0.00163316 0.0834276 -0.019553 -0.0311635 -0.148994 0.142572 -0.0306195 -0.0386892 -0.0252562 -0.0315492 0.0268439 -0.0589537 -0.0961527 -0.177597 -0.133264 -0.0494066 -0.199943 -0.0655909 -0.121581 -0.152968 -0.221616 -0.00683809 -0.0370541
internal_weight=8000 2728 5272 3872 2973 2875 911 449 462 109 899 92 98 1400 1312 1174 1149 367 782 532 194 165 338 65 120 98 138 99 315 264
internal_count=8000 2728 5272 3872 2973 2875 911 449 462 109 899 92 98 1400 1312 1174 1149 367 782 532 194 165 338 65 120 98 138 99 315 264
is_linear=0
shrinkage=0.05


Tree=179
num_leaves=31
num_cat=0
split_feature=2 4 0 4 4 4 5 2 3 3 4 4 4 4 0 4 3 3 0 4 5 3 5 5 0 0 1 0 0 0
split_gain=180.698 539.7 802.357 487.561 346.669 416.066 556.244 314.313 433.659 580.456 496.216 337.962 445.288 471.444 363.748 328.617 369.819 333.313 310.871 282.116 257.818 248.828 244.229 313.172 492.425 488.304 291.187 757.655 746.07 391.514
threshold=243.07831350556964 26.449799407788365 6535.341666666669 5.4386003020642208 23.175957648726065 18.007679694530861 22.500000000000004 276.09341225257418 1474.6829304088781 1438.0497141929388 15.319815977360948 15.967949775802206 10.965090669798416 8.7260499017433002 7102.9999999999973 12.566287317460231 1301.9253998720794 1380.809628694012 9959.8666666666631 34.223383060428084 20.500000000000004 1651.8272466884798 6.5000000000000009 5.5000000000000009 4623.1083333333481 7440.2583333333323 7306.0000000000009 7990.6166666666641 9347.8166666666712 9150.4333333333398
decision_type=2 2 2 2 2 2 2 2 2 2 2 2 2 2 2 2 2 2 2 2 2 2 2 2 2 2 2 2 2 2
left_child=18 3 -3 -2 5 6 7 8 9 10 15 12 13 -10 -14 16 -5 -18 22 -4 -7 -9 23 24 -1 -26 28 -28 29 -24
right_child=1 2 19 4 -6 20 -8 21 11 -11 -12 -13 14 -15 -16 -17 17 -19 -20 -21 -22 -23 26 -25 25 -27 27 -29 -30 -31
leaf_value=0.24728019953306235 0.19332291352398256 0.38293858969211581 0.15748167821894521 -0.10970890497839131 -0.16416857559834758 0.041562486917041896 -0.25129824060460798 -0.013502874564040791 -0.004643865538140138 0.24651060085743667 0.21789201579310677 -0.20751439504551167 0.17372141646014319 -0.21252761793136599 -0.041704663177302412 -0.20149706196784975 0.25518702358007433 -0.023907606336085695 -0.17487796361629782 -0.087573112299044936 0.21717419093483567 0.20636690941549118 -0.0035071944047325022 -0.071293050891442875 -0.18595221449931465 0.062522351433490886 0.32131162044547856 0.018117150262696669 -0.13877058673170534 0.09217208235635671
leaf_weight=21 34 25 23 37 31 57 23 22 60 30 22 33 36 50 43 25 20 23 26 24 33 31 5598 259 30 58 21 1095 101 109
leaf_count=21 34 25 23 37 31 57 23 22 60 30 22 33 36 50 43 25 20 23 26 24 33 31 5598 259 30 58 21 1095 101 109
internal_value=2.15131e-10 0.0246153 0.15408 0.00933418 -0.00152627 0.00772495 -0.0117049 0.00105126 -0.0148975 0.0487016 0.00197507 -0.0598753 -0.034097 -0.0991365 0.0564642 -0.0432647 0.00618295 0.105904 -0.00229402 0.0323473 0.105953 0.1151 -0.00167866 -0.0413703 0.0297304 -0.0221849 0.000430889 0.0238224 -0.00406376 -0.00167978
internal_weight=8000 682 72 610 576 545 455 432 379 157 127 222 189 110 79 105 80 43 7318 47 90 53 7292 368 109 88 6924 1116 5808 5707
internal_count=8000 682 72 610 576 545 455 432 379 157 127 222 189 110 79 105 80 43 7318 47 90 53 7292 368 109 88 6924 1116 5808 5707
is_linear=0
shrinkage=0.05


Tree=180
num_leaves=31
num_cat=0
split_feature=3 4 4 4 4 0 4 2 2 0 4 5 0 0 0 4 0 0 0 3 3 0 4 4 2 4 2 2 2 2
split_gain=176.159 408.177 451.005 687.079 505.368 707.984 438.587 416.948 883.814 604.153 318.453 847.972 296.949 439.629 343.866 290.778 318.954 415.342 400.121 283.883 271.469 262.176 249.657 436.587 249.105 232.32 627.949 605.498 239.005 624.292
threshold=1822.7811643038331 30.394624914726688 14.510387125961637 15.846286161209092 11.077233708717118 4392.9000000000133 12.566287317460231 237.89293922421032 256.74865074732423 8721.1499999999978 19.907389623558842 18.500000000000004 3754.0499999999984 8817.5083333333332 2541.0250000000005 38.669468913299042 6439.3500000000031 7423.7583333333323 3799.9166666666656 2034.7417920164355 1515.4082821778932 7587.1083333333327 8.5641975589959021 9.2268592503231073 191.38184895276189 35.589360512674659 194.37180244733483 211.69889222030619 236.71055585081817 234.47918447503346
decision_type=2 2 2 2 2 2 2 2 2 2 2 2 2 2 2 2 2 2 2 2 2 2 2 2 2 2 2 2 2 2
left_child=15 2 4 -4 12 -6 24 9 -9 10 -5 -12 14 19 -2 25 18 -18 -17 22 -19 -8 -14 -24 -7 28 -27 -28 29 -1
right_child=1 -3 3 7 5 6 21 8 -10 -11 11 -13 13 -15 -16 16 17 20 -20 -21 -22 -23 23 -25 -26 26 27 -29 -30 -31
leaf_value=-0.002946737156001464 -0.022639382453191848 0.19905901110032576 -0.25454196518112443 0.18445250885385389 0.36831558591127395 0.019013330861926081 -0.17958185301162302 -0.3498390426238378 0.03772985366614242 -0.16758708070825648 -0.22841596887870269 0.16996988421853854 -0.072789306712110299 0.133286920376122 0.25440894067287445 -0.043293796000736101 0.15698450076580051 -0.00089782950205680655 -0.32151016226077145 -0.15867450969293714 -0.21196363878250124 0.061210842602528064 0.24710858284961434 -0.042851199867094264 0.23605347875601207 -0.079057220470260925 0.35520412629401243 0.017142551621565454 0.024557086412111597 -0.12419505260574322
leaf_weight=6244 21 32 32 53 25 20 20 24 38 27 22 34 74 40 24 28 25 39 24 45 25 26 21 34 39 37 27 26 766 108
leaf_count=6244 21 32 32 53 25 20 20 24 38 27 22 34 74 40 24 28 25 39 24 45 25 26 21 34 39 37 27 26 766 108
internal_value=8.73362e-11 0.0249288 0.0159269 -0.0395773 0.0487443 0.129185 0.0722495 -0.00483559 -0.112297 0.0441541 0.0966037 0.0134612 0.0083685 -0.016182 0.12512 -0.00220828 -0.0733189 -0.015837 -0.171701 -0.0505427 -0.0833454 -0.0434816 -0.0128222 0.0678607 0.162481 -0.00081724 0.0790122 0.189363 -0.0018266 -0.00500826
internal_weight=8000 651 619 230 389 130 105 198 62 136 109 56 259 214 45 7349 141 89 52 174 64 46 129 55 59 7208 90 53 7118 6352
internal_count=8000 651 619 230 389 130 105 198 62 136 109 56 259 214 45 7349 141 89 52 174 64 46 129 55 59 7208 90 53 7118 6352
is_linear=0
shrinkage=0.05


Tree=181
num_leaves=31
num_cat=0
split_feature=0 1 0 0 1 0 0 0 0 0 0 0 1 0 0 0 1 5 5 0 0 0 0 3 4 5 1 4 0 0
split_gain=169.244 709.349 638.427 1102.79 890.17 688.963 767.533 1283.16 2810.88 593.838 493.599 481.597 435.881 371.609 3240.18 672.556 427.142 700.922 611.437 419.221 634.142 650.443 595.66 343.113 330.11 560.922 327.732 304.88 303.201 986.21
threshold=8089.3999999999951 6517.5000000000009 8138.4333333333288 8173.3416666666626 7306.0000000000009 8207.1583333333274 8223.0749999999935 8256.391666666661 8269.7166666666617 8189.0833333333294 8439.641666666661 8287.899999999996 7306.0000000000009 8362.0666666666602 8379.2333333333318 8333.1666666666624 7306.0000000000009 18.500000000000004 21.500000000000004 9325.6666666666733 8941.658333333331 8867.5666666666675 8991.225000000004 1344.0174896862243 11.193149347877727 10.500000000000002 7306.0000000000009 21.782147365819959 8867.5666666666675 8941.658333333331
decision_type=2 2 2 2 2 2 2 2 2 2 2 2 2 2 2 2 2 2 2 2 2 2 2 2 2 2 2 2 2 2
left_child=12 10 4 -4 -3 9 -7 -8 -9 -5 -2 -10 -1 15 -15 26 17 19 27 20 21 -16 -22 -14 25 -21 -13 -19 -18 -30
right_child=1 2 3 5 -6 6 7 8 11 -11 -12 13 23 14 16 -17 28 18 -20 24 22 -23 -24 -25 -26 -27 -28 -29 29 -31
leaf_value=0.0029877785047930879 -0.065137066268201524 -0.41617586016654973 0.26277412157505753 -0.019507071233931042 -0.0055753650764624281 0.28901211722531234 -0.27166335128767549 0.59417465806007386 0.23096937672658402 -0.4001970140635967 -0.28737639164818185 0.11071803837138064 -0.048898202925920488 0.61845925081343889 -0.012464448790206183 -0.25706736525520685 0.055488954429202299 -0.38314777059214461 -0.062488131728365065 -0.053366173803806309 0.29019695126584599 -0.25140857351943852 0.042198596199631032 0.17142812035588631 -0.017611325090682067 -0.40006128665059804 -0.11406623067394379 -0.13112281149341948 -0.22222407422959806 0.012439756812639646
leaf_weight=5491 232 22 40 21 33 23 43 20 22 20 28 34 24 21 259 40 316 28 109 28 28 32 179 67 54 20 31 21 48 666
leaf_count=5491 232 22 40 21 33 23 43 20 22 20 28 34 24 21 259 40 316 28 109 28 28 32 179 67 54 20 31 21 48 666
internal_value=3.71594e-11 -0.0110496 -0.00164953 0.00274854 -0.169816 -0.00229316 0.00182136 -0.00148298 0.00445657 -0.205209 -0.0890705 -0.00163556 0.00478646 -0.00430918 0.000998651 -0.0957556 -0.0062534 -0.0347411 -0.128436 -0.010068 0.00884678 -0.0387401 0.0757443 0.11332 -0.102417 -0.197822 0.00351323 -0.275137 0.0147113 -0.00333596
internal_weight=8000 2418 2158 2103 55 2063 2022 1999 1956 41 260 1936 5582 1914 1809 105 1788 758 158 600 498 291 207 91 102 48 65 49 1030 714
internal_count=8000 2418 2158 2103 55 2063 2022 1999 1956 41 260 1936 5582 1914 1809 105 1788 758 158 600 498 291 207 91 102 48 65 49 1030 714
is_linear=0
shrinkage=0.05


Tree=182
num_leaves=31
num_cat=0
split_feature=3 3 2 3 5 3 3 3 3 4 3 4 2 2 1 2 0 4 4 2 2 5 3 3 3 4 4 2 2 2
split_gain=166.518 587.974 388.319 383.761 446.907 365.987 358.483 847.908 478.527 381.624 487.154 708.427 452.847 408.106 450.808 427.961 418.595 393.989 396.905 350.009 405.564 356.279 341.814 317.98 556.154 479.155 448.125 418.436 370.259 441.635
threshold=1615.5828513711426 1618.4337489823185 136.12218445646346 1640.9278936787207 5.5000000000000009 1613.2905427454307 1651.8272466884798 1649.5017770604261 1660.6504548812161 5.0866478485084352 1698.3611290562501 23.736116094001158 201.89320699027576 181.81615370261974 2460.5000000000005 173.13264866235446 5178.3750000000155 7.4228696635827367 18.44782694552843 213.80304170243116 188.50411030116655 20.500000000000004 1629.7138913497849 1721.4369152154961 1710.5581824654453 18.841093400518201 35.589360512674659 150.6625317512316 276.09341225257418 249.83409790358195
decision_type=2 2 2 2 2 2 2 2 2 2 2 2 2 2 2 2 2 2 2 2 2 2 2 2 2 2 2 2 2 2
left_child=5 -2 -3 19 -5 -1 7 -6 -8 12 11 13 -10 15 -15 16 -11 -16 -19 20 21 -4 -22 24 25 -12 27 -25 29 -29
right_child=1 2 3 4 6 -7 8 -9 9 10 23 -13 -14 14 17 -17 -18 18 -20 -21 22 -23 -24 26 -26 -27 -28 28 -30 -31
leaf_value=-0.0036762247352085235 0.22756860611900206 -0.17345648860109264 -0.0071476835478097205 0.19194069245169243 -0.0067862549571545572 -0.17594682461311739 0.11850459272248877 -0.31330408344666166 -0.28650212287902832 0.19334530264721253 0.062326880055479705 -0.20952567432010386 0.0038823567587753824 -0.24811352909757545 0.18380597710609436 0.26718790802088649 -0.089256147952064102 -0.087098201647074561 0.11369585590902716 -0.029047102710375416 0.066113425695127057 0.22425641275587538 0.28188016378217279 0.18037832756817807 0.1711690578395608 -0.1720206570650997 0.17669440460832497 -0.00025401174666987096 0.13132589004781781 -0.12537949231551274
leaf_weight=5644 31 29 80 31 91 31 90 30 25 20 88 57 29 26 20 22 38 137 30 65 31 21 45 32 87 29 38 978 49 76
leaf_count=5644 31 29 80 31 91 31 90 30 25 20 88 57 29 26 20 22 38 137 30 65 31 21 45 32 87 29 38 978 49 76
internal_value=-3.71812e-11 0.0112701 0.00834714 0.0106749 0.00355657 -0.00461726 0.00062489 -0.0827824 0.00601895 0.000334666 0.00442733 -0.0482459 -0.130555 -0.0168707 -0.0530348 0.0794163 0.00819263 -0.0259115 -0.0510274 0.0701803 0.10662 0.040966 0.19387 0.0178156 0.0754308 0.00424074 0.00779556 0.0021408 -0.00303019 -0.00927634
internal_weight=8000 2325 2294 2265 2023 5675 1992 121 1871 1781 1727 350 54 293 213 80 58 187 167 242 177 101 76 1377 204 117 1173 1135 1103 1054
internal_count=8000 2325 2294 2265 2023 5675 1992 121 1871 1781 1727 350 54 293 213 80 58 187 167 242 177 101 76 1377 204 117 1173 1135 1103 1054
is_linear=0
shrinkage=0.05


Tree=183
num_leaves=31
num_cat=0
split_feature=4 2 2 2 4 0 1 4 0 0 2 3 4 4 4 5 2 0 5 2 3 2 5 2 2 4 4 0 3 2
split_gain=160.902 509.095 526.581 456.146 387.026 441.689 384.983 492.487 772.12 1134.07 755.038 519.387 418.629 1366.85 830.39 599.036 504.701 374.478 373.204 361.816 449.169 532.273 392.075 358.234 476.869 447.102 676.568 511.297 439.066 365.92
threshold=7.3048299605408724 201.89320699027576 200.69004041077184 203.90556816741034 10.965090669798416 9173.9250000000029 5887.5000000000009 9.5888386805706336 4761.9500000000189 4392.9000000000133 177.48590307884913 1509.5033019310811 8.7260499017433002 9.1043884646038578 9.359778074123982 12.500000000000002 167.06602292596807 9424.9083333333456 6.5000000000000009 212.49504542765789 1527.197293817427 190.7646024515077 8.5000000000000018 224.90319171870311 215.28083890700879 10.613479094125468 10.387133781889345 3330.0666666666671 1629.7138913497849 237.89293922421032
decision_type=2 2 2 2 2 2 2 2 2 2 2 2 2 2 2 2 2 2 2 2 2 2 2 2 2 2 2 2 2 2
left_child=1 2 -1 -3 5 6 7 8 9 12 11 -9 15 -14 -15 16 -2 -5 -10 20 22 -22 -18 24 25 26 27 -12 -29 -25
right_child=4 3 -4 17 -6 -7 -8 10 18 -11 23 -13 13 14 -16 -17 19 -19 -20 -21 21 -23 -24 29 -26 -27 -28 28 -30 -31
leaf_value=-0.0050963122704664483 -0.20512053065973782 0.22980287789421927 -0.25425765510987153 0.030898306434127415 0.0043394876818008644 -0.10154535439536438 0.011232243866426114 -0.39076215237379075 -0.24214330954211102 0.3188065988395144 0.17403854160081775 -0.10330824639761088 0.30979698410346396 -0.23241245176759551 0.17222335310209366 -0.23301211307125708 0.3840899831056595 0.22934742939472197 -0.04945196366127657 -0.076976113060587326 -0.19264022914692761 0.17214502017945052 0.078208612311970113 -0.26336030793540621 0.14826054444184175 0.075804359018802656 -0.345968668875487 -0.027978324558999804 -0.29297076307914477 -0.046024721653925051
leaf_weight=587 23 34 22 484 4992 161 770 30 28 34 21 33 42 32 21 31 20 25 245 38 20 20 22 34 37 50 23 54 22 45
leaf_count=587 23 34 22 484 4992 161 770 30 28 34 21 33 42 32 21 31 20 25 245 38 20 20 22 34 37 50 23 54 22 45
internal_value=1.70969e-10 0.0172887 -0.0140972 0.0524894 -0.00290838 -0.0224026 -0.0148852 -0.0366263 -0.00822762 0.0467216 -0.0834963 -0.240191 0.0123316 0.096747 -0.0720851 -0.0337572 0.00943791 0.0406453 -0.0692152 0.0505616 0.109664 -0.0102476 0.223866 -0.0489796 -0.0144097 -0.0498143 -0.102155 -0.0443441 -0.104687 -0.139562
internal_weight=8000 1152 609 543 6848 1856 1695 925 576 303 349 63 269 95 53 174 143 509 273 120 82 40 42 286 207 170 120 97 76 79
internal_count=8000 1152 609 543 6848 1856 1695 925 576 303 349 63 269 95 53 174 143 509 273 120 82 40 42 286 207 170 120 97 76 79
is_linear=0
shrinkage=0.05


Tree=184
num_leaves=31
num_cat=0
split_feature=0 0 1 0 0 0 1 3 1 0 0 0 0 0 1 0 0 0 0 0 3 1 0 0 0 1 4 2 0 2
split_gain=158.923 1124.84 1465.54 453.597 844.543 453.198 645.897 437.409 428.341 611.225 528.569 392.061 1188.03 1072.01 807.49 745.29 1768.73 1683.8 642.431 578.188 378.865 377.838 1010.05 963.767 1527.17 1425.57 647.734 584.127 711.422 572.489
threshold=7440.2583333333323 7489.3916666666692 6517.5000000000009 7587.1083333333327 7603.7666666666655 7635.3916666666673 6517.5000000000009 1525.8816454716768 7306.0000000000009 9474.6416666666792 7990.6166666666641 7153.3499999999967 7177.566666666663 7132.0916666666644 5887.5000000000009 7079.4833333333308 7102.9999999999973 7021.0666666666648 7052.5833333333312 7423.7583333333323 1213.6083189749781 4564.0000000000009 5333.5083333333487 6325.6833333333361 6381.7833333333365 5887.5000000000009 9.359778074123982 171.38895448721226 6098.7166666666681 194.37180244733483
decision_type=2 2 2 2 2 2 2 2 2 2 2 2 2 2 2 2 2 2 2 2 2 2 2 2 2 2 2 2 2 2
left_child=11 2 7 -3 -5 6 -6 -2 9 -7 -10 13 -13 15 -14 17 -17 21 -19 -16 -12 22 -1 27 25 -25 -24 -23 -29 -30
right_child=1 3 -4 4 5 8 -8 -9 10 -11 20 12 14 -15 19 16 -18 18 -20 -21 -22 23 26 24 -26 -27 -28 28 29 -31
leaf_value=0.0016103787671454485 -0.45296456940910396 0.072935858554637398 0.064964424093832837 -0.26701782188348233 0.26174443521209667 -0.018338358494138368 -0.067240861773490909 -0.16683878776702016 0.24758227740724884 -0.25779966193216819 -0.087007987774584614 0.34673478317199624 -0.053512069887209759 -0.28631623066030443 0.068004097918368464 0.4363330070540542 -0.089371026809385523 -0.4112783158197999 -0.094450536556541925 0.34675102454743217 0.018306669673360025 0.33512382869919144 0.056468411922454831 -0.4699789404388397 0.026957068938001896 0.0022102620565530025 -0.23893660747756562 0.32388621095035758 -0.098473614454269415 0.12077239517291838
leaf_weight=2528 34 186 37 31 37 2046 25 22 24 27 92 32 161 32 163 32 32 32 32 21 1190 30 25 31 832 33 72 28 45 88
leaf_count=2528 34 186 37 31 37 2046 25 22 24 27 92 32 161 32 163 32 32 32 32 21 1190 30 25 31 832 33 72 28 45 88
internal_value=1.17147e-10 -0.00750046 -0.179221 -0.00313468 -0.00720989 -0.00486927 0.129089 -0.340558 -0.00732723 -0.0214572 0.0151012 0.00662137 0.0552958 0.00188216 0.0282638 0.00428381 0.173481 0.00141606 -0.252864 0.0998176 0.010749 0.00580021 -0.00446502 0.0305898 0.00885254 -0.226506 -0.162801 0.132561 0.0948166 0.0465914
internal_weight=8000 3751 93 3658 3472 3441 62 56 3379 2073 1306 4249 377 3872 345 3840 64 3776 64 184 1282 3712 2625 1087 896 64 97 191 161 133
internal_count=8000 3751 93 3658 3472 3441 62 56 3379 2073 1306 4249 377 3872 345 3840 64 3776 64 184 1282 3712 2625 1087 896 64 97 191 161 133
is_linear=0
shrinkage=0.05


Tree=185
num_leaves=31
num_cat=0
split_feature=5 5 4 3 2 2 2 4 3 3 3 0 0 3 2 3 3 3 1 4 0 4 2 2 2 0 3 2 3 3
split_gain=158.988 360.239 469.183 356.575 380.355 258.476 329.944 340.357 251.292 340.927 283.727 533.264 449.69 435.967 422.837 353.077 423.704 309.482 846.108 310.723 307.027 267.183 530.063 627.862 599.954 713.808 488.854 472.967 379.075 343.694
threshold=6.5000000000000009 5.5000000000000009 5.543511311351244 1816.0282371524202 197.43365323654322 191.72643752835884 180.73591296435268 6.2757611169626779 2269.7030541227764 2227.6919926964697 1816.0282371524202 3930.1583333333338 9527.6166666666813 2107.4710239468436 217.76168394787899 2107.4710239468436 1957.8134568867961 1792.7438367862303 5887.5000000000009 13.218482506908311 9959.8666666666631 7.2310633768218109 201.89320699027576 199.87536355485503 224.43775429130051 6153.1166666666677 1625.2167349657268 215.6370778437512 1402.119725785486 1431.6675472134107
decision_type=2 2 2 2 2 2 2 2 2 2 2 2 2 2 2 2 2 2 2 2 2 2 2 2 2 2 2 2 2 2
left_child=1 2 -1 4 5 6 -3 -8 9 10 17 15 13 -13 -15 16 -12 20 19 -19 21 22 23 -2 25 27 29 28 -24 -27
right_child=8 3 -4 -5 -6 -7 7 -9 -10 -11 11 12 -14 14 -16 -17 -18 18 -20 -21 -22 -23 24 -25 -26 26 -28 -29 -30 -31
leaf_value=0.12963859696886434 0.0055952218194286543 -0.14923806987702845 -0.068422573087392025 -0.25065982108530788 0.013844818029919584 -0.26366385844620793 0.17537842875435239 -0.1128287048637867 0.14851787670932967 -0.16442132462416925 0.15345974018176398 0.019619046370783211 0.22738774859386945 -0.306429561263039 -0.025524116448453954 0.29406143105947058 -0.089817993283271794 -0.38417944989421149 0.057295995593691862 -0.11529235082368057 -0.17138697459147528 -0.0027513968024655742 -0.0077884000726044181 -0.25298410129547116 0.00014450486844322486 0.10507270588229101 0.25987683733304345 0.42005256028087051 0.277221139307533 -0.080465571926190305
leaf_weight=67 385 60 54 23 132 22 21 20 29 31 63 393 23 21 37 26 25 22 45 21 26 6073 20 25 157 48 24 27 28 52
leaf_count=67 385 60 54 23 132 22 21 20 29 31 63 393 23 21 37 26 25 22 45 21 26 6073 20 25 157 48 24 27 28 52
internal_value=6.26329e-11 -0.0307649 0.0412477 -0.0621085 -0.045102 -0.108362 -0.0745338 0.0347896 0.00161495 0.00105232 0.00173256 0.0350832 0.0117316 0.000733641 -0.127231 0.132176 0.0843467 -0.00108783 -0.0942587 -0.252862 0.000106499 0.00075847 0.0285854 -0.0101718 0.0732215 0.130875 0.0572284 0.252638 0.158467 0.0085928
internal_weight=8000 399 121 278 255 123 101 41 7601 7572 7541 588 474 451 58 114 88 6953 88 43 6865 6839 766 410 356 199 124 75 48 100
internal_count=8000 399 121 278 255 123 101 41 7601 7572 7541 588 474 451 58 114 88 6953 88 43 6865 6839 766 410 356 199 124 75 48 100
is_linear=0
shrinkage=0.05


Tree=186
num_leaves=31
num_cat=0
split_feature=1 0 0 2 4 3 5 3 3 0 0 3 2 2 2 5 4 3 2 0 3 3 3 4 5 4 4 2 4 4
split_gain=148.32 992.279 990.301 698.089 634.399 686.589 599.739 540.474 907.829 1154.9 725.497 576.943 565.436 695.761 1520.81 1237.96 1007.26 642.262 1212.76 635.464 561.104 669.483 545.79 601.45 540.041 645.499 537.002 529.133 512.339 677.111
threshold=2460.5000000000005 3462.3250000000003 3377.7833333333342 159.5816485490592 12.26831205100544 1474.6829304088781 25.500000000000004 1421.9929765580284 1329.1742804620656 2187.9250000000006 2101.3583333333349 1346.5190705350913 174.47883343122251 186.0274854893002 194.06843407976604 17.500000000000004 6.7969669431918716 1519.7998540744554 190.17077202861665 2491.8500000000008 1545.9507355720573 1698.3611290562501 1402.119725785486 11.193149347877727 22.500000000000004 23.736116094001158 19.081099274205084 221.83603632343423 16.822650942137987 12.658211326763125
decision_type=2 2 2 2 2 2 2 2 2 2 2 2 2 2 2 2 2 2 2 2 2 2 2 2 2 2 2 2 2 2
left_child=2 -2 3 4 -1 -6 27 8 9 -5 -10 -12 20 15 17 -14 19 -15 -19 -16 -9 -22 23 -13 26 -26 28 -4 29 -18
right_child=1 -3 6 7 5 -7 -8 12 10 -11 11 22 13 14 16 -17 24 18 -20 -21 21 -23 -24 -25 25 -27 -28 -29 -30 -31
leaf_value=-0.26435683281269184 0.34615797812030435 0.0019199234091357262 -0.15858647319764349 0.24325554668903351 0.18982151697079341 -0.18458289164304734 0.16418133020401002 0.015217949822545053 -0.38229836523532867 -0.041733713496506702 -0.32027427777647977 -0.14526013744374117 -0.20376712971214039 0.48765520859848377 0.01749725915491581 0.24449347406625749 -0.049632513221791567 -0.10575966524041219 0.3804190584297838 0.38934707807170021 0.46842766242722678 0.076734934896230705 -0.23135965388754143 0.1713494872301817 -0.37392196995871413 -0.035729415090971217 0.16463342150863336 0.014199512881602636 -0.19999920436830232 0.14974092282354831
leaf_weight=43 21 6679 199 50 24 25 20 32 24 123 20 24 67 22 20 20 136 23 29 27 24 20 23 40 21 43 49 57 33 62
leaf_count=43 21 6679 199 50 24 25 20 32 24 123 20 24 67 22 20 20 136 23 29 27 24 20 23 40 21 43 49 57 33 62
internal_value=-1.83045e-10 0.00299888 -0.0154558 0.00720041 -0.124198 -0.00120114 -0.0995134 0.0201711 -0.0345548 0.0406331 -0.133849 -0.0781217 0.0466625 0.0290582 0.0533391 -0.100719 0.0140015 0.26119 0.165378 0.231113 0.174525 0.290386 -0.0224544 0.0526209 -0.0156621 -0.146699 0.0142892 -0.120115 -0.017602 0.0127976
internal_weight=8000 6700 1300 1024 92 49 276 932 304 173 131 107 628 552 465 87 391 74 52 47 76 44 87 64 344 64 280 256 231 198
internal_count=8000 6700 1300 1024 92 49 276 932 304 173 131 107 628 552 465 87 391 74 52 47 76 44 87 64 344 64 280 256 231 198
is_linear=0
shrinkage=0.05


Tree=187
num_leaves=31
num_cat=0
split_feature=0 1 0 0 1 0 1 0 0 1 0 1 0 0 0 1 0 0 0 0 3 2 3 2 0 0 3 2 0 0
split_gain=145.998 637.96 577.126 996.019 796.994 436.145 385.004 771.409 729.62 3698.79 741.905 516.97 458.606 773.955 865.683 2193.73 1136.6 466.817 1364.63 465.751 452.016 638.384 627.761 444.887 524.098 417.25 375.728 369.416 355.69 1150.72
threshold=8089.3999999999951 6517.5000000000009 8138.4333333333288 8155.8666666666631 7306.0000000000009 8439.641666666661 5887.5000000000009 7952.9249999999965 8039.5166666666673 6517.5000000000009 6352.766666666671 7306.0000000000009 8017.3166666666648 7906.6166666666659 7699.6166666666677 6517.5000000000009 7775.8333333333367 7079.4833333333308 6998.2666666666655 7275.2083333333312 1410.7736692888382 210.03363936655074 1341.0644023679779 185.03549433202352 7587.1083333333327 7855.2416666666659 1247.7387130894851 181.10897055411735 7617.7833333333328 7348.8416666666635
decision_type=2 2 2 2 2 2 2 2 2 2 2 2 2 2 2 2 2 2 2 2 2 2 2 2 2 2 2 2 2 2
left_child=6 5 4 -4 -3 -2 7 28 10 -10 -8 -11 13 14 17 16 -16 18 -12 -19 22 27 -15 24 -21 -18 -25 -22 29 -1
right_child=1 2 3 -5 -6 -7 8 -9 9 11 12 -13 -14 20 15 -17 25 19 -20 23 21 -23 -24 26 -26 -27 -28 -29 -30 -31
leaf_value=0.0016255169052432361 -0.061756122774637212 -0.39434746259992776 0.35400040857493881 -0.00053839222261732676 -0.0058300695636055687 -0.27066129672208 0.26706823871053498 -0.15396422474600732 0.6415087329223752 -0.18425182410036073 0.01686326296022737 0.095621094310825522 -0.13871068705101403 0.093049845896488015 -0.38904755626073378 0.066951708712132421 -0.017553041008385745 0.14078303747081644 -0.26250694956706494 0.17306648784891723 0.12328234178864438 0.22562070453868197 0.39726653375795912 -0.17029199143250784 -0.031424008373250351 -0.25466153089489257 0.015767402183526839 -0.12304467947946654 0.06169026519323504 -0.13391569559803096
leaf_weight=3466 232 22 20 2083 33 28 29 84 28 33 405 33 49 43 56 137 55 123 49 94 23 34 28 30 47 28 284 45 215 164
leaf_count=3466 232 22 20 2083 33 28 29 84 28 33 405 33 49 43 56 137 55 123 49 94 23 34 28 30 47 28 284 45 215 164
internal_value=2.69603e-10 -0.0102628 -0.00134824 0.00283335 -0.161237 -0.0842536 0.00444562 -0.0040717 0.0246904 0.159973 0.0165335 -0.0443154 0.0117848 0.0167641 0.00361879 -0.075037 -0.214983 0.0246546 -0.013289 0.0544582 0.116151 0.0487214 0.213023 0.031122 0.104903 -0.0975414 -0.00200897 -0.0397282 -0.000797068 -0.00449811
internal_weight=8000 2418 2158 2103 55 260 5582 3929 1653 94 1559 66 1530 1481 1308 276 139 1032 454 578 173 102 71 455 141 83 314 68 3845 3630
internal_count=8000 2418 2158 2103 55 260 5582 3929 1653 94 1559 66 1530 1481 1308 276 139 1032 454 578 173 102 71 455 141 83 314 68 3845 3630
is_linear=0
shrinkage=0.05


Tree=188
num_leaves=31
num_cat=0
split_feature=3 3 3 5 3 2 5 4 0 0 4 2 0 2 5 0 3 3 0 5 0 3 3 3 3 3 3 4 2 2
split_gain=145.855 495.888 418.283 504.956 589.252 520.561 793.19 516.374 523.368 693.718 535.344 594.195 497.643 1570.75 514.458 639.903 538.185 478.189 470.687 618.213 548.931 498.851 620.271 461.36 456.106 781.793 601.121 562.035 545.397 573.495
threshold=1584.1763794456463 1588.0190196268006 1494.4659893970108 18.500000000000004 1486.8994487929683 223.70134978460268 11.500000000000002 13.626591917163028 7440.2583333333323 7535.6583333333328 19.907389623558842 174.47883343122251 9105.7500000000036 199.87536355485503 24.500000000000004 2741.0583333333348 1132.3092828034999 1375.9624490699432 2641.8916666666687 8.5000000000000018 2788.7583333333355 1439.9108083722376 1380.809628694012 1346.5190705350913 1364.1593454090209 1338.5713926340702 1319.4023635194781 15.471153318874192 180.73591296435268 226.63638065928146
decision_type=2 2 2 2 2 2 2 2 2 2 2 2 2 2 2 2 2 2 2 2 2 2 2 2 2 2 2 2 2 2
left_child=2 -2 3 4 7 6 -6 18 10 -10 24 -12 14 23 16 -16 -5 -15 19 -1 -20 22 -21 -14 25 26 -9 -26 -29 -30
right_child=1 -3 -4 12 5 -7 -8 8 9 -11 11 -13 13 17 15 -17 -18 -19 20 21 -22 -23 -24 -25 27 -27 -28 28 29 -31
leaf_value=0.068275981094386137 0.14917467630678607 0.0061344432159846085 -0.028278305360195061 0.19975709084421397 0.24128040527658806 0.33645842932164671 -0.086594423231406092 0.057015702035952957 -0.26537030183750654 0.016543220562047104 0.1950354723930359 -0.082640445498483525 0.24115474196997555 -0.48597931051254273 -0.18025700037970263 0.047305562525723106 -0.06578987107833803 -0.17352101361999911 0.2098421717843702 -0.1347677618265152 -0.0023491353752456562 0.03225248342468625 -0.47034010092417405 -0.086489960693177728 0.04368478238427391 -0.20677103495597837 0.35032449781894687 0.41999458098976777 0.083528196683217745 0.37858068392328592
leaf_weight=37 62 2666 1400 20 35 24 39 138 23 426 25 84 22 25 34 338 415 24 31 40 1814 21 21 21 60 25 20 29 58 23
leaf_count=37 62 2666 1400 20 35 24 39 138 23 426 25 84 22 25 34 338 415 24 31 40 1814 21 21 21 60 25 20 29 58 23
internal_value=5.43667e-11 0.00938536 -0.00485646 0.00361218 0.0135413 0.134109 0.0684815 0.00943156 0.0405448 0.00210222 0.0779056 -0.0189533 -0.0292236 -0.139401 -0.0166631 0.0265068 -0.0535808 -0.332939 -0.00500029 -0.101381 0.00121614 -0.177934 -0.250293 0.0811422 0.107814 0.0530349 0.0941434 0.166782 0.233926 0.167309
internal_weight=8000 2728 5272 3872 2973 98 74 2875 911 449 462 109 899 92 807 372 435 49 1964 119 1845 82 61 43 353 183 158 170 110 81
internal_count=8000 2728 5272 3872 2973 98 74 2875 911 449 462 109 899 92 807 372 435 49 1964 119 1845 82 61 43 353 183 158 170 110 81
is_linear=0
shrinkage=0.05


Tree=189
num_leaves=31
num_cat=0
split_feature=5 5 4 3 2 2 2 4 3 3 3 3 3 0 4 5 0 2 2 2 4 4 4 3 2 3 3 0 0 3
split_gain=145.643 319.726 419.745 323.069 342.065 233.461 300.91 299.894 217.177 302.35 264.059 210.023 463.394 457.095 241.924 202.073 402.162 501.352 324.353 319.797 256.434 241.155 384.134 379.747 289.203 234.776 652.523 274.816 592.048 227.235
threshold=6.5000000000000009 5.5000000000000009 5.543511311351244 1816.0282371524202 197.43365323654322 191.72643752835884 180.73591296435268 6.2757611169626779 2269.7030541227764 2227.6919926964697 2166.7528950174224 1350.5394109829763 1439.9108083722376 4477.5166666666782 5.7168402191733909 7.5000000000000009 2641.8916666666687 181.10897055411735 188.92523509189871 192.68095192209844 4.6101952783309761 5.0866478485084352 9.6478497715908258 1380.809628694012 168.86889598498723 1301.9253998720794 1408.6028552327359 6248.4500000000025 3754.0499999999984 1553.6411989546702
decision_type=2 2 2 2 2 2 2 2 2 2 2 2 2 2 2 2 2 2 2 2 2 2 2 2 2 2 2 2 2 2
left_child=1 2 -1 4 5 6 -3 -8 9 10 15 -6 -13 -14 -15 16 -2 21 -19 -20 -17 -18 23 -23 -25 -21 -27 28 -28 -29
right_child=8 3 -4 -5 11 -7 7 -9 -10 -11 -12 12 13 14 -16 20 17 18 19 25 -22 22 -24 24 -26 26 27 29 -30 -31
leaf_value=0.1220016042243189 0.21426478395688126 -0.14196981344682477 -0.065334321530880757 -0.23844807821771374 0.1269552118355228 -0.25037317276000975 0.16574236637070067 -0.10479140467941761 0.13811320955383366 -0.15480829140832347 0.1497084575891495 -0.20372443279394736 0.22116941759983699 -0.1684740331812381 0.051405035652990996 -0.14216011245734991 -0.22440357372164726 0.21565468660716355 -0.13452966064214708 -0.059908688440918928 -0.00029833320734698449 -0.1530732373893261 -0.19293780470335928 0.20997243241540026 -0.038969513587653638 0.25349999048880173 -0.059855570972127764 -0.1038708515638529 0.28535798553515368 0.047806117773569863
leaf_weight=67 29 60 54 23 31 22 21 20 29 31 30 26 24 22 29 32 20 29 24 36 7053 20 27 28 20 42 23 43 27 58
leaf_count=67 29 60 54 23 31 22 21 20 29 31 30 26 24 22 29 32 20 29 24 36 7053 20 27 28 20 42 23 43 27 58
internal_value=-9.99211e-11 -0.0294454 0.0383971 -0.058974 -0.0427862 -0.102778 -0.070628 0.0337747 0.00154568 0.00102264 0.00166324 0.0131148 -0.0218263 0.0412318 -0.0434448 0.00107193 0.0345176 0.0213875 0.057269 0.0391141 -0.000939064 -0.0666002 -0.0333784 0.0299761 0.106247 0.0573126 0.0791777 0.0306907 0.12656 -0.0167692
internal_weight=8000 399 121 278 255 123 101 41 7601 7572 7541 132 101 75 51 7511 426 397 282 253 7085 115 95 68 48 229 193 151 50 101
internal_count=8000 399 121 278 255 123 101 41 7601 7572 7541 132 101 75 51 7511 426 397 282 253 7085 115 95 68 48 229 193 151 50 101
is_linear=0
shrinkage=0.05


Tree=190
num_leaves=31
num_cat=0
split_feature=1 0 0 2 3 0 2 2 4 0 3 3 2 1 0 0 5 0 3 3 5 3 2 2 0 5 3 2 3 3
split_gain=140.387 920.778 899.06 601.877 550.557 497.433 565.376 650.022 486.09 480.656 733.436 725.74 829.924 536.777 1194.58 1298.46 859.223 650.424 618.604 771.441 981.497 716.961 534.179 520.336 636.653 518.446 760.948 477.558 707.487 646.121
threshold=2460.5000000000005 3680.6416666666655 3462.3250000000003 159.5816485490592 1474.6829304088781 3180.0083333333337 239.23125050086125 176.82159266165934 12.658211326763125 4526.1583333333447 1190.3443523589506 1392.3594007416546 226.27126180477848 4564.0000000000009 6325.6833333333361 6352.766666666671 6.5000000000000009 5421.6583333333447 1782.7125310765393 1322.3476595347154 7.5000000000000009 1357.9306069367974 161.93228377318505 171.38895448721226 6098.7166666666681 8.5000000000000018 1634.6595512789206 218.09684117376159 1743.3986382069504 1792.7438367862303
decision_type=2 2 2 2 2 2 2 2 2 2 2 2 2 2 2 2 2 2 2 2 2 2 2 2 2 2 2 2 2 2
left_child=1 3 -2 4 8 -5 7 -7 -1 10 -4 12 -12 16 23 -16 -11 18 19 -18 -21 -22 -23 -15 -25 -26 -27 29 -29 -13
right_child=2 -3 9 5 -6 6 -8 -9 -10 13 11 27 -14 14 15 -17 17 -19 -20 20 21 22 -24 24 25 26 -28 28 -30 -31
leaf_value=-0.18667905986309052 0.32956026118426096 -0.17413102605982739 0.23646186874972452 0.026837271422839138 -0.22751281708478929 0.13600864736363291 0.13935877090586085 -0.10483453949292501 0.1337355389677245 -0.34694714235222857 -0.014958317044301559 0.047316024507593979 -0.32702167870906684 0.3163436872729411 -0.31967978233005856 -0.00019229032522337136 -0.13500068750820662 -0.26217900027831392 -0.19094314408302307 0.30352392885191692 0.26636215448379519 0.18978505607951304 -0.034065406450203492 0.30623572943732147 0.27856663554906846 -0.070315170894528545 0.23395235081789673 0.074734653670370119 0.33779226711485538 -0.16869907999748532
leaf_weight=20 21 85 45 819 55 32 35 225 29 23 118 308 26 30 32 5152 95 30 50 29 24 29 329 28 20 86 27 127 32 39
leaf_count=20 21 85 45 819 55 32 35 225 29 23 118 308 26 30 32 5152 95 30 50 29 24 29 329 28 20 86 27 127 32 39
internal_value=1.10633e-10 -0.0150368 0.00291758 -0.00390672 -0.118927 0.00686029 -0.049171 -0.0748463 0.00295407 0.00189056 0.0412487 0.027734 -0.0713031 -0.00268062 0.00236008 -0.00216444 -0.0471695 -0.0354035 -0.0231674 -0.0065888 0.0230928 0.00180351 -0.0159323 0.125162 0.0895375 0.0439169 0.00238592 0.0559184 0.127677 0.0230377
internal_weight=8000 1300 6700 1215 104 1111 292 257 49 6679 695 650 144 5984 5375 5184 609 586 556 506 411 382 358 191 161 133 113 506 159 347
internal_count=8000 1300 6700 1215 104 1111 292 257 49 6679 695 650 144 5984 5375 5184 609 586 556 506 411 382 358 191 161 133 113 506 159 347
is_linear=0
shrinkage=0.05


Tree=191
num_leaves=31
num_cat=0
split_feature=3 4 4 5 0 4 4 4 0 3 0 0 0 3 4 0 0 0 4 3 4 4 3 5 0 2 2 4 3 1
split_gain=140.686 329.584 427.627 490.763 487.277 377.714 704.773 555.072 500.2 292.063 264.876 300.899 261.789 256.811 256.513 293.026 358.183 344.023 245.353 237.935 235.243 340.374 228.393 239.837 213.481 417.2 814.888 1032.32 420.806 379.632
threshold=1822.7811643038331 30.394624914726688 21.553496363988533 18.500000000000004 9527.6166666666813 17.815527385151587 13.711651689743544 11.077233708717118 4477.5166666666782 1937.0146770666013 3754.0499999999984 2686.9083333333351 4288.0000000000082 1981.8890080444592 38.669468913299042 6439.3500000000031 3799.9166666666656 7423.7583333333323 19.660218848053233 1515.4082821778932 9.2268592503231073 7.3048299605408724 1876.6757902031568 14.500000000000002 9730.8000000000065 226.99639690560181 199.47968383111183 18.007679694530861 1496.2296914516266 7306.0000000000009
decision_type=2 2 2 2 2 2 2 2 2 2 2 2 2 2 2 2 2 2 2 2 2 2 2 2 2 2 2 2 2 2
left_child=14 2 4 -4 5 6 7 10 -9 -5 11 -2 -8 -12 24 16 -16 -17 -7 -19 21 -15 -14 -24 29 26 27 28 -26 -1
right_child=1 -3 3 9 -6 18 12 8 -10 -11 13 -13 22 20 15 17 -18 19 -20 -21 -22 -23 23 -25 25 -27 -28 -29 -30 -31
leaf_value=-0.0040895807434707049 -0.01662329746329266 0.17874851748347284 -0.26762932080913476 0.13900819349856605 0.26609902381896972 0.21530040635874401 -0.23942017954375064 0.36295349277555944 0.082673146547033241 -0.10411333074172338 0.020633395539787342 0.2420261621983214 -0.19350039427695068 -0.15457512730801548 -0.041569897159934047 0.14361851501464845 -0.30480256757388513 0.0020809854452426618 0.011096601560711862 -0.19551899075508117 -0.207366461486652 0.09888965390049495 -0.094384510605596009 0.1172911673784256 0.030029139604419469 0.089366890490055084 -0.29019029018206471 0.23559150482927049 -0.23410175105458811 0.029032577653738234
leaf_weight=6030 23 32 27 21 21 38 28 20 78 30 127 22 23 27 28 25 24 39 24 25 29 26 32 23 25 38 39 28 38 1010
leaf_count=6030 23 32 27 21 21 38 28 20 78 30 127 22 23 27 28 25 24 39 24 25 29 26 32 23 25 38 39 28 38 1010
internal_value=2.63513e-11 0.0222779 0.0141889 -0.0952592 0.0299689 0.0204329 0.00475404 0.0387904 0.139873 -0.00400447 -0.000210015 0.109828 -0.108272 -0.0239023 -0.00197345 -0.0687629 -0.163062 -0.0136669 0.136254 -0.0751065 -0.0928784 -0.0302339 -0.0611938 -0.00586559 -0.000666943 -0.0563694 -0.0989692 -0.0170173 -0.129288 0.00066232
internal_weight=8000 651 619 78 541 520 458 352 98 51 254 45 106 209 7349 141 52 89 62 64 82 53 78 55 7208 168 130 91 63 7040
internal_count=8000 651 619 78 541 520 458 352 98 51 254 45 106 209 7349 141 52 89 62 64 82 53 78 55 7208 168 130 91 63 7040
is_linear=0
shrinkage=0.05


Tree=192
num_leaves=31
num_cat=0
split_feature=0 0 0 1 0 0 0 0 0 0 0 0 0 0 1 1 0 0 0 0 0 4 3 2 0 0 0 0 0 0
split_gain=137.921 1479.06 802.973 540.276 385.906 2333.55 2064.67 2160.07 2683.54 1628.23 1374.92 862.617 507.504 471.057 429.797 307.188 1369.41 679.8 411.71 936.258 1021.65 462.939 484.242 399.022 368.62 3545.81 1608.75 1234.3 4075.99 2079.34
threshold=8467.6249999999945 8504.9249999999865 8578.0833333333267 7306.0000000000009 8941.658333333331 8991.225000000004 8892.4083333333347 8841.4500000000007 8867.5666666666675 8791.8083333333325 8767.0250000000033 8967.4583333333303 8918.7166666666653 8817.5083333333332 7306.0000000000009 5887.5000000000009 8052.9916666666641 6352.766666666671 7825.3916666666673 7617.7833333333328 7348.8416666666635 8.9935522727558226 1677.1681143399649 206.61975441253409 6558.4083333333356 6691.083333333333 6608.4416666666684 6467.1916666666702 6439.3500000000031 6325.6833333333361
decision_type=2 2 2 2 2 2 2 2 2 2 2 2 2 2 2 2 2 2 2 2 2 2 2 2 2 2 2 2 2 2
left_child=15 3 -3 -2 6 11 7 9 -9 10 14 -6 -8 -11 -4 16 18 -17 19 20 24 -22 -23 -21 27 26 -26 28 29 -1
right_child=1 2 4 -5 5 -7 12 8 -10 13 -12 -13 -14 -15 -16 17 -18 -19 -20 23 21 22 -24 -25 25 -27 -28 -29 -30 -31
leaf_value=0.00074698114177705686 -0.39532061289064591 0.13907328743127087 -0.11234799201971268 -0.099969886462398183 0.11555031765132183 -0.014136844823940099 -0.46188309884840439 0.59153085644206693 -0.06636659887529188 -0.42784328828415563 0.30719420832972372 0.48855407257233896 -0.17577918421837591 -0.15220413361826252 0.01930175670236349 0.25811676701595049 -0.34753401438737741 0.014554354681009116 -0.087815402589575223 0.20392590716674733 -0.26955455694170227 -0.13523147736604399 0.093580880594034244 0.032728295834338082 0.056335151793830321 -0.018702661704558594 0.49945447030994627 -0.22994746509939434 0.71049170196056366 -0.28318418680944224
leaf_weight=2804 32 93 123 30 31 992 31 31 31 31 31 31 31 31 125 29 29 2363 137 77 42 91 31 61 33 429 54 60 20 66
leaf_count=2804 32 93 123 30 31 992 31 31 31 31 31 31 31 31 125 29 29 2363 137 77 42 91 31 61 33 429 54 60 20 66
internal_value=4.01815e-11 -0.0127623 -0.00354508 -0.252409 -0.0122768 0.00446251 -0.0502193 -0.00889439 0.262582 -0.0582538 -0.00674933 0.302052 -0.318831 -0.290024 -0.0459923 0.00337718 -0.00521436 0.0175072 -0.00267217 0.000423539 -0.00443604 -0.12638 -0.0770906 0.128252 0.00133397 0.040322 0.331375 -0.00548564 -0.000825532 -0.00578245
internal_weight=8000 1674 1612 62 1519 1054 465 403 62 341 279 62 62 62 248 6326 3934 2392 3905 3768 3630 164 122 138 3466 516 87 2950 2890 2870
internal_count=8000 1674 1612 62 1519 1054 465 403 62 341 279 62 62 62 248 6326 3934 2392 3905 3768 3630 164 122 138 3466 516 87 2950 2890 2870
is_linear=0
shrinkage=0.05


Tree=193
num_leaves=31
num_cat=0
split_feature=0 1 0 0 2 0 2 2 3 2 5 2 3 2 3 2 3 2 3 2 5 5 2 2 4 5 2 2 5 4
split_gain=133.99 169.469 843.153 806.875 537.387 603.069 519.136 469.559 469.859 1275.81 810.003 1292.57 796.819 746.27 680.057 643.748 613.787 711.557 571.417 468.067 501.228 812.849 467.453 797.158 450.243 412.364 564.752 866.161 1039.15 601.176
threshold=1827.0166666666669 2460.5000000000005 3777.6666666666647 3580.4416666666662 159.5816485490592 3225.9166666666674 227.97776161087373 222.77019198386947 1560.0540965913624 198.55940849191384 19.500000000000004 190.17077202861665 1660.6504548812161 170.35633828061583 1743.3986382069504 164.74086837315926 1525.8816454716768 214.16341437864534 1695.1885035603116 255.39380195979035 14.500000000000002 8.5000000000000018 176.82159266165934 189.25641413414039 15.319815977360948 7.5000000000000009 192.68095192209844 207.31384474477409 15.500000000000002 20.058786666953527
decision_type=2 2 2 2 2 2 2 2 2 2 2 2 2 2 2 2 2 2 2 2 2 2 2 2 2 2 2 2 2 2
left_child=-1 2 4 -3 24 6 7 8 13 10 11 18 -11 15 -14 -6 17 25 -10 20 21 -8 -7 -24 -2 -15 29 28 -28 -27
right_child=1 3 -4 -5 5 22 19 -9 9 12 -12 -13 14 16 -16 -17 -18 -19 -20 -21 -22 -23 23 -25 -26 26 27 -29 -30 -31
leaf_value=0.10210843589156866 -0.19345561426665103 0.14444688411824633 -0.32401133152571593 0.00063719737995387711 0.03820051295416696 0.1077148273788594 -0.22201637009094499 0.20798521150136368 0.14850572752646912 0.097086656438868227 0.42321696121777808 0.39483952710645331 -0.38945282797018688 0.25438873708248139 0.00016038272352445696 -0.31807101778686048 -0.15789492398500443 -0.16330276447183945 -0.12215758042457776 0.12149858922367135 -0.19713351163081827 0.1083659577398346 -0.23820357034130701 -0.036783602321729267 0.022187499742250188 0.20145641258323052 -0.26633257127326465 0.17776873535231541 0.10136244938229069 -0.10391986697912217
leaf_weight=32 70 99 22 6601 21 37 29 40 39 41 28 31 24 30 21 32 40 34 39 31 64 52 63 223 37 83 46 38 33 20
leaf_count=32 70 99 22 6601 21 37 29 40 39 41 28 31 24 30 21 32 40 34 39 31 64 52 63 223 37 83 46 38 33 20
internal_value=2.28648e-10 -0.000410074 -0.0171718 0.00276215 -0.0117541 -0.00168977 0.0212003 0.0421141 0.031056 0.0885862 0.183341 0.121721 -0.0623598 -0.00297382 -0.207633 -0.176907 0.0254782 0.0513054 0.0131741 -0.0548496 -0.0925517 -0.00991907 -0.0595174 -0.0811523 -0.118887 0.0804921 0.0567789 -0.0183857 -0.112738 0.14216
internal_weight=8000 7968 1268 6700 1246 1139 816 640 600 223 137 109 86 377 45 53 324 284 78 176 145 81 323 286 107 250 220 117 79 103
internal_count=8000 7968 1268 6700 1246 1139 816 640 600 223 137 109 86 377 45 53 324 284 78 176 145 81 323 286 107 250 220 117 79 103
is_linear=0
shrinkage=0.05


Tree=194
num_leaves=31
num_cat=0
split_feature=3 3 4 4 4 4 0 5 5 4 3 3 2 1 2 3 3 3 0 3 2 4 0 2 3 3 4 2 5 0
split_gain=132.355 526.201 358.103 898.209 562.653 406.82 608.224 370.479 655.568 1295.18 442.782 414.271 345.101 372.529 331.441 331.352 306.275 296.006 293.847 833.055 293.363 376.558 493.448 279.056 495.597 524.962 679.11 387.223 714.214 968.426
threshold=1615.5828513711426 1618.4337489823185 14.726919788818416 16.990403010087928 16.397356333215097 15.914471560204378 4338.9166666666761 20.500000000000004 31.500000000000004 25.410502599925142 1640.9278936787207 1717.4908445792551 176.37220345226788 5887.5000000000009 141.5123369235412 1704.6800420755792 1613.2905427454307 1786.7377036846262 1883.1833333333338 1429.2248833321009 190.49031748207682 18.191538826863411 6325.6833333333361 145.44422438616465 1450.359126284689 1329.1742804620656 11.715155938646527 165.18589814548625 9.5000000000000018 6295.8333333333376
decision_type=2 2 2 2 2 2 2 2 2 2 2 2 2 2 2 2 2 2 2 2 2 2 2 2 2 2 2 2 2 2
left_child=16 -2 14 4 5 6 -4 10 -9 -10 -5 -11 15 20 -3 -12 18 -17 19 -1 -14 -22 -23 24 25 -20 -27 28 29 -25
right_child=1 2 3 7 -6 -7 -8 8 9 11 12 -13 13 -15 -16 17 -18 -19 23 -21 21 22 -24 27 -26 26 -28 -29 -30 -31
leaf_value=-0.056115578008549549 0.21466866188472317 -0.1739496334677651 -0.35535085016772866 0.17064791977978672 -0.25355206654936663 0.066527672810479999 -0.055542148392775964 0.079399397468945962 0.23212797872044821 -0.38409079967633541 -0.10914178371429445 -0.097703178386603085 -0.30607429169118405 -0.0083237461109713813 0.026204455468165438 0.26599491157314997 -0.16084772728143201 0.0066222865473140368 0.093631325715354513 0.36639091014862063 -0.24474334082295821 0.041691010113466875 -0.23849297910928727 -0.35061456157666882 0.15406305548048727 0.1015677896142006 -0.26984075976070016 -0.0021511202851950489 -0.012863885618499299 -0.055862637033857326
leaf_weight=28 31 21 21 26 51 44 87 285 22 23 20 28 20 123 1371 22 31 22 56 20 31 55 22 41 76 20 32 4922 362 87
leaf_count=28 31 21 21 26 51 44 87 285 22 23 20 28 20 123 1371 22 31 22 56 20 31 55 22 41 76 20 32 4922 362 87
internal_value=3.7541e-11 0.0100477 0.00728255 -0.0172585 -0.109845 -0.0616271 -0.113838 0.00962985 0.0451561 -0.0885337 -0.0276675 -0.226858 -0.0440363 -0.0704629 0.0231849 0.0596054 -0.00411646 0.136309 -0.0032556 0.119929 -0.130175 -0.0976008 -0.0383616 -0.00431222 0.0562424 -0.0125944 -0.126991 -0.00637099 -0.0487591 -0.150275
internal_weight=8000 2325 2294 902 203 152 108 699 358 73 341 51 315 251 1392 64 5675 44 5644 48 128 108 77 5596 184 108 52 5412 490 128
internal_count=8000 2325 2294 902 203 152 108 699 358 73 341 51 315 251 1392 64 5675 44 5644 48 128 108 77 5596 184 108 52 5412 490 128
is_linear=0
shrinkage=0.05


Tree=195
num_leaves=31
num_cat=0
split_feature=0 0 0 1 1 5 4 0 0 0 0 0 0 0 0 0 0 0 3 2 5 3 0 3 3 2 2 5 4 3
split_gain=128.623 1340.14 725.734 485.521 351.317 605.118 663.742 430.969 758.41 672.492 639.874 540.11 545.401 416.441 577.423 711.814 390.634 387.24 308.807 492.645 860.645 827.395 698.097 485.663 703.101 524.581 644.286 438.475 355.505 333.903
threshold=8467.6249999999945 8504.9249999999865 8578.0833333333267 7306.0000000000009 7306.0000000000009 18.500000000000004 21.782147365819959 8841.4500000000007 9248.0250000000033 8791.8083333333325 8743.5666666666639 9302.9250000000047 9347.8166666666712 9150.4333333333398 8892.4083333333347 8967.4583333333303 9012.5166666666719 9194.033333333331 1436.2253712041709 199.87536355485503 19.500000000000004 1385.7945229442873 9397.0416666666752 1533.4217651622425 1584.1763794456463 221.341328996329 195.41463001738154 21.500000000000004 11.825039760819079 1319.4023635194781
decision_type=2 2 2 2 2 2 2 2 2 2 2 2 2 2 2 2 2 2 2 2 2 2 2 2 2 2 2 2 2 2
left_child=-1 3 -3 -2 5 7 -7 9 13 10 -4 -10 -13 14 -9 -16 -17 -15 19 27 21 22 -21 -20 25 26 28 -6 -25 -22
right_child=1 2 4 -5 18 6 -8 8 11 -11 -12 12 -14 17 15 16 -18 -19 23 20 29 -23 -24 24 -26 -27 -28 -29 -30 -31
leaf_value=0.0032613551165376225 -0.37591590504162015 0.1320347366784449 -0.11389588884464125 -0.095931326337158687 -0.0053324841873815462 -0.2727592991524429 -0.043450777194438843 0.24812310292170597 -0.29778855261595355 -0.33734551668167118 0.15277073806332006 0.15538517401136201 -0.094289825471599462 0.31308632047226032 -0.21933080597870772 0.20584430151929456 -0.0089031916991290129 0.043628541255990666 0.10447610335500689 -0.063577761540287422 -0.4384421595931054 -0.26473619259361708 0.21766454519497025 -0.22264583736658095 0.036438469309648128 0.080730508593842398 -0.3867808266614492 0.21863730183014504 0.06862104006788948 -0.14952051162719726
leaf_weight=6326 32 93 82 30 137 53 78 26 23 23 31 29 89 30 31 30 72 24 159 57 20 28 36 20 323 24 26 26 22 20
leaf_count=6326 32 93 82 30 137 53 78 26 23 23 31 29 89 30 31 30 72 24 159 57 20 28 36 20 323 24 26 26 22 20
internal_value=-1.184e-10 -0.0123246 -0.00355092 -0.240439 -0.0118521 -0.0407677 -0.136224 -0.0152477 0.0138168 -0.0909009 -0.0407396 -0.0761331 -0.032929 0.0733611 0.0326179 -0.00951095 0.0542578 0.193327 0.00814415 -0.0308823 -0.0929185 -0.0264514 0.0452902 0.030173 0.00170507 -0.120239 -0.19117 0.0303928 -0.0700775 -0.293981
internal_weight=8000 1674 1612 62 1519 621 131 490 354 136 113 141 118 213 159 133 102 54 898 324 161 121 93 574 415 92 68 163 42 40
internal_count=8000 1674 1612 62 1519 621 131 490 354 136 113 141 118 213 159 133 102 54 898 324 161 121 93 574 415 92 68 163 42 40
is_linear=0
shrinkage=0.05


Tree=196
num_leaves=31
num_cat=0
split_feature=0 0 3 2 2 2 5 3 2 2 4 5 0 0 0 1 0 0 0 0 0 0 0 0 0 0 0 0 0 0
split_gain=133.48 453.531 436.793 465.595 582.88 433.688 465.216 703.981 584.612 527.12 577.917 338.495 328.865 2947.93 708.069 483.445 500.219 443.153 619.936 418.05 1069.83 1001.77 2142.46 508.143 438.194 2229.34 1578.66 1468.41 2425.07 1782.74
threshold=9498.9250000000156 9527.6166666666813 1686.2177615856415 161.14772442511162 175.2797605201275 182.81754309694188 19.500000000000004 1573.2264491142125 208.82976497243143 227.97776161087373 13.55691042357075 13.500000000000002 9302.9250000000047 9275.4083333333347 9325.6666666666733 7306.0000000000009 9448.7250000000113 9448.7250000000113 9397.0416666666752 9219.2166666666762 9194.033333333331 9150.4333333333398 9128.6583333333365 9173.9250000000029 8941.658333333331 8892.4083333333347 8991.225000000004 8841.4500000000007 8867.5666666666675 8791.8083333333325
decision_type=2 2 2 2 2 2 2 2 2 2 2 2 2 2 2 2 2 2 2 2 2 2 2 2 2 2 2 2 2 2
left_child=12 -2 3 -3 -5 -6 7 9 -8 10 -7 -4 13 19 -14 16 -16 18 -17 20 21 22 24 -23 25 27 -26 29 -29 -1
right_child=1 2 11 4 5 6 8 -9 -10 -11 -12 -13 14 -15 15 17 -18 -19 -20 -21 -22 23 -24 -25 26 -27 -28 28 -30 -31
leaf_value=0.0023356918806584121 -0.2129544738800295 -0.23581108660769781 -0.020536143146455289 0.21317689691980682 -0.23805030492635876 -0.086788073483677147 0.01632896146991036 -0.17843991527954739 -0.35718084871768951 0.27680907172375713 0.23976879702880979 0.20153653502867031 0.28152792972903096 -0.48709362014647462 -0.10756676775358974 0.058439769257198682 0.12743890381628467 -0.052411728087932832 0.36278363013709036 0.13079868725711299 -0.29269037222669975 0.34493046393317561 -0.41482843473072983 0.058646315408329812 0.28553859268225013 -0.29907915420349568 -0.0057931099602732293 0.55702849472722693 -0.068383633032921817 -0.26700409472950043
leaf_weight=6760 31 28 32 24 26 42 22 30 20 29 20 37 31 31 84 44 31 31 27 62 31 31 31 31 62 62 186 31 31 62
leaf_count=6760 31 28 32 24 26 42 22 30 20 29 20 37 31 31 84 44 31 31 27 62 31 31 31 31 62 62 186 31 31 62
internal_value=-2.24283e-10 -0.0306085 -0.0123739 -0.0441312 -0.0189338 -0.0484082 -0.0181585 0.0316078 -0.161533 0.100854 0.0185529 0.0985463 0.00136278 -0.000532534 0.0580004 0.0260679 -0.0442174 0.105311 0.174176 0.00151129 0.00041593 0.00166285 -5.44915e-05 0.201788 0.00173283 -0.000598891 0.0670398 0.00208934 0.244322 -0.000112134
internal_weight=8000 341 310 241 213 189 163 121 42 91 62 69 7659 7411 248 217 115 102 71 7380 7318 7287 7225 62 7194 6946 248 6884 62 6822
internal_count=8000 341 310 241 213 189 163 121 42 91 62 69 7659 7411 248 217 115 102 71 7380 7318 7287 7225 62 7194 6946 248 6884 62 6822
is_linear=0
shrinkage=0.05


Tree=197
num_leaves=31
num_cat=0
split_feature=0 2 4 2 1 0 0 3 5 3 4 0 2 0 0 0 3 2 3 4 0 5 2 3 4 3 4 2 3 2
split_gain=121.036 443.547 370.896 552.454 181.834 626.042 412.95 318.694 360.475 690.812 676.807 415.235 561.98 322.209 295.34 544.595 654.947 543.101 370.942 366.007 339.281 276.772 279.737 274.119 456.839 343.716 251.91 260.807 304.972 442.216
threshold=9865.0666666666693 183.24521086082208 11.825039760819079 208.02160997177779 7306.0000000000009 9397.0416666666752 7990.6166666666641 1213.6083189749781 15.500000000000002 1957.8134568867961 19.509557084058859 9670.1833333333452 203.31479051087078 9302.9250000000047 9730.8000000000065 9347.8166666666712 1625.2167349657268 203.01254022098368 1496.2296914516266 13.409246080966609 9527.6166666666813 15.500000000000002 200.16303777854071 1460.9414209856043 13.479282894791572 1484.9858087871814 16.317186821396408 174.07157960954444 1590.2757829554446 220.18218351553273
decision_type=2 2 2 2 2 2 2 2 2 2 2 2 2 2 2 2 2 2 2 2 2 2 2 2 2 2 2 2 2 2
left_child=4 -2 -3 -4 5 -1 -6 13 10 11 14 23 -13 -8 15 -9 19 -18 -16 20 -17 22 -7 -10 -25 -26 -27 -28 29 -29
right_child=1 2 3 -5 6 21 7 8 9 -11 -12 12 -14 -15 18 16 17 -19 -20 -21 -22 -23 -24 24 25 26 27 28 -30 -31
leaf_value=-0.00088967910488203003 -0.24185566864907743 0.18295073736281622 0.080612346424755676 -0.26132550824078776 0.22381904808183514 -0.1695849577134306 -0.1358169955201447 -0.002570334516926751 -0.0018336637072603813 -0.22515698641538623 -0.23168174405892691 0.40719871219424975 0.036861063241958619 0.07900802154714863 0.056713392517783429 0.079293256572314674 0.11670755076089077 0.45785086140036579 -0.20999310510233046 0.19691128994930873 -0.16684884125632901 -0.28002574004232889 0.063855130899520149 0.30314118436173254 0.25121086493811828 -0.112685894044926 -0.078774782449007041 -0.13239425101917454 0.17965717477756635 0.16523800160114965
leaf_weight=6615 24 21 27 21 24 33 64 509 121 20 30 21 20 24 22 28 28 20 32 22 28 25 21 23 22 23 25 26 57 24
leaf_count=6615 24 21 27 21 24 33 64 509 121 20 30 21 20 24 22 28 28 20 32 22 28 25 21 23 22 23 25 26 57 24
internal_value=-1.77373e-10 -0.0567083 0.00769077 -0.0689855 0.000666988 -0.00256068 0.0184791 0.0143343 0.0216526 0.0609033 0.000799003 0.0767077 0.226546 -0.0772284 0.0109215 0.0204677 0.113534 0.258851 -0.101335 0.0241089 -0.0437778 -0.142481 -0.0788027 0.0575694 0.0935083 0.0662679 0.0400179 0.0666254 0.100597 0.0104692
internal_weight=8000 93 69 48 7907 6694 1213 1189 1101 382 719 362 41 88 689 635 126 48 54 78 56 79 54 321 200 177 155 132 107 50
internal_count=8000 93 69 48 7907 6694 1213 1189 1101 382 719 362 41 88 689 635 126 48 54 78 56 79 54 321 200 177 155 132 107 50
is_linear=0
shrinkage=0.05


Tree=198
num_leaves=31
num_cat=0
split_feature=0 0 3 2 2 2 5 3 2 2 4 5 0 0 0 1 0 0 0 0 0 0 0 0 0 0 0 0 0 0
split_gain=123.11 402.833 394.126 403.235 509.363 373.793 417.53 633.079 510.319 477.77 502.634 310.97 290.739 2656.1 637.693 381.586 467.492 400.287 539.358 378.357 959.57 905.459 1925.12 454.948 394.016 1997.5 1418.75 1320.38 2177.79 1609.33
threshold=9498.9250000000156 9527.6166666666813 1686.2177615856415 161.14772442511162 175.2797605201275 182.81754309694188 19.500000000000004 1573.2264491142125 205.47285912278969 227.97776161087373 13.55691042357075 13.500000000000002 9302.9250000000047 9275.4083333333347 9325.6666666666733 7306.0000000000009 9448.7250000000113 9448.7250000000113 9397.0416666666752 9219.2166666666762 9194.033333333331 9150.4333333333398 9128.6583333333365 9173.9250000000029 8941.658333333331 8892.4083333333347 8991.225000000004 8841.4500000000007 8867.5666666666675 8791.8083333333325
decision_type=2 2 2 2 2 2 2 2 2 2 2 2 2 2 2 2 2 2 2 2 2 2 2 2 2 2 2 2 2 2
left_child=12 -2 3 -3 -5 -6 7 9 -8 10 -7 -4 13 19 -14 16 -16 18 -17 20 21 22 24 -23 25 27 -26 29 -29 -1
right_child=1 2 11 4 5 6 8 -9 -10 -11 -12 -13 14 -15 15 17 -18 -19 -20 -21 -22 23 -24 -25 26 -27 -28 28 -30 -31
leaf_value=0.0022388444215726776 -0.20124779555105393 -0.22075887917141832 -0.020984770171344282 0.19805248479048412 -0.22254086205592524 -0.082178009975524186 0.02006279258500962 -0.17043962287406128 -0.32851225364775888 0.26193235737496406 0.2223674668557942 0.19186725552017625 0.26669083336187949 -0.46232377242657452 -0.099427335709333431 0.052156868204474453 0.12776073058766704 -0.0552404995286657 0.33603329239068214 0.12446332874317323 -0.27716655683132913 0.32731055458707198 -0.39320026576038331 0.056425502511762808 0.27073177382680441 -0.28307784740482606 -0.0054511867956789119 0.52803431131666712 -0.064635086636389463 -0.25366610065102579
leaf_weight=6760 31 28 32 24 26 42 21 30 21 29 20 37 31 31 84 44 31 31 27 62 31 31 31 31 62 62 186 31 31 62
leaf_count=6760 31 28 32 24 26 42 21 30 21 29 20 37 31 31 84 44 31 31 27 62 31 31 31 31 62 62 186 31 31 62
internal_value=-1.28352e-10 -0.0293955 -0.0122103 -0.0423766 -0.0189273 -0.0464803 -0.018397 0.0287498 -0.154225 0.0944166 0.0160625 0.0931533 0.00130877 -0.000473293 0.0545623 0.0242582 -0.0381853 0.0946603 0.16011 0.00146673 0.00042467 0.00160559 -2.71169e-05 0.191868 0.00166712 -0.000543933 0.0635946 0.00200068 0.2317 -8.68821e-05
internal_weight=8000 341 310 241 213 189 163 121 42 91 62 69 7659 7411 248 217 115 102 71 7380 7318 7287 7225 62 7194 6946 248 6884 62 6822
internal_count=8000 341 310 241 213 189 163 121 42 91 62 69 7659 7411 248 217 115 102 71 7380 7318 7287 7225 62 7194 6946 248 6884 62 6822
is_linear=0
shrinkage=0.05


Tree=199
num_leaves=31
num_cat=0
split_feature=3 3 0 2 5 0 4 0 4 2 0 0 3 0 3 2 0 0 0 3 2 0 2 2 3 0 3 2 2 3
split_gain=123.706 1084.1 652.361 631.424 836.392 562.147 554.093 450.55 443.436 356.668 529.509 409.065 830.364 629.998 357.379 432.775 366.451 251.598 207.802 193.957 197.173 351.516 310.895 244.02 217.655 397.476 188.532 186.478 630.183 376.062
threshold=1230.6070692165774 1262.1504428376402 2187.9250000000006 181.81615370261974 9.5000000000000018 6325.6833333333361 11.88997920898383 3984.0166666666687 7.3649405949587683 189.25641413414039 2788.7583333333355 4859.3833333333523 1175.5767953873162 4086.0750000000025 1197.4448400703507 216.6315908866047 6248.4500000000025 9325.6666666666733 8867.5666666666675 1213.6083189749781 176.09501132863122 8528.2916666666624 171.89472033517748 184.6135618537586 1132.3092828034999 6295.8333333333376 1140.9496355383137 164.35271298139619 162.81742421375992 1581.773084406401
decision_type=2 2 2 2 2 2 2 2 2 2 2 2 2 2 2 2 2 2 2 2 2 2 2 2 2 2 2 2 2 2
left_child=2 3 -1 6 8 7 -2 -6 -5 19 -11 12 13 -12 16 -16 -13 18 -18 20 22 23 24 26 -4 -26 -22 28 -3 -30
right_child=1 27 9 4 5 -7 -8 -9 -10 10 11 14 -14 -15 15 -17 17 -19 -20 -21 21 -23 -24 -25 25 -27 -28 -29 29 -31
leaf_value=0.28191715478897095 -0.13965674667404249 -0.0059617852065339157 -0.050217955502179959 -0.1373981775867287 -0.21148893703585087 -0.14481756272195262 0.17109515918418766 -0.5279879645867781 0.1879015176133676 -0.25534445589238947 0.081806731643155217 -0.25009122853693755 -0.095618807843753276 0.43953343741595746 -0.046157920292832638 0.18419304884185916 -0.039148854398301673 0.1287687537074089 -0.20219009030948987 0.16605823968226713 0.29875214121959831 -0.090352544784545907 -0.15465764741484936 0.015622466740508876 0.28234713613986967 0.0043416877587636312 0.10156991034746171 0.0043636531630371908 -0.21977365237929056 0.011615850001573565
leaf_weight=23 26 699 39 20 23 79 32 22 22 22 32 23 35 20 44 38 175 20 22 36 27 20 26 24 20 36 22 6289 59 25
leaf_count=23 26 699 39 20 23 79 32 22 22 22 32 23 35 20 44 38 175 20 22 36 27 20 26 24 20 36 22 6289 59 25
internal_value=-1.02221e-10 -0.00193137 0.020016 -0.110226 -0.159848 -0.225166 0.0317926 -0.366222 0.0329969 0.0111706 -0.0163882 -0.00353482 0.0926647 0.219394 -0.0295266 0.0605901 -0.0603165 -0.0402021 -0.0573565 0.0586819 0.0406186 0.0953627 -0.00145748 0.146244 0.040471 0.103629 0.210221 0.00149879 -0.0215115 -0.150908
internal_weight=8000 7296 704 224 166 124 58 45 42 681 431 409 87 52 322 82 240 217 197 250 214 93 121 73 95 56 49 7072 783 84
internal_count=8000 7296 704 224 166 124 58 45 42 681 431 409 87 52 322 82 240 217 197 250 214 93 121 73 95 56 49 7072 783 84
is_linear=0
shrinkage=0.05


Tree=200
num_leaves=31
num_cat=0
split_feature=4 2 2 2 4 3 5 5 4 4 0 5 3 0 0 5 2 2 0 2 4 0 0 5 3 3 2 4 0 2
split_gain=117.353 353.835 401.469 394.517 336.939 558.85 641.704 478.863 446.696 745.988 916.592 459.496 431.462 891.419 373.735 345.137 612.461 493.705 668.882 509.846 474.471 445.056 1246.15 769.782 412.052 568.869 566.323 403.949 398.283 763.825
threshold=7.3048299605408724 201.89320699027576 223.70134978460268 200.69004041077184 8.1844817662072469 1344.0174896862243 9.5000000000000018 6.5000000000000009 9.1043884646038578 10.613479094125468 2393.3000000000011 14.500000000000002 1410.7736692888382 5178.3750000000155 7300.3166666666648 9.5000000000000018 211.04675683505056 203.31479051087078 2788.7583333333355 161.14772442511162 11.444991747935987 6381.7833333333365 7132.0916666666644 8.5000000000000018 1441.8028761063833 1682.800929222419 182.12067219025525 11.343684718634387 2344.2250000000013 173.63279889613497
decision_type=2 2 2 2 2 2 2 2 2 2 2 2 2 2 2 2 2 2 2 2 2 2 2 2 2 2 2 2 2 2
left_child=1 3 -3 -1 5 6 -2 14 11 10 -10 12 13 -6 -7 16 17 18 -11 -20 -19 23 -23 -18 27 26 -26 -21 29 -17
right_child=4 2 -4 -5 8 7 -8 -9 9 15 -12 -13 -14 -15 -16 28 21 20 19 24 -22 22 -24 -25 25 -27 -28 -29 -30 -31
leaf_value=-0.0036101797014931806 -0.026888854214205195 0.085319874937195242 -0.00074303378454015521 -0.21927600887350063 0.34571677595376971 -0.3149926016276533 -0.28041056556006277 0.0072620267447181591 -0.30795317256089416 0.28838970380956713 -0.03832678150247841 0.19030361111462116 -0.0022665079256785551 0.03385193324119775 -0.016351192146539691 -0.16494313736756644 -0.2391770249605179 0.042923314514614286 -0.17935101347975435 0.31523138795580186 -0.26695397629402579 0.48365033566235349 0.085801575949162615 0.15624935006489979 -0.26634125630060834 0.15980455646912259 0.012893400551832241 0.05312680115505141 -0.0036207613787877409 0.10835168668731099
leaf_weight=587 52 283 260 22 30 22 48 306 33 23 703 50 303 97 20 30 20 21 32 21 30 26 81 32 30 30 46 49 4540 173
leaf_count=587 52 283 260 22 30 22 48 306 33 23 703 50 303 97 20 30 20 21 32 21 30 26 81 32 30 30 46 49 4540 173
internal_value=2.56675e-10 0.0147648 0.0441111 -0.0114011 -0.0024838 -0.0444031 -0.148579 -0.0144675 0.00045055 -0.00331082 -0.050416 0.0468408 0.030159 0.107521 -0.172782 0.00337696 0.0456867 0.00144173 0.0325273 0.00423479 -0.139357 0.124159 0.182475 0.00416228 0.037614 -0.0245566 -0.0973308 0.131758 -0.00055697 0.0679633
internal_weight=8000 1152 543 609 6848 448 100 348 6400 5920 736 480 430 127 42 5184 441 282 231 208 51 159 107 52 176 106 76 70 4743 203
internal_count=8000 1152 543 609 6848 448 100 348 6400 5920 736 480 430 127 42 5184 441 282 231 208 51 159 107 52 176 106 76 70 4743 203
is_linear=0
shrinkage=0.05


Tree=201
num_leaves=31
num_cat=0
split_feature=1 0 0 2 4 0 2 2 5 4 3 3 2 2 3 2 0 4 5 4 4 2 4 4 0 2 4 4 4 4
split_gain=123.577 770.225 754.393 464.819 1239.6 485.712 523.343 473.577 469.311 859.788 481.256 1159.61 724.523 1159.52 1037.69 635.71 714.713 678.387 780.864 1033.04 844.118 869.957 1017.01 801.547 651.441 554.011 553.143 1992.42 703.577 653.441
threshold=2460.5000000000005 3777.6666666666647 3462.3250000000003 153.81864836932456 12.26831205100544 3284.7916666666674 225.89326800407136 176.82159266165934 27.500000000000004 27.934064795651164 1421.9929765580284 1301.9253998720794 205.47285912278969 211.69889222030619 1204.1314400726999 231.96327729766594 2045.2333333333338 5.3103786217633422 11.500000000000002 18.710184316090999 15.846286161209092 183.93092482501359 12.730336439051918 19.907389623558842 2344.2250000000013 205.79684137023108 14.437638586509633 18.577543523280362 8.7260499017433002 11.077233708717118
decision_type=2 2 2 2 2 2 2 2 2 2 2 2 2 2 2 2 2 2 2 2 2 2 2 2 2 2 2 2 2 2
left_child=1 3 -2 4 -1 8 7 -7 9 10 11 12 14 -14 -5 16 25 -18 24 20 21 -20 -23 -21 -19 -12 28 -28 -13 -30
right_child=2 -3 -4 5 -6 6 -8 -9 -10 -11 15 26 13 -15 -16 -17 17 18 19 23 -22 22 -24 -25 -26 -27 27 -29 29 -31
leaf_value=-0.35841153986526259 0.30194822904609503 -0.30744093358516694 0.0017965626194276923 -0.059790226651562584 0.055573734836652879 0.067979072728194298 0.076875164397692278 -0.12032826714549621 -0.10309304076433182 0.24793715853066672 0.12134142419913921 -0.065874004188705898 -0.35110753652724358 0.10081558793783188 0.34344740028564752 -0.074269157423987056 -0.24121237993240358 -0.018684630254481704 -0.19965347547084095 0.41195799169086272 -0.31039615878835325 -0.072672067340966817 0.33091738902860218 0.030488441288471224 0.20170318748579069 0.44232831418514257 0.34190498789151513 -0.32498024006684623 -0.57868168979883194 -0.18379576287486338
leaf_weight=33 21 22 6679 27 40 40 59 202 75 42 41 34 22 40 39 96 20 47 40 21 32 37 27 40 117 20 21 24 20 22
leaf_count=33 21 22 6679 27 40 40 59 202 75 42 41 34 22 40 39 96 20 47 40 21 32 37 27 40 117 20 21 24 20 22
internal_value=1.20726e-10 -0.0141078 0.00273734 -0.00905826 -0.13157 -0.00163637 -0.0566495 -0.0892031 0.0166811 0.0275171 0.0157539 -0.0417189 0.0631904 -0.0595442 0.178487 0.0423537 0.0676836 0.042243 0.0579469 -0.00914852 -0.0858302 -0.016733 0.0975922 0.161814 0.138543 0.226583 -0.152697 -0.0137671 -0.234959 -0.371837
internal_weight=8000 1300 6700 1278 73 1205 301 242 904 829 787 249 128 62 66 538 442 381 361 197 136 104 64 61 164 61 121 45 76 42
internal_count=8000 1300 6700 1278 73 1205 301 242 904 829 787 249 128 62 66 538 442 381 361 197 136 104 64 61 164 61 121 45 76 42
is_linear=0
shrinkage=0.05


Tree=202
num_leaves=31
num_cat=0
split_feature=3 3 0 2 5 0 4 0 4 2 0 0 3 0 3 2 0 0 0 3 2 0 2 2 3 0 3 4 3 3
split_gain=116.607 991.47 584.338 565.803 733.116 505.033 496.87 406.719 386.828 319.504 474.682 368.378 753.825 564.214 322.15 389.23 326.576 227.967 187.997 173.442 174.77 315.145 284.785 217.044 197.632 359.593 173.711 167.14 428.853 187.756
threshold=1230.6070692165774 1262.1504428376402 2187.9250000000006 181.81615370261974 9.5000000000000018 6325.6833333333361 11.88997920898383 3984.0166666666687 7.3649405949587683 189.25641413414039 2788.7583333333355 4859.3833333333523 1175.5767953873162 4086.0750000000025 1197.4448400703507 216.6315908866047 6248.4500000000025 9325.6666666666733 8867.5666666666675 1213.6083189749781 176.09501132863122 8528.2916666666624 171.89472033517748 184.6135618537586 1132.3092828034999 6295.8333333333376 1140.9496355383137 43.593073356397262 1567.746433250901 1304.2881621427716
decision_type=2 2 2 2 2 2 2 2 2 2 2 2 2 2 2 2 2 2 2 2 2 2 2 2 2 2 2 2 2 2
left_child=2 3 -1 6 8 7 -2 -6 -5 19 -11 12 13 -12 16 -16 -13 18 -18 20 22 23 24 26 -4 -26 -22 29 -29 -3
right_child=1 27 9 4 5 -7 -8 -9 -10 10 11 14 -14 -15 15 -17 17 -19 -20 -21 21 -23 -24 -25 25 -27 -28 28 -30 -31
leaf_value=0.26730394518893696 -0.13335851095616819 0.036165897092045679 -0.046953109097786438 -0.13101398349273949 -0.20024986111599469 -0.13740788413376748 0.160909942118451 -0.50095999674363578 0.17281357070261782 -0.24126907045190987 0.078979598823934793 -0.23590279817581178 -0.090958262085914621 0.41751452440395953 -0.043192967874082652 0.1752621436079177 -0.036772471106478147 0.12307814396917821 -0.19184989902106198 0.15756865886764393 0.28398297914752252 -0.085356300771236418 -0.14729158454216446 0.015475662114719549 0.26963468134403229 0.0052092997564209837 0.094710095328363511 -0.23244828081761418 0.049555727626596185 0.00011730536018999831
leaf_weight=23 26 382 39 20 23 79 32 22 22 22 32 23 35 20 44 38 175 20 22 36 27 20 26 24 20 36 22 26 28 6636
leaf_count=23 26 382 39 20 23 79 32 22 22 22 32 23 35 20 44 38 175 20 22 36 27 20 26 24 20 36 22 26 28 6636
internal_value=1.53788e-10 -0.00187513 0.0194332 -0.105441 -0.152412 -0.213565 0.0289965 -0.347264 0.0281338 0.0110616 -0.0150219 -0.00285211 0.0884379 0.209185 -0.0275174 0.0580423 -0.0567503 -0.0377618 -0.0540908 0.0560296 0.0389483 0.0904887 -0.000665488 0.138665 0.0394638 0.0996469 0.199003 0.00140522 -0.086224 0.00207948
internal_weight=8000 7296 704 224 166 124 58 45 42 681 431 409 87 52 322 82 240 217 197 250 214 93 121 73 95 56 49 7072 54 7018
internal_count=8000 7296 704 224 166 124 58 45 42 681 431 409 87 52 322 82 240 217 197 250 214 93 121 73 95 56 49 7072 54 7018
is_linear=0
shrinkage=0.05


Tree=203
num_leaves=31
num_cat=0
split_feature=0 0 3 2 2 2 5 2 2 5 0 0 0 0 0 0 0 0 0 0 0 0 0 0 0 0 0 0 0 0
split_gain=117.756 360.973 358.079 356.037 459.944 333.265 506.374 476.869 546.475 283.131 263.982 2355.8 578.888 348.547 866.072 822.342 1729.44 410.258 367.119 1784.19 1267.34 1189.8 1970.77 1452.57 1013.82 746.644 588.372 856.47 450.947 423.861
threshold=9498.9250000000156 9527.6166666666813 1686.2177615856415 161.14772442511162 175.2797605201275 217.76168394787899 17.500000000000004 200.16303777854071 182.81754309694188 13.500000000000002 9302.9250000000047 9275.4083333333347 9325.6666666666733 9219.2166666666762 9194.033333333331 9150.4333333333398 9128.6583333333365 9173.9250000000029 8941.658333333331 8892.4083333333347 8991.225000000004 8841.4500000000007 8867.5666666666675 8791.8083333333325 8767.0250000000033 8967.4583333333303 8721.1499999999978 8743.5666666666639 8918.7166666666653 8817.5083333333332
decision_type=2 2 2 2 2 2 2 2 2 2 2 2 2 2 2 2 2 2 2 2 2 2 2 2 2 2 2 2 2 2
left_child=10 -2 3 -3 -5 7 -7 8 -6 -4 11 13 -12 14 15 16 18 -17 19 21 25 23 -23 24 26 -20 -1 -28 -21 -25
right_child=1 2 9 4 5 6 -8 -9 -10 -11 12 -13 -14 -15 -16 17 -18 -19 20 28 -22 22 -24 29 -26 -27 27 -29 -30 -31
leaf_value=0.0021906556631749248 -0.19142766075749551 -0.20885270003761566 -0.020960973203182222 0.18698457131783169 -0.21043550234574537 0.12199815486271222 -0.16890989939371748 -0.23779242847114804 0.072176344253122804 0.18214034752265829 0.2541350573781998 -0.43537665129669256 0.023150806499791038 0.11946090420768146 -0.2633119539868447 0.31146872702144807 -0.37268127227021802 0.054232111338886529 0.083616931219735458 -0.40242197902933247 -0.0039004895285332714 0.5017944362975898 -0.062001991271972659 -0.37177645616954375 0.28735996196346897 0.43064216707021963 -0.33838827379288211 0.033284132326802905 -0.13273066652397955 -0.11031018137451142
leaf_weight=6667 31 28 32 24 26 52 21 40 50 37 31 31 217 62 31 31 31 31 31 31 186 31 31 31 31 31 31 31 31 31
leaf_count=6667 31 28 32 24 26 52 21 40 50 37 31 31 217 62 31 31 31 31 31 31 186 31 31 31 31 31 31 31 31 31
internal_value=-1.09168e-11 -0.0287492 -0.0124813 -0.0412351 -0.0192008 -0.0453831 0.0383123 -0.0980535 -0.0245067 0.0879484 0.00127999 -0.000418087 0.0520238 0.00140897 0.000408808 0.00153072 -2.52455e-05 0.18285 0.00158058 -0.000553674 0.061357 0.00185124 0.219896 -0.00013041 0.00207915 0.25713 0.000764879 -0.152552 -0.267576 -0.241043
internal_weight=8000 341 310 241 213 189 73 116 76 69 7659 7411 248 7380 7318 7287 7225 62 7194 6946 248 6884 62 6822 6760 62 6729 62 62 62
internal_count=8000 341 310 241 213 189 73 116 76 69 7659 7411 248 7380 7318 7287 7225 62 7194 6946 248 6884 62 6822 6760 62 6729 62 62 62
is_linear=0
shrinkage=0.05


Tree=204
num_leaves=31
num_cat=0
split_feature=0 2 4 2 1 0 0 5 4 3 2 2 0 0 0 0 3 0 2 0 0 0 4 3 4 4 3 4 0 4
split_gain=116.3 381.38 326.457 490.199 189.077 547.514 371.406 264.312 578.167 572.116 390.187 1212.18 352.025 664.632 339.624 375.9 557.331 502.293 475.094 446.884 350.204 840.295 326.252 306.681 306.091 524.276 279.132 527.363 335.892 294.623
threshold=9865.0666666666693 183.24521086082208 11.825039760819079 208.02160997177779 7306.0000000000009 9397.0416666666752 7990.6166666666641 15.500000000000002 19.759415726486719 1957.8134568867961 181.81615370261974 174.47883343122251 8362.0666666666602 8223.0749999999935 9730.8000000000065 9347.8166666666712 1625.2167349657268 9448.7250000000113 203.01254022098368 9035.3250000000025 8941.658333333331 8892.4083333333347 24.060368770454144 1496.2296914516266 10.545985809338939 8.5148428098812428 1416.16725839375 23.175957648726065 8941.658333333331 24.060368770454144
decision_type=2 2 2 2 2 2 2 2 2 2 2 2 2 2 2 2 2 2 2 2 2 2 2 2 2 2 2 2 2 2
left_child=4 -2 -3 -4 5 -1 -6 8 12 10 11 22 13 -8 15 19 17 -17 -18 20 21 -14 -9 -16 25 -21 27 -12 -29 -28
right_child=1 2 3 -5 6 -7 7 9 -10 -11 26 -13 14 -15 23 16 18 -19 -20 24 -22 -23 -24 -25 -26 -27 29 28 -30 -31
leaf_value=-0.0010748256992222074 -0.2272703646992644 0.1685535754476275 0.073108771610094228 -0.24898715200168745 0.21355445086956026 -0.13348824276199825 0.028600474017793722 0.10501305053108617 -0.23893840420246126 -0.21389278769493103 0.060374803987841279 0.38820806408629704 0.05620938434132508 -0.17584386942642077 0.038786446213722237 0.24700774224031541 0.11169915808630843 -0.032748391917523219 0.43076934771612285 -0.03561017445155553 0.19234818273948298 -0.26212997958064083 -0.10098325172118072 -0.19493904217961244 0.0042720196101425304 -0.35161991587706976 0.012806139257736505 -0.035225422978401186 -0.32500639021396638 0.14300007641210521
leaf_weight=6615 24 21 27 21 24 79 92 57 25 20 53 34 210 70 25 21 28 68 20 35 36 23 29 32 67 21 112 20 20 71
leaf_count=6615 24 21 27 21 24 79 92 57 25 20 53 34 210 70 25 21 28 68 20 35 36 23 29 32 67 21 112 20 20 71
internal_value=3.1159e-10 -0.0555877 0.004128 -0.0678082 0.000653808 -0.00263752 0.0188171 0.0148864 -0.0024076 0.0470216 0.0601991 0.135469 0.00549784 -0.0597397 0.0235328 0.0360276 0.107323 0.0332615 0.244645 0.0111106 0.0472101 0.0247853 0.0355492 -0.0924279 -0.0678386 -0.154114 0.0274729 -0.0430621 -0.180116 0.0633185
internal_weight=8000 93 69 48 7907 6694 1213 1189 773 416 396 120 748 162 586 529 137 89 48 392 269 233 86 57 123 56 276 93 40 183
internal_count=8000 93 69 48 7907 6694 1213 1189 773 416 396 120 748 162 586 529 137 89 48 392 269 233 86 57 123 56 276 93 40 183
is_linear=0
shrinkage=0.05


Tree=205
num_leaves=31
num_cat=0
split_feature=1 0 0 2 0 2 2 3 3 3 3 2 3 5 5 5 3 4 4 3 3 0 4 2 4 4 4 5 3 0
split_gain=114.087 705.753 696.794 437.179 525.51 410.474 654.746 447.046 747.745 693.955 651.991 386.562 846.761 1660.39 1358.92 924.667 967.457 723.341 645.495 567.352 820.924 669.14 516.408 479.25 524.455 552.096 524.917 721.837 550.497 549.504
threshold=2460.5000000000005 3839.2833333333342 3777.6666666666647 159.5816485490592 3180.0083333333337 176.82159266165934 189.25641413414039 1465.8029329503079 1782.7125310765393 1677.1681143399649 1353.6624697495929 194.06843407976604 1561.8326958833597 24.500000000000004 19.500000000000004 11.500000000000002 1721.4369152154961 15.650958233761486 13.018435756439276 1322.3476595347154 1403.951658570702 2444.6583333333338 19.081099274205084 196.18049391925672 6.6754762048070502 5.9045916592568926 9.8853400829246265 7.5000000000000009 1230.6070692165774 3027.7666666666678
decision_type=2 2 2 2 2 2 2 2 2 2 2 2 2 2 2 2 2 2 2 2 2 2 2 2 2 2 2 2 2 2
left_child=2 -2 3 -1 11 -6 -7 10 9 -9 -8 12 13 17 15 16 -14 18 19 -5 -21 -22 -19 -13 25 -25 27 -26 -28 -30
right_child=1 -3 -4 4 5 6 7 8 -10 -11 -12 23 14 -15 -16 -17 -18 22 -20 20 21 -23 -24 24 26 -27 28 -29 29 -31
leaf_value=-0.10452217991472385 0.082129687063201381 -0.00068234543814333628 -0.2925555543466048 0.22566001154482365 0.10405012303840762 -0.19875886341929438 -0.048847611267119645 -0.081060842185726636 0.13078999565914273 -0.3881233767322872 0.22720800169876645 -0.24455601260066034 0.39823560649529099 -0.41858710160567647 0.50697223533255353 -0.085656821727752686 -0.045064257904887203 0.39147285203570908 -0.21932829618453981 -0.29831632599234581 -0.13204046949744225 0.25264496757433963 0.044079114794731145 0.0081664627598178 0.13186439159123794 0.32397251617908479 0.23758773047190448 -0.18734840748275255 0.021138337666338141 -0.19478886488712197
leaf_weight=109 268 6432 22 32 38 75 55 92 32 23 35 20 32 21 24 43 20 23 28 20 20 26 20 31 23 25 26 77 275 33
leaf_count=109 268 6432 22 32 38 75 55 92 32 23 35 20 32 21 24 43 20 23 28 20 20 26 20 31 23 25 26 77 275 33
internal_value=-1.09258e-10 0.00263014 -0.0135553 -0.0087525 0.00017727 -0.0511043 -0.0700013 -0.0292552 -0.0829875 -0.142473 0.0585073 0.0220925 0.0662234 0.000719421 0.17081 0.0858843 0.227736 0.0528226 -0.00760666 0.0528852 -0.0308843 0.0853904 0.229894 -0.00464569 0.00514657 0.149151 -0.0134347 -0.113929 0.0166536 -0.00199672
internal_weight=8000 6700 1300 1278 1169 350 312 237 147 115 90 819 309 190 119 95 52 169 126 98 66 46 43 510 490 56 434 100 334 308
internal_count=8000 6700 1300 1278 1169 350 312 237 147 115 90 819 309 190 119 95 52 169 126 98 66 46 43 510 490 56 434 100 334 308
is_linear=0
shrinkage=0.05


Tree=206
num_leaves=31
num_cat=0
split_feature=2 4 0 4 3 2 5 0 2 3 3 4 1 0 4 4 2 5 4 4 0 4 4 2 3 0 0 2 0 2
split_gain=109.887 496.453 686.463 428.124 329.705 413.578 324.837 322.12 293.383 286.038 285.846 245.289 544.804 584.446 349.441 337.67 237.556 331.426 237.255 231.557 229.169 222.345 389.203 418.751 206.994 301.189 454.934 679.283 404.88 395.437
threshold=243.07831350556964 26.449799407788365 6535.341666666669 4.9984562358984226 1478.6017101775781 245.14651365640785 24.500000000000004 4033.2000000000021 246.05188832460524 1682.800929222419 1301.9253998720794 11.077233708717118 2460.5000000000005 6784.5500000000002 16.990403010087928 8.7260499017433002 241.65373388955811 14.500000000000002 13.218482506908311 34.223383060428084 9959.8666666666631 16.048220032638188 12.566287317460231 256.74865074732423 1822.7811643038331 3607.0999999999999 5468.6000000000104 215.28083890700879 6580.9916666666695 197.08516639498285
decision_type=2 2 2 2 2 2 2 2 2 2 2 2 2 2 2 2 2 2 2 2 2 2 2 2 2 2 2 2 2 2
left_child=16 3 -3 -2 5 -5 8 18 9 -6 -9 15 -13 14 -14 -10 20 -18 -7 -4 24 22 23 -12 -1 -26 27 29 -28 -27
right_child=1 2 19 4 6 7 -8 10 11 -11 21 12 13 -15 -16 -17 17 -19 -20 -21 -22 -23 -24 -25 25 26 28 -29 -30 -31
leaf_value=-0.0027392195113227365 0.21615377172179848 0.35505083739757537 0.14413500739180524 0.23832779079675676 -0.28223434746265413 0.23531058598309756 -0.22076245681806045 -0.095827949620210212 0.019380118672481992 -0.023688608796700188 -0.06211737725310601 -0.16814947304902253 0.35601201007763544 0.0050275898414353535 0.073027420379221442 -0.14754832459480635 -0.20761518911881882 0.024072535997577783 0.017303555676092704 -0.077878128613034892 -0.14913365153165967 0.17527379827654882 -0.15932842097603359 0.22448263064026835 0.12220804407996566 -0.083851199263128742 0.2073866354301572 0.12010196695725124 0.02090683977744363 -0.36874634311312726
leaf_weight=6726 23 25 23 24 20 26 22 65 66 23 26 27 24 90 20 56 33 29 24 24 26 23 26 25 76 29 32 24 322 21
leaf_count=6726 23 25 23 24 20 26 22 65 66 23 26 27 24 90 20 56 33 29 24 24 26 23 26 25 76 29 32 24 322 21
internal_value=-2.15783e-11 0.0191956 0.143365 0.00453949 -0.00375204 0.0414652 -0.0348064 0.0194898 -0.0222572 -0.143942 -0.0142003 -0.00376797 0.0367533 0.0780397 0.227383 -0.0572428 -0.00178893 -0.0992451 0.130667 0.0307666 -0.0009562 0.0388577 -0.00188993 0.0783728 -0.000423335 0.0304827 0.014195 -0.0985528 0.0377638 -0.203507
internal_weight=8000 682 72 610 587 239 348 215 326 43 165 283 161 134 44 122 7318 62 50 47 7256 100 77 51 7230 504 428 74 354 50
internal_count=8000 682 72 610 587 239 348 215 326 43 165 283 161 134 44 122 7318 62 50 47 7256 100 77 51 7230 504 428 74 354 50
is_linear=0
shrinkage=0.05


Tree=207
num_leaves=31
num_cat=0
split_feature=5 4 4 5 3 2 3 4 4 0 3 3 3 5 4 0 0 4 3 1 5 4 3 0 0 0 2 2 2 4
split_gain=108.438 282.394 368.055 322.099 372.636 374.504 343.321 328.99 268.113 231.438 180.172 277.508 215.884 164.384 494.172 1451.48 424.742 362.634 381.83 431.303 319.424 520.793 354.898 292.198 645.984 640.716 311.495 271.585 611.455 392.094
threshold=6.5000000000000009 9.2766853120124146 8.5641975589959021 5.5000000000000009 1357.9306069367974 199.47968383111183 1439.9108083722376 5.543511311351244 7.4804958346753674 3655.2833333333319 2269.7030541227764 2227.6919926964697 2166.7528950174224 11.500000000000002 15.650958233761486 4623.1083333333481 7683.4750000000013 13.94787547666931 1441.8028761063833 6517.5000000000009 10.500000000000002 14.911736869281174 1663.021526240105 1939.4833333333343 2344.2250000000013 2187.9250000000006 205.47285912278969 177.22133230526421 176.09501132863122 8.1313710983568175
decision_type=2 2 2 2 2 2 2 2 2 2 2 2 2 2 2 2 2 2 2 2 2 2 2 2 2 2 2 2 2 2
left_child=1 2 3 7 5 -5 -6 -1 9 -8 11 12 13 14 17 -16 -17 23 19 -19 22 -22 -20 -2 25 26 -25 28 29 -15
right_child=10 -3 -4 4 6 -7 8 -9 -10 -11 -12 -13 -14 27 15 16 -18 18 20 -21 21 -23 -24 24 -26 -27 -28 -29 -30 -31
leaf_value=0.11291779728967753 0.17140184079429932 -0.20387050126280104 0.18793222748097921 -0.059688039033151258 -0.26477394346837646 0.17753240285175187 0.097817471742630002 -0.053797956921581958 -0.21182978645881156 -0.074359557852986161 0.1257235294785993 -0.14843461148200496 0.13533194358150166 -0.14662731748360855 0.36080746234227451 -0.13438228989976483 0.086375100808745289 -0.24583970983823142 0.15892692984081805 0.02429527369412509 0.020550924580958155 -0.29767128467559817 -0.09903326687635855 -0.12096996461522991 0.013620461494114597 -0.30393312447704379 0.1355253291130066 -0.011287046553639936 0.18154471282053877 0.015155673618409197
leaf_weight=67 28 21 21 41 27 28 25 53 27 89 29 31 30 39 39 37 53 45 40 22 36 20 20 29 2425 32 20 3629 54 943
leaf_count=67 28 21 21 41 27 28 25 53 27 89 29 31 30 39 39 37 53 45 40 22 36 20 20 29 2425 32 20 3629 54 943
internal_value=-1.71415e-10 -0.0254077 -0.0154931 -0.0274593 -0.0612539 0.0365753 -0.101434 0.039285 -0.0701558 -0.0366014 0.00133373 0.000857328 0.00147105 0.000936387 0.0104066 0.106025 -0.00438072 0.00586673 -0.0621064 -0.157139 -0.00721707 -0.0930999 0.0729402 0.0107756 0.0089809 -0.12992 -0.016278 -0.00484115 0.0177382 0.00873048
internal_weight=8000 399 378 357 237 69 168 120 141 114 7601 7572 7541 7511 2846 129 90 2717 183 67 116 56 60 2534 2506 81 49 4665 1036 982
internal_count=8000 399 378 357 237 69 168 120 141 114 7601 7572 7541 7511 2846 129 90 2717 183 67 116 56 60 2534 2506 81 49 4665 1036 982
is_linear=0
shrinkage=0.05


Tree=208
num_leaves=31
num_cat=0
split_feature=1 0 0 0 0 0 0 0 0 0 0 0 0 0 0 0 2 2 4 3 0 1 0 0 2 0 0 5 0 4
split_gain=107.492 498.905 385.37 529.147 403.228 311.25 1395.38 539.634 546.91 441.044 666.987 615.565 539.029 439.588 372.923 501.531 347.373 502.999 337.323 305.363 278.891 1142.18 2216.66 423.642 398.385 357.452 688.698 261.061 243.695 281.698
threshold=7306.0000000000009 9474.6416666666792 8121.1499999999987 8362.0666666666602 8672.2250000000004 8467.6249999999945 8504.9249999999865 8552.9833333333318 8941.658333333331 8892.4083333333347 8841.4500000000007 8791.8083333333325 8743.5666666666639 9248.0250000000033 9150.4333333333398 8991.225000000004 218.41368722712366 188.92523509189871 11.193149347877727 1344.0174896862243 8256.391666666661 6517.5000000000009 8287.899999999996 8223.0749999999935 185.39788694647567 8207.1583333333274 8189.0833333333294 12.500000000000002 8223.0749999999935 8.6750986693795138
decision_type=2 2 2 2 2 2 2 2 2 2 2 2 2 2 2 2 2 2 2 2 2 2 2 2 2 2 2 2 2 2
left_child=1 5 19 28 -5 20 -7 -8 9 10 11 12 -9 14 15 -10 17 -16 -15 -2 23 -22 -23 25 -24 26 -1 -17 -4 -30
right_child=2 -3 3 4 -6 6 7 8 13 -11 -12 -13 -14 18 16 27 -18 -19 -20 -21 21 22 24 -25 -26 -27 -28 -29 29 -31
leaf_value=0.00087774380570017786 -0.041836486543927881 -0.2170560831273044 -0.006138099623577936 0.081183227271175218 0.0023274979807507592 -0.35611593981739137 0.17910324926629212 -0.10779663601049012 0.17454813854225604 -0.26865323381177308 0.1424464425619911 -0.31004884579572184 0.11692986225380618 -0.14915752584628503 0.067833534424955197 0.035182865762284826 -0.0064455985345623704 0.40594284588640389 0.0051373879005620765 0.14854694551404787 -0.052381266711745415 0.56437349267877068 -0.050353537003199257 -0.16692333709644647 0.12936137064049644 0.21158903084695338 -0.29305068969726566 -0.11889728320217088 -0.25645239603134895 -0.070831849028666821
leaf_weight=5614 28 27 63 201 838 32 33 124 36 29 34 29 34 58 22 56 22 22 91 85 144 26 51 38 78 20 20 54 31 60
leaf_count=5614 28 27 63 201 838 32 33 124 36 29 34 29 34 58 22 56 22 22 91 85 144 26 51 38 78 20 20 54 31 60
internal_value=1.47201e-10 -0.00256001 0.0131215 0.00476248 0.0175826 -0.00169134 -0.0338528 -0.0178397 -0.0284766 -0.0853214 -0.0612643 -0.0983026 -0.0594378 0.0108896 0.0571453 0.0125584 0.155777 0.236888 -0.0549237 0.101372 0.00193762 0.0490066 0.143199 -0.000534903 0.0583113 0.000583378 -0.000165666 -0.0404565 -0.0817314 -0.134065
internal_weight=8000 6694 1306 1193 1039 6667 676 644 611 250 221 187 158 361 212 146 66 44 149 113 5991 299 155 5692 129 5654 5634 110 154 91
internal_count=8000 6694 1306 1193 1039 6667 676 644 611 250 221 187 158 361 212 146 66 44 149 113 5991 299 155 5692 129 5654 5634 110 154 91
is_linear=0
shrinkage=0.05


Tree=209
num_leaves=31
num_cat=0
split_feature=1 0 0 2 4 0 2 4 4 5 4 2 2 3 3 3 3 4 4 0 5 3 0 4 4 4 2 2 4 3
split_gain=107.63 649.757 635.401 395.104 1104.32 398.308 437.164 419.477 537.894 411.483 740.334 453.978 636.16 978.382 462.841 1321.89 942.17 675.201 842.577 954.406 563.113 584.174 1075.74 966.409 527.241 835.224 459.661 547.386 612.319 540.776
threshold=2460.5000000000005 3462.3250000000003 3777.6666666666647 153.81864836932456 12.26831205100544 3284.7916666666674 225.89326800407136 5.0866478485084352 5.8015643342006458 27.500000000000004 27.934064795651164 194.37180244733483 186.0274854893002 1421.9929765580284 1438.0497141929388 1503.6328765085202 1408.6028552327359 20.507101128849037 14.014472346010285 2879.7666666666669 21.500000000000004 1547.8399390051275 2232.9666666666676 16.822650942137987 9.359778074123982 7.4804958346753674 182.46372161654969 176.82159266165934 13.142252506006455 1403.951658570702
decision_type=2 2 2 2 2 2 2 2 2 2 2 2 2 2 2 2 2 2 2 2 2 2 2 2 2 2 2 2 2 2
left_child=2 -2 3 4 -1 7 -7 -5 -9 10 11 12 26 -14 16 -16 17 18 19 -13 21 -17 -23 24 25 -24 27 29 -29 -10
right_child=1 -3 -4 5 -6 6 -8 8 9 -11 -12 14 13 -15 15 20 -18 -19 -20 -21 -22 22 23 -25 -26 -27 -28 28 -30 -31
leaf_value=-0.33563722141764385 0.2802406668663025 0.001681525305418365 -0.27959191081198781 -0.15002201425062645 0.055105872135609392 -0.081307884365751232 0.070481708532167703 0.26596304259516973 -0.16874718899662433 -0.096265542626380929 0.23053864382562184 -0.21144295827466617 -0.064026904904416634 0.29689835750481536 0.21598273581176095 -0.21313582581858481 -0.39073651439764284 -0.2965319974081857 0.20311218782475124 0.18497782512144612 -0.29234516292810442 -0.17921809357531526 0.25138291535170182 -0.19588699747215621 0.27737712810202592 -0.18475539432395072 -0.17280024322015899 0.35378657590884433 -0.014203497916460037 0.055922371970931285
leaf_weight=33 21 6679 22 37 40 242 59 22 37 75 42 49 28 57 66 31 22 21 38 22 20 47 23 22 53 21 28 26 20 97
leaf_count=33 21 6679 22 37 40 242 59 22 37 75 42 49 28 57 66 31 22 21 38 22 20 47 23 22 53 21 28 26 20 97
internal_value=-1.33713e-10 0.00255462 -0.0131661 -0.00857977 -0.121531 -0.00173705 -0.0515551 0.0148506 0.0218867 0.015532 0.0264214 0.0146454 0.0627551 0.178005 -0.0177595 0.0200386 -0.0881336 -0.0369239 0.0130924 -0.0886083 -0.0395574 -0.0138936 0.0233143 0.103306 0.171164 0.043226 0.0156577 0.0449734 0.193791 -0.00611325
internal_weight=8000 6700 1300 1278 73 1205 301 904 867 845 770 728 293 85 435 283 152 130 109 71 217 197 166 119 97 44 208 180 46 134
internal_count=8000 6700 1300 1278 73 1205 301 904 867 845 770 728 293 85 435 283 152 130 109 71 217 197 166 119 97 44 208 180 46 134
is_linear=0
shrinkage=0.05


Tree=210
num_leaves=31
num_cat=0
split_feature=3 3 2 5 0 1 4 4 3 2 2 2 2 3 2 2 4 4 3 0 4 4 2 2 2 2 2 5 0 4
split_gain=105.198 885.392 504.838 651.212 503.317 459.727 446.412 349.386 279.81 269.374 329.503 313.747 232.443 416.835 226.954 231.677 467.854 213.304 208.85 449.101 347.723 535.773 207.438 487.125 202.688 207.481 194.147 168.173 164.938 288.484
threshold=1230.6070692165774 1262.1504428376402 181.81615370261974 9.5000000000000018 2187.9250000000006 6517.5000000000009 11.88997920898383 7.3649405949587683 1209.0345600312203 203.31479051087078 208.26289104656391 200.16303777854071 189.25641413414039 1175.5767953873162 213.80304170243116 224.90319171870311 9.959554752346186 9.6975238188071895 1101.0178659398755 4859.3833333333523 10.151525177511161 17.07393245865531 212.04855710062222 197.43365323654322 218.85163809621653 193.75633441160548 194.06843407976604 10.500000000000002 4200.025000000006 24.275742804958046
decision_type=2 2 2 2 2 2 2 2 2 2 2 2 2 2 2 2 2 2 2 2 2 2 2 2 2 2 2 2 2 2
left_child=4 2 6 7 -1 22 -2 -4 9 11 -11 12 28 17 -12 16 -16 -14 -17 -20 -21 -22 23 -5 25 27 -19 -10 -6 -30
right_child=1 -3 3 5 8 -7 -8 -9 24 10 14 -13 13 -15 15 18 -18 26 19 20 21 -23 -24 -25 -26 -27 -28 -29 29 -31
leaf_value=0.24850374045579332 -0.126552264048503 0.0013188712546973605 -0.12510611889883877 -0.36659444451332091 0.12816656419011049 -0.059524104763299994 0.15237460616044701 0.16364338421686131 0.20270814239978791 -0.21547844874858857 0.087236664404994571 0.20024657944838206 -0.12170114532113074 -0.23380684206883112 0.069814520571380864 -0.12034774706248315 -0.2263653849810362 -0.034020190201699739 0.23942537844181061 -0.19415220618247986 0.20893876862525942 -0.11524314582347871 -0.36739046834409239 -0.062940433621406555 0.1917714246114095 -0.040153239800461704 0.18365206351681126 0.022739095544373547 0.044890124860274438 -0.15026424141092734
leaf_weight=23 26 7072 20 25 43 39 32 22 25 25 38 24 20 24 20 31 40 20 20 22 25 26 32 28 30 42 21 27 136 22
leaf_count=23 26 7072 20 25 43 39 32 22 25 25 38 24 20 24 20 31 40 20 20 22 25 26 32 28 30 42 21 27 136 22
internal_value=1.52422e-10 -0.00178103 -0.0996494 -0.144019 0.018458 -0.201654 0.0273384 0.0261436 0.0106884 -0.00443365 -0.0433877 0.026604 0.0120325 -0.0572835 -0.0240081 -0.0469826 -0.127639 0.0121683 -0.00795543 0.0295087 -0.0280028 0.0436696 -0.266867 -0.206173 0.0786159 0.0425024 0.0774705 0.109263 0.0413453 0.0177167
internal_weight=8000 7296 224 166 704 124 58 42 681 557 247 310 286 85 222 184 60 61 124 93 73 51 85 53 124 94 41 52 201 158
internal_count=8000 7296 224 166 704 124 58 42 681 557 247 310 286 85 222 184 60 61 124 93 73 51 85 53 124 94 41 52 201 158
is_linear=0
shrinkage=0.05


Tree=211
num_leaves=31
num_cat=0
split_feature=1 0 0 2 0 2 2 3 3 3 3 0 2 2 5 2 4 3 3 2 2 5 4 2 2 3 2 0 2 4
split_gain=102.355 601.027 571.882 371.176 436.502 370.38 572.233 390.032 651.798 619.471 572.545 361.403 357.017 593.921 1111.62 588.77 433.277 384.38 1029.86 609.87 609.804 563.444 511.855 935.42 729.851 1332.34 849.353 1026.23 911.812 700.104
threshold=2460.5000000000005 3580.4416666666662 3777.6666666666647 159.5816485490592 3180.0083333333337 176.82159266165934 189.25641413414039 1465.8029329503079 1782.7125310765393 1677.1681143399649 1369.6886303571691 3485.9666666666658 227.97776161087373 244.14631168610984 21.500000000000004 222.77019198386947 18.007679694530861 1560.0540965913624 1640.9278936787207 194.06843407976604 206.98971875431377 7.5000000000000009 11.444991747935987 196.87977775812323 186.0274854893002 1464.2109323999352 191.12449617093901 2344.2250000000013 205.79684137023108 7.6313921733849517
decision_type=2 2 2 2 2 2 2 2 2 2 2 2 2 2 2 2 2 2 2 2 2 2 2 2 2 2 2 2 2 2
left_child=2 -2 3 -1 12 -6 -7 10 9 -9 11 -8 15 14 -14 17 -15 21 19 -19 -20 -5 23 -23 25 -24 -26 28 -28 -25
right_child=1 -3 -4 4 5 6 7 8 -10 -11 -12 -13 13 16 -16 -17 -18 18 20 -21 -22 22 24 29 26 -27 27 -29 -30 -31
leaf_value=-0.096733067676835108 0.12477447186229806 0.00065726442915591899 -0.2655979476191781 0.16179898746988991 0.10038472773801339 -0.18531917171676954 -0.18195008555054665 -0.074560095942781665 0.1225465212482959 -0.36467598909917087 0.22490201722830536 0.070080371246193401 -0.040448863178859526 -0.025883645374471177 -0.45669646203517922 0.22058167294031239 0.21807539973940171 0.33793531041178437 0.050066223711070446 0.076146471500396731 -0.19750487090963309 0.012198634166270496 0.021174673112955962 -0.047291749119758614 0.35502950384592019 -0.44698345561822256 -0.0014171242713928224 -0.09229884621554188 0.44422344565391542 -0.429201314051946
leaf_weight=109 99 6601 22 44 38 75 25 92 32 23 32 33 81 52 20 41 28 45 101 44 33 64 55 20 24 21 24 70 22 30
leaf_count=109 99 6601 22 44 38 75 25 92 32 23 32 33 81 52 20 41 28 45 101 44 33 64 55 20 24 21 24 70 22 30
internal_value=1.16041e-10 0.00249124 -0.0128394 -0.00848836 -0.000260235 -0.0469975 -0.064948 -0.0268558 -0.0770448 -0.132583 0.0551196 -0.0385534 0.019713 -0.0422659 -0.122874 0.0372963 0.059502 0.0247089 0.0766662 0.208512 -0.0109028 -0.00627101 -0.0286803 -0.114396 0.0165586 -0.108185 0.0842764 0.0282585 0.211715 -0.276437
internal_weight=8000 6700 1300 1278 1169 350 312 237 147 115 90 58 819 181 101 638 80 597 223 89 134 374 330 114 216 76 140 116 46 50
internal_count=8000 6700 1300 1278 1169 350 312 237 147 115 90 58 819 181 101 638 80 597 223 89 134 374 330 114 216 76 140 116 46 50
is_linear=0
shrinkage=0.05


Tree=212
num_leaves=31
num_cat=0
split_feature=0 2 4 2 1 0 0 5 2 3 5 3 4 0 2 0 0 3 2 4 3 0 0 3 4 3 4 2 0 0
split_gain=98.1789 347.75 293.318 441.268 156.157 454.333 329.557 248.438 243.951 239.434 286.223 569.359 552.966 369.632 468.372 239.467 443.006 517.085 425.921 287.785 282.846 271.083 238.161 225.702 386.947 311.138 217.083 255.696 210.988 760.341
threshold=9865.0666666666693 183.24521086082208 11.825039760819079 208.02160997177779 7306.0000000000009 9397.0416666666752 7990.6166666666641 15.500000000000002 200.16303777854071 1213.6083189749781 15.500000000000002 1957.8134568867961 19.509557084058859 9670.1833333333452 203.31479051087078 9730.8000000000065 9347.8166666666712 1625.2167349657268 203.01254022098368 13.409246080966609 1496.2296914516266 9527.6166666666813 9302.9250000000047 1460.9414209856043 13.479282894791572 1484.9858087871814 18.317514521241893 174.07157960954444 7744.8249999999998 7775.8333333333367
decision_type=2 2 2 2 2 2 2 2 2 2 2 2 2 2 2 2 2 2 2 2 2 2 2 2 2 2 2 2 2 2
left_child=4 -2 -3 -4 5 28 -6 8 -7 22 12 13 15 23 -15 16 -11 19 -19 21 -17 -18 -8 -12 -25 -26 -27 -28 -1 -30
right_child=1 2 3 -5 6 7 9 -9 -10 10 11 -13 -14 14 -16 20 17 18 -20 -21 -22 -23 -24 24 25 26 27 -29 29 -31
leaf_value=0.0044449621904547546 -0.2150122879073024 0.16180517077445986 0.071459827834257375 -0.23413789038147248 0.20054565121730172 -0.146033607073354 -0.1163304866407998 -0.25190179204940794 0.071963796090512053 -0.0018670317147856611 -0.002887764668538551 -0.2049759942293167 -0.20897174894809725 0.37536450354825884 0.037274289429187778 0.047244071418588815 0.073203597643545698 0.10609161732718349 0.40819889325648551 0.17662033069540153 -0.18564846382942052 -0.14681388879460949 0.068362873916824662 0.27655699473360312 0.23451544004069136 -0.057505708982479642 -0.08026835650882938 0.11052989479068709 -0.18771617305615257 -0.0094823514938567645
leaf_weight=4838 24 21 27 21 24 33 64 25 21 509 121 20 30 21 20 22 28 28 20 22 32 28 24 23 22 46 22 87 62 1715
leaf_count=4838 24 21 27 21 24 33 64 25 21 509 121 20 30 21 20 22 28 28 20 22 32 28 24 23 22 46 22 87 62 1715
internal_value=-6.22531e-11 -0.0510738 0.00594824 -0.0622392 0.000600717 -0.0023904 0.0171073 -0.121588 -0.0612568 0.0134046 0.019748 0.0547233 0.00116585 0.0690713 0.210442 0.0103155 0.0189115 0.10285 0.23197 0.0233918 -0.0907663 -0.0368051 -0.0659596 0.0510145 0.0836254 0.0585552 0.0335802 0.0720202 -0.00096688 -0.015701
internal_weight=8000 93 69 48 7907 6694 1213 79 54 1189 1101 382 719 362 41 689 635 126 48 78 54 56 88 321 200 177 155 109 6615 1777
internal_count=8000 93 69 48 7907 6694 1213 79 54 1189 1101 382 719 362 41 689 635 126 48 78 54 56 88 321 200 177 155 109 6615 1777
is_linear=0
shrinkage=0.05


Tree=213
num_leaves=31
num_cat=0
split_feature=3 3 2 0 5 4 4 4 0 2 0 0 3 0 3 2 0 0 4 5 0 2 4 4 3 3 5 0 4 4
split_gain=100.049 801.935 451.791 433.914 373.048 505.811 343.988 330.11 270.094 250.58 408.618 298.536 692.859 507.579 277.683 328.799 297.686 192.146 151.546 318.369 606.811 451.307 370.336 271.815 162.511 571.974 155.817 149.152 148.427 664.658
threshold=1230.6070692165774 1262.1504428376402 170.35633828061583 2187.9250000000006 9.5000000000000018 10.727687283087077 15.914471560204378 7.3649405949587683 7489.3916666666692 189.25641413414039 2788.7583333333355 4859.3833333333523 1175.5767953873162 4086.0750000000025 1197.4448400703507 216.6315908866047 6248.4500000000025 9325.6666666666733 22.017261864839536 11.500000000000002 4716.4083333333501 181.81615370261974 10.457638414901153 28.924799875472949 1132.3092828034999 1183.7476531218906 7.5000000000000009 8867.5666666666675 9.1043884646038578 10.613479094125468
decision_type=2 2 2 2 2 2 2 2 2 2 2 2 2 2 2 2 2 2 2 2 2 2 2 2 2 2 2 2 2 2
left_child=3 2 -2 -1 7 -6 -7 -4 -8 18 -11 12 13 -12 16 -16 -13 27 19 21 -21 22 26 -20 -22 -26 -5 -18 -3 -30
right_child=1 28 4 9 5 6 8 -9 -10 10 11 14 -14 -15 15 -17 17 -19 23 20 24 -23 -24 -25 25 -27 -28 -29 29 -31
leaf_value=0.23159761506578197 0.067392943696015409 0.013445879973791749 -0.15434480948107585 -0.12974691598311713 -0.39998905539512636 -0.026491673617642753 -0.29762463324836325 0.10997410743600794 -0.10256330114271905 -0.22222626371817156 0.073423776077106595 -0.22141127715940062 -0.090828736488308234 0.39451878353953362 -0.036835542829199271 0.16394606162058681 -0.031802912022386276 0.11542647555470467 0.25359034441087558 -0.27582735359668731 -0.063970392843087517 0.30905475571751595 0.19854106089243523 0.0047852701374462674 0.29463094860315325 -0.038861547037959104 0.042016303923822218 -0.16993250223723325 -0.050857174324807436 0.0035656894503389431
leaf_weight=23 36 1836 21 23 20 49 35 27 36 22 32 23 35 20 44 38 175 20 23 20 30 20 26 21 20 36 31 22 639 4597
leaf_count=23 36 1836 21 23 20 49 35 27 36 22 32 23 35 20 44 38 175 20 23 20 30 20 26 21 20 36 31 22 639 4597
internal_value=-6.53847e-11 -0.0017369 -0.0948786 0.0180006 -0.125952 -0.167193 -0.128394 -0.00566542 -0.19872 0.0107866 -0.0123128 -0.00102161 0.0811601 0.196922 -0.023226 0.0562096 -0.0503665 -0.0322373 0.05061 0.0326186 -0.0277552 0.0966149 0.0435049 0.134842 0.0299359 0.0802429 -0.0311421 -0.0472286 0.00121329 -0.00307606
internal_weight=8000 7296 224 704 188 140 120 48 71 681 431 409 87 52 322 82 240 217 250 206 106 100 80 44 86 56 54 197 7072 5236
internal_count=8000 7296 224 704 188 140 120 48 71 681 431 409 87 52 322 82 240 217 250 206 106 100 80 44 86 56 54 197 7072 5236
is_linear=0
shrinkage=0.05


Tree=214
num_leaves=31
num_cat=0
split_feature=5 4 4 5 3 2 3 4 4 0 3 3 3 2 0 5 2 0 2 3 3 0 4 4 3 4 4 2 4 0
split_gain=99.4317 252.695 328.108 283.731 348.578 331.822 305.075 293.33 234.601 193.885 165.157 241.348 183.642 144.806 155.16 138.24 350.66 295.046 384.125 798.671 412.637 313.249 283.563 435.57 289.348 271.94 234.504 189.809 155.263 133.65
threshold=6.5000000000000009 9.2766853120124146 8.5641975589959021 5.5000000000000009 1357.9306069367974 199.47968383111183 1439.9108083722376 5.543511311351244 7.4804958346753674 3655.2833333333319 2269.7030541227764 2227.6919926964697 2166.7528950174224 213.45565057517638 7505.1083333333354 7.5000000000000009 179.25769711576183 7348.8416666666635 221.341328996329 1640.9278936787207 1545.9507355720573 6248.4500000000025 5.3103786217633422 9.6478497715908258 1573.2264491142125 6.1821011683029559 4.6101952783309761 233.33257363108353 8.0559380836799175 7102.9999999999973
decision_type=2 2 2 2 2 2 2 2 2 2 2 2 2 2 2 2 2 2 2 2 2 2 2 2 2 2 2 2 2 2
left_child=1 2 3 7 5 29 -6 13 9 -8 11 12 15 14 -1 16 22 18 19 21 -20 25 -2 24 -24 -18 -17 -19 -27 -5
right_child=10 -3 -4 4 6 -7 8 -9 -10 -11 -12 -13 -14 -15 -16 26 17 27 20 -21 -22 -23 23 -25 -26 28 -28 -29 -30 -31
leaf_value=0.073354439189036696 -0.21359009998185294 -0.19314729528767724 0.17711800308454606 0.038542979657649995 -0.25080185053801096 0.16933310462960177 0.087074307918548588 -0.05149955642673204 -0.19986825281823126 -0.070515861395704621 0.12037116648821995 -0.13840487416713471 0.12485449165105821 0.0042526794516521953 0.26192155554890634 -0.13581076879054307 0.1402019853591919 -0.019323979369073641 -0.1841926633602097 -0.13219651991412754 0.1331447570025921 0.081505905317537708 -0.022827439627996306 -0.19136359804930789 0.19576712772250177 0.44913130331784484 -0.00015035042977327301 0.12656009975406859 0.25447365953808737 -0.14205892362764902
leaf_weight=24 21 21 21 20 27 28 25 53 27 89 29 31 30 23 20 32 25 128 21 21 20 33 41 24 24 20 7053 27 21 21
leaf_count=24 21 21 21 20 27 28 25 53 27 89 29 31 30 23 20 32 25 128 21 21 20 33 41 24 24 20 7053 27 21 21
internal_value=2.44636e-10 -0.0243297 -0.0149509 -0.0262491 -0.0579671 0.0366514 -0.0968283 0.0363939 -0.0673439 -0.0359566 0.00127714 0.000821022 0.00139336 0.105922 0.159067 0.000900239 0.0285635 0.0553281 0.102733 0.147877 -0.0293939 0.207286 -0.0483239 -0.00932854 0.0578844 0.270176 -0.000763072 0.00608809 0.349429 -0.0539604
internal_weight=8000 399 378 357 237 69 168 120 141 114 7601 7572 7541 67 44 7511 426 316 161 120 41 99 110 89 65 66 7085 155 41 41
internal_count=8000 399 378 357 237 69 168 120 141 114 7601 7572 7541 67 44 7511 426 316 161 120 41 99 110 89 65 66 7085 155 41 41
is_linear=0
shrinkage=0.05


Tree=215
num_leaves=31
num_cat=0
split_feature=0 0 3 3 4 3 3 0 3 5 0 0 0 0 0 0 0 0 0 0 0 0 0 0 0 0 0 0 0 2
split_gain=98.1181 306.701 329.605 293.694 472.041 471.562 1045.23 433.066 417.781 273.908 253.939 244.097 2057.33 524.82 315.702 781.336 714.939 1513.4 347.385 310.144 1463.87 1057.66 1012.53 1775.82 1255.2 882.919 651.313 535.164 746.969 404.466
threshold=9498.9250000000156 9527.6166666666813 1686.2177615856415 1521.5619784063608 11.825039760819079 1421.9929765580284 1372.8890570262058 9778.2416666666686 1597.6872674446824 13.500000000000002 9670.1833333333452 9302.9250000000047 9275.4083333333347 9325.6666666666733 9219.2166666666762 9194.033333333331 9150.4333333333398 9128.6583333333365 9173.9250000000029 8941.658333333331 8892.4083333333347 8991.225000000004 8841.4500000000007 8867.5666666666675 8791.8083333333325 8767.0250000000033 8967.4583333333303 8721.1499999999978 8743.5666666666639 190.7646024515077
decision_type=2 2 2 2 2 2 2 2 2 2 2 2 2 2 2 2 2 2 2 2 2 2 2 2 2 2 2 2 2 2
left_child=11 -2 3 5 -5 6 7 -3 -6 -4 -7 12 14 -13 15 16 17 19 -18 20 22 26 24 -24 25 27 -21 -1 -29 -22
right_child=1 2 9 4 8 10 -8 -9 -10 -11 -12 13 -14 -15 -16 -17 18 -19 -20 21 29 -23 23 -25 -26 -27 -28 28 -30 -31
leaf_value=0.0019839307514082486 -0.17619400062868673 0.13587752572364278 -0.022014285251498223 -0.25130091371635593 0.14111579319705134 -0.044453599236228249 -0.39428243130445484 -0.1169213816174306 -0.1602508898338546 0.17775149204944438 0.16002796474768191 0.24240494658870082 -0.40693688669031669 0.022472017872134389 0.11359502386241671 -0.25019661154477829 0.28877462715871877 -0.34869806377157087 0.05206833591744784 0.073138699776703314 -0.10169529898890428 -0.0032646859204897316 0.47036421202844192 -0.064820470925300355 -0.22415188471636466 0.26807721266823431 0.3972537387703215 -0.31914646894701071 0.027954196545385546 -0.35831395771683144
leaf_weight=6667 31 36 32 36 23 22 20 32 23 37 49 31 31 217 62 31 31 31 31 31 28 186 31 31 62 31 31 31 31 34
leaf_count=6667 31 36 32 36 23 22 20 32 23 37 49 31 31 217 62 31 31 31 31 31 28 186 31 31 62 31 31 31 31 34
internal_value=-1.345e-10 -0.0262427 -0.0112476 -0.0388344 -0.115694 0.000804083 -0.0765402 0.0169133 -0.00956755 0.0851065 0.0966675 0.0011684 -0.000464475 0.0499636 0.00124293 0.000291053 0.00135667 -9.41329e-05 0.170421 0.00140805 -0.000553614 0.0563505 0.00162474 0.202772 -0.00020333 0.00185064 0.235196 0.00062415 -0.145596 -0.242422
internal_weight=8000 341 310 241 82 159 88 68 46 69 71 7659 7411 248 7380 7318 7287 7225 62 7194 6946 248 6884 62 6822 6760 62 6729 62 62
internal_count=8000 341 310 241 82 159 88 68 46 69 71 7659 7411 248 7380 7318 7287 7225 62 7194 6946 248 6884 62 6822 6760 62 6729 62 62
is_linear=0
shrinkage=0.05


Tree=216
num_leaves=31
num_cat=0
split_feature=1 0 0 0 3 3 4 2 0 2 2 0 3 5 1 0 0 5 0 3 3 5 4 2 3 4 2 5 4 3
split_gain=98.1268 558.758 527.233 323.466 495.553 475.312 723.376 766.341 1434.15 593.496 879.448 755.098 622.02 473.26 467.263 1083.66 1172.7 747.903 564.883 552.992 628.025 842.965 654.922 1175.7 1336.54 1063.3 1012.96 823.992 905.347 968.271
threshold=2460.5000000000005 3462.3250000000003 3655.2833333333319 4526.1583333333447 1140.9496355383137 1478.6017101775781 20.507101128849037 218.85163809621653 3883.9333333333329 214.52317668229071 233.9540579441871 3883.9333333333329 1792.7438367862303 14.500000000000002 4564.0000000000009 6325.6833333333361 6352.766666666671 6.5000000000000009 5421.6583333333447 1782.7125310765393 1322.3476595347154 7.5000000000000009 13.28742459665119 202.74699647018463 1500.0458831517851 9.6975238188071895 190.17077202861665 14.500000000000002 12.156541776671455 1584.1763794456463
decision_type=2 2 2 2 2 2 2 2 2 2 2 2 2 2 2 2 2 2 2 2 2 2 2 2 2 2 2 2 2 2
left_child=2 -2 -1 4 -3 6 7 -6 -9 12 11 -11 -7 -12 17 -16 -17 -5 19 20 -19 -22 25 -24 -25 26 -23 28 29 -27
right_child=1 3 -4 14 5 9 -8 8 -10 10 13 -13 -14 -15 15 16 -18 18 -20 -21 21 22 23 24 -26 27 -28 -29 -30 -31
leaf_value=-0.0032802378645288032 0.25994722814787002 0.23998294685568131 -0.12169735710611385 -0.32331351456434831 0.069604533807520408 0.0479603067167442 -0.18893150818637677 0.14413466198742392 -0.35792363123460252 0.044421344866546308 -0.1026322636165117 0.37898615921537082 -0.17623651365025178 0.19313105444113415 0.11954434325782026 -0.30347432824783027 0.00014748412503429577 -0.12143574830732849 -0.24398911863565448 -0.17987707853317261 0.2810955747448165 -0.1103954074547646 0.18040659952049073 0.20144845897952718 -0.21085970595217587 -0.40019343053853068 0.21616040891967714 -0.40400367749148408 0.19678223803639414 0.058814963102340703
leaf_weight=1198 21 28 102 23 166 220 54 25 33 26 38 48 36 21 191 32 5152 95 30 50 29 47 104 30 57 27 48 29 20 20
leaf_count=1198 21 28 102 23 166 220 54 25 33 26 38 48 36 21 191 32 5152 95 30 50 29 47 104 30 57 27 48 29 20 20
internal_value=2.04527e-11 0.00243923 -0.0125714 0.00162958 0.0339169 0.0252664 -0.0246621 0.0149386 -0.141519 0.060948 0.146632 0.261436 0.0164326 0.00263943 -0.00212037 0.00258263 -0.00172672 -0.0436287 -0.0326513 -0.0212482 -0.00557343 0.0212074 0.00147766 0.0669463 -0.0686845 -0.0639909 0.0546012 -0.181348 -0.0849743 -0.204871
internal_weight=8000 6700 1300 6679 695 667 278 224 58 389 133 74 256 59 5984 5375 5184 609 586 556 506 411 382 191 87 191 95 96 67 47
internal_count=8000 6700 1300 6679 695 667 278 224 58 389 133 74 256 59 5984 5375 5184 609 586 556 506 411 382 191 87 191 95 96 67 47
is_linear=0
shrinkage=0.05


Tree=217
num_leaves=31
num_cat=0
split_feature=1 0 0 0 0 0 4 3 0 0 0 0 0 0 2 0 4 0 3 1 0 3 2 2 4 0 3 3 2 3
split_gain=98.269 1210.2 700.447 363.429 957.616 905.575 424.672 429.574 326.439 3182.36 1436.6 1119.28 1504.11 1797.17 533.118 514.752 413.643 617.644 403.099 363.769 626.782 849.642 680.586 823.766 590.404 581.33 867.268 573.796 459.354 458.063
threshold=5887.5000000000009 8052.9916666666641 6352.766666666671 7810.0666666666666 7617.7833333333328 7348.8416666666635 8.9935522727558226 1677.1681143399649 6558.4083333333356 6691.083333333333 6608.4416666666684 6488.4666666666717 6439.3500000000031 6325.6833333333361 208.82976497243143 6381.7833333333365 40.130006713010722 3799.9166666666656 1476.5682512485337 4564.0000000000009 5124.8416666666817 1637.6362405668312 227.53597923786143 198.81427141389742 11.715155938646527 6153.1166666666677 1679.8123433123612 1511.8380481977526 211.36222347131113 1507.2354004886147
decision_type=2 2 2 2 2 2 2 2 2 2 2 2 2 2 2 2 2 2 2 2 2 2 2 2 2 2 2 2 2 2
left_child=1 3 -2 4 5 8 -7 -8 11 10 -10 12 13 16 -12 -15 19 -18 -11 20 -1 22 23 24 -22 29 27 -27 -25 -21
right_child=2 -3 -4 -5 -6 6 7 -9 9 18 14 -13 -14 15 -16 -17 17 -19 -20 25 21 -23 -24 28 -26 26 -28 -29 -30 -31
leaf_value=0.0051779164671462881 0.25030330756101116 -0.32743861752337428 0.003691971470507387 -0.080641758521023676 0.13363365632664168 -0.25693229373012272 -0.1273552712585245 0.088154772452769745 0.052953110183730272 0.032109450327926413 0.28221831917762757 -0.25627405482174997 0.31899215719766089 -0.41248483350200038 0.60195481963455677 -0.13269861485809087 0.016092666266141115 -0.34080529845404356 -0.064941091315820806 0.047620436226435268 -0.33413849718868738 0.091657051359707462 -0.38446220196783543 0.22457526248434317 -0.074041451192654983 0.028966185683384538 0.30445980511605741 -0.23034398453310134 -0.066507885130968961 0.31811880977714768
leaf_weight=2355 29 29 4037 146 129 42 91 31 33 204 22 44 36 31 32 35 27 22 225 29 40 53 24 23 48 64 20 32 33 34
leaf_count=2355 29 29 4037 146 129 42 91 31 33 204 22 44 36 31 32 35 27 22 225 29 40 53 24 23 48 64 20 32 33 34
internal_value=-8.68633e-11 -0.00563378 0.00545088 -0.00324393 -0.000237794 -0.00499521 -0.119803 -0.0725945 0.000437126 0.0371267 0.31286 -0.00598045 -0.00219073 -0.0062195 0.471692 -0.264113 -0.000149248 -0.144147 -0.0187912 0.00241188 -0.00237746 -0.0828884 -0.137953 -0.0968685 -0.192267 0.0713355 0.00493125 -0.0574705 0.0530441 0.193604
internal_weight=8000 3934 4066 3905 3759 3630 164 122 3466 516 87 2950 2906 2870 54 66 2804 49 429 2755 2576 221 168 144 88 179 116 96 56 63
internal_count=8000 3934 4066 3905 3759 3630 164 122 3466 516 87 2950 2906 2870 54 66 2804 49 429 2755 2576 221 168 144 88 179 116 96 56 63
is_linear=0
shrinkage=0.05


Tree=218
num_leaves=31
num_cat=0
split_feature=2 5 2 5 0 3 3 2 4 4 2 1 0 0 0 0 3 3 0 3 4 0 0 0 0 0 0 0 0 0
split_gain=97.1316 239.641 267.807 190.457 109.244 322.918 288.481 598.563 238.091 638.532 758.74 181.585 486.011 290.23 335.906 545.381 647.348 544.819 495.65 478.68 453.996 360.754 557.92 292.273 262.256 1266.98 486.006 486.425 364.504 346.898
threshold=276.09341225257418 9.5000000000000018 281.53838059021911 18.500000000000004 9730.8000000000065 1786.7377036846262 1622.4855371113606 194.37180244733483 9.1043884646038578 13.142252506006455 208.82976497243143 7306.0000000000009 9474.6416666666792 7990.6166666666641 9347.8166666666712 9448.7250000000113 1625.2167349657268 1855.7365827366236 9105.7500000000036 1521.5619784063608 15.571595949758875 8362.0666666666602 8189.0833333333294 9150.4333333333398 8467.6249999999945 8504.9249999999865 8552.9833333333318 8941.658333333331 9248.0250000000033 8892.4083333333347
decision_type=2 2 2 2 2 2 2 2 2 2 2 2 2 2 2 2 2 2 2 2 2 2 2 2 2 2 2 2 2 2
left_child=4 -2 -3 -4 11 6 8 -8 -6 -10 -11 12 24 -13 17 -16 19 18 21 -17 -18 22 -15 -20 -1 -26 -27 29 -29 -28
right_child=1 2 3 -5 5 -7 7 -9 9 10 -12 13 -14 14 15 16 20 -19 23 -21 -22 -23 -24 -25 25 26 27 28 -30 -31
leaf_value=0.0013793216142309369 -0.1025392707809806 0.22157187221141963 0.11600180086493493 -0.085711952502077277 0.087495761408525358 0.1410705785859715 0.01380896270275116 -0.3730253474414349 -0.25556697609523932 0.16481230167823066 -0.21147529564443091 0.19102391886214418 -0.2185784355307428 0.051096947485011472 0.20474458682749952 0.017580422659715017 0.29864857693513236 -0.15282236249358566 -0.21280905733505887 -0.21600503566963922 -0.00038904554464600302 0.055695055087509493 -0.10641844672638745 -0.036571715045036805 -0.33863588438252923 0.17062635344989374 -0.058691021349264065 0.053218519677008906 -0.04943804887383163 -0.24271557616262604
leaf_weight=5919 20 26 25 22 34 22 20 20 30 37 21 24 26 121 56 90 30 54 30 29 22 438 105 109 32 33 219 210 147 29
leaf_count=5919 20 26 25 22 34 22 20 20 30 37 21 24 26 121 56 90 30 54 30 29 22 438 105 109 32 33 219 210 147 29
internal_value=1.27289e-10 0.0508007 0.0928117 0.0215826 -0.000597504 -0.0386731 -0.0630828 -0.179608 -0.0248777 -0.0682947 0.0285702 0.000309645 -0.00282813 0.0190429 0.0152352 0.0693158 0.0249649 0.000910422 0.0112486 -0.0393438 0.172133 0.0292217 -0.022085 -0.0746086 -0.00197679 -0.0316258 -0.0162271 -0.0264192 0.0109482 -0.08021
internal_weight=8000 93 73 47 7907 184 162 40 122 88 58 7723 6615 1108 1084 227 171 857 803 119 52 664 226 139 6589 670 638 605 357 248
internal_count=8000 93 73 47 7907 184 162 40 122 88 58 7723 6615 1108 1084 227 171 857 803 119 52 664 226 139 6589 670 638 605 357 248
is_linear=0
shrinkage=0.05


Tree=219
num_leaves=31
num_cat=0
split_feature=2 4 0 4 3 2 5 0 5 4 3 2 3 4 4 1 0 4 4 2 5 4 3 2 3 2 2 5 4 5
split_gain=94.7839 443.311 598.456 380.641 295.511 370.241 293.304 263.134 265.261 484.802 347.371 249.914 271.854 222.951 211.65 492.859 520.045 318.253 277.422 197.775 297.794 196.828 188.787 290.159 631.52 442.203 320.728 399.224 303.593 239.037
threshold=243.07831350556964 26.449799407788365 6535.341666666669 4.9984562358984226 1478.6017101775781 245.14651365640785 24.500000000000004 4033.2000000000021 19.500000000000004 15.39513146721759 1301.9253998720794 246.05188832460524 1682.800929222419 13.218482506908311 11.077233708717118 2460.5000000000005 6784.5500000000002 16.990403010087928 8.7260499017433002 241.65373388955811 14.500000000000002 34.223383060428084 1822.7811643038331 191.12449617093901 2034.7417920164355 194.06843407976604 168.41839022878284 14.500000000000002 14.813948668572261 23.500000000000004
decision_type=2 2 2 2 2 2 2 2 2 2 2 2 2 2 2 2 2 2 2 2 2 2 2 2 2 2 2 2 2 2
left_child=19 3 -3 -2 5 -5 11 13 9 10 -9 12 -6 -7 18 -16 17 -17 -13 22 -21 -4 -1 24 26 -25 27 -24 -28 -27
right_child=1 2 21 4 6 7 -8 8 -10 -11 -12 14 -14 -15 15 16 -18 -19 -20 20 -22 -23 23 25 -26 29 28 -29 -30 -31
leaf_value=-0.0031121440942107762 0.20351276758086423 0.33281458902359007 0.13455167211916136 0.22523153349757197 -0.26844405572861435 0.22010003316860935 -0.20994008346037432 -0.15335996301344984 -0.16593621348341306 0.17522924606289184 0.032493684670099846 0.015528109421332679 -0.016390441738716937 0.0087669123895466328 -0.16150019930468665 0.33628811736901604 0.0037862402531835767 0.066227094531059266 -0.13577737639924245 -0.19330865214719917 0.026309293521375496 -0.070136307800809539 0.21305938457187856 0.2864743956923485 -0.21115974417754582 0.025939461088925603 0.02590411532217184 -0.054580534097145909 -0.15841834383900277 0.16374428044849387
leaf_weight=6749 23 25 23 24 20 26 22 41 24 35 65 66 23 24 27 24 90 20 56 33 29 24 38 20 35 250 74 22 32 36
leaf_count=6749 23 25 23 24 20 26 22 41 24 35 65 66 23 24 27 24 90 20 56 33 29 24 38 20 35 250 74 22 32 36
internal_value=-1.70553e-10 0.0178277 0.135164 0.00397825 -0.00383996 0.0389684 -0.03324 0.0181762 -0.0122734 0.0138819 -0.0393931 -0.0213154 -0.133625 0.11866 -0.00425076 0.0333895 0.0726583 0.213533 -0.0539236 -0.00166145 -0.0905841 0.0300302 -0.00090164 0.0285238 -0.0181472 0.0591802 0.0225482 0.114925 -0.0297404 0.0432855
internal_weight=8000 682 72 610 587 239 348 215 165 141 106 326 43 50 283 161 134 44 122 7318 62 47 7256 507 201 306 166 60 106 286
internal_count=8000 682 72 610 587 239 348 215 165 141 106 326 43 50 283 161 134 44 122 7318 62 47 7256 507 201 306 166 60 106 286
is_linear=0
shrinkage=0.05


Tree=220
num_leaves=31
num_cat=0
split_feature=1 0 0 2 0 3 4 3 2 2 0 3 2 2 2 2 2 5 5 5 3 2 2 2 4 3 3 5 2 2
split_gain=94.9683 501.303 497.755 337.113 382.166 325.636 398.925 324.803 419.111 358.471 361.024 451.666 333.768 301.532 299.989 545.358 536.798 1008.02 441.884 399.507 339.756 1008.32 680.888 1021.89 659.629 618.848 509.021 544.547 587.247 537.383
threshold=2460.5000000000005 3485.9666666666658 3777.6666666666647 159.5816485490592 3225.9166666666674 1474.6829304088781 12.26831205100544 1777.0898314579983 239.23125050086125 179.25769711576183 3436.641666666666 1387.5604928866035 170.35633828061583 199.47968383111183 227.97776161087373 222.77019198386947 244.14631168610984 21.500000000000004 20.500000000000004 13.500000000000002 1560.0540965913624 198.27074814468719 203.90556816741034 207.67427475165485 11.512076363643251 1637.6362405668312 1525.8816454716768 7.5000000000000009 217.76168394787899 170.35633828061583
decision_type=2 2 2 2 2 2 2 2 2 2 2 2 2 2 2 2 2 2 2 2 2 2 2 2 2 2 2 2 2 2
left_child=2 -2 3 5 14 6 -1 8 9 12 11 -11 -6 -13 15 20 17 -16 19 -18 26 25 -23 -24 -25 -22 27 -5 29 -29
right_child=1 -3 -4 4 7 -7 -8 -9 -10 10 -12 13 -14 -15 16 -17 18 -19 -20 -21 21 22 23 24 -26 -27 -28 28 -30 -31
leaf_value=-0.17290587311699279 0.19113314339092802 0.0014085546058337315 -0.24817631093531173 0.18640353426337242 -0.09278818994760514 -0.17648134921411318 0.10755287352949382 0.08856875902185074 0.11479947546432759 -0.39506587967986156 -0.061986658426672774 0.026885629764625003 0.19607514825649561 -0.2103282595808442 -0.038284364088279448 0.20955897864045167 0.075421181652785801 -0.43418224714696407 0.24744029668244449 -0.19715650007128716 0.28932477851899774 -0.31952414680272345 0.31299160875380044 0.10978087484836579 -0.26347255398487224 0.0726625686387221 -0.16949542535598888 -0.14546579262043566 -0.26493922869364422 0.039545018238430263
leaf_weight=21 35 6665 22 40 20 56 32 39 29 21 136 21 20 37 82 41 41 20 22 20 52 20 20 20 29 90 43 47 21 238
leaf_count=21 35 6665 22 40 20 56 32 39 29 21 136 21 20 37 82 41 41 20 22 20 52 20 20 20 29 90 43 47 21 238
internal_value=-1.44897e-10 0.00239965 -0.0123674 -0.00830814 -0.000466648 -0.0924063 -0.00357229 -0.0467338 -0.0653141 -0.0857976 -0.111368 -0.196379 0.0516435 -0.12444 0.017198 0.0329495 -0.0390818 -0.115911 0.0553352 -0.0139486 0.0212705 0.0693021 -0.0626487 0.0118079 -0.111124 0.152004 -0.00725209 0.0129111 -0.00976765 0.00903446
internal_weight=8000 6700 1300 1278 1169 109 53 323 284 255 215 79 40 58 846 661 185 102 83 61 620 231 89 69 49 142 389 346 306 285
internal_count=8000 6700 1300 1278 1169 109 53 323 284 255 215 79 40 58 846 661 185 102 83 61 620 231 89 69 49 142 389 346 306 285
is_linear=0
shrinkage=0.05


Tree=221
num_leaves=31
num_cat=0
split_feature=1 0 0 0 0 0 4 3 2 0 0 0 0 0 0 0 0 2 0 4 0 3 5 2 3 2 3 0 2 0
split_gain=92.2338 1102.85 627.834 380.03 779.289 813.55 383.796 391.821 353.651 328.31 677.347 295.043 2866.44 1299.48 1056.05 3402.49 1615.11 480.409 460.651 376.874 766.665 363.128 326.279 487.038 381.372 627.915 609.551 1059.36 613.729 479.227
threshold=5887.5000000000009 8066.9666666666653 6381.7833333333365 7825.3916666666673 7617.7833333333328 7348.8416666666635 8.9935522727558226 1677.1681143399649 206.61975441253409 7906.6166666666659 7939.3499999999967 6558.4083333333356 6691.083333333333 6608.4416666666684 6467.1916666666702 6439.3500000000031 6325.6833333333361 208.82976497243143 6381.7833333333365 38.669468913299042 3799.9166666666656 1922.9377776640456 29.500000000000004 182.46372161654969 1175.5767953873162 177.22133230526421 1266.6198827713893 4142.9750000000058 205.47285912278969 5468.6000000000104
decision_type=2 2 2 2 2 2 2 2 2 2 2 2 2 2 2 2 2 2 2 2 2 2 2 2 2 2 2 2 2 2
left_child=1 3 -2 4 5 11 -7 -8 -6 -5 -11 14 13 -13 15 16 19 -15 -18 22 -21 -14 24 -24 25 -1 27 28 -26 -28
right_child=2 -3 -4 9 8 6 7 -9 -10 10 -12 12 21 17 -16 -17 18 -19 -20 20 -22 -23 23 -25 26 -27 29 -29 -30 -31
leaf_value=-0.1236282017827034 0.19100549548864365 -0.35847787606445225 0.0032023559248879059 -0.19889653690245956 0.18743726992374893 -0.24404070451855661 -0.1210980043224581 0.084724308814733265 0.026266309179243497 0.1918333734869957 -0.1081930835155378 0.049666422549070735 -0.0062155751465235104 0.26805767037651757 -0.21343420840799809 0.64839680045843129 -0.39087035021474287 0.57157671172171831 -0.12619536514793125 0.03467525704340501 -0.32836535775031034 -0.19900779460485166 -0.064304072062174478 0.18535411043890887 0.10388278587506368 0.13418654149045814 -0.003897917047808213 -0.23905905084432783 -0.1363276386840476 0.092820194436182446
leaf_weight=30 45 22 4021 43 77 42 91 31 61 25 76 33 403 22 60 20 31 32 35 33 26 26 30 56 65 111 2198 74 45 136
leaf_count=30 45 22 4021 43 77 42 91 31 61 25 76 33 403 22 60 20 31 32 35 33 26 26 30 56 65 111 2198 74 45 136
internal_value=2.2912e-10 -0.00545804 0.00528085 -0.00347275 -0.000426225 -0.00485976 -0.113678 -0.0687989 0.116195 -0.0831902 -0.0339291 0.000289165 0.0351698 0.296859 -0.005812 -0.0015015 -0.00603041 0.447921 -0.250512 -0.00027584 -0.125309 -0.0179 0.00241157 0.098264 -0.000688585 0.0793323 -0.0051695 -0.0927866 0.00561488 0.00173776
internal_weight=8000 3934 4066 3912 3768 3630 164 122 138 144 101 3466 516 87 2950 2890 2870 54 66 2804 59 429 2745 86 2659 141 2518 184 110 2334
internal_count=8000 3934 4066 3912 3768 3630 164 122 138 144 101 3466 516 87 2950 2890 2870 54 66 2804 59 429 2745 86 2659 141 2518 184 110 2334
is_linear=0
shrinkage=0.05


Tree=222
num_leaves=31
num_cat=0
split_feature=1 0 0 2 4 4 5 3 3 2 0 3 4 5 3 5 0 0 4 3 3 4 0 2 2 2 2 0 0 5
split_gain=88.7984 475.628 459.741 374.677 380.034 468.539 857.723 419.544 758.994 599.552 375.356 374.819 363.59 345.406 330.816 315.979 463.758 290.435 722.478 684.586 572.765 513.429 409.549 416.788 591.062 890.955 685.848 1610.48 545.532 532.903
threshold=2460.5000000000005 3839.2833333333342 3580.4416666666662 159.5816485490592 5.0866478485084352 7.6902734855555286 6.5000000000000009 1378.2186846733991 1503.6328765085202 204.81019358220982 2686.9083333333351 1474.6829304088781 16.822650942137987 38.500000000000007 1140.9496355383137 34.500000000000007 6923.324999999998 2929.0083333333328 9.5888386805706336 1332.2443936707948 1501.4861128424523 8.3789351361909468 2835.2916666666683 255.39380195979035 227.97776161087373 220.9654830135853 210.03363936655074 2232.9666666666676 1883.1833333333338 24.500000000000004
decision_type=2 2 2 2 2 2 2 2 2 2 2 2 2 2 2 2 2 2 2 2 2 2 2 2 2 2 2 2 2 2
left_child=2 -2 3 11 10 6 -6 -8 -9 -10 -5 -1 -4 15 -7 -3 -17 21 20 -20 -19 -16 23 24 25 26 28 -28 -23 -30
right_child=1 13 12 4 5 14 7 8 9 -11 -12 -13 -14 -15 17 16 -18 18 19 -21 -22 22 -24 -25 -26 -27 27 -29 29 -31
leaf_value=0.013644291054118763 0.067584130499831668 -0.0008714704834679928 -0.15270659084004973 0.020386084616184238 -0.17354245042800906 0.17156012411470767 -0.016956321994463602 0.38764577122295607 0.23906843767446628 -0.067602915242314349 -0.27578791386407353 -0.18294980492166901 0.0085239906609058374 -0.19381523948648705 -0.17450026923959905 0.30253141323725385 0.0216926105168401 0.3407321289926768 -0.26107549796856583 -0.040863502557427371 -0.025126818470332934 -0.19429349290288014 0.18052380019571723 0.23852188382996245 -0.11049605494216932 0.28599866346921771 0.13064939464841571 -0.48858297580764409 0.086658290418347828 -0.14894893809601115
leaf_weight=44 268 6339 96 20 25 27 30 34 34 30 23 54 55 23 33 21 49 20 42 221 23 23 41 20 88 32 21 21 216 27
leaf_count=44 268 6339 96 20 25 27 30 34 34 30 23 54 55 23 33 21 49 20 42 221 23 23 41 20 88 32 21 21 216 27
internal_value=1.89485e-11 0.00232039 -0.011959 -0.00117983 0.00753883 0.0137487 0.094333 0.146652 0.196737 0.0953162 -0.138033 -0.0946831 -0.0939802 -0.000398928 -0.000671618 0.000295186 0.105944 -0.00628787 -0.044965 -0.0760304 0.14504 0.0163849 0.0292667 0.015424 0.00499887 0.0348917 0.00880264 -0.178967 0.0384504 0.0604797
internal_weight=8000 6700 1300 1149 1051 1008 153 128 98 64 43 98 151 6432 855 6409 70 828 306 263 43 522 489 448 428 340 308 42 266 243
internal_count=8000 6700 1300 1149 1051 1008 153 128 98 64 43 98 151 6432 855 6409 70 828 306 263 43 522 489 448 428 340 308 42 266 243
is_linear=0
shrinkage=0.05


Tree=223
num_leaves=31
num_cat=0
split_feature=3 3 2 5 4 0 0 0 4 3 2 0 0 0 3 0 0 0 2 2 5 2 3 2 2 5 5 3 2 4
split_gain=87.2176 676.016 410.906 527.26 402.104 381.962 381.472 314.185 279.801 245.736 231.634 473.496 330.95 255.878 253.236 865.104 753.631 485.085 209.245 389.925 350.087 177.88 354.655 167.975 168.219 152.35 144.228 138.683 377.443 491.176
threshold=1230.6070692165774 1262.1504428376402 181.81615370261974 9.5000000000000018 11.88997920898383 6325.6833333333361 2187.9250000000006 3984.0166666666687 7.3649405949587683 1209.0345600312203 184.6135618537586 2788.7583333333355 4200.025000000006 6295.8333333333376 1175.5767953873162 4956.1000000000176 6153.1166666666677 4086.0750000000025 212.49504542765789 226.27126180477848 13.500000000000002 195.72170639825779 1122.860583453599 218.85163809621653 193.75633441160548 14.500000000000002 10.500000000000002 1338.5713926340702 206.36459478196568 32.50540020614676
decision_type=2 2 2 2 2 2 2 2 2 2 2 2 2 2 2 2 2 2 2 2 2 2 2 2 2 2 2 2 2 2
left_child=6 2 4 8 -2 7 -1 -5 -4 10 12 -12 -8 -14 15 17 -16 -13 21 -20 -21 22 -17 24 26 -18 -11 28 29 -3
right_child=1 27 3 5 -6 -7 9 -9 -10 23 11 14 13 -15 16 18 25 -19 19 20 -22 -23 -24 -25 -26 -27 -28 -29 -30 -31
leaf_value=0.21708073914051057 -0.11862649149619615 0.062746953300833172 -0.10940684460103511 -0.16608938173107479 0.14609640594571829 -0.11279810587816602 0.17406657204816217 -0.43038713308897886 0.14899354328994047 0.18747428670525551 -0.25675492400214789 0.065194822321919838 -0.15797726690769198 0.035548538472662622 -0.30609162492953518 -0.19303837729536968 0.068754756711423393 0.36250734044157945 -0.21177528523104755 -0.15505830402727483 0.073648558895696298 0.075562528310049532 0.094852649495005603 0.17671107808748882 -0.033601402642116661 -0.083313012229544792 0.020809437168969047 -0.0012994058094145751 -0.021778869307631215 -0.19089575126767158
leaf_weight=23 26 418 20 23 32 79 38 22 22 25 21 34 20 117 27 23 40 23 38 27 44 57 20 30 42 28 27 6336 298 20
leaf_count=23 26 418 20 23 32 79 38 22 22 25 21 34 20 117 27 23 40 23 38 27 44 57 20 30 42 28 27 6336 298 20
internal_value=7.54455e-11 -0.0016217 -0.0871389 -0.127168 0.0274275 -0.179029 0.0168067 -0.295302 0.0259457 0.0100427 -0.00412874 -0.0259525 0.0435095 0.0072966 -0.0125264 0.0125001 -0.0826005 0.185163 -0.0345898 -0.0825092 -0.0133245 0.0176423 -0.0591356 0.0736999 0.040824 0.00613862 0.100937 0.00108699 0.0216307 0.0511651
internal_weight=8000 7296 224 166 58 124 704 45 42 681 557 382 175 137 361 266 95 57 209 109 71 100 43 124 94 68 52 7072 736 438
internal_count=8000 7296 224 166 58 124 704 45 42 681 557 382 175 137 361 266 95 57 209 109 71 100 43 124 94 68 52 7072 736 438
is_linear=0
shrinkage=0.05


Tree=224
num_leaves=31
num_cat=0
split_feature=3 3 3 1 0 0 3 0 0 0 3 0 0 0 0 0 0 0 3 3 3 0 0 4 4 2 5 2 0 2
split_gain=86.6835 223.64 126.294 101.252 986.189 539.003 483.2 377.163 722.877 732.207 412.896 734.219 358.41 2670.83 986.505 3056.58 1221.68 533.601 522.61 417.727 787.067 347.402 396.995 332.159 377.945 983.719 802.628 726.497 545.025 757.504
threshold=2269.7030541227764 2227.6919926964697 2166.7528950174224 5887.5000000000009 8066.9666666666653 6488.4666666666717 1674.4739775101095 7825.3916666666673 7617.7833333333328 7348.8416666666635 2034.7417920164355 3984.0166666666687 6558.4083333333356 6635.0583333333361 6467.1916666666702 6439.3500000000031 6295.8333333333376 6735.8416666666662 1484.9858087871814 1922.9377776640456 1957.8134568867961 7505.1083333333354 7440.2583333333323 40.130006713010722 13.479282894791572 136.12218445646346 12.500000000000002 162.81742421375992 3799.9166666666656 232.84435132740751
decision_type=2 2 2 2 2 2 2 2 2 2 2 2 2 2 2 2 2 2 2 2 2 2 2 2 2 2 2 2 2 2
left_child=1 2 3 4 7 6 -5 8 9 10 12 -12 14 18 15 16 19 -15 -14 23 -21 22 -11 24 26 -26 -1 -28 29 -29
right_child=-2 -3 -4 5 -6 -7 -8 -9 -10 21 11 -13 13 17 -16 -17 -18 -19 -20 20 -22 -23 -24 -25 25 -27 27 28 -30 -31
leaf_value=0.003371212872665362 0.083447695691739363 -0.13435950498547286 0.10092218746581386 0.17836065977238691 -0.33977385041388602 0.002438681227745659 -0.086962254768745473 -0.084030454403156762 0.1117151024013785 -0.095101693188244449 0.069894124161113388 -0.31922957897186283 0.24413208592616553 0.13354884152103105 -0.20747439281667696 0.61503055967390541 -0.19309076544429576 -0.020354107992170613 0.56978401921012189 0.37736718345965659 -0.016571860539261251 -0.031424343913793562 -0.31812938779476102 -0.13693514216277333 -0.32697851426899432 0.026651778562388484 0.13685460255453083 -0.093472716115354529 -0.17794187667985892 0.20843252563476564
leaf_weight=1082 31 31 31 78 22 3927 22 142 137 53 22 27 28 66 59 20 84 384 22 21 32 75 32 45 20 1177 33 123 149 25
leaf_count=1082 31 31 31 78 22 3927 22 142 137 53 22 27 28 66 59 20 84 384 22 21 32 75 32 45 20 1177 33 123 149 25
internal_value=-2.52441e-10 -0.000324618 0.000198824 -0.00019607 -0.00596031 0.00535775 0.11999 -0.00405676 -0.00100071 -0.00531534 -0.000423004 -0.144521 0.00167219 0.0407384 -0.00513377 -0.000886847 -0.00530044 0.00221832 0.387419 0.000526814 0.139517 -0.109858 -0.179065 -0.0022488 7.42647e-05 0.0207432 -0.0174475 -0.0857075 -0.110437 -0.0424752
internal_weight=8000 7969 7938 7907 3880 4027 100 3858 3716 3579 3419 49 3370 500 2870 2811 2791 450 50 2707 53 160 85 2654 2609 1197 1412 330 297 148
internal_count=8000 7969 7938 7907 3880 4027 100 3858 3716 3579 3419 49 3370 500 2870 2811 2791 450 50 2707 53 160 85 2654 2609 1197 1412 330 297 148
is_linear=0
shrinkage=0.05


Tree=225
num_leaves=31
num_cat=0
split_feature=1 0 0 2 4 3 0 3 3 3 3 4 4 2 0 2 5 3 4 2 2 0 0 0 1 0 0 5 0 3
split_gain=87.0919 430.129 429.75 284.009 949.539 272.369 263.735 469.571 462.735 450.401 466.249 649.414 720.402 704.204 1392.49 513.473 841.033 425.105 498.866 693.902 543.412 453.348 402.63 1101.8 313.606 854.225 981.747 681.184 501.904 529.3
threshold=2460.5000000000005 3462.3250000000003 3777.6666666666647 153.81864836932456 12.26831205100544 971.62814577206768 4526.1583333333447 1140.9496355383137 1937.0146770666013 1830.6218216340048 1478.6017101775781 20.507101128849037 16.048220032638188 218.85163809621653 4086.0750000000025 205.47285912278969 8.5000000000000018 1494.4659893970108 19.081099274205084 240.14712312430743 182.81754309694188 4086.0750000000025 3839.2833333333342 4142.9750000000058 4564.0000000000009 6325.6833333333361 6352.766666666671 6.5000000000000009 5421.6583333333447 1782.7125310765393
decision_type=2 2 2 2 2 2 2 2 2 2 2 2 2 2 2 2 2 2 2 2 2 2 2 2 2 2 2 2 2 2
left_child=2 -2 3 4 -1 -3 7 -7 9 10 11 12 13 15 -15 16 -9 -12 19 -19 -20 -22 -18 -24 27 -26 -27 -8 29 -29
right_child=1 5 -4 -5 -6 6 24 8 -10 -11 17 -13 -14 14 -16 -17 22 18 20 -21 21 -23 23 -25 25 26 -28 28 -30 -31
leaf_value=-0.30237122873465222 0.22823002423558916 -0.16313929641246797 -0.23095267228782179 -0.0022701809955644903 0.059955989122390752 0.23579710147998953 -0.30217378968777869 0.2022227247556051 0.24347293066751696 -0.18089466760201114 0.24663553218646297 -0.17946266678196413 0.22207175084522796 0.079007020716865869 -0.45960376560688021 0.20069606391822592 0.055040914326906214 0.037058542502447243 -0.046575641150896747 -0.25836267010732133 0.11678935932842167 0.40239097749193509 -0.48025668270885946 -0.0071782233892008669 0.10650517044111073 -0.27725915526971223 0.00054888337611918995 0.001475920925513058 -0.22393316030502319 -0.1690987760424614
leaf_weight=33 21 25 22 1205 40 27 23 30 23 28 29 54 35 24 24 34 25 206 24 22 33 24 20 32 191 32 5131 503 30 50
leaf_count=33 21 25 22 1205 40 27 23 30 23 28 29 54 35 24 24 34 25 206 24 22 33 24 20 32 191 32 5131 503 30 50
internal_value=-1.17289e-10 0.00229799 -0.0118435 -0.00807166 -0.103836 0.00158762 0.00220652 0.0313778 0.023103 0.0152326 0.0241475 -0.0238175 0.0137041 -0.0248825 -0.190298 0.0314293 -0.0223564 0.063598 0.0464197 0.00855299 0.153008 0.237043 -0.109855 -0.189131 -0.00119027 0.00266838 -0.00117296 -0.0352814 -0.0247522 -0.0139467
internal_weight=8000 6700 1300 1278 73 6679 6654 694 667 644 616 278 224 189 48 141 107 338 309 228 81 57 77 52 5960 5354 5163 606 583 553
internal_count=8000 6700 1300 1278 73 6679 6654 694 667 644 616 278 224 189 48 141 107 338 309 228 81 57 77 52 5960 5354 5163 606 583 553
is_linear=0
shrinkage=0.05


Tree=226
num_leaves=31
num_cat=0
split_feature=0 4 3 4 4 2 2 2 2 5 2 0 4 0 0 0 0 0 0 0 0 0 0 0 0 0 0 0 0 0
split_gain=85.753 318.082 533.026 470.486 382.274 334.54 241.408 645.997 413.302 273.297 972.53 425.418 636.002 211.728 1825.88 487.233 290.633 705.916 639.181 1323.37 309.806 255.891 1273.79 939.322 918.545 1602.76 1132.89 800.193 578.577 480.587
threshold=9498.9250000000156 19.759415726486719 1615.5828513711426 23.281441445772895 17.594053504124819 201.89320699027576 164.35271298139619 175.2797605201275 182.81754309694188 12.500000000000002 204.81019358220982 9670.1833333333452 7.6902734855555286 9302.9250000000047 9275.4083333333347 9325.6666666666733 9219.2166666666762 9194.033333333331 9150.4333333333398 9128.6583333333365 9173.9250000000029 8941.658333333331 8892.4083333333347 8991.225000000004 8841.4500000000007 8867.5666666666675 8791.8083333333325 8767.0250000000033 8967.4583333333303 8721.1499999999978
decision_type=2 2 2 2 2 2 2 2 2 2 2 2 2 2 2 2 2 2 2 2 2 2 2 2 2 2 2 2 2 2
left_child=13 4 3 -3 6 -5 -2 -8 -9 11 -11 -10 -13 14 16 -15 17 18 19 21 -20 22 24 28 26 -26 27 29 -23 -1
right_child=1 2 -4 5 -6 -7 7 8 9 10 -12 12 -14 15 -16 -17 -18 -19 20 -21 -22 23 -24 -25 25 -27 -28 -29 -30 -31
leaf_value=0.0018938386192292559 -0.15003827889931615 -0.38569419458508492 0.091276389360427868 0.0494902667545137 0.20768357515335084 -0.23624330729246143 0.2478690189193003 -0.22621929386387701 0.18925746168113419 -0.35814622679636599 0.06027692367390889 0.18003433670686642 -0.15309160743889058 0.23195930159380362 -0.38335432900536448 0.020048400028372691 0.10897894637478936 -0.23782481080101384 0.27290466495098603 -0.32607543335686767 0.04936777705386762 0.067021388921045491 -0.22608869208094304 -0.0049625328447486993 0.44736592126409375 -0.06107204941011244 -0.21293613622565905 0.25522066926763903 0.37250279889952753 -0.13795868590954813
leaf_weight=6667 29 20 24 21 21 20 24 23 36 21 41 23 38 31 31 217 62 31 31 31 31 31 62 186 31 31 62 31 31 62
leaf_count=6667 29 20 24 21 21 20 24 23 36 21 41 23 38 31 31 217 62 31 31 31 31 31 62 186 31 31 62 31 31 62
internal_value=5.37828e-11 -0.0245334 -0.108339 -0.186876 0.00329265 -0.089892 -0.0149721 0.0040421 -0.0281109 0.000546292 -0.081447 0.0529544 -0.0274867 0.0010923 -0.000428463 0.0465373 0.00118003 0.000266733 0.00127961 -9.21695e-05 0.161136 0.00131254 -0.000469307 0.0512186 0.00156271 0.193147 -0.000178454 0.00177287 0.219762 0.000605258
internal_weight=8000 341 85 61 256 41 235 206 182 159 62 97 61 7659 7411 248 7380 7318 7287 7225 62 7194 6946 248 6884 62 6822 6760 62 6729
internal_count=8000 341 85 61 256 41 235 206 182 159 62 97 61 7659 7411 248 7380 7318 7287 7225 62 7194 6946 248 6884 62 6822 6760 62 6729
is_linear=0
shrinkage=0.05


Tree=227
num_leaves=31
num_cat=0
split_feature=1 0 0 0 0 3 0 0 0 0 0 5 4 2 2 4 4 3 2 4 0 5 2 4 5 0 1 0 0 0
split_gain=87.4689 383.993 301.221 436.984 334.568 270.71 247.34 442.256 1024.67 516.156 415.75 333.481 334.612 324.618 284.215 272.186 676.447 1277.43 546.154 448.546 544.84 402.318 1192.56 298.826 298.539 285.339 1179.02 1936.35 414.329 368.854
threshold=7306.0000000000009 9325.6666666666733 8121.1499999999987 8345.8333333333303 8379.2333333333318 1344.0174896862243 9150.4333333333398 8467.6249999999945 8504.9249999999865 8552.9833333333318 9194.033333333331 18.500000000000004 18.191538826863411 200.46321742150107 218.41368722712366 27.23656667642511 25.911065653477355 1605.2110065906973 197.63841370295782 31.289028799677919 5068.7000000000162 27.500000000000004 195.03428327553095 30.796441897074434 36.500000000000007 8256.391666666661 6517.5000000000009 8287.899999999996 8089.3999999999951 8138.4333333333288
decision_type=2 2 2 2 2 2 2 2 2 2 2 2 2 2 2 2 2 2 2 2 2 2 2 2 2 2 2 2 2 2
left_child=1 6 5 -4 -5 -2 7 15 -9 -10 -8 -11 -13 -14 -12 16 25 18 -18 23 21 22 -21 -17 -23 28 -27 -28 -1 -30
right_child=2 -3 3 4 -6 -7 10 8 9 11 14 12 13 -15 -16 19 17 -19 -20 20 -22 24 -24 -25 -26 26 27 -29 29 -31
leaf_value=0.00074733307441682024 -0.044978871941566467 -0.088079126435332 -0.077552891160537318 0.21815853863954546 0.011680817511972511 0.1342767113710151 0.21582340068316888 -0.32205643965862696 0.16122716107603274 -0.020065485987685285 0.065879348742550817 -0.2852064790725708 -0.17052847480600966 0.057880577657903942 -0.14879677685953321 0.071680125890425148 0.1243301168535695 -0.44035388088226324 -0.1504604495316744 -0.23134849518537523 0.051322111708349466 -0.18989908474942913 0.26883889024074259 0.26617500937797806 0.02540755161039886 -0.05719600454692475 0.54980967336893083 0.065030844828002476 -0.18575337364993716 -0.029748726996967175
leaf_weight=4881 28 128 143 20 1030 85 35 32 33 308 58 25 35 28 21 193 33 25 40 22 204 69 26 22 21 132 25 117 54 127
leaf_count=4881 28 128 143 20 1030 85 35 32 33 308 58 25 35 28 21 193 33 25 40 22 204 69 26 22 21 132 25 117 54 127
internal_value=9.54242e-11 -0.0023093 0.0118365 0.00444623 0.0156137 0.0898594 -0.000637273 -0.00192722 -0.0491182 -0.0287592 0.0723692 -0.0445913 -0.130432 -0.0690133 0.00881354 0.00170407 -0.00170803 -0.131881 -0.0262401 0.0349919 -0.000583694 -0.077314 0.0395863 0.0915819 -0.139661 0.00068271 0.0503795 0.150379 -0.00200732 -0.0762915
internal_weight=8000 6694 1306 1193 1050 113 6566 6452 461 429 114 396 88 63 79 5991 5434 98 73 557 342 138 48 215 90 5336 274 142 5062 181
internal_count=8000 6694 1306 1193 1050 113 6566 6452 461 429 114 396 88 63 79 5991 5434 98 73 557 342 138 48 215 90 5336 274 142 5062 181
is_linear=0
shrinkage=0.05


Tree=228
num_leaves=31
num_cat=0
split_feature=3 3 4 4 4 4 0 5 5 4 3 3 2 2 3 3 2 4 0 4 2 3 3 4 4 0 2 2 0 5
split_gain=84.9996 468.578 320.356 782.216 487.529 353.451 507.938 311.084 510.378 1063.86 397.402 391.59 457.751 448.092 313.446 289.071 551.387 489.045 273.139 344.998 246.388 475.398 453.355 637.383 336.672 326.239 789.99 350.081 702.763 712.072
threshold=1615.5828513711426 1618.4337489823185 14.726919788818416 16.990403010087928 16.397356333215097 15.914471560204378 4338.9166666666761 20.500000000000004 31.500000000000004 25.410502599925142 1646.5238443623227 1674.4739775101095 176.37220345226788 185.68158259722739 1743.3986382069504 1602.824462667448 177.22133230526421 17.815527385151587 8601.8583333333281 13.018435756439276 145.44422438616465 1450.359126284689 1304.2881621427716 11.651866481469925 18.44782694552843 1883.1833333333338 196.18049391925672 165.83894757535055 2393.3000000000011 9.5000000000000018
decision_type=2 2 2 2 2 2 2 2 2 2 2 2 2 2 2 2 2 2 2 2 2 2 2 2 2 2 2 2 2 2
left_child=15 -2 -3 4 5 6 -4 10 -9 -10 -5 -12 -13 -14 -11 20 -17 18 19 -18 21 22 -1 -24 -23 26 -22 28 -27 -30
right_child=1 2 3 7 -6 -7 -8 8 9 14 11 12 13 -15 -16 16 17 -19 -20 -21 25 24 23 -25 -26 27 -28 -29 29 -31
leaf_value=0.10784093562675559 0.20114445453209262 0.02048356184160843 -0.3286587919507708 0.13025716936422721 -0.23794038988942026 0.060166270789076493 -0.054679412466484584 0.070091739722053736 0.21253591030836105 -0.32031432787577313 -0.17983144541149554 0.10649543437090787 -0.26917538297447291 -0.030272288139459199 -0.071972913146601064 0.091998739808033678 -0.2063353109690878 -0.27533565469690274 0.099444760843401869 0.044986290679397911 0.34631133865226404 0.22279490170857083 0.11683984812010417 -0.21822169715538622 -0.010538234985010192 -0.30271982085704807 -0.064505537509918207 -0.00036855570272550508 -0.13317492101816461 0.0058490311647100106
leaf_weight=46 31 1392 21 36 51 44 87 285 22 27 46 55 22 182 24 39 36 37 21 22 22 52 22 40 22 25 25 4791 125 350
leaf_count=46 31 1392 21 36 51 44 87 285 22 27 46 55 22 182 24 39 36 37 21 22 22 52 22 40 22 25 25 4791 125 350
internal_value=-1.7041e-10 0.00805202 0.00544267 -0.017769 -0.10417 -0.059287 -0.107953 0.00732324 0.0398774 -0.0780828 -0.0268538 -0.0453981 -0.0215219 -0.0560363 -0.203448 -0.00329885 -0.0706419 -0.125323 -0.0550637 -0.111006 -0.00140787 0.055801 -0.0110899 -0.0993289 0.153426 -0.00335842 0.127792 -0.00452343 -0.0443354 -0.0307362
internal_weight=8000 2325 2294 902 203 152 108 699 358 73 341 305 259 204 51 5675 155 116 79 58 5520 182 108 62 74 5338 47 5291 500 475
internal_count=8000 2325 2294 902 203 152 108 699 358 73 341 305 259 204 51 5675 155 116 79 58 5520 182 108 62 74 5338 47 5291 500 475
is_linear=0
shrinkage=0.05


Tree=229
num_leaves=31
num_cat=0
split_feature=4 4 0 4 0 4 2 0 5 0 5 0 0 0 3 0 4 0 0 2 2 4 2 3 4 4 5 2 0 1
split_gain=83.1421 458.377 898.537 430.273 766.978 620.661 488.266 483.344 373.622 318.486 659.002 357.751 511.379 317.761 377.028 425.607 668.297 575.081 925.124 410.802 446.482 284.708 903.222 694.704 327.437 751.226 443.615 520.124 885.525 284.548
threshold=11.343684718634387 9.1043884646038578 2101.3583333333349 8.6750986693795138 4761.9500000000189 8.9247379154338322 225.89326800407136 7021.0666666666648 12.500000000000002 9372.0250000000069 10.500000000000002 7153.3499999999967 7519.7666666666673 6949.6249999999982 1847.0157907991338 6608.4416666666684 11.139584873823035 6413.8916666666692 5468.6000000000104 182.12067219025525 171.38895448721226 12.415476582030111 220.9654830135853 1855.7365827366236 12.019842686841814 11.964870615742301 13.500000000000002 176.82159266165934 7635.3916666666673 5887.5000000000009
decision_type=2 2 2 2 2 2 2 2 2 2 2 2 2 2 2 2 2 2 2 2 2 2 2 2 2 2 2 2 2 2
left_child=1 3 -3 -1 5 -5 7 -6 -9 11 -11 13 29 14 15 16 17 18 19 20 -4 22 23 24 25 -2 27 -26 -29 -13
right_child=21 2 9 4 6 -7 -8 8 -10 10 -12 12 -14 -15 -16 -17 -18 -19 -20 -21 -22 -23 -24 -25 26 -27 -28 28 -30 -31
leaf_value=-0.00025694800474568562 -0.024456174170743639 -0.33467304489264887 -0.059916938753689045 0.108060760757862 -0.099661008683698524 0.44521683908644177 -0.15808032313361764 0.054581272234951239 0.27113636540515079 -0.34076969126860301 -0.0093579947203397754 0.0229826279516731 -0.0075627836192814785 -0.17053750537811441 0.1237023547557848 0.063628905402446118 -0.27561251827648708 -0.25634795407454175 0.24201060078781228 -0.018241536330262369 -0.30300799799462164 -0.00019170827019164915 0.1481957916304362 0.22793439030647278 -0.17289445355083005 -0.32490576952695849 0.19169148538966438 0.26259836511265849 -0.11236149361357094 0.23424627350995669
leaf_weight=1856 218 24 51 39 35 21 32 69 28 24 40 28 416 47 35 74 35 30 29 220 30 4256 139 31 33 23 37 31 32 37
leaf_count=1856 218 24 51 39 35 21 32 69 28 24 40 28 416 47 35 74 35 30 29 220 30 4256 139 31 33 23 37 31 32 37
internal_value=-5.93078e-11 -0.00624283 -0.0320315 0.00764339 0.0731033 0.226065 0.0171416 0.0596196 0.117092 -0.0254043 -0.133637 -0.0186922 0.012816 -0.0461976 -0.0346024 -0.0464161 -0.0670322 -0.0467535 -0.0276995 -0.0536849 -0.149951 0.00416188 0.0382223 0.000478363 -0.0183749 -0.0531298 0.0446019 -0.0120889 0.0721426 0.14324
internal_weight=8000 3200 1120 2080 224 60 164 132 97 1096 64 1032 481 551 504 469 395 360 330 301 81 4800 544 405 374 241 133 96 63 65
internal_count=8000 3200 1120 2080 224 60 164 132 97 1096 64 1032 481 551 504 469 395 360 330 301 81 4800 544 405 374 241 133 96 63 65
is_linear=0
shrinkage=0.05


Tree=230
num_leaves=31
num_cat=0
split_feature=3 3 2 0 5 4 4 4 0 3 2 0 0 4 4 2 2 3 0 0 0 2 2 5 2 3 4 5 3 3
split_gain=79.9563 607.23 391.59 344.96 297.869 457.328 325.7 266.666 221.403 218.862 205.242 424.134 303.467 251.665 280.881 334.583 294.052 224.942 763.07 687.147 434.898 189.264 346.04 314.613 168.653 321.52 165.146 245.719 142.184 131.974
threshold=1230.6070692165774 1262.1504428376402 170.35633828061583 2187.9250000000006 9.5000000000000018 10.727687283087077 15.571595949758875 7.3649405949587683 7489.3916666666692 1209.0345600312203 184.6135618537586 2788.7583333333355 4200.025000000006 23.736116094001158 10.457638414901153 168.0136310248393 165.83894757535055 1175.5767953873162 4956.1000000000176 6153.1166666666677 4086.0750000000025 212.49504542765789 226.27126180477848 13.500000000000002 195.72170639825779 1122.860583453599 16.397356333215097 10.500000000000002 1140.9496355383137 1338.5713926340702
decision_type=2 2 2 2 2 2 2 2 2 2 2 2 2 2 2 2 2 2 2 2 2 2 2 2 2 2 2 2 2 2
left_child=3 2 -2 -1 7 -6 -7 -4 -8 10 12 -12 -5 14 15 -14 -16 18 20 -19 -13 24 -23 -24 25 -20 27 -11 -26 -3
right_child=1 29 4 9 5 6 8 -9 -10 26 11 17 13 -15 16 -17 -18 19 21 -21 -22 22 23 -25 28 -27 -28 -29 -30 -31
leaf_value=0.20654033901898761 0.068471571058034905 0.021055080690775472 -0.13767693099521458 0.16614665867466677 -0.36974145404994491 -0.007012244945634967 -0.26529224158989057 0.09988814846233085 -0.092256959763012444 0.1090993803460151 -0.24269819940839496 0.06060531788012561 0.09295351407848873 -0.15282119555132731 -0.034249410671847211 -0.14687697413292797 0.20117900375690728 -0.29099934516319387 -0.18476775962373485 0.0071406387066578168 0.3421178327954334 -0.19953781887888911 -0.14694915753271845 0.069860978492281664 0.13419862099819713 0.089344989322125923 0.15995135793669357 -0.058695868924260146 -0.029510304083426794 -0.0013134952693184864
leaf_weight=23 36 736 21 38 20 46 36 27 38 48 21 34 26 21 21 33 36 27 23 68 23 38 27 44 36 20 36 40 21 6336
leaf_count=23 36 736 21 38 20 46 36 27 38 48 21 34 26 21 21 33 36 27 23 68 23 38 27 44 36 20 36 40 21 6336
internal_value=-1.80869e-10 -0.00155273 -0.0826024 0.0160919 -0.111531 -0.148383 -0.11149 -0.00404657 -0.176436 0.00965973 -0.00371438 -0.0242573 0.0411279 0.00645119 0.035285 -0.041189 0.114442 -0.0115502 0.0120368 -0.0775939 0.174198 -0.032189 -0.0777631 -0.0125879 0.0174868 -0.0572735 0.0697354 0.0328288 0.0738848 0.00101446
internal_weight=8000 7296 224 704 188 140 120 48 74 681 557 382 175 137 116 59 57 361 266 95 57 209 109 71 100 43 124 88 57 7072
internal_count=8000 7296 224 704 188 140 120 48 74 681 557 382 175 137 116 59 57 361 266 95 57 209 109 71 100 43 124 88 57 7072
is_linear=0
shrinkage=0.05


Tree=231
num_leaves=31
num_cat=0
split_feature=1 0 0 0 0 3 5 2 2 2 5 4 5 2 0 0 0 0 0 5 4 2 2 4 4 3 2 3 3 1
split_gain=78.9783 341.3 275.961 395.753 335.514 248.054 227.847 235.313 627.188 459.29 1579.83 493.838 467.17 306.39 222.071 401.335 929.442 468.497 376.701 294.438 301.205 293.297 258.394 246.608 606.27 1134.34 486.53 414.909 498.689 529.219
threshold=7306.0000000000009 9325.6666666666733 8121.1499999999987 8362.0666666666602 8672.2250000000004 1344.0174896862243 30.500000000000004 164.35271298139619 152.72669819409381 179.64221541098809 14.500000000000002 11.139584873823035 18.500000000000004 141.5123369235412 9150.4333333333398 8467.6249999999945 8504.9249999999865 8552.9833333333318 9194.033333333331 18.500000000000004 18.191538826863411 200.46321742150107 218.41368722712366 27.23656667642511 25.911065653477355 1605.2110065906973 197.63841370295782 1175.5767953873162 1286.6240893274301 5887.5000000000009
decision_type=2 2 2 2 2 2 2 2 2 2 2 2 2 2 2 2 2 2 2 2 2 2 2 2 2 2 2 2 2 2
left_child=1 14 5 -4 -5 -2 7 8 13 10 11 -9 -12 -6 15 23 -17 -18 -16 -19 -21 -22 -20 24 -1 26 -26 -25 29 -29
right_child=2 -3 3 4 6 -7 -8 9 -10 -11 12 -13 -14 -15 18 16 17 19 22 20 21 -23 -24 27 25 -27 -28 28 -30 -31
leaf_value=0.00063442813273207905 -0.043145563027688433 -0.083055611862801026 -0.070627609432324198 0.073275907535977042 -0.089879406208083754 0.12844521740780157 -0.14435517146037177 -0.16480333393341617 -0.18919321953081619 -0.0012530806282771152 0.49366189656050308 0.10917036070905883 0.17497905492782595 0.15747426316863108 0.20510984522955758 -0.30674171764403585 0.15359775086469724 -0.019443176807865937 0.062473137419799277 -0.26999312591552738 -0.16136940134423119 0.055741130879947122 -0.1422189725296838 0.22449843177088985 0.11679768164952596 -0.41554788756370553 -0.14255998222157359 -0.2544449462044624 0.039389734628118407 0.075451043695211412
leaf_weight=5336 28 128 154 201 21 85 26 38 51 596 23 29 23 31 35 32 33 308 58 25 35 28 21 27 33 25 40 31 479 20
leaf_count=5336 28 128 154 201 21 85 26 38 51 596 23 29 23 31 35 32 33 308 58 25 35 28 21 27 33 25 40 31 479 20
internal_value=-1.11332e-10 -0.00219436 0.0112473 0.00417374 0.0152608 0.0859271 0.00134542 0.00601071 -0.064608 0.0162698 0.108692 -0.0462177 0.33432 0.0575814 -0.00061802 -0.0018403 -0.046795 -0.0274051 0.0685587 -0.0424886 -0.123148 -0.0648758 0.00806131 0.00161891 -0.0016289 -0.124865 -0.0253161 0.0333041 0.023564 -0.125074
internal_weight=8000 6694 1306 1193 1039 113 838 812 103 709 113 67 46 52 6566 6452 461 429 114 396 88 63 79 5991 5434 98 73 557 530 51
internal_count=8000 6694 1306 1193 1039 113 838 812 103 709 113 67 46 52 6566 6452 461 429 114 396 88 63 79 5991 5434 98 73 557 530 51
is_linear=0
shrinkage=0.05


Tree=232
num_leaves=31
num_cat=0
split_feature=0 4 0 2 4 2 2 4 0 0 0 0 0 0 0 0 0 0 0 0 0 0 0 0 0 0 0 0 0 5
split_gain=79.6897 289.097 452.57 566.404 301.527 449.612 403.438 378.51 347.986 230.102 1650.6 409.575 257.554 643.638 493.82 1182.2 273.535 242.478 1131.95 840.502 1435.88 1000.35 832.582 721.323 520.746 417.046 662.145 409.486 368.59 255.913
threshold=9498.9250000000156 19.660218848053233 9623.325000000008 199.87536355485503 12.328373264423346 179.64221541098809 202.46472759446041 9.2268592503231073 9778.2416666666686 9302.9250000000047 9275.4083333333347 9325.6666666666733 9219.2166666666762 9194.033333333331 9150.4333333333398 9128.6583333333365 9173.9250000000029 8941.658333333331 8892.4083333333347 8841.4500000000007 8867.5666666666675 8791.8083333333325 8991.225000000004 8767.0250000000033 8967.4583333333303 8721.1499999999978 8743.5666666666639 8918.7166666666653 8817.5083333333332 12.500000000000002
decision_type=2 2 2 2 2 2 2 2 2 2 2 2 2 2 2 2 2 2 2 2 2 2 2 2 2 2 2 2 2 2
left_child=9 4 -3 -4 7 -6 -7 -2 -9 10 12 -11 13 14 15 17 -16 18 19 21 -21 23 24 25 -19 -1 -27 -20 -23 -24
right_child=1 2 3 -5 5 6 -8 8 -10 11 -12 -13 -14 -15 16 -17 -18 22 27 20 -22 28 29 -25 -26 26 -28 -29 -30 -31
leaf_value=0.0016671687606523756 0.025672519268358458 -0.29232933498595076 0.10667303642805886 -0.18883503262073764 0.24392573114622526 -0.14491253449980701 0.091302575667699185 -0.025748837716651686 -0.26315422520555298 0.21843322404930668 -0.36461516580274034 0.024142491865328037 0.10247600332142846 -0.22720926930647223 0.24663497786368094 -0.30820768153475181 0.036590876718682629 0.063579147185889945 -0.34169199386660404 0.42529324336398039 -0.055949139402758689 -0.32209499698778199 0.057486342945032659 0.24220872187326031 0.35339168510099334 -0.29201191606060156 0.034787070366644093 -0.084697500255800071 -0.078271331343679668 -0.059872543245243527
leaf_weight=6667 85 23 34 31 27 28 51 33 29 31 31 217 62 31 31 31 31 31 31 31 31 31 90 31 31 31 31 31 31 96
leaf_count=6667 85 23 34 31 27 28 51 33 29 31 31 217 62 31 31 31 31 31 31 31 31 31 90 31 31 31 31 31 31 96
internal_value=-1.11097e-11 -0.0236502 -0.101711 -0.0342616 0.0035014 0.0677818 0.00758076 -0.0428505 -0.136793 0.00105297 -0.000532402 0.0484288 0.000996943 0.000137186 0.00110435 -0.000101396 0.141613 0.00122628 -0.000508242 0.0014073 0.184672 -0.000258259 0.0498069 0.00157537 0.208485 0.000466792 -0.128612 -0.213195 -0.200183 -0.00308599
internal_weight=8000 341 88 65 253 106 79 147 62 7659 7411 248 7380 7318 7287 7225 62 7194 6946 6884 62 6822 248 6760 62 6729 62 62 62 186
internal_count=8000 341 88 65 253 106 79 147 62 7659 7411 248 7380 7318 7287 7225 62 7194 6946 6884 62 6822 248 6760 62 6729 62 62 62 186
is_linear=0
shrinkage=0.05


Tree=233
num_leaves=31
num_cat=0
split_feature=1 0 0 0 0 0 0 0 0 0 0 5 2 4 0 0 0 0 0 0 2 1 0 2 0 2 2 2 3 3
split_gain=79.4779 891.988 566.417 270.151 704.461 674.156 343.803 347.38 347.264 270.719 574.303 248.076 243.532 246.328 233.909 2353.33 1173.21 847.904 2746.95 1302.2 432.492 427.719 598.744 530.648 725.069 727.701 915.03 381.49 342.592 330.44
threshold=5887.5000000000009 8052.9916666666641 6352.766666666671 7810.0666666666666 7617.7833333333328 7348.8416666666635 7505.1083333333354 7587.1083333333327 7440.2583333333323 7906.6166666666659 7939.3499999999967 15.500000000000002 206.61975441253409 15.103823124004959 6558.4083333333356 6691.083333333333 6608.4416666666684 6467.1916666666702 6439.3500000000031 6295.8333333333376 208.82976497243143 4564.0000000000009 5380.7583333333478 171.38895448721226 6098.7166666666681 194.37180244733483 235.63422600279452 218.85163809621653 1476.5682512485337 1511.8380481977526
decision_type=2 2 2 2 2 2 2 2 2 2 2 2 2 2 2 2 2 2 2 2 2 2 2 2 2 2 2 2 2 2
left_child=1 3 -2 4 5 14 8 11 -7 -5 -11 -8 -6 -14 17 16 -16 18 19 21 -18 22 -1 -23 -25 -26 -27 -24 -17 -30
right_child=2 -3 -4 9 12 6 7 -9 -10 10 -12 -13 13 -15 15 28 20 -19 -20 -21 -22 23 27 24 25 26 -28 -29 29 -31
leaf_value=-0.00055444721974708957 0.22508555784307679 -0.28134300225767594 0.0033203939753839486 -0.16128600891679526 0.17362473724107888 -0.095161671439806625 -0.040602337784673037 -0.20723551064729692 -0.30302471150644128 0.18621464693546297 -0.093496663239447109 0.17695269629359245 0.11469902741057532 -0.10526882708072663 0.033478751552827431 0.03008040036440042 0.24123152846639809 -0.19128849416971208 0.58255911469459531 -0.19708149441799452 0.52921623131260276 0.30803625082427805 -0.073466768397225282 0.2704425200287785 -0.19502697683669426 0.1999235515159612 -0.18236554537130439 -0.3359171418845654 -0.23896167692930803 -0.038944081261311429
leaf_weight=2560 29 29 4037 52 74 54 38 20 32 25 69 20 35 20 33 204 22 60 20 86 32 22 45 28 37 49 23 20 23 202
leaf_count=2560 29 29 4037 52 74 54 38 20 32 25 69 20 35 20 33 204 22 60 20 86 32 22 45 28 37 49 23 20 23 202
internal_value=1.40449e-10 -0.00506658 0.00490209 -0.00301484 -0.000423035 -0.00450345 -0.103561 -0.0275455 -0.172506 -0.069745 -0.0191054 0.0344166 0.114398 0.0347107 0.000183658 0.0312411 0.268354 -0.00524876 -0.00138634 -0.00545565 0.411889 0.000463831 -0.00435952 0.0800946 0.0434908 -0.0148087 0.0778034 -0.154221 -0.0168448 -0.0593903
internal_weight=8000 3934 4066 3905 3759 3630 164 78 86 146 94 58 129 55 3466 516 87 2950 2890 2870 54 2784 2625 159 137 109 72 65 429 225
internal_count=8000 3934 4066 3905 3759 3630 164 78 86 146 94 58 129 55 3466 516 87 2950 2890 2870 54 2784 2625 159 137 109 72 65 429 225
is_linear=0
shrinkage=0.05


Tree=234
num_leaves=31
num_cat=0
split_feature=3 3 3 5 3 2 5 4 4 0 2 2 2 0 0 4 3 2 2 0 0 2 3 2 5 4 0 1 0 5
split_gain=78.3737 463.002 359.884 371.58 493.545 460.144 658.991 376.308 427.507 512.433 373.054 789.603 585.558 579.42 690.186 462.621 702.868 466.759 456.963 430.065 2098.29 477.437 880.695 740.598 537.516 415.723 368.539 523.393 544.981 525.198
threshold=1584.1763794456463 1588.0190196268006 1494.4659893970108 18.500000000000004 1486.8994487929683 223.70134978460268 11.500000000000002 13.626591917163028 13.871197701334351 6714.8999999999987 188.23040259178495 197.63841370295782 196.57996857343562 2284.191666666668 2788.7583333333355 8.1844817662072469 1436.2253712041709 194.68351278615015 185.39788694647567 6248.4500000000025 5068.7000000000162 175.2797605201275 1378.2186846733991 168.41839022878284 9.5000000000000018 10.029547655936039 2592.4916666666672 2460.5000000000005 3629.2499999999986 16.500000000000004
decision_type=2 2 2 2 2 2 2 2 2 2 2 2 2 2 2 2 2 2 2 2 2 2 2 2 2 2 2 2 2 2
left_child=2 -2 3 4 7 6 -6 10 9 -9 13 12 15 -1 -15 -12 17 25 19 20 21 23 -23 24 -16 -17 -4 -28 -29 -30
right_child=1 -3 26 -5 5 -7 -8 8 -10 -11 11 -13 -14 14 18 16 -18 -19 -20 -21 -22 22 -24 -25 -26 -27 27 28 29 -31
leaf_value=-0.21579512407382331 0.14195438027381899 0.0037385305216317945 0.073768993357027121 -0.023872061456616831 0.21895801131214415 0.3134003077323238 -0.079896053824669286 0.37458446905016901 0.028081870048710923 0.02489153195849874 -0.16274487245827915 -0.00031336688943141072 -0.33009724068641666 0.27285276322529234 -0.066483677901765889 0.12970016586283845 -0.21261695379560647 0.24068667715787889 0.147345499182815 0.03671047784611195 -0.4295139841495022 0.32037950769066814 -0.10796401217579842 -0.24133345354949276 0.24257036757965886 -0.11652386173605921 -0.12404022526157939 0.20984746956825259 -0.049284882799429282 0.023218007479624301
leaf_weight=24 62 2666 88 899 35 24 39 20 869 22 88 1013 25 29 34 30 33 25 67 420 31 30 20 31 24 40 138 25 782 367
leaf_count=24 62 2666 88 899 35 24 39 20 869 22 88 1013 25 29 34 30 33 25 67 420 31 30 20 31 24 40 138 25 782 367
internal_value=-3.6016e-13 0.0068798 -0.00355996 0.00429529 0.0128128 0.123155 0.0614538 0.00905153 0.0356119 0.191412 -0.00326848 -0.0196655 -0.101009 0.0256919 0.0341405 -0.0744939 -0.0138214 0.0552339 0.0236037 0.00955166 -0.0575466 0.0254102 0.149042 -0.044046 0.0614008 -0.0109993 -0.0252853 -0.0319292 -0.0211019 -0.0261269
internal_weight=8000 2728 5272 3872 2973 98 74 2875 911 42 1964 1254 241 710 686 216 128 95 657 590 170 139 50 89 58 70 1400 1312 1174 1149
internal_count=8000 2728 5272 3872 2973 98 74 2875 911 42 1964 1254 241 710 686 216 128 95 657 590 170 139 50 89 58 70 1400 1312 1174 1149
is_linear=0
shrinkage=0.05


Tree=235
num_leaves=31
num_cat=0
split_feature=1 0 0 3 3 0 0 0 0 2 0 5 2 0 2 4 4 3 0 4 0 5 3 3 3 3 2 0 2 0
split_gain=75.1614 313.297 258.49 205.794 201.241 189.237 363.779 834.884 419.41 326.884 282.208 255.243 407.652 289.126 268.548 227.178 541.446 1023.99 473.762 398.545 477.122 373.266 402.771 416.222 398.079 269.907 539.519 446.565 322.026 254.292
threshold=7306.0000000000009 9325.6666666666733 7990.6166666666641 1213.6083189749781 1410.7736692888382 9150.4333333333398 8467.6249999999945 8504.9249999999865 8552.9833333333318 218.41368722712366 9194.033333333331 16.500000000000004 200.46321742150107 8967.4583333333303 220.9654830135853 27.23656667642511 25.911065653477355 1605.2110065906973 6248.4500000000025 31.289028799677919 5068.7000000000162 24.500000000000004 1605.2110065906973 1500.0458831517851 1387.5604928866035 1698.3611290562501 209.76478870738103 7399.6333333333287 221.341328996329 8256.391666666661
decision_type=2 2 2 2 2 2 2 2 2 2 2 2 2 2 2 2 2 2 2 2 2 2 2 2 2 2 2 2 2 2
left_child=1 5 -2 -4 -3 6 15 -8 -9 10 -7 13 -13 -10 -14 16 29 18 -18 25 21 -21 23 24 -23 26 27 -17 -28 -1
right_child=2 4 3 -5 -6 9 7 8 11 -11 -12 12 14 -15 -16 19 17 -19 -20 20 -22 22 -24 -25 -26 -27 28 -29 -30 -31
leaf_value=-0.0019831162797440179 0.17354918755590917 0.020608963292195567 -0.064119404934994559 0.013498739879069646 -0.11883131166839081 0.27090390216220511 -0.29092759094201032 0.14507695149743197 -0.050444878690238851 -0.066645385938532212 0.060586792127839455 -0.20150230798531663 0.099864878824778971 0.057149154612774491 -0.11544066945711771 0.19235035750226906 0.098784049237637145 -0.39422701740264898 -0.15618398989949908 0.10582815160353978 0.046985040437064918 0.0088664524016841759 -0.25528478939086202 0.14768338754773142 -0.24885506632513016 0.20816469901316875 -0.20048821307718756 -0.022615936313356674 0.030120067334756619 0.047471644794296504
leaf_weight=5062 24 36 92 1190 92 22 32 33 190 34 58 55 28 93 30 78 38 25 35 24 204 31 34 20 29 37 24 35 41 274
leaf_count=5062 24 36 92 1190 92 22 32 33 190 34 58 55 28 93 30 78 38 25 35 24 204 31 34 20 29 37 24 35 41 274
internal_value=1.57347e-10 -0.00214068 0.0109722 0.00792864 -0.0796137 -0.000630389 -0.0017587 -0.0445584 -0.0261812 0.0632279 0.118424 -0.0404527 -0.103979 -0.0150871 -0.0115001 0.00153469 -0.00158256 -0.118044 -0.0234609 0.031946 -0.00158809 -0.0733919 -0.111122 -0.0498534 -0.115699 0.0852887 0.0597471 0.125768 -0.0550276 0.000556352
internal_weight=8000 6694 1306 1282 128 6566 6452 461 429 114 80 396 113 283 58 5991 5434 98 73 557 342 138 114 80 60 215 178 113 65 5336
internal_count=8000 6694 1306 1282 128 6566 6452 461 429 114 80 396 113 283 58 5991 5434 98 73 557 342 138 114 80 60 215 178 113 65 5336
is_linear=0
shrinkage=0.05


Tree=236
num_leaves=31
num_cat=0
split_feature=0 4 3 4 4 2 3 3 3 0 3 5 0 0 0 0 0 0 0 0 0 0 0 0 0 0 0 0 2 0
split_gain=75.66 258.026 457.108 413.873 328.829 273.52 244.604 762.537 630.972 375.047 536.029 377.068 218.189 1496.31 360.15 225.88 587.855 414.223 1056.07 238.467 213.852 1008.47 770.951 1282.65 891.516 754.403 657.804 460.29 381.549 371.078
threshold=9498.9250000000156 19.759415726486719 1615.5828513711426 23.281441445772895 17.594053504124819 201.89320699027576 1438.0497141929388 1488.4546497543818 1372.8890570262058 9730.8000000000065 1584.1763794456463 13.500000000000002 9302.9250000000047 9275.4083333333347 9325.6666666666733 9219.2166666666762 9194.033333333331 9150.4333333333398 9128.6583333333365 9173.9250000000029 8941.658333333331 8892.4083333333347 8841.4500000000007 8867.5666666666675 8791.8083333333325 8991.225000000004 8767.0250000000033 8967.4583333333303 190.7646024515077 8721.1499999999978
decision_type=2 2 2 2 2 2 2 2 2 2 2 2 2 2 2 2 2 2 2 2 2 2 2 2 2 2 2 2 2 2
left_child=12 4 3 -3 6 -5 8 -8 -2 10 -9 -11 13 15 -14 16 17 18 20 -19 21 22 24 -24 26 27 29 -22 -23 -1
right_child=1 2 -4 5 -6 -7 7 9 -10 11 -12 -13 14 -15 -16 -17 -18 19 -20 -21 25 28 23 -25 -26 -27 -28 -29 -30 -31
leaf_value=0.0015966575498992785 0.0050334399452014846 -0.35772746607661249 0.086329064766565961 0.045739015511104042 0.19158299877530052 -0.21262480989098551 0.25107426684478235 -0.12329618732134502 -0.32254576796577095 -0.18312139085987036 0.18010878401833613 0.057214979951580369 0.20657622739672662 -0.34716612071159392 0.024385214842478253 0.095972826980775416 -0.21713815937119146 0.22780400798205408 -0.29125428646802903 0.031685745992487475 0.061640530452132226 -0.06449060248477119 0.40432528341489454 -0.050513986810561157 -0.18894469674579017 -0.0035174617283446814 0.2313172704630321 0.33411144294565726 -0.31373321703251672 -0.12129344276843533
leaf_weight=6667 49 20 24 21 21 20 29 24 21 51 37 24 31 31 217 62 31 31 31 31 31 28 31 31 62 186 31 31 34 62
leaf_count=6667 49 20 24 21 21 20 29 24 21 51 37 24 31 31 217 62 31 31 31 31 31 28 31 31 62 186 31 31 34 62
internal_value=1.51771e-10 -0.0230445 -0.098525 -0.171255 0.00201742 -0.0802921 -0.0149225 0.0183033 -0.0932403 -0.0313317 0.0607363 -0.106214 0.001026 -0.000517782 0.0471591 0.000938329 0.000133172 0.00105748 -4.68303e-05 0.129745 0.00120803 -0.000420894 0.00138715 0.176906 -0.000208005 0.0468309 0.00152301 0.197876 -0.201172 0.000464367
internal_weight=8000 341 85 61 256 41 235 165 70 136 61 75 7659 7411 248 7380 7318 7287 7225 62 7194 6946 6884 62 6822 248 6760 62 62 6729
internal_count=8000 341 85 61 256 41 235 165 70 136 61 75 7659 7411 248 7380 7318 7287 7225 62 7194 6946 6884 62 6822 248 6760 62 62 6729
is_linear=0
shrinkage=0.05


Tree=237
num_leaves=31
num_cat=0
split_feature=1 0 0 4 4 3 4 4 2 3 0 2 4 0 2 5 0 5 3 3 3 2 5 2 2 2 0 0 4 3
split_gain=74.6499 393.464 365.572 269.479 737.924 432.74 277.718 1034.3 306.091 547.904 313.33 445.96 623.946 432.75 745.858 382.586 1130.87 485.559 519.643 346.04 444.052 336.641 382.159 298.084 349.797 320.269 576.764 434.364 271.268 383.922
threshold=2460.5000000000005 3777.6666666666647 3485.9666666666658 5.0866478485084352 5.6306224920813053 1486.8994487929683 6.1005868367393168 6.6754762048070502 159.5816485490592 1640.9278936787207 3284.7916666666674 193.4469621449214 31.821719502183655 2788.7583333333355 168.0136310248393 11.500000000000002 2344.2250000000013 17.500000000000004 1579.4273387875253 1385.7945229442873 1584.1763794456463 235.63422600279452 24.500000000000004 176.82159266165934 185.03549433202352 201.64416591521186 3436.641666666666 3436.641666666666 19.365939910752445 1431.6675472134107
decision_type=2 2 2 2 2 2 2 2 2 2 2 2 2 2 2 2 2 2 2 2 2 2 2 2 2 2 2 2 2 2
left_child=1 3 -2 5 -5 -1 -6 -8 9 28 11 12 13 15 -15 16 -10 18 -17 -16 -21 22 23 -12 -25 27 -27 -26 29 -9
right_child=2 -3 -4 4 6 -7 7 8 10 -11 21 -13 -14 14 19 17 -18 -19 -20 20 -22 -23 -24 24 25 26 -28 -29 -30 -31
leaf_value=-0.28051337690457057 0.16329784793513163 -0.22061972298913379 0.0012811656650778469 0.28424872742457824 -0.16959925431471606 0.014622879414646715 0.2633482811067786 -0.2512374922633171 0.023065601900602001 -0.30416024558556581 0.062083694037909691 -0.017988292808134739 -0.19609381529417905 -0.25097781367923905 0.24640342720917296 0.10940026376516587 0.40632960374810195 0.20774128964969091 -0.19370430386983431 -0.12480451593796411 0.14957615882158279 0.092689197233745038 0.11487193455298741 -0.25148304415723455 0.19531264126300812 -0.35898056205200113 -0.061591596755066091 -0.090070117339491843 0.1226532811210269 0.015315527277333396
leaf_weight=23 35 22 6665 22 26 27 35 22 39 24 26 486 22 23 21 31 38 35 26 30 29 35 24 39 20 23 56 40 21 35
leaf_count=23 35 22 6665 22 26 27 35 22 39 24 26 486 22 23 21 31 38 35 26 30 29 35 24 39 20 23 56 40 21 35
internal_value=3.55667e-11 -0.0109649 0.00212752 -0.00735584 -0.00272294 -0.12114 -0.00795791 -0.00439632 -0.0125807 -0.0952481 -0.00449621 0.0114171 0.0600259 0.0807415 -4.31516e-05 0.129977 0.212209 0.0611526 -0.028858 0.0721006 0.0100606 -0.0516914 -0.0738551 -0.0960583 -0.119158 -0.0820305 -0.148173 0.00505747 -0.0309675 -0.0875646
internal_weight=8000 1300 6700 1278 1228 50 1206 1180 1145 102 1043 780 294 272 103 169 77 92 57 80 59 263 228 204 178 139 79 60 78 57
internal_count=8000 1300 6700 1278 1228 50 1206 1180 1145 102 1043 780 294 272 103 169 77 92 57 80 59 263 228 204 178 139 79 60 78 57
is_linear=0
shrinkage=0.05


Tree=238
num_leaves=31
num_cat=0
split_feature=4 4 0 5 5 0 0 4 3 4 5 3 3 3 5 2 4 3 3 3 2 2 0 5 5 0 5 2 0 2
split_gain=75.2856 412.846 800.903 426.51 416.271 460.728 294.413 1003.5 373.162 317.064 547.858 321.303 589.106 585.583 323.32 390.887 517.668 378.14 270.171 758.131 390.533 384.35 647.017 331.624 391.015 326.147 601.375 1123.49 744.514 885.47
threshold=11.343684718634387 9.1043884646038578 2101.3583333333349 14.500000000000002 13.500000000000002 6509.4166666666724 4033.2000000000021 8.5641975589959021 1527.197293817427 7.990012860748779 11.500000000000002 1686.2177615856415 1602.824462667448 1792.7438367862303 6.5000000000000009 207.31384474477409 6.3692364379760216 1452.5606520530657 1496.2296914516266 1561.8326958833597 177.22133230526421 176.82159266165934 3284.7916666666674 9.5000000000000018 12.500000000000002 6608.4416666666684 8.5000000000000018 217.38505234543939 3702.2749999999987 198.27074814468719
decision_type=2 2 2 2 2 2 2 2 2 2 2 2 2 2 2 2 2 2 2 2 2 2 2 2 2 2 2 2 2 2
left_child=1 3 -3 4 6 -6 7 9 -9 10 11 12 14 -13 -1 16 -16 -17 25 20 -20 -21 -23 -22 -25 26 27 -4 -28 -30
right_child=-2 2 18 -5 5 -7 -8 8 -10 -11 -12 13 -14 -15 15 17 -18 -19 19 21 23 22 -24 24 -26 -27 28 -29 29 -31
leaf_value=-0.10419224878916374 0.0039603663221135623 -0.31614150893874471 0.27165958136320117 0.1386100918551286 -0.30212551653385167 -0.017152968733697326 -0.002751648404039539 0.39907462360958257 0.12025180160999299 -0.092953523913664488 0.23224501400254668 -0.28534120658169621 0.21778057903835646 0.071450916062230654 -0.16166028843114252 0.28601045470971326 0.078313643200830993 0.01366205096244812 0.014169541823452918 -0.11270805679169703 -0.30481912871686423 0.21541304341979628 -0.014539529405167846 0.01070130298535029 -0.22809373684227469 0.032642594989102623 0.049531448982556223 -0.20061845302581791 -0.36443342635264764 -0.060352241007551072
leaf_weight=52 4800 24 34 60 23 37 1544 24 24 56 32 23 38 23 38 26 55 25 29 81 41 34 305 30 40 325 56 20 39 62
leaf_count=52 4800 24 34 60 23 37 1544 24 24 56 32 23 38 23 38 26 55 25 29 81 41 34 305 30 40 325 56 20 39 62
internal_value=-1.1206e-10 -0.00594055 -0.0304149 0.00723796 0.00333582 -0.126392 0.00730709 0.0446405 0.259663 0.0165941 0.0362564 0.0138578 0.0376053 -0.106945 0.0026734 0.0412638 -0.0197402 0.152506 -0.0241581 -0.0484451 -0.14921 -0.0148568 0.00852356 -0.191895 -0.125753 0.00121627 -0.0471892 0.0967418 -0.0966941 -0.17777
internal_weight=8000 3200 1120 2080 2020 60 1960 416 48 368 312 280 234 46 196 144 93 51 1096 560 140 420 339 111 70 536 211 54 157 101
internal_count=8000 3200 1120 2080 2020 60 1960 416 48 368 312 280 234 46 196 144 93 51 1096 560 140 420 339 111 70 536 211 54 157 101
is_linear=0
shrinkage=0.05


Tree=239
num_leaves=31
num_cat=0
split_feature=1 0 0 0 0 3 0 2 0 5 2 2 2 5 4 5 2 0 0 1 0 0 1 0 0 1 1 0 0 5
split_gain=72.7752 293.217 231.125 371.02 287.998 224.108 210.188 253.831 248.478 203.407 214.019 534.144 370.387 1366.32 430.738 410.589 272.713 199.047 405.082 900.799 376.469 658.822 1214.28 978.519 373.303 364.447 346.044 325.537 607.039 257.897
threshold=7306.0000000000009 9474.6416666666792 8121.1499999999987 8362.0666666666602 8672.2250000000004 1344.0174896862243 8223.0749999999935 216.6315908866047 8256.391666666661 30.500000000000004 164.35271298139619 152.72669819409381 179.64221541098809 14.500000000000002 11.139584873823035 18.500000000000004 141.5123369235412 8393.2249999999931 8362.0666666666602 6517.5000000000009 8333.1666666666624 8256.391666666661 6517.5000000000009 8287.899999999996 8223.0749999999935 6517.5000000000009 6517.5000000000009 8207.1583333333274 8189.0833333333294 18.500000000000004
decision_type=2 2 2 2 2 2 2 2 2 2 2 2 2 2 2 2 2 2 2 2 2 2 2 2 2 2 2 2 2 2
left_child=1 17 5 6 -5 -2 7 -4 -8 10 11 16 13 14 -12 -15 -6 18 20 -20 21 24 -23 -24 27 -19 -22 28 -1 -27
right_child=2 -3 3 4 9 -7 8 -9 -10 -11 12 -13 -14 15 -16 -17 -18 25 19 -21 26 22 23 -25 -26 29 -28 -29 -30 -31
leaf_value=0.0006265105759166497 -0.043543565379721781 -0.16654547497078226 0.086232623216268178 0.068808420052081792 -0.087132794942174643 0.11955480482648402 -0.2547526032353441 -0.11762427068673648 -0.067256622883810929 -0.13549880660497224 -0.15545852811712968 -0.17574740028848834 0.00062172580291610844 0.45856377560159434 0.10041376413970159 0.15980228807615199 0.14623150489022654 -0.14465140647302241 -0.067643845729205926 0.37987874041904107 -0.011763316799293865 -0.063473109272308648 0.50483048664262664 0.097352596503846797 -0.15687834153834143 -0.00026513618199667448 -0.29912828274071218 0.20172766491770747 -0.27532680958509442 -0.074489475385013479
leaf_weight=5614 28 27 37 201 21 85 24 26 67 26 38 51 596 23 29 23 31 59 23 22 22 48 26 34 38 574 20 20 20 147
leaf_count=5614 28 27 37 201 21 85 24 26 67 26 38 51 596 23 29 23 31 59 23 22 22 48 26 34 38 574 20 20 20 147
internal_value=1.34186e-10 -0.00210642 0.0107966 0.0043231 0.0150581 0.079141 -0.0681031 0.00210121 -0.116706 0.00216569 0.00657366 -0.0607741 0.0163576 0.0993539 -0.0447078 0.309183 0.0519882 -0.00144048 0.00170425 0.151145 0.00055313 0.00163323 0.123971 0.273926 -0.000688006 -0.0251751 -0.148604 0.000361735 -0.000353089 -0.0153983
internal_weight=8000 6694 1306 1193 1039 113 154 63 91 838 812 103 709 113 67 46 52 6667 5887 45 5842 5800 108 60 5692 780 42 5654 5634 721
internal_count=8000 6694 1306 1193 1039 113 154 63 91 838 812 103 709 113 67 46 52 6667 5887 45 5842 5800 108 60 5692 780 42 5654 5634 721
is_linear=0
shrinkage=0.05


Tree=240
num_leaves=31
num_cat=0
split_feature=3 3 3 1 0 0 3 5 5 0 0 2 0 0 1 0 1 0 0 0 0 3 2 1 0 0 0 0 0 0
split_gain=73.2334 200.003 113.838 84.8984 809.128 473.935 432.92 345.981 615.925 309.977 509.031 483.329 474.314 450.537 1567.26 768.835 3103 1964.11 949.865 555.72 783.216 505.766 510.678 495.291 441.848 422.825 414.275 600.85 524.295 539.27
threshold=2269.7030541227764 2227.6919926964697 2166.7528950174224 5887.5000000000009 7990.6166666666641 6488.4666666666717 1668.6853246661233 17.500000000000004 9.5000000000000018 6784.5500000000002 7587.1083333333327 185.68158259722739 6580.9916666666695 7906.6166666666659 6517.5000000000009 8102.9916666666641 6517.5000000000009 8052.9916666666641 7978.8833333333341 7683.4750000000013 7775.8333333333367 1380.809628694012 205.79684137023108 7306.0000000000009 7744.8249999999998 7617.7833333333328 8138.4333333333288 8173.3416666666626 8207.1583333333274 8223.0749999999935
decision_type=2 2 2 2 2 2 2 2 2 2 2 2 2 2 2 2 2 2 2 2 2 2 2 2 2 2 2 2 2 2
left_child=1 2 3 4 -1 6 7 8 -5 12 11 -11 -7 14 19 16 17 21 -18 25 24 -15 -23 -20 -21 -12 -17 -28 -29 -30
right_child=-2 -3 -4 5 -6 9 -8 -9 -10 10 13 -13 -14 15 -16 26 18 -19 23 20 -22 22 -24 -25 -26 -27 27 28 29 -31
leaf_value=-0.0025231133431307478 0.076700932268173469 -0.12705217383561596 0.095824106566367612 0.3268248435109854 -0.18318357629080614 0.046250886609082796 -0.077953447628280395 0.34233104359535949 -0.019243490364816457 0.11513279900773542 -0.19554260954970407 0.018287068807658301 -0.1195747937968632 0.3395567694614674 0.046438612717484097 -0.13417435071324227 0.1335713453224448 0.64937995640294899 -0.19085932600458988 -0.23010648113082754 -0.095358282089771998 -0.041594085360274598 0.25609315174818037 -0.015189676841392236 -0.49681006371974945 0.085358886783187454 0.15399239476459722 -0.1509148669963489 0.20476102722027612 -0.0052783969597955949
leaf_weight=3817 31 31 31 20 63 67 23 21 36 182 21 441 121 29 206 61 61 28 76 44 83 34 25 85 24 37 60 61 31 2150
leaf_count=3817 31 31 31 20 63 67 23 21 36 182 21 441 121 29 206 61 61 28 76 44 83 34 25 85 24 37 60 61 31 2150
internal_value=-6.53046e-11 -0.000298372 0.000196635 -0.00017828 -0.00545652 0.00490728 0.112398 0.169256 0.104352 0.00217007 0.00532004 0.0465791 -0.0604773 -0.00292912 -0.0514328 0.00452332 0.0750572 0.284637 -0.0344531 -0.147899 -0.19843 0.168583 0.0845446 -0.0981145 -0.324237 -0.0163468 -0.00556575 -0.00215779 -0.00633665 -0.00229297
internal_weight=8000 7969 7938 7907 3880 4027 100 77 56 3927 3739 623 188 3116 415 2701 338 116 222 209 151 88 59 161 68 58 2363 2302 2242 2181
internal_count=8000 7969 7938 7907 3880 4027 100 77 56 3927 3739 623 188 3116 415 2701 338 116 222 209 151 88 59 161 68 58 2363 2302 2242 2181
is_linear=0
shrinkage=0.05


Tree=241
num_leaves=31
num_cat=0
split_feature=0 1 0 0 5 5 0 0 2 4 4 4 0 4 5 2 2 3 4 0 4 0 2 2 4 3 0 0 3 5
split_gain=71.9278 95.1545 343.98 330.742 284.495 304.778 400.147 262.03 225.771 816.151 219.594 620.065 510.381 499.053 486.092 483.979 593.26 372.448 327.979 438.508 305.29 1232.36 438.777 641.213 329.867 320.057 464.979 303.492 366.814 296.166
threshold=1827.0166666666669 2460.5000000000005 3777.6666666666647 3839.2833333333342 38.500000000000007 34.500000000000007 6923.324999999998 7922.9666666666617 153.81864836932456 12.26831205100544 9.1043884646038578 9.8853400829246265 2929.0083333333328 8.7260499017433002 10.500000000000002 190.7646024515077 174.8088893472669 1531.9081409805156 12.26831205100544 3580.4416666666662 18.577543523280362 3126.2833333333342 220.9654830135853 204.59141781450978 31.289028799677919 1543.5070496926453 3436.641666666666 3284.7916666666674 1402.119725785486 11.500000000000002
decision_type=2 2 2 2 2 2 2 2 2 2 2 2 2 2 2 2 2 2 2 2 2 2 2 2 2 2 2 2 2 2
left_child=-1 2 8 -3 5 -5 -7 -8 9 -2 13 14 29 15 -12 16 -10 -18 19 -14 21 -20 23 -23 25 27 -27 -22 -29 -13
right_child=1 3 -4 4 -6 6 7 -9 10 -11 11 12 18 -15 -16 -17 17 -19 20 -21 24 22 -24 -25 -26 26 -28 28 -30 -31
leaf_value=0.074812302552163604 -0.27789518345486036 0.056499618283514658 -0.20884625478224322 -0.00070690625702521815 -0.17572692671547765 0.28680614460082282 -0.10757298540501369 0.12607108802933778 0.082750190581594205 0.061992643106924865 -0.36591111651875757 0.10013883338733154 0.10432898846883623 0.24146424165138833 -0.037165363716042558 0.058013584305546755 -0.044899999962321357 -0.29647597257168062 -0.41331808413068449 -0.14316223707795145 0.067684577970669194 -0.075584310070987343 -0.21357585109770297 0.24761571281013037 -0.17418541498482229 0.24793390477145161 -0.070147863328456891 0.0095833417773246773 -0.28961587754033863 0.0055457561516654708
leaf_weight=32 33 268 22 6339 23 21 21 28 35 38 22 110 63 26 23 193 28 31 30 25 29 57 30 21 30 27 20 20 21 334
leaf_count=32 33 268 22 6339 23 21 21 28 35 38 22 110 63 26 23 193 28 31 30 25 29 57 30 21 30 27 20 20 21 334
internal_value=2.88041e-11 -0.000300451 -0.0128604 0.00207657 -0.000191062 0.000438884 0.104198 0.0259379 -0.00939997 -0.0959834 -0.00416812 -0.0171932 -0.00724074 0.0317029 -0.197886 0.0127001 -0.0803372 -0.177084 -0.0503572 0.034019 -0.0764102 -0.12982 -0.0510708 0.0114311 -0.0262702 0.0116568 0.11258 -0.0561059 -0.143665 0.028981
internal_weight=8000 7968 1268 6700 6432 6409 70 49 1246 71 1175 862 817 313 45 287 94 59 373 88 285 138 108 78 147 117 47 70 41 444
internal_count=8000 7968 1268 6700 6432 6409 70 49 1246 71 1175 862 817 313 45 287 94 59 373 88 285 138 108 78 147 117 47 70 41 444
is_linear=0
shrinkage=0.05


Tree=242
num_leaves=31
num_cat=0
split_feature=3 3 3 2 2 2 2 4 4 0 3 5 4 5 4 4 4 0 4 4 2 5 3 3 3 0 3 0 4 5
split_gain=72.539 413.748 328.417 606.344 479.88 581.8 687.656 408.926 413.01 311.803 271.266 261.738 707.859 366.057 251.24 829.502 348.733 413.751 310.887 522.928 478.494 533.325 522.209 469.747 645.079 391.685 386.725 416.745 343.153 389.37
threshold=1584.1763794456463 1588.0190196268006 1569.9671228957727 174.47883343122251 204.27287535675239 194.06843407976604 183.93092482501359 10.837835445508302 15.39513146721759 6832.7249999999976 1567.746433250901 31.500000000000004 25.410502599925142 29.500000000000004 27.23656667642511 25.911065653477355 24.536109012818873 7603.7666666666655 14.726919788818416 16.990403010087928 177.22133230526421 20.500000000000004 1640.9278936787207 1622.4855371113606 1646.5238443623227 3436.641666666666 1740.1314670800086 4956.1000000000176 14.602195187957497 20.500000000000004
decision_type=2 2 2 2 2 2 2 2 2 2 2 2 2 2 2 2 2 2 2 2 2 2 2 2 2 2 2 2 2 2
left_child=2 9 10 -4 5 6 -5 -6 -9 -2 -1 13 -13 14 15 16 18 -18 28 25 22 23 -21 -22 -25 -20 27 -27 29 -3
right_child=1 11 3 4 7 -7 -8 8 -10 -11 -12 12 -14 -15 -16 -17 17 -19 19 20 21 -23 -24 24 -26 26 -28 -29 -30 -31
leaf_value=-0.0017490967725711491 0.23606136958388724 0.01457435796380515 0.11774204302775233 -0.24596561986420837 -0.16819748049601912 -0.34428492707865582 0.12301013871379521 0.21972799327062523 -0.048719738502251475 0.010747607611119748 0.14661295462039212 0.13976774418354035 -0.17769080135276763 0.17193546891212463 0.064195004153269827 -0.25673826942520755 0.29657607363028959 0.0019560734813029949 -0.26407092091228285 0.32386023010615084 -0.21045476578955735 0.076275871280580762 0.04092636469848078 0.24095551021397116 -0.05653692292004097 0.1885209992527962 -0.1499568023183383 -0.051845328062772755 0.20459421562111896 -0.12584955608289616
leaf_weight=5024 34 1540 38 28 32 35 23 23 38 28 31 25 59 33 164 31 22 26 28 21 43 100 73 20 205 22 80 100 23 51
leaf_count=5024 34 1540 38 28 32 35 23 23 38 28 31 25 59 33 164 31 22 26 28 21 43 100 73 20 205 22 80 100 23 51
internal_value=-2.47021e-11 0.00661876 -0.00342488 -0.0636567 -0.102166 -0.1873 -0.0795648 -0.0234401 0.0524983 0.134307 -0.00083926 0.00364927 -0.0832091 0.00647502 0.00433293 0.000216628 0.00360049 0.13699 0.000823943 -0.0272136 0.00345403 -0.0222634 0.104135 -0.0590318 -0.0300932 -0.0888157 -0.0645228 -0.00850058 0.012845 0.010073
internal_weight=8000 2728 5272 217 179 86 51 93 61 62 5055 2666 84 2582 2549 2385 2354 48 2306 692 462 368 94 268 225 230 202 122 1614 1591
internal_count=8000 2728 5272 217 179 86 51 93 61 62 5055 2666 84 2582 2549 2385 2354 48 2306 692 462 368 94 268 225 230 202 122 1614 1591
is_linear=0
shrinkage=0.05


Tree=243
num_leaves=31
num_cat=0
split_feature=4 4 0 5 5 0 4 2 3 2 0 0 3 3 5 2 2 3 0 4 3 4 5 3 3 3 5 4 3 2
split_gain=71.3288 360.713 710.653 377.814 373.436 417.847 256.473 779.283 596.449 324.36 449.159 612.924 486.918 1180.07 786.857 289.937 264.158 392.926 256.427 869.163 341.195 273.767 493.486 293.77 442.524 407.455 288.375 346.706 450.416 950.708
threshold=11.343684718634387 9.1043884646038578 2101.3583333333349 14.500000000000002 13.500000000000002 6509.4166666666724 12.415476582030111 220.9654830135853 1855.7365827366236 216.40394538730013 7472.7999999999993 5468.6000000000104 1543.5070496926453 1403.951658570702 10.500000000000002 170.88103534542753 202.46472759446041 1677.1681143399649 4033.2000000000021 8.5641975589959021 1527.197293817427 7.990012860748779 11.500000000000002 1710.5581824654453 1602.824462667448 1799.9892978142213 6.5000000000000009 5.0866478485084352 1525.8816454716768 207.31384474477409
decision_type=2 2 2 2 2 2 2 2 2 2 2 2 2 2 2 2 2 2 2 2 2 2 2 2 2 2 2 2 2 2
left_child=1 3 -3 4 18 -6 7 8 9 10 11 12 13 14 -2 -13 17 -12 19 21 -21 22 23 24 26 -25 -1 -28 29 -29
right_child=6 2 -4 -5 5 -7 -8 -9 -10 -11 16 15 -14 -15 -16 -17 -18 -19 -20 20 -22 -23 -24 25 -26 -27 27 28 -30 -31
leaf_value=-0.099203012783366906 0.26819989058104426 -0.29780616015195849 -0.022765587648907067 0.13018130237857503 -0.28736476341019507 -0.01597732502866436 -0.00027719461992738187 0.13833236166363141 0.2118814891384494 -0.19416399349768956 -0.058101584303325841 0.037583160197192975 0.11090631520618564 -0.37342399394512182 -0.1546845142814246 0.26566703519538831 0.048521882295608526 -0.29378694648898784 -0.0027626262874592979 0.374886874233683 0.1082741560569654 -0.086428661538021909 0.21964463956246619 -0.27278969258069996 0.17884524350032904 0.042548826762608127 -0.13531449406097334 0.0089231873303651822 -0.10272662103442209 0.3463945061899722
leaf_weight=52 22 24 1096 60 23 37 4256 139 31 24 112 22 46 25 22 38 42 21 1544 24 24 56 32 20 43 21 24 60 28 32
leaf_count=52 22 24 1096 60 23 37 4256 139 31 24 112 22 46 25 22 38 42 21 1544 24 24 56 32 20 43 21 24 60 28 32
internal_value=1.4195e-10 -0.00578233 -0.0286593 0.00653604 0.00286341 -0.120009 0.00385489 0.0361824 0.00112349 -0.0163458 -0.00415251 0.0524892 -0.0151006 -0.0991052 0.0567577 0.182036 -0.0607942 -0.0953151 0.00662481 0.0414667 0.241581 0.0153649 0.0336355 0.0123773 0.0335896 -0.111275 0.00172227 0.0381675 0.0728639 0.126305
internal_weight=8000 3200 1120 2080 2020 60 4800 544 405 374 350 175 115 69 44 60 175 133 1960 416 48 368 312 280 239 41 196 144 120 92
internal_count=8000 3200 1120 2080 2020 60 4800 544 405 374 350 175 115 69 44 60 175 133 1960 416 48 368 312 280 239 41 196 144 120 92
is_linear=0
shrinkage=0.05


Tree=244
num_leaves=31
num_cat=0
split_feature=1 0 0 5 2 3 4 4 3 0 4 2 0 5 3 3 3 1 3 0 4 5 2 3 5 2 2 4 4 4
split_gain=70.7912 265.265 210.238 205.582 280.129 180.454 163.547 450.42 640.942 449.957 392.441 325.112 302.524 344.804 353.993 379.116 355.751 287.158 382.951 263.807 312.068 269.277 260.427 213.364 204.615 198.483 491.349 184.404 443.169 648.245
threshold=7306.0000000000009 9397.0416666666752 7990.6166666666641 10.500000000000002 182.12067219025525 1213.6083189749781 27.23656667642511 25.911065653477355 1605.2110065906973 6248.4500000000025 31.289028799677919 157.7663463610086 5068.7000000000162 24.500000000000004 1605.2110065906973 1500.0458831517851 1387.5604928866035 2460.5000000000005 1724.9770530695102 6635.0583333333361 35.589360512674659 32.500000000000007 196.18049391925672 1406.1223089247931 29.500000000000004 213.45565057517638 193.75633441160548 21.129297743065752 18.577543523280362 18.841093400518201
decision_type=2 2 2 2 2 2 2 2 2 2 2 2 2 2 2 2 2 2 2 2 2 2 2 2 2 2 2 2 2 2
left_child=1 6 -2 -3 -5 -4 7 27 9 -9 11 -8 13 -12 15 16 -15 22 25 24 -21 23 -13 -22 -14 26 -19 28 -1 -30
right_child=2 3 5 4 -6 -7 10 8 -10 -11 12 17 19 14 -16 -17 -18 18 -20 20 21 -23 -24 -25 -26 -27 -28 -29 29 -31
leaf_value=-0.0032039260625506155 0.15726804894705615 0.04088926646148875 -0.059562927265853986 -0.0061386370140573254 -0.23076710224151614 0.013119508063581094 0.25342777183522353 0.09163950791484432 -0.31071527845093183 -0.14718863447991812 0.10558558851480485 0.30161472655832772 0.044871818608251117 0.0094245001193015814 -0.23808085603968188 0.14303600132465363 -0.23421009355064096 -0.057426128916020662 0.20451406431198121 -0.066025022072817685 -0.0091848298162221908 -0.045218036238204792 0.059548521995544439 0.18923600844684102 0.25275684952735905 -0.086484515404000012 0.18610106865491938 -0.030574081664247119 0.22268204223364593 0.027928669105947098
leaf_weight=4957 24 21 92 23 35 1190 23 38 28 41 24 20 29 31 34 20 29 53 25 93 20 37 25 42 20 51 34 504 48 389
leaf_count=4957 24 21 92 23 35 1190 23 38 28 41 24 20 29 31 34 20 29 53 25 93 20 37 25 42 20 51 34 504 48 389
internal_value=-1.16832e-10 -0.00207751 0.0106484 -0.0931565 -0.14169 0.00790361 -0.000989795 -0.00349553 -0.105163 -0.0323093 0.0236773 0.0750469 -0.00763237 -0.066666 -0.102929 -0.0454902 -0.108332 0.0553221 0.0244539 0.0261711 -0.000256139 0.0615268 0.167134 0.125229 0.129723 -0.00816564 0.0377454 -0.0016511 0.00105138 0.0493203
internal_weight=8000 6694 1306 79 58 1282 6615 6005 107 79 610 231 379 138 114 80 60 208 163 241 192 99 45 62 49 138 87 5898 5394 437
internal_count=8000 6694 1306 79 58 1282 6615 6005 107 79 610 231 379 138 114 80 60 208 163 241 192 99 45 62 49 138 87 5898 5394 437
is_linear=0
shrinkage=0.05


Tree=245
num_leaves=31
num_cat=0
split_feature=3 3 2 5 5 0 0 0 4 3 2 2 2 2 4 3 0 0 0 2 2 3 2 2 5 0 0 2 3 2
split_gain=71.8194 563.987 367.095 419.846 340.956 321.603 308.867 275.991 228.27 202.137 164.948 316.709 278.074 196.362 202.471 193.783 281.634 341.969 349.291 278.818 214.68 183.85 158.441 140.811 139.661 196.209 180.532 129.355 125.001 137.333
threshold=1230.6070692165774 1262.1504428376402 181.81615370261974 9.5000000000000018 15.500000000000002 6325.6833333333361 2187.9250000000006 3984.0166666666687 7.3649405949587683 1209.0345600312203 203.31479051087078 208.26289104656391 200.16303777854071 213.80304170243116 17.291299089328685 1060.1593017729904 3436.641666666666 4761.9500000000189 6439.3500000000031 177.48590307884913 194.68351278615015 1197.4448400703507 218.85163809621653 226.99639690560181 12.500000000000002 4859.3833333333523 8102.9916666666641 193.75633441160548 1243.7268458063761 206.61975441253409
decision_type=2 2 2 2 2 2 2 2 2 2 2 2 2 2 2 2 2 2 2 2 2 2 2 2 2 2 2 2 2 2
left_child=6 2 4 8 -2 7 -1 -5 -4 10 12 -12 15 -13 24 19 -17 -18 -19 -8 21 -20 27 -16 25 -15 -27 -11 -7 -30
right_child=1 -3 3 5 -6 28 9 -9 -10 22 11 13 -14 14 23 16 17 18 20 -21 -22 -23 -24 -25 -26 26 -28 -29 29 -31
leaf_value=0.19546131154765256 -0.066064113192260271 0.0010024866188857698 -0.10304173965007067 -0.14928184148410092 0.18378085980022496 -0.026698850258253515 -0.027109462865020917 -0.39699467833746566 0.13035412483255973 0.087683536384541252 -0.2028873534202576 0.088304937987490326 0.18407249649365742 0.064628352721532195 -0.22270123004913331 -0.1669139256844154 0.1638579156001409 -0.20045841673146125 0.0085723901690359702 0.21411261689662933 -0.12650005933642389 0.17292877893894912 0.16694444139798484 -0.056390117438776158 0.062045667400839277 -0.18076843055586023 0.010376047591368358 -0.030294080468870346 -0.2459288916804574 -0.074641693115234373
leaf_weight=23 36 7072 20 23 22 32 23 22 22 52 25 38 24 27 20 26 30 23 114 25 25 20 30 35 51 30 21 42 22 25
leaf_count=23 36 7072 20 23 22 32 23 22 22 52 25 38 24 27 20 26 30 23 114 25 25 20 30 35 51 30 21 42 22 25
internal_value=1.84333e-10 -0.0014716 -0.0795821 -0.117417 0.0287047 -0.163695 0.0152511 -0.270386 0.0192132 0.00916474 -0.00368822 -0.0341706 0.0205993 -0.015171 -0.036541 0.00688132 -0.0116019 0.00744585 -0.0183364 0.098527 0.00800834 0.0331032 0.0668994 -0.116867 -0.0022935 -0.0443614 -0.102062 0.0349701 -0.102922 -0.154819
internal_weight=8000 7296 224 166 58 124 704 45 42 681 557 247 310 222 184 286 238 212 182 48 159 134 124 55 129 78 51 94 79 47
internal_count=8000 7296 224 166 58 124 704 45 42 681 557 247 310 222 184 286 238 212 182 48 159 134 124 55 129 78 51 94 79 47
is_linear=0
shrinkage=0.05


Tree=246
num_leaves=31
num_cat=0
split_feature=1 0 0 3 2 0 3 2 2 2 0 5 2 2 2 5 5 2 3 2 5 5 3 2 3 2 2 2 2 5
split_gain=68.3653 333.004 306.898 245.241 209.006 257.521 268.574 325.486 264.876 339.036 328.038 258.174 302.941 242.845 445.982 894.178 421.162 410.164 840.501 456.124 359.381 281.174 281.16 725.664 689.152 635.515 873.716 557.647 832.451 555.332
threshold=2460.5000000000005 3777.6666666666647 3462.3250000000003 971.62814577206768 159.5816485490592 3225.9166666666674 1777.0898314579983 239.23125050086125 179.25769711576183 170.35633828061583 3330.0666666666671 20.500000000000004 187.94416821910283 227.97776161087373 244.14631168610984 21.500000000000004 20.500000000000004 221.83603632343423 1478.6017101775781 217.76168394787899 13.500000000000002 9.5000000000000018 1560.0540965913624 198.27074814468719 1525.8816454716768 203.90556816741034 207.67427475165485 170.35633828061583 164.74086837315926 19.500000000000004
decision_type=2 2 2 2 2 2 2 2 2 2 2 2 2 2 2 2 2 2 2 2 2 2 2 2 2 2 2 2 2 2
left_child=1 4 -2 -4 -1 13 7 8 9 -7 -10 12 -12 17 15 21 20 19 -19 22 -16 -15 24 29 27 -25 -27 28 -6 -24
right_child=2 -3 3 -5 5 6 -8 -9 10 -11 11 -13 -14 14 16 -17 -18 18 -20 -21 -22 -23 23 25 -26 26 -28 -29 -30 -31
leaf_value=-0.073391284202353677 0.19287882305326917 -0.2033687957308509 -0.1548724053502083 0.0020232250226105484 0.12583158776164055 -0.1013484251499176 0.084056163216248536 0.10285202020715023 -0.23362260129716664 0.18978536896873266 -0.22712618929870204 0.077458115839041206 -0.056066769833366087 -0.16619681241335693 0.06604889696691095 -0.40692442791536454 0.23647243001244289 -0.074893912025119955 0.31884847473014488 -0.17437611043453216 -0.19247774451971056 0.030819056888364935 0.085271340902961262 -0.29820459822658452 -0.19974903857860812 0.29200283020734785 -0.13187870133307675 0.051538556612808109 -0.2853758603334427 0.32749732812245691
leaf_weight=109 21 22 25 6654 20 20 39 29 36 20 33 26 120 27 41 20 22 23 33 30 20 55 112 20 39 20 31 271 32 30
leaf_count=109 21 22 25 6654 20 20 39 29 36 20 33 26 120 27 41 20 22 23 33 30 20 55 112 20 39 20 31 271 32 30
internal_value=4.69139e-11 -0.0104932 0.002036 0.00143595 -0.00717298 -0.000998649 -0.0389785 -0.0558741 -0.0739253 0.0442185 -0.0959055 -0.0682082 -0.0929619 0.0135019 -0.0371347 -0.107164 0.0489258 0.027674 0.157133 0.0156911 -0.0187139 -0.034052 0.0256076 0.071188 -0.00121177 -0.0593278 0.0343494 0.0227602 -0.127219 0.136446
internal_weight=8000 1300 6700 6679 1278 1169 323 284 255 40 215 179 153 846 185 102 83 661 56 605 61 82 575 213 362 71 51 323 52 142
internal_count=8000 1300 6700 6679 1278 1169 323 284 255 40 215 179 153 846 185 102 83 661 56 605 61 82 575 213 362 71 51 323 52 142
is_linear=0
shrinkage=0.05


Tree=247
num_leaves=31
num_cat=0
split_feature=0 4 0 4 2 4 2 2 4 0 0 0 0 2 0 4 4 4 0 0 0 0 0 0 0 0 0 0 0 0
split_gain=68.7485 229.331 383.376 482.065 743.319 245.638 377.751 351.041 335.857 298.189 216.02 1334.4 308.965 207.012 243.687 230.947 305.502 216.544 200.496 532.152 377.995 953.906 210.342 198.978 900.293 702.36 1157.87 791.502 675.684 592.057
threshold=9498.9250000000156 19.660218848053233 9623.325000000008 22.920911996626796 199.87536355485503 12.328373264423346 179.64221541098809 202.46472759446041 9.2268592503231073 9778.2416666666686 9302.9250000000047 9275.4083333333347 9325.6666666666733 162.81742421375992 9347.8166666666712 10.965090669798416 13.94787547666931 7.7410353374850915 9219.2166666666762 9194.033333333331 9150.4333333333398 9128.6583333333365 9173.9250000000029 8941.658333333331 8892.4083333333347 8841.4500000000007 8867.5666666666675 8791.8083333333325 8991.225000000004 8767.0250000000033
decision_type=2 2 2 2 2 2 2 2 2 2 2 2 2 2 2 2 2 2 2 2 2 2 2 2 2 2 2 2 2 2
left_child=10 5 -3 -4 -5 8 -7 -8 -2 -10 11 18 -12 -14 -15 17 -17 -16 19 20 21 23 -22 24 25 27 -27 29 -25 -1
right_child=1 2 3 4 -6 6 7 -9 9 -11 12 -13 13 14 15 16 -18 -19 -20 -21 22 -23 -24 28 -26 26 -28 -29 -30 -31
leaf_value=0.00031677475390523005 0.024926699119455678 -0.26693411987760796 -0.22651078246888662 0.26102785494016562 -0.15041582201208389 0.22168902776859425 -0.13719322628208572 0.08314938863702849 -0.025319233085169937 -0.24508278945396686 0.19453616473943958 -0.32791526747807381 0.15266670781586852 -0.13207845952775743 0.060468546554831595 0.22998351246118545 0.026741490680986732 -0.12201162375308372 0.090352364004619656 -0.20666291511827903 0.21596403600227451 -0.27688024007985668 0.031773756204112887 0.18803078376823257 -0.1901746506412183 0.38481628409316465 -0.047333352027400855 -0.17814504614760798 -0.0025658799760964932 0.21932924269668519
leaf_weight=6729 85 23 21 23 21 27 28 51 33 29 31 31 28 27 29 25 71 37 62 31 31 31 31 62 62 31 31 62 186 31
leaf_count=6729 85 23 21 23 21 27 28 51 33 29 31 31 28 27 29 25 71 37 62 31 31 31 31 62 62 31 31 62 186 31
internal_value=8.78797e-11 -0.0219667 -0.0914921 -0.0294126 0.064657 0.00221599 0.0602341 0.00505327 -0.0396202 -0.128112 0.00097802 -0.000558076 0.0468813 0.0257877 0.00699086 0.0301691 0.0796691 -0.0418309 0.000817001 5.84343e-05 0.000937858 -0.000117052 0.123869 0.00107556 -0.000495691 0.00121263 0.168741 -0.00030991 0.0450833 0.00132112
internal_weight=8000 341 88 65 44 253 106 79 147 62 7659 7411 248 217 189 162 96 66 7380 7318 7287 7225 62 7194 6946 6884 62 6822 248 6760
internal_count=8000 341 88 65 44 253 106 79 147 62 7659 7411 248 217 189 162 96 66 7380 7318 7287 7225 62 7194 6946 6884 62 6822 248 6760
is_linear=0
shrinkage=0.05


Tree=248
num_leaves=31
num_cat=0
split_feature=3 3 2 3 2 5 0 2 0 0 5 5 0 0 0 4 2 4 0 4 0 0 0 2 4 0 2 5 4 4
split_gain=68.2993 513.061 348.749 282.321 244.962 240.653 338.182 313.595 287.357 197.875 137.851 253.23 130.358 1012.46 519.68 429.84 446.126 419.343 337.715 234.614 266.907 250.771 186.291 125.629 118.793 115.1 127.71 362.567 166.121 280.654
threshold=1230.6070692165774 1262.1504428376402 235.03794054294525 1209.0345600312203 170.35633828061583 9.5000000000000018 4859.3833333333523 196.18049391925672 8066.9666666666653 5231.2083333333494 10.500000000000002 15.500000000000002 4859.3833333333523 5421.6583333333447 3777.6666666666647 18.44782694552843 178.86133711203908 10.334123087725844 3225.9166666666674 20.507101128849037 7519.7666666666673 7132.0916666666644 9150.4333333333398 192.08808840379473 27.536243212040528 8791.8083333333325 203.31479051087078 13.500000000000002 9.048666356995346 10.387133781889345
decision_type=2 2 2 2 2 2 2 2 2 2 2 2 2 2 2 2 2 2 2 2 2 2 2 2 2 2 2 2 2 2
left_child=3 2 4 12 -2 8 -7 -8 -6 -5 -11 -12 14 -14 15 16 -1 -16 -18 21 -21 23 25 -15 -22 26 28 -28 -23 -30
right_child=1 -3 -4 9 5 6 7 -9 -10 10 11 -13 13 19 17 -17 18 -19 -20 20 24 22 -24 -25 -26 -27 27 -29 29 -31
leaf_value=-0.28420477509498598 0.065070515871047979 0.00092466152480622703 -0.24445638928424429 0.19690338948677327 0.14259198418130045 -0.25195436492900958 -0.17815181388386658 0.016987597756087779 -0.11654883451759815 0.12314711699360295 -0.11249326003922358 0.09260946288704873 -0.34495007964697755 0.19173774288760292 -0.011409428715705872 0.1580929834842682 0.069463422153854662 0.28044506520964207 -0.17236052779057487 -0.17571145551545281 0.081409499883651745 -0.063041535940240409 0.096419929767527238 0.054128449947335004 -0.071239205965628993 -0.11663906452832398 -0.14665878748609906 0.10778978886526257 0.21987944795665415 0.005577742042019964
leaf_weight=20 36 7072 27 29 23 33 35 50 20 38 27 34 22 27 20 25 42 32 22 35 25 34 41 43 26 27 42 21 22 50
leaf_count=20 36 7072 27 29 23 33 35 50 20 38 27 34 22 27 20 25 42 32 22 35 25 34 41 43 26 27 42 21 22 50
internal_value=3.7667e-11 -0.00143508 -0.0759356 0.0148727 -0.0528388 -0.0792037 -0.116105 -0.0633639 0.0220614 0.0820406 0.0483939 0.00182629 -5.35171e-05 -0.014869 0.0381355 -0.0239104 -0.0780781 0.168193 -0.0136636 0.00360881 -0.0693824 0.0240558 -0.000503369 0.107206 0.00358859 -0.0207781 -0.00546308 -0.0618426 0.0280455 0.0710588
internal_weight=8000 7296 224 704 197 161 118 85 43 128 99 61 576 415 161 109 84 52 64 393 86 307 237 70 51 196 169 63 106 72
internal_count=8000 7296 224 704 197 161 118 85 43 128 99 61 576 415 161 109 84 52 64 393 86 307 237 70 51 196 169 63 106 72
is_linear=0
shrinkage=0.05


Tree=249
num_leaves=31
num_cat=0
split_feature=1 0 0 0 5 4 3 3 3 0 0 4 0 1 0 2 0 0 0 0 0 0 0 0 0 4 5 0 0 0
split_gain=66.484 249.345 797.111 343.603 313.703 469.61 255.23 210.774 245.449 221.901 350.096 306.119 203.931 813.831 1606.92 337.626 329.816 261.985 510.07 203.463 277.589 199.367 336.257 258.133 479.194 382.932 315.033 335.173 738.181 312.539
threshold=7306.0000000000009 8467.6249999999945 8504.9249999999865 8552.9833333333318 18.500000000000004 21.782147365819959 1213.6083189749781 1252.5902612635984 1304.2881621427716 8743.5666666666639 9325.6666666666733 11.193149347877727 8256.391666666661 6517.5000000000009 8287.899999999996 182.12067219025525 8223.0749999999935 8207.1583333333274 8189.0833333333294 8362.0666666666602 8410.208333333323 8121.1499999999987 8362.0666666666602 8867.5666666666675 8817.5083333333332 25.627351140424881 30.500000000000004 8941.658333333331 8991.225000000004 9302.9250000000047
decision_type=2 2 2 2 2 2 2 2 2 2 2 2 2 2 2 2 2 2 2 2 2 2 2 2 2 2 2 2 2 2
left_child=1 12 -3 -4 6 -6 -5 -8 -9 -10 -11 -12 16 -14 -15 -16 17 18 -1 -17 -21 -2 -23 24 25 -24 27 -25 -29 -30
right_child=21 2 3 4 5 -7 7 8 9 10 11 -13 13 14 15 19 -18 -19 -20 20 -22 22 23 26 -26 -27 -28 28 29 -31
leaf_value=0.00042142467032422505 0.07379494034149478 -0.2739865333773196 0.1387652052848628 0.12811202318407597 -0.20858427509665489 -0.018228404932183983 -0.16891988488760862 0.12533755557190987 -0.095359696350060419 0.026972470759961106 -0.18869049265617277 0.00018096922172440425 -0.044041044241748754 0.47965016204577227 -0.063653495094992893 0.014513151994241136 -0.14763331985787342 0.18080866947770119 -0.25253292907029395 0.29934022867161297 0.062960522263138391 -0.064642679559478125 0.051561344172052798 -0.12412304072640837 0.24543459924130606 -0.13687954385920117 -0.19793007135391238 0.27382471148784343 -0.050926215104382361 0.025743760337804462
leaf_weight=5614 113 32 33 32 54 81 22 31 80 252 41 45 144 26 44 35 38 20 20 23 27 154 266 48 29 30 20 26 193 427
leaf_count=5614 113 32 33 32 54 81 22 31 80 252 41 45 144 26 44 35 38 20 20 23 27 154 266 48 29 30 20 26 193 427
internal_value=1.07978e-10 -0.00201332 -0.0301841 -0.0185572 -0.0266945 -0.0943708 -0.00853095 -0.0178145 -0.0104107 -0.0204782 -0.00275475 -0.0898624 0.00129232 0.0415417 0.121051 0.0487749 -0.000821974 0.000164732 -0.000476532 0.106973 0.171695 0.0103194 0.00430706 0.0145268 0.0514663 0.0324626 -0.00228745 0.00335067 0.0128224 0.00187714
internal_weight=8000 6694 703 671 638 135 503 471 449 418 338 86 5991 299 155 129 5692 5654 5634 85 50 1306 1193 1039 325 296 714 694 646 620
internal_count=8000 6694 703 671 638 135 503 471 449 418 338 86 5991 299 155 129 5692 5654 5634 85 50 1306 1193 1039 325 296 714 694 646 620
is_linear=0
shrinkage=0.05


Tree=250
num_leaves=31
num_cat=0
split_feature=3 3 3 1 0 0 3 3 3 0 0 0 0 0 0 0 0 0 3 0 3 1 3 0 4 5 5 2 3 4
split_gain=66.9481 184.617 102.866 79.6762 758.989 421.558 388.345 305.576 734.389 442.969 292.385 618.593 714.959 390.311 2210.22 783.11 2448.13 931.744 514.156 466.455 461.635 460.18 793.801 562.609 544.691 519.482 742.585 501.018 458.991 407.356
threshold=2269.7030541227764 2227.6919926964697 2166.7528950174224 5887.5000000000009 8066.9666666666653 6488.4666666666717 1674.4739775101095 1957.8134568867961 1922.9377776640456 4086.0750000000025 7810.0666666666666 7617.7833333333328 7348.8416666666635 6558.4083333333356 6635.0583333333361 6467.1916666666702 6439.3500000000031 6248.4500000000025 1496.2296914516266 6735.8416666666662 1573.2264491142125 4564.0000000000009 1266.6198827713893 5282.350000000014 7.797932945735786 9.5000000000000018 18.500000000000004 193.4469621449214 1484.9858087871814 11.88997920898383
decision_type=2 2 2 2 2 2 2 2 2 2 2 2 2 2 2 2 2 2 2 2 2 2 2 2 2 2 2 2 2 2
left_child=1 2 3 4 7 6 -5 8 10 -9 11 12 13 15 28 16 17 21 29 -16 -20 23 -23 -1 -25 -24 27 -27 -15 -19
right_child=-2 -3 -4 5 -6 -7 -8 9 -10 -11 -12 -13 -14 14 19 -17 -18 18 20 -21 -22 22 25 24 -26 26 -28 -29 -30 -31
leaf_value=-4.7492087418033335e-05 0.073335634892986667 -0.12206595595325194 0.091092890501022344 0.1584664031899779 -0.29812705096873371 0.0021790526126312286 -0.079392983933741404 0.023627580205599467 0.23715814567985946 -0.19062921155530674 -0.073003082732702132 0.10824152112657588 -0.10985247215086764 0.22231681884399485 0.13152799685559577 -0.1870256402734983 0.54825182382017379 -0.17892200583996981 -0.42014677952165186 -0.015537029423098515 -0.14027867527996624 -0.17001842798098277 -0.051503099177194679 0.12399311860402425 -0.1549565952448618 0.53511261880397798 0.027434854110081994 0.19936129766702654 0.52750433527610519 0.10994942921858569
leaf_weight=2378 31 31 31 78 22 3927 22 45 32 52 145 126 154 28 63 59 20 23 23 374 41 23 23 21 105 20 30 25 22 26
leaf_count=2378 31 31 31 78 22 3927 22 45 32 52 145 126 154 28 63 59 20 23 23 374 41 23 23 21 105 20 30 25 22 26
internal_value=-1.24741e-10 -0.000285281 0.000190305 -0.000166086 -0.00527941 0.00476058 0.106137 -0.00360947 -0.0013496 -0.0912317 -0.00339633 -0.000580205 -0.00454537 0.000363013 0.0416948 -0.00678239 -0.00292657 -0.00695271 -0.147534 0.00566456 -0.240856 -0.000901024 0.0943333 -0.005503 -0.108465 0.156375 0.220124 0.348584 0.356599 -0.0256433
internal_weight=8000 7969 7938 7907 3880 4027 100 3858 3761 97 3729 3584 3458 3304 487 2817 2758 2738 113 437 64 2625 121 2504 126 98 75 45 50 49
internal_count=8000 7969 7938 7907 3880 4027 100 3858 3761 97 3729 3584 3458 3304 487 2817 2758 2738 113 437 64 2625 121 2504 126 98 75 45 50 49
is_linear=0
shrinkage=0.05


Tree=251
num_leaves=31
num_cat=0
split_feature=0 3 3 3 3 0 3 3 0 0 0 0 0 0 0 0 0 2 0 2 0 4 4 4 2 2 0 0 0 0
split_gain=67.1573 225.734 681.647 258.284 372.945 307.325 802.624 459.566 284.029 238.269 199.377 1189.19 270.053 188.722 475.903 342.663 846.154 196.663 185.599 183.691 221.157 194.274 272.18 193.989 175.499 227.337 174.783 778.799 623.134 1009.83
threshold=9498.9250000000156 1421.9929765580284 1364.1593454090209 1521.5619784063608 1625.2167349657268 9730.8000000000065 1730.1392048709645 1786.7377036846262 9670.1833333333452 9730.8000000000065 9302.9250000000047 9275.4083333333347 9325.6666666666733 9219.2166666666762 9194.033333333331 9150.4333333333398 9128.6583333333365 200.46321742150107 9173.9250000000029 162.81742421375992 9347.8166666666712 10.965090669798416 13.94787547666931 7.7410353374850915 183.93092482501359 209.76478870738103 8941.658333333331 8892.4083333333347 8841.4500000000007 8867.5666666666675
decision_type=2 2 2 2 2 2 2 2 2 2 2 2 2 2 2 2 2 2 2 2 2 2 2 2 2 2 2 2 2 2
left_child=10 2 24 8 9 6 -6 -7 -3 -5 11 13 -12 14 15 16 26 -15 -17 -14 -21 23 -23 -22 -2 -26 27 28 -1 -30
right_child=1 3 -4 4 5 7 -8 -9 -10 -11 12 -13 19 17 -16 18 -18 -19 -20 20 21 22 -24 -25 25 -27 -28 -29 29 -31
leaf_value=-0.00031431208246937272 0.11967732727527619 -0.045150964835594443 -0.30531308828638148 -0.23763111702033451 0.30538039092834179 -0.15204046395344614 -0.11593112826347352 0.13376162566921929 0.15227395545463174 -0.037909411825239658 0.18311011791229248 -0.30954247808023805 0.14486436237181938 0.18578445645315309 -0.19543791778625982 0.20443876525086743 -0.26078318708365961 0.0068438407252816597 0.031420264969910343 -0.12484543168986287 0.060508516816229652 0.21699999076128007 0.025162122870834781 -0.11220660805702209 -0.1758500868623907 0.038932667459760401 0.042248927774057997 -0.17688590764038026 0.36070650162235385 -0.04287181804257055
leaf_weight=6822 20 29 26 28 26 39 20 22 49 32 31 31 28 28 31 31 31 34 31 27 29 25 71 37 22 28 248 62 31 31
leaf_count=6822 20 29 26 28 26 39 20 22 49 32 31 31 28 28 31 31 31 34 31 27 29 25 71 37 22 28 248 62 31 31
internal_value=2.1611e-12 -0.021711 -0.0866998 0.00375395 -0.0313313 0.024621 0.122201 -0.0489643 0.0788724 -0.131113 0.000966636 -0.0005091 0.0450661 0.000789008 5.30502e-05 0.000884698 -0.0001197 0.0876557 0.11793 0.0253456 0.00763908 0.0297198 0.0751199 -0.0363166 -0.00550058 -0.0555717 0.00100354 -0.000469088 0.00111979 0.158917
internal_weight=8000 341 96 245 167 107 46 61 78 60 7659 7411 248 7380 7318 7287 7225 62 62 217 189 162 96 66 70 50 7194 6946 6884 62
internal_count=8000 341 96 245 167 107 46 61 78 60 7659 7411 248 7380 7318 7287 7225 62 62 217 189 162 96 66 70 50 7194 6946 6884 62
is_linear=0
shrinkage=0.05


Tree=252
num_leaves=31
num_cat=0
split_feature=0 1 0 0 3 3 3 3 2 0 0 4 4 4 2 2 2 3 0 0 2 3 5 4 2 5 5 3 3 2
split_gain=64.2066 84.567 297.381 278.991 215.754 203.905 897.115 678.055 616.542 582.513 767.819 454.614 409.514 1211.93 471.331 437.245 478.125 426.224 420.336 412.838 719.214 389.981 526.155 558.59 524.83 1286.77 911.749 703.685 1500.53 568.765
threshold=1827.0166666666669 2460.5000000000005 3702.2749999999987 3485.9666666666658 971.62814577206768 1421.9929765580284 1468.7701172680352 1408.6028552327359 170.88103534542753 2444.6583333333338 3377.7833333333342 13.096052999277196 6.6754762048070502 6.1005868367393168 159.5816485490592 231.96327729766594 235.63422600279452 1937.0146770666013 2641.8916666666687 2045.2333333333338 204.81019358220982 1560.0540965913624 10.500000000000002 13.096052999277196 198.27074814468719 19.500000000000004 15.500000000000002 1743.3986382069504 1660.6504548812161 193.13205342499944
decision_type=2 2 2 2 2 2 2 2 2 2 2 2 2 2 2 2 2 2 2 2 2 2 2 2 2 2 2 2 2 2
left_child=-1 2 5 -3 -5 7 9 8 -2 -7 11 -11 13 -8 18 19 -17 -18 -14 20 -16 22 -21 -24 25 26 29 28 -26 -23
right_child=1 3 -4 4 -6 6 12 -9 -10 10 -12 -13 14 -15 15 16 17 -19 -20 21 -22 24 23 -25 27 -27 -28 -29 -30 -31
leaf_value=0.070682943984866145 -0.1597173550631851 0.14275418000561851 -0.11306182336116183 -0.14539215883612633 0.0017696347530777913 -0.031785192830221992 -0.031605630770933875 -0.28788946604728699 0.011126143938171006 0.45510328478283352 -0.054480480849742885 0.17651652097702028 -0.016259576639403469 0.43026560597121721 -0.035794230388558432 -0.32578064627014103 0.011266923376492093 -0.2488381388641539 -0.30713540040370496 0.075694034484828393 0.37417781531810762 0.012440362070664401 -0.32196590330066355 -0.062062570266425615 0.026048752390137264 0.36486999771811746 -0.29562100723385809 0.1286753692688086 -0.40045698806643487 0.29874931621280582
leaf_weight=32 64 35 69 25 6640 35 49 25 302 27 20 32 23 20 23 20 63 21 27 41 20 82 29 72 58 33 20 39 32 22
leaf_count=32 64 35 69 25 6640 35 49 25 302 27 20 32 23 20 23 20 63 21 27 41 20 82 29 72 58 33 20 39 32 22
internal_value=-2.42766e-10 -0.000283867 -0.0121245 0.00195701 0.00121764 -0.00631573 0.00802784 -0.0359567 -0.0187481 0.13802 0.213249 0.304005 -0.0133253 0.10227 -0.026087 -0.013283 -0.106071 -0.0537593 -0.173333 0.00720521 0.15489 -0.00763232 -0.0753666 -0.136688 0.025998 0.0873942 0.0135498 -0.0487245 -0.125598 0.0730057
internal_weight=8000 7968 1268 6700 6665 1199 808 391 366 114 79 59 694 69 625 575 104 84 50 471 43 428 142 101 286 157 124 129 90 104
internal_count=8000 7968 1268 6700 6665 1199 808 391 366 114 79 59 694 69 625 575 104 84 50 471 43 428 142 101 286 157 124 129 90 104
is_linear=0
shrinkage=0.05


Tree=253
num_leaves=31
num_cat=0
split_feature=4 4 0 5 5 0 3 3 0 0 0 0 0 2 3 4 2 2 5 4 0 0 0 4 0 0 2 0 3 1
split_gain=65.9859 314.42 636.91 349.248 329.047 360.63 236.475 697.89 596.804 329.023 274.223 552.311 478.655 455.816 419.625 415.599 678.026 754.553 583.566 528.906 809.669 250.901 231.393 773.99 667.556 488.688 373.234 318.777 286.833 251.031
threshold=11.343684718634387 9.1043884646038578 2101.3583333333349 14.500000000000002 13.500000000000002 6509.4166666666724 1496.2296914516266 1525.8816454716768 6197.7833333333338 9424.9083333333456 6608.4416666666684 6413.8916666666692 8269.7166666666617 191.12449617093901 1385.7945229442873 10.029547655936039 176.82159266165934 218.09684117376159 8.5000000000000018 10.387133781889345 4249.9000000000078 7715.9583333333348 5018.1500000000169 8.9247379154338322 5333.5083333333487 6153.1166666666677 194.06843407976604 4716.4083333333501 1555.5703352005196 5887.5000000000009
decision_type=2 2 2 2 2 2 2 2 2 2 2 2 2 2 2 2 2 2 2 2 2 2 2 2 2 2 2 2 2 2
left_child=1 3 -3 4 22 -6 10 8 -8 -9 11 15 13 21 -14 16 -4 -18 -17 -20 -21 -12 23 27 26 -26 -24 -1 -29 -27
right_child=-2 2 6 -5 5 -7 7 9 -10 -11 12 -13 14 -15 -16 18 17 -19 19 20 -22 -23 24 -25 25 29 -28 28 -30 -31
leaf_value=0.010088502185386396 0.0037077038015161934 -0.28172036775698267 -0.35515389516949658 0.12481822567060591 -0.26840645411740177 -0.016283705025105864 -0.38761380863189698 -0.01287900131514288 -0.082923498186800226 -0.18939376643725805 0.096248538759019647 -0.28531227934928166 0.029716727165505292 0.01743144374013993 -0.15273195797434222 0.23933245889071764 0.12215438899066713 -0.25497597853342691 0.18980969596992842 0.0432090892838553 -0.33083559767059656 0.27621407210826876 -0.34986287979852587 0.33811960980296135 0.17779905662724849 -0.04354256216917405 -0.055167224393649544 0.25247001565164989 0.0026446356996893887 0.0081255710216460442
leaf_weight=511 4800 24 20 60 23 37 25 462 45 28 45 21 80 114 52 29 36 21 22 39 23 34 21 20 38 308 22 27 20 993
leaf_count=511 4800 24 20 60 23 37 25 462 45 28 45 21 80 114 52 29 36 21 22 39 23 34 21 20 38 308 22 27 20 993
internal_value=-1.28226e-10 -0.00556156 -0.0269202 0.00593923 0.00240817 -0.112931 -0.0213406 -0.0440625 -0.191741 -0.0229656 0.00239877 -0.0419866 0.0312151 0.0813971 -0.042157 -0.0150928 -0.104676 -0.0167884 0.0459504 -0.0208125 -0.0955494 0.173702 0.00593895 0.0325038 -0.00517138 0.00105597 -0.199088 0.0215498 0.146161 -0.00410639
internal_weight=8000 3200 1120 2080 2020 60 1096 560 70 490 536 211 325 193 132 190 77 57 113 84 62 79 1960 578 1382 1339 43 558 47 1301
internal_count=8000 3200 1120 2080 2020 60 1096 560 70 490 536 211 325 193 132 190 77 57 113 84 62 79 1960 578 1382 1339 43 558 47 1301
is_linear=0
shrinkage=0.05


Tree=254
num_leaves=31
num_cat=0
split_feature=5 4 4 5 3 2 3 4 4 0 0 3 3 3 3 1 0 2 2 4 0 3 3 3 4 4 0 4 0 0
split_gain=65.9611 208.674 215.733 224.794 340.165 297.405 250.609 249.166 168.743 166.743 129.776 118.479 164.071 118.752 327.854 617.886 301.749 302.043 496.745 263.146 246.408 224.355 396.651 196.333 222.24 494.961 383.211 223.51 309.452 226.714
threshold=6.5000000000000009 9.2766853120124146 8.5641975589959021 5.5000000000000009 1357.9306069367974 199.47968383111183 1439.9108083722376 5.543511311351244 7.4804958346753674 3655.2833333333319 7102.9999999999973 2269.7030541227764 2227.6919926964697 1816.0282371524202 1792.7438367862303 5887.5000000000009 3930.1583333333338 150.6625317512316 169.40312719492059 13.218482506908311 9448.7250000000113 2107.4710239468436 1957.8134568867961 2107.4710239468436 8.5641975589959021 9.2268592503231073 5468.6000000000104 11.077233708717118 8991.225000000004 6691.083333333333
decision_type=2 2 2 2 2 2 2 2 2 2 2 2 2 2 2 2 2 2 2 2 2 2 2 2 2 2 2 2 2 2
left_child=1 2 3 7 5 10 -6 -1 9 -8 -5 12 13 14 -2 19 21 -18 -19 -16 23 22 -15 24 -20 -26 -27 -28 29 -29
right_child=11 -3 -4 4 6 -7 8 -9 -10 -11 -12 -13 -14 16 15 -17 17 18 20 -21 -22 -23 -24 -25 25 26 27 28 -30 -31
leaf_value=0.099384300989001542 0.00053040450389679446 -0.1732262778849829 0.14444910390746027 0.05015136376023293 -0.22662999122231098 0.17039532803547836 0.080361685037612929 -0.045703123899985036 -0.17274730091362642 -0.065782579545224651 -0.12781336603331425 0.10191000967190184 -0.11413887441158295 0.12448185121729261 -0.35297763605009425 0.032916818252868123 0.1905125048366331 -0.16943309912230911 -0.059233497307725147 -0.1055307680652255 0.17208242157231207 0.22478333826248464 -0.11090131652355195 -0.084817192289564358 0.26640124171972274 -0.13963006680661982 -0.079962112682480976 0.24656015291810035 -0.11952471964061261 0.066263718014541909
leaf_weight=67 6865 21 21 20 27 28 25 53 27 89 21 29 31 63 22 45 21 41 73 21 23 26 25 54 22 33 31 20 20 136
leaf_count=67 6865 21 21 20 27 28 25 53 27 89 21 29 31 63 22 45 21 41 73 21 23 26 25 54 22 33 31 20 20 136
internal_value=2.00991e-11 -0.0198161 -0.0112933 -0.0204546 -0.0486868 0.0447828 -0.0870762 0.035304 -0.0603531 -0.0337334 -0.0410013 0.00104021 0.000653886 0.00112578 -0.00069886 -0.0965954 0.0227019 0.0051361 -0.00345751 -0.232131 0.0130595 0.0957385 0.0576116 0.0036571 0.0179186 0.0394152 0.0186082 0.0438345 0.0656396 0.0893786
internal_weight=8000 399 378 357 237 69 168 120 141 114 41 7601 7572 7541 6953 88 588 474 453 43 412 114 88 389 335 262 240 207 176 156
internal_count=8000 399 378 357 237 69 168 120 141 114 41 7601 7572 7541 6953 88 588 474 453 43 412 114 88 389 335 262 240 207 176 156
is_linear=0
shrinkage=0.05


Tree=255
num_leaves=31
num_cat=0
split_feature=2 5 2 5 0 3 3 2 3 4 4 1 0 3 3 0 4 2 2 2 0 5 4 4 0 3 3 3 3 5
split_gain=61.7904 191.619 213.507 165.97 76.7915 238.074 243.471 487.444 219.026 324.183 274.825 119.316 280.585 246.74 400.369 567.554 413.107 381.285 845.745 660.075 357.436 292.795 270.139 261.094 250.585 213.143 590.93 338.615 235.248 215.909
threshold=276.09341225257418 9.5000000000000018 281.53838059021911 18.500000000000004 9730.8000000000065 1786.7377036846262 1622.4855371113606 194.37180244733483 1426.490718905384 11.193149347877727 13.142252506006455 7306.0000000000009 9474.6416666666792 1765.4960098847203 1679.8123433123612 8379.2333333333318 10.965090669798416 181.81615370261974 174.47883343122251 168.41839022878284 8841.4500000000007 14.500000000000002 18.44782694552843 34.223383060428084 8239.2916666666642 1399.3659266105403 1531.9081409805156 1557.8672711554175 1492.7372642416815 20.500000000000004
decision_type=2 2 2 2 2 2 2 2 2 2 2 2 2 2 2 2 2 2 2 2 2 2 2 2 2 2 2 2 2 2
left_child=4 -2 -3 -4 11 6 8 -8 9 -6 -10 12 -1 14 16 -16 21 18 19 22 -20 -13 -18 25 -15 -19 28 -28 -27 -29
right_child=1 2 3 -5 5 -7 7 -9 10 -11 -12 13 -14 24 15 -17 17 23 20 -21 -22 -23 -24 -25 -26 26 27 29 -30 -31
leaf_value=-0.0016126317499320455 -0.096599606052041057 0.19305269007499404 0.10262611164152623 -0.085674558038061316 0.059637734382413335 0.12193504273891449 0.014134534299373627 -0.33495141483843327 -0.061247534347431999 -0.19856125981576983 0.13551498858465091 -0.016193760426233519 -0.16619014854614553 0.10768536201545172 -0.098289561271667492 0.20991990424818915 0.1952200341975272 -0.02600002032428704 0.14791489520243237 -0.17075416332126822 0.43630621975118467 -0.18540418488638744 0.012473346866094151 -0.14133134722709656 -0.081368887807101997 0.086057840728725521 -0.17072575292710601 -0.013964585628319573 0.23657394146194333 0.15749955454274367
leaf_weight=6589 20 26 25 22 20 22 20 20 35 31 36 294 26 21 20 59 42 135 21 29 22 28 39 25 106 87 29 91 37 23
leaf_count=6589 20 26 25 22 20 22 20 20 35 31 36 294 26 21 20 59 42 135 21 29 22 28 39 25 106 87 29 91 37 23
internal_value=-4.47289e-11 0.0405182 0.0780847 0.0144854 -0.000476564 -0.0323996 -0.0533587 -0.160408 -0.0182604 -0.0973068 0.0385194 0.000284002 -0.0022595 0.0154692 0.0239588 0.131892 0.0145057 0.039718 0.107443 0.0339439 0.295464 -0.0309077 0.107231 0.0154512 -0.0501079 0.0252013 0.0510896 -0.0181772 0.13097 0.0206291
internal_weight=8000 93 73 47 7907 184 162 40 122 51 71 7723 6615 1108 981 79 902 580 153 110 43 322 81 427 127 402 267 143 124 114
internal_count=8000 93 73 47 7907 184 162 40 122 51 71 7723 6615 1108 981 79 902 580 153 110 43 322 81 427 127 402 267 143 124 114
is_linear=0
shrinkage=0.05


Tree=256
num_leaves=31
num_cat=0
split_feature=3 3 0 0 0 0 0 0 3 0 2 3 4 0 0 2 0 5 0 0 2 2 3 0 4 4 2 4 0 4
split_gain=64.0885 462.519 304.621 692.19 276.224 167.984 142.796 438.382 437.208 252.128 269.85 241.96 219.104 207.679 244.762 185.224 171.921 152.313 322.173 138.128 158.339 250.358 183.206 137.069 136.659 160.716 134.697 129.764 218.993 127.768
threshold=1230.6070692165774 1257.2564289574527 3799.9166666666656 5333.5083333333487 2187.9250000000006 2741.0583333333348 4859.3833333333523 5421.6583333333447 1190.3443523589506 3777.6666666666647 203.90556816741034 1197.4448400703507 16.822650942137987 9302.9250000000047 6381.7833333333365 193.75633441160548 3377.7833333333342 24.500000000000004 7255.7916666666633 8791.8083333333325 206.03128410143995 230.89566526937708 1159.0376499084598 8039.5166666666673 15.571595949758875 8.6750986693795138 217.76168394787899 9.048666356995346 7889.4916666666641 19.759415726486719
decision_type=2 2 2 2 2 2 2 2 2 2 2 2 2 2 2 2 2 2 2 2 2 2 2 2 2 2 2 2 2 2
left_child=4 2 -2 -4 -1 -6 8 -8 9 16 -11 12 13 14 -9 -13 -7 18 -14 20 22 -22 27 -19 25 -5 -17 -16 -29 -26
right_child=1 -3 3 24 5 6 7 11 -10 10 -12 15 17 -15 19 26 -18 23 -20 -21 21 -23 -24 -25 29 -27 -28 28 -30 -31
leaf_value=0.18482834489449212 0.053136052170561422 0.0006794828824314283 -0.37526131236837029 -0.10926166447914309 -0.10909734429984258 0.15227052465081214 -0.19420925555405794 0.16986990913748742 -0.086760205624474063 0.3377130299806595 0.095396292761520118 0.1311417286957294 -0.28298364251852037 0.16759590031135652 -0.01761175432930822 -0.047210337631404399 -0.035758004169310291 0.088915601761444751 -0.043383086783851083 -0.1070622260371844 -0.14448782828532988 0.047723347460851079 -0.078971264511346825 -0.090060164630413053 -0.21917015544806973 0.029290273420512675 0.08815112464568195 0.037475889969256618 0.24110365710828618 -0.057388664968311791
leaf_weight=23 36 7104 21 36 29 20 27 20 37 20 27 64 20 21 23 40 31 23 47 33 36 32 23 20 23 50 34 31 23 26
leaf_count=23 36 7104 21 36 29 20 27 20 37 20 27 64 20 21 23 40 31 23 47 33 36 32 23 20 23 50 34 31 23 26
internal_value=1.19879e-11 -0.00139014 -0.0779662 -0.108221 0.0144069 0.00865113 0.0138884 0.00193132 0.0596796 0.114968 0.19851 0.0127391 -0.00926037 0.0173354 0.00305727 0.0688536 0.0379787 -0.0677711 -0.114906 -0.013541 0.00482924 -0.0540355 0.0448573 0.00567106 -0.0666809 -0.0287082 0.0149828 0.081845 0.124206 -0.133327
internal_weight=8000 7296 192 156 704 681 652 517 135 98 47 490 352 242 221 138 51 110 67 201 168 68 100 43 135 86 74 77 54 49
internal_count=8000 7296 192 156 704 681 652 517 135 98 47 490 352 242 221 138 51 110 67 201 168 68 100 43 135 86 74 77 54 49
is_linear=0
shrinkage=0.05


Tree=257
num_leaves=31
num_cat=0
split_feature=1 0 5 3 3 3 2 2 4 4 4 2 0 2 3 0 5 0 5 3 4 0 4 4 0 3 3 5 4 3
split_gain=60.4911 286.002 426.358 382.043 957.595 871.075 850.636 712.311 682.314 520.556 900.553 608.308 514.357 545.678 498.559 685.066 449.539 467.245 407.195 642.231 398.56 353.128 352.802 368.879 457.161 511.118 992.759 837.758 753.349 652.746
threshold=2460.5000000000005 3377.7833333333342 25.500000000000004 1421.9929765580284 1329.1742804620656 1474.6829304088781 173.63279889613497 164.35271298139619 25.627351140424881 6.6754762048070502 5.9045916592568926 163.83551259792327 2187.9250000000006 206.03128410143995 1346.5190705350913 2592.4916666666672 13.500000000000002 2444.6583333333338 8.5000000000000018 1577.1502051737434 13.479282894791572 2641.8916666666687 7.5548649658660354 8.6750986693795138 1991.7833333333344 1735.239665295441 1668.6853246661233 11.500000000000002 18.710184316090999 1567.746433250901
decision_type=2 2 2 2 2 2 2 2 2 2 2 2 2 2 2 2 2 2 2 2 2 2 2 2 2 2 2 2 2 2
left_child=1 3 -3 4 8 7 -6 -5 12 10 -7 21 -1 -14 -8 20 17 -9 19 -13 -16 -11 -20 -24 -25 26 27 -26 -29 -30
right_child=-2 2 -4 5 6 9 14 16 -10 11 -12 18 13 -15 15 -17 -18 -19 22 -21 -22 -23 23 24 25 -27 -28 28 29 -31
leaf_value=0.13557023555040359 0.0019151601591338612 -0.072413254663842963 0.16729149885475636 0.41484821580705189 -0.41878867563994038 -0.0070803047434703729 -0.30728343852928708 0.013255194371396845 0.29309822944077579 -0.042649237612883251 0.4028670197441464 0.069179651927616867 0.025292477289835615 -0.19344406838569306 -0.3294354796409607 0.079993838816881185 -0.041920205709096547 0.31882955848143024 0.20745730966640019 -0.25341182108968496 -0.02424413025379181 -0.28328465439619555 -0.17197620868682861 0.18460431190637441 0.24028998403457191 0.11021151238280098 -0.268679247561254 -0.13430620357817546 -0.060709622985607871 0.24277101273045823
leaf_weight=48 6700 256 20 21 23 37 21 22 22 30 21 27 75 46 23 54 37 29 24 36 20 31 26 39 33 82 38 88 37 34
leaf_count=48 6700 256 20 21 23 37 21 22 22 30 21 27 75 46 23 54 37 29 24 36 20 31 26 39 33 82 38 88 37 34
internal_value=8.05259e-11 -0.00987044 -0.0550433 0.00230507 -0.041787 0.0234591 -0.140619 0.153197 0.031173 -0.000797193 0.141349 -0.016501 -0.00292379 -0.0578636 -0.0863999 -0.0385797 0.0907571 0.187013 0.00301358 -0.115158 -0.187486 -0.164939 0.0215792 0.00974616 0.0232071 0.00303242 -0.0351793 0.0110343 -0.0365471 0.0846191
internal_weight=8000 1300 276 1024 332 692 141 109 191 583 58 525 169 121 118 97 88 51 464 63 43 61 401 377 351 312 230 192 159 71
internal_count=8000 1300 276 1024 332 692 141 109 191 583 58 525 169 121 118 97 88 51 464 63 43 61 401 377 351 312 230 192 159 71
is_linear=0
shrinkage=0.05


Tree=258
num_leaves=31
num_cat=0
split_feature=0 0 1 0 0 0 0 0 0 0 0 0 1 0 0 1 3 5 5 0 0 0 1 1 1 1 0 0 0 1
split_gain=60.9653 858.473 1038.65 437.387 666.467 387.994 1033.22 889.481 622.366 1526.6 1351.31 532.249 489.964 497.499 376.6 597.499 334.102 317.414 433.268 273.693 1642.26 878.812 854.184 643.667 515.769 926.885 774.022 994.492 366.295 1900.22
threshold=7440.2583333333323 7489.3916666666692 6517.5000000000009 7587.1083333333327 7603.7666666666655 7153.3499999999967 7177.566666666663 7132.0916666666644 7079.4833333333308 7102.9999999999973 7021.0666666666648 7052.5833333333312 5887.5000000000009 7423.7583333333323 7635.3916666666673 6517.5000000000009 1525.8816454716768 14.500000000000002 22.500000000000004 7906.6166666666659 7922.9666666666617 7870.7083333333294 6517.5000000000009 5887.5000000000009 6517.5000000000009 5887.5000000000009 7775.8333333333367 7715.9583333333348 8102.9916666666641 6517.5000000000009
decision_type=2 2 2 2 2 2 2 2 2 2 2 2 2 2 2 2 2 2 2 2 2 2 2 2 2 2 2 2 2 2
left_child=5 2 16 -3 -5 7 -7 8 10 -10 -1 -12 -8 17 15 -6 -2 -14 -19 21 -21 24 -23 -22 25 -16 27 -27 29 -25
right_child=1 3 -4 4 14 6 12 -9 9 -11 11 -13 13 -15 19 -17 -18 18 -20 20 23 22 -24 28 -26 26 -28 -29 -30 -31
leaf_value=0.0028810627013532717 -0.38872407071073267 0.073867400637477321 0.050905915389995317 -0.23563063077388274 0.24694871185599149 0.32431033963803202 -0.036386833983178463 -0.26313281597103927 0.40038847955875101 -0.088008934073150163 -0.37303299456834793 -0.084651565318927174 -0.0062389729504889633 0.3121063253797946 0.037457637274758773 -0.069471013069152834 -0.13865923014554113 0.223573232555519 -0.042211352483085968 0.36306293356803154 -0.12255996101346144 -0.37792709938117436 -0.0036220778883607301 0.22313004995316821 0.062545536874755711 -0.070549739725314656 0.0019065411179326475 -0.38789914315368268 -0.0048793525152551389 -0.033342119653435816
leaf_weight=3712 34 186 37 31 37 32 161 32 32 32 32 32 94 21 154 25 22 46 23 31 108 35 27 108 148 52 64 47 2387 218
leaf_count=3712 34 186 37 31 37 32 161 32 32 32 32 32 94 21 154 25 22 46 23 31 108 35 27 108 148 52 64 47 2387 218
internal_value=7.23841e-11 -0.00464554 -0.154662 -0.000831552 -0.00483328 0.00410106 0.0525224 -0.000613509 0.00157415 0.15619 -0.00104645 -0.228842 0.027313 0.0830504 -0.00275403 0.11936 -0.290484 0.0535401 0.134978 -0.00499465 0.00112234 -0.0380984 -0.214923 -0.00285503 -0.0145217 -0.0505027 -0.133606 -0.221211 0.00191023 0.0516241
internal_weight=8000 3751 93 3658 3472 4249 377 3872 3840 64 3776 64 345 184 3441 62 56 163 69 3379 2852 527 62 2821 465 317 163 99 2713 326
internal_count=8000 3751 93 3658 3472 4249 377 3872 3840 64 3776 64 345 184 3441 62 56 163 69 3379 2852 527 62 2821 465 317 163 99 2713 326
is_linear=0
shrinkage=0.05


Tree=259
num_leaves=31
num_cat=0
split_feature=1 0 0 0 5 4 3 2 3 2 0 4 0 0 0 2 4 4 0 5 0 1 0 2 0 0 0 0 0 4
split_gain=58.5922 221.794 720.768 310.375 279.458 415.826 225.384 202.644 277.721 250.602 262.224 422.297 248.307 287.089 407.19 211.314 199.4 182.993 181.291 178.786 178.723 737.417 1442.56 302.563 299.898 230.895 459.371 180.339 251.402 177.48
threshold=7306.0000000000009 8467.6249999999945 8504.9249999999865 8552.9833333333318 18.500000000000004 21.782147365819959 1213.6083189749781 150.6625317512316 1252.5902612635984 170.88103534542753 9248.0250000000033 11.193149347877727 8967.4583333333303 8892.4083333333347 8841.4500000000007 217.76168394787899 15.103823124004959 10.457638414901153 7990.6166666666641 27.500000000000004 8256.391666666661 6517.5000000000009 8287.899999999996 182.12067219025525 8223.0749999999935 8207.1583333333274 8189.0833333333294 8362.0666666666602 8410.208333333323 11.268364066517515
decision_type=2 2 2 2 2 2 2 2 2 2 2 2 2 2 2 2 2 2 2 2 2 2 2 2 2 2 2 2 2 2
left_child=1 20 -3 -4 6 -6 -5 -8 -9 17 12 -12 13 14 -11 29 -13 -10 -2 -7 24 -22 -23 -24 25 26 -1 -25 -29 -14
right_child=18 2 3 4 5 19 7 8 9 10 11 16 15 -15 -16 -17 -18 -19 -20 -21 21 22 23 27 -26 -27 -28 28 -30 -31
leaf_value=0.00043934875247203081 0.14583970693250498 -0.26029264879762198 0.13211921403805416 0.12041215440258385 -0.19648665115927105 0.044230105727911001 0.12482133852705982 -0.20642047584056855 -0.012320178002119065 -0.027989740006561428 -0.18559588948471681 0.12145379816110319 0.065777066490263686 -0.17714947067822021 0.2023045272930809 -0.0025532981691261131 -0.067727887928485872 -0.21349074943707538 0.0071387292729333252 -0.10695256486986622 -0.04255854977398283 0.45435777077308065 -0.06031884002414617 0.014157694897481374 -0.14074604166181465 0.16977641165256502 -0.23961456023156644 0.28361344674359196 0.058659652317011805 0.22823497154589356
leaf_weight=5614 24 32 33 32 54 48 24 20 20 116 45 26 40 24 23 48 30 26 1282 33 144 26 44 35 38 20 20 23 27 29
leaf_count=5614 24 32 33 32 54 48 24 20 20 116 45 26 40 24 23 48 30 26 1282 33 144 26 44 35 38 20 20 23 27 29
internal_value=-2.45773e-10 -0.00189005 -0.028459 -0.0174029 -0.0251368 -0.0890124 -0.0079932 -0.0167171 -0.0243165 -0.0157871 -0.00247745 -0.0715431 0.0224355 -0.0174564 0.0101165 0.0780114 0.0201065 -0.126025 0.0096876 -0.0173628 0.00122762 0.0389073 0.114592 0.0461117 -0.000751688 0.000189201 -0.000412813 0.101205 0.162138 0.134056
internal_weight=8000 6694 703 671 638 135 503 471 447 427 381 101 280 163 139 117 56 46 1306 81 5991 299 155 129 5692 5654 5634 85 50 69
internal_count=8000 6694 703 671 638 135 503 471 447 427 381 101 280 163 139 117 56 46 1306 81 5991 299 155 129 5692 5654 5634 85 50 69
is_linear=0
shrinkage=0.05


Tree=260
num_leaves=31
num_cat=0
split_feature=0 3 0 0 0 0 0 0 0 2 0 2 0 3 3 4 4 4 2 4 3 5 4 4 2 0 0 0 0 0
split_gain=57.573 200.097 189.653 1054.87 232.643 174.24 420.249 304.751 749.622 169.495 165.022 160.765 194.348 156.062 317.458 404.425 446.705 420.901 435.356 419.352 239.826 206.779 155.401 237.585 178.676 155.171 677.785 560.834 533.695 911.313
threshold=9498.9250000000156 1855.7365827366236 9302.9250000000047 9275.4083333333347 9325.6666666666733 9219.2166666666762 9194.033333333331 9150.4333333333398 9128.6583333333365 200.46321742150107 9173.9250000000029 162.81742421375992 9347.8166666666712 1760.4391029215847 1686.2177615856415 18.96682170596819 12.415476582030111 21.553496363988533 208.82976497243143 10.457638414901153 1450.359126284689 10.500000000000002 10.965090669798416 16.219816281392067 199.87536355485503 8941.658333333331 8892.4083333333347 8991.225000000004 8841.4500000000007 8867.5666666666675
decision_type=2 2 2 2 2 2 2 2 2 2 2 2 2 2 2 2 2 2 2 2 2 2 2 2 2 2 2 2 2 2
left_child=2 13 3 5 -4 6 7 8 25 -7 -9 -6 -13 14 15 16 19 -17 -19 21 -18 -2 24 -24 -14 26 28 -27 -1 -30
right_child=1 -3 4 -5 11 9 -8 10 -10 -11 -12 12 22 -15 -16 17 20 18 -20 -21 -22 -23 23 -25 -26 27 -28 -29 29 -31
leaf_value=-0.00036981658876325231 -0.062202876842901357 0.13334194988012313 0.1720319866893753 -0.29160142711574033 0.13741396042917456 0.17524446408663477 -0.18373376054148521 0.19270567797845412 -0.24553927553276861 0.0091230346876032212 0.029560106800448512 -0.11515797591871686 -0.12225002759489521 -0.15230448196331661 0.13167193695422141 -0.32614739750112809 -0.0069911773999532072 0.054442750662565237 -0.23854248750777474 -0.23122456117912576 0.17904381453990936 0.0931663935383161 0.17418349981307985 0.010759393675405472 0.043508355470525256 0.16995855497136234 -0.16510337292847616 -0.0036858852492064561 0.33868578569062296 -0.044701659775549372
leaf_weight=6822 61 20 31 31 28 28 31 31 31 34 31 27 29 24 31 21 30 32 21 27 41 33 35 61 37 62 62 186 31 31
leaf_count=6822 61 20 31 31 28 28 31 31 31 34 31 27 29 24 31 21 30 32 21 27 41 33 35 61 37 62 62 186 31 31
internal_value=1.53915e-10 -0.0201022 0.000895005 -0.000544296 0.0439057 0.000678302 -2.88547e-05 0.000752654 -0.000194554 0.0841456 0.111133 0.025602 0.00903724 -0.0296626 -0.0197521 -0.0373993 0.000875591 -0.136707 -0.0616457 -0.057545 0.100437 -0.00765835 0.0297364 0.0703411 -0.0293249 0.000862672 -0.000524876 0.0397252 0.000957382 0.146992
internal_weight=8000 341 7659 7411 248 7380 7318 7287 7225 62 62 217 189 321 297 266 192 74 53 121 71 94 162 96 66 7194 6946 248 6884 62
internal_count=8000 341 7659 7411 248 7380 7318 7287 7225 62 62 217 189 321 297 266 192 74 53 121 71 94 162 96 66 7194 6946 248 6884 62
is_linear=0
shrinkage=0.05


Tree=261
num_leaves=31
num_cat=0
split_feature=5 4 5 4 5 3 4 4 3 2 2 3 4 4 0 3 0 1 3 3 4 0 3 4 2 0 2 5 5 0
split_gain=58.0985 293.402 469.911 372.781 301.759 233.763 231.956 179.587 451.237 213.706 355.678 227.341 149.161 137.816 109.471 72.708 273.928 76.8033 198.005 405.185 282.381 420.033 294.594 325.834 265.594 262.776 259.056 297.379 251.442 583.493
threshold=32.500000000000007 33.570500767025997 33.500000000000007 27.934064795651164 36.500000000000007 1450.359126284689 22.749543557687716 35.589360512674659 1721.4369152154961 178.86133711203908 228.96411294804003 1450.359126284689 34.936951190991515 43.593073356397262 1827.0166666666669 1027.6875878407038 6998.2666666666655 7306.0000000000009 1743.3986382069504 1686.2177615856415 10.965090669798416 9904.2083333333339 1537.2562799176847 8.5148428098812428 235.63422600279452 8027.6666666666606 227.97776161087373 14.500000000000002 15.500000000000002 9670.1833333333452
decision_type=2 2 2 2 2 2 2 2 2 2 2 2 2 2 2 2 2 2 2 2 2 2 2 2 2 2 2 2 2 2
left_child=7 3 -3 6 5 -4 -2 12 9 -9 11 -11 14 -6 -1 16 -16 -17 19 20 22 24 26 -24 25 -22 27 -19 29 -27
right_child=1 2 4 -5 13 -7 -8 8 -10 10 -12 -13 -14 -15 15 17 -18 18 -20 -21 21 -23 23 -25 -26 28 -28 -29 -30 -31
leaf_value=0.098696133920124607 0.066962714086879385 -0.27650434114038946 -0.057207470834255217 0.20051414260927303 -0.20688273662870582 0.17652195782765101 -0.12513647397359215 -0.10560134876785535 0.24877988529205322 0.20338912825374045 -0.1029561506929221 0.023100926685664391 -0.12483265971144041 -0.031837280839681625 0.19488097591833636 -0.0030277347483391448 -0.026816378671087715 -0.0015314533623650944 -0.037750355939468294 0.13598840054178582 0.2217526276003231 -0.15790934073073526 -0.024784839698778732 -0.21599679021503007 -0.050446823593491397 0.035881144810664893 0.10501301981508733 -0.19113734027613766 0.081175417351589452 -0.21418130850562683
leaf_weight=28 33 24 20 26 22 23 30 28 25 34 27 36 24 23 22 6296 38 205 181 69 22 28 56 37 71 227 50 23 246 26
leaf_count=28 33 24 20 26 22 23 30 28 25 34 27 36 24 23 22 6296 38 205 181 69 22 28 56 37 71 227 50 23 246 26
internal_value=4.28667e-11 -0.0265417 -0.0803922 0.0412252 -0.0269071 0.0678106 -0.0245131 0.000684047 0.0548647 0.0160817 0.0512067 0.110669 -0.000378458 -0.117415 1.32669e-05 -0.000350445 0.0544727 -0.000786877 0.0105817 0.0188347 0.0106776 0.0313239 -0.0238256 -0.100858 0.0402741 0.0526373 0.0019444 -0.0206584 0.0451813 0.010183
internal_weight=8000 201 112 89 88 43 63 7799 150 125 97 70 7649 45 7625 7597 60 7537 1241 1060 991 620 371 93 592 521 278 228 499 253
internal_count=8000 201 112 89 88 43 63 7799 150 125 97 70 7649 45 7625 7597 60 7537 1241 1060 991 620 371 93 592 521 278 228 499 253
is_linear=0
shrinkage=0.05


Tree=262
num_leaves=31
num_cat=0
split_feature=1 0 0 3 3 3 0 2 0 2 3 3 2 2 0 4 2 5 0 4 0 0 0 2 0 0 4 4 4 5
split_gain=56.147 274.523 255.835 478.375 513.228 440.636 399.606 293.804 819.608 783.463 429.025 370.544 691.877 330.531 405.508 438.458 467.336 357.408 700.774 340.419 296.129 275.44 243.587 202.39 358.9 749.347 638.559 668.092 1008.67 838.008
threshold=2460.5000000000005 3777.6666666666647 4477.5166666666782 1887.8511567230369 1792.7438367862303 1682.800929222419 3883.9333333333329 181.81615370261974 3883.9333333333329 168.0136310248393 1140.9496355383137 1392.3594007416546 226.27126180477848 188.23040259178495 4142.9750000000058 11.077233708717118 218.85163809621653 14.500000000000002 3777.6666666666647 21.129297743065752 4033.2000000000021 3883.9333333333329 3655.2833333333319 188.23040259178495 5468.6000000000104 6153.1166666666677 18.317514521241893 13.479282894791572 9.7602566416395238 7.5000000000000009
decision_type=2 2 2 2 2 2 2 2 2 2 2 2 2 2 2 2 2 2 2 2 2 2 2 2 2 2 2 2 2 2
left_child=1 -1 3 4 5 7 -7 8 -2 -10 -9 12 20 -13 17 -16 -17 21 -19 -20 -12 22 -15 -4 26 -26 27 28 29 -25
right_child=2 -3 23 -5 -6 6 -8 10 9 -11 11 13 -14 14 15 16 -18 18 19 -21 -22 -23 -24 24 25 -27 -28 -29 -30 -31
leaf_value=-0.0064947950981184069 0.089638324835973227 -0.18463185886767777 0.011060307311453015 0.2165415897288106 -0.17384962323121728 0.003518080830574036 0.26228632143623121 0.2530196384950118 -0.0059972955286502838 -0.32992333361080717 -0.050676059882555691 -0.10086049553135346 -0.24996376825917152 0.1334553261890131 0.028141678124666215 0.12639680292743902 0.44352678344363261 0.13745179271389699 -0.33141326546669009 -0.046393363855101843 0.13016152942651196 0.22514061213567338 -0.058745269477367405 -0.1607933385146631 0.22084447562291817 -0.0053686489409553485 -0.16013003925168978 0.10494203565709562 -0.17432390451431276 0.12479878475978262
leaf_weight=1278 61 22 2103 33 32 25 37 22 40 35 56 29 31 34 32 26 21 29 20 22 38 29 32 37 37 3464 103 83 105 84
leaf_count=1278 61 22 2103 33 32 25 37 22 40 35 56 29 31 34 32 26 21 29 20 22 38 29 32 37 37 3464 103 83 105 84
internal_value=-3.06776e-10 -0.00950942 0.00184511 0.0308211 0.0214067 0.0315007 0.157944 0.0174262 -0.0464652 -0.157163 0.0380658 0.0262137 -0.0451248 0.0587586 0.0776523 0.170898 0.268093 0.0332765 -0.051589 -0.182117 0.0224285 0.0967022 0.0402672 -0.00144937 -0.00817256 -0.00297794 -0.0523142 -0.0163757 -0.0609304 0.037469
internal_weight=8000 1300 6700 684 651 619 62 557 136 75 421 399 125 274 245 79 47 166 71 42 94 95 66 6016 3913 3501 412 309 226 121
internal_count=8000 1300 6700 684 651 619 62 557 136 75 421 399 125 274 245 79 47 166 71 42 94 95 66 6016 3913 3501 412 309 226 121
is_linear=0
shrinkage=0.05


Tree=263
num_leaves=31
num_cat=0
split_feature=0 0 1 0 0 0 0 0 0 0 0 0 1 0 0 1 3 5 5 5 0 0 0 1 1 1 1 0 0 0
split_gain=56.7483 770.384 938.454 397.355 600.966 351.794 931.312 803.749 562.822 1376.46 1220.82 476.167 444.062 448.015 341.346 539.177 301.082 287.573 388.333 273.145 243.939 1485.76 788.44 768.788 576.071 464.914 836.387 697.343 897.521 312.752
threshold=7440.2583333333323 7489.3916666666692 6517.5000000000009 7587.1083333333327 7603.7666666666655 7153.3499999999967 7177.566666666663 7132.0916666666644 7079.4833333333308 7102.9999999999973 7021.0666666666648 7052.5833333333312 5887.5000000000009 7423.7583333333323 7635.3916666666673 6517.5000000000009 1525.8816454716768 14.500000000000002 22.500000000000004 14.500000000000002 7906.6166666666659 7922.9666666666617 7870.7083333333294 6517.5000000000009 5887.5000000000009 6517.5000000000009 5887.5000000000009 7775.8333333333367 7715.9583333333348 8102.9916666666641
decision_type=2 2 2 2 2 2 2 2 2 2 2 2 2 2 2 2 2 2 2 2 2 2 2 2 2 2 2 2 2 2
left_child=5 2 16 19 -5 7 -7 8 10 -10 -1 -12 -8 17 15 -6 -2 -14 -19 -3 22 -22 25 -24 -23 26 -16 28 -28 -26
right_child=1 3 -4 4 14 6 12 -9 9 -11 11 -13 13 -15 20 -17 -18 18 -20 -21 21 24 23 -25 29 -27 27 -29 -30 -31
leaf_value=0.002787964758684619 -0.36895742144654781 0.022720406526780645 0.0488077284717882 -0.22384587434991712 0.23475120591150747 0.3081004746258259 -0.034512666737811164 -0.2500800788169727 0.38045975929126147 -0.083299029234331107 -0.35384544834960252 -0.081079701101407414 -0.0057116733913488218 0.29655823132821491 0.035631897289747395 -0.065829263687133793 -0.13157129734754563 0.21257876625851446 -0.039046219898306811 0.14744288488487964 0.34519582833013229 -0.11609517764989977 -0.35822217616119556 -0.0031201051065215361 0.047595016347484358 0.059406273966856507 -0.066891182758487197 0.0017590154195204378 -0.36837179071091591 -0.0046157568306117863
leaf_weight=3712 34 115 37 31 37 32 161 32 32 32 32 32 94 21 154 25 22 46 23 71 31 108 35 27 326 148 52 64 47 2387
leaf_count=3712 34 115 37 31 37 32 161 32 32 32 32 32 94 21 154 25 22 46 23 71 31 108 35 27 326 148 52 64 47 2387
internal_value=-1.5892e-10 -0.004482 -0.146594 -0.00086898 -0.00468319 0.00395669 0.0500638 -0.000532567 0.001547 0.14858 -0.000945095 -0.217463 0.02613 0.0791923 -0.00270875 0.113549 -0.275699 0.0511881 0.128704 0.0703295 -0.00484192 0.000933014 -0.0360945 -0.203581 -0.00285009 -0.013763 -0.0479241 -0.126866 -0.210018 0.001658
internal_weight=8000 3751 93 3658 3472 4249 377 3872 3840 64 3776 64 345 184 3441 62 56 163 69 186 3379 2852 527 62 2821 465 317 163 99 2713
internal_count=8000 3751 93 3658 3472 4249 377 3872 3840 64 3776 64 345 184 3441 62 56 163 69 186 3379 2852 527 62 2821 465 317 163 99 2713
is_linear=0
shrinkage=0.05


Tree=264
num_leaves=31
num_cat=0
split_feature=2 2 2 3 3 3 0 0 0 0 2 4 2 0 3 3 3 4 3 0 2 4 0 0 3 3 4 3 0 2
split_gain=53.2731 289.487 270.802 388.938 304.497 236.968 200.111 2636.02 900.988 1017.17 754.455 539.714 801.797 517.739 509.282 474.233 1053.69 688.904 862.527 648.676 783.693 580.133 482.219 670.938 457.846 1049.72 972.44 387.206 473.069 506.727
threshold=213.45565057517638 215.28083890700879 212.49504542765789 1643.6166329058617 1500.0458831517851 1299.4625544071703 6608.4416666666684 6664.0666666666684 4813.2166666666863 4907.5666666666848 262.31870506339254 18.191538826863411 223.70134978460268 6413.8916666666692 1513.9798380268915 1743.3986382069504 1707.1119689080749 14.510387125961637 1922.9377776640456 2144.4500000000012 227.97776161087373 9.1043884646038578 2491.8500000000008 2641.8916666666687 1431.6675472134107 1503.6328765085202 9.5224328855726643 1299.4625544071703 4033.2000000000021 229.52756610250057
decision_type=2 2 2 2 2 2 2 2 2 2 2 2 2 2 2 2 2 2 2 2 2 2 2 2 2 2 2 2 2 2
left_child=2 5 -1 4 -4 -2 8 -8 15 -10 11 12 13 -11 -13 16 19 21 -19 20 -3 -17 -21 -24 27 26 -26 28 29 -25
right_child=1 6 3 -5 -6 -7 7 -9 9 10 -12 14 -14 -15 -16 17 -18 18 -20 22 -22 -23 23 24 25 -27 -28 -29 -30 -31
leaf_value=0.0013838457887414919 -0.20979363184708816 0.41989317178726204 0.055777901712627642 -0.10187435845534008 0.26434328277905783 -0.044331378759744099 0.56611536854789379 0.0019820645733888125 -0.4176624451171268 0.11793910089880229 0.19754785394668581 0.15176719776109648 -0.21009977762776663 -0.17977650437666023 -0.1070971722665586 0.070768662426798121 -0.3176878900625385 0.16016301593184473 -0.25947873406112193 -0.16647789610756769 0.031416951079626346 0.34859699563068502 0.28115217047078267 -0.2565172267811639 0.45127374051759644 -0.037779319713202614 0.070868212566711011 -0.1250630274546885 0.18396053410002167 0.083193972836370061
leaf_weight=5241 26 20 42 21 30 129 21 1486 22 40 25 38 123 23 38 42 26 25 24 45 37 34 21 21 24 156 56 113 28 23
leaf_count=5241 26 20 42 21 30 129 21 1486 22 40 25 38 123 23 38 42 26 25 24 45 37 34 21 21 24 156 56 113 28 23
internal_value=-2.68148e-11 -0.00577132 0.00288458 0.0874582 0.14268 -0.0720863 -0.0016778 0.00984325 -0.0189708 -0.0900064 -0.0648899 -0.0899317 -0.135804 0.00924928 0.022335 0.0126119 -0.00672968 0.100809 -0.0453758 0.0081323 0.167724 0.19506 -0.0105469 0.00532847 -0.00842996 0.0377357 0.18499 -0.0673223 0.0232985 -0.0789409
internal_weight=8000 2666 5334 93 72 155 2511 1507 1004 309 287 262 186 63 76 695 570 125 49 544 57 76 487 442 421 236 80 185 72 44
internal_count=8000 2666 5334 93 72 155 2511 1507 1004 309 287 262 186 63 76 695 570 125 49 544 57 76 487 442 421 236 80 185 72 44
is_linear=0
shrinkage=0.05


Tree=265
num_leaves=31
num_cat=0
split_feature=1 0 0 5 5 0 0 5 5 2 5 4 0 4 3 0 2 5 5 4 5 2 0 0 2 3 4 4 3 3
split_gain=54.5165 247.839 238.575 237.291 282.369 334.963 246.687 199.341 223.678 229.53 296.285 370.164 825.605 606.733 204.834 209.896 504.563 686.096 774.395 423.115 419.364 306.418 300.392 550.488 221.859 206.419 551.938 579.513 504.08 422.277
threshold=2460.5000000000005 3655.2833333333319 3839.2833333333342 38.500000000000007 34.500000000000007 6923.324999999998 7922.9666666666617 33.500000000000007 29.500000000000004 136.12218445646346 27.500000000000004 27.934064795651164 2686.9083333333351 25.911065653477355 1101.0178659398755 2284.191666666668 233.33257363108353 10.500000000000002 7.5000000000000009 11.383403785058565 13.500000000000002 196.57996857343562 1939.4833333333343 2144.4500000000012 209.16187694168181 1547.8399390051275 7.1452429525551038 8.9247379154338322 1529.3893748773933 1588.0190196268006
decision_type=2 2 2 2 2 2 2 2 2 2 2 2 2 2 2 2 2 2 2 2 2 2 2 2 2 2 2 2 2 2
left_child=1 7 -2 4 -4 -6 -7 8 9 -1 11 13 -13 14 -11 16 17 18 -16 21 -21 -19 -20 -24 -22 28 -27 -28 -17 -29
right_child=2 -3 3 -5 5 6 -8 -9 -10 10 -12 12 -14 -15 15 25 -18 19 22 20 24 -23 23 -25 -26 26 27 29 -30 -31
leaf_value=-0.17157065749168399 0.048040296999848825 -0.084189282125775144 -0.00063535007461582255 -0.16042071099433564 0.26741329431533817 -0.10080621425239814 0.12589417970074077 -0.13731879397053962 0.12646678616018855 -0.14825561764565381 -0.15568331003189087 0.3261313915252686 -0.068621812990078565 -0.26277287859808313 0.23622723102569579 -0.015027469084210075 -0.10261752543350061 0.13916766667366029 0.040458023548126221 0.37501623608447887 0.071738062621798465 -0.12340412586927414 -0.37832950892902556 -0.024253233684145888 0.27486454844474795 0.17696410748651442 -0.16914172763936222 0.19889194446225322 -0.22157780826091766 -0.00058759985005725989
leaf_weight=20 268 102 6339 23 21 21 28 27 34 22 30 27 26 22 20 384 48 25 20 27 41 20 21 23 20 49 45 31 32 184
leaf_count=20 268 102 6339 23 21 21 28 27 34 22 30 27 26 22 20 384 48 25 20 27 41 20 21 23 20 49 45 31 32 184
internal_value=-1.60176e-10 -0.00937033 0.00181812 -0.000107801 0.000467515 0.10034 0.0287369 -0.0030001 9.69155e-05 -0.00368195 -0.00067589 0.00360214 0.132479 -0.00300372 0.00264343 0.00599674 0.0440771 0.0765256 -0.0353457 0.147181 0.210954 0.0224691 -0.120212 -0.193244 0.138337 -0.00792227 0.0230336 -0.00597633 -0.030916 0.0281746
internal_weight=8000 1300 6700 6432 6409 70 49 1198 1171 1137 1117 1087 53 1034 1012 990 265 217 84 133 88 45 64 44 61 725 309 260 416 215
internal_count=8000 1300 6700 6432 6409 70 49 1198 1171 1137 1117 1087 53 1034 1012 990 265 217 84 133 88 45 64 44 61 725 309 260 416 215
is_linear=0
shrinkage=0.05


Tree=266
num_leaves=31
num_cat=0
split_feature=5 5 0 5 0 4 0 3 4 3 2 2 3 4 0 5 3 2 0 4 0 0 4 5 3 4 4 0 4 5
split_gain=55.099 98.6251 428.964 328.765 226.52 218.476 173.785 169.353 157.235 410.98 198.01 320.194 202.352 131.344 87.0884 73.3762 344.297 413.541 655.217 528.881 735.477 695.939 819.65 498.418 444.855 400.653 376.338 634.577 362.548 443.689
threshold=39.500000000000007 32.500000000000007 3462.3250000000003 33.500000000000007 6558.4083333333356 29.373348311430217 7922.9666666666617 1467.4755859322627 35.589360512674659 1721.4369152154961 178.86133711203908 228.96411294804003 1450.359126284689 34.936951190991515 1827.0166666666669 18.500000000000004 1519.7998540744554 174.8088893472669 5178.3750000000155 18.44782694552843 4526.1583333333447 3839.2833333333342 28.924799875472949 20.500000000000004 1660.6504548812161 21.553496363988533 21.129297743065752 6784.5500000000002 16.702663886325301 20.500000000000004
decision_type=2 2 2 2 2 2 2 2 2 2 2 2 2 2 2 2 2 2 2 2 2 2 2 2 2 2 2 2 2 2
left_child=1 8 -3 5 -5 -4 7 -6 13 10 -10 12 -12 14 -1 -16 -17 18 -18 28 21 22 24 25 -21 -22 -25 -28 29 -19
right_child=-2 2 3 4 6 -7 -8 -9 9 -11 11 -13 -14 -15 15 16 17 19 -20 20 23 -23 -24 26 -26 -27 27 -29 -30 -31
leaf_value=0.088030615874699181 0.082886433452367791 -0.20601410928272432 -0.0076024936139583582 0.16010381797949474 0.023167606248803763 -0.24130933970212937 0.07844144597246841 -0.17577208757400514 -0.10280592047742435 0.23639916408061984 0.19202836274224169 -0.09813687105973562 0.021936988644301894 -0.11714022454495232 0.0021223501001969439 -0.032673304740200637 0.28804236153761548 0.08337851792435956 0.030780669256593243 0.34817046030707988 -0.28867401623725891 0.38853046583092732 -0.17486448002898175 0.18738108868560485 0.057947769568812459 -0.03471455810273566 -0.17422329645331314 0.04926073131620462 -0.17970483831383965 -0.10258370351895124
leaf_weight=28 20 31 20 30 23 20 37 20 28 25 34 27 36 24 6100 798 33 54 99 23 25 23 23 31 31 41 41 141 55 79
leaf_count=28 20 31 20 30 23 20 37 20 28 25 34 27 36 24 6100 798 33 54 99 23 25 23 23 31 31 41 41 141 55 79
internal_value=-1.40622e-10 -0.000207736 -0.0366951 -0.0017025 0.0429351 -0.124456 -0.00100317 -0.0693625 0.000639067 0.0513361 0.0143235 0.048134 0.104553 -0.000355122 1.24636e-05 -0.000311942 -0.0102312 0.0153893 0.0950961 -0.00316675 0.030844 0.147186 0.0750963 -0.0108556 0.181561 -0.130911 0.0263447 -0.00108457 -0.0717311 -0.0270802
internal_weight=8000 7980 181 150 110 40 80 43 7799 150 125 97 70 7649 7625 7597 1497 699 132 567 379 100 77 279 54 66 213 182 188 133
internal_count=8000 7980 181 150 110 40 80 43 7799 150 125 97 70 7649 7625 7597 1497 699 132 567 379 100 77 279 54 66 213 182 188 133
is_linear=0
shrinkage=0.05


Tree=267
num_leaves=31
num_cat=0
split_feature=3 3 2 3 4 5 2 4 2 0 0 2 2 4 3 2 2 0 0 2 4 0 3 3 3 4 2 2 4 5
split_gain=55.7368 401.728 312.348 269.707 224.874 284.249 494.357 352.037 252.418 252.297 188.531 113.283 188.95 185.806 101.956 329.041 452.994 440.756 518.599 504.058 782.77 429.307 616.314 464.84 532.84 499.327 432.002 318.048 292.707 604.963
threshold=1230.6070692165774 1262.1504428376402 235.03794054294525 1209.0345600312203 6.9260244726632143 11.500000000000002 181.81615370261974 9.2268592503231073 208.26289104656391 6784.5500000000002 5231.2083333333494 216.6315908866047 198.55940849191384 11.139584873823035 1338.5713926340702 206.36459478196568 210.03363936655074 9128.6583333333365 6608.4416666666684 217.76168394787899 11.715155938646527 2541.0250000000005 1325.6854393943449 1304.2881621427716 1290.3328789721184 22.920911996626796 166.38889987896033 240.14712312430743 14.667751156042211 9.5000000000000018
decision_type=2 2 2 2 2 2 2 2 2 2 2 2 2 2 2 2 2 2 2 2 2 2 2 2 2 2 2 2 2 2
left_child=3 2 4 -1 -2 7 -7 -6 9 -8 -5 12 13 -12 15 21 -17 18 19 -18 -21 -3 23 24 25 -23 -26 -22 29 -25
right_child=1 14 -4 10 5 6 8 -9 -10 -11 11 -13 -14 -15 -16 16 17 -19 -20 20 27 22 -24 28 26 -27 -28 -29 -30 -31
leaf_value=-0.0011534780938947935 -0.1794064317588453 0.24717925882339475 -0.22670375064567283 0.19120336724766371 0.23597025260562079 0.092840340298910945 -0.33061313823513361 -0.024396613079148369 -0.033853707396808791 -0.096418562984984857 -0.034805614501237869 0.1314128115773201 -0.11320551066171557 0.15812119056399054 -0.001254470378926547 -0.21355496974928037 0.11940905039127057 -0.19797457926548445 0.078812635799805672 -0.3506773315094136 -0.12684021294116973 0.030678569521828028 0.15746115100236588 0.011735716536641121 -0.029881174927172457 -0.24255087289959196 0.22749522537716468 0.13837200045585632 0.027033569390068249 -0.25996254086494447
leaf_weight=576 27 25 27 29 20 33 23 37 34 23 24 28 21 26 6336 28 26 26 145 27 26 102 81 40 23 20 56 20 49 42
leaf_count=576 27 25 27 29 20 33 23 37 34 23 24 28 21 26 6336 28 26 26 145 27 26 102 81 40 23 20 56 20 49 42
internal_value=2.93636e-11 -0.0012964 -0.0672199 0.0134354 -0.0453618 -0.0240723 -0.0699914 0.0669602 -0.137159 -0.213516 0.0790856 0.046243 0.0126549 0.0655163 0.000791674 0.0184063 -0.0221245 -0.00227246 0.018581 -0.069637 -0.136968 0.0459821 0.0338031 0.00363346 0.0513963 -0.0141131 0.152563 -0.0115306 -0.0696516 -0.127427
internal_weight=8000 7296 224 704 197 170 113 57 80 46 128 99 71 50 7072 736 298 270 244 99 73 438 413 332 201 122 79 46 131 82
internal_count=8000 7296 224 704 197 170 113 57 80 46 128 99 71 50 7072 736 298 270 244 99 73 438 413 332 201 122 79 46 131 82
is_linear=0
shrinkage=0.05


Tree=268
num_leaves=31
num_cat=0
split_feature=5 4 4 3 3 3 0 0 4 3 0 2 2 3 2 0 3 3 2 3 5 2 4 4 3 0 2 0 3 2
split_gain=55.1588 179.33 192.749 225.878 419.896 406.923 325.169 783.865 395.105 543.09 406.286 247.346 159.511 127.059 204.592 115.096 98.4681 151.273 100.163 352.876 102.044 313.336 248.017 340.58 247.839 212.21 668.28 583.782 473 296.249
threshold=6.5000000000000009 9.2766853120124146 8.5641975589959021 1649.5017770604261 1816.0282371524202 1613.2905427454307 6295.8333333333376 6809.7249999999967 5.0866478485084352 1332.2443936707948 3629.2499999999986 179.25769711576183 235.03794054294525 1353.6624697495929 200.46321742150107 7729.6000000000013 2269.7030541227764 2227.6919926964697 276.09341225257418 1679.8123433123612 7.5000000000000009 179.25769711576183 5.3103786217633422 9.6478497715908258 1573.2264491142125 6248.4500000000025 221.341328996329 3883.9333333333329 1500.0458831517851 240.14712312430743
decision_type=2 2 2 2 2 2 2 2 2 2 2 2 2 2 2 2 2 2 2 2 2 2 2 2 2 2 2 2 2 2
left_child=1 2 3 5 15 6 8 -8 -1 -10 -11 -9 13 -13 -15 -5 17 18 20 -20 21 22 -2 24 -24 26 27 28 -23 -27
right_child=16 -3 -4 4 -6 -7 7 11 9 10 -12 12 -14 14 -16 -17 -18 -19 19 -21 -22 25 23 -25 -26 29 -28 -29 -30 -31
leaf_value=0.040997962741290826 -0.2027878823734465 -0.16033625814487185 0.13699252365955286 0.24582971990108493 -0.085344529747962958 -0.24572754312645306 0.30591249579475044 -0.14616998968826186 0.041898339986801147 -0.12230617937942345 -0.43719202525913714 0.065700041188392788 0.13757875008242471 0.04892231698792715 -0.13624241309506555 0.083422021071116126 0.092909042588595697 -0.10962559716595757 -0.039976830689890969 0.19296814470455564 -0.00092009386269656195 0.22288644469302632 -0.027022196243448954 -0.17272391120592756 0.17528623808175325 -0.0037522062977597033 -0.094706627304355306 0.33885839695439623 -0.10140219884924591 0.1740532746469533
leaf_weight=34 21 21 21 20 30 22 21 31 20 21 20 32 21 26 35 24 29 31 37 29 7052 23 41 24 24 177 30 34 22 27
leaf_count=34 21 21 21 20 30 22 21 31 20 21 20 32 21 26 35 24 29 31 37 29 7052 23 41 24 24 177 30 34 22 27
internal_value=-1.93974e-10 -0.018121 -0.0102201 -0.0188797 0.0588971 -0.0392171 -0.0218101 0.0204093 -0.0955829 -0.17171 -0.275909 -0.0209394 0.0131145 -0.0149904 -0.0573197 0.157244 0.000951225 0.000599036 0.00105215 0.0623778 0.000510684 0.0243637 -0.0482269 -0.0117575 0.0476763 0.0498748 0.106197 0.18249 0.0643453 0.0197809
internal_weight=8000 399 378 357 74 283 261 166 95 61 41 145 114 93 61 44 7601 7572 7541 66 7475 423 110 89 65 313 109 79 45 204
internal_count=8000 399 378 357 74 283 261 166 95 61 41 145 114 93 61 44 7601 7572 7541 66 7475 423 110 89 65 313 109 79 45 204
is_linear=0
shrinkage=0.05


Tree=269
num_leaves=31
num_cat=0
split_feature=1 0 2 2 4 5 4 3 5 3 3 3 3 4 4 2 0 0 3 4 4 5 3 2 3 2 3 2 5 5
split_gain=51.7991 200.98 178.79 225.578 152.559 483.442 477.159 445.567 284.871 221.36 195.068 380.433 351.481 286.081 276.943 248.103 215.845 504.587 420.991 378.39 211.986 204.995 179.663 157.715 157.544 380.661 317.216 458.601 226.795 312.915
threshold=7306.0000000000009 9397.0416666666752 177.7855720533569 204.81019358220982 25.911065653477355 21.500000000000004 22.920911996626796 1394.2919399467708 20.500000000000004 1527.197293817427 1537.2562799176847 1557.8672711554175 1476.5682512485337 10.965090669798416 5.543511311351244 210.76429361342585 9670.1833333333452 9347.8166666666712 1657.5541469324187 15.471153318874192 13.785299579557742 8.5000000000000018 1747.6781885252765 232.84435132740751 1372.8890570262058 161.14772442511162 1329.1742804620656 187.60901482265467 10.500000000000002 17.500000000000004
decision_type=2 2 2 2 2 2 2 2 2 2 2 2 2 2 2 2 2 2 2 2 2 2 2 2 2 2 2 2 2 2
left_child=1 -1 -3 -4 6 -6 10 -7 -8 -9 12 20 24 15 -13 -14 17 21 -18 -19 -12 -16 23 -23 26 -26 -2 -28 -27 -30
right_child=4 2 3 -5 5 7 8 9 -10 -11 11 14 13 -15 16 -17 18 19 -20 -21 -22 22 -24 -25 25 28 27 -29 29 -31
leaf_value=-0.00083032469894140065 0.0010667682557927269 0.043950706294604708 -0.22492271189031932 -0.027710281877682125 -0.22195879750210665 -0.14395315340336631 0.063317373777047187 0.16630391440221243 0.27953053706884384 -0.0030514131646689983 -0.26643998351964088 0.15266281184222963 -0.082124555508295699 0.16672886452624497 -0.13307836193304798 0.1311489373445511 -0.25679206299781798 0.20802071165779365 -0.0063208301862080893 -0.033647803485393528 -0.046943426301533531 0.046988724133246083 -0.067230486790705701 -0.1045795327052474 -0.2184854755744986 -0.070417528357101633 0.30615031732165299 0.033677288699657359 0.089867457397371897 -0.11512131927447627
leaf_weight=6615 221 21 29 29 29 34 39 35 25 43 22 27 30 71 39 25 25 46 51 25 22 121 83 20 23 73 23 47 83 24
leaf_count=6615 221 21 29 29 29 34 39 35 25 43 22 27 30 71 39 25 25 46 51 25 22 121 83 20 23 73 23 47 83 24
internal_value=2.13522e-10 -0.00177711 -0.0810556 -0.126316 0.00910872 -0.0400127 0.0150539 0.00709838 0.147776 0.0729414 0.00733891 -0.0165553 0.0258762 0.100419 -0.00244543 0.0148179 -0.0126599 0.00464556 -0.0887127 0.122926 -0.156692 -0.0272857 -0.00886645 0.0254897 0.00686333 -0.0269436 0.0304469 0.123204 -0.00246885 0.0438887
internal_weight=8000 6694 79 58 1306 141 1165 112 64 78 1101 481 620 126 437 55 410 334 76 71 44 263 224 141 494 203 291 70 180 107
internal_count=8000 6694 79 58 1306 141 1165 112 64 78 1101 481 620 126 437 55 410 334 76 71 44 263 224 141 494 203 291 70 180 107
is_linear=0
shrinkage=0.05


Tree=270
num_leaves=31
num_cat=0
split_feature=3 3 0 0 3 0 4 4 5 5 2 5 5 4 3 3 5 3 3 4 3 1 4 4 4 4 4 0 1 3
split_gain=52.2785 361.349 283.276 602.089 242.901 169.218 116.041 135.431 110.154 219.384 109.17 106.281 100.364 175.713 193.059 293.995 120.373 280.182 229.599 293.15 440.291 405.516 279.774 224.72 170.583 122.363 1100.32 438.12 422.582 447.142
threshold=1230.6070692165774 1257.2564289574527 3799.9166666666656 5333.5083333333487 1209.0345600312203 5231.2083333333494 15.571595949758875 8.6750986693795138 10.500000000000002 15.500000000000002 206.61975441253409 10.500000000000002 5.5000000000000009 4.4653534001533322 1672.21228368637 1460.9414209856043 6.5000000000000009 1816.0282371524202 1649.5017770604261 8.1844817662072469 1329.1742804620656 5887.5000000000009 6.6051410820484309 3.840296967559016 5.1908896013672203 5.1908896013672203 5.4386003020642208 6884.0999999999949 6517.5000000000009 1486.8994487929683
decision_type=2 2 2 2 2 2 2 2 2 2 2 2 2 2 2 2 2 2 2 2 2 2 2 2 2 2 2 2 2 2
left_child=4 2 -2 -4 -1 -6 7 -5 -7 -10 -8 -9 13 -3 15 -15 17 18 19 20 -14 -21 23 -22 -25 28 27 -27 29 -18
right_child=1 12 3 6 5 8 10 11 9 -11 -12 -13 16 14 -16 -17 25 -19 -20 21 22 -23 -24 24 -26 26 -28 -29 -30 -31
leaf_value=-0.00083299998206914298 0.0574853633530438 0.12993896919779663 -0.34717059958548774 -0.098328421844376457 0.18153445741225935 0.1110221481636951 -0.20346561257134785 -0.044039025470614439 -0.10383375593357616 0.087070573077482338 -0.053418845572957285 0.10175597560405732 0.13108213832196983 0.05465093540648619 0.11296118417133888 -0.20491358581930399 -0.21179687402521574 -0.20090529283751613 0.1319920503574869 0.2442568679433316 -0.20640065170824529 -0.052790876671119973 -0.22453099913481209 0.068256865115836271 -0.090402431910236683 0.40310520348341572 0.0005192004317651997 0.083125820048153401 0.069842720617366558 -0.014783198236384326
leaf_weight=576 36 41 21 36 29 38 22 25 27 34 27 25 23 24 24 20 48 23 23 20 20 27 36 32 36 23 6533 20 59 72
leaf_count=576 36 41 21 36 29 38 22 25 27 34 27 25 23 24 24 20 48 23 23 20 20 27 36 32 36 23 6533 20 59 72
internal_value=1.04608e-10 -0.00125554 -0.0689404 -0.0981156 0.013012 0.0753143 -0.0593737 -0.0243826 0.0441993 0.00257194 -0.120787 0.0288585 0.000573781 0.0481827 -0.00111148 -0.0633329 -0.000168088 -0.0349655 -0.0173775 -0.0350862 -0.0698402 0.0736124 -0.107108 -0.0590714 -0.0157392 0.00106824 0.00217851 0.254278 -0.0397202 -0.0935887
internal_weight=8000 7296 192 156 704 128 135 86 99 61 49 50 7104 109 68 44 6995 240 217 194 147 47 124 88 68 6755 6576 43 179 120
internal_count=8000 7296 192 156 704 128 135 86 99 61 49 50 7104 109 68 44 6995 240 217 194 147 47 124 88 68 6755 6576 43 179 120
is_linear=0
shrinkage=0.05


Tree=271
num_leaves=31
num_cat=0
split_feature=1 0 0 4 4 3 4 4 3 2 3 0 2 2 3 5 5 5 0 0 3 2 5 4 0 2 3 4 2 3
split_gain=53.2359 229.389 228.539 203.22 530.599 370.589 273.3 704.69 198.957 182.368 421.212 228.923 219.025 1116.6 400.406 2015.6 1326.07 745.201 464.57 915.824 714.762 342.631 415.048 531.287 407.519 332.728 244.294 179.227 177.746 639.093
threshold=2460.5000000000005 3462.3250000000003 3777.6666666666647 5.0866478485084352 5.6306224920813053 1486.8994487929683 6.1005868367393168 6.6754762048070502 971.62814577206768 159.5816485490592 1474.6829304088781 2641.8916666666687 182.81754309694188 185.03549433202352 1545.9507355720573 19.500000000000004 21.500000000000004 14.500000000000002 2788.7583333333355 2344.2250000000013 1382.4709018251262 193.4469621449214 23.500000000000004 8.7997470929256014 3225.9166666666674 169.8390550795236 1421.9929765580284 12.658211326763125 244.14631168610984 1490.6343215098025
decision_type=2 2 2 2 2 2 2 2 2 2 2 2 2 2 2 2 2 2 2 2 2 2 2 2 2 2 2 2 2 2
left_child=2 -2 3 5 -5 -1 -6 -8 -3 10 27 -12 14 -14 16 17 18 25 19 -11 -20 22 23 -15 26 -16 -25 -9 -23 -30
right_child=1 8 -4 4 6 -7 7 9 -10 12 11 -13 13 21 15 -17 -18 -19 20 -21 -22 28 -24 24 -26 -27 -28 -29 29 -31
leaf_value=-0.25280490342689599 0.16678941562062219 -0.13951011750102044 -0.16904332542961295 0.24085567749359391 -0.16727557466723597 0.02031646055272884 0.21761063409703119 -0.089045547991991048 0.0018068343200552542 -0.04124038616816203 -0.063204382732510569 -0.27543697920110494 -0.30105418321874106 -0.082214516290911921 0.25432225398364522 0.55014314282508125 -0.39204766988754275 -0.24114794109178628 0.13091774059193476 0.40537949963049452 -0.18427928728429047 -0.030230289578587911 -0.13307031449817477 0.10587459921836853 0.0010571797067920367 -0.0051729585478703186 0.32276898300325552 0.10293689158654983 0.18253342628479005 -0.069529117983684205
leaf_weight=23 21 25 22 22 26 27 35 20 6654 24 24 27 33 27 21 21 20 23 35 22 37 546 21 20 24 30 37 31 45 57
leaf_count=23 21 25 22 22 26 27 35 20 6654 24 24 27 33 27 21 21 20 23 35 22 37 546 21 20 24 30 37 31 45 57
internal_value=2.5494e-10 0.00179664 -0.00925961 -0.00650903 -0.00248581 -0.105319 -0.00692488 -0.00339173 0.00127787 -0.0101473 -0.0739566 -0.175563 -0.00390704 -0.0161958 0.0388137 0.117812 -0.0155695 -0.004876 0.0482404 0.17236 -0.0310585 -0.00409761 0.0703182 0.109866 0.173893 0.101678 0.246666 0.0276497 -0.0189119 0.0416749
internal_weight=8000 6700 1300 1278 1228 50 1206 1180 6679 1145 102 51 1043 810 233 95 138 74 118 46 72 777 129 108 81 51 57 51 648 102
internal_count=8000 6700 1300 1278 1228 50 1206 1180 6679 1145 102 51 1043 810 233 95 138 74 118 46 72 777 129 108 81 51 57 51 648 102
is_linear=0
shrinkage=0.05


Tree=272
num_leaves=31
num_cat=0
split_feature=0 0 1 0 0 0 0 0 0 0 0 1 0 5 5 4 0 0 4 3 0 4 1 0 0 0 0 0 1 2
split_gain=50.7496 697.529 955.284 810.991 552.709 313.041 840.384 713.95 507.71 1238.32 1089.67 398.068 421.058 421.83 335.196 309.617 294.148 492.46 258.334 652.81 394.599 253.112 249.928 234.506 3434.99 791.842 681.845 482.907 371.703 394.075
threshold=7440.2583333333323 7505.1083333333354 6517.5000000000009 7519.7666666666673 7472.7999999999993 7153.3499999999967 7177.566666666663 7132.0916666666644 7079.4833333333308 7102.9999999999973 6998.2666666666655 5887.5000000000009 7399.6333333333287 14.500000000000002 22.500000000000004 10.727687283087077 6974.0416666666633 6949.6249999999982 4.4653534001533322 1460.9414209856043 4430.341666666679 14.911736869281174 5887.5000000000009 6608.4416666666684 6635.0583333333361 6580.9916666666695 6558.4083333333356 6535.341666666669 5887.5000000000009 262.31870506339254
decision_type=2 2 2 2 2 2 2 2 2 2 2 2 2 2 2 2 2 2 2 2 2 2 2 2 2 2 2 2 2 2
left_child=5 2 4 -3 -2 7 -7 8 10 -10 16 -8 13 -13 -15 -12 17 18 19 -1 -21 -17 -23 25 -25 26 27 28 29 -20
right_child=1 3 -4 -5 -6 6 11 -9 9 -11 15 12 -14 14 -16 21 -18 -19 23 20 -22 22 -24 24 -26 -27 -28 -29 -30 -31
leaf_value=-0.107799126735578 -0.093564177990743999 0.25439202617253026 0.056782504916191107 -0.0024469831570545502 -0.361505365331108 0.2923518642783165 -0.03291651072987118 -0.23568736456800254 0.36105191069655124 -0.07881972253089771 -0.29126701393362248 -0.034541607370903331 0.22550020413724958 0.21922241062289333 -0.030453765094280244 0.044741296768188478 0.15437035989016296 -0.19316995653498453 -0.0074000322631329512 0.076466152978980018 0.38013712823390966 -0.05278860770843246 -0.293940607493832 0.53501092223450541 -0.0030506539735438423 -0.25025606490671637 0.23696141242670518 -0.19579143146984279 0.081195075132470942 0.10583404164902772
leaf_weight=24 38 31 47 3596 39 32 161 32 32 32 33 86 37 41 20 20 32 32 2805 23 20 22 21 32 406 32 30 32 133 79
leaf_count=24 38 31 47 3596 39 32 161 32 32 32 33 86 37 41 20 20 32 32 2805 23 20 22 21 32 406 32 30 32 133 79
internal_value=3.80925e-11 -0.00423849 -0.12085 -0.000251778 -0.229275 0.00374172 0.0472352 -0.000493054 0.0014669 0.141116 -0.000900037 0.0244998 0.074739 0.0367923 0.137361 -0.167199 0.00343819 0.00211423 0.0038424 0.101109 0.217708 -0.102211 -0.170561 0.00200616 0.0362598 -0.00281644 -0.0002448 -0.00257874 -0.000529419 -0.00429827
internal_weight=8000 3751 124 3627 77 4249 377 3872 3840 64 3776 345 184 147 61 96 3680 3648 3616 67 43 63 43 3549 438 3111 3079 3049 3017 2884
internal_count=8000 3751 124 3627 77 4249 377 3872 3840 64 3776 345 184 147 61 96 3680 3648 3616 67 43 63 43 3549 438 3111 3079 3049 3017 2884
is_linear=0
shrinkage=0.05


Tree=273
num_leaves=31
num_cat=0
split_feature=3 3 2 4 3 4 5 0 0 2 0 0 0 0 4 3 4 0 0 2 2 0 0 5 0 4 5 0 2 2
split_gain=51.8281 329.451 332.575 321.896 219.474 212.628 347.369 189.684 160.73 272.608 260.212 577.985 272.325 316.815 227.148 187.622 185.615 177.326 211.934 155.236 330.753 148.479 296.403 140.857 306.616 135.772 134.627 127.514 141.541 274.981
threshold=1230.6070692165774 1266.6198827713893 170.35633828061583 11.444991747935987 1204.1314400726999 6.9260244726632143 11.500000000000002 3629.2499999999986 2741.0583333333348 196.18049391925672 4859.3833333333523 5421.6583333333447 3777.6666666666647 3180.0083333333337 11.03254341487507 1197.4448400703507 16.822650942137987 6381.7833333333365 9302.9250000000047 216.6315908866047 193.75633441160548 6784.5500000000002 4033.2000000000021 24.500000000000004 7255.7916666666633 14.602195187957497 10.500000000000002 8791.8083333333325 209.42318464296866 227.97776161087373
decision_type=2 2 2 2 2 2 2 2 2 2 2 2 2 2 2 2 2 2 2 2 2 2 2 2 2 2 2 2 2 2
left_child=4 2 3 -2 8 -4 -7 -6 9 -1 12 -12 13 -10 -14 16 17 -13 27 20 26 22 -8 24 -18 -23 -9 28 -19 -30
right_child=1 -3 5 -5 7 6 21 19 10 -11 11 15 14 -15 -16 -17 23 18 -20 -21 -22 25 -24 -25 -26 -27 -28 -29 29 -31
leaf_value=-0.22319973196302142 -0.063186730941136679 0.00077596185782712469 -0.21591601704175656 0.21709505796432493 0.20449596781815804 0.038460630101376569 -0.057132371951793805 0.17211923402547838 0.16618902951478959 0.034733178615570071 -0.27531258255243302 0.15900389552116395 0.03702046757652646 -0.07654520395416313 0.25455792120524817 0.14577383924098242 -0.2712229058146477 0.040072083514984529 0.15470121701558431 0.12788322865962984 -0.10345052125362249 0.049489110410213477 -0.28520371424300328 0.0087003052927726917 -0.037478642429205337 -0.1030141454603937 0.021083478919333883 -0.10208680688431769 -0.17449142313389868 0.03923840656712213
leaf_weight=21 21 7040 26 20 21 58 29 25 20 20 20 20 21 41 28 21 20 107 21 39 39 20 28 43 47 54 36 33 27 34
leaf_count=21 21 7040 26 20 21 58 29 25 20 20 20 20 21 41 28 21 20 107 21 39 39 20 28 43 47 54 36 33 27 34
internal_value=-1.28538e-10 -0.00125012 -0.0569674 0.0735361 0.0129558 -0.0818541 -0.0634117 0.064433 -0.00218457 -0.0973788 0.0055748 -0.0134513 0.0735498 0.00303979 0.161328 0.000589541 -0.00807202 0.016407 0.00356041 0.0432724 0.0102742 -0.108515 -0.169167 -0.0619258 -0.107253 -0.061797 0.0829834 -0.0122304 0.00541994 -0.0553633
internal_weight=8000 7296 256 41 704 215 189 160 544 41 503 393 110 61 49 373 352 242 222 139 100 131 57 110 67 74 61 201 168 61
internal_count=8000 7296 256 41 704 215 189 160 544 41 503 393 110 61 49 373 352 242 222 139 100 131 57 110 67 74 61 201 168 61
is_linear=0
shrinkage=0.05


Tree=274
num_leaves=31
num_cat=0
split_feature=3 3 0 2 0 2 2 5 3 2 0 0 4 0 4 0 0 1 0 4 0 2 2 2 0 3 2 2 4 4
split_gain=51.9557 245.432 362.244 450.061 674.352 327.828 579.341 513.019 577.041 621.112 1372.61 508.467 663.076 544.277 468.743 342.032 380.935 398.093 486.92 524.855 378.837 1215.66 482.231 422.476 411.822 500.739 470.694 338.952 429.673 293.548
threshold=1494.4659893970108 1581.773084406401 2592.4916666666672 218.85163809621653 2232.9666666666676 148.74076082364903 182.81754309694188 16.500000000000004 1511.8380481977526 173.63279889613497 7870.7083333333294 7132.0916666666644 9.8272814334921357 9012.5166666666719 13.626591917163028 2835.2916666666683 3027.7666666666678 2460.5000000000005 4623.1083333333481 20.740833015771639 6608.4416666666684 196.57996857343562 225.89326800407136 246.91017131070484 6735.8416666666662 1574.7663930736126 212.49504542765789 206.61975441253409 11.964870615742301 14.198588628818165
decision_type=2 2 2 2 2 2 2 2 2 2 2 2 2 2 2 2 2 2 2 2 2 2 2 2 2 2 2 2 2 2
left_child=-1 2 3 4 -2 29 7 11 -9 10 -10 12 -7 -13 -14 -8 -17 -18 19 -19 21 -20 27 -24 -22 26 -26 -23 -29 -4
right_child=1 -3 5 -5 -6 6 15 8 9 -11 -12 13 14 -15 -16 16 17 18 20 -21 24 22 23 -25 25 -27 -28 28 -30 -31
leaf_value=0.0041604852707496417 -0.16536065522452881 0.0046855132903249877 0.23549101425504146 0.28591648846864703 0.15666131586641879 -0.079740440727848763 -0.21247465610504152 -0.23315217941999436 0.48141663166738696 -0.1058867054184278 -0.077691969567019015 -0.017228675240650772 -0.54364169120788575 -0.25702064556460225 -0.21589144617319109 0.20742943990044296 -0.13042740926368912 0.040176855531093236 0.18026905086110623 0.3233981910206023 0.22446943044662479 -0.20501912104318271 -0.46254177525639534 -0.13755104318261147 -0.041518109979483339 -0.19845078643993475 0.053912960772409917 0.15996149876578289 -0.13531813280923027 -0.025859208475975767
leaf_weight=3872 29 2759 22 20 37 38 21 20 21 30 23 100 20 31 24 20 67 74 34 21 20 37 20 20 263 32 254 22 28 21
leaf_count=3872 29 2759 22 20 37 38 21 20 21 30 23 100 20 31 24 20 67 74 34 21 20 37 20 20 263 32 254 22 28 21
internal_value=6.68456e-11 -0.00390247 -0.0212102 0.0781319 0.0151668 -0.0278691 -0.0325757 -0.0921553 0.00514031 0.0695437 0.189155 -0.135093 -0.232736 -0.0739733 -0.364869 -0.0129712 -0.00837739 -0.0132161 -0.00369713 0.102784 -0.0175542 -0.0852681 -0.156357 -0.300046 0.00160561 -0.00651329 0.00536679 -0.0902927 -0.00539509 0.107855
internal_weight=8000 4128 1369 86 66 1283 1240 307 94 74 44 213 82 131 44 933 912 892 825 95 730 161 127 40 569 549 517 87 50 43
internal_count=8000 4128 1369 86 66 1283 1240 307 94 74 44 213 82 131 44 933 912 892 825 95 730 161 127 40 569 549 517 87 50 43
is_linear=0
shrinkage=0.05


Tree=275
num_leaves=31
num_cat=0
split_feature=2 2 2 0 0 3 5 2 3 3 0 3 0 0 0 1 4 4 0 2 2 2 0 4 0 0 3 3 3 0
split_gain=52.9741 263.455 228.476 364.943 525.078 211.875 186.038 496.091 152.352 473.466 354.584 671.363 910.825 596.028 425.721 375.097 317.663 606.654 518.258 380.096 783.606 557.63 569.347 377.152 335.878 762.635 971.149 1364.31 534.625 458.068
threshold=213.45565057517638 215.28083890700879 212.49504542765789 4956.1000000000176 7535.6583333333328 1299.4625544071703 32.500000000000007 228.96411294804003 1392.3594007416546 1408.6028552327359 6608.4416666666684 1230.6070692165774 4086.0750000000025 4907.5666666666848 7132.0916666666644 5887.5000000000009 19.081099274205084 17.594053504124819 5333.5083333333487 221.341328996329 218.09684117376159 226.99639690560181 6735.8416666666662 18.191538826863411 4813.2166666666863 3839.2833333333342 1527.197293817427 1876.6757902031568 1666.3775485442541 6381.7833333333365
decision_type=2 2 2 2 2 2 2 2 2 2 2 2 2 2 2 2 2 2 2 2 2 2 2 2 2 2 2 2 2 2
left_child=2 5 -1 -4 -5 -2 8 -8 10 -10 11 -3 -13 -14 15 -12 17 24 -19 20 -18 22 -21 -20 25 -11 -27 28 -28 -26
right_child=1 6 3 4 -6 -7 7 -9 9 16 14 12 13 -15 -16 -17 19 18 23 21 -22 -23 -24 -25 29 26 27 -29 -30 -31
leaf_value=0.0014980030474955801 -0.19923048036602828 0.053044938637929806 -0.059513522288010968 0.36145758755505086 0.050186874965826668 -0.042773925166490472 -0.29162197892146652 0.018961457618408735 0.13945524717370669 -0.0088593163274922355 0.26736282972352848 -0.0088173799946443324 -0.40682357415076231 -0.13830885844485416 -0.0097670114394427156 0.00090348146110773091 0.13582202766476006 -0.35149660767479379 -0.21117896897637328 0.38114854842424395 -0.20553928092122078 0.034875805051539276 0.066148305044043815 0.062077566129820683 -0.12004673672684779 0.34986693394871859 -0.26500529646873477 0.39431610569357872 0.051605268965164819 -0.0043656570144319142
leaf_weight=5241 26 85 31 20 42 129 20 36 66 247 28 97 31 62 373 25 29 22 23 26 40 244 32 28 96 39 24 20 30 788
leaf_count=5241 26 85 31 20 42 129 20 36 66 247 28 97 31 62 373 25 29 22 23 26 40 244 32 28 96 39 24 20 30 788
internal_value=8.48304e-11 -0.00575511 0.00287647 0.08056 0.150597 -0.0690183 -0.00184997 -0.0919612 0.000205516 0.00807984 -0.0194971 -0.0637569 -0.11601 -0.227814 0.0090743 0.141674 0.00294312 -0.00856916 -0.148656 0.0438102 -0.0620686 0.068001 0.207355 -0.0611558 -0.000348643 0.0403636 0.147957 0.0415453 -0.0891105 -0.0169283
internal_weight=8000 2666 5334 93 62 155 2511 56 2455 1754 701 275 190 93 426 53 1688 1317 73 371 69 302 58 51 1244 360 113 74 54 884
internal_count=8000 2666 5334 93 62 155 2511 56 2455 1754 701 275 190 93 426 53 1688 1317 73 371 69 302 58 51 1244 360 113 74 54 884
is_linear=0
shrinkage=0.05


Tree=276
num_leaves=31
num_cat=0
split_feature=4 4 0 5 5 0 4 2 3 0 0 5 3 2 2 3 2 3 3 3 2 5 3 0 2 2 3 5 0 0
split_gain=50.6123 264.15 573.947 289.953 292.9 305.83 222.687 648.809 485.339 290.698 273.418 454.624 575.517 762.718 909.436 380.59 334.146 359.083 202.605 596.885 352.417 322.105 321.872 554.43 233.664 338.92 406.274 432.123 1173.9 371.529
threshold=11.343684718634387 9.1043884646038578 2101.3583333333349 14.500000000000002 13.500000000000002 6509.4166666666724 12.415476582030111 220.9654830135853 1855.7365827366236 2879.7666666666669 7472.7999999999993 15.500000000000002 1297.1408861732043 198.55940849191384 177.48590307884913 1560.0540965913624 202.46472759446041 1677.1681143399649 1496.2296914516266 1610.3258258258822 196.57996857343562 9.5000000000000018 1523.601431003586 5282.350000000014 248.63086233063927 204.27287535675239 1446.1408055899797 10.500000000000002 4430.341666666679 8256.391666666661
decision_type=2 2 2 2 2 2 2 2 2 2 2 2 2 2 2 2 2 2 2 2 2 2 2 2 2 2 2 2 2 2
left_child=1 3 -3 4 -1 -6 7 8 9 -2 11 12 -11 14 15 -14 17 -12 24 21 -21 -20 -23 -24 25 29 27 28 -27 -4
right_child=6 2 18 -5 5 -7 -8 -9 -10 10 16 -13 13 -15 -16 -17 -18 -19 19 20 -22 22 23 -25 -26 26 -28 -29 -30 -31
leaf_value=0.0057844275837925707 -0.19070326972075485 -0.26632572167242569 0.064338869559578599 0.1139890659848849 -0.24954248511272931 -0.01736465833477072 -0.00060311792425486233 0.12657725898056499 0.1914970884880712 0.21809897858362934 -0.051668186106586036 0.22683236229100398 -0.23343528341860154 -0.24947626912035048 0.23091256731322837 0.056683384068310264 0.062241742588006535 -0.27697498692820471 -0.18466285966336726 -0.059569860243813159 0.043540877418879853 -0.1631252561695874 0.17718836999145049 -0.088364244460082453 0.17050719182938337 -0.49966394454240803 0.090779840573668488 -0.0027660265932848427 -0.064611756758413449 -0.058226171976258595
leaf_weight=1960 22 24 220 60 23 37 4256 139 31 26 112 28 26 32 35 20 52 21 80 141 201 48 29 61 20 20 40 81 69 86
leaf_count=1960 22 24 220 60 23 37 4256 139 31 26 112 28 26 32 35 20 52 21 80 141 201 48 29 61 20 20 40 81 69 86
internal_value=-1.4688e-10 -0.00487078 -0.0244476 0.0056706 0.00245322 -0.106366 0.00324719 0.0333702 0.00138056 -0.0143778 -0.00335742 0.0430235 0.00599729 -0.0428049 0.0388431 -0.107297 -0.0452256 -0.0872429 -0.019151 -0.0401829 0.00103031 -0.104839 -0.0585635 -0.00279729 0.00282257 -0.00367683 -0.0525921 -0.0863267 -0.162376 0.0298925
internal_weight=8000 3200 1120 2080 2020 60 4800 544 405 374 352 167 139 113 81 46 185 133 1096 560 342 218 138 90 536 516 210 170 89 306
internal_count=8000 3200 1120 2080 2020 60 4800 544 405 374 352 167 139 113 81 46 185 133 1096 560 342 218 138 90 536 516 210 170 89 306
is_linear=0
shrinkage=0.05


Tree=277
num_leaves=31
num_cat=0
split_feature=2 2 2 3 3 3 5 2 3 4 3 3 0 3 3 0 3 4 5 4 5 2 3 0 3 3 4 0 0 0
split_gain=50.8081 236.024 208.123 365.531 259.518 191.622 167.066 447.722 146.592 206.006 181.259 151.872 142.143 176.188 446.092 445.909 423.204 326.155 613.668 421.639 467.227 397.164 347.628 324.181 616.564 434.882 277.82 475.431 302.871 275.605
threshold=213.45565057517638 215.28083890700879 212.49504542765789 1643.6166329058617 1500.0458831517851 1299.4625544071703 32.500000000000007 228.96411294804003 1505.2002473043201 14.911736869281174 1439.9108083722376 1649.5017770604261 9959.8666666666631 1380.809628694012 1387.5604928866035 2045.2333333333338 1319.4023635194781 20.232530345224564 12.500000000000002 27.536243212040528 19.500000000000004 203.57077923702164 1332.2443936707948 6905.2083333333312 1364.1593454090209 1338.5713926340702 4.4653534001533322 6664.0666666666684 8256.391666666661 7423.7583333333323
decision_type=2 2 2 2 2 2 2 2 2 2 2 2 2 2 2 2 2 2 2 2 2 2 2 2 2 2 2 2 2 2
left_child=2 5 12 4 -4 -2 -3 -8 10 11 -7 -10 13 15 -15 -1 -17 18 23 20 -19 22 -20 24 25 -18 27 -16 -29 -25
right_child=1 6 3 -5 -6 8 7 -9 9 -11 -12 -13 -14 14 26 16 17 19 21 -21 -22 -23 -24 29 -26 -27 -28 28 -30 -31
leaf_value=-0.16737753730267288 -0.18934810184515441 7.8904635961453921e-06 0.050266921306978296 -0.10658701814356304 0.24281302481889724 -0.066499453111840731 -0.27701071877032518 0.018043541452950902 -0.10573296546936035 -0.18500733279412795 0.11352559328079224 0.084640838764607915 -0.12252507339353147 -0.13996107051685705 0.25695241625819887 0.0027133350619021508 0.042639514906653048 0.046724925481754803 -0.047415445532117573 0.10207803059173258 -0.2599465243863287 0.36366127068581794 0.18342946179925579 0.25881036311388017 0.18121707808971407 -0.20790733965330346 -0.0033165244783962232 -0.12148465633392334 0.13956315215677023 0.057032236368818712
leaf_weight=32 26 2455 42 21 30 29 20 36 22 31 27 20 23 59 28 947 29 23 21 38 27 23 73 20 25 43 3675 25 20 110
leaf_count=32 26 2455 42 21 30 29 20 36 22 31 27 20 23 59 28 947 29 23 21 38 27 23 73 20 25 43 3675 25 20 110
internal_value=1.52357e-10 -0.00563622 0.00281705 0.0769599 0.130494 -0.0655154 -0.00193997 -0.087333 -0.0405568 -0.0872402 0.0202983 -0.0150788 0.00150141 0.00204809 -0.00354534 0.0171397 0.0214214 0.062432 0.0844057 -0.023465 -0.118878 0.177426 0.131858 0.0364613 -0.0327118 -0.106993 -0.00139792 0.0951892 -0.00546341 0.088075
internal_weight=8000 2666 5334 93 72 155 2511 56 129 73 56 42 5241 5218 3807 1411 1379 432 344 88 50 117 94 227 97 72 3748 73 45 130
internal_count=8000 2666 5334 93 72 155 2511 56 129 73 56 42 5241 5218 3807 1411 1379 432 344 88 50 117 94 227 97 72 3748 73 45 130
is_linear=0
shrinkage=0.05


Tree=278
num_leaves=31
num_cat=0
split_feature=5 4 3 3 3 4 0 0 4 3 2 0 2 2 3 3 3 3 5 2 4 4 3 0 2 0 3 3 1 4
split_gain=50.4889 144.774 162.586 341.192 450.568 371.001 275.548 695.734 359.619 516.534 231.056 201.887 118.45 120.892 198.316 86.2479 141.323 80.0624 80.7513 280.501 229.116 291.484 220.29 201.839 574.478 501.758 438.39 209.437 218.885 201.174
threshold=6.5000000000000009 9.2766853120124146 1847.0157907991338 1649.5017770604261 1613.2905427454307 8.3789351361909468 6295.8333333333376 6809.7249999999967 5.0866478485084352 1332.2443936707948 235.03794054294525 7021.0666666666648 179.25769711576183 189.80831741791198 1380.809628694012 2269.7030541227764 2227.6919926964697 2166.7528950174224 7.5000000000000009 179.25769711576183 5.3103786217633422 9.6478497715908258 1573.2264491142125 6248.4500000000025 221.341328996329 3883.9333333333329 1500.0458831517851 1406.1223089247931 5887.5000000000009 4.6101952783309761
decision_type=2 2 2 2 2 2 2 2 2 2 2 2 2 2 2 2 2 2 2 2 2 2 2 2 2 2 2 2 2 2
left_child=1 2 3 4 5 6 8 -8 -1 -10 12 -5 -9 -14 -15 16 17 18 19 20 -2 22 -22 24 25 26 -21 -25 -29 -20
right_child=15 -3 -4 11 -6 -7 7 10 9 -11 -12 -13 13 14 -16 -17 -18 -19 29 23 21 -23 -24 27 -26 -27 -28 28 -30 -31
leaf_value=0.037966488504453617 -0.1954863463129316 -0.14511766724643255 -0.13345864127576351 0.23284412324428561 -0.23421729777170266 0.16865816132298539 0.28491265500585239 -0.13643742504219214 0.040398531854152681 -0.27213598526536659 0.13314659226685763 0.03044011177761214 0.074310114234685906 0.049127889596498935 -0.13008130020216893 0.086972829391216422 -0.10595766474162378 0.082537256479263313 -0.12566130422055721 0.21467727293138919 -0.027320348053443723 -0.16079249481360119 0.16341293125102918 0.089476889579681987 -0.085429928408314787 0.31654499295879818 -0.097521755065430302 -0.16684193298930217 0.0082470600360206193 -1.0916458564256786e-05
leaf_weight=34 21 21 25 22 23 28 21 30 20 39 20 28 24 26 38 29 31 30 32 23 41 24 24 67 30 34 22 21 119 7053
leaf_count=34 21 21 25 22 23 28 21 30 20 39 20 28 24 26 38 29 31 30 32 23 41 24 24 67 30 34 22 21 119 7053
internal_value=-1.49063e-11 -0.0173369 -0.010238 -0.00151132 -0.0214798 -0.00400497 -0.0231898 0.0167966 -0.0915535 -0.166192 -0.0240037 0.119498 -0.0506394 -0.02139 -0.0572776 0.000910069 0.000580457 0.00101842 0.000692822 0.0218356 -0.0469314 -0.0118791 0.0431042 0.0457734 0.100842 0.171578 0.0620466 0.0167762 -0.0180163 -0.000578427
internal_weight=8000 399 378 353 303 280 252 159 93 59 138 50 118 88 64 7601 7572 7541 7511 426 110 89 65 316 109 79 45 207 140 7085
internal_count=8000 399 378 353 303 280 252 159 93 59 138 50 118 88 64 7601 7572 7541 7511 426 110 89 65 316 109 79 45 207 140 7085
is_linear=0
shrinkage=0.05


Tree=279
num_leaves=31
num_cat=0
split_feature=5 5 0 5 4 0 0 3 4 3 2 2 3 4 0 3 0 1 0 3 3 4 0 2 3 4 0 5 0 5
split_gain=50.2552 72.659 369.59 293.221 194.169 190.417 153.924 147.31 142.405 369.214 178.028 289.354 197.138 111.638 85.175 69.7986 234.093 70.0941 175.603 174.11 349.741 233.15 355.436 232.124 230.924 283.148 248.771 278.058 222.046 234.225
threshold=39.500000000000007 32.500000000000007 3462.3250000000003 33.500000000000007 29.373348311430217 6558.4083333333356 7922.9666666666617 1467.4755859322627 35.589360512674659 1721.4369152154961 178.86133711203908 228.96411294804003 1450.359126284689 34.936951190991515 1827.0166666666669 1027.6875878407038 6998.2666666666655 7306.0000000000009 9474.6416666666792 1743.3986382069504 1686.2177615856415 10.965090669798416 9904.2083333333339 235.63422600279452 1537.2562799176847 8.5148428098812428 9730.8000000000065 14.500000000000002 8027.6666666666606 15.500000000000002
decision_type=2 2 2 2 2 2 2 2 2 2 2 2 2 2 2 2 2 2 2 2 2 2 2 2 2 2 2 2 2 2
left_child=1 8 -3 4 -4 -5 7 -7 13 10 -10 12 -12 14 -1 16 -16 18 -17 20 21 24 23 28 26 -26 27 -19 -23 -30
right_child=-2 2 3 5 -6 6 -8 -9 9 -11 11 -13 -14 -15 15 17 -18 19 -20 -21 -22 22 -24 -25 25 -27 -28 -29 29 -31
leaf_value=0.086967067633356376 0.079159272313117979 -0.18868122557478567 -0.0048020112514495852 0.15054646551609041 -0.22512511745095254 0.024798997847930247 0.077602384259571902 -0.16074287265539169 -0.097368318321449432 0.22418303823471072 0.18572722007246578 -0.093295257455772829 0.017841614617241753 -0.10808597765862943 0.18311358974738556 -0.0024302744262090902 -0.021830927413937294 -0.00048442889798294621 -0.13264134084949128 -0.035288629691420097 0.12661600302283962 0.20420311708003283 -0.14512086436152458 -0.047624649249122179 -0.018444074048394606 -0.1966916654158283 0.11703172483481468 -0.18707424808632245 0.0081129879554505402 0.076631683425417527
leaf_weight=28 20 31 20 30 20 23 37 20 28 25 34 27 36 24 22 6270 38 216 26 181 69 22 28 71 56 37 40 22 253 246
leaf_count=28 20 31 20 30 20 23 37 20 28 25 34 27 36 24 22 6270 38 216 26 181 69 22 28 71 56 37 40 22 253 246
internal_value=-4.73075e-11 -0.000198394 -0.0315163 0.000964394 -0.114964 0.04312 0.0028351 -0.0614995 0.000528436 0.0487754 0.0136939 0.0457531 0.0993861 -0.000417707 -7.88168e-05 -0.000399639 0.0533154 -0.00082725 -0.00296799 0.0100335 0.0177724 0.010194 0.0289544 0.0371877 -0.0211576 -0.0893598 0.00165827 -0.0177322 0.0487456 0.0418917
internal_weight=8000 7980 181 150 40 110 80 43 7799 150 125 97 70 7649 7625 7597 60 7537 6296 1241 1060 991 620 592 371 93 278 238 521 499
internal_count=8000 7980 181 150 40 110 80 43 7799 150 125 97 70 7649 7625 7597 60 7537 6296 1241 1060 991 620 592 371 93 278 238 521 499
is_linear=0
shrinkage=0.05


Tree=280
num_leaves=31
num_cat=0
split_feature=0 0 0 0 0 1 3 2 0 2 0 0 0 0 0 1 2 2 2 0 0 4 4 4 4 4 5 5 3 2
split_gain=48.4169 3174.91 706.581 672.957 436.286 383.22 412.526 330.596 468.408 398.667 400.205 359.021 326 779.817 780.991 425.67 403.093 708.013 759.292 457.65 347.096 815.135 900.744 865.495 592.312 349.412 308.427 337.554 306.314 288.727
threshold=6635.0583333333361 6608.4416666666684 6580.9916666666695 6558.4083333333356 6535.341666666669 5887.5000000000009 1668.6853246661233 262.31870506339254 4249.9000000000078 253.93332677461771 3930.1583333333338 2929.0083333333328 6295.8333333333376 6439.3500000000031 6488.4666666666717 4564.0000000000009 171.38895448721226 200.69004041077184 213.45565057517638 6197.7833333333338 5068.7000000000162 12.955217946143419 10.780144561284137 15.571595949758875 17.903147071214338 25.121731212814559 8.5000000000000018 17.500000000000004 1468.7701172680352 190.49031748207682
decision_type=2 2 2 2 2 2 2 2 2 2 2 2 2 2 2 2 2 2 2 2 2 2 2 2 2 2 2 2 2 2
left_child=1 2 3 4 5 7 26 9 11 12 -11 -9 15 -14 -15 20 -17 19 -19 -18 -1 22 29 -23 -25 -26 -7 28 -28 -22
right_child=-2 -3 -4 -5 -6 6 -8 8 -10 10 -12 -13 13 14 -16 16 17 18 -20 -21 21 23 -24 24 25 -27 27 -29 -30 -31
leaf_value=0.0028700748660783347 -0.0031759813160557922 0.50030379532836378 -0.23400215879082681 0.23026277511380613 -0.18387469311710447 0.29364954838934154 -0.073230639367830017 0.15347271290692419 0.25440103841324646 0.0024035925666491195 -0.28073810476523181 -0.11863123840755888 -0.17600128043846913 0.22033827515209425 -0.12967365285692117 0.28185212422500955 0.055881280811696223 0.40799358756769277 0.04635865223058995 -0.23017408604975098 -0.16879034428983122 0.29783779835700991 -0.35016824301136174 -0.27472512554042627 0.13552062491837299 -0.09274523337682089 -0.093259087403615326 0.22660846800676415 0.14927153017209924 0.01185458329929547
leaf_weight=2271 4800 32 32 32 32 23 32 22 30 24 26 27 83 34 30 22 29 21 47 27 37 25 38 20 38 30 30 28 23 55
leaf_count=2271 4800 32 32 32 32 23 32 22 30 24 26 27 83 34 30 22 29 21 47 27 37 25 38 20 38 30 30 28 23 55
internal_value=-1.54355e-10 0.00476397 -0.000241481 0.00214383 -0.00020791 0.00170529 0.0837579 -0.00209551 0.0988024 -0.00488548 -0.14483 0.00353788 -0.0023927 -0.0748763 0.0562702 0.00161297 0.0846118 0.0496176 0.15804 -0.0820383 -0.00320717 -0.0600031 -0.145382 0.0382201 -0.035535 0.0348151 0.132062 0.0861791 0.01199 -0.0607961
internal_weight=8000 3200 3168 3136 3104 3072 136 2936 79 2857 50 49 2807 147 64 2660 146 124 68 56 2514 243 130 113 88 68 104 81 53 92
internal_count=8000 3200 3168 3136 3104 3072 136 2936 79 2857 50 49 2807 147 64 2660 146 124 68 56 2514 243 130 113 88 68 104 81 53 92
is_linear=0
shrinkage=0.05


Tree=281
num_leaves=31
num_cat=0
split_feature=2 3 3 4 5 3 3 4 0 3 1 2 2 4 2 2 4 4 4 4 0 0 5 0 5 0 4 4 0 3
split_gain=46.8459 241.462 309.515 220.522 511.437 225.128 455.259 385.684 631.038 268.394 251.898 230.742 190.145 386.529 634.666 283.359 329.507 320.107 273.938 333.432 257.722 515.281 312.921 293.887 713.726 469.153 532.356 287.513 218.466 213.838
threshold=150.6625317512316 1765.4960098847203 1637.6362405668312 8.4507103814180002 9.5000000000000018 1304.2881621427716 1426.490718905384 18.44782694552843 6439.3500000000031 1197.4448400703507 6517.5000000000009 139.61051127192545 164.35271298139619 17.173761582871496 155.85035629962701 173.63279889613497 30.394624914726688 22.197661497583216 20.232530345224564 18.710184316090999 3065.5833333333344 3754.0499999999984 11.500000000000002 6714.8999999999987 12.500000000000002 8439.641666666661 9.5888386805706336 7.7410353374850915 7102.9999999999973 1478.6017101775781
decision_type=2 2 2 2 2 2 2 2 2 2 2 2 2 2 2 2 2 2 2 2 2 2 2 2 2 2 2 2 2 2
left_child=1 2 3 4 -1 9 11 8 -8 -5 -9 -7 13 20 -15 16 17 18 19 -14 22 -22 -2 24 27 -25 -27 -23 -16 -28
right_child=12 -3 -4 5 -6 6 7 10 -10 -11 -12 -13 15 14 28 -17 -18 -19 -20 -21 21 23 -24 25 -26 26 29 -29 -30 -31
leaf_value=0.0065935011862254733 -0.030135199893265963 0.13331238139420748 -0.11148649673908949 -0.058559463471174245 0.31500048570334915 -0.25431216657161715 0.28393315954932147 -0.20045904635141293 -0.012537063203752042 0.16988689940836696 0.039804651513695721 -0.049182408431480674 0.028993163546676051 0.20969542853068562 0.067228264941109547 -0.001704430111810022 -0.11158647951152589 0.16515663433074954 -0.13611195916714877 0.19385885894298555 0.14663194345987657 -0.37902184895106728 -0.29709159718907396 0.023908739804423283 0.11503334052860736 0.04667380220931152 -0.34364550766490759 -0.1495484527391501 -0.090645706101453727 -0.13954567313194274
leaf_weight=41 21 40 50 20 20 26 28 24 50 36 20 29 434 40 36 6528 36 50 23 33 33 21 23 140 20 29 21 39 56 33
leaf_count=41 21 40 50 20 20 26 28 24 50 36 20 29 434 40 36 6528 36 50 23 33 33 21 23 140 20 29 21 39 56 33
internal_value=-7.31437e-11 0.0170396 0.00351948 0.0230783 0.107711 0.000921391 -0.0267235 0.0271176 0.0938881 0.0882989 -0.0912483 -0.146153 -0.000859138 -0.0302875 0.0434233 0.00126182 0.0348794 0.0446438 0.0323465 0.0406432 -0.0558923 -0.0409914 -0.169681 -0.0614257 -0.14364 -0.0319318 -0.126121 -0.229864 -0.0288689 -0.218918
internal_weight=8000 384 344 294 61 233 177 122 78 56 44 55 7616 512 132 7104 576 540 490 467 380 336 44 303 80 223 83 60 92 54
internal_count=8000 384 344 294 61 233 177 122 78 56 44 55 7616 512 132 7104 576 540 490 467 380 336 44 303 80 223 83 60 92 54
is_linear=0
shrinkage=0.05


Tree=282
num_leaves=31
num_cat=0
split_feature=1 0 0 0 0 0 2 2 2 2 0 2 0 2 2 5 0 0 1 0 0 0 0 0 0 1 0 1 0 1
split_gain=46.6267 173.365 653.576 267.647 238.322 275.69 250.592 449.082 307.602 307.934 222.163 240.209 203.253 230.17 360.368 187.697 272.91 176.95 650.197 1289.98 271.211 714.223 658.643 270.906 346.3 553.113 480.014 308.08 204.207 1164.93
threshold=7306.0000000000009 8467.6249999999945 8504.9249999999865 8552.9833333333318 8918.7166666666653 9248.0250000000033 192.29342722581157 203.90556816741034 211.04675683505056 229.97857857857204 8867.5666666666675 176.82159266165934 9150.4333333333398 218.41368722712366 188.92523509189871 10.500000000000002 8767.0250000000033 8256.391666666661 6517.5000000000009 8287.899999999996 8362.0666666666602 8333.1666666666624 8393.2249999999931 8089.3999999999951 8138.4333333333288 6517.5000000000009 8173.3416666666626 6517.5000000000009 8039.5166666666673 6517.5000000000009
decision_type=2 2 2 2 2 2 2 2 2 2 2 2 2 2 2 2 2 2 2 2 2 2 2 2 2 2 2 2 2 2
left_child=1 17 -3 -4 10 12 -7 -8 -9 -10 11 -5 -6 14 -14 -13 -17 23 -19 -20 21 -21 -22 28 25 -25 27 -26 -1 -30
right_child=-2 2 3 4 5 6 7 8 9 -11 -12 15 13 -15 -16 16 -18 18 19 20 22 -23 -24 24 26 -27 -28 -29 29 -31
leaf_value=-6.3884709250824358e-05 0.0086419837608160445 -0.24593904844950887 0.1242014173305396 -0.15858007925185 0.00762808762884103 0.025408848711889084 -0.26246230130822495 0.13717679254710677 -0.22096577996015548 0.018490823859284664 -0.18893131732940674 -0.081940337015754164 0.034748061814091423 -0.020233984223820948 0.32093299234455286 -0.03223868803913469 0.14342626988549123 -0.037933802278712396 0.43092539310813527 0.098898075279944098 0.33637079068205578 -0.27765775307081642 0.010926579163884217 -0.043009925716997764 -0.0065848739987069919 -0.35803799791769553 -0.076209815369196687 0.26115616914771855 0.21040566733813493 -0.16170327193809278
leaf_weight=5400 1306 32 33 37 161 73 29 20 25 29 30 68 22 22 22 67 33 144 26 34 22 20 53 38 22 22 98 21 58 33
leaf_count=5400 1306 32 33 37 161 73 29 20 25 29 30 68 22 22 22 67 33 144 26 34 22 20 53 38 22 22 98 21 58 33
internal_value=-1.96268e-10 -0.00168605 -0.0251759 -0.0146477 -0.0218295 0.00150626 -0.0454599 -0.0956872 -0.0303294 -0.0923687 -0.061848 -0.0432504 0.0379205 0.111816 0.177841 -0.0178504 0.0257307 0.00107031 0.0385627 0.10963 0.0448732 -0.040567 0.10639 -0.00089916 -0.0579123 -0.15852 -0.0151004 0.124172 0.00118782 0.0754651
internal_weight=8000 6694 703 671 638 403 176 103 74 54 235 205 227 66 44 168 100 5991 299 155 129 54 75 5692 201 60 141 43 5491 91
internal_count=8000 6694 703 671 638 403 176 103 74 54 235 205 227 66 44 168 100 5991 299 155 129 54 75 5692 201 60 141 43 5491 91
is_linear=0
shrinkage=0.05


Tree=283
num_leaves=31
num_cat=0
split_feature=5 5 3 2 2 0 0 2 2 1 4 4 4 2 2 3 3 5 4 0 4 0 3 1 0 0 0 2 0 2
split_gain=46.6371 132.505 231.215 210.832 214.583 197.29 343.17 194.937 190.169 203.116 199.928 163.469 142.848 136.76 236.063 78.0157 128.317 77.2405 423.035 1173.54 341.234 329.073 309.382 334.92 266.378 599.58 508.245 264.017 258.086 670.551
threshold=6.5000000000000009 5.5000000000000009 1816.0282371524202 197.43365323654322 202.16151504012717 4623.1083333333481 7440.2583333333323 191.72643752835884 180.73591296435268 6517.5000000000009 6.2757611169626779 5.3103786217633422 5.4386003020642208 231.42751685925717 217.76168394787899 2269.7030541227764 2227.6919926964697 11.500000000000002 15.650958233761486 4623.1083333333481 13.94787547666931 7683.4750000000013 1441.8028761063833 6517.5000000000009 1939.4833333333343 2344.2250000000013 2187.9250000000006 205.47285912278969 2541.0250000000005 204.59141781450978
decision_type=2 2 2 2 2 2 2 2 2 2 2 2 2 2 2 2 2 2 2 2 2 2 2 2 2 2 2 2 2 2
left_child=1 5 3 7 -5 -1 -7 8 9 -3 -10 -8 -6 14 -14 16 17 18 20 -20 24 -21 23 -22 -2 26 27 -26 29 -27
right_child=15 2 -4 4 12 6 11 -9 10 -11 -12 -13 13 -15 -16 -17 -18 -19 19 21 22 -23 -24 -25 25 28 -28 -29 -30 -31
leaf_value=0.14905292506401355 0.16140036753245765 -0.028906297492675294 -0.18750324809680816 0.15062961039634853 -0.081313914566167766 -0.13081259132495948 0.14872216631968815 -0.20394500538029453 0.15105005504474756 -0.22178099680514562 -0.069838908240199102 -0.016337750951449077 -0.026023331013592804 -0.067231355323677966 0.20834413163718724 0.082727157350244204 -0.10095611382876674 -0.0029724570781861216 0.32502917456321229 -0.11776560195344124 -0.22632028266425347 0.076545894286542571 -0.013416154173194854 0.011725438928062265 -0.12267183452856663 0.32509390142830941 -0.28248621125239881 0.11346861034631731 0.0085946063026131475 -0.069907924958637777
leaf_weight=26 28 39 23 26 42 35 30 22 21 21 20 30 22 21 21 29 31 4685 39 37 45 53 117 22 29 22 32 20 2391 21
leaf_count=26 28 39 23 26 42 35 30 22 21 21 20 30 22 21 21 29 31 4685 39 37 45 53 117 22 29 22 32 20 2391 21
internal_value=-7.32689e-13 -0.0166625 -0.0356719 -0.0219773 0.0219094 0.0270121 -0.00638851 -0.0690753 -0.0396978 -0.0964124 0.0432993 0.0661922 -0.00966348 0.0373571 0.0884352 0.000874665 0.000561178 0.000978502 0.00745968 0.095936 0.00327433 -0.00333772 -0.062479 -0.148156 0.00803195 0.00632447 -0.127502 -0.026288 0.010778 0.132186
internal_weight=8000 399 278 255 132 121 95 123 101 60 41 60 106 64 43 7601 7572 7541 2856 129 2727 90 184 67 2543 2515 81 49 2434 43
internal_count=8000 399 278 255 132 121 95 123 101 60 41 60 106 64 43 7601 7572 7541 2856 129 2727 90 184 67 2543 2515 81 49 2434 43
is_linear=0
shrinkage=0.05


Tree=284
num_leaves=31
num_cat=0
split_feature=4 4 0 4 0 2 2 0 5 1 2 0 0 4 2 3 2 0 0 3 3 5 0 2 2 3 3 2 0 4
split_gain=47.146 225.633 528.216 271.228 464.508 530.726 422.481 277.072 308.843 206.007 205.71 285.663 222.059 203.211 574.164 444.264 275.705 332.65 461.49 435.13 979.078 647.795 240.307 218.442 208.411 320.109 197.322 189.532 374.239 604.46
threshold=11.343684718634387 9.1043884646038578 2101.3583333333349 8.6750986693795138 4761.9500000000189 190.49031748207682 234.47918447503346 6809.7249999999967 12.500000000000002 6517.5000000000009 147.36461251252132 6098.7166666666681 8052.9916666666641 12.415476582030111 220.9654830135853 1855.7365827366236 216.40394538730013 7472.7999999999993 5468.6000000000104 1543.5070496926453 1403.951658570702 10.500000000000002 3930.1583333333338 170.88103534542753 202.46472759446041 1677.1681143399649 1539.3424758657575 165.18589814548625 4956.1000000000176 6.8507623997001215
decision_type=2 2 2 2 2 2 2 2 2 2 2 2 2 2 2 2 2 2 2 2 2 2 2 2 2 2 2 2 2 2
left_child=1 3 -3 10 5 -5 7 -6 9 -9 11 -1 -13 14 15 16 17 18 19 20 21 -2 -21 -20 25 -19 -26 28 29 -12
right_child=13 2 -4 4 6 -7 -8 8 -10 -11 27 12 -14 -15 -16 -17 -18 24 23 22 -22 -23 -24 -25 26 -27 -28 -29 -30 -31
leaf_value=0.24305268165655436 0.24248625879937952 -0.25483622380221882 -0.017713176054125822 0.35817987366269033 -0.08188359005884692 0.054634316886464751 -0.19042184854095634 0.1181893432357659 0.21698346916706332 -0.044808543579919001 0.0098803687654435632 -0.093582566924717114 0.1238293092076977 -0.00054406529038407512 0.11959130354493641 0.1837102811182699 -0.17720035715028645 -0.047837599065886548 0.033752084387974307 0.0069640117267576549 -0.34120229765772825 -0.14121431620283562 0.23749560058116914 0.23172723231346987 -0.067330941259860985 -0.26056628337218646 0.14966727684844625 0.00056007810882002004 -0.010699964695397699 -0.3741992268179144
leaf_weight=20 22 24 1096 24 33 36 22 36 31 42 20 23 24 4256 139 31 24 112 22 26 25 22 20 38 20 21 22 1634 114 21
leaf_count=20 22 24 1096 24 33 36 22 36 31 42 20 23 24 4256 139 31 24 112 22 26 25 22 20 38 20 21 22 1634 114 21
internal_value=1.54635e-10 -0.00470103 -0.0227944 0.00504154 0.0570137 0.176053 0.0134628 0.0450506 0.0834802 0.0304213 -0.00123095 0.0847844 0.0174363 0.00313402 0.0319096 0.00181642 -0.0132603 -0.00201874 0.0467262 -0.0119226 -0.0913344 0.050636 0.107195 0.159136 -0.0507637 -0.0814263 0.0463348 -0.00445232 -0.0572927 -0.186843
internal_weight=8000 3200 1120 2080 224 60 164 142 109 78 1856 67 47 4800 544 405 374 350 175 115 69 44 46 60 175 133 42 1789 155 41
internal_count=8000 3200 1120 2080 224 60 164 142 109 78 1856 67 47 4800 544 405 374 350 175 115 69 44 46 60 175 133 42 1789 155 41
is_linear=0
shrinkage=0.05


Tree=285
num_leaves=31
num_cat=0
split_feature=2 2 2 3 3 3 0 2 5 0 2 5 0 0 5 4 0 0 2 0 0 2 4 2 3 4 4 0 2 0
split_gain=46.6653 214.399 179.309 337.209 227.97 173.139 149.165 617.738 662.255 425.514 603.788 570.092 490.048 248.838 209.803 791.666 375.856 587.355 318.287 558.621 477.602 459.387 390.093 344.203 309.651 290.33 451.723 261.232 256.093 239.922
threshold=213.45565057517638 215.28083890700879 212.49504542765789 1643.6166329058617 1500.0458831517851 1299.4625544071703 2144.4500000000012 227.97776161087373 14.500000000000002 2491.8500000000008 225.18697936201377 11.500000000000002 2641.8916666666687 2788.7583333333355 9.5000000000000018 11.444991747935987 6295.8333333333376 7231.2083333333312 225.89326800407136 5421.6583333333447 4142.9750000000058 239.23125050086125 10.099589579114062 252.3367522803413 1399.3659266105403 5.6306224920813053 6.7287170967484693 8256.391666666661 258.19095866499833 7079.4833333333308
decision_type=2 2 2 2 2 2 2 2 2 2 2 2 2 2 2 2 2 2 2 2 2 2 2 2 2 2 2 2 2 2
left_child=2 5 -1 4 -4 -2 7 -3 -9 10 -8 -12 -11 -14 15 18 -17 -18 19 20 -15 22 25 24 -23 -20 -27 -19 -25 -16
right_child=1 6 3 -5 -6 -7 9 8 -10 12 11 -13 13 14 29 16 17 27 21 -21 -22 23 -24 28 -26 26 -28 -29 -30 -31
leaf_value=0.0014785852964627729 -0.18018064510363799 0.2833378874737284 0.047744506730565003 -0.10477378638017745 0.22820832987626394 -0.038747370121783989 -0.35769323706626893 0.13733873282160078 -0.22059247170885407 0.21137215219162131 -0.23941230595111851 0.10521659255027771 -0.13518593277250018 0.069076613788351879 -0.031634897476760675 -0.02970050681382418 0.42311566205209367 -0.010901954283260486 -0.16395617305452742 -0.0049805617786102723 0.37410007708129434 -0.033698812403060774 -0.27641556596305844 -0.18038030442160866 0.17500796376440964 0.1744999693632126 -0.076134763949085027 0.22533655273914338 0.016485835418526856 0.0061867738223775658
leaf_weight=5241 26 23 42 21 30 129 20 28 24 27 20 30 35 33 720 20 23 22 43 124 21 27 24 24 52 25 64 25 53 1004
leaf_count=5241 26 23 42 21 30 129 20 28 24 27 20 30 35 33 720 20 23 22 43 124 21 27 24 24 52 25 64 25 53 1004
internal_value=1.25635e-10 -0.00540155 0.00269976 0.071519 0.122938 -0.0624717 -0.0018787 0.0675738 -0.0278603 -0.00401702 -0.125509 -0.032635 -0.000422591 -0.00286742 -0.000857374 0.0251555 0.161458 0.216075 0.000120395 0.0534721 0.187697 -0.0303175 -0.0909886 0.0303536 0.103678 -0.0572746 -0.00573175 0.114757 -0.044875 -0.00960882
internal_weight=8000 2666 5334 93 72 155 2511 75 52 2436 70 50 2366 2339 2304 580 90 70 490 178 54 312 156 156 79 132 89 47 77 1724
internal_count=8000 2666 5334 93 72 155 2511 75 52 2436 70 50 2366 2339 2304 580 90 70 490 178 54 312 156 156 79 132 89 47 77 1724
is_linear=0
shrinkage=0.05


Tree=286
num_leaves=31
num_cat=0
split_feature=0 0 0 3 0 0 0 4 4 3 1 0 0 0 1 0 1 0 0 3 0 1 0 0 0 0 0 0 0 0
split_gain=45.5488 559.848 1451.58 599.95 561.793 982.243 376.831 355.289 352.139 333.833 227.647 552.972 384.308 364.131 1118.93 464.728 2535.39 1677.31 787.336 731.966 496.098 614.383 648.039 377.194 564.801 404.39 363.927 474.705 418.241 949.705
threshold=6905.2083333333312 7079.4833333333308 7102.9999999999973 1385.7945229442873 7153.3499999999967 7177.566666666663 7021.0666666666648 11.03254341487507 18.44782694552843 1509.5033019310811 5887.5000000000009 8066.9666666666653 7587.1083333333327 7906.6166666666659 6517.5000000000009 8102.9916666666641 6517.5000000000009 8027.6666666666606 7978.8833333333341 1416.16725839375 8077.6000000000013 7306.0000000000009 8017.3166666666648 7683.4750000000013 7775.8333333333367 7617.7833333333328 8138.4333333333288 8173.3416666666626 8256.391666666661 8269.7166666666617
decision_type=2 2 2 2 2 2 2 2 2 2 2 2 2 2 2 2 2 2 2 2 2 2 2 2 2 2 2 2 2 2
left_child=-1 3 -3 8 9 -6 -5 -8 -2 -4 11 -7 -12 14 23 16 17 19 -18 -15 21 22 -20 25 -25 -14 -17 -28 -29 -30
right_child=1 2 4 6 5 10 7 -9 -10 -11 12 -13 13 15 -16 26 18 -19 20 -21 -22 -23 -24 24 -26 -27 27 28 29 -31
leaf_value=0.004221915503650372 0.15103167924727945 0.33619159329100512 -0.044904381419931139 -0.077702190318833242 0.27637173221446576 -0.021113027828605763 -0.40521998859941966 -0.13657876562210733 -0.10937275767326356 -0.27430337591674825 0.051028123562880882 -0.27672521881759166 -0.19011527211828666 0.28989145807921884 0.035857798843577725 -0.12334817746323684 0.11371798714409109 0.4911639264107428 -0.040208378095518464 -0.031905667379845022 0.070266099497675899 -0.038634640153716593 -0.37959272754498019 -0.27628070680315003 -0.081918076465063439 0.080581965639784536 0.13588959659720143 -0.083615314690095768 0.27618869495007303 -0.0026163674091613555
leaf_weight=3552 37 32 35 115 32 553 20 32 20 29 373 22 22 30 209 62 61 44 22 43 35 68 39 68 83 37 62 155 31 2077
leaf_count=3552 37 32 35 115 32 553 20 32 20 29 373 22 22 30 209 62 61 44 22 43 35 68 39 68 83 37 62 155 31 2077
internal_value=-1.30328e-10 -0.00337146 0.000713473 -0.0804016 -0.00184743 0.000431693 -0.128208 -0.239902 0.0596617 -0.148851 -0.00172409 -0.030893 0.00303936 -0.00264673 -0.0460454 0.00401653 0.0585271 0.247316 -0.0396433 0.10034 -0.0966862 -0.141983 -0.257192 -0.127559 -0.169446 -0.020356 -0.00379353 -0.000605404 -0.00434499 0.00148371
internal_weight=8000 4448 4224 224 4192 4128 167 52 57 64 4096 575 3521 3148 419 2729 342 117 225 73 164 129 61 210 151 59 2387 2325 2263 2108
internal_count=8000 4448 4224 224 4192 4128 167 52 57 64 4096 575 3521 3148 419 2729 342 117 225 73 164 129 61 210 151 59 2387 2325 2263 2108
is_linear=0
shrinkage=0.05


Tree=287
num_leaves=31
num_cat=0
split_feature=5 0 2 4 0 0 4 3 2 2 3 1 2 5 0 3 2 2 4 2 0 0 1 4 5 2 2 3 3 3
split_gain=46.0598 265.97 459.597 246.713 250.334 441.204 571.058 444.29 441.194 285.236 227.892 437.641 369.94 533.374 342.096 392.101 433.987 582.05 511.194 369.582 812.249 484.52 350.693 309.045 209.876 301.114 516.217 380.057 280.004 764.708
threshold=23.500000000000004 9372.0250000000069 199.87536355485503 14.510387125961637 3330.0666666666671 3065.5833333333344 30.394624914726688 1569.9671228957727 260.13040462811847 240.14712312430743 1446.1408055899797 5887.5000000000009 195.41463001738154 28.500000000000004 4526.1583333333447 1490.6343215098025 205.47285912278969 218.41368722712366 33.070118919623589 169.8390550795236 6439.3500000000031 7761.1666666666633 5887.5000000000009 36.431576538697108 19.500000000000004 224.43775429130051 231.96327729766594 1397.4521358264071 1507.2354004886147 1488.4546497543818
decision_type=2 2 2 2 2 2 2 2 2 2 2 2 2 2 2 2 2 2 2 2 2 2 2 2 2 2 2 2 2 2
left_child=24 3 -3 -2 5 6 7 -5 9 10 11 -6 -13 -14 23 22 19 18 -18 21 -21 -17 -16 -12 -1 28 -27 -28 29 -26
right_child=1 2 -4 4 8 -7 -8 -9 -10 -11 14 12 13 -15 15 16 17 -19 -20 20 -22 -23 -24 -25 25 26 27 -29 -30 -31
leaf_value=0.0013881155821799211 0.15279516535811127 0.03514427638822986 -0.24991067086274807 -0.24584095771565584 -0.088465432641298886 -0.26832487374544145 0.092093856545786071 0.052813547849655154 -0.15381268946563498 0.13586118929088117 0.20222836440937086 0.12831754279670432 0.063261606661128067 -0.21156985251991839 0.3075280893416632 0.21292463943914131 0.29583125828128115 -0.040023291069415531 -0.0028254006219946819 -0.38557252869009973 -0.039174835471944378 -0.086618089786282298 0.042894757563068021 -0.02324569970369339 -0.020914124265374218 -0.21952328643962449 -0.19408031758666039 0.03029712375688863 0.027562048481959922 -0.3353530140150161
leaf_weight=6323 32 31 26 33 115 20 60 20 34 59 55 67 51 27 21 27 38 56 23 20 110 27 31 21 244 51 25 77 255 21
leaf_count=6323 32 31 26 33 115 20 60 20 34 59 55 67 51 27 21 27 38 56 23 20 110 27 31 21 244 51 25 77 255 21
internal_value=1.09855e-10 0.0100148 -0.0948808 0.0163285 0.0115559 -0.0518597 -0.0135473 -0.133141 0.0223414 0.0303484 0.0213132 -0.0156242 0.0421464 -0.0318724 0.0436996 0.0229822 0.00107938 0.0763701 0.183223 -0.0467957 -0.0924668 0.0631533 0.149766 0.139926 -0.00143724 -0.0279821 -0.0896393 -0.0246973 -0.00984065 -0.0458319
internal_weight=8000 1004 57 947 915 133 113 53 782 748 689 260 145 78 429 353 301 117 61 184 130 54 52 76 6996 673 153 102 520 265
internal_count=8000 1004 57 947 915 133 113 53 782 748 689 260 145 78 429 353 301 117 61 184 130 54 52 76 6996 673 153 102 520 265
is_linear=0
shrinkage=0.05


Tree=288
num_leaves=31
num_cat=0
split_feature=4 2 4 3 0 2 2 2 4 3 3 1 2 2 3 4 2 3 3 4 4 0 0 3 2 0 2 5 4 2
split_gain=44.9848 402.765 373.014 449.416 374.591 311.905 491.936 328.784 353.031 288.913 719.513 387.387 348.653 402.641 532.147 333.567 261.155 331.26 293.665 237.584 297.274 380.956 222.344 368.727 218.393 306.091 294.309 515.23 209.129 204.345
threshold=27.23656667642511 262.31870506339254 25.911065653477355 1605.2110065906973 6248.4500000000025 156.65731076122191 147.36461251252132 168.86889598498723 33.070118919623589 1290.3328789721184 1175.5767953873162 5887.5000000000009 210.42202263440748 206.03128410143995 1677.1681143399649 33.070118919623589 240.82744380603552 1486.8994487929683 1364.1593454090209 31.821719502183655 40.130006713010722 4142.9750000000058 4859.3833333333523 1509.5033019310811 226.63638065928146 6884.0999999999949 223.70134978460268 26.500000000000004 25.627351140424881 187.60901482265467
decision_type=2 2 2 2 2 2 2 2 2 2 2 2 2 2 2 2 2 2 2 2 2 2 2 2 2 2 2 2 2 2
left_child=2 5 28 4 -4 6 -2 8 -7 10 -9 -12 13 14 19 -16 18 -18 -14 22 21 -21 -11 29 26 -26 27 -20 -1 -24
right_child=1 -3 3 -5 -6 7 -8 9 -10 12 11 -13 16 -15 15 -17 17 -19 24 20 -22 -23 23 -25 25 -27 -28 -29 -30 -31
leaf_value=-0.00027148044453078712 -0.013851932846009732 0.20899838554859163 0.089949710951431811 -0.24524610692804513 -0.11575286832620513 -0.011763148804505666 0.26732612685965645 0.10620065138620489 -0.27213251746219136 0.2582036896944046 -0.33194902403652671 -0.071015673954830036 0.12772024989128114 0.22682561744605342 -0.25313252936238828 0.019195817817341199 -0.070190161615610133 0.20281794849038126 0.046585224256959074 -0.17818944411208998 0.18548929833037697 0.045516588108640323 0.060685520321130754 -0.077548999792855733 -0.27590094959294359 -0.048897623479592082 0.14114368971437216 -0.20437843692608371 0.12987800355880494 0.28670841142535214
leaf_weight=7101 35 25 38 33 53 30 28 34 23 25 25 33 20 31 23 22 20 25 43 26 23 71 20 23 27 33 20 39 31 20
leaf_count=7101 35 25 38 33 53 30 28 34 23 25 25 33 20 31 23 22 20 25 43 26 23 71 20 23 27 33 20 39 31 20
internal_value=-2.50981e-10 0.011709 -0.00120059 -0.0871769 -0.0298551 0.00484915 0.111116 -0.00535637 -0.124754 0.00513792 -0.0764285 -0.183487 0.0198231 0.0567472 0.0359075 -0.119994 -0.0263728 0.081481 -0.0530399 0.0696363 0.0238751 -0.0144459 0.132038 0.0819722 -0.075356 -0.151049 -0.0308306 -0.0727755 0.000294228 0.173697
internal_weight=8000 744 7256 124 91 719 63 656 53 603 92 58 511 284 253 45 227 45 182 208 120 97 88 63 162 60 102 82 7132 40
internal_count=8000 744 7256 124 91 719 63 656 53 603 92 58 511 284 253 45 227 45 182 208 120 97 88 63 162 60 102 82 7132 40
is_linear=0
shrinkage=0.05


Tree=289
num_leaves=31
num_cat=0
split_feature=1 0 0 0 5 4 3 4 4 2 3 2 3 0 2 0 2 4 0 2 5 4 4 3 4 5 5 5 3 4
split_gain=43.4293 156.921 584.638 237.333 229.419 361.243 204.422 168.384 364.494 496.561 308.761 330.617 400.685 479.864 545.596 423.758 366.061 381.633 448.215 344.724 316.056 262.266 528.197 436.288 358.595 325.107 854.244 421.701 419.122 360.211
threshold=7306.0000000000009 8467.6249999999945 8504.9249999999865 8552.9833333333318 18.500000000000004 21.782147365819959 1213.6083189749781 27.23656667642511 21.129297743065752 253.93332677461771 1175.5767953873162 240.82744380603552 1286.6240893274301 2491.8500000000008 212.49504542765789 6580.9916666666695 209.16187694168181 31.289028799677919 7399.6333333333287 199.87536355485503 31.500000000000004 18.577543523280362 18.841093400518201 1484.9858087871814 18.317514521241893 20.500000000000004 25.500000000000004 14.500000000000002 1527.197293817427 20.37306295801945
decision_type=2 2 2 2 2 2 2 2 2 2 2 2 2 2 2 2 2 2 2 2 2 2 2 2 2 2 2 2 2 2
left_child=1 7 -3 -4 6 -6 -5 8 21 -10 -9 12 15 -14 16 -12 17 18 -15 -19 -16 24 23 -23 -1 27 28 -24 -27 -29
right_child=-2 2 3 4 5 -7 -8 10 9 -11 11 -13 13 14 20 -17 -18 19 -20 -21 -22 22 25 -25 -26 26 -28 29 -30 -31
leaf_value=0.00061317635641162157 0.0083404133576260829 -0.23277118380065076 0.11673190374717568 0.11704069124534727 -0.17882826243423755 -0.011874082475256773 -0.013556006039377112 0.19211111532317268 -0.029465046265260697 -0.25321103582301968 -0.30017531276458786 0.13602172249445207 -0.1595856126616983 0.21223165619940987 -0.011702810407994868 0.0018069925431448679 0.24903317182152362 0.036577598160872138 -0.0089296736650996741 -0.17731924842704427 -0.21242260120809081 0.37025583613486518 0.063413205937342315 0.047954703086898448 -0.14447706123424131 0.08221081903736506 -0.061624836611251038 -0.11356280710725558 0.34908477250606784 0.066088396870212535
leaf_weight=4424 1306 32 33 32 54 81 471 27 536 26 21 54 34 63 91 26 27 131 36 22 25 21 113 21 43 28 48 105 31 38
leaf_count=4424 1306 32 33 32 54 81 471 27 536 26 21 54 34 63 91 26 27 131 36 22 25 21 113 21 43 28 48 105 31 38
internal_value=1.01863e-11 -0.00162722 -0.0239753 -0.0140178 -0.0207807 -0.0786558 -0.00524767 0.000995168 -0.00168856 -0.0398163 0.0271772 0.0187749 0.00547381 0.0206579 0.0361725 -0.133121 0.0740633 0.0553165 0.131809 0.00582119 -0.0549614 0.00270958 0.0412368 0.209105 -0.000783484 0.021814 0.095005 -0.00877751 0.222433 -0.0658233
internal_weight=8000 6694 703 671 638 135 503 5991 5434 562 557 530 476 429 395 47 279 252 99 153 116 4872 405 42 4467 363 107 256 59 143
internal_count=8000 6694 703 671 638 135 503 5991 5434 562 557 530 476 429 395 47 279 252 99 153 116 4872 405 42 4467 363 107 256 59 143
is_linear=0
shrinkage=0.05


Tree=290
num_leaves=31
num_cat=0
split_feature=4 3 4 0 4 4 3 3 3 0 5 2 2 5 4 5 5 3 5 2 2 5 0 4 2 0 0 5 4 2
split_gain=42.891 197.355 215.082 476.558 282.532 518.762 527.116 325.075 287.367 537.641 316.882 259.105 255.638 310.32 270.346 421.866 405.31 250.317 613.584 304.193 316.869 456.516 422.976 220.108 218.385 187.484 289.755 211.736 177.268 504.339
threshold=11.343684718634387 1027.6875878407038 9.1043884646038578 2101.3583333333349 8.1844817662072469 7.990012860748779 1452.5606520530657 1543.5070496926453 1410.7736692888382 5178.3750000000155 14.500000000000002 174.8088893472669 225.89326800407136 10.500000000000002 8.7260499017433002 9.5000000000000018 9.5000000000000018 1316.3869891091804 11.500000000000002 240.82744380603552 202.74699647018463 8.5000000000000018 4477.5166666666782 8.4507103814180002 190.49031748207682 9372.0250000000069 9248.0250000000033 8.5000000000000018 12.415476582030111 220.9654830135853
decision_type=2 2 2 2 2 2 2 2 2 2 2 2 2 2 2 2 2 2 2 2 2 2 2 2 2 2 2 2 2 2
left_child=1 -1 4 -4 5 17 -7 -8 9 -6 12 -11 14 -14 16 -16 -10 18 19 20 22 -22 -3 -18 -24 26 -19 -27 29 -2
right_child=28 2 3 -5 8 6 7 -9 10 11 -12 -13 13 -15 15 -17 23 25 -20 -21 21 -23 24 -25 -26 27 -28 -29 -30 -31
leaf_value=0.11359484740665982 0.0016612913625107873 0.12824709128056253 -0.24398761764168742 -0.018717396697971161 0.2779228056780994 -0.26071059181569861 0.13418329420189065 -0.11335275438096788 0.063346713235148719 0.1885740799829364 0.1529614316428908 0.0017864639257512442 -0.012098791018912668 -0.25159561712117423 -0.040959697080826439 0.17991700127290994 0.011844368844196715 0.0088800710113348565 -0.25234394135975069 -0.18024739380180838 0.17447161161899569 -0.077691279085619125 -0.051454161551709357 -0.16007711552083492 -0.22677384692689648 0.017647267827256161 -0.17433344691049901 0.18991192273795607 -0.00044603860942857808 0.11204262922966866
leaf_weight=35 405 28 24 1078 32 39 21 36 74 24 36 82 38 21 37 52 29 1131 31 25 50 28 78 52 23 44 22 30 4256 139
leaf_count=35 405 28 24 1078 32 39 21 36 74 24 36 82 38 21 37 52 29 1131 31 25 50 28 78 52 23 44 22 30 4256 139
internal_value=-6.89484e-11 -0.00448388 -0.00578965 -0.0236235 0.00373671 -0.00641086 -0.119068 -0.0221553 0.0374768 0.0983029 0.0127158 0.044078 -0.00394704 -0.0973434 0.0186365 0.0880919 -0.0212443 0.000847607 -0.043418 -0.0155011 0.00439575 0.0839516 -0.0437078 -0.098525 -0.0913784 0.0103357 0.00538424 0.0874843 0.00298925 0.0298653
internal_weight=8000 3200 3165 1102 2063 1586 96 57 477 138 339 106 303 59 244 89 155 1490 263 232 207 78 129 81 101 1227 1153 74 4800 544
internal_count=8000 3200 3165 1102 2063 1586 96 57 477 138 339 106 303 59 244 89 155 1490 263 232 207 78 129 81 101 1227 1153 74 4800 544
is_linear=0
shrinkage=0.05


Tree=291
num_leaves=31
num_cat=0
split_feature=5 3 0 0 0 0 3 1 3 3 2 2 0 4 4 0 3 3 0 3 0 2 3 4 2 0 0 2 4 4
split_gain=44.1712 120.502 282.896 368.383 717.909 290.183 210.934 148.02 142.933 248.619 206.139 136.078 103.382 79.6483 883.159 530.757 415.546 643.521 604.868 391.723 451.266 336.996 194.967 126.634 349.622 658.075 624.669 334.471 140.821 280.105
threshold=6.5000000000000009 1266.6198827713893 2879.7666666666669 6295.8333333333376 4392.9000000000133 6664.0666666666684 1225.6681430463107 2460.5000000000005 1468.7701172680352 1686.2177615856415 218.41368722712366 206.98971875431377 8155.8666666666631 5.1908896013672203 5.4386003020642208 6949.6249999999982 1677.1681143399649 1486.8994487929683 6763.2916666666652 1367.147040004402 7553.5249999999987 205.79684137023108 1786.7377036846262 6.0266265691154404 207.31384474477409 7519.7666666666673 4956.1000000000176 193.4469621449214 6.7969669431918716 6.9260244726632143
decision_type=2 2 2 2 2 2 2 2 2 2 2 2 2 2 2 2 2 2 2 2 2 2 2 2 2 2 2 2 2 2
left_child=1 6 -3 4 7 -5 -1 -4 10 -10 12 -11 -7 16 15 -15 17 19 -19 21 -21 -2 -18 24 26 -26 -16 -28 -25 -30
right_child=13 2 3 5 -6 8 -8 -9 9 11 -12 -13 -14 14 23 -17 22 18 -20 20 -22 -23 -24 28 25 -27 27 -29 29 -31
leaf_value=-0.0023927526848931471 -0.084574153235084146 0.14127144955098631 -0.095758082985877999 0.19401769315823914 -0.32809755939703722 -0.064156621430189381 -0.20482937754555183 0.071628108514206743 -0.083178139006233096 0.14518434097585473 0.17464095425346626 -0.026810121673928655 0.072501493439078343 0.37538206848502159 -0.28277461824472994 0.038649314760484478 -0.28402850151062015 0.30881425189199274 0.00095089872678120937 -0.36296983301639557 -0.031110944350560506 0.15791450998057491 -0.065897169283458165 0.036921456947308799 0.23276448357436391 -0.11025654992152906 0.060635338432115063 -0.18428645893931389 -0.11046589067892026 0.0008323597573265363
leaf_weight=31 38 30 25 20 26 31 22 28 92 23 23 23 25 25 32 22 20 27 39 20 21 23 21 267 27 29 46 20 57 6867
leaf_count=31 38 30 25 20 26 31 22 28 92 23 23 23 25 25 32 22 20 27 39 20 21 23 21 267 27 29 46 20 57 6867
internal_value=-1.09173e-10 -0.016216 -0.00546174 -0.0193921 -0.112897 0.0117764 -0.086423 -0.00732764 -0.00502008 -0.0357231 0.048613 0.0591871 -0.00314853 0.000851228 0.00171186 0.217762 -0.0295878 0.00524142 0.126895 -0.0734756 -0.192993 0.006856 -0.172303 0.000329367 -0.0445331 0.0551286 -0.101483 -0.0135834 0.00129012 -8.38737e-05
internal_weight=8000 399 346 316 79 237 53 53 217 138 79 46 56 7601 7392 47 209 168 66 102 41 61 41 7345 154 56 98 66 7191 6924
internal_count=8000 399 346 316 79 237 53 53 217 138 79 46 56 7601 7392 47 209 168 66 102 41 61 41 7345 154 56 98 66 7191 6924
is_linear=0
shrinkage=0.05


Tree=292
num_leaves=31
num_cat=0
split_feature=2 2 3 5 2 4 3 3 0 0 0 4 3 0 4 5 4 3 5 3 4 4 2 0 4 4 2 3 0 4
split_gain=42.8865 657.011 421.897 205.594 200.961 319.708 263.326 542.528 422.857 1199.77 713.453 626.717 564.641 390.518 316.795 299.307 280.73 268.7 307.562 308.722 386.607 469.411 266.598 782.159 440.038 536.005 333.167 330.929 319.399 304.165
threshold=189.80831741791198 190.17077202861665 2034.7417920164355 38.500000000000007 184.27925205780897 5.6306224920813053 1375.9624490699432 1353.6624697495929 2788.7583333333355 3126.2833333333342 2592.4916666666672 14.338436301472209 1573.2264491142125 8121.1499999999987 4.4653534001533322 7.5000000000000009 14.131915784259471 1341.0644023679779 8.5000000000000018 1325.6854393943449 25.627351140424881 31.821719502183655 177.22133230526421 5380.7583333333478 15.39513146721759 10.613479094125468 176.37220345226788 1686.2177615856415 8625.8833333333241 22.920911996626796
decision_type=2 2 2 2 2 2 2 2 2 2 2 2 2 2 2 2 2 2 2 2 2 2 2 2 2 2 2 2 2 2
left_child=2 -2 4 -3 6 -6 7 15 10 11 12 -10 -8 16 -11 -1 -9 18 -17 20 -20 -22 26 24 25 -24 27 28 -16 -30
right_child=1 3 -4 -5 5 -7 8 13 9 14 -12 -13 -14 -15 22 17 -18 -19 19 -21 21 -23 23 -25 -26 -27 -28 -29 29 -31
leaf_value=-0.084563911758678056 -0.22863441915251315 -0.0020557993527537473 -0.17868445990306717 0.14463718241701526 0.18046154109495027 0.02417570210263785 -0.10310983126455885 0.34495574321459843 -0.36888617227474851 0.1715904446784407 0.28967464347680411 -0.025183898210525513 0.12265989577783079 -0.012818409858838373 -0.0031880630913013424 0.18489915988175198 0.10434266504916279 -0.10647244937717915 -0.010163573840142277 0.14979597330093383 0.25673671159893274 -0.039397761549638671 -0.22724792441496483 -0.0092120805939071276 -0.30112753305584194 0.11238277887459845 0.15275352003318923 0.045820304461407897 -0.1100790452794172 0.060342503761057743
leaf_weight=71 32 5000 31 24 35 503 53 27 36 24 30 21 58 23 652 32 22 36 334 44 32 23 26 304 40 21 35 255 144 32
leaf_count=71 32 5000 31 24 35 503 53 27 36 24 30 21 58 23 652 32 22 36 334 44 32 23 26 304 40 21 35 255 144 32
internal_value=-5.67576e-11 -0.00279351 0.00479756 -0.00135504 0.00675016 0.034343 0.00049966 0.0277951 -0.00965533 -0.0170145 0.0733312 -0.242259 0.0148599 0.157146 -0.00863946 0.0115132 0.236925 0.0251289 0.0353174 0.0242629 0.0100637 0.132899 -0.0115059 -0.0470434 -0.179236 -0.075498 0.00092264 -0.00398418 -0.0193225 -0.0790933
internal_weight=8000 5056 2944 5024 2913 538 2375 644 1731 1590 141 57 111 72 1533 572 49 501 465 433 389 55 1509 391 87 47 1118 1083 828 176
internal_count=8000 5056 2944 5024 2913 538 2375 644 1731 1590 141 57 111 72 1533 572 49 501 465 433 389 55 1509 391 87 47 1118 1083 828 176
is_linear=0
shrinkage=0.05


Tree=293
num_leaves=31
num_cat=0
split_feature=1 0 0 0 0 0 0 0 0 2 1 0 2 0 2 2 0 0 4 2 3 4 4 0 0 3 5 3 5 2
split_gain=41.2311 606.041 399.698 187.544 1313.07 1657.13 325.351 2053.36 902.305 709.627 323.996 437.475 388.666 536.57 633.083 678.616 305.854 618.554 304.357 277.892 261.913 246.831 239.642 223.24 366.818 222.347 214.899 209.88 208.131 202.147
threshold=5887.5000000000009 8052.9916666666641 6352.766666666671 6809.7249999999967 6608.4416666666684 6664.0666666666684 6467.1916666666702 6439.3500000000031 6295.8333333333376 212.04855710062222 4564.0000000000009 5421.6583333333447 171.38895448721226 6098.7166666666681 194.37180244733483 235.63422600279452 7617.7833333333328 7810.0666666666666 8.3789351361909468 195.72170639825779 1496.2296914516266 14.338436301472209 7.6902734855555286 7906.6166666666659 7939.3499999999967 1533.4217651622425 12.500000000000002 1517.7722552516041 18.500000000000004 209.76478870738103
decision_type=2 2 2 2 2 2 2 2 2 2 2 2 2 2 2 2 2 2 2 2 2 2 2 2 2 2 2 2 2 2
left_child=1 3 -2 4 6 -6 7 8 10 21 11 -1 -12 -14 -15 25 18 28 22 -7 -10 -8 27 -19 -25 -16 -21 -5 -18 -20
right_child=2 -3 -4 16 5 19 9 -9 20 -11 12 -13 13 14 15 -17 17 23 29 26 -22 -23 -24 24 -26 -27 -28 -29 -30 -31
leaf_value=-0.00087914858304429801 0.18849275759581863 -0.23137674467830827 0.0022020975398250407 -0.0050597050382445259 0.44657110522190735 0.14603152417166287 -0.06001802253372529 0.50447677403688429 -0.063008474659275365 -0.25792685527449999 0.26539984172718095 -0.18408385334592878 0.23423003735286849 -0.17925082501527426 0.28056882367684294 -0.14882768663861182 0.12812305667947205 -0.13485141262913555 -0.053530053475956699 -0.12092029665197646 -0.23924602671545381 0.16134872238151732 -0.24720336518905783 0.15835214775800707 -0.065192617000877001 0.067149658695511191 0.074974838271737107 -0.15451789540441141 -0.037803544168886934 0.020402903841342777
leaf_weight=2592 29 29 4037 48 36 43 34 20 37 39 22 33 28 37 26 23 106 52 241 28 49 20 27 25 69 23 28 46 23 150
leaf_count=2592 29 29 4037 48 36 43 34 20 37 39 22 33 28 37 26 23 106 52 241 28 49 20 27 25 69 23 28 46 23 150
internal_value=2.56061e-10 -0.00364925 0.00353078 -0.00195806 0.00354697 0.15607 -0.00335568 -0.000393495 -0.00391176 -0.0954063 0.00101567 -0.00318229 0.0703217 0.0389953 -0.0111568 0.0752249 -0.0237683 0.0187629 -0.0466123 0.0504332 -0.163423 0.0219697 -0.115911 -0.0517244 -0.00573922 0.180392 -0.0229727 -0.0781988 0.0985392 -0.025167
internal_weight=8000 3934 4066 3905 3118 135 2983 2890 2870 93 2784 2625 159 137 109 72 787 275 512 99 86 54 121 146 94 49 56 94 129 391
internal_count=8000 3934 4066 3905 3118 135 2983 2890 2870 93 2784 2625 159 137 109 72 787 275 512 99 86 54 121 146 94 49 56 94 129 391
is_linear=0
shrinkage=0.05


Tree=294
num_leaves=31
num_cat=0
split_feature=3 3 3 4 4 4 0 4 0 4 4 2 1 0 4 4 2 5 1 2 5 0 2 2 0 0 5 4 4 5
split_gain=40.7906 272.146 214.075 174.257 223.5 162.349 142.685 141.858 154.109 134.121 126.953 104.906 97.2408 260.901 192.495 220.354 527.854 249.596 203.791 476.157 405.761 185.886 259.276 220.829 203.99 229.578 278.623 189.687 128.21 76.7531
threshold=1230.6070692165774 1252.5902612635984 1209.0345600312203 21.129297743065752 6.9260244726632143 16.397356333215097 3799.9166666666656 12.730336439051918 7348.8416666666635 15.914471560204378 12.730336439051918 201.64416591521186 7306.0000000000009 9128.6583333333365 30.394624914726688 19.759415726486719 210.76429361342585 17.500000000000004 2460.5000000000005 211.69889222030619 11.500000000000002 4859.3833333333523 208.44301233806988 189.56714298373862 6635.0583333333361 7231.2083333333312 8.5000000000000018 11.03254341487507 9.4391924343397857 5.5000000000000009
decision_type=2 2 2 2 2 2 2 2 2 2 2 2 2 2 2 2 2 2 2 2 2 2 2 2 2 2 2 2 2 2
left_child=2 3 12 4 -2 7 -6 8 -4 10 11 -8 13 14 15 17 -17 18 19 20 -1 22 -20 27 -25 -26 -27 28 -23 -3
right_child=1 29 5 -5 6 -7 9 -9 -10 -11 -12 -13 -14 -15 -16 16 -18 -19 21 -21 -22 23 -24 24 25 26 -28 -29 -30 -31
leaf_value=-0.022353773233904084 -0.18641883412545379 0.041972288308203765 0.15133169538551761 -0.1765021198910886 0.10896956294775009 0.15664259184544024 0.023975571761062991 -0.076968996362252684 0.00019956297568372779 -0.14280218851307167 0.10257536262273788 -0.12718303921547802 -0.050541677897752713 0.18396869868040086 0.10904130528907519 0.022583704314580778 -0.25904737490096263 0.13474229245501407 0.0034870874668870657 0.097275216504931455 -0.31963468382115634 0.05880453722607909 0.23919716179370881 -0.16522992756860011 0.12396436268058808 0.088996843669725503 -0.11939634618894109 0.15397076666835818 -0.10162953689694405 -0.00030889774936702745
leaf_weight=22 22 109 31 29 20 38 24 22 37 23 20 22 86 20 37 41 28 34 28 24 24 33 20 29 23 23 53 31 20 7027
leaf_count=22 22 109 31 29 20 38 24 22 37 23 20 22 86 20 37 41 28 34 28 24 24 33 20 29 23 23 53 31 20 7027
internal_value=1.40973e-11 -0.00110904 0.0114937 -0.0655996 -0.0410487 0.0699826 -0.0117079 0.0333928 0.069098 -0.0388265 -0.00259251 -0.0483177 -0.00150379 0.00710286 -0.000423342 -0.00977713 -0.0917014 0.00575246 -0.0075374 -0.083263 -0.177457 0.0128503 0.1017 -0.00726657 -0.048606 -0.0144434 -0.05633 0.0557268 -0.00173662 0.000336933
internal_weight=8000 7296 704 160 131 128 109 90 68 89 66 46 576 490 470 433 69 364 330 70 46 260 48 212 128 99 76 84 53 7136
internal_count=8000 7296 704 160 131 128 109 90 68 89 66 46 576 490 470 433 69 364 330 70 46 260 48 212 128 99 76 84 53 7136
is_linear=0
shrinkage=0.05


Tree=295
num_leaves=31
num_cat=0
split_feature=5 4 4 0 0 0 4 3 2 2 3 0 0 4 0 3 3 3 4 4 0 3 3 0 0 3 3 4 2 0
split_gain=43.1477 110.344 148.699 168.652 395.006 248.99 215.029 323.795 280.745 147.015 231.567 209.736 134.288 131.898 95.1368 74.1245 111.031 77.589 67.9798 805.139 474.202 354.142 591.007 565.591 362.444 438.775 185.701 118.225 226.313 795.726
threshold=6.5000000000000009 9.2766853120124146 8.5641975589959021 6295.8333333333376 4430.341666666679 6664.0666666666684 6.6051410820484309 1551.8744987531429 208.82976497243143 238.63452673772068 1686.2177615856415 9275.4083333333347 7177.566666666663 4.2947158827438745 7666.9416666666666 2269.7030541227764 2227.6919926964697 2166.7528950174224 5.1908896013672203 5.4386003020642208 6949.6249999999982 1677.1681143399649 1486.8994487929683 5231.2083333333494 7535.6583333333328 1344.0174896862243 1786.7377036846262 6.1005868367393168 207.31384474477409 7990.6166666666641
decision_type=2 2 2 2 2 2 2 2 2 2 2 2 2 2 2 2 2 2 2 2 2 2 2 2 2 2 2 2 2 2
left_child=1 2 3 4 6 -5 7 8 -1 10 11 12 -7 -14 -15 16 17 18 21 20 -20 22 24 -24 25 -2 -23 28 -21 -30
right_child=15 -3 -4 5 -6 9 -8 -9 -10 -11 -12 -13 13 14 -16 -17 -18 -19 19 27 -22 26 23 -25 -26 -27 -28 -29 29 -31
leaf_value=0.0918236329779029 -0.031215774019559224 -0.12758342091526306 0.11947185950619835 0.17162099184379692 -0.22624625553344857 -0.13716161581485167 -0.11740894958828435 0.20575721293687821 -0.17310342904645951 0.12027516588568687 0.086800644670326554 -0.20061382412910464 -0.092227644124819388 0.11778794974088669 -0.0040407039288241986 0.08062640695736327 -0.093896593802398259 0.081173715194066368 0.35667039030790332 -0.081904630375945059 0.038383232158693402 -0.26902120769023896 0.34281641529873014 0.024323804708926575 0.01256062997537747 -0.34417088840688981 -0.053556128740310675 0.0010821462551365716 0.18012764205862034 -0.18308434808254243
leaf_weight=20 24 21 21 21 29 23 33 20 20 20 39 20 31 22 59 29 31 30 25 115 22 20 20 46 57 21 20 7078 38 25
leaf_count=20 24 21 21 21 29 23 33 20 20 20 39 20 31 22 59 29 31 30 25 115 22 20 20 46 57 21 20 7078 38 25
internal_value=2.73773e-11 -0.016027 -0.00982944 -0.0174354 -0.0651319 0.00732618 -0.0148919 0.0414925 -0.0406399 -0.00879621 -0.0221025 -0.049504 -0.0271173 -0.00451896 0.0290486 0.000841308 0.000535739 0.000923937 0.000603408 0.00140618 0.207685 -0.0275824 0.00425245 0.120837 -0.0711844 -0.177261 -0.161289 7.00304e-05 -0.0401758 0.0359959
internal_weight=8000 399 378 357 122 235 93 60 40 214 194 155 135 112 81 7601 7572 7541 7511 7303 47 208 168 66 102 45 40 7256 178 63
internal_count=8000 399 378 357 122 235 93 60 40 214 194 155 135 112 81 7601 7572 7541 7511 7303 47 208 168 66 102 45 40 7256 178 63
is_linear=0
shrinkage=0.05


Tree=296
num_leaves=31
num_cat=0
split_feature=1 0 5 2 4 5 4 3 3 3 3 3 3 4 4 0 0 0 4 4 4 2 2 2 4 2 2 4 3 3
split_gain=43.1485 148.548 156.054 213.945 141.33 420.625 401.328 396.367 280.915 187.776 166.93 325.954 308.735 265.054 253.525 238.649 555.096 238.183 293.868 210.921 241.913 210.703 190.767 181.084 164.915 159.187 377.396 144.899 248.98 134.997
threshold=7306.0000000000009 9397.0416666666752 10.500000000000002 182.12067219025525 25.911065653477355 21.500000000000004 22.920911996626796 1394.2919399467708 1573.2264491142125 1527.197293817427 1537.2562799176847 1476.5682512485337 1557.8672711554175 15.571595949758875 10.965090669798416 9815.8500000000004 9347.8166666666712 9670.1833333333452 16.317186821396408 5.6306224920813053 14.437638586509633 210.76429361342585 213.09885983839081 175.2797605201275 13.785299579557742 179.64221541098809 220.18218351553273 10.900123537453309 1674.4739775101095 1372.8890570262058
decision_type=2 2 2 2 2 2 2 2 2 2 2 2 2 2 2 2 2 2 2 2 2 2 2 2 2 2 2 2 2 2
left_child=1 -1 -3 -4 6 -6 10 -7 -8 -9 11 29 24 15 21 16 19 18 -15 -14 23 -13 -20 -21 -12 -16 -27 28 -18 -2
right_child=4 2 3 -5 5 7 8 9 -10 -11 12 14 13 17 25 -17 27 -19 22 20 -22 -23 -24 -25 -26 26 -28 -29 -30 -31
leaf_value=-0.00080797693259308009 0.027629841606475133 0.047008826530405452 0.0063970615196487189 -0.18991053176777706 -0.20867981211892489 -0.13748996227103122 0.046270465790419969 0.15306844926306182 0.25838228199217056 -0.0029114140024365381 -0.23818560493263333 -0.074027454257011419 0.14395399566828496 -0.20051749377023606 0.27004924741658298 -0.10648876763880254 -0.030249405049142388 -0.21667764215242294 -0.05286449049241268 -0.16007334153567043 0.13589407505378837 0.12251506948471069 0.098124419706208374 -0.019892807915233651 -0.044586269422010945 -0.022360778313416704 0.25568476267482926 0.23596422114679891 0.20549596572915713 -0.025495379234622851
leaf_weight=6615 291 21 23 35 29 34 37 35 27 43 22 30 21 21 22 32 21 21 52 28 21 25 35 130 22 26 23 31 24 203
leaf_count=6615 291 21 23 35 29 34 37 35 27 43 22 30 21 21 22 32 21 21 52 28 21 25 35 130 22 26 23 31 24 203
internal_value=-1.27115e-10 -0.00162195 -0.0697791 -0.112064 0.00831341 -0.0389657 0.0140356 0.00497809 0.135755 0.0670796 0.00696018 0.0241084 -0.0151436 -0.0024327 0.0958929 0.0227682 0.0377545 -0.0626023 -0.0326432 -0.00595655 -0.0235438 0.0153101 0.00787817 -0.0447349 -0.141386 0.158316 0.10815 0.152784 0.0954815 0.00579903
internal_weight=8000 6694 79 58 1306 141 1165 112 64 78 1101 620 481 437 126 308 276 129 108 200 179 55 87 158 44 71 49 76 45 494
internal_count=8000 6694 79 58 1306 141 1165 112 64 78 1101 620 481 437 126 308 276 129 108 200 179 55 87 158 44 71 49 76 45 494
is_linear=0
shrinkage=0.05


Tree=297
num_leaves=31
num_cat=0
split_feature=2 2 2 3 0 2 5 0 2 5 0 3 0 4 2 3 2 3 0 1 0 0 0 2 3 3 4 2 2 0
split_gain=42.2529 182.882 159.036 144.134 137.452 550.446 589.477 391.428 525.132 517.031 427.158 230.259 474.835 503.556 497.424 598.14 1137.54 400.785 333.005 339.406 326.113 363.626 309.74 706.367 810.201 750.813 586.965 510.516 495.913 424.557
threshold=213.45565057517638 215.28083890700879 213.09885983839081 1299.4625544071703 2144.4500000000012 227.97776161087373 14.500000000000002 2491.8500000000008 225.18697936201377 11.500000000000002 2641.8916666666687 1392.3594007416546 6608.4416666666684 26.865589102592001 217.76168394787899 1271.8324286816494 240.82744380603552 1408.6028552327359 7132.0916666666644 5887.5000000000009 5178.3750000000155 3883.9333333333329 4576.0750000000126 249.83409790358195 1743.3986382069504 1531.9081409805156 8.0559380836799175 231.96327729766594 227.53597923786143 6608.4416666666684
decision_type=2 2 2 2 2 2 2 2 2 2 2 2 2 2 2 2 2 2 2 2 2 2 2 2 2 2 2 2 2 2
left_child=2 3 -1 -2 5 -3 -7 8 -6 -10 -9 12 13 14 -12 -16 20 -13 19 -14 21 -17 23 24 25 26 -19 -27 -28 -24
right_child=1 4 -4 -5 7 6 -8 10 9 -11 11 17 18 -15 15 16 -18 22 -20 -21 -22 -23 29 -25 -26 27 28 -29 -30 -31
leaf_value=0.0019088546897391993 -0.16524648769543723 0.26845717015473741 0.11548888156671198 -0.036202552983927175 -0.33699633181095123 0.13055510967969894 -0.20713679740826288 0.19724657855651997 -0.23076916486024857 0.097430313626925155 0.1081870330416638 0.13092794482788397 0.24072539987308639 0.10775722682476044 -0.042351062621535929 -0.28113440516449156 0.008182298008884703 0.38062325783073903 -0.012718242003338008 -0.010151761970840969 -0.19403575117821281 -0.57537522429511667 -0.068634124129118096 -0.11363049288067902 0.24931008433923127 0.038287244458778708 -0.09056828418480499 -0.17468780249279614 0.17632066136145075 0.0051628207846977116
leaf_weight=5303 26 23 31 129 20 28 24 27 20 30 23 63 28 30 87 21 35 20 382 26 23 21 240 57 56 68 28 48 46 1037
leaf_count=5303 26 23 31 129 20 28 24 27 20 30 23 63 28 30 87 21 35 20 382 26 23 21 240 57 56 68 28 48 46 1037
internal_value=-1.36391e-10 -0.00513984 0.00256896 -0.0578486 -0.00188621 0.0647837 -0.0253027 -0.00393885 -0.120463 -0.0338495 -0.000491399 -0.00277397 -0.0273797 -0.0838611 -0.111235 -0.138223 -0.221631 0.00722812 0.003711 0.119933 -0.345377 -0.428255 0.00235744 0.0460998 0.0803278 0.0352658 0.14029 -0.0498404 0.0753357 -0.00870661
internal_weight=8000 2666 5334 155 2511 75 52 2436 70 50 2366 2339 676 240 210 187 100 1663 436 54 65 42 1600 323 266 210 94 116 74 1277
internal_count=8000 2666 5334 155 2511 75 52 2436 70 50 2366 2339 676 240 210 187 100 1663 436 54 65 42 1600 323 266 210 94 116 74 1277
is_linear=0
shrinkage=0.05


Tree=298
num_leaves=31
num_cat=0
split_feature=1 0 0 4 4 4 4 4 3 4 5 5 0 2 3 3 2 4 2 5 3 3 3 2 4 0 2 5 4 3
split_gain=44.6447 212.631 196.415 194.074 378.246 319.44 562.289 317.823 184.946 158.357 150.747 237.456 176.524 166.117 149.119 1136.9 461.374 454.155 419.239 405.964 623.806 649.62 477.916 478.781 708.871 1044.4 435.971 657.17 861.264 387.378
threshold=2460.5000000000005 3655.2833333333319 3462.3250000000003 5.0866478485084352 5.6306224920813053 6.1005868367393168 6.6754762048070502 4.4653534001533322 971.62814577206768 17.07393245865531 38.500000000000007 34.500000000000007 6664.0666666666684 203.01254022098368 1474.6829304088781 1446.1408055899797 149.65946766801312 13.218482506908311 244.14631168610984 8.5000000000000018 1577.1502051737434 1717.4908445792551 1560.0540965913624 186.0274854893002 11.444991747935987 2444.6583333333338 198.27074814468719 27.500000000000004 22.920911996626796 1714.0571042487866
decision_type=2 2 2 2 2 2 2 2 2 2 2 2 2 2 2 2 2 2 2 2 2 2 2 2 2 2 2 2 2 2
left_child=1 3 -2 7 -5 -6 -7 -1 -4 -3 11 -10 -13 -14 15 18 -16 -17 -8 20 -18 -22 23 -21 -25 -26 29 28 -28 -24
right_child=2 9 8 4 5 6 14 -9 10 -11 -12 12 13 -15 16 17 19 -19 -20 22 21 -23 26 24 25 -27 27 -29 -30 -31
leaf_value=0.022542227370043598 0.15431955020342555 -0.12280891013762624 -0.1345749180316925 0.20677525814283981 -0.17929606468975545 0.20472994424176938 -0.028325062610573423 -0.24055995467034252 0.0011296299246727635 0.008416438074782491 -0.12340929716204603 0.21837868213653566 0.12155280416210493 -0.057050925817178647 -0.22706109377054068 0.41165820615632198 0.05294723304048661 0.11753959706851413 0.15276529959269936 -0.23291312515735629 -0.43278000087223267 -0.052738649053904033 0.1600820587676329 -0.24000368566651431 0.30722059077686736 -0.068222559909573044 -0.028829895389576754 -0.27955736439852491 0.28815710449218751 0.005411807224154473
leaf_weight=24 21 67 25 22 25 33 368 22 6557 35 24 20 30 23 26 21 31 35 35 35 22 23 96 28 27 59 150 21 25 70
leaf_count=24 21 67 25 22 25 33 368 22 6557 35 24 20 30 23 26 21 31 35 35 35 22 23 96 28 27 59 150 21 25 70
internal_value=2.54678e-10 -0.0084796 0.0016453 -0.00257918 0.00144223 -0.00255541 0.00144325 -0.103289 0.00116526 -0.0777806 0.00167525 0.00212805 0.091808 0.0440455 -0.00481464 0.0167361 -0.0209513 0.227834 -0.0125976 -0.0118221 -0.119642 -0.238537 0.00421371 -0.071156 -0.0214937 0.0496491 0.035236 -0.0152615 0.016454 0.0948597
internal_weight=8000 1300 6700 1198 1152 1130 1105 46 6679 102 6654 6630 73 53 1072 459 613 56 403 587 76 45 511 149 114 86 362 196 175 166
internal_count=8000 1300 6700 1198 1152 1130 1105 46 6679 102 6654 6630 73 53 1072 459 613 56 403 587 76 45 511 149 114 86 362 196 175 166
is_linear=0
shrinkage=0.05


Tree=299
num_leaves=31
num_cat=0
split_feature=0 0 0 0 0 1 3 2 0 2 0 0 0 0 0 4 2 1 5 4 4 3 0 4 4 4 4 4 3 3
split_gain=42.1661 2597.35 609.3 584.625 363.376 327.868 358.535 328.537 407.184 332.286 342.723 299.676 266.974 264.617 653.126 492.209 566.98 355.987 355.469 673.907 702.149 285.093 283.798 733.014 825.151 764.975 528.84 312.667 272.575 801.114
threshold=6635.0583333333361 6608.4416666666684 6580.9916666666695 6558.4083333333356 6535.341666666669 5887.5000000000009 1668.6853246661233 262.31870506339254 4249.9000000000078 253.93332677461771 3930.1583333333338 2929.0083333333328 6381.7833333333365 6295.8333333333376 6381.7833333333365 14.264320957346605 191.72643752835884 4564.0000000000009 19.500000000000004 17.173761582871496 12.203944739785852 1484.9858087871814 5068.7000000000162 12.955217946143419 10.780144561284137 15.571595949758875 17.903147071214338 25.121731212814559 1408.6028552327359 1523.601431003586
decision_type=2 2 2 2 2 2 2 2 2 2 2 2 2 2 2 2 2 2 2 2 2 2 2 2 2 2 2 2 2 2
left_child=1 2 3 4 5 7 12 9 11 13 -11 -9 -7 17 -15 16 -16 22 19 20 -19 -17 -1 24 28 -25 -27 -28 -24 -30
right_child=-2 -3 -4 -5 -6 6 -8 8 -10 10 -12 -13 -14 14 15 21 -18 18 -20 -21 -22 -23 23 25 -26 26 27 -29 29 -31
leaf_value=0.002362673882438499 -0.002963882784303375 0.45265168463811278 -0.21715464042499663 0.21475472394376993 -0.16767736551119017 0.23756259600905813 -0.068771848664619037 0.14691804478114301 0.24382907395561537 0.0038774528851111736 -0.25814240597761595 -0.10168189845151372 0.066784330180713114 -0.21443234252929688 0.1281653718650341 0.27596692740917206 -0.20226144451345945 0.15519492670428009 -0.067192653227936147 0.38264227151870728 -0.14138176862535806 0.0089963584020733827 0.063352790893986821 0.28273116683959965 -0.33145799507436002 -0.25669638298451902 0.1310522058292439 -0.084877897699673965 -0.34110880096753443 0.031828626328044472
leaf_weight=2271 4800 32 32 32 32 34 32 22 30 24 26 27 70 50 20 20 37 64 33 20 29 20 32 25 38 20 38 30 24 36
leaf_count=2271 4800 32 32 32 32 34 32 22 30 24 26 27 70 50 20 20 37 64 33 20 29 20 32 25 38 20 38 30 24 36
internal_value=1.01558e-11 0.00444582 -8.15077e-05 0.00213352 -5.84469e-05 0.00168758 0.0775833 -0.00182802 0.0987552 -0.00460929 -0.132373 0.0099344 0.122616 -0.00233348 -0.0676375 0.00802989 -0.0863222 0.00127542 0.0771773 0.119338 0.062714 0.142482 -0.00313256 -0.0544893 -0.135453 0.0386549 -0.030685 0.0357889 -0.0544945 -0.117346
internal_weight=8000 3200 3168 3136 3104 3072 136 2936 79 2857 50 49 104 2807 147 97 57 2660 146 113 93 40 2514 243 130 113 88 68 92 60
internal_count=8000 3200 3168 3136 3104 3072 136 2936 79 2857 50 49 104 2807 147 97 57 2660 146 113 93 40 2514 243 130 113 88 68 92 60
is_linear=0
shrinkage=0.05


end of trees

feature_importances:
EngineHours=4638
LastServiceHours=1388
RPM=894
HydraulicPressure=876
FuelUsed=785
LoadCycles=419

parameters:
[boosting: gbdt]
[objective: regression]
[metric: l1]
[tree_learner: serial]
[device_type: cpu]
[data_sample_strategy: bagging]
[data: ]
[valid: ]
[num_iterations: 300]
[learning_rate: 0.05]
[num_leaves: 31]
[num_threads: 0]
[seed: 0]
[deterministic: 0]
[force_col_wise: 0]
[force_row_wise: 0]
[histogram_pool_size: -1]
[max_depth: -1]
[min_data_in_leaf: 20]
[min_sum_hessian_in_leaf: 0.001]
[bagging_fraction: 1]
[pos_bagging_fraction: 1]
[neg_bagging_fraction: 1]
[bagging_freq: 0]
[bagging_seed: 3]
[bagging_by_query: 0]
[feature_fraction: 1]
[feature_fraction_bynode: 1]
[feature_fraction_seed: 2]
[extra_trees: 0]
[extra_seed: 6]
[early_stopping_round: 0]
[early_stopping_min_delta: 0]
[first_metric_only: 0]
[max_delta_step: 0]
[lambda_l1: 0]
[lambda_l2: 0]
[linear_lambda: 0]
[min_gain_to_split: 0]
[drop_rate: 0.1]
[max_drop: 50]
[skip_drop: 0.5]
[xgboost_dart_mode: 0]
[uniform_drop: 0]
[drop_seed: 4]
[top_rate: 0.2]
[other_rate: 0.1]
[min_data_per_group: 100]
[max_cat_threshold: 32]
[cat_l2: 10]
[cat_smooth: 10]
[max_cat_to_onehot: 4]
[top_k: 20]
[monotone_constraints: ]
[monotone_constraints_method: basic]
[monotone_penalty: 0]
[feature_contri: ]
[forcedsplits_filename: ]
[refit_decay_rate: 0.9]
[cegb_tradeoff: 1]
[cegb_penalty_split: 0]
[cegb_penalty_feature_lazy: ]
[cegb_penalty_feature_coupled: ]
[path_smooth: 0]
[interaction_constraints: ]
[verbosity: -1]
[saved_feature_importance_type: 0]
[use_quantized_grad: 0]
[num_grad_quant_bins: 4]
[quant_train_renew_leaf: 0]
[stochastic_rounding: 1]
[linear_tree: 0]
[max_bin: 255]
[max_bin_by_feature: ]
[min_data_in_bin: 3]
[bin_construct_sample_cnt: 200000]
[data_random_seed: 1]
[is_enable_sparse: 1]
[enable_bundle: 1]
[use_missing: 1]
[zero_as_missing: 0]
[feature_pre_filter: 1]
[pre_partition: 0]
[two_round: 0]
[header: 0]
[label_column: ]
[weight_column: ]
[group_column: ]
[ignore_column: ]
[categorical_feature: ]
[forcedbins_filename: ]
[precise_float_parser: 0]
[parser_config_file: ]
[objective_seed: 5]
[num_class: 1]
[is_unbalance: 0]
[scale_pos_weight: 1]
[sigmoid: 1]
[boost_from_average: 1]
[reg_sqrt: 0]
[alpha: 0.9]
[fair_c: 1]
[poisson_max_delta_step: 0.7]
[tweedie_variance_power: 1.5]
[lambdarank_truncation_level: 30]
[lambdarank_norm: 1]
[label_gain: ]
[lambdarank_position_bias_regularization: 0]
[eval_at: ]
[multi_error_top_k: 1]
[auc_mu_weights: ]
[num_machines: 1]
[local_listen_port: 12400]
[time_out: 120]
[machine_list_filename: ]
[machines: ]
[gpu_platform_id: -1]
[gpu_device_id: -1]
[gpu_device_id_list: ]
[gpu_use_dp: 0]
[num_gpu: 1]

end of parameters

pandas_categorical:[]
