tree
version=v4
num_class=1
num_tree_per_iteration=1
label_index=0
max_feature_idx=8
objective=regression
feature_names=TaskType_encoded Weather_encoded SoilType_encoded EngineHours Temperature WindSpeed ShiftNumber Operator_encoded OperatorFatigueScore
feature_infos=[0:4] [0:3] [0:3] [1769:10007.33333333335] [-9.4804291423809115:60.20648773737301] [-19.04486485931853:53.387880066392242] [1:99] [0:19] [0.10001261271232589:0.89996556349501622]
tree_sizes=5259 5371 5372 5396 5374 5357 5381 5372 5363 5371 5385 5378 5380 5389 5364 5359 5370 5357 5347 5374 5379 5395 5379 5407 5387 5383 5409 5387 5388 5392 5402 5403 5414 5417 5427 5444 5410 5426 5426 5406 5439 5408 5417 5417 5418 5437 5412 5395 5424 5420 5410 5418 5393 5413 5433 5411 5431 5426 5394 5404 5411 5399 5443 5396 5431 5422 5369 5406 5446 5419 5428 5438 5417 5431 5419 5397 5408 5465 5450 5444 5452 5409 5446 5425 5450 5415 5418 5421 5464 5441 5464 5427 5442 5380 5472 5418 5436 5413 5454 5436 5435 5442 5402 5426 5400 5435 5449 5428 5442 5434 5385 5382 5400 5453 5406 5447 5404 5406 5423 5412 5466 5421 5449 5404 5464 5429 5392 5447 5398 5454 5452 5443 5428 5460 5443 5387 5385 5396 5442 5407 5405 5402 5430 5407 5415 5397 5470 5408 5426 5432 5397 5415 5438 5421 5425 5431 5452 5438 5394 5434 5468 5393 5456 5449 5453 5451

Tree=0
num_leaves=63
num_cat=0
split_feature=0 0 0 2 2 2 2 1 1 2 2 2 1 1 1 1 1 1 7 1 1 2 7 7 1 0 1 7 1 1 7 7 7 1 1 7 7 7 1 7 1 1 7 1 1 7 7 0 7 7 0 0 7 1 7 0 1 7 2 7 1 1
split_gain=5.49711e+06 793447 632472 440955 182785 172850 169098 87522.2 89998.7 76580.6 76171.1 47841.6 35699.6 41612.7 31519.4 36825 27283.1 39267.8 27186.6 24080.6 23399.7 23057.9 20788.9 19645.4 19338.5 15520.9 14521.6 12852.3 12681.7 14043.1 12127.2 12052.2 11781.1 11531.6 10916.4 10292.9 10210.1 9386.08 9327.7 8563.5 7813.59 8239.36 7756.32 7700.22 10112.6 6650.56 6450 6268.52 6066.96 6717.09 5832.74 5761.18 5627.32 5096.32 4534.27 4499.22 4298.57 4063.9 3899.14 3792.54 3676.44 3496.98
threshold=3.5000000000000004 2.5000000000000004 1.5000000000000002 1.0000000180025095e-35 1.0000000180025095e-35 1.0000000180025095e-35 2.5000000000000004 2.5000000000000004 1.0000000180025095e-35 2.5000000000000004 2.5000000000000004 1.0000000180025095e-35 2.5000000000000004 1.0000000180025095e-35 2.5000000000000004 1.0000000180025095e-35 2.5000000000000004 1.0000000180025095e-35 1.5000000000000002 2.5000000000000004 1.5000000000000002 2.5000000000000004 16.500000000000004 17.500000000000004 1.0000000180025095e-35 1.0000000180025095e-35 2.5000000000000004 14.500000000000002 2.5000000000000004 1.0000000180025095e-35 16.500000000000004 17.500000000000004 1.5000000000000002 1.0000000180025095e-35 2.5000000000000004 1.5000000000000002 2.5000000000000004 17.500000000000004 1.0000000180025095e-35 14.500000000000002 2.5000000000000004 1.0000000180025095e-35 15.500000000000002 2.5000000000000004 1.0000000180025095e-35 16.500000000000004 15.500000000000002 1.0000000180025095e-35 1.5000000000000002 2.5000000000000004 1.0000000180025095e-35 1.0000000180025095e-35 15.500000000000002 1.5000000000000002 14.500000000000002 1.0000000180025095e-35 1.5000000000000002 3.5000000000000004 1.5000000000000002 14.500000000000002 1.5000000000000002 1.5000000000000002
decision_type=2 2 2 2 2 2 2 2 2 2 2 2 2 2 2 2 2 2 2 2 2 2 2 2 2 2 2 2 2 2 2 2 2 2 2 2 2 2 2 2 2 2 2 2 2 2 2 2 2 2 2 2 2 2 2 2 2 2 2 2 2 2
left_child=1 2 4 19 40 35 7 8 30 14 12 -3 13 37 15 51 17 -8 -10 24 42 34 25 32 59 -17 33 60 29 -12 -5 58 -15 -11 38 -4 -34 -7 -13 -9 41 -1 57 44 -37 -26 -31 -35 -27 -50 -16 -6 -40 -51 -14 -43 -38 -20 -22 -2 -19 -29
right_child=3 11 5 6 9 10 16 39 18 26 28 21 54 23 50 22 -18 27 20 -21 31 -23 -24 -25 45 48 -28 61 -30 46 -32 -33 36 47 -36 43 56 -39 52 -41 -42 55 -44 -45 -46 -47 -48 -49 49 53 -52 -53 -54 -55 -56 -57 -58 -59 -60 -61 -62 -63
leaf_value=73.248049489767652 75.526999807183415 72.718267201636934 73.75273171368012 77.62095677204789 74.055392718115513 75.37593308053998 76.466330662528236 77.201250863485967 77.781830938640397 73.724066450520311 74.757104000545894 73.320136677795574 75.17997973604038 75.439867893979354 73.906236679718063 74.476495458475185 76.282163669147707 77.183553443561905 79.155050656038171 75.489834399682437 79.216439146795935 73.052521516354716 75.4131510167161 77.440560115535078 76.478906964646441 74.392240268574824 73.552081544376549 78.011735209725117 74.571331180700142 75.311586678120051 78.709462418874111 80.693553382873532 77.397506027055826 73.988852729989262 73.184195159891715 74.180295820752775 76.112887164645002 76.396000988006591 73.647967314419645 78.010043880019083 73.165952922545941 73.491359055786887 79.443212387084955 74.060462485949202 74.84352842791526 77.294807375809242 75.981271005265256 74.378452875177445 75.782539419284234 74.754832866988068 74.291161053890249 74.427746073378856 74.077531792097759 75.169134027916144 75.745100790723839 73.831774312908934 76.501369007357596 78.542038198124274 79.711489455351952 76.228906958685982 77.731563973191854 78.884462418874108
leaf_weight=184 67 389 52 174 215 170 91 137 38 202 106 178 145 37 186 364 87 55 34 121 86 407 122 41 180 45 210 22 99 153 30 22 23 205 187 84 146 26 311 43 208 203 40 75 182 29 47 208 26 162 209 201 101 137 47 186 139 132 74 27 69 24
leaf_count=184 67 389 52 174 215 170 91 137 38 202 106 178 145 37 186 364 87 55 34 121 86 407 122 41 180 45 210 22 99 153 30 22 23 205 187 84 146 26 311 43 208 203 40 75 182 29 47 208 26 162 209 201 101 137 47 186 139 132 74 27 69 24
internal_value=74.8258 74.175 74.4918 77.4657 74.0959 75.3161 77.9708 78.3668 78.6446 74.3051 75.6188 73.1993 75.9095 76.1046 74.5001 74.6212 77.049 77.3046 79.0582 76.0861 79.1832 73.3574 74.8088 76.4058 76.3242 74.7083 73.9111 77.7533 75.0632 75.2224 77.781 79.5963 76.2829 74.0336 73.5171 74.408 76.3841 75.5112 73.6226 77.3945 73.4284 73.5237 78.8182 74.5079 74.6341 76.5921 75.469 74.1851 74.9364 75.0117 74.1099 74.2353 73.7533 74.9447 75.3183 73.6541 76.3024 78.6676 79.4454 75.7286 77.4885 78.4671
internal_weight=8000 6418 4845 1582 3273 1572 1158 810 630 2492 1179 1573 774 582 1667 1272 348 261 426 424 388 1184 856 386 303 734 825 170 405 306 204 182 345 615 777 393 308 196 590 180 781 573 206 341 266 209 200 413 370 325 395 416 412 299 192 389 285 166 160 94 124 46
internal_count=8000 6418 4845 1582 3273 1572 1158 810 630 2492 1179 1573 774 582 1667 1272 348 261 426 424 388 1184 856 386 303 734 825 170 405 306 204 182 345 615 777 393 308 196 590 180 781 573 206 341 266 209 200 413 370 325 395 416 412 299 192 389 285 166 160 94 124 46
is_linear=0
shrinkage=1


Tree=1
num_leaves=63
num_cat=0
split_feature=0 0 0 2 2 2 2 1 1 2 2 2 1 1 1 1 1 1 7 1 1 2 7 7 1 0 1 7 1 1 7 7 7 1 1 7 7 7 1 7 1 1 7 1 1 7 7 0 7 7 7 0 7 0 1 7 0 2 1 2 1 7
split_gain=4.96114e+06 716086 570806 397962 164963 155997 152611 78988.8 81223.9 69114 68744.4 43177 32218.9 37555.5 28446.2 33234.6 24623 35439.2 24535.9 21732.8 21118.2 20809.7 18762 17730 17453 14007.6 13105.8 11788.7 11445.2 12673.9 10944.8 10877.1 10632.4 10407.3 9852.06 9289.37 9214.58 8470.94 8418.26 7728.56 7051.77 7436.02 7000.08 6949.45 9126.58 6002.13 5821.12 5657.34 5638.44 5475.43 6062.17 5199.47 5119.92 4607.1 4599.43 4092.18 4060.55 3972.69 3879.46 3518.97 3445.53 3432.14
threshold=3.5000000000000004 2.5000000000000004 1.5000000000000002 1.0000000180025095e-35 1.0000000180025095e-35 1.0000000180025095e-35 2.5000000000000004 2.5000000000000004 1.0000000180025095e-35 2.5000000000000004 2.5000000000000004 1.0000000180025095e-35 2.5000000000000004 1.0000000180025095e-35 2.5000000000000004 1.0000000180025095e-35 2.5000000000000004 1.0000000180025095e-35 1.5000000000000002 2.5000000000000004 1.5000000000000002 2.5000000000000004 16.500000000000004 17.500000000000004 1.0000000180025095e-35 1.0000000180025095e-35 2.5000000000000004 16.500000000000004 2.5000000000000004 1.0000000180025095e-35 16.500000000000004 17.500000000000004 1.5000000000000002 1.0000000180025095e-35 2.5000000000000004 1.5000000000000002 2.5000000000000004 17.500000000000004 1.0000000180025095e-35 14.500000000000002 2.5000000000000004 1.0000000180025095e-35 15.500000000000002 2.5000000000000004 1.0000000180025095e-35 16.500000000000004 15.500000000000002 1.0000000180025095e-35 1.5000000000000002 1.5000000000000002 2.5000000000000004 1.0000000180025095e-35 14.500000000000002 1.0000000180025095e-35 1.5000000000000002 14.500000000000002 1.0000000180025095e-35 1.5000000000000002 1.5000000000000002 1.5000000000000002 1.5000000000000002 14.500000000000002
decision_type=2 2 2 2 2 2 2 2 2 2 2 2 2 2 2 2 2 2 2 2 2 2 2 2 2 2 2 2 2 2 2 2 2 2 2 2 2 2 2 2 2 2 2 2 2 2 2 2 2 2 2 2 2 2 2 2 2 2 2 2 2 2
left_child=1 2 4 19 40 35 7 8 30 14 12 -3 13 37 15 51 17 -8 -10 24 42 34 25 32 -2 -17 33 60 29 -12 -5 59 -15 61 38 -4 -34 -7 -13 -9 41 -1 57 44 -37 -26 -31 -35 -16 -27 -51 -6 -40 -50 -52 -14 -43 -20 -38 -22 -19 -11
right_child=3 11 5 6 9 10 16 39 18 26 28 21 55 23 48 22 -18 27 20 -21 31 -23 -24 -25 45 49 -28 -29 -30 46 -32 -33 36 47 -36 43 58 -39 52 -41 -42 56 -44 -45 -46 -47 -48 -49 53 50 54 -53 -54 -55 -56 -57 -58 -59 -60 -61 -62 -63
leaf_value=-1.4988155279470528 0.85771835890222103 -2.0021086565326605 -1.0193673363098732 2.6554464318286417 -0.73183940786608437 0.52267394157016989 1.5585515609154337 2.2567257616641747 2.8082769293534131 -1.1805694986397113 -0.065213691625954973 -1.4303326938929184 0.33651826044608812 0.58341202147909121 -1.2205426238303962 -0.3317918116574759 1.3835929366363877 2.3173101046728712 3.4138386837271764 0.63088018324010631 4.1711548295131946 -1.6845670697730062 0.55803098258424988 2.4840695916152584 1.5704990762472155 -0.411834240688218 -1.2099850508144925 3.6992565746965078 -0.24169786700395623 0.46154484949470342 3.6895267931620284 5.5744133342396136 2.4431681425675102 -0.7950524066134198 -1.5594771568787928 -0.61318146288394937 1.2227803058003728 1.4917384092624371 -1.1298559597791253 3.0250792481178461 -1.5768072962760926 -1.2676714298173124 4.3865892791748049 -0.72702314313252769 0.016889507806563116 2.3456044558821052 1.0977449447550673 -0.42493225854033467 -0.80880876494331599 0.908949954693134 -0.067371276536105598 -0.37810371716075869 -0.73897358168903582 -0.44603951999119351 0.32621482749925046 0.87338326484599005 -0.9442768751613555 3.9033604240417485 1.5918380010042261 4.6414526758967218 2.8144627546652772 -0.72953664918740602
leaf_weight=184 94 389 52 174 215 170 91 137 38 142 106 178 145 37 43 364 87 63 86 121 86 407 122 41 180 45 210 29 99 153 30 22 23 205 187 84 146 26 295 43 208 203 40 75 182 29 47 208 163 26 162 201 117 189 137 47 186 80 139 74 78 60
leaf_count=184 94 389 52 174 215 170 91 137 38 142 106 178 145 37 43 364 87 63 86 121 86 407 122 41 180 45 210 29 99 153 30 22 23 205 187 84 146 26 295 43 208 203 40 75 182 29 47 208 163 26 162 201 117 189 137 47 186 80 139 74 78 60
internal_value=4.5157e-09 -0.618186 -0.317253 2.50791 -0.693368 0.465842 2.98777 3.36401 3.62793 -0.494647 0.75341 -1.54509 1.02959 1.21487 -0.309406 -0.194308 2.11206 2.35489 4.0208 1.19735 4.13955 -1.39494 -0.016139 1.50108 1.42356 -0.111573 -0.868947 2.78116 0.225604 0.37679 2.80752 4.532 1.38426 -0.752495 -1.24323 -0.396863 1.48047 0.651223 -1.14299 2.44028 -1.32744 -1.23692 3.79283 -0.301936 -0.18208 1.67805 0.611052 -0.608648 -0.680052 0.105074 0.176646 -0.560924 -1.01885 -0.614026 0.112968 0.467938 -1.11304 3.64975 1.40278 4.38867 2.59233 -1.0466
internal_weight=8000 6418 4845 1582 3273 1572 1158 810 630 2492 1179 1573 774 582 1667 1272 348 261 426 424 388 1184 856 386 303 734 825 170 405 306 204 182 345 615 777 393 308 196 590 180 781 573 206 341 266 209 200 413 395 370 325 416 412 352 299 192 389 166 285 160 141 202
internal_count=8000 6418 4845 1582 3273 1572 1158 810 630 2492 1179 1573 774 582 1667 1272 348 261 426 424 388 1184 856 386 303 734 825 170 405 306 204 182 345 615 777 393 308 196 590 180 781 573 206 341 266 209 200 413 395 370 325 416 412 352 299 192 389 166 285 160 141 202
is_linear=0
shrinkage=0.05


Tree=2
num_leaves=63
num_cat=0
split_feature=0 0 0 2 2 2 2 1 1 2 2 2 1 1 1 1 7 1 1 1 2 7 7 1 7 7 0 1 1 7 7 7 7 1 1 1 1 7 7 7 1 7 1 1 1 1 1 7 7 7 2 0 7 0 2 7 0 0 1 7 7 7
split_gain=4.47743e+06 646268 515153 359161 148879 140787 137731 71287.4 73304.5 62375.3 62041.8 38967.3 29077.5 33893.8 25672.7 29994.2 22615.8 22222.3 31983.9 19613.8 18780.8 16932.7 16001.3 15751.3 15422 27908.8 12641.9 11828 10861.4 10752 10479.3 9877.71 9595.78 9392.59 9091.28 9317.68 8891.48 8383.66 8316.15 7645.02 7597.47 6975.03 6364.22 6711.01 6271.88 8236.74 6155.8 5416.93 5215.23 5088.69 5020.88 4692.52 4627.71 4157.91 3883.03 3765 3664.65 3591.16 3501.21 3422.77 3349.36 5406.55
threshold=3.5000000000000004 2.5000000000000004 1.5000000000000002 1.0000000180025095e-35 1.0000000180025095e-35 1.0000000180025095e-35 2.5000000000000004 2.5000000000000004 1.0000000180025095e-35 2.5000000000000004 2.5000000000000004 1.0000000180025095e-35 2.5000000000000004 1.0000000180025095e-35 2.5000000000000004 1.0000000180025095e-35 14.500000000000002 2.5000000000000004 1.0000000180025095e-35 2.5000000000000004 2.5000000000000004 16.500000000000004 17.500000000000004 1.0000000180025095e-35 1.5000000000000002 2.5000000000000004 1.0000000180025095e-35 2.5000000000000004 1.5000000000000002 14.500000000000002 1.5000000000000002 16.500000000000004 1.5000000000000002 1.0000000180025095e-35 2.5000000000000004 1.0000000180025095e-35 2.5000000000000004 1.5000000000000002 2.5000000000000004 17.500000000000004 1.0000000180025095e-35 14.500000000000002 2.5000000000000004 1.0000000180025095e-35 2.5000000000000004 1.0000000180025095e-35 1.5000000000000002 16.500000000000004 17.500000000000004 1.5000000000000002 1.5000000000000002 1.0000000180025095e-35 15.500000000000002 1.0000000180025095e-35 1.5000000000000002 15.500000000000002 1.0000000180025095e-35 1.0000000180025095e-35 1.5000000000000002 14.500000000000002 10.500000000000002 5.5000000000000009
decision_type=2 2 2 2 2 2 2 2 2 2 2 2 2 2 2 2 2 2 2 2 2 2 2 2 2 2 2 2 2 2 2 2 2 2 2 2 2 2 2 2 2 2 2 2 2 2 2 2 2 2 2 2 2 2 2 2 2 2 2 2 2 2
left_child=1 2 4 19 42 37 7 8 31 14 12 -3 13 39 15 51 24 18 -8 23 36 26 32 59 -10 -26 -17 33 -27 -20 -12 -5 -15 -11 35 -32 40 -4 -34 -7 -13 -9 43 -1 45 -39 -18 -25 57 -16 -28 -6 -42 -51 -14 -37 -45 -35 -40 -2 61 -30
right_child=3 11 5 6 9 10 17 41 16 27 30 20 54 22 49 21 46 -19 29 -21 -22 -23 -24 47 25 28 50 -29 60 -31 34 -33 38 48 -36 55 -38 44 58 -41 52 -43 -44 56 -46 -47 -48 -49 -50 53 -52 -53 -54 -55 -56 -57 -58 -59 -60 -61 -62 -63
leaf_value=-1.4238747086213983 0.62330140747241125 -1.9020033520107711 -0.96839897540899433 2.5226741368743197 -0.69524742265080297 0.49654023022774391 1.4806240228506236 2.1438894571179019 2.6678630427310344 -0.9942693940926306 -0.47929815438886481 -1.3588160817542774 0.2125451111344881 0.55424141364574842 -1.1595154806625012 -0.31520221784383384 4.082095432281494 1.3144133362961912 2.3999099300753683 0.59933617392724214 -1.6003387446485515 0.53012942672997221 2.3598661004043211 1.4919741731219822 5.1827292251586918 3.2676333086334006 -0.075613759650090318 -1.1494857788085937 3.4638316195944081 3.2949648566867995 0.037383498628060896 3.5050505956014 2.3210097229999045 -0.78237041446966005 -0.14031887913859167 0.52224567528057819 -1.4815032652992617 -0.58252238801547462 1.1616413114005573 1.4171514694507306 -1.0634062614854893 2.8738252506699675 -1.497966898404635 -1.2042878382311668 -0.69067194938659671 0.016045030820500721 4.8552107268688722 2.2283242587385508 0.005691002692495074 -0.76836831873179945 0.29319682411045178 -0.35919854369533449 -0.67385860292038124 -0.42373755254915785 0.6624773323234886 1.0428577118731561 -0.89706303586242031 -0.47403472388851581 1.5122461168028467 1.290113170058639 3.5429583720671824 4.3743436779294695
leaf_weight=184 67 389 52 174 215 170 91 137 38 202 48 178 93 37 43 364 52 87 124 121 407 122 41 180 30 137 194 210 23 46 91 30 23 194 86 133 187 84 146 26 311 43 208 203 75 182 51 29 35 163 176 201 101 189 99 47 186 184 139 27 39 56
leaf_count=184 67 389 52 174 215 170 91 137 38 202 48 178 93 37 43 364 52 87 124 121 407 122 41 180 30 137 194 210 23 46 91 30 23 194 86 133 187 84 146 26 311 43 208 203 75 182 51 29 35 163 176 201 101 189 99 47 186 184 139 27 39 56
internal_value=-2.14415e-09 -0.587277 -0.30139 2.38252 -0.658699 0.44255 2.83839 3.19581 3.44653 -0.469915 0.71574 -1.46784 0.978109 1.15413 -0.293936 -0.184592 3.81976 2.00646 2.23714 1.13748 -1.32519 -0.0153321 1.42603 1.35238 3.61403 3.74019 -0.105995 -0.8255 3.57048 2.6421 0.214324 2.66714 1.31505 -0.714871 0.307584 0.449723 -1.18107 -0.37702 1.40645 0.618662 -1.08584 2.31826 -1.26107 -1.17507 -0.286839 -0.172976 4.4649 1.59415 -0.578216 -0.64605 0.0998205 -0.532878 -0.96791 -0.583325 0.444541 0.658183 -1.05739 -0.632281 1.33264 0.814832 3.92209 4.10926
internal_weight=8000 6418 4845 1582 3273 1572 1158 810 630 2492 1179 1573 774 582 1667 1272 426 348 261 424 1184 856 386 303 323 285 734 825 255 170 405 204 345 615 357 271 777 393 308 196 590 180 781 573 341 266 103 209 413 395 370 416 412 352 192 180 389 378 285 94 118 79
internal_count=8000 6418 4845 1582 3273 1572 1158 810 630 2492 1179 1573 774 582 1667 1272 426 348 261 424 1184 856 386 303 323 285 734 825 255 170 405 204 345 615 357 271 777 393 308 196 590 180 781 573 341 266 103 209 413 395 370 416 412 352 192 180 389 378 285 94 118 79
is_linear=0
shrinkage=0.05


Tree=3
num_leaves=63
num_cat=0
split_feature=0 0 0 2 2 2 2 1 1 2 2 2 1 1 1 1 7 7 1 2 1 1 7 1 7 7 0 1 7 1 7 7 7 1 0 1 7 7 7 1 7 7 7 1 1 1 1 1 7 1 7 7 7 7 1 1 0 7 7 7 7 7
split_gain=4.04088e+06 583256 464925 324143 134363 127060 124302 64336.9 66157.3 56293.8 55992.7 35168 26242.5 30589.2 23169.6 27449.7 20410.8 20333.2 17701.5 16949.7 16567.5 21724.7 14441.2 14215.6 13918.4 25187.7 10770.7 10674.7 9943.92 9802.41 9613.6 8914.63 8660.19 8476.81 8184.3 8024.56 7566.25 7505.33 7058.08 6856.72 6426.46 6294.96 5789.6 5660.37 7433.66 5555.61 5352.7 5804.37 4916.22 4890.19 4885.84 4592.54 4452.14 4211.75 3971.12 4548.42 3752.51 3694.06 3340.15 3199.43 3191.27 3161.4
threshold=3.5000000000000004 2.5000000000000004 1.5000000000000002 1.0000000180025095e-35 1.0000000180025095e-35 1.0000000180025095e-35 2.5000000000000004 2.5000000000000004 1.0000000180025095e-35 2.5000000000000004 2.5000000000000004 1.0000000180025095e-35 2.5000000000000004 1.0000000180025095e-35 2.5000000000000004 1.5000000000000002 14.500000000000002 17.500000000000004 2.5000000000000004 2.5000000000000004 2.5000000000000004 1.0000000180025095e-35 17.500000000000004 1.0000000180025095e-35 1.5000000000000002 2.5000000000000004 1.0000000180025095e-35 2.5000000000000004 1.5000000000000002 1.5000000000000002 15.500000000000002 16.500000000000004 1.5000000000000002 1.0000000180025095e-35 1.0000000180025095e-35 2.5000000000000004 1.5000000000000002 2.5000000000000004 14.500000000000002 1.0000000180025095e-35 1.5000000000000002 14.500000000000002 15.500000000000002 2.5000000000000004 1.0000000180025095e-35 1.5000000000000002 2.5000000000000004 1.0000000180025095e-35 15.500000000000002 1.0000000180025095e-35 14.500000000000002 1.5000000000000002 17.500000000000004 14.500000000000002 2.5000000000000004 1.0000000180025095e-35 1.0000000180025095e-35 16.500000000000004 14.500000000000002 17.500000000000004 1.5000000000000002 16.500000000000004
decision_type=2 2 2 2 2 2 2 2 2 2 2 2 2 2 2 2 2 2 2 2 2 2 2 2 2 2 2 2 2 2 2 2 2 2 2 2 2 2 2 2 2 2 2 2 2 2 2 2 2 2 2 2 2 2 2 2 2 2 2 2 2 2
left_child=1 2 4 18 42 36 7 8 31 14 12 -3 13 38 15 26 24 20 23 35 21 -8 32 -2 -10 -26 52 33 -17 -27 40 -5 -15 -11 61 39 -4 -34 -7 -13 -12 -9 54 44 -38 -18 47 -42 -25 -28 -35 -16 60 -41 55 -1 -53 -14 -51 -36 -6 -30
right_child=3 11 5 6 9 10 17 41 16 27 30 19 57 22 51 28 45 -19 -20 -21 -22 -23 -24 48 25 29 49 -29 34 -31 -32 -33 37 50 59 -37 43 -39 -40 53 46 -43 -44 -45 -46 -47 -48 -49 -50 58 -52 56 -54 -55 -56 -57 -58 -59 -60 -61 -62 -63
leaf_value=-1.4172613447075648 0.77409082790242234 -1.8069031516813068 -0.91997902347491345 2.396540407476754 -1.0701038710276287 0.39082657873195453 1.3655293004266147 2.0366949673116643 2.5344697902077122 -0.94455590944344303 -0.45533324802915259 -1.2908752620889901 0.33169346196440663 0.52652932631002891 -1.1015397116195325 -0.49725822044106627 3.8779907850118782 3.1283075824860607 0.56936936038584751 -1.5203218444852338 1.1592193499077819 2.3574744871910047 2.2418727502590272 1.4001239535927077 4.9235926818847666 3.1042515775583088 -0.34123860968286124 -1.0920114542189099 -0.078662569932639606 3.7259865938606911 0.6762699541975471 3.3297980499267581 2.2049593510835068 -0.6522820416347761 0.38816311434379913 -1.4074281386513123 -0.55339628174191435 1.266006112767939 1.0449432001275532 -1.0201928519192389 -0.071757809554829327 2.7301340103149414 -0.93497749624632753 -0.65613835430145262 0.015242787016617075 4.6124502144607851 -0.20101502204025296 0.4961334024829076 2.0288608174575002 -0.1013173770771495 -0.26210254370619401 -0.72994991255684138 -0.043860897252505478 -0.66566839768336372 -1.4818881372487323 -1.0815387365435816 -0.40255068341890976 0.95309382038457058 0.37342869899176223 0.96779154879706253 -0.53258123205872709 0.48872752333509512
leaf_weight=151 94 389 52 174 30 137 87 137 38 202 48 178 164 37 43 52 52 31 121 407 79 151 41 171 30 137 201 210 160 118 85 30 23 304 159 187 84 285 59 295 68 43 165 75 182 51 71 133 38 175 109 163 44 117 161 304 189 28 47 28 347 29
leaf_count=151 94 389 52 174 30 137 87 137 38 202 48 178 164 37 43 52 52 31 121 407 79 151 41 171 30 137 201 210 160 118 85 30 23 304 159 187 84 285 59 295 68 43 165 75 182 51 71 133 38 175 109 163 44 117 161 304 189 28 47 28 347 29
internal_value=-3.97593e-09 -0.557913 -0.28632 2.26339 -0.625764 0.420422 2.69647 3.03601 3.2742 -0.446419 0.679953 -1.39444 0.929203 1.09642 -0.279239 -0.175363 3.62877 1.90614 1.0806 -1.25893 1.78662 1.99487 1.35473 1.28476 3.43333 3.55318 -0.340767 -0.784225 0.150808 3.39196 0.203608 2.53378 1.2493 -0.679127 0.240434 -1.12201 -0.358169 1.33612 0.587729 -1.03155 0.0780567 2.20235 -1.19801 -0.272497 -0.164327 4.24166 0.172184 0.304011 1.51444 -0.162573 -0.549305 -0.613747 -0.519807 -0.919515 -1.26847 -1.19295 -0.554159 0.422314 -0.000808073 0.474952 -0.575355 0.00839729
internal_weight=8000 6418 4845 1582 3273 1572 1158 810 630 2492 1179 1573 774 582 1667 1272 426 348 424 1184 317 238 386 303 323 285 844 825 428 255 405 204 345 615 376 777 393 308 196 590 320 180 781 341 266 103 272 201 209 423 413 395 421 412 616 455 352 192 222 187 377 189
internal_count=8000 6418 4845 1582 3273 1572 1158 810 630 2492 1179 1573 774 582 1667 1272 426 348 424 1184 317 238 386 303 323 285 844 825 428 255 405 204 345 615 376 777 393 308 196 590 320 180 781 341 266 103 272 201 209 423 413 395 421 412 616 455 352 192 222 187 377 189
is_linear=0
shrinkage=0.05


Tree=4
num_leaves=63
num_cat=0
split_feature=0 0 0 2 2 2 2 1 1 2 2 2 1 1 1 1 7 1 1 1 2 7 7 1 7 7 0 1 7 1 1 1 7 1 1 7 7 7 7 1 7 7 1 1 1 1 1 0 2 7 7 7 7 7 0 1 2 0 1 7 7 2
split_gain=3.64689e+06 526389 419595 292539 121263 114672 112183 58064 59707 50805.1 50533.4 31739.1 23683.8 27606.7 20910.6 24938.7 18420.7 18366.6 26307.2 15975.6 15297.1 14113.4 13064.1 12829.6 12561.3 22731.9 9732.43 9633.95 9372.1 8846.68 8755.67 9748.05 8045.45 7650.32 7242.16 6943.18 7510.61 6828.54 6490.03 6188.19 5681.2 5450.19 5724.9 5108.48 6708.87 5013.94 4968.43 4602.16 4523.7 4480.25 4455.4 4252.1 4144.77 3855.68 3710.82 3455.75 3445.59 3386.64 3116.43 3100.61 3097.5 3049.45
threshold=3.5000000000000004 2.5000000000000004 1.5000000000000002 1.0000000180025095e-35 1.0000000180025095e-35 1.0000000180025095e-35 2.5000000000000004 2.5000000000000004 1.0000000180025095e-35 2.5000000000000004 2.5000000000000004 1.0000000180025095e-35 2.5000000000000004 1.0000000180025095e-35 2.5000000000000004 1.0000000180025095e-35 14.500000000000002 2.5000000000000004 1.0000000180025095e-35 2.5000000000000004 2.5000000000000004 15.500000000000002 15.500000000000002 1.0000000180025095e-35 1.5000000000000002 2.5000000000000004 1.0000000180025095e-35 2.5000000000000004 16.500000000000004 1.5000000000000002 2.5000000000000004 1.0000000180025095e-35 16.500000000000004 1.0000000180025095e-35 2.5000000000000004 1.5000000000000002 2.5000000000000004 1.5000000000000002 17.500000000000004 1.0000000180025095e-35 14.500000000000002 1.5000000000000002 2.5000000000000004 2.5000000000000004 1.0000000180025095e-35 1.5000000000000002 1.0000000180025095e-35 1.0000000180025095e-35 1.5000000000000002 16.500000000000004 15.500000000000002 1.5000000000000002 1.5000000000000002 16.500000000000004 1.0000000180025095e-35 1.5000000000000002 1.5000000000000002 1.0000000180025095e-35 1.5000000000000002 15.500000000000002 14.500000000000002 1.5000000000000002
decision_type=2 2 2 2 2 2 2 2 2 2 2 2 2 2 2 2 2 2 2 2 2 2 2 2 2 2 2 2 2 2 2 2 2 2 2 2 2 2 2 2 2 2 2 2 2 2 2 2 2 2 2 2 2 2 2 2 2 2 2 2 2 2
left_child=1 2 4 19 41 37 7 8 32 14 12 -3 13 38 15 51 24 18 -8 23 34 26 35 59 -10 -26 -17 33 58 -27 31 -12 61 60 39 -15 -37 -4 -7 -13 -9 -1 46 44 -39 -18 -43 -35 -28 -25 -33 -6 -16 -41 -53 -38 -14 -54 -20 -2 -11 -5
right_child=3 11 5 6 9 10 17 40 16 27 30 20 56 22 52 21 45 -19 28 -21 -22 -23 -24 49 25 29 48 -29 -30 -31 -32 50 -34 47 -36 36 55 43 -40 53 -42 42 -44 -45 -46 -47 -48 -49 -50 -51 -52 54 57 -55 -56 -57 -58 -59 -60 -61 -62 -63
leaf_value=-1.5185899677730743 0.56253402091670723 -1.7165579597257403 -0.87398006961895869 2.0902191162109376 -1.0035310241911146 0.44582311773124861 1.3344421297639282 1.9348602712589458 2.4077463124927725 -1.0245997713904986 -0.061979939085694984 -1.2263314579310043 0.18266049237741577 0.50020286067313435 -1.0464627321376356 -0.30054565967872127 3.6840912488790658 1.181678410499603 1.9578924792153494 0.54090090034421812 -1.444305740703236 0.40636482157407361 1.874466377810428 1.3457973878416751 4.6774130249023438 2.9490390359920311 -0.096768504738524233 -1.0374109131949287 3.2064203328099747 3.5396872811398263 -0.21529699677432124 0.40031342136314496 3.1633080482482914 -0.68996391104670562 -1.3370567015785584 2.0947113534678583 0.96463425324559227 -0.52572644711250349 1.294046739431528 -0.94628508379682907 2.5936272066692974 -1.2321071668907448 -1.324658495436112 -0.62333146651585902 0.014480644726491238 4.3818277546003754 -0.89612152449591176 -0.35614021540117952 0.26265247643529299 2.0154649405643861 0.95690133115078546 -0.58636133708439919 -0.69345241508052391 -0.55192523833952456 -0.27371025373754293 1.3364270069122315 0.6064920234108212 -0.38242314126559351 2.430706664843437 1.2124585342407226 -0.59611854285001753 2.5116476876395093
leaf_weight=84 69 389 52 97 36 170 91 137 38 142 106 178 93 37 43 342 52 87 63 121 407 163 76 180 30 137 184 210 29 118 99 153 30 205 187 23 125 84 26 336 43 162 192 75 182 51 343 208 167 29 47 196 163 76 184 125 99 189 78 25 60 77
leaf_count=84 69 389 52 97 36 170 91 137 38 142 106 178 93 37 43 342 52 87 63 121 407 163 76 180 30 137 184 210 29 118 99 153 30 205 187 23 125 84 26 336 43 162 192 75 182 51 343 208 167 29 47 196 163 76 184 125 99 189 78 25 60 77
internal_value=6.76885e-10 -0.530017 -0.272004 2.15022 -0.594476 0.399401 2.56164 2.88421 3.11049 -0.424098 0.645955 -1.32472 0.882743 1.0416 -0.265277 -0.166595 3.44733 1.81083 2.02055 1.02657 -1.19599 -0.0122565 1.28699 1.22052 3.26167 3.37552 -0.11072 -0.745014 2.38781 3.22236 0.193427 0.325662 2.40709 -0.645171 -1.06591 1.14296 1.23008 -0.34026 0.558343 -0.979975 2.09223 -1.13811 -1.09226 -0.258872 -0.156111 4.02957 -1.0039 -0.52184 0.0742381 1.43872 0.531112 -0.484175 -0.58306 -0.873539 -0.434972 1.15053 0.401199 -0.526451 2.21945 0.735386 -0.897328 2.27671
internal_weight=8000 6418 4845 1582 3273 1572 1158 810 630 2492 1179 1573 774 582 1667 1272 426 348 261 424 1184 856 386 303 323 285 693 825 170 255 405 306 204 615 777 310 273 393 196 590 180 781 697 341 266 103 505 413 351 209 200 416 395 412 380 250 192 352 141 94 202 174
internal_count=8000 6418 4845 1582 3273 1572 1158 810 630 2492 1179 1573 774 582 1667 1272 426 348 261 424 1184 856 386 303 323 285 693 825 170 255 405 306 204 615 777 310 273 393 196 590 180 781 697 341 266 103 505 413 351 209 200 416 395 412 380 250 192 352 141 94 202 174
is_linear=0
shrinkage=0.05


Tree=5
num_leaves=63
num_cat=0
split_feature=0 0 0 2 2 2 2 1 1 2 2 2 7 7 1 1 7 7 1 1 1 2 1 1 1 7 7 0 7 7 1 7 7 1 1 1 7 7 1 1 1 7 7 1 1 7 7 1 7 1 1 1 0 7 7 7 0 7 7 3 7 7
split_gain=3.29132e+06 475066 378685 264016 109440 103492 101245 52402.8 53885.6 45851.6 45606.4 28644.5 21935.4 19715.8 17654.5 22477.1 17366.1 16624.7 15537.8 17553.3 14418 13805.6 13562.7 17679.1 11578.7 11336.6 20515.5 9238.74 8818.23 8393.85 7984.13 7261.02 7021 6799.65 7000.14 6536.05 6162.76 6139.66 5833.67 5747.48 5599.19 5127.29 5125.62 4610.41 6054.76 4532.7 5483.96 4525.08 4065.38 3698.96 5658.25 3588.16 3494.13 3123.23 3047.3 3142.26 3040.73 3022.8 4879.41 3264.23 3002.69 2936.67
threshold=3.5000000000000004 2.5000000000000004 1.5000000000000002 1.0000000180025095e-35 1.0000000180025095e-35 1.0000000180025095e-35 2.5000000000000004 2.5000000000000004 1.0000000180025095e-35 2.5000000000000004 2.5000000000000004 1.0000000180025095e-35 17.500000000000004 16.500000000000004 2.5000000000000004 1.0000000180025095e-35 17.500000000000004 14.500000000000002 2.5000000000000004 1.0000000180025095e-35 2.5000000000000004 2.5000000000000004 2.5000000000000004 1.0000000180025095e-35 1.0000000180025095e-35 1.5000000000000002 2.5000000000000004 1.0000000180025095e-35 14.500000000000002 1.5000000000000002 1.5000000000000002 16.500000000000004 1.5000000000000002 2.5000000000000004 1.0000000180025095e-35 2.5000000000000004 1.5000000000000002 2.5000000000000004 2.5000000000000004 1.5000000000000002 1.0000000180025095e-35 14.500000000000002 14.500000000000002 2.5000000000000004 1.0000000180025095e-35 1.5000000000000002 2.5000000000000004 1.5000000000000002 15.500000000000002 2.5000000000000004 1.5000000000000002 1.5000000000000002 1.0000000180025095e-35 17.500000000000004 1.5000000000000002 2.5000000000000004 1.0000000180025095e-35 10.500000000000002 5.5000000000000009 6580.7666666666619 17.500000000000004 4.5000000000000009
decision_type=2 2 2 2 2 2 2 2 2 2 2 2 2 2 2 2 2 2 2 2 2 2 2 2 2 2 2 2 2 2 2 2 2 2 2 2 2 2 2 2 2 2 2 2 2 2 2 2 2 2 2 2 2 2 2 2 2 2 2 2 2 2
left_child=1 2 4 20 42 36 7 8 31 13 12 -3 14 18 15 -7 22 25 19 54 24 35 23 -8 -2 -10 -27 -21 38 -12 -28 -5 -17 34 -31 39 -4 -34 40 -13 -11 -9 52 44 -38 -29 -47 -19 -26 50 -15 -48 -1 -36 -6 -56 -20 58 -32 -60 -49 -25
right_child=3 11 5 6 9 10 16 41 17 28 29 21 -14 49 -16 32 -18 47 56 27 -22 -23 -24 61 48 26 30 45 -30 33 57 -33 37 -35 53 -37 43 -39 -40 -41 -42 -43 -44 -45 -46 46 51 60 -50 -51 -52 -53 -54 -55 55 -57 -58 -59 59 -61 -62 -63
leaf_value=-1.2796475421892455 0.69861697218519581 -1.6307300901045225 -0.83028108890240004 2.1628777405311324 -0.95335445006688446 0.4235319634570795 1.2305307284168814 1.8381172542154354 2.287359036897358 -0.97336980572468801 -0.4370225138341387 -1.0431535521938746 1.6066249847412111 0.070536817283483974 0.3140341102780605 0.47519272340310592 2.8497742283728815 3.4998866998232332 -0.77680407419102271 -0.26921222376660187 0.51385584852912214 -1.3720904601001038 1.042174457900132 1.7641888502167493 1.2628279085047762 4.4435424041748055 2.801587094355674 -0.38472960566480957 -0.43751899782079379 0.032748117895571742 2.9273563302081564 3.005142707824707 1.9899757882823115 -0.12013807896264764 0.4891414636841569 -1.2702038576258696 -0.4994401265822706 1.140734073237369 -1.0677163860465908 -0.71387619901800636 -0.59307607867460888 2.4639459521271463 -0.86930257943258349 -0.59216488885879526 0.013756614857977564 0.84720377188462492 -0.069151485246824629 3.8285776993324014 1.8345747947692872 -0.17664845423323328 0.65509575403653664 0.2784838566053523 -1.0324370315458093 1.1018310785293579 0.058709822996304589 -0.51451812930505481 -0.47603908490158076 3.0025267380934495 4.2495987601902172 3.4736494468920158 4.6032181826504797 2.2599785839427602
leaf_weight=292 94 389 52 174 36 170 87 137 38 142 48 389 83 114 176 37 31 52 160 364 121 407 79 41 171 30 137 45 221 91 23 30 23 86 156 187 84 285 158 201 304 43 209 75 182 26 162 29 38 58 65 137 280 24 26 297 177 39 23 33 22 110
leaf_count=292 94 389 52 174 36 170 87 137 38 142 48 389 83 114 176 37 31 52 160 364 121 407 79 41 171 30 137 45 221 91 23 30 23 86 156 187 84 285 158 201 304 43 209 75 182 26 162 29 38 58 65 137 280 24 26 297 177 39 23 33 22 110
internal_value=-7.8982e-11 -0.503516 -0.258404 2.04271 -0.564752 0.379431 2.43356 2.74 2.95497 -0.402893 0.613658 -1.25849 0.838606 -0.252013 0.746355 0.894099 1.72029 3.27497 -0.322016 -0.230499 0.975245 -1.13619 1.60983 1.79826 1.1595 3.09858 3.20675 -0.0903665 -0.707763 0.183756 3.06124 2.28674 1.12597 0.267222 0.390148 -1.01262 -0.323247 1.20415 -0.806644 -0.930976 -0.714156 1.98762 -1.08121 -0.245929 -0.148306 0.085579 0.150699 3.82809 1.36678 0.170366 0.282807 0.0901329 -1.15864 0.570833 -0.517009 -0.468376 -0.618836 3.3627 3.54051 3.79234 4.16274 2.12536
internal_weight=8000 6418 4845 1582 3273 1572 1158 810 630 2492 1179 1573 774 1667 691 515 348 426 1430 1093 424 1184 317 238 303 323 285 734 825 405 255 204 345 357 271 777 393 308 604 590 446 180 781 341 266 370 325 103 209 237 179 299 572 180 359 323 337 118 79 56 51 151
internal_count=8000 6418 4845 1582 3273 1572 1158 810 630 2492 1179 1573 774 1667 691 515 348 426 1430 1093 424 1184 317 238 303 323 285 734 825 405 255 204 345 357 271 777 393 308 604 590 446 180 781 341 266 370 325 103 209 237 179 299 572 180 359 323 337 118 79 56 51 151
is_linear=0
shrinkage=0.05


Tree=6
num_leaves=63
num_cat=0
split_feature=0 0 0 2 2 2 2 1 1 2 2 2 7 7 1 1 7 7 1 1 1 2 1 1 1 7 7 1 0 7 1 1 7 7 7 7 7 7 7 7 1 1 7 1 7 1 7 0 1 1 7 7 1 7 1 1 7 1 7 7 1 7
split_gain=2.97042e+06 428747 341763 238275 98769.5 93401.1 91373.5 47293.5 48631.7 41381.1 41159.8 25851.7 19796.7 18040.8 15933.2 20285.6 15672.9 15003.8 14598.8 17082.9 13012.2 12459.6 12240.3 15955.4 10449.8 10231.3 18515.2 8068.12 7781.29 7685.53 7205.67 6725.08 6553.07 6414.92 6336.46 6288.26 5561.89 5541.05 5149.88 5046.77 4872.38 5075.39 4661.11 4309.43 4173.76 4083.89 4022.08 3975.88 3954.26 4468.86 3950.99 3705.58 3697.73 3655.91 3549.91 4014.73 3275.43 2950.89 2950.8 2925.06 2886.07 2879.72
threshold=3.5000000000000004 2.5000000000000004 1.5000000000000002 1.0000000180025095e-35 1.0000000180025095e-35 1.0000000180025095e-35 2.5000000000000004 2.5000000000000004 1.0000000180025095e-35 2.5000000000000004 2.5000000000000004 1.0000000180025095e-35 17.500000000000004 17.500000000000004 2.5000000000000004 1.0000000180025095e-35 17.500000000000004 14.500000000000002 2.5000000000000004 1.5000000000000002 2.5000000000000004 2.5000000000000004 2.5000000000000004 1.0000000180025095e-35 1.0000000180025095e-35 1.5000000000000002 2.5000000000000004 2.5000000000000004 1.0000000180025095e-35 15.500000000000002 1.5000000000000002 1.5000000000000002 16.500000000000004 1.5000000000000002 1.5000000000000002 15.500000000000002 1.5000000000000002 2.5000000000000004 1.5000000000000002 2.5000000000000004 2.5000000000000004 1.0000000180025095e-35 15.500000000000002 2.5000000000000004 2.5000000000000004 1.5000000000000002 14.500000000000002 1.0000000180025095e-35 2.5000000000000004 1.5000000000000002 18.500000000000004 16.500000000000004 1.0000000180025095e-35 17.500000000000004 2.5000000000000004 1.5000000000000002 17.500000000000004 1.5000000000000002 1.5000000000000002 1.5000000000000002 1.5000000000000002 1.5000000000000002
decision_type=2 2 2 2 2 2 2 2 2 2 2 2 2 2 2 2 2 2 2 2 2 2 2 2 2 2 2 2 2 2 2 2 2 2 2 2 2 2 2 2 2 2 2 2 2 2 2 2 2 2 2 2 2 2 2 2 2 2 2 2 2 2
left_child=1 2 4 20 40 36 7 8 32 13 12 -3 14 18 15 -7 22 25 19 28 24 35 23 -8 -2 -10 -27 31 -6 38 -28 46 -5 -21 -17 43 -4 -36 -12 -35 41 -1 -9 52 -38 -19 -11 -41 49 -40 -15 -26 -13 54 55 -46 -43 -25 -20 -33 -39 -30
right_child=3 11 5 6 9 10 16 42 17 27 29 21 -14 50 -16 34 -18 45 58 33 -22 -23 -24 57 51 26 30 -29 61 -31 -32 59 -34 39 37 -37 44 60 48 47 -42 56 -44 -45 53 -47 -48 -49 -50 -51 -52 -53 -54 -55 -56 -57 -58 -59 -60 -61 -62 -63
leaf_value=-1.1682723387427953 0.66368612314158304 -1.5491935933463679 -0.78876705353076648 2.0547337893781989 -0.50538267123782199 0.40235536347417278 1.1690041750326923 1.7610217726892896 2.1729911452845525 -0.79298513169123186 -0.41517139794304969 -1.1793284492216249 1.5262936626572208 0.50717183798551557 0.29833240517499776 0.45143309332228992 2.7072854349690103 3.3248922237983116 -0.96229393537654451 -0.44991548365125295 0.4881630492604469 -1.3034858738760984 0.99006570985045617 1.7813250378199985 1.2139367718166776 4.2213652801513675 2.6615077499055513 -0.93995699547585998 -0.61184135874112444 0.5971830958127976 3.1945677288508012 -0.88882249918850986 2.8548854859670008 0.81622795118735392 1.8904768985250724 -0.70480065824730065 0.4492127899612699 0.92844719768387007 0.10058300364492596 -0.083163890766003473 -1.2344294896492594 -0.89729892808752953 2.3971116807725692 -1.2766318043617355 -0.38261866998278871 3.9545995974073223 -0.44393948812462525 0.27940896620106853 -0.17419251614892986 0.60880887115758564 0.020342408938483263 1.82296305031612 -0.86834239753208742 0.2038160083123616 -0.67938997328281403 0.081275581557190779 -0.40860871398135235 2.2245700047339922 -0.52056238936206778 -0.27806991765172118 1.2467659216132954 -0.14221351912191935
leaf_weight=184 94 389 52 174 377 170 87 144 38 299 48 138 83 80 176 37 31 52 43 52 121 407 79 70 180 30 137 210 36 85 118 22 30 26 23 182 21 146 138 158 208 351 36 146 159 51 114 145 71 63 87 29 311 35 60 66 38 81 313 180 139 350
leaf_count=184 94 389 52 174 377 170 87 144 38 299 48 138 83 80 176 37 31 52 43 52 121 407 79 70 180 30 137 210 36 85 118 22 30 26 23 182 21 146 138 158 208 351 36 146 159 51 114 145 71 63 87 29 311 35 60 66 38 81 313 180 139 350
internal_value=-1.17405e-11 -0.47834 -0.245484 1.94057 -0.536515 0.36046 2.31188 2.603 2.80722 -0.382749 0.582975 -1.19556 0.796676 -0.239413 0.709037 0.849394 1.63427 3.11122 -0.294296 -0.207281 0.926483 -1.07938 1.52934 1.70835 1.10152 2.94365 3.04641 -0.672375 -0.343814 0.174568 2.90818 -0.581005 2.1724 0.0661436 1.06967 -0.961987 -0.307085 1.14394 0.062311 0.147709 -1.02715 -0.951904 1.88824 -1.04066 -0.233632 3.63669 -0.696638 0.0903446 0.146573 0.259878 0.253554 1.29844 -0.963924 -0.278444 -0.337669 -0.246543 -0.849561 2.01909 -0.573918 -0.344588 1.0837 -0.186013
internal_weight=8000 6418 4845 1582 3273 1572 1158 810 630 2492 1179 1573 774 1667 691 515 348 426 1500 1144 424 1184 317 238 303 323 285 825 763 405 255 615 204 381 345 777 393 308 320 329 781 573 180 595 341 103 413 303 272 201 167 209 449 320 285 225 389 151 356 202 285 386
internal_count=8000 6418 4845 1582 3273 1572 1158 810 630 2492 1179 1573 774 1667 691 515 348 426 1500 1144 424 1184 317 238 303 323 285 825 763 405 255 615 204 381 345 777 393 308 320 329 781 573 180 595 341 103 413 303 272 201 167 209 449 320 285 225 389 151 356 202 285 386
is_linear=0
shrinkage=0.05


Tree=7
num_leaves=63
num_cat=0
split_feature=0 0 0 2 2 2 2 1 1 2 2 2 7 7 7 1 1 7 1 1 1 1 1 2 7 7 1 1 7 0 7 1 1 7 7 7 7 1 1 7 7 1 1 1 1 7 1 1 2 7 7 7 0 7 1 1 1 2 7 0 2 2
split_gain=2.6808e+06 386944 308441 215043 89139.5 84294.5 82464.6 42682.4 43890.1 37346.4 37146.7 23331.2 17866.5 16293.9 15064.6 14379.7 18307.8 13784.9 12663.9 15012.8 12558.7 17886.3 11743.5 11244.8 10722.3 14795.1 9430.9 7793.55 7671.22 7634.55 6984.88 6694.6 5962.65 5914.15 5840.77 5718.65 5565.04 5144.26 7046.92 5000.79 4794.48 4691.72 4629.99 4435.62 5478.39 4222.17 4070.43 4031.46 3957.16 3407.4 3396.04 6246.24 3248.95 3216.43 3209.2 4955.25 3074.79 2853.95 2802.56 2790.58 2752.13 2746.48
threshold=3.5000000000000004 2.5000000000000004 1.5000000000000002 1.0000000180025095e-35 1.0000000180025095e-35 1.0000000180025095e-35 2.5000000000000004 2.5000000000000004 1.0000000180025095e-35 2.5000000000000004 2.5000000000000004 1.0000000180025095e-35 17.500000000000004 16.500000000000004 1.5000000000000002 2.5000000000000004 1.0000000180025095e-35 17.500000000000004 2.5000000000000004 1.0000000180025095e-35 2.5000000000000004 1.0000000180025095e-35 2.5000000000000004 2.5000000000000004 1.5000000000000002 2.5000000000000004 1.0000000180025095e-35 1.5000000000000002 1.5000000000000002 1.0000000180025095e-35 14.500000000000002 2.5000000000000004 1.5000000000000002 16.500000000000004 17.500000000000004 1.5000000000000002 16.500000000000004 2.5000000000000004 1.0000000180025095e-35 2.5000000000000004 1.5000000000000002 2.5000000000000004 2.5000000000000004 2.5000000000000004 1.5000000000000002 14.500000000000002 1.5000000000000002 1.0000000180025095e-35 1.5000000000000002 14.500000000000002 9.5000000000000018 11.500000000000002 1.0000000180025095e-35 14.500000000000002 2.5000000000000004 1.5000000000000002 1.5000000000000002 1.5000000000000002 14.500000000000002 1.0000000180025095e-35 1.5000000000000002 1.5000000000000002
decision_type=2 2 2 2 2 2 2 2 2 2 2 2 2 2 2 2 2 2 2 2 2 2 2 2 2 2 2 2 2 2 2 2 2 2 2 2 2 2 2 2 2 2 2 2 2 2 2 2 2 2 2 2 2 2 2 2 2 2 2 2 2 2
left_child=1 2 4 22 40 37 7 8 33 13 12 -3 15 18 -8 16 -7 24 19 -6 21 -16 26 34 -10 -26 58 61 -11 57 43 32 52 60 42 -18 56 38 -4 -37 -1 47 46 44 -12 -9 -13 -42 -31 -28 -29 -52 -30 -53 55 -15 -23 -21 -2 -49 -5 -27
right_child=3 11 5 6 9 10 14 45 17 28 30 23 -14 54 20 -17 35 -19 -20 29 -22 36 -24 -25 25 27 49 50 31 48 -32 -33 -34 -35 -36 39 -38 -39 -40 -41 41 -43 -44 -45 -46 -47 -48 59 -50 -51 51 53 -54 -55 -56 -57 -58 -59 -60 -61 -62 -63
leaf_value=-1.3326455933707102 0.45718994465336876 -1.4717339314654432 -0.5321603358114636 1.7748275756835938 -0.47342667267100058 0.38223759577116545 0.62656919203507599 1.6581602853580113 2.0643415350663035 -1.1008382167345212 -0.011514955540498098 -0.99047757858453789 1.4499790260590704 0.062624512817159195 1.2421030385584773 0.28341578745537183 0.42886143648946612 3.8156772204807829 -0.55904747516535858 -0.36892737849386198 1.1161324845506 1.7571109278448696 0.46375489801414749 -1.2383115807095091 4.0102970377604166 2.4257247710495857 1.1217966878367587 2.8371514925881041 -0.77759870484116533 -0.074667112463989202 0.51682422329272548 -0.84455741267455253 -0.26416641663759949 2.7121412785847987 -0.54211172317705492 1.7959530892579452 2.7920873905050345 -0.61893927709442442 -0.019798041265632491 1.0295124910484281 -1.0583586173293031 -1.1431685542066894 -1.1942322535687182 -0.27583041436970235 0.52417442117418556 2.2260704750238465 -0.69372041715287613 -0.89221779028130654 0.25275289793101946 1.5983336156728318 4.0249488001284393 2.7123961091041568 -0.48132765811135614 3.4394187401080956 -0.16668840170163535 0.60966575274100676 2.2561129281015107 -0.087688295263232616 1.0605720087333963 -0.60671160540929658 2.1751847329077783 2.8294271218776705
leaf_weight=84 67 389 101 97 359 170 39 137 38 81 150 344 83 114 79 176 37 42 337 199 77 58 121 407 30 89 160 63 168 194 105 190 180 30 93 23 29 92 200 285 162 192 166 80 70 43 174 179 176 49 23 32 206 29 58 65 66 165 27 164 77 80
leaf_count=84 67 389 101 97 359 170 39 137 38 81 150 344 83 114 79 176 37 42 337 199 77 58 121 407 30 89 160 63 168 194 105 190 180 30 93 23 29 92 200 285 162 192 166 80 70 43 174 179 176 49 23 32 206 29 58 65 66 165 27 164 77 80
internal_value=-2.08603e-09 -0.454423 -0.23321 1.84355 -0.509689 0.342437 2.19629 2.47285 2.66686 -0.363611 0.553826 -1.13578 0.756842 -0.227442 1.55256 0.673585 0.806925 2.95566 -0.291081 -0.208459 1.66943 1.85307 0.880159 -1.02541 2.86159 2.94915 1.04645 2.84841 -0.638756 -0.0788638 0.16584 -0.588449 -0.500614 2.06378 -0.913887 1.01619 2.16854 -0.291731 -0.19172 1.08675 -0.97579 -0.932784 -0.964436 0.0429951 0.158932 1.79383 -0.890795 -0.852796 0.0810786 1.23352 3.11465 3.32278 -0.614412 3.05803 0.156538 0.261271 2.02271 -0.241443 0.630502 -0.755708 1.952 2.61683
internal_weight=8000 6418 4845 1582 3273 1572 1158 810 630 2492 1179 1573 774 1667 348 691 515 426 1430 1093 309 232 424 1184 384 346 303 316 825 734 405 744 554 204 777 345 153 393 301 308 781 697 684 300 220 180 518 505 370 209 147 84 374 61 237 179 124 364 94 343 174 169
internal_count=8000 6418 4845 1582 3273 1572 1158 810 630 2492 1179 1573 774 1667 348 691 515 426 1430 1093 309 232 424 1184 384 346 303 316 825 734 405 744 554 204 777 345 153 393 301 308 781 697 684 300 220 180 518 505 370 209 147 84 374 61 237 179 124 364 94 343 174 169
is_linear=0
shrinkage=0.05


Tree=8
num_leaves=63
num_cat=0
split_feature=0 0 0 2 2 2 2 1 1 2 2 2 7 0 7 7 1 1 1 1 1 2 7 1 7 7 7 7 1 1 7 1 7 1 1 7 1 1 1 7 7 1 7 1 1 7 1 1 2 7 7 1 7 1 7 0 7 1 1 1 7 7
split_gain=2.41942e+06 349217 278368 194076 80448.4 76075.8 74424.3 38520.9 39610.8 33705.1 33524.9 21056.4 16512.7 15293.6 13595.8 12537.3 11334.2 16313.3 11192.9 14864.9 10598.5 10148.4 9198.5 8511.39 8286.87 15143.6 7287.03 7051.72 6803.07 8279.22 6656.83 5981.56 5594.83 5475.51 8562.55 5337.52 5207.54 5877.55 4951.52 4919.8 4559.93 4538.42 4402.84 4354.67 4613.16 4306.44 4280.03 5667.91 4134.06 3778.25 3709.44 3364.8 3320.2 3300.9 3146.49 3127.03 3103.92 2878.75 3427.32 2851.48 2802.83 2745.72
threshold=3.5000000000000004 2.5000000000000004 1.5000000000000002 1.0000000180025095e-35 1.0000000180025095e-35 1.0000000180025095e-35 2.5000000000000004 2.5000000000000004 1.0000000180025095e-35 2.5000000000000004 2.5000000000000004 1.0000000180025095e-35 15.500000000000002 1.0000000180025095e-35 1.5000000000000002 14.500000000000002 2.5000000000000004 1.5000000000000002 2.5000000000000004 1.0000000180025095e-35 2.5000000000000004 2.5000000000000004 17.500000000000004 1.0000000180025095e-35 1.5000000000000002 2.5000000000000004 14.500000000000002 1.5000000000000002 2.5000000000000004 1.5000000000000002 1.5000000000000002 1.5000000000000002 1.5000000000000002 2.5000000000000004 1.5000000000000002 16.500000000000004 2.5000000000000004 1.0000000180025095e-35 1.0000000180025095e-35 1.5000000000000002 1.5000000000000002 1.5000000000000002 15.500000000000002 2.5000000000000004 1.5000000000000002 2.5000000000000004 2.5000000000000004 1.0000000180025095e-35 1.5000000000000002 14.500000000000002 2.5000000000000004 1.5000000000000002 17.500000000000004 2.5000000000000004 1.5000000000000002 1.0000000180025095e-35 16.500000000000004 2.5000000000000004 1.5000000000000002 1.5000000000000002 14.500000000000002 14.500000000000002
decision_type=2 2 2 2 2 2 2 2 2 2 2 2 2 2 2 2 2 2 2 2 2 2 2 2 2 2 2 2 2 2 2 2 2 2 2 2 2 2 2 2 2 2 2 2 2 2 2 2 2 2 2 2 2 2 2 2 2 2 2 2 2 2
left_child=1 2 4 20 42 39 7 8 35 13 12 -3 18 27 -8 24 17 38 19 -7 23 32 28 -2 -10 -26 40 -6 29 -15 -12 -27 -13 34 -29 -5 37 -32 -16 -4 -11 -21 55 44 -34 -42 47 -14 -9 -19 -41 -17 57 59 -31 -1 -25 58 -52 -47 -50 -23
right_child=3 11 5 6 9 10 14 48 15 26 30 21 46 22 16 51 -18 49 -20 41 -22 61 -24 56 25 31 -28 33 -30 54 36 -33 43 -35 -36 -37 -38 -39 -40 50 45 -43 -44 -45 -46 53 -48 -49 60 -51 52 -53 -54 -55 -56 -57 -58 -59 -60 -61 -62 -63
leaf_value=-1.097142293694251 0.59897672078235353 -1.398147202518728 -0.73016996051256478 1.8543972663495734 -0.8187398813947846 0.32033580940290796 0.5952407485303971 1.472375532888597 1.9611244377337007 -1.0457963078110308 -0.39527989463725444 -1.2698397269615762 0.87479670577579083 -0.16814262810370698 1.179997869081135 3.0051971618945785 1.0603258579582364 2.1112896434047768 0.2383416317842284 0.73275290675485483 0.4405671591847396 -1.2539550370375316 0.42338614746235143 1.0945026548827688 3.8097821935017908 2.3974219106409671 -0.36115484250481855 -0.38347792925999102 -0.38310944721736812 -0.2712499051139905 0.011963009146543649 2.8830973811068779 -0.85882572019603887 -0.57790679384045807 0.026411020996729064 2.5765342712402344 -0.1071132055895273 0.50501867264509204 1.753253251976437 0.43568136401119689 -0.16327617593802687 1.1153844440176797 -0.69761905163526539 -1.0487792965842455 -0.5480867336193721 -0.70523953953471918 0.69170831884656636 1.5828419861040617 1.7917973460573138 2.8591396888097127 -0.35041382957554468 3.5767832064161116 0.20927777426583427 -0.9065479080200195 0.32206283870076985 -0.87169099676890005 1.651898139098595 -0.61447349290053055 0.078201701119542125 -0.40173974799547801 2.4549998328799294 -0.95894101802433773
leaf_weight=319 94 389 52 174 79 151 39 93 38 81 48 78 45 386 79 52 77 57 157 154 121 300 86 180 30 137 221 391 188 26 91 118 355 163 189 30 86 180 72 21 43 156 165 164 180 241 35 76 66 24 159 51 35 125 159 297 29 60 66 114 21 107
leaf_count=319 94 389 52 174 79 151 39 93 38 81 48 78 45 386 79 52 77 57 157 154 121 300 86 180 30 137 221 391 188 26 91 118 355 163 189 30 86 180 72 21 43 156 165 164 180 241 35 76 66 24 159 51 35 125 159 297 29 60 66 114 21 107
internal_value=-2.16432e-09 -0.431702 -0.221549 1.75137 -0.484204 0.325315 2.08647 2.34921 2.53352 -0.345431 0.526135 -1.07899 0.719 -0.21607 1.47493 2.80787 1.58596 1.76042 0.602968 0.727147 0.836151 -0.974138 -0.0666993 0.994123 2.6547 2.74718 -0.606818 -0.36962 -0.122229 -0.0363355 0.157548 2.62217 -0.868193 -0.321867 -0.249911 1.96059 0.231877 0.339454 1.45334 -0.277144 -0.696705 0.925303 -0.927001 -0.823374 -0.754278 -0.642639 1.17866 1.31952 1.70414 2.33287 -0.208061 3.28822 -0.250307 -0.685582 0.238678 -0.988443 1.17184 -0.306747 -0.224687 -0.607778 1.95188 -1.1764
internal_weight=8000 6418 4845 1582 3273 1572 1158 810 630 2492 1179 1573 774 1667 348 426 309 232 618 461 424 1184 845 303 323 285 825 822 759 571 405 255 777 743 580 204 357 271 151 393 604 310 781 699 535 523 156 121 180 81 341 103 320 480 185 616 209 285 225 355 87 407
internal_count=8000 6418 4845 1582 3273 1572 1158 810 630 2492 1179 1573 774 1667 348 426 309 232 618 461 424 1184 845 303 323 285 825 822 759 571 405 255 777 743 580 204 357 271 151 393 604 310 781 699 535 523 156 121 180 81 341 103 320 480 185 616 209 285 225 355 87 407
is_linear=0
shrinkage=0.05


Tree=9
num_leaves=63
num_cat=0
split_feature=0 0 0 2 2 2 2 1 1 2 2 2 7 7 7 1 1 7 0 7 7 7 2 7 7 7 1 1 7 1 1 7 1 1 1 7 7 7 7 7 1 1 7 7 7 1 7 7 2 1 1 1 7 7 1 1 7 7 7 1 1 7
split_gain=2.18353e+06 315169 251227 175154 72604.7 68658.4 67168 34765.1 35748.8 30418.9 30256.2 19003.4 14993.5 14054.3 12711.3 11697.2 14892.4 11696 11634.5 10059.6 11788.7 9772.8 9158.92 8690.94 12099.7 8115.73 7902.88 10447.9 6625.15 6299.24 6225.99 6169.1 6139.77 7472 5511.2 5192.94 5187.03 5103.18 4817.11 4558.32 4511.51 4736.71 4487.99 4440.12 4240.47 4237.76 4072.55 3926.86 3730.98 3729.74 5652.18 3635.2 3420.86 3347.77 3254.66 3529.64 2996.48 2907.89 5841.43 2855.81 3562.98 2839.71
threshold=3.5000000000000004 2.5000000000000004 1.5000000000000002 1.0000000180025095e-35 1.0000000180025095e-35 1.0000000180025095e-35 2.5000000000000004 2.5000000000000004 1.0000000180025095e-35 2.5000000000000004 2.5000000000000004 1.0000000180025095e-35 17.500000000000004 17.500000000000004 17.500000000000004 2.5000000000000004 1.0000000180025095e-35 17.500000000000004 1.0000000180025095e-35 1.5000000000000002 2.5000000000000004 1.5000000000000002 2.5000000000000004 1.5000000000000002 2.5000000000000004 17.500000000000004 2.5000000000000004 1.0000000180025095e-35 15.500000000000002 1.5000000000000002 2.5000000000000004 15.500000000000002 2.5000000000000004 1.5000000000000002 1.0000000180025095e-35 1.5000000000000002 17.500000000000004 1.5000000000000002 16.500000000000004 2.5000000000000004 2.5000000000000004 1.0000000180025095e-35 2.5000000000000004 1.5000000000000002 1.5000000000000002 2.5000000000000004 1.5000000000000002 1.5000000000000002 1.5000000000000002 2.5000000000000004 1.5000000000000002 1.0000000180025095e-35 18.500000000000004 2.5000000000000004 2.5000000000000004 1.0000000180025095e-35 17.500000000000004 9.5000000000000018 11.500000000000002 2.5000000000000004 1.0000000180025095e-35 1.5000000000000002
decision_type=2 2 2 2 2 2 2 2 2 2 2 2 2 2 2 2 2 2 2 2 2 2 2 2 2 2 2 2 2 2 2 2 2 2 2 2 2 2 2 2 2 2 2 2 2 2 2 2 2 2 2 2 2 2 2 2 2 2 2 2 2 2
left_child=1 2 4 19 44 43 7 8 38 13 12 -3 15 18 21 16 -7 23 35 -2 -21 -8 36 -10 -25 30 27 -23 40 -26 34 46 33 -20 -22 -6 47 -18 -5 -39 41 -11 -37 -4 -1 51 -12 -13 -9 50 -44 -46 -15 -45 55 -49 -55 -31 -59 60 -48 -35
right_child=3 11 5 6 9 10 14 48 17 28 31 22 -14 52 -16 -17 37 -19 32 20 25 26 -24 24 29 -27 -28 -29 -30 57 -32 -33 -34 61 -36 42 -38 39 -40 -41 -42 -43 49 53 45 -47 59 54 -50 -51 -52 -53 -54 56 -56 -57 -58 58 -60 -61 -62 -63
leaf_value=-1.2162556966145834 0.0066951675139166212 -1.3282398190780287 -0.69366148154322926 1.7616774093145613 -0.77780290608164637 0.34401046659578299 0.56547870177489068 1.3987567408110506 1.8630682142157307 -0.80165096874914932 -0.37551589617505671 -1.2063477448928053 1.3180170765842301 0.46582969322800638 2.3675144349375077 0.25488076133822857 0.36095640949300822 3.4596633820306688 -0.15973549731608983 1.9428858280181887 0.49281060552845402 1.0913109963734946 -1.1175762327648791 3.6192930412292483 2.3603599356476375 1.4801195682623449 0.94670010079508238 1.8283234834671021 -0.3034046553586211 2.551139085254972 0.37123141897621981 0.52830371162470646 -0.36395397743487612 -0.25768741031105702 1.0200819801796908 0.16445654347538949 -0.47443093236896305 1.6595361357149869 2.4477075322469077 0.9277883244711056 -0.87222740918221564 -0.46475317354041445 -0.43550495103093018 0.41389729210308623 -0.95938448405560151 -1.040152831375599 -0.074090778608532512 -0.97051631328132426 1.8542866504055331 -0.61122628271147827 -0.07111767618622207 -0.67199201522280982 0.012836777924121114 -0.29140965450097595 -1.0379394651292921 -0.67228795576805611 0.198813881618636 3.6795465925465458 2.7444842807582166 -0.14856853325602035 0.37084187339795266 0.30595969729266081
leaf_weight=84 37 389 52 174 79 170 39 93 38 153 48 78 83 80 31 176 37 42 386 24 72 75 407 30 169 39 69 134 175 63 93 85 188 26 159 40 93 23 30 285 169 328 326 21 162 192 68 144 87 138 158 343 87 285 143 319 35 23 61 71 133 159
leaf_count=84 37 389 52 174 79 170 39 93 38 153 48 78 83 80 31 176 37 42 386 24 72 75 407 30 169 39 69 134 175 63 93 85 188 26 159 40 93 23 30 285 169 328 326 21 162 192 68 144 87 138 158 343 87 285 143 319 35 23 61 71 133 159
internal_value=5.52059e-10 -0.410117 -0.210472 1.6638 -0.459994 0.309049 1.98215 2.23175 2.40684 -0.328159 0.499828 -1.02504 0.68305 -0.205266 1.40119 0.60678 0.727041 2.66748 -0.253708 0.794343 0.869648 1.30669 -0.925431 2.58084 2.65967 0.79869 1.41067 1.56385 -0.576477 2.56856 0.716666 0.14967 -0.116118 -0.0345187 0.855738 -0.39464 -0.824783 0.915781 1.86256 0.982432 -0.649997 -0.571916 -0.348916 -0.263287 -0.880651 -0.840205 0.0490958 -0.872419 1.61893 -0.38193 -0.316552 -0.764185 0.229839 -0.197658 -0.829438 -0.765041 -0.237791 2.80792 3.00051 0.124027 0.220317 0.226744
internal_weight=8000 6418 4845 1582 3273 1572 1158 810 630 2492 1179 1573 774 1667 348 691 515 426 1500 424 387 317 1184 384 346 363 278 209 825 316 324 405 759 571 231 741 777 345 204 308 650 481 662 393 781 697 320 684 180 622 484 505 167 341 606 463 320 147 84 272 201 185
internal_count=8000 6418 4845 1582 3273 1572 1158 810 630 2492 1179 1573 774 1667 348 691 515 426 1500 424 387 317 1184 384 346 363 278 209 825 316 324 405 759 571 231 741 777 345 204 308 650 481 662 393 781 697 320 684 180 622 484 505 167 341 606 463 320 147 84 272 201 185
is_linear=0
shrinkage=0.05


Tree=10
num_leaves=63
num_cat=0
split_feature=0 0 0 2 2 2 2 1 1 2 2 2 7 7 7 7 1 1 7 7 0 2 7 2 7 0 7 1 1 7 7 7 7 1 1 1 7 7 1 1 1 1 1 1 7 1 7 7 7 7 1 1 1 1 1 1 0 1 7 1 7 1
split_gain=1.97063e+06 284440 226732 158076 65525.7 61964.2 60619.1 31375.5 32263.3 27453.1 27306.3 17150.5 13898.8 12929.6 11740 10705.2 9099.48 12186.3 9078.8 10639.3 8782.92 8265.93 7424.66 7355.31 7242.49 6186.85 5633.63 5628.51 8491.08 5193.13 4810.73 8104.38 4747.95 4699.75 4592.77 4660.36 4395.99 4347.44 4330.83 4420.94 4309.3 6362.82 4301.9 5977.55 4240.33 4196.02 3940.3 4674.34 3933.54 3717.47 3663.74 4940.72 3578.56 3361.15 3329.36 4638.35 3259.8 3254.36 3106.37 2887.71 2617.59 2581.85
threshold=3.5000000000000004 2.5000000000000004 1.5000000000000002 1.0000000180025095e-35 1.0000000180025095e-35 1.0000000180025095e-35 2.5000000000000004 2.5000000000000004 1.0000000180025095e-35 2.5000000000000004 2.5000000000000004 1.0000000180025095e-35 15.500000000000002 14.500000000000002 14.500000000000002 14.500000000000002 2.5000000000000004 1.5000000000000002 1.5000000000000002 2.5000000000000004 1.0000000180025095e-35 2.5000000000000004 14.500000000000002 1.5000000000000002 1.5000000000000002 1.0000000180025095e-35 9.5000000000000018 2.5000000000000004 1.5000000000000002 1.5000000000000002 1.5000000000000002 2.5000000000000004 15.500000000000002 2.5000000000000004 2.5000000000000004 1.5000000000000002 1.5000000000000002 16.500000000000004 2.5000000000000004 1.5000000000000002 2.5000000000000004 1.0000000180025095e-35 2.5000000000000004 1.0000000180025095e-35 17.500000000000004 1.0000000180025095e-35 10.500000000000002 14.500000000000002 17.500000000000004 15.500000000000002 2.5000000000000004 1.0000000180025095e-35 1.5000000000000002 1.0000000180025095e-35 2.5000000000000004 1.5000000000000002 1.0000000180025095e-35 1.5000000000000002 1.5000000000000002 1.5000000000000002 2.5000000000000004 2.5000000000000004
decision_type=2 2 2 2 2 2 2 2 2 2 2 2 2 2 2 2 2 2 2 2 2 2 2 2 2 2 2 2 2 2 2 2 2 2 2 2 2 2 2 2 2 2 2 2 2 2 2 2 2 2 2 2 2 2 2 2 2 2 2 2 2 2
left_child=1 2 4 18 48 42 7 8 37 13 12 -3 16 20 24 23 17 29 -2 -20 38 32 33 36 -8 61 -12 28 -26 -7 -22 -32 58 45 35 -16 -10 -5 39 -6 41 -15 43 -4 -27 -21 -28 -48 56 -9 51 -14 -25 -31 55 -33 -1 -38 -13 -17 -60 -11
right_child=3 11 5 6 9 10 14 49 15 25 26 21 50 40 34 59 -18 -19 19 22 30 -23 -24 52 27 44 46 -29 -30 53 31 54 -34 -35 -36 -37 57 -39 -40 -41 -42 -43 -44 -45 -46 -47 47 -49 -50 -51 -52 -53 -54 -55 -56 -57 -58 -59 60 -61 -62 -63
leaf_value=-0.98031307864820061 0.0063604147576198384 -1.2618278375934513 -0.47221338878763786 1.6735935166991991 -0.44732641786990873 -0.10247808197779316 0.5372047592432071 1.4243702344596387 1.5412963887055717 -0.61321142221697511 -0.048486234217581123 -1.1460303648924215 0.78571838219960544 -0.17994268456998383 1.7213109141901921 2.7157788625130288 0.21368050979580852 1.0138632392271971 1.8457415223121645 0.40272100354576934 -0.49989554681247328 -1.0616974092818594 1.1204779003180709 2.4298307509649373 1.1657960068599313 -0.47483085456468893 0.88782307042015918 0.83080629562890085 1.914309054926822 0.36711583394946445 0.51751694273948667 -0.19603260822082294 -0.56006590802590928 0.28941052775684889 1.2385293380073881 2.6112867395083112 2.0486853061578212 2.3253221257527672 -0.65560241341590886 -0.12979109972983063 -0.22228117615303344 0.3013637994027254 -0.54934433596613619 -0.0003249825518578291 0.0066592796490742611 0.9166442865044081 -0.061397936602433527 0.4554243261420301 -0.51121271051556227 1.9924343824386597 0.62007860677582882 1.4467846073602377 2.9197624619327378 0.71995272856643977 -0.38880877304921113 0.18373493928590726 -0.76411771598906642 2.5182950087956022 -0.41901454284787176 3.245294428806679 -0.84010685286279652 -0.9018367115056739
leaf_weight=359 37 389 101 174 319 35 39 144 24 288 198 78 45 103 38 52 157 156 24 58 82 407 102 84 113 379 27 54 57 134 50 262 182 77 23 24 78 30 138 167 111 206 92 200 52 126 75 105 83 36 35 76 67 136 113 116 339 70 40 51 477 106
leaf_count=359 37 389 101 174 319 35 39 144 24 288 198 78 45 103 38 52 157 156 24 58 82 407 102 84 113 379 27 54 57 134 50 262 182 77 23 24 78 30 138 167 111 206 92 200 52 126 75 105 83 36 35 76 67 136 113 116 339 70 40 51 477 106
internal_value=-3.55596e-10 -0.389611 -0.199948 1.58061 -0.436995 0.293597 1.88304 2.12016 2.2865 -0.311751 0.474836 -0.973793 0.648897 -0.195003 1.33113 2.53411 0.542445 0.65441 0.754626 0.826166 -0.275817 -0.879159 0.758756 2.39257 1.16603 -0.547654 0.142187 1.27551 1.41677 0.470559 -0.143015 -0.0889221 -0.783544 0.617393 1.84196 2.06582 2.16901 1.76944 -0.408406 -0.338214 0.0449372 0.140928 -0.250123 -0.158666 -0.416739 0.754647 0.32457 0.240082 -0.836618 1.53798 1.07061 1.20093 2.64722 0.544841 -0.150678 -0.0794902 -0.875313 2.2708 -0.851902 2.97797 -0.807527 -0.690862
internal_weight=8000 6418 4845 1582 3273 1572 1158 810 630 2492 1179 1573 774 1667 348 426 618 461 424 387 1247 1184 363 323 263 825 405 224 170 305 623 541 777 261 85 62 172 204 624 486 420 309 393 301 431 184 207 180 781 180 156 121 151 270 491 378 698 148 595 103 517 394
internal_count=8000 6418 4845 1582 3273 1572 1158 810 630 2492 1179 1573 774 1667 348 426 618 461 424 387 1247 1184 363 323 263 825 405 224 170 305 623 541 777 261 85 62 172 204 624 486 420 309 393 301 431 184 207 180 781 180 156 121 151 270 491 378 698 148 595 103 517 394
is_linear=0
shrinkage=0.05


Tree=11
num_leaves=63
num_cat=0
split_feature=0 0 0 2 2 2 2 1 1 2 2 2 7 7 0 7 7 1 1 1 7 2 2 1 1 1 7 7 7 7 1 1 7 7 1 1 7 7 1 1 1 1 7 7 7 1 1 1 2 1 1 1 7 7 0 7 7 2 7 7 7 7
split_gain=1.7785e+06 256707 204626 142664 59137 55922.7 54708.7 28316.4 29117.6 24776.4 24643.9 15478.4 12581.1 11941.8 10791.6 10722.2 9921.62 9511.78 12192.2 8270.32 7924.22 7679.34 7460 6720.62 6415.04 8870.6 6047.35 6561.69 6045.97 5216.8 4969.1 4887.34 4669.18 4372.25 4282.98 4933.25 4251.9 4152.33 4079.49 6584.61 3987.04 5177.45 3925.34 3923.57 3772.13 3837.17 3452.26 3440.44 3390.85 3372.08 3357.39 3296.2 2974.14 2721.4 2695.01 2593.82 2509.66 2483.79 2436.09 6571.34 2432.99 2410.38
threshold=3.5000000000000004 2.5000000000000004 1.5000000000000002 1.0000000180025095e-35 1.0000000180025095e-35 1.0000000180025095e-35 2.5000000000000004 2.5000000000000004 1.0000000180025095e-35 2.5000000000000004 2.5000000000000004 1.0000000180025095e-35 17.500000000000004 1.5000000000000002 1.0000000180025095e-35 17.500000000000004 17.500000000000004 2.5000000000000004 1.0000000180025095e-35 2.5000000000000004 1.5000000000000002 1.5000000000000002 2.5000000000000004 1.0000000180025095e-35 2.5000000000000004 1.0000000180025095e-35 17.500000000000004 2.5000000000000004 1.5000000000000002 1.5000000000000002 2.5000000000000004 1.5000000000000002 1.5000000000000002 17.500000000000004 2.5000000000000004 1.0000000180025095e-35 1.5000000000000002 2.5000000000000004 2.5000000000000004 1.5000000000000002 2.5000000000000004 1.5000000000000002 1.5000000000000002 16.500000000000004 1.5000000000000002 2.5000000000000004 1.5000000000000002 2.5000000000000004 1.5000000000000002 1.0000000180025095e-35 1.5000000000000002 1.0000000180025095e-35 2.5000000000000004 17.500000000000004 1.0000000180025095e-35 14.500000000000002 15.500000000000002 1.5000000000000002 9.5000000000000018 10.500000000000002 14.500000000000002 17.500000000000004
decision_type=2 2 2 2 2 2 2 2 2 2 2 2 2 2 2 2 2 2 2 2 2 2 2 2 2 2 2 2 2 2 2 2 2 2 2 2 2 2 2 2 2 2 2 2 2 2 2 2 2 2 2 2 2 2 2 2 2 2 2 2 2 2
left_child=1 2 4 19 44 42 7 8 43 13 12 -3 17 -6 38 20 21 18 -7 23 -8 32 33 -2 25 -22 27 -16 -11 -12 31 54 -10 47 35 -31 -20 -38 39 -15 41 -29 -4 57 -1 51 -23 49 -9 -13 -34 -46 -44 -54 -30 -25 -24 -5 -39 -60 -61 -37
right_child=3 11 5 6 9 10 15 48 16 28 29 22 -14 14 26 -17 -18 -19 36 -21 24 46 56 55 -26 -27 -28 40 30 34 -32 -33 50 -35 -36 61 37 58 -40 -41 -42 -43 52 -45 45 -47 -48 -49 -50 -51 -52 -53 53 -55 -56 -57 -58 -59 59 60 -62 -63
leaf_value=-1.1113174097878593 0.50531573501673155 -1.1987364570401935 -0.64227424104912922 1.4216028094906168 -0.59454850021356387 0.30846287301358055 0.51034452334428448 1.2511867841084801 1.4642316261927286 -0.93049398999155297 -0.35431579419722165 -0.9154465394467115 1.1980992779674302 -0.33215016454000912 0.49164109420776364 2.152077305701471 3.1370230175199967 0.22925906815269795 0.31936966908239839 0.3674515344510394 0.97401152958472581 2.3691909381321499 -1.0724038741418294 0.91688642866181924 0.85339300373326188 1.6531160304795449 0.38552586240477343 -0.14156518789515218 -0.65158851638968507 -0.0015934283916766827 -0.69625779544052335 -0.18586826535679091 2.0029365748167041 -0.42270610462273323 -0.10655032229977986 0.37835525608597659 1.5328944496486498 0.68467501517680063 -0.4981342139516734 0.027292680661021557 -0.3235681332167118 0.21739084893307681 0.40051087488730747 2.2090560722351076 -0.87017768459555556 -0.94690326539178704 2.8118543708324433 -0.986190400066146 1.6854566734412622 -0.63933658845431318 2.4330886752106426 -0.59651348862373454 -0.26483471533708408 0.20234595907585962 -0.38175402777631162 1.3326586236759108 -0.76695603847503668 1.8019420930317471 1.8190862178802492 0.66527321926857308 1.1143631391525268 0.91660180886586518
leaf_weight=84 94 389 52 97 161 170 39 93 24 81 48 160 83 391 50 31 42 176 37 121 75 98 322 160 69 134 86 327 168 91 190 180 96 93 86 156 23 139 163 189 155 145 21 30 162 192 80 166 87 358 86 343 285 35 206 49 85 77 20 76 50 24
leaf_count=84 94 389 52 97 161 170 39 93 24 81 48 160 83 391 50 31 42 176 37 121 75 98 322 160 69 134 86 327 168 91 190 180 96 93 86 156 23 139 163 189 155 145 21 30 162 192 80 166 87 358 86 343 285 35 206 49 85 77 20 76 50 24
internal_value=4.08012e-10 -0.370131 -0.189951 1.50158 -0.415145 0.278917 1.78889 2.01415 2.17217 -0.296164 0.451095 -0.925103 0.616453 -0.185253 -0.141497 1.26457 2.4074 0.546588 0.655034 0.716895 1.17778 2.3276 -0.835201 0.856442 1.27141 1.40942 -0.00941799 -0.0595881 -0.520271 0.135077 -0.47561 -0.399936 2.11975 -0.744367 0.200878 0.298439 0.825808 0.886646 -0.277131 -0.215021 -0.103546 -0.0312927 -0.237617 1.68096 -0.794787 -0.75664 2.56814 -0.788102 1.46108 -0.724622 2.2062 -0.684303 -0.175909 -0.213737 -0.502963 1.01436 -1.00861 1.58991 0.834493 0.977128 0.843484 0.450121
internal_weight=8000 6418 4845 1582 3273 1572 1158 810 630 2492 1179 1573 774 1667 1506 348 426 691 515 424 317 384 1184 303 278 209 763 677 825 405 744 554 206 777 357 271 345 308 743 580 627 472 393 204 781 697 178 684 180 518 182 505 341 320 374 209 407 174 285 146 126 180
internal_count=8000 6418 4845 1582 3273 1572 1158 810 630 2492 1179 1573 774 1667 1506 348 426 691 515 424 317 384 1184 303 278 209 763 677 825 405 744 554 206 777 357 271 345 308 743 580 627 472 393 204 781 697 178 684 180 518 182 505 341 320 374 209 407 174 285 146 126 180
is_linear=0
shrinkage=0.05


Tree=12
num_leaves=63
num_cat=0
split_feature=0 0 0 2 2 2 2 1 1 2 2 2 7 7 7 7 7 7 7 7 0 7 2 2 1 1 7 1 1 7 1 1 7 1 1 1 1 1 1 1 1 1 1 7 7 7 7 7 7 7 7 1 1 1 1 2 1 7 1 0 1 0
split_gain=1.60509e+06 231678 184675 128754 53371.1 50470.2 49374.6 25555.5 26278.6 22360.7 22241.1 13969.2 11512.2 11210.4 9879.67 9037.9 8141.89 9595.17 7933.54 9362.8 7315.71 6823.74 6732.65 5979.19 5941.83 8346.3 5618.87 5216.58 7106.37 4835.29 4599.08 4416.39 4048.61 3935.84 4048.54 3862.91 5308.86 3819.72 5354.93 3688.06 5176.31 3632.89 5528.17 3630.33 4573.68 3614.02 3922.61 3592.4 3556.33 3553.89 3377.55 3291.84 3803.2 3093.15 4222.9 3023.54 2929.79 2893.61 2687.75 2559.55 2455.28 2450.3
threshold=3.5000000000000004 2.5000000000000004 1.5000000000000002 1.0000000180025095e-35 1.0000000180025095e-35 1.0000000180025095e-35 2.5000000000000004 2.5000000000000004 1.0000000180025095e-35 2.5000000000000004 2.5000000000000004 1.0000000180025095e-35 15.500000000000002 14.500000000000002 14.500000000000002 14.500000000000002 1.5000000000000002 2.5000000000000004 1.5000000000000002 2.5000000000000004 1.0000000180025095e-35 17.500000000000004 2.5000000000000004 1.5000000000000002 2.5000000000000004 1.0000000180025095e-35 14.500000000000002 2.5000000000000004 1.0000000180025095e-35 17.500000000000004 2.5000000000000004 1.5000000000000002 1.5000000000000002 2.5000000000000004 1.5000000000000002 2.5000000000000004 1.0000000180025095e-35 2.5000000000000004 1.0000000180025095e-35 2.5000000000000004 1.0000000180025095e-35 2.5000000000000004 1.0000000180025095e-35 1.5000000000000002 2.5000000000000004 1.5000000000000002 2.5000000000000004 14.500000000000002 14.500000000000002 1.5000000000000002 15.500000000000002 2.5000000000000004 1.5000000000000002 2.5000000000000004 1.0000000180025095e-35 1.5000000000000002 1.5000000000000002 10.500000000000002 1.5000000000000002 1.0000000180025095e-35 1.5000000000000002 1.0000000180025095e-35
decision_type=2 2 2 2 2 2 2 2 2 2 2 2 2 2 2 2 2 2 2 2 2 2 2 2 2 2 2 2 2 2 2 2 2 2 2 2 2 2 2 2 2 2 2 2 2 2 2 2 2 2 2 2 2 2 2 2 2 2 2 2 2 2
left_child=1 2 4 16 47 35 7 8 48 13 12 -3 18 20 24 23 -2 -18 -7 -20 43 30 32 49 25 -8 45 28 -21 39 31 -19 -13 34 -16 36 -4 38 -22 40 -12 42 -15 -6 -45 -11 -47 61 -5 -10 -9 52 -34 54 -14 -40 -25 58 -51 -48 -17 -1
right_child=3 11 5 6 9 10 14 50 15 26 29 22 53 41 33 60 17 21 19 27 37 -23 -24 56 -26 -27 -28 -29 -30 -31 -32 -33 51 -35 -36 -37 -38 -39 55 -41 -42 -43 -44 44 -46 46 59 -49 -50 57 -52 -53 -54 -55 -56 -57 -58 -59 -60 -61 -62 -63
leaf_value=-0.9212057047510801 -0.027555118944193869 -1.1387996451713738 -0.43456032076979628 1.4842723528041117 -0.68901240414928033 -0.016578017523431261 0.76830211257934566 1.2797356319096354 1.3910200119018556 -0.88396928604738223 -0.13962949241462508 -1.048816239528167 0.70530870013766822 -0.1635203877988371 1.5560904891867386 2.4531033589289741 1.7170504331588745 0.57600959321664236 1.4110928440093995 0.29863933785603597 -0.31378843740445295 1.3096202275691891 -0.9581819012211934 2.1898797284989131 0.63081452889600775 1.4364952089325076 -0.27853754519809426 0.24051630364851559 0.75440765906721363 0.61096240278819336 0.31267777875226033 1.0413139650696202 -0.70387445774188429 1.1113474016604217 2.3855926076571148 -0.50927979311217431 0.010150917582213878 -0.35381870712727714 -0.089533471869689796 -0.2147510654546998 0.31835046265663225 -0.19792195952891767 0.28510911786630388 0.18832764111459255 -0.36709768986347879 -0.067553455191989284 -0.68641535834125855 -0.5776448833386294 1.9838222068289053 1.9395194226122918 1.8212060875362821 -0.86499997377395632 -0.42173038521160688 0.55546679990632197 1.316468518031271 0.21371131967753174 2.63318167017467 1.7465437192183275 2.4687601459269626 -0.45529465343952186 2.9413649839513445 -0.71418822337474142
leaf_weight=292 37 389 101 158 79 69 75 144 24 81 95 78 45 103 38 52 24 155 30 130 146 39 407 84 64 124 221 139 250 46 93 76 355 23 24 92 200 146 179 88 176 111 206 40 505 43 230 209 46 47 36 164 180 35 76 152 67 52 49 250 51 280
leaf_count=292 37 389 101 158 79 69 75 144 24 81 95 78 45 103 38 52 24 155 30 130 146 39 407 84 64 124 221 139 250 46 93 76 355 23 24 92 200 146 179 88 176 111 206 40 505 43 230 209 46 47 36 164 180 35 76 152 67 52 49 250 51 280
internal_value=1.11667e-09 -0.351624 -0.180453 1.4265 -0.394388 0.264971 1.69945 1.91345 2.06357 -0.281356 0.42854 -0.878848 0.58563 -0.17599 1.20134 2.28703 0.68105 0.748798 0.488747 0.552258 -0.25124 0.684781 -0.793441 2.15698 1.04989 1.18466 -0.494257 0.502614 0.598487 0.128324 0.609569 0.729097 -0.707149 1.66996 1.87719 -0.225736 -0.139071 -0.130037 -0.0615419 0.0664813 0.157804 0.0474299 0.135566 -0.372249 -0.326333 -0.573188 -0.525055 -0.755048 1.59692 1.95542 1.38803 -0.669023 -0.608947 0.969435 1.08918 0.0497209 2.38658 2.04694 2.20965 -0.56604 2.69486 -0.819868
internal_weight=8000 6418 4845 1582 3273 1572 1158 810 630 2492 1179 1573 774 1667 348 426 424 387 618 549 1247 363 1184 323 263 199 825 519 380 405 324 231 777 85 62 393 301 623 477 359 271 420 309 624 545 604 523 781 204 172 180 699 535 156 121 331 151 148 96 480 103 572
internal_count=8000 6418 4845 1582 3273 1572 1158 810 630 2492 1179 1573 774 1667 348 426 424 387 618 549 1247 363 1184 323 263 199 825 519 380 405 324 231 777 85 62 393 301 623 477 359 271 420 309 624 545 604 523 781 204 172 180 699 535 156 121 331 151 148 96 480 103 572
is_linear=0
shrinkage=0.05


Tree=13
num_leaves=63
num_cat=0
split_feature=0 0 0 2 2 2 2 1 1 2 2 2 2 7 7 7 0 7 7 7 7 2 7 7 1 1 7 1 1 2 7 7 7 1 1 1 1 7 2 1 1 1 1 1 1 1 1 7 7 7 7 1 2 1 1 1 7 7 7 6 7 7
split_gain=1.4486e+06 209089 166669 116201 48167.4 45549.4 44560.6 23063.9 23716.5 20180.5 20072.6 12607.2 10912.9 10437.9 9043.58 8417.62 8215.76 7348.06 8659.64 7014.49 6500 6362.17 6158.43 5623.3 5181.95 7230.61 5117.08 4863.75 8150.22 4700.99 4609.97 4404.47 5956.56 4150.67 3985.79 3805.23 4962.7 3763.51 3742.19 3546.23 4058.07 3540.88 4040.73 3486.28 4791.24 3356.7 3484.67 3273.2 3270.51 3097.65 2902.56 2787.13 2749.42 2735.9 2696.08 2951.55 2629.91 2477.48 2470.62 2505.42 2367.67 2327.51
threshold=3.5000000000000004 2.5000000000000004 1.5000000000000002 1.0000000180025095e-35 1.0000000180025095e-35 1.0000000180025095e-35 2.5000000000000004 2.5000000000000004 1.0000000180025095e-35 2.5000000000000004 2.5000000000000004 1.0000000180025095e-35 1.5000000000000002 17.500000000000004 17.500000000000004 17.500000000000004 1.0000000180025095e-35 1.5000000000000002 2.5000000000000004 1.5000000000000002 15.500000000000002 1.5000000000000002 17.500000000000004 14.500000000000002 2.5000000000000004 1.0000000180025095e-35 15.500000000000002 2.5000000000000004 1.5000000000000002 2.5000000000000004 1.5000000000000002 1.5000000000000002 2.5000000000000004 2.5000000000000004 1.5000000000000002 2.5000000000000004 1.0000000180025095e-35 1.5000000000000002 1.5000000000000002 2.5000000000000004 1.0000000180025095e-35 2.5000000000000004 1.0000000180025095e-35 2.5000000000000004 1.0000000180025095e-35 2.5000000000000004 1.0000000180025095e-35 16.500000000000004 1.5000000000000002 16.500000000000004 18.500000000000004 1.5000000000000002 1.5000000000000002 1.5000000000000002 2.5000000000000004 1.0000000180025095e-35 1.5000000000000002 1.5000000000000002 10.500000000000002 50.500000000000007 2.5000000000000004 17.500000000000004
decision_type=2 2 2 2 2 2 2 2 2 2 2 2 2 2 2 2 2 2 2 2 2 2 2 2 2 2 2 2 2 2 2 2 2 2 2 2 2 2 2 2 2 2 2 2 2 2 2 2 2 2 2 2 2 2 2 2 2 2 2 2 2 2
left_child=1 2 4 17 45 43 7 8 47 13 12 -3 27 16 19 21 35 -2 -19 -8 29 37 33 48 25 -21 39 28 56 57 -12 -18 -33 34 -20 36 -6 -10 -34 40 -11 42 -32 44 -4 46 -1 -5 -14 -9 -15 -23 -38 -39 55 -25 -7 -13 59 -50 -59 -48
right_child=3 11 5 6 9 10 14 49 15 26 30 20 23 50 -16 -17 31 18 22 24 -22 51 -24 54 -26 -27 -28 -29 -30 -31 41 32 38 -35 -36 -37 52 53 -40 -41 -42 -43 -44 -45 -46 -47 61 -49 58 -51 -52 -53 -54 -55 -56 -57 -58 60 -60 -61 -62 -63
leaf_value=-0.8341254650979586 -0.026177357419117076 -1.0818596640098983 -0.41283230881879823 1.4339077376428693 -0.47088578720696461 -0.22016431449548057 0.43361168310810361 1.2412296787800292 1.3214690407117209 -0.67757287701360547 -0.33814251143485308 -0.9963754201546694 0.13544363282140223 0.42515837552957242 1.9563526092037078 2.8447288558596657 -0.43940190958177178 1.6311978598435719 0.54720911311526454 0.88059352302551275 -0.53665937989294421 2.1393572622415973 1.2441392360589445 0.81548192010206333 0.77395943382727928 1.4937164132274798 -0.22955531492403575 0.053441733250053983 0.84059893133460872 -0.9708745678204187 0.00093117371037766184 0.47379928255081183 -0.21369006437887939 0.29704388840304269 0.98924827607054466 -0.53662121203461932 -0.28486633427217417 1.8041146809856099 0.030638282879897696 -0.73118397729283968 -0.36574166980572048 -0.095765979380108598 0.40974712674816455 -0.48381581635254883 0.0096433720663189892 -0.88934230569463502 -0.61028217507096438 1.9994121519724528 0.57427968593008483 1.8744904821569268 0.007891519598919771 2.5370985567569733 -0.014316675555089427 2.192417676504268 0.6338561377217693 1.4145870483838596 0.34892630729975038 -0.32457364752888679 0.46881304541709784 0.98314978567992939 -0.72505865093609578 -0.19833160248634063
leaf_weight=184 37 389 101 174 195 23 39 158 24 153 48 78 31 80 31 42 82 24 155 75 267 98 39 34 69 134 175 93 98 322 91 50 318 93 76 168 204 96 309 169 328 86 180 92 200 208 351 30 67 22 87 80 174 86 31 52 173 40 87 85 477 38
leaf_count=184 37 389 101 174 195 23 39 158 24 153 48 78 31 80 31 42 82 24 155 75 267 98 39 34 69 134 175 93 98 322 91 50 318 93 76 168 204 96 309 169 328 86 180 92 200 208 351 30 67 22 87 80 174 86 31 52 173 40 87 85 477 38
internal_value=-1.31353e-09 -0.334043 -0.171431 1.35518 -0.374668 0.251722 1.61447 1.81777 1.96039 -0.267288 0.407113 -0.834905 0.556348 -0.167191 1.14127 2.17268 -0.208937 0.646998 0.711358 1.06157 -0.753769 2.09917 0.650542 0.744094 1.14966 1.2737 -0.469544 0.368603 0.468296 -0.816985 0.121907 -0.0933165 -0.0513977 0.579091 0.692642 -0.327367 -0.266015 1.90999 -0.0932794 -0.534157 -0.464931 0.183763 0.272469 -0.214449 -0.132118 -0.717296 -0.654842 1.51707 0.618629 1.31863 0.20778 2.31812 -0.160328 1.9876 1.03363 1.17773 0.282145 -0.733703 0.681302 0.802924 -0.694073 -0.57004
internal_weight=8000 6418 4845 1582 3273 1572 1158 810 630 2492 1179 1573 774 1667 348 426 1500 424 387 317 1184 384 363 387 278 209 825 387 294 917 405 759 677 324 231 741 573 206 627 650 481 357 271 393 301 781 573 204 270 180 167 178 378 182 117 86 196 595 239 152 517 389
internal_count=8000 6418 4845 1582 3273 1572 1158 810 630 2492 1179 1573 774 1667 348 426 1500 424 387 317 1184 384 363 387 278 209 825 387 294 917 405 759 677 324 231 741 573 206 627 650 481 357 271 393 301 781 573 204 270 180 167 178 378 182 117 86 196 595 239 152 517 389
is_linear=0
shrinkage=0.05


Tree=14
num_leaves=63
num_cat=0
split_feature=0 0 0 2 2 2 2 7 7 7 2 2 1 1 2 7 7 7 0 1 1 7 7 1 1 7 7 0 1 1 7 7 7 7 7 7 1 1 2 2 7 7 1 1 0 1 1 7 7 7 7 7 2 7 7 7 1 7 1 1 1 7
split_gain=1.30736e+06 188703 150419 104871 43471.1 41108.3 40215.9 20867.4 20325.4 19029 18212.9 18115.5 13719.6 14334 11378 9924.93 9561.95 8310.98 8307.93 7303.71 9574.7 6631.62 7815.33 6113.51 7965.46 5666.83 5210.58 4993.63 4982.2 7604.72 4939.54 27350.2 5578.91 4306.83 4253.76 3753.93 3779.79 4329.64 3525.5 3519.69 3401.52 3400.67 3377.82 3520.12 3323.41 3148.09 3165.92 3057.2 3004.29 2814.91 2602.54 2610.03 2465.63 2452.87 2429.62 2364.86 2297.24 2202.23 2099.22 2049.5 2093.09 1978.18
threshold=3.5000000000000004 2.5000000000000004 1.5000000000000002 1.0000000180025095e-35 1.0000000180025095e-35 1.0000000180025095e-35 2.5000000000000004 1.5000000000000002 2.5000000000000004 17.500000000000004 2.5000000000000004 2.5000000000000004 2.5000000000000004 1.0000000180025095e-35 1.0000000180025095e-35 17.500000000000004 1.5000000000000002 14.500000000000002 1.0000000180025095e-35 2.5000000000000004 1.0000000180025095e-35 1.5000000000000002 2.5000000000000004 2.5000000000000004 1.0000000180025095e-35 14.500000000000002 1.5000000000000002 1.0000000180025095e-35 2.5000000000000004 1.5000000000000002 9.5000000000000018 10.500000000000002 14.500000000000002 15.500000000000002 8.5000000000000018 10.500000000000002 2.5000000000000004 1.5000000000000002 1.5000000000000002 1.5000000000000002 1.5000000000000002 17.500000000000004 2.5000000000000004 1.5000000000000002 1.0000000180025095e-35 2.5000000000000004 1.0000000180025095e-35 14.500000000000002 4.5000000000000009 1.5000000000000002 2.5000000000000004 14.500000000000002 1.5000000000000002 2.5000000000000004 18.500000000000004 14.500000000000002 1.5000000000000002 17.500000000000004 1.0000000180025095e-35 2.5000000000000004 1.0000000180025095e-35 1.5000000000000002
decision_type=2 2 2 2 2 2 2 2 2 2 2 2 2 2 2 2 2 2 2 2 2 2 2 2 2 2 2 2 2 2 2 2 2 2 2 2 2 2 2 2 2 2 2 2 2 2 2 2 2 2 2 2 2 2 2 2 2 2 2 2 2 2
left_child=1 2 4 21 44 40 7 -5 -9 12 16 15 13 52 -3 19 -6 26 38 20 -7 -2 -23 24 -16 45 -8 59 29 58 34 -32 -33 49 48 36 37 -28 -18 56 -4 -29 43 -19 -1 46 -24 61 -15 -13 -42 -52 -10 -40 -11 -55 -22 -46 -20 60 -12 -26
right_child=3 14 5 6 10 11 17 8 9 54 27 33 -14 30 23 -17 18 42 28 -21 39 22 25 -25 47 -27 35 41 -30 -31 31 32 -34 -35 -36 -37 -38 -39 53 -41 50 -43 -44 -45 57 -47 -48 -49 -50 -51 51 -53 -54 55 -56 -57 -58 -59 -60 -61 -62 -63
leaf_value=-0.78081182457046749 -0.024868487989580312 -1.0277666844561659 -0.58041820890055262 0.92652587989294855 -0.52507898086531568 0.25438251900979703 0.41193108948377466 2.8021302163600925 1.218229279413328 2.7895905778214742 -0.71738207343831117 -0.32123538789649808 1.2208445068034861 1.5541416252983942 -0.86663124297435079 1.0451414940946073 -0.34230336918567239 1.4065849605359531 -0.17929944742278642 0.18841059203471311 0.38053722384334027 1.5496380090713502 0.30115823242171058 -0.91286950177840298 -0.8953325850622994 0.9340295903822956 1.0825480411018151 -0.38047586387210086 -0.22645048423616029 0.33133773844549685 3.6821453247070313 1.6305240810618682 2.2572053080699486 0.43217582818339856 1.1492320795853934 0.73768950381749121 0.76684997794104781 1.7217620860698615 0.37504049176755161 0.8777218970353019 0.39292473168600178 0.050715060933278155 0.99651871971462092 2.1800611972808839 -0.6143617612180633 0.2260813396278914 0.74756346305920962 -0.36869568880214248 2.0696323231646891 0.094074377083383953 -0.26617445288391056 0.059628329345260758 1.621427489060622 -0.24033913574339938 2.208464445386614 0.061257499146662397 0.73980717963793063 -0.20811096197245896 0.053883952841970131 -0.76269711087334835 -0.41977418268780886 -0.57657598707704771
leaf_weight=405 37 389 52 74 161 170 39 48 91 37 83 48 144 45 288 83 390 38 184 176 90 24 58 296 56 102 69 379 189 187 25 85 61 85 24 71 41 43 23 167 21 52 23 24 339 77 126 172 76 272 237 83 65 241 35 89 88 37 203 106 205 372
leaf_count=405 37 389 52 74 161 170 39 48 91 37 83 48 144 45 288 83 390 38 184 176 90 24 58 296 56 102 69 379 189 187 25 85 61 85 24 71 41 43 23 167 21 52 23 24 339 77 126 172 76 272 237 83 65 241 35 89 88 37 203 106 205 372
internal_value=7.79808e-11 -0.317341 -0.162859 1.28742 -0.355935 0.239136 1.53375 1.72689 1.80736 1.73795 -0.253923 0.386757 1.64805 1.77839 -0.79316 0.528531 -0.158831 1.08421 -0.119677 0.466478 0.561507 0.614648 0.67579 -0.716081 -0.650485 0.618015 0.945299 -0.446067 -0.00378983 0.0695253 1.97199 2.15402 1.89236 0.115812 1.75731 1.03816 1.1776 1.32796 -0.238684 0.712843 -0.203727 -0.328453 1.51402 1.706 -0.681431 0.494515 0.606849 -0.546734 1.87792 0.0317779 -0.146284 -0.181669 1.38623 -0.124204 2.5071 -0.158999 0.558154 -0.574385 -0.0569836 -0.574727 -0.505543 -0.618282
internal_weight=8000 6418 4845 1582 3273 1572 1158 810 736 688 2492 1179 616 472 1573 774 1667 348 1506 691 515 424 387 1184 888 363 263 825 763 574 316 171 146 405 145 224 153 112 743 345 393 431 85 62 781 261 184 600 121 320 341 320 156 353 72 330 178 376 387 394 288 428
internal_count=8000 6418 4845 1582 3273 1572 1158 810 736 688 2492 1179 616 472 1573 774 1667 348 1506 691 515 424 387 1184 888 363 263 825 763 574 316 171 146 405 145 224 153 112 743 345 393 431 85 62 781 261 184 600 121 320 341 320 156 353 72 330 178 376 387 394 288 428
is_linear=0
shrinkage=0.05


Tree=15
num_leaves=63
num_cat=0
split_feature=0 0 0 2 2 2 2 1 1 2 2 2 7 2 7 7 7 1 1 1 7 7 7 1 2 7 7 7 1 1 2 1 1 7 0 1 7 1 1 1 2 1 1 7 1 2 7 7 1 1 7 1 1 7 7 7 1 1 1 7 7 0
split_gain=1.17989e+06 170304 135753 94646.1 39232.7 37100.3 36294.9 19150.5 19885.5 16437.2 16349.3 10268.7 9891.44 9311.49 9235.64 8258.8 7627.03 6747.17 9506.49 6006.57 5687.9 5548.21 5530.25 5365.53 5079.69 5026.95 4806.47 4768.06 4279.7 6158.75 4202.94 4081.69 6797.79 4004.61 3955.99 3475.22 3290.57 3137.83 4332.92 3127.82 3042.28 2998.48 4664.85 2961.87 2728.16 2679.5 2513.09 2353.38 2289.91 2541.12 2269.34 2128.11 2177.01 2107.18 2020.28 1945.12 1930.26 3227.38 1911.71 1887.32 1918.32 1865.66
threshold=3.5000000000000004 2.5000000000000004 1.5000000000000002 1.0000000180025095e-35 1.0000000180025095e-35 1.0000000180025095e-35 2.5000000000000004 2.5000000000000004 1.5000000000000002 2.5000000000000004 2.5000000000000004 1.0000000180025095e-35 1.5000000000000002 1.5000000000000002 16.500000000000004 2.5000000000000004 17.500000000000004 2.5000000000000004 1.0000000180025095e-35 2.5000000000000004 1.5000000000000002 15.500000000000002 14.500000000000002 1.0000000180025095e-35 1.5000000000000002 17.500000000000004 14.500000000000002 1.5000000000000002 2.5000000000000004 1.0000000180025095e-35 2.5000000000000004 2.5000000000000004 1.5000000000000002 17.500000000000004 1.0000000180025095e-35 1.0000000180025095e-35 1.5000000000000002 2.5000000000000004 1.5000000000000002 2.5000000000000004 1.5000000000000002 2.5000000000000004 1.5000000000000002 1.5000000000000002 1.5000000000000002 1.5000000000000002 17.500000000000004 1.5000000000000002 2.5000000000000004 1.0000000180025095e-35 13.500000000000002 2.5000000000000004 1.0000000180025095e-35 9.5000000000000018 16.500000000000004 14.500000000000002 2.5000000000000004 1.5000000000000002 1.5000000000000002 10.500000000000002 5.5000000000000009 1.0000000180025095e-35
decision_type=2 2 2 2 2 2 2 2 2 2 2 2 2 2 2 2 2 2 2 2 2 2 2 2 2 2 2 2 2 2 2 2 2 2 2 2 2 2 2 2 2 2 2 2 2 2 2 2 2 2 2 2 2 2 2 2 2 2 2 2 2 2
left_child=1 2 4 19 36 37 7 8 12 14 13 -3 -5 31 17 -14 20 18 -6 23 -8 30 35 -2 -20 45 43 -11 29 -22 51 32 47 41 -29 59 -1 38 -4 44 -9 42 -12 -15 -38 -10 -36 -7 49 -28 -45 52 -13 -34 -25 -42 57 -16 -31 60 -17 -26
right_child=3 11 5 6 9 10 16 40 25 27 33 21 15 26 56 22 -18 -19 24 -21 28 -23 -24 54 61 -27 48 34 -30 58 -32 -33 53 -35 46 -37 39 -39 -40 -41 55 -43 -44 50 -46 -47 -48 -49 -50 -51 -52 -53 -54 -55 -56 -57 -58 -59 -60 -61 -62 -63
leaf_value=-0.94299499647957941 0.38910385424152333 -0.97637832563150218 -0.24228056347162169 0.83072247870266447 -0.34934299381444633 -0.2251662256277126 0.39133454736990808 0.98689291246475719 1.9186324684890277 -0.78806260426839192 -0.0041502894373029791 -0.77129146061783693 2.4836260999952042 0.099712003238739522 0.059108861914852207 1.1070232465863228 1.7785264015197755 -0.39439641823024885 -0.15789225829845774 0.28611249546866774 0.78605160288016007 -0.47969119785988373 1.9133286203656876 0.78154874220490456 -0.014947908890969825 2.8967076561667704 0.73989397357491882 -0.50676060109412602 0.69469727340383813 1.157329060481145 -0.88419063338049642 0.039967292252807846 0.51351328207098923 0.5492503468433152 -0.32483385333970582 1.6487446485644712 -0.63142018048913651 -0.44909131311528061 0.16827378526169767 -0.78350920584052808 1.2648782123218885 -0.19983943968333984 0.44295285586925115 0.67300484079447853 -0.3875287625986279 2.3095206654071809 0.04817930542899726 0.31317439403148062 0.5747790845171098 1.2957861139224125 0.17819058753621694 -0.82576128857797149 -0.53267345111757236 0.97808513629894989 1.2312397414240346 1.8173636027744839 -0.11247961598865946 0.50059014191994311 1.5352075835932857 1.0016289883852005 1.5923143303820066 0.21907875169576571
leaf_weight=84 94 389 208 40 359 23 39 93 97 81 186 138 28 31 114 32 31 337 393 121 75 267 98 180 165 22 34 349 69 65 322 93 46 46 343 137 329 92 93 192 66 88 85 213 176 80 52 173 31 52 26 146 311 52 29 21 58 65 69 40 56 176
leaf_count=84 94 389 208 40 359 23 39 93 97 81 186 138 28 31 114 32 31 337 393 121 75 267 98 180 165 22 34 349 69 65 322 93 46 46 343 137 329 92 93 192 66 88 85 213 176 80 52 173 31 52 26 146 311 52 29 21 58 65 69 40 56 176
internal_value=-1.10452e-09 -0.301474 -0.154716 1.22305 -0.338138 0.22718 1.45706 1.64054 1.77049 -0.241227 0.367419 -0.753502 1.57962 0.502104 -0.15089 1.65623 1.03 -0.198801 -0.138494 0.583915 0.9568 -0.680277 1.59241 0.70284 -0.0353681 2.1839 0.675528 -0.423764 1.03613 1.14885 -0.738681 0.32868 0.420008 0.110021 -0.384102 1.47373 -0.647359 -0.19354 -0.115432 -0.61173 1.18571 0.0537414 0.136085 0.559534 -0.54642 2.09531 -0.275728 0.250002 0.943209 1.07601 0.619176 -0.659934 -0.606013 0.760021 0.843946 1.39824 0.138198 0.219423 1.35191 1.2864 1.41584 0.10584
internal_weight=8000 6418 4845 1582 3273 1572 1158 810 630 2492 1179 1573 431 774 1667 391 348 1430 1093 424 317 1184 363 303 734 199 387 825 278 209 917 387 294 405 744 265 781 393 301 697 180 359 271 270 505 177 395 196 117 86 239 595 449 98 209 87 237 179 134 128 88 341
internal_count=8000 6418 4845 1582 3273 1572 1158 810 630 2492 1179 1573 431 774 1667 391 348 1430 1093 424 317 1184 363 303 734 199 387 825 278 209 917 387 294 405 744 265 781 393 301 697 180 359 271 270 505 177 395 196 117 86 239 595 449 98 209 87 237 179 134 128 88 341
is_linear=0
shrinkage=0.05


Tree=16
num_leaves=63
num_cat=0
split_feature=0 0 0 2 2 2 2 7 7 7 2 2 1 1 2 7 2 7 7 7 7 7 1 1 7 1 1 7 7 7 1 1 1 1 7 7 7 7 7 1 1 1 1 7 1 1 7 0 7 1 1 1 1 7 7 2 7 7 2 7 7 0
split_gain=1.06485e+06 153700 122517 85418.1 35407.5 33483 32756.1 17696.3 17387.3 16046.8 14834.5 14755.2 11134.2 11833.4 9267.47 8552.48 8403.62 7007.24 5958.78 7034.51 5792.27 10300.8 5242.16 6857.93 5133.53 4564.72 4609.18 4371.4 24661.1 4914.08 4364.16 4497.29 4272.29 6238.43 4060.65 3852.17 3805.51 3887.83 3758.01 3750.02 5623.25 3727.32 5149.79 3537.43 3059.12 3287.09 3031.14 2997.4 2966.76 2906.63 2990.79 2702.6 4300.14 2679.78 2663.27 2598.4 2298.48 2380.44 2182.39 2127.29 2087.39 1981.87
threshold=3.5000000000000004 2.5000000000000004 1.5000000000000002 1.0000000180025095e-35 1.0000000180025095e-35 1.0000000180025095e-35 2.5000000000000004 1.5000000000000002 2.5000000000000004 17.500000000000004 2.5000000000000004 2.5000000000000004 2.5000000000000004 1.0000000180025095e-35 1.0000000180025095e-35 14.500000000000002 1.5000000000000002 14.500000000000002 1.5000000000000002 2.5000000000000004 1.5000000000000002 2.5000000000000004 2.5000000000000004 1.0000000180025095e-35 17.500000000000004 2.5000000000000004 1.0000000180025095e-35 9.5000000000000018 10.500000000000002 14.500000000000002 2.5000000000000004 1.0000000180025095e-35 2.5000000000000004 1.5000000000000002 16.500000000000004 8.5000000000000018 9.5000000000000018 10.500000000000002 1.5000000000000002 2.5000000000000004 1.0000000180025095e-35 2.5000000000000004 1.5000000000000002 14.500000000000002 2.5000000000000004 1.5000000000000002 1.5000000000000002 1.0000000180025095e-35 17.500000000000004 2.5000000000000004 1.5000000000000002 2.5000000000000004 1.5000000000000002 1.5000000000000002 4.5000000000000009 1.5000000000000002 2.5000000000000004 14.500000000000002 1.5000000000000002 18.500000000000004 17.500000000000004 1.0000000180025095e-35
decision_type=2 2 2 2 2 2 2 2 2 2 2 2 2 2 2 2 2 2 2 2 2 2 2 2 2 2 2 2 2 2 2 2 2 2 2 2 2 2 2 2 2 2 2 2 2 2 2 2 2 2 2 2 2 2 2 2 2 2 2 2 2 2
left_child=1 2 4 18 47 46 7 -5 -9 12 15 16 13 58 -3 20 38 32 -2 -20 -6 -22 23 -16 44 26 -18 35 -29 -30 31 -12 33 -8 -28 54 -13 -38 -7 40 -23 42 -40 -39 45 -21 -4 -1 61 50 -19 52 -17 -25 -15 -42 -48 -58 -10 -11 -55 -33
right_child=3 14 5 6 10 11 17 8 9 59 30 36 -14 27 22 51 25 49 19 24 21 39 -24 53 -26 -27 34 28 29 -31 -32 48 -34 -35 -36 -37 37 43 41 -41 55 -43 -44 -45 -46 -47 56 -49 -50 -51 -52 -53 -54 60 -56 -57 57 -59 -60 -61 -62 -63
leaf_value=-0.7093721367142819 -0.051486420309221431 -0.92755943809499475 -0.53945557965108992 0.82147387845089315 -0.48894583659697766 -0.15994074840686823 0.76127805641064283 2.5526881138483688 1.0889151998273618 2.5390694231600377 -0.52870984151221734 -0.052191387910885047 1.1010153547136319 1.3871621343824598 -0.78607879089605481 -0.005999113078338697 0.45732838898897177 1.2752605187265498 1.4417243758837381 0.45804005617816607 0.34469006867872348 -0.35666021386762542 -0.82848881862654877 -0.81859677348818105 1.0998214153143075 0.34886493201207636 0.78244201716173578 3.4014919967651367 1.4562302965276384 2.0443873389822538 -0.59937398270659503 -0.39309244793407694 0.49559642318636182 1.3494954202486122 1.4070508233962522 0.99857237537701937 0.81390908603315004 -0.091770931174357737 0.29751567347352043 -0.39555138097022458 -0.16963614145449055 0.077910633554119021 0.76385109387338168 0.35782779605615711 0.2504921209307448 0.85946967558641196 0.37709464743023829 -0.51333124211127379 0.19958439905728614 0.89310871103535538 1.9882148106892903 -0.15981926565217947 0.3878056147552672 -0.495420916909312 1.8725149129566394 0.054151663921331451 -0.24359510700348058 0.067548347686428631 1.4682484590090239 1.9952994646344866 -0.21595388128398318 -0.16403555518481883
leaf_weight=405 37 389 52 74 161 38 130 48 91 37 202 198 144 45 288 204 95 38 24 155 90 251 296 56 39 99 162 25 85 61 210 194 64 69 31 24 27 75 173 221 288 86 90 105 93 76 21 376 35 23 24 111 105 466 76 236 237 83 65 35 78 184
leaf_count=405 37 389 52 74 161 38 130 48 91 37 202 198 144 45 288 204 95 38 24 155 90 251 296 56 39 99 162 25 85 61 210 194 64 69 31 24 27 75 173 221 288 86 90 105 93 76 21 376 35 23 24 111 105 466 76 236 237 83 65 35 78 184
internal_value=6.56163e-10 -0.2864 -0.14698 1.16189 -0.321231 0.215821 1.38421 1.55851 1.63262 1.56843 -0.229166 0.349048 1.48587 1.60329 -0.715827 -0.143345 0.476999 0.9785 0.55472 0.612677 -0.209071 -0.16758 -0.646263 -0.585521 0.557864 0.641752 0.742432 1.77919 1.95044 1.70197 -0.402576 -0.335376 0.850949 0.965233 0.882768 1.57724 0.10452 0.254419 0.312246 -0.213869 -0.162061 0.363659 0.457098 0.170495 0.492629 0.590112 -0.183863 -0.614991 -0.240816 1.37316 1.55124 0.0517996 0.127818 -0.489253 1.69201 -0.0688462 -0.129638 -0.162892 1.24697 2.27474 -0.45535 -0.281594
internal_weight=8000 6418 4845 1582 3273 1572 1158 810 736 688 2492 1179 616 472 1573 1667 774 348 424 387 1247 1086 1184 888 363 387 288 316 171 146 825 615 263 199 193 145 405 207 387 996 775 349 263 180 324 231 393 781 413 85 62 420 309 600 121 524 341 320 156 72 544 378
internal_count=8000 6418 4845 1582 3273 1572 1158 810 736 688 2492 1179 616 472 1573 1667 774 348 424 387 1247 1086 1184 888 363 387 288 316 171 146 825 615 263 199 193 145 405 207 387 996 775 349 263 180 324 231 393 781 413 85 62 420 309 600 121 524 341 320 156 72 544 378
is_linear=0
shrinkage=0.05


Tree=17
num_leaves=63
num_cat=0
split_feature=0 0 0 2 2 2 2 7 7 7 2 2 1 1 2 7 0 7 7 7 7 7 7 7 2 7 7 7 7 7 7 2 1 1 7 7 1 1 1 1 7 7 2 1 1 1 1 1 1 1 1 7 2 7 7 7 2 7 7 7 7 7
split_gain=961029 138714 110572 77089.9 31955.2 30218.4 29562.4 15970.9 15692 14482.3 13388.2 13316.6 10048.6 10679.6 8363.89 8022.25 7991.52 6432.1 5377.79 6348.65 5369.49 8368.74 5103.81 5078.06 5059.1 4657.96 4238.51 3945.19 22256.6 4434.96 3728.29 3647.33 3602.45 4593.53 3581.14 3901.78 3505.49 3974.59 3447.6 5216.9 3171.15 2983.03 2956 2915.25 5065.17 2824.63 4009.14 2312.28 2479.57 2305.68 3305.81 2223.73 2153.38 2043.8 2038.5 1994.88 1969.61 1932.28 3531.57 1919.88 1866.65 2389.09
threshold=3.5000000000000004 2.5000000000000004 1.5000000000000002 1.0000000180025095e-35 1.0000000180025095e-35 1.0000000180025095e-35 2.5000000000000004 1.5000000000000002 2.5000000000000004 17.500000000000004 2.5000000000000004 2.5000000000000004 2.5000000000000004 1.0000000180025095e-35 1.0000000180025095e-35 14.500000000000002 1.0000000180025095e-35 17.500000000000004 1.5000000000000002 2.5000000000000004 1.5000000000000002 2.5000000000000004 17.500000000000004 1.5000000000000002 2.5000000000000004 14.500000000000002 1.5000000000000002 9.5000000000000018 10.500000000000002 14.500000000000002 1.5000000000000002 1.5000000000000002 2.5000000000000004 1.0000000180025095e-35 7.5000000000000009 5.5000000000000009 2.5000000000000004 1.5000000000000002 2.5000000000000004 1.0000000180025095e-35 17.500000000000004 14.500000000000002 1.5000000000000002 2.5000000000000004 1.5000000000000002 2.5000000000000004 1.0000000180025095e-35 2.5000000000000004 1.0000000180025095e-35 2.5000000000000004 1.0000000180025095e-35 1.5000000000000002 1.5000000000000002 2.5000000000000004 1.5000000000000002 17.500000000000004 1.5000000000000002 1.5000000000000002 2.5000000000000004 18.500000000000004 12.500000000000002 9.5000000000000018
decision_type=2 2 2 2 2 2 2 2 2 2 2 2 2 2 2 2 2 2 2 2 2 2 2 2 2 2 2 2 2 2 2 2 2 2 2 2 2 2 2 2 2 2 2 2 2 2 2 2 2 2 2 2 2 2 2 2 2 2 2 2 2 2
left_child=1 2 4 18 41 45 7 -5 -9 12 16 15 13 56 -3 20 30 23 -2 -20 -7 -22 31 -8 40 47 -12 34 -29 -30 -6 -18 33 -13 35 -15 37 -28 39 -25 51 57 -32 44 -23 46 -4 48 -21 50 -17 -16 -53 -44 -26 -35 -10 -1 -59 -11 61 -50
right_child=3 14 5 6 10 11 17 8 9 59 26 32 -14 27 24 49 22 -19 19 25 21 43 -24 38 54 -27 36 28 29 -31 42 -33 -34 55 -36 -37 -38 -39 -40 -41 -42 -43 53 -45 -46 -47 -48 -49 60 -51 -52 52 -54 -55 -56 -57 -58 58 -60 -61 -62 -63
leaf_value=-0.86481092742511212 -0.048912095459731852 -0.88118142644972919 -0.35734539889168038 0.78040018750203632 -0.57373970579120182 -0.054770468865129832 0.32806059464048121 2.4250537216663361 1.0344694145269446 2.4121159218453077 -0.72592064083358387 -0.081985505178289605 1.0459645917587397 1.3928788341459681 -0.82768149681580372 0.53287444311683463 -0.17731105832798033 1.6169689739904098 1.3696381906668345 0.2437431269678576 1.2253735152880352 0.30529238695476923 0.33685424017914856 0.70457326834400502 -1.0910862550502871 0.81647774483643332 -0.37440299772742125 3.2314173736572265 1.3834187869464651 1.9421679950151287 -0.30733397010379493 0.041934191135954285 -0.16287670284509659 0.26683469109067864 1.0957854032516481 2.0106177546761255 -0.53037853386841316 -0.088447145159459784 0.63086180237756262 1.2253678846492697 -0.26520786298619164 -0.42258339270806772 0.34809159118196242 0.15918477814732576 0.70908428561584713 -0.41713208916556577 0.029113594226539138 0.18794703760317394 0.58394809206054643 0.42305143320180005 1.0133902015266838 -0.63584539303346466 -0.44727413419444684 -0.13938721242388993 -0.71930267971232942 0.75277357418090107 1.3948360223036547 -0.16105625215100081 -0.64591835011213483 1.8955344826834546 0.25198952827602622 1.1272060734885079
leaf_weight=84 37 389 101 74 79 69 39 48 91 37 81 106 144 61 78 59 386 31 24 58 30 235 86 75 41 102 374 25 85 61 390 373 99 176 40 44 190 180 69 134 93 209 23 127 116 92 200 77 73 47 91 311 295 330 366 24 65 41 447 35 25 28
leaf_count=84 37 389 101 74 79 69 39 48 91 37 81 106 144 61 78 59 386 31 24 58 30 235 86 75 41 102 374 25 85 61 390 373 99 176 40 44 190 180 69 134 93 209 23 127 116 92 200 77 73 47 91 311 295 330 366 24 65 41 447 35 25 28
internal_value=1.33106e-09 -0.27208 -0.139631 1.1038 -0.30517 0.20503 1.315 1.48059 1.55099 1.49001 -0.217708 0.331596 1.41158 1.52312 -0.680036 0.453149 -0.136178 0.929575 0.526984 0.582043 0.359092 0.415305 -0.0282025 0.862354 -0.61395 0.529971 -0.382447 1.69023 1.85291 1.61687 -0.247174 -0.069566 0.0992944 0.184114 1.49837 1.65174 -0.345053 -0.281493 0.937308 1.03848 -0.539147 -0.584242 -0.212452 0.364464 0.438739 -0.17467 -0.100562 0.418003 0.514276 0.728637 0.824387 -0.576393 -0.544049 -0.107625 -0.756755 0.325147 1.18462 -0.643309 -0.605182 2.161 0.638807 0.734554
internal_weight=8000 6418 4845 1582 3273 1572 1158 810 736 688 2492 1179 616 472 1573 774 1667 348 424 387 577 508 845 317 1184 363 825 316 171 146 822 759 405 306 145 105 744 554 278 209 777 781 743 478 351 393 301 261 184 197 150 684 606 353 407 200 156 572 488 72 126 101
internal_count=8000 6418 4845 1582 3273 1572 1158 810 736 688 2492 1179 616 472 1573 774 1667 348 424 387 577 508 845 317 1184 363 825 316 171 146 822 759 405 306 145 105 744 554 278 209 777 781 743 478 351 393 301 261 184 197 150 684 606 353 407 200 156 572 488 72 126 101
is_linear=0
shrinkage=0.05


Tree=18
num_leaves=63
num_cat=0
split_feature=0 0 0 2 2 2 2 1 1 2 2 2 2 7 7 7 7 1 1 7 7 1 1 7 2 7 7 7 1 1 7 7 7 7 1 1 7 2 7 1 1 1 1 7 7 1 1 1 1 7 1 1 2 7 7 7 0 7 7 7 7 1
split_gain=867329 125189 99791 69573.6 28839.6 27272.1 26680.1 14663.3 16198 12082.8 12018.2 7548.41 7492.78 7418.1 7199.36 5892.8 5864.09 5162.28 6888.31 4853.46 5729.65 4714.62 6126.3 4378.78 4039.94 3974.81 3959.51 3783.04 3776.52 3902.62 3490.28 3393.18 3366.42 3308.87 3073.33 5171.81 2798.83 2685.08 2680.46 2570.27 3040.64 2569.1 3094.25 2527.78 3580.73 2526.72 2837.92 2500.52 2601.69 2494.41 2432.96 3946.99 2386.88 2299.83 3658.96 2281.04 2264.38 2042.45 2235.97 4063.48 2889.88 2030.98
threshold=3.5000000000000004 2.5000000000000004 1.5000000000000002 1.0000000180025095e-35 1.0000000180025095e-35 1.0000000180025095e-35 2.5000000000000004 2.5000000000000004 1.5000000000000002 2.5000000000000004 2.5000000000000004 1.0000000180025095e-35 1.5000000000000002 14.500000000000002 1.5000000000000002 14.500000000000002 2.5000000000000004 2.5000000000000004 1.5000000000000002 1.5000000000000002 2.5000000000000004 2.5000000000000004 1.0000000180025095e-35 17.500000000000004 1.5000000000000002 14.500000000000002 17.500000000000004 1.5000000000000002 2.5000000000000004 1.0000000180025095e-35 1.5000000000000002 16.500000000000004 9.5000000000000018 10.500000000000002 2.5000000000000004 1.5000000000000002 17.500000000000004 1.5000000000000002 1.5000000000000002 2.5000000000000004 1.5000000000000002 2.5000000000000004 1.0000000180025095e-35 1.5000000000000002 2.5000000000000004 2.5000000000000004 1.5000000000000002 2.5000000000000004 1.5000000000000002 17.500000000000004 2.5000000000000004 1.0000000180025095e-35 1.5000000000000002 1.5000000000000002 2.5000000000000004 14.500000000000002 1.0000000180025095e-35 2.5000000000000004 9.5000000000000018 10.500000000000002 14.500000000000002 1.0000000180025095e-35
decision_type=2 2 2 2 2 2 2 2 2 2 2 2 2 2 2 2 2 2 2 2 2 2 2 2 2 2 2 2 2 2 2 2 2 2 2 2 2 2 2 2 2 2 2 2 2 2 2 2 2 2 2 2 2 2 2 2 2 2 2 2 2 2
left_child=1 2 4 19 36 38 7 8 14 13 12 -3 34 17 -5 27 -16 18 53 -2 -21 22 -13 45 49 43 52 -8 29 -14 -12 -31 -26 39 35 -7 56 -9 -4 40 -29 42 -32 -11 -45 46 -22 48 -17 61 51 -15 -10 -6 -55 -24 -1 -40 -59 -60 -61 -18
right_child=3 11 5 6 9 10 15 37 26 25 30 21 28 50 16 47 24 -19 -20 20 23 -23 55 -25 32 -27 -28 33 -30 31 41 -33 -34 -35 -36 -37 -38 -39 57 -41 -42 -43 -44 44 -46 -47 -48 -49 -50 -51 -52 -53 -54 54 -56 -57 -58 58 59 60 -62 -63
leaf_value=-0.67518158761737745 -0.04646649119016287 -0.837122346192675 -0.50032696683819478 0.70909264177083975 -0.50985493720932451 0.20588454476472143 0.31165755490461988 0.82178442311543298 1.6480102180205671 -0.68962460594412722 -0.30597057305276398 -0.71520573860810455 0.4152933656855633 -0.12821916033631389 2.1105576992034911 1.1527842728715194 0.98274595133223375 -0.37791327713188572 0.052900579687058004 1.3011562347412111 0.40910122663744036 -0.75606592654602967 -0.49646208127873526 1.004006481399903 1.3265635536377689 -0.18188855722209449 2.5260020429437815 0.89449333048601076 0.31965719095497125 0.71505806216119261 -0.013906177387132748 1.2860287881666617 1.7855812407159186 0.56315363430955878 0.024398244196368803 0.65074491347281305 -0.28054310070822036 1.2082257599666202 0.36273212212891809 0.63744970176641536 1.4301704262578212 -0.089949705568683702 0.34384014490008769 0.047654101633748343 -0.42861443195860682 0.22316345194334627 0.78209676444530496 0.79976047536601191 1.8177456657091779 1.7018125534057618 -0.14841095726299394 0.25086022319037071 2.016937444806099 0.23993600071831184 -0.23456863515360174 -0.280873391647325 -0.49499394851008705 -0.29333555741378897 0.56322927695512781 -0.36376512310859088 0.074127967074423678 1.3186713832148005
leaf_weight=359 37 389 52 40 66 196 39 93 97 81 48 288 95 103 28 38 91 284 323 24 155 296 428 39 83 221 22 69 99 162 91 31 77 71 93 98 83 87 21 41 43 86 180 43 480 93 76 23 24 23 111 206 80 44 530 172 339 143 25 69 83 89
leaf_count=359 37 389 52 40 66 196 39 93 97 81 48 288 95 103 28 38 91 284 323 24 155 296 428 39 83 221 22 69 99 162 91 31 77 71 93 98 83 87 21 41 43 86 180 43 480 93 76 23 24 23 111 206 80 44 530 172 339 143 25 69 83 89
internal_value=2.81667e-10 -0.258476 -0.13265 1.04861 -0.289911 0.194778 1.24925 1.40656 1.52027 -0.206822 0.315016 -0.646034 0.430492 -0.129369 1.348 0.883096 1.41336 -0.190581 -0.135335 0.500634 0.552941 -0.583252 -0.525648 0.503472 1.35958 -0.363325 1.89339 0.766127 0.58606 0.677636 0.0943296 0.806768 1.54747 0.845253 0.274924 0.354171 -0.55503 1.00856 -0.165937 0.976162 1.10016 0.148152 0.223711 -0.429711 -0.389457 0.443223 0.531818 1.24501 1.41019 1.21149 0.0523738 0.1245 1.81476 -0.230335 -0.198195 -0.43466 -0.587669 -0.114944 -0.146292 -0.027494 -0.124652 1.14884
internal_weight=8000 6418 4845 1582 3273 1572 1158 810 630 2492 1179 1573 774 1667 431 348 391 1247 963 424 387 1184 888 363 363 825 199 263 387 288 405 193 160 224 387 294 781 180 393 153 112 357 271 604 523 324 231 85 62 203 420 309 177 640 574 600 698 341 320 177 152 180
internal_count=8000 6418 4845 1582 3273 1572 1158 810 630 2492 1179 1573 774 1667 431 348 391 1247 963 424 387 1184 888 363 363 825 199 263 387 288 405 193 160 224 387 294 781 180 393 153 112 357 271 604 523 324 231 85 62 203 420 309 177 640 574 600 698 341 320 177 152 180
is_linear=0
shrinkage=0.05


Tree=19
num_leaves=63
num_cat=0
split_feature=0 0 0 2 2 2 2 7 7 7 7 2 2 1 1 0 7 2 7 2 1 7 1 7 2 0 7 7 7 2 7 7 7 1 1 1 1 1 1 2 1 1 1 1 7 7 2 7 2 0 7 1 1 1 1 7 5 7 7 7 7 7
split_gain=782764 112983 90061.4 62790.2 26027.8 24613.1 24078.8 13582.2 13438.9 12171.3 11035.7 10904.7 9422.91 8168.29 8857.26 7230.76 6901.76 6114.05 5423.87 5314.86 4400.98 4325.28 4299.57 4117.93 3872.43 3847.39 3434.8 19953.7 3979.42 3291.72 3259.67 3476.27 3193.96 2843.97 4441.14 2795.53 2998.97 2766.25 3841.66 2665.86 2607.43 3711.87 2521.94 3578.61 2467.35 2423.22 2206.78 1916.93 1845.6 1776.7 1758.94 1748.66 2510.28 1702.45 2513.5 1674.97 1656.51 1622.99 3012.19 1608.97 1602.26 2054.7
threshold=3.5000000000000004 2.5000000000000004 1.5000000000000002 1.0000000180025095e-35 1.0000000180025095e-35 1.0000000180025095e-35 2.5000000000000004 1.5000000000000002 2.5000000000000004 17.500000000000004 1.5000000000000002 2.5000000000000004 2.5000000000000004 2.5000000000000004 1.0000000180025095e-35 1.0000000180025095e-35 1.5000000000000002 1.5000000000000002 17.500000000000004 1.0000000180025095e-35 2.5000000000000004 17.500000000000004 1.0000000180025095e-35 1.5000000000000002 2.5000000000000004 1.0000000180025095e-35 9.5000000000000018 10.500000000000002 14.500000000000002 1.5000000000000002 7.5000000000000009 5.5000000000000009 1.5000000000000002 2.5000000000000004 1.0000000180025095e-35 2.5000000000000004 1.0000000180025095e-35 2.5000000000000004 1.5000000000000002 1.5000000000000002 2.5000000000000004 1.5000000000000002 2.5000000000000004 1.5000000000000002 17.500000000000004 17.500000000000004 1.5000000000000002 14.500000000000002 1.5000000000000002 1.0000000180025095e-35 2.5000000000000004 2.5000000000000004 1.0000000180025095e-35 2.5000000000000004 1.0000000180025095e-35 9.5000000000000018 11.605623532447035 1.5000000000000002 2.5000000000000004 14.500000000000002 14.500000000000002 12.500000000000002
decision_type=2 2 2 2 2 2 2 2 2 2 2 2 2 2 2 2 2 2 2 2 2 2 2 2 2 2 2 2 2 2 2 2 2 2 2 2 2 2 2 2 2 2 2 2 2 2 2 2 2 2 2 2 2 2 2 2 2 2 2 2 2 2
left_child=1 2 4 20 35 42 7 -5 -9 13 51 15 17 14 -10 32 -3 37 23 -18 22 29 -2 -8 46 -13 30 -28 -29 -17 31 -16 -6 34 -25 36 -1 38 -12 -34 41 47 43 -4 -27 -14 -21 -19 -11 -38 -41 52 -7 54 -26 -22 -36 -31 -59 -52 61 -24
right_child=3 16 5 6 11 10 18 8 9 48 12 25 45 -15 26 21 19 40 -20 24 55 -23 60 33 53 44 27 28 -30 57 -32 -33 39 -35 56 -37 49 -39 -40 50 -42 -43 -44 -45 -46 -47 -48 -49 -50 -51 59 -53 -54 -55 -56 -57 -58 58 -60 -61 -62 -63
leaf_value=-0.63660406328575769 0.29655168833647 -0.90693133962288341 -0.20289483056761901 0.69052282841624446 -0.53074118230916278 -0.40759265534579758 0.29607467979956897 2.2100363393624622 1.0651186304501234 1.7579084645618093 0.24997360260586518 -0.4580902275114041 0.090644666300697244 0.94318447858095178 1.248537443504959 -0.1606292681064013 -0.75164663858485947 0.43229090149203941 1.4701662386617353 -0.53995766336716589 0.036192539187728384 0.31586965260117555 0.7042065580575555 0.62851772636175163 -0.79283646196126945 -0.28623405279675229 2.9826061630249026 1.2327327646928676 1.7620082956845644 -0.24514071190995829 0.96246130347251901 1.831619860909202 -0.28644887536853697 0.56638186610695251 1.3230079398111061 -0.68428632879916296 -0.4938980712890258 0.061141621408074401 0.65274918417135874 0.32597245263016744 0.37089777416907826 0.95108240797769195 -0.38674251418155819 0.170215440757813 0.081050557815111612 0.4794585622523142 -0.36223566156910048 0.77617431345485877 2.2771866525922504 -0.27998003396656246 -0.19335233496803467 -0.50623326450586326 0.14577507059040823 -0.83084901992720794 -0.47314495515753657 0.40826366414626442 0.96459997830912469 0.65008810419927954 0.044559585797965144 0.055417376430181978 0.95387760619727935 0.210729088306427
leaf_weight=184 94 178 208 74 79 32 39 48 156 44 173 394 311 144 61 386 330 117 31 357 61 86 135 75 96 379 25 85 61 42 40 44 390 69 54 208 203 86 90 23 91 86 92 93 52 46 342 62 28 186 241 28 57 99 171 60 80 22 309 89 49 25
leaf_count=184 94 178 208 74 79 32 39 48 156 44 173 394 311 144 61 386 330 117 31 357 61 86 135 75 96 379 25 85 61 42 40 44 390 69 54 208 203 86 90 23 91 86 92 93 52 46 342 62 28 186 241 28 57 99 171 60 80 22 309 89 49 25
internal_value=5.0283e-10 -0.245552 -0.126017 0.996178 -0.275416 0.185039 1.18679 1.33623 1.40115 1.34472 0.299265 -0.196481 0.35004 1.27282 1.37339 -0.122901 -0.613732 0.456024 0.838942 -0.57632 0.475603 -0.0201931 0.577399 0.777213 -0.521994 -0.345158 1.52557 1.67737 1.45387 -0.0582714 1.34656 1.49288 -0.228482 0.844711 0.936599 -0.527278 -0.470284 0.30731 0.387806 -0.196344 0.601814 0.681109 -0.15764 -0.0876149 -0.241921 0.140744 -0.453004 0.551401 1.95985 -0.391613 -0.0967943 -0.16161 -0.0531886 -0.653754 -0.58809 0.220691 1.10903 0.047654 0.0848062 -0.12626 0.703713 0.627101
internal_weight=8000 6418 4845 1582 3273 1572 1158 810 736 688 1179 2492 1062 616 472 1667 1573 705 348 1395 424 845 303 317 1065 825 316 171 146 759 145 105 822 278 209 781 573 349 263 743 356 265 393 301 431 357 699 179 72 389 353 117 89 366 267 121 134 373 331 330 209 160
internal_count=8000 6418 4845 1582 3273 1572 1158 810 736 688 1179 2492 1062 616 472 1667 1573 705 348 1395 424 845 303 317 1065 825 316 171 146 759 145 105 822 278 209 781 573 349 263 743 356 265 393 301 431 357 699 179 72 389 353 117 89 366 267 121 134 373 331 330 209 160
is_linear=0
shrinkage=0.05


Tree=20
num_leaves=63
num_cat=0
split_feature=0 0 0 2 2 2 2 7 7 7 1 1 7 2 7 1 1 7 7 7 7 2 0 7 7 7 1 1 1 1 7 7 7 7 2 7 7 1 7 7 1 1 1 2 2 1 1 7 1 1 2 2 7 7 7 0 7 2 1 1 1 1
split_gain=706445 101968 81280.4 56668.1 23490 22213.3 21731.1 12258 12128.6 10984.6 10280.7 13639.1 9959.75 8504.17 7448.34 7371.88 7993.67 6228.84 5806.06 6358.4 4936.57 4796.67 4769.82 4334.73 5167.04 3857.31 3697.52 4861.78 3107.75 4907.32 3099.91 18008.2 3591.43 3005.53 2953.81 2655.41 2651.85 2573.14 2517.53 2388.16 2352.36 2318.23 2955.6 2273.91 2258.57 2146.3 2264.52 2070.79 2035.96 2423.92 2014.63 2153.82 1922.87 1802.94 2112.09 1701.55 1687 1660.66 1647.45 2548.11 1619.92 1578.16
threshold=3.5000000000000004 2.5000000000000004 1.5000000000000002 1.0000000180025095e-35 1.0000000180025095e-35 1.0000000180025095e-35 2.5000000000000004 1.5000000000000002 2.5000000000000004 17.500000000000004 2.5000000000000004 1.0000000180025095e-35 1.5000000000000002 2.5000000000000004 17.500000000000004 2.5000000000000004 1.0000000180025095e-35 1.5000000000000002 2.5000000000000004 17.500000000000004 14.500000000000002 1.0000000180025095e-35 1.0000000180025095e-35 1.5000000000000002 2.5000000000000004 17.500000000000004 2.5000000000000004 1.5000000000000002 2.5000000000000004 1.5000000000000002 9.5000000000000018 10.500000000000002 14.500000000000002 8.5000000000000018 1.5000000000000002 1.5000000000000002 1.5000000000000002 2.5000000000000004 1.5000000000000002 1.5000000000000002 1.5000000000000002 2.5000000000000004 1.5000000000000002 2.5000000000000004 2.5000000000000004 2.5000000000000004 1.5000000000000002 4.5000000000000009 2.5000000000000004 1.5000000000000002 2.5000000000000004 1.5000000000000002 17.500000000000004 2.5000000000000004 17.500000000000004 1.0000000180025095e-35 18.500000000000004 1.5000000000000002 2.5000000000000004 1.0000000180025095e-35 1.0000000180025095e-35 2.5000000000000004
decision_type=2 2 2 2 2 2 2 2 2 2 2 2 2 2 2 2 2 2 2 2 2 2 2 2 2 2 2 2 2 2 2 2 2 2 2 2 2 2 2 2 2 2 2 2 2 2 2 2 2 2 2 2 2 2 2 2 2 2 2 2 2 2
left_child=1 2 4 23 36 39 7 -5 -9 15 11 38 61 18 22 16 -10 -3 -14 34 28 -19 44 -2 -25 48 27 60 29 -8 33 -32 -33 47 58 -12 -1 40 -6 -4 -38 42 52 -37 57 46 -22 -18 49 -26 51 -24 -15 -41 -55 -40 -11 -13 59 -20 -23 -7
right_child=3 17 5 6 10 12 20 8 9 56 35 14 13 41 -16 -17 30 21 19 -21 45 26 50 24 25 -27 -28 -29 -30 -31 31 32 -34 -35 -36 43 37 -39 55 53 -42 -43 -44 -45 -46 -47 -48 -49 -50 -51 -52 -53 -54 54 -56 -57 -58 -59 -60 -61 -62 -63
leaf_value=-0.76631139062699827 -0.065215531374151647 -0.86158476558963903 -0.46538951351092417 0.65599668879766726 -0.62672655387002918 -0.050529172162661395 0.60651532434786748 2.0995345572630568 1.0118627009961088 2.09725100414173 -0.6732601949146817 -0.20335770874996398 1.1138470689455668 0.028821517005562781 0.32790082707179818 0.89602524796500804 1.1117988310919868 -0.71406430960604639 0.082091116224542071 0.812812104982784 1.0411314929786482 -0.61732942442619065 -0.020615663816188946 1.2117861141761146 0.36384393425718431 0.92406274538773769 -0.65858386226366683 -0.26119815105564981 0.38685915821697564 1.1282170876212743 2.8334758758544925 1.1710961229660932 1.6739079115820712 0.76809459378321965 0.46261176898520678 -0.25505763081865468 -0.48862165018214104 -0.6247340972845753 -0.37848159609638432 0.34716987184115822 -0.26215034628879619 -0.092471047417195737 0.45616996313740571 -0.4696962512902132 -0.31643336210783918 0.71573537847270141 1.6615091502666475 1.5397732640567581 0.20019373875311627 0.70856044306174715 -0.10952559827381503 0.2159190445375003 0.47132542194991278 -0.17609398596773024 0.23547692911965507 -0.2036188637506775 1.6130128874097551 0.0069069268604427386 0.045181402205317106 0.43092853192812641 -0.44524317195581409 -0.48092160411179069
leaf_weight=84 37 178 52 74 61 89 130 48 156 37 63 204 30 160 127 144 45 330 81 83 38 258 203 24 155 39 263 253 64 69 25 85 61 24 282 352 329 192 270 21 176 86 82 190 194 23 24 76 93 76 184 183 29 285 35 287 35 174 81 148 291 28
leaf_count=84 37 178 52 74 61 89 130 48 156 37 63 204 30 160 127 144 45 330 81 83 38 258 203 24 155 39 263 253 64 69 25 85 61 24 282 352 329 192 270 21 176 86 82 190 194 23 24 76 93 76 184 183 29 285 35 287 35 174 81 148 291 28
internal_value=-9.42215e-11 -0.233275 -0.119716 0.94637 -0.261645 0.175787 1.12745 1.26942 1.3311 1.27748 -0.186657 -0.129153 0.284302 0.332538 -0.0353446 1.20918 1.30472 -0.583046 0.433222 0.402972 0.796995 -0.547504 -0.0757406 0.451823 0.501255 0.454278 -0.495894 -0.442543 0.689935 0.787407 1.44929 1.5935 1.38118 1.27923 0.345512 -0.366013 -0.500914 -0.46893 -0.321778 -0.149758 -0.409693 0.133707 0.205483 -0.3303 -0.177747 1.12825 1.28128 1.38061 0.39773 0.477257 0.0266237 0.0915238 0.0967189 -0.101626 -0.131078 -0.288382 1.86186 -0.106569 0.238989 0.307541 -0.526114 -0.153529
internal_weight=8000 6418 4845 1582 3273 1572 1158 810 736 688 2492 1887 1179 1062 1269 616 472 1573 705 675 348 1395 1142 424 387 363 1065 802 263 199 316 171 146 145 592 605 781 697 618 393 505 357 271 542 572 85 62 121 324 231 570 386 189 341 320 557 72 378 310 229 549 117
internal_count=8000 6418 4845 1582 3273 1572 1158 810 736 688 2492 1887 1179 1062 1269 616 472 1573 705 675 348 1395 1142 424 387 363 1065 802 263 199 316 171 146 145 592 605 781 697 618 393 505 357 271 542 572 85 62 121 324 231 570 386 189 341 320 557 72 378 310 229 549 117
is_linear=0
shrinkage=0.05


Tree=21
num_leaves=63
num_cat=0
split_feature=0 0 0 2 2 2 2 1 1 1 1 7 2 2 7 7 7 7 2 7 7 7 0 7 7 7 2 7 7 7 7 7 7 7 7 7 7 7 2 7 1 1 1 1 2 1 1 2 0 1 7 7 7 2 7 1 2 2 1 1 1 5
split_gain=637566 92025.8 73355.6 51143 21199.8 20047.5 19612.3 11286.4 13270.2 9278.36 12900.7 8988.68 7675.02 5682.1 5239.97 5800.46 5209.23 4594.98 4555.24 4487.39 4196.53 4110.88 4004.13 3912.09 4663.25 3656.96 3623.94 3492.29 3173.35 2628.72 4885.87 2515.92 2419.28 3770.5 9585.58 3165.11 3035.19 2396.51 2359.31 2289.14 2278.14 3752.86 2266.6 3322.41 2129.68 2092.21 2667.43 2052.2 1926.69 1874.59 1852.62 1960.09 6783.65 1821.9 1735.39 1732.58 1678.33 1671.71 1644.44 1628.08 2517.58 1494.91
threshold=3.5000000000000004 2.5000000000000004 1.5000000000000002 1.0000000180025095e-35 1.0000000180025095e-35 1.0000000180025095e-35 2.5000000000000004 2.5000000000000004 1.5000000000000002 2.5000000000000004 1.5000000000000002 1.5000000000000002 2.5000000000000004 1.0000000180025095e-35 2.5000000000000004 14.500000000000002 1.5000000000000002 1.5000000000000002 1.5000000000000002 17.500000000000004 1.5000000000000002 17.500000000000004 1.0000000180025095e-35 1.5000000000000002 2.5000000000000004 17.500000000000004 2.5000000000000004 14.500000000000002 17.500000000000004 1.5000000000000002 2.5000000000000004 17.500000000000004 12.500000000000002 9.5000000000000018 10.500000000000002 7.5000000000000009 5.5000000000000009 1.5000000000000002 1.5000000000000002 2.5000000000000004 2.5000000000000004 1.0000000180025095e-35 2.5000000000000004 1.0000000180025095e-35 1.5000000000000002 2.5000000000000004 1.5000000000000002 2.5000000000000004 1.0000000180025095e-35 1.0000000180025095e-35 12.500000000000002 9.5000000000000018 10.500000000000002 2.5000000000000004 17.500000000000004 1.0000000180025095e-35 2.5000000000000004 1.5000000000000002 2.5000000000000004 2.5000000000000004 1.0000000180025095e-35 11.605623532447035
decision_type=2 2 2 2 2 2 2 2 2 2 2 2 2 2 2 2 2 2 2 2 2 2 2 2 2 2 2 2 2 2 2 2 2 2 2 2 2 2 2 2 2 2 2 2 2 2 2 2 2 2 2 2 2 2 2 2 2 2 2 2 2 2
left_child=1 2 4 23 31 42 7 8 16 10 20 -7 14 -3 -13 32 -5 -8 55 29 -6 26 53 -2 -25 40 57 50 44 -12 -31 48 33 35 -35 36 -16 -11 -9 -24 41 -19 43 -4 -10 46 54 -39 -1 -41 51 58 -53 -22 -14 -18 -32 -15 -26 60 -17 -43
right_child=3 13 5 6 9 11 17 38 28 37 19 12 45 21 15 59 18 25 -20 -21 22 -23 39 24 27 -27 -28 -29 -30 30 56 -33 -34 34 -36 -37 -38 47 -40 49 -42 61 -44 -45 -46 -47 -48 -49 -50 -51 -52 52 -54 -55 -56 -57 -58 -59 -60 -61 -62 -63
leaf_value=-0.58753819826751696 -0.061954745469061101 -0.71968437905176752 -0.30964303075677102 0.60631205230951313 -0.51785584137553264 -0.14585261521462956 0.24573510571932183 0.68169312466296461 1.4155277631946446 -0.6395971854527791 -0.26109727576777741 1.0581547125180562 0.027380437701940537 -0.54386878133383254 0.18326180635020139 0.43719997175542985 0.90569375583103717 0.56328914129734042 1.3940066947178407 0.45539826297416142 -0.22450909568354144 -0.24603028944990735 0.31416395585983992 1.1511968423922858 0.39803371155616263 1.336792686293202 -0.66232548820109094 0.67964420173974605 2.2097676797346639 0.61107234086942031 0.081416760101643934 -0.21562433232025927 0.055171107343501516 1.2326623100983469 0.26624022120539148 -0.046301516043153447 0.58085796995786954 -0.24230475147805094 1.0439342260360718 -0.21483570678597866 0.51514508400274361 1.2082732343563327 -0.35946516472360363 0.042163497414439921 1.7640119388699533 -0.08784749455706671 0.43336146190399083 -0.44621143973187394 -0.42132846213283792 -0.031953786316111836 0.03878017357465896 1.3395108092914929 0.28592064437270165 -0.42138611375842072 0.44775914015441104 1.1896457494930788 -0.12262837365269662 -0.38753239116795801 0.029371659752241402 0.35435076863207721 0.85653431540007119 0.86779612913727766
leaf_weight=359 37 389 101 40 105 117 39 93 97 63 74 30 160 344 120 59 105 75 176 65 391 141 32 24 102 31 359 102 22 37 303 83 90 38 79 71 80 352 87 272 69 54 92 200 80 86 82 190 339 289 44 22 50 168 29 110 151 340 43 47 91 80
leaf_count=359 37 389 101 40 105 117 39 93 97 63 74 30 160 344 120 59 105 75 176 65 391 141 32 24 102 31 359 102 22 37 303 83 90 38 79 71 80 352 87 272 69 54 92 200 80 86 82 190 339 289 44 22 50 168 29 110 151 340 43 47 91 80
internal_value=-2.60642e-10 -0.221611 -0.113731 0.899051 -0.248563 0.166998 1.07107 1.20595 1.30571 -0.177324 -0.122695 0.270087 0.315911 -0.553893 0.411561 0.382824 1.14978 0.757145 1.20538 0.061971 -0.215249 -0.499423 -0.187667 0.429231 0.476192 0.821692 -0.533679 0.431564 1.64343 0.0167095 0.0585786 -0.475869 0.288728 0.342904 0.580121 0.240489 0.3423 -0.347713 0.856776 -0.0971614 0.764252 0.846493 -0.14227 -0.0758845 1.57303 0.127021 0.195209 -0.313785 -0.506815 -0.120624 0.334613 0.394598 0.607851 -0.283678 0.091883 1.05097 0.0135515 -0.466158 0.288706 0.611137 0.691596 1.005
internal_weight=8000 6418 4845 1582 3273 1572 1158 810 630 2492 1887 1179 1062 1573 705 675 431 348 391 630 1257 1184 1152 424 387 309 1043 363 199 565 491 781 478 388 117 271 200 605 180 593 278 209 393 301 177 357 271 542 698 561 261 217 72 559 189 215 454 684 145 197 150 134
internal_count=8000 6418 4845 1582 3273 1572 1158 810 630 2492 1887 1179 1062 1573 705 675 431 348 391 630 1257 1184 1152 424 387 309 1043 363 199 565 491 781 478 388 117 271 200 605 180 593 278 209 393 301 177 357 271 542 698 561 261 217 72 559 189 215 454 684 145 197 150 134
is_linear=0
shrinkage=0.05


Tree=22
num_leaves=63
num_cat=0
split_feature=0 0 0 2 2 2 2 7 7 7 7 2 2 1 1 7 7 1 1 7 2 1 1 1 1 7 7 7 7 7 7 2 7 7 7 0 1 1 7 7 7 7 7 7 7 1 1 7 7 7 7 7 2 1 1 7 7 0 2 1 7 1
split_gain=575404 83053.2 66203.4 46156.6 19132.8 18092.9 17700.1 10438 10872.3 9519.51 8711.98 8138.23 6620.78 5888.68 6684.16 5631.52 5545.28 4322.92 6134 4146.97 4006.92 3870.3 5339.11 3566.09 3850.71 3300.41 2798.64 16168.4 3231.05 2802.5 2935.45 2712.17 2694.38 3707.34 2854.88 2542.14 2381.49 2547.42 2358.8 2453.9 2290.39 2136.8 3623.67 2526.1 2111.87 2056.02 3431.05 1965.52 3071.46 1872.83 1870.98 1739.55 1647.54 1604.06 2395.39 1575.27 1615.15 1447.95 1402.68 1380.75 1297.54 1290.18
threshold=3.5000000000000004 2.5000000000000004 1.5000000000000002 1.0000000180025095e-35 1.0000000180025095e-35 1.0000000180025095e-35 2.5000000000000004 1.5000000000000002 2.5000000000000004 17.500000000000004 14.500000000000002 2.5000000000000004 2.5000000000000004 2.5000000000000004 1.0000000180025095e-35 17.500000000000004 1.5000000000000002 2.5000000000000004 1.0000000180025095e-35 1.5000000000000002 1.5000000000000002 2.5000000000000004 1.0000000180025095e-35 2.5000000000000004 1.5000000000000002 17.500000000000004 9.5000000000000018 10.500000000000002 14.500000000000002 7.5000000000000009 5.5000000000000009 1.5000000000000002 9.5000000000000018 10.500000000000002 14.500000000000002 1.0000000180025095e-35 2.5000000000000004 1.0000000180025095e-35 1.5000000000000002 2.5000000000000004 14.500000000000002 9.5000000000000018 10.500000000000002 14.500000000000002 17.500000000000004 2.5000000000000004 1.5000000000000002 1.5000000000000002 2.5000000000000004 1.5000000000000002 17.500000000000004 2.5000000000000004 1.5000000000000002 2.5000000000000004 1.5000000000000002 17.500000000000004 18.500000000000004 1.0000000180025095e-35 1.5000000000000002 1.5000000000000002 9.5000000000000018 2.5000000000000004
decision_type=2 2 2 2 2 2 2 2 2 2 2 2 2 2 2 2 2 2 2 2 2 2 2 2 2 2 2 2 2 2 2 2 2 2 2 2 2 2 2 2 2 2 2 2 2 2 2 2 2 2 2 2 2 2 2 2 2 2 2 2 2 2
left_child=1 2 4 23 38 41 7 -5 58 13 12 15 21 14 -10 20 -3 18 -18 -8 49 22 -6 24 50 45 29 -28 -29 30 -16 -24 -13 -34 -35 61 37 -22 -1 -40 -41 -4 -43 -44 51 46 -21 -14 -49 -7 -2 -20 -11 54 -51 -37 -57 -50 -9 -53 -25 -12
right_child=3 16 5 6 10 11 19 8 9 52 35 32 47 -15 26 -17 17 -19 44 25 36 -23 31 60 -26 -27 27 28 -30 -31 -32 -33 33 34 -36 55 -38 -39 39 40 -42 42 43 -45 -46 -47 -48 48 57 53 -52 59 -54 -55 -56 56 -58 -59 -60 -61 -62 -63
leaf_value=-0.70237840186981926 0.31388070084207831 -0.78901021185885656 -0.24069589365584157 0.57959425954802624 -0.27948311383690178 -0.14200148258946443 0.23344834798421618 1.636284706809304 0.90581169560169572 1.5050166531042619 -0.055642068800821065 -0.056882927796304827 -0.58853848532394126 0.80833486332558102 1.0553643117185501 0.74075299154024532 -0.61345415686988569 -0.65016016362077866 -0.037845673095999344 0.66194531474262475 0.27121296268152562 -0.31986528593574615 -0.12181088184204386 0.015921298719820429 0.7441729210707404 1.2699530671440789 2.6177604560852052 1.042384028785369 1.519302369727463 0.78807823792099951 1.5911740758202293 0.083220143825668683 0.74746000987512096 -0.11645081070065499 0.28745050795021515 -0.0043820611583420413 0.20503550767032214 0.62040052749551167 -0.046641318013937005 -0.50924774115484295 -0.30873153332345699 0.55147780006006364 -0.32166916362509346 0.087736176712864863 -0.12936755697962574 0.48938781752966459 1.0927380982948387 0.080984686488328989 -0.45065532086012161 0.18320040488095019 0.79356369894483825 -0.48446739961094915 1.9956412724086219 0.039455166250377538 0.5179411024134607 0.38622744945699683 0.044080750942230226 -0.27682169605642559 2.1787506066835842 -0.33110093759729509 0.34339955893655616 -0.29430773340455896
leaf_weight=84 175 178 216 74 313 38 39 22 156 44 214 198 81 144 61 83 354 332 33 140 76 284 353 61 105 31 25 85 61 40 44 297 27 75 105 212 86 167 41 447 209 25 69 83 88 69 69 43 230 161 23 306 28 83 80 68 70 250 26 282 60 77
leaf_count=84 175 178 216 74 313 38 39 22 156 44 214 198 81 144 61 83 354 332 33 140 76 284 353 61 105 31 25 85 61 40 44 297 27 75 105 212 86 167 41 447 209 25 69 83 88 69 69 43 230 161 23 306 28 83 80 68 70 250 26 282 60 77
internal_value=6.89695e-10 -0.21053 -0.108044 0.854099 -0.236134 0.158648 1.01752 1.14565 1.20256 1.1518 -0.168458 0.256583 -0.223473 1.08822 1.17361 0.351607 -0.526199 -0.492664 -0.443475 0.719288 0.304865 -0.157661 -0.109825 0.40777 0.499403 0.780607 1.30581 1.44283 1.24164 1.14422 1.27989 -0.0281275 0.0749805 0.201111 0.119158 -0.00959279 0.431161 0.51119 -0.452075 -0.42191 -0.445364 -0.135156 -0.00636229 -0.0981123 -0.358605 0.72604 0.804169 -0.359347 -0.32385 0.190081 0.369601 -0.391089 1.69582 0.229029 0.294318 0.0812003 0.212675 -0.360117 1.93012 -0.410914 0.178307 -0.118794
internal_weight=8000 6418 4845 1582 3273 1572 1158 810 736 688 2492 1179 1851 616 472 774 1573 1395 1063 348 691 1247 963 424 303 309 316 171 146 145 105 650 405 207 180 641 329 243 781 697 656 393 177 152 709 278 209 604 523 362 198 621 72 324 241 350 138 480 48 588 121 291
internal_count=8000 6418 4845 1582 3273 1572 1158 810 736 688 2492 1179 1851 616 472 774 1573 1395 1063 348 691 1247 963 424 303 309 316 171 146 145 105 650 405 207 180 641 329 243 781 697 656 393 177 152 709 278 209 604 523 362 198 621 72 324 241 350 138 480 48 588 121 291
is_linear=0
shrinkage=0.05


Tree=23
num_leaves=63
num_cat=0
split_feature=0 0 0 2 2 2 2 1 1 0 7 7 7 2 2 7 7 1 1 2 2 7 2 7 7 7 7 2 7 7 2 1 1 7 2 1 1 2 7 1 1 2 7 1 1 5 1 1 6 7 7 1 1 1 7 1 1 1 1 0 1 1
split_gain=519302 74955.6 59748.6 41656.3 17267.3 16328.8 15974.3 9426.41 11443.7 8188.38 7690.94 7121.94 6840.1 5278.69 5071.58 4633.11 4195.35 3995.53 4714.49 3981.03 3929.09 3870.81 3692.54 3500.96 4203.89 3096.57 2718.49 2718.28 2463.56 2910.68 2447.11 2330.27 2582.08 2303.66 2082.57 2044.64 2993.58 1890.61 1811.95 1771.71 1856.88 1699.65 1698.81 1602.72 2110.8 1632.68 1571.28 2025.35 1540.28 1484.34 1457.67 1400.6 2205.65 1396.3 1363.03 1348.91 1630.53 1339.2 2343.5 1316.21 1286.76 2096.46
threshold=3.5000000000000004 2.5000000000000004 1.5000000000000002 1.0000000180025095e-35 1.0000000180025095e-35 1.0000000180025095e-35 2.5000000000000004 2.5000000000000004 1.5000000000000002 1.0000000180025095e-35 1.5000000000000002 2.5000000000000004 17.500000000000004 2.5000000000000004 1.0000000180025095e-35 17.500000000000004 1.5000000000000002 2.5000000000000004 1.5000000000000002 2.5000000000000004 1.5000000000000002 14.500000000000002 2.5000000000000004 1.5000000000000002 2.5000000000000004 17.500000000000004 17.500000000000004 1.5000000000000002 1.5000000000000002 10.500000000000002 1.5000000000000002 2.5000000000000004 1.0000000180025095e-35 14.500000000000002 1.5000000000000002 2.5000000000000004 1.5000000000000002 1.5000000000000002 18.500000000000004 2.5000000000000004 1.5000000000000002 2.5000000000000004 1.5000000000000002 2.5000000000000004 1.0000000180025095e-35 9.5795869817051642 2.5000000000000004 1.0000000180025095e-35 18.500000000000004 17.500000000000004 18.500000000000004 2.5000000000000004 1.0000000180025095e-35 1.0000000180025095e-35 1.5000000000000002 2.5000000000000004 1.0000000180025095e-35 2.5000000000000004 1.0000000180025095e-35 1.0000000180025095e-35 2.5000000000000004 1.0000000180025095e-35
decision_type=2 2 2 2 2 2 2 2 2 2 2 2 2 2 2 2 2 2 2 2 2 2 2 2 2 2 2 2 2 2 2 2 2 2 2 2 2 2 2 2 2 2 2 2 2 2 2 2 2 2 2 2 2 2 2 2 2 2 2 2 2 2
left_child=1 2 4 23 31 35 7 8 16 17 51 -12 13 30 55 19 -5 18 41 27 53 28 33 -2 -25 46 37 -11 -8 43 60 32 -1 -16 -9 36 -4 -10 -14 40 -23 -6 -20 44 -30 -46 47 -26 -49 59 -17 52 -7 -18 -24 56 -3 58 -15 -34 61 -13
right_child=3 14 5 6 9 10 21 34 26 15 11 12 38 57 22 50 20 -19 42 -21 -22 39 54 24 25 -27 -28 -29 29 -31 -32 -33 49 -35 -36 -37 -38 -39 -40 -41 -42 -43 -44 -45 45 -47 -48 48 -50 -51 -52 -53 -54 -55 -56 -57 -58 -59 -60 -61 -62 -63
leaf_value=-0.53176325169675376 -0.077278464549296613 -0.76249724796840124 -0.1707840317922931 0.54701672837138182 -0.22853542053961415 -0.37616270733997226 0.221775937691713 0.60476817680943407 1.2796002915839559 -0.13166679195357595 0.88785565736445982 0.053888657247578658 0.77870665452818377 -0.13435408870379131 -0.43742942127947376 0.3669160865685519 0.81081124794625115 -0.41410493132760373 -0.3348529651464725 -0.23707691914350348 1.259818098287691 0.89822366018044331 -0.84381568955212105 1.0727030138174694 0.18861959085075394 0.81035050126031427 2.0173381892117588 0.057606782756206502 0.5576830241415236 0.38779349175977035 0.40134052304247175 -0.57282004085584326 -0.42829038508311923 -0.24442802978408451 0.94510170183647646 -0.33468546700137469 0.17046799996206841 1.6079422599077227 0.40364312390165946 0.60185739527577942 1.4599956850210827 -0.41070551524829607 -0.00023788526112383064 0.50768851768679735 1.3975065407298861 0.87925980362025191 0.16523140292334301 0.22567426767703652 0.59396212413052074 -0.0075965528033281639 0.041876713527100429 -0.44941646797316415 0.14254302278063016 1.0657213683155449 -0.53980570930397254 -0.8424374170792408 -0.52400237070443345 -0.15897632961106653 0.20757628213737581 -0.23436011282659797 0.026517201293213867 0.37030372504849696
leaf_weight=184 37 112 208 40 421 32 39 93 97 386 47 81 67 75 564 68 105 292 44 379 176 38 41 24 72 39 22 373 36 71 282 208 185 213 87 92 93 80 62 23 24 184 275 41 21 55 93 37 122 38 70 28 57 110 366 78 199 68 151 166 81 148
leaf_count=184 37 112 208 40 421 32 39 93 97 386 47 81 67 75 564 68 105 292 44 379 176 38 41 24 72 39 22 373 36 71 282 208 185 213 87 92 93 80 62 23 24 184 275 41 21 55 93 37 122 38 70 28 57 110 366 78 199 68 151 166 81 148
internal_value=-3.90026e-10 -0.200004 -0.102642 0.811394 -0.224328 0.150716 0.966645 1.08837 1.17954 -0.160035 0.243754 0.286141 0.258278 0.20875 -0.499889 -0.0715568 1.03474 -0.252879 -0.201929 -0.104735 1.08464 0.683323 -0.448428 0.387381 0.431806 0.389433 1.49316 -0.0386509 0.588522 0.652375 0.294757 -0.429471 -0.377436 -0.384522 0.769263 -0.128399 -0.0653474 1.428 0.598444 0.976648 1.11568 -0.283939 -0.0463917 0.775155 0.873067 1.02246 0.338767 0.408632 0.50826 -0.304437 0.202041 -0.140991 -0.0439579 0.94123 -0.570431 -0.65652 -0.609891 0.0355683 0.0941038 -0.336574 0.197799 0.258384
internal_weight=8000 6418 4845 1582 3273 1572 1158 810 630 2492 1179 1062 1015 886 1573 1276 431 1216 924 1138 391 348 1184 424 387 363 199 759 263 224 592 781 573 777 180 393 301 177 129 85 62 605 319 153 112 76 324 231 159 389 138 117 89 215 407 389 311 294 226 351 310 229
internal_count=8000 6418 4845 1582 3273 1572 1158 810 630 2492 1179 1062 1015 886 1573 1276 431 1216 924 1138 391 348 1184 424 387 363 199 759 263 224 592 781 573 777 180 393 301 177 129 85 62 605 319 153 112 76 324 231 159 389 138 117 89 215 407 389 311 294 226 351 310 229
is_linear=0
shrinkage=0.05


Tree=24
num_leaves=63
num_cat=0
split_feature=0 0 0 2 2 2 2 7 7 7 7 7 7 7 7 2 1 1 2 1 1 1 1 7 7 7 7 7 7 7 1 1 7 7 7 7 7 1 1 7 7 2 7 7 7 7 7 7 7 7 7 1 7 7 7 7 4 2 7 1 1 1
split_gain=468670 67647.4 53923.1 37594.8 15583.8 14736.8 14416.8 8900.47 9748.38 8252.57 7764 8020.7 7517.55 6953.08 4811.32 4787.88 4691.89 5586.86 4077.73 3804.67 5363.04 3578.44 5798.34 3159.61 3794.01 3140.01 4308.09 9451.63 3089.74 3693.24 2849.23 5274.7 2811.32 2526.73 14516.7 2906.84 2550.48 2266.94 4007.85 2126.44 2222.18 2074.59 2010.94 1999.4 1907.75 1824.87 1712.61 1737.57 6096.9 1704.78 1682.22 1645.21 1617.18 1613.14 1819.59 1576.19 1537.89 1475.37 1443.38 1341.8 2124.49 1296.33
threshold=3.5000000000000004 2.5000000000000004 1.5000000000000002 1.0000000180025095e-35 1.0000000180025095e-35 1.0000000180025095e-35 2.5000000000000004 1.5000000000000002 2.5000000000000004 17.500000000000004 1.5000000000000002 2.5000000000000004 14.500000000000002 14.500000000000002 1.5000000000000002 2.5000000000000004 2.5000000000000004 1.0000000180025095e-35 2.5000000000000004 2.5000000000000004 1.0000000180025095e-35 2.5000000000000004 1.5000000000000002 1.5000000000000002 2.5000000000000004 12.500000000000002 9.5000000000000018 10.500000000000002 7.5000000000000009 5.5000000000000009 2.5000000000000004 1.5000000000000002 14.500000000000002 9.5000000000000018 10.500000000000002 14.500000000000002 8.5000000000000018 2.5000000000000004 1.0000000180025095e-35 1.5000000000000002 2.5000000000000004 2.5000000000000004 1.5000000000000002 16.500000000000004 9.5000000000000018 17.500000000000004 12.500000000000002 9.5000000000000018 10.500000000000002 4.5000000000000009 17.500000000000004 1.0000000180025095e-35 14.500000000000002 2.5000000000000004 17.500000000000004 2.5000000000000004 23.725260575138282 1.5000000000000002 1.5000000000000002 2.5000000000000004 1.0000000180025095e-35 2.5000000000000004
decision_type=2 2 2 2 2 2 2 2 2 2 2 2 2 2 2 2 2 2 2 2 2 2 2 2 2 2 2 2 2 2 2 2 2 2 2 2 2 2 2 2 2 2 2 2 2 2 2 2 2 2 2 2 2 2 2 2 2 2 2 2 2 2
left_child=1 2 4 23 39 42 7 -5 -9 16 -6 -12 18 15 -3 30 17 -10 25 20 -16 22 52 -2 -25 26 28 -28 29 -13 31 51 46 36 -35 -36 49 38 -14 -1 -41 59 -4 61 -24 55 47 -26 -49 -19 -40 -7 -8 -44 -55 -22 -46 -11 -17 60 -15 -42
right_child=3 14 5 6 10 13 21 8 9 57 11 12 37 41 19 58 -18 33 -20 -21 45 -23 44 24 32 -27 27 -29 -30 -31 -32 -33 -34 34 35 -37 -38 -39 50 40 43 -43 53 -45 56 -47 -48 48 -50 -51 -52 -53 -54 54 -56 -57 -58 -59 -60 -61 -62 -63
leaf_value=-0.6456530633426848 -0.073414536907866187 -0.71969623629296775 -0.41161242918326302 0.51124474675570786 -0.42113864331329165 0.058584005593655321 0.48251168640760272 1.7754281798998517 0.81062623044022208 1.364403720335527 0.25354433965140999 -0.22807907435812977 -0.15013456664968031 0.37350853754807328 -0.55644987228058163 -0.25299994014203547 0.72940770962547208 0.87227390342288558 -0.32855715822661297 -0.59141175735248142 -0.012101856348189442 0.37144914567470555 0.84846558189392107 1.0190678616364799 0.24094849153020387 -0.34211799538731158 0.57255667700473944 -0.12747984418542621 -0.36196772389941745 0.080502327996648013 0.052771380149020719 0.55219377674555192 0.59254428834891792 2.4198162879943848 0.92688293877769912 1.3792411319545059 0.55193062567462525 -0.16479646756879393 0.060312420508249642 -0.022245494276285173 -0.39649637354810779 0.25898095714150088 0.34670456243412839 -0.22086995694666142 1.0238354517065962 -0.10506141112101348 -0.0014601024037057704 1.235068412260576 0.23623222488164905 1.2605886650712868 0.29586384667186288 0.29902701300342344 0.85331248766497569 -0.1474528078473451 0.23455756221498764 -0.36722122616471953 1.623333685398102 1.8286859359060015 0.046157569364304582 0.30103926897207473 0.7587172489408609 -0.57254847492892436
leaf_weight=84 37 178 52 74 242 137 130 48 156 44 133 251 163 59 354 48 144 45 480 332 33 87 50 24 145 177 67 172 171 158 145 147 102 25 85 61 24 163 188 41 389 105 21 124 23 88 44 22 50 76 127 148 38 285 35 588 20 28 252 47 91 143
leaf_count=84 37 178 52 74 242 137 130 48 156 44 133 251 163 59 354 48 144 45 480 332 33 87 50 24 145 177 67 172 171 158 145 147 102 25 85 61 24 163 188 41 389 105 21 124 23 88 44 22 50 76 127 148 38 285 35 588 20 28 252 47 91 143
internal_value=-5.4613e-10 -0.190004 -0.0975097 0.770824 -0.213111 0.14318 0.918313 1.03395 1.0865 1.03844 -0.152033 -0.12309 -0.146751 0.231566 -0.474894 0.160312 0.979237 1.05546 -0.208843 -0.443658 -0.397511 0.649157 0.741726 0.368012 0.410216 -0.15115 -0.109878 0.0687647 -0.183491 -0.108872 0.244552 0.308922 0.369961 1.17632 1.30652 1.11588 1.02278 -0.00377584 0.0511329 -0.407998 -0.379356 0.438484 -0.121979 -0.401676 1.05847 -0.318154 0.282975 0.340648 0.541432 1.11617 0.155281 0.183446 0.566383 -0.0778116 -0.10567 -0.34835 1.30267 1.54496 -0.00170763 0.534158 0.607202 -0.443819
internal_weight=8000 6418 4845 1582 3273 1572 1158 810 736 688 2492 2250 2117 1179 1573 877 616 472 1476 1395 1063 348 261 424 387 996 819 239 580 409 577 432 363 316 171 146 145 641 478 781 697 302 393 656 93 709 261 217 72 121 315 285 168 341 320 621 43 72 300 197 150 532
internal_count=8000 6418 4845 1582 3273 1572 1158 810 736 688 2492 2250 2117 1179 1573 877 616 472 1476 1395 1063 348 261 424 387 996 819 239 580 409 577 432 363 316 171 146 145 641 478 781 697 302 393 656 93 709 261 217 72 121 315 285 168 341 320 621 43 72 300 197 150 532
is_linear=0
shrinkage=0.05


Tree=25
num_leaves=63
num_cat=0
split_feature=0 0 0 2 2 2 2 7 7 7 0 7 7 7 2 2 1 1 1 1 2 7 2 1 1 7 1 1 7 7 7 7 7 1 7 7 7 0 1 7 2 7 7 7 7 7 2 7 1 1 7 7 7 7 7 4 2 5 1 1 2 7
split_gain=422975 61051.8 48665.6 33929.3 14064.4 13299.9 13011.2 8032.67 8797.91 7447.95 7368.35 6595.3 6445.39 5811.11 4521.26 4264.58 3856.22 6879.32 3524.83 4235.86 3424.76 3314.46 3297.27 3013.55 3385.95 2613.94 2399.24 2921.55 2172.54 3400.68 8614.18 2841.88 2791.11 2111.06 2640.25 2873.13 2204.64 2090.66 2084.48 1983.95 1872.32 1852.14 3270.33 2194.12 1539.91 1537.87 1535 1503.91 1496.36 2745.36 1458.62 1449.19 1437.44 1413.49 1378.37 1286.17 1278.73 1273.47 1253.99 2077.12 1243.48 1209.3
threshold=3.5000000000000004 2.5000000000000004 1.5000000000000002 1.0000000180025095e-35 1.0000000180025095e-35 1.0000000180025095e-35 2.5000000000000004 1.5000000000000002 2.5000000000000004 17.500000000000004 1.0000000180025095e-35 1.5000000000000002 2.5000000000000004 14.500000000000002 1.0000000180025095e-35 1.5000000000000002 2.5000000000000004 1.5000000000000002 2.5000000000000004 1.5000000000000002 2.5000000000000004 1.5000000000000002 2.5000000000000004 2.5000000000000004 1.5000000000000002 17.500000000000004 2.5000000000000004 1.5000000000000002 12.500000000000002 9.5000000000000018 10.500000000000002 7.5000000000000009 5.5000000000000009 2.5000000000000004 9.5000000000000018 11.500000000000002 7.5000000000000009 1.0000000180025095e-35 1.0000000180025095e-35 17.500000000000004 2.5000000000000004 9.5000000000000018 10.500000000000002 14.500000000000002 14.500000000000002 5.5000000000000009 1.5000000000000002 1.5000000000000002 2.5000000000000004 1.0000000180025095e-35 18.500000000000004 17.500000000000004 17.500000000000004 17.500000000000004 1.5000000000000002 28.393550200141025 1.5000000000000002 9.5795869817051642 2.5000000000000004 1.0000000180025095e-35 2.5000000000000004 1.5000000000000002
decision_type=2 2 2 2 2 2 2 2 2 2 2 2 2 2 2 2 2 2 2 2 2 2 2 2 2 2 2 2 2 2 2 2 2 2 2 2 2 2 2 2 2 2 2 2 2 2 2 2 2 2 2 2 2 2 2 2 2 2 2 2 2 2
left_child=1 2 4 23 37 41 7 -5 -9 15 18 -7 -13 20 61 26 17 38 19 47 28 -8 39 24 52 48 27 -10 29 31 -31 32 -14 34 36 -36 45 -1 -12 46 56 -4 -43 -44 -37 -17 -16 -6 49 -23 -11 -19 -2 -39 -21 57 -15 -51 59 -24 -49 -3
right_child=3 14 5 6 10 11 21 8 9 50 16 12 13 40 22 33 -18 51 -20 54 -22 25 58 -25 -26 -27 -28 -29 -30 30 -32 -33 -34 -35 35 44 -38 53 -40 -41 -42 42 43 -45 -46 -47 -48 60 -50 55 -52 -53 -54 -55 -56 -57 -58 -59 -60 -61 -62 -63
leaf_value=-0.46642094413531415 0.26329059634889873 -0.80753235251216582 -0.21413820202956063 0.48568250318183692 -0.53719310553177546 -0.1362991699980747 0.18235536676186781 1.6866567671298982 0.76914652112043569 1.6865912682301289 -0.19430502970761154 0.83166185655492419 0.12974532838600378 0.35339586283545943 -0.44609802331136494 0.92227612491263911 -0.21296442615005154 0.13931717995776613 -0.38393579675076045 -0.29705338762565092 -0.0014148201745875339 0.44738497267166777 -0.63734387817707938 0.13867367131958816 0.66337090021088008 1.1070113597377655 0.55819964064536876 1.1322931892890484 0.010379379246797826 1.1269227435714322 0.21077697403446027 -0.08597010912662241 0.51101972149685027 0.83537428153412696 1.7685668434415545 0.92720846253282885 0.63457755588460718 -0.33472307043089633 -0.015471502411998359 -0.12549555257102976 0.24603191015266238 0.53397411432862285 -0.29148282326649932 0.090073579215410968 1.3903910963158861 1.3619591751614133 -0.29629050824024222 -0.19088894522622646 0.421067421246266 1.009151295489735 1.2363212844303677 0.45200511310682745 0.68374078273773198 -0.009254032252608119 0.0043550596646964547 1.0544478132256441 0.6127862837834237 0.60062580193464576 -0.66296483311084442 -0.36379594402982202 -0.35353825519615345 -0.56176266069665104
leaf_weight=405 175 59 216 74 46 117 39 48 180 37 320 47 120 80 344 43 313 268 292 44 235 75 110 121 105 31 74 80 90 38 79 71 80 70 28 34 32 339 332 93 105 25 69 83 38 37 340 391 69 27 35 43 23 37 275 42 117 65 109 188 168 330
leaf_count=405 175 59 216 74 46 117 39 48 180 37 320 47 120 80 344 43 313 268 292 44 235 75 110 121 105 31 74 80 90 38 79 71 80 70 28 34 32 339 332 93 105 25 69 83 38 37 340 391 69 27 35 43 23 37 275 42 117 65 109 188 168 330
internal_value=-5.79777e-11 -0.180503 -0.0926343 0.732283 -0.202456 0.136021 0.872397 0.982253 1.03218 0.986518 -0.144432 0.219988 0.25924 0.232733 -0.45115 0.930275 -0.0605006 -0.0109459 -0.232504 -0.184649 0.154871 0.616699 -0.402561 0.349612 0.433848 0.671519 0.809391 0.880884 0.231707 0.283045 0.508329 0.185783 0.282255 1.07345 1.15206 1.3388 0.985329 -0.387598 -0.103243 -0.342172 0.41656 -0.11588 0.00402907 -0.0831329 1.17167 1.12563 -0.371632 -0.262385 0.622957 0.68961 1.46771 0.182551 0.312131 -0.302696 -0.0372185 0.825183 0.50745 0.720519 -0.517849 -0.46477 -0.239771 -0.599039
internal_weight=8000 6418 4845 1582 3273 1572 1158 810 736 688 2492 1179 1062 1015 1573 616 1276 963 1216 924 713 348 1184 424 303 309 334 260 478 388 117 271 200 282 212 100 112 781 652 777 302 393 177 152 72 80 684 605 278 209 72 311 198 376 319 134 197 92 407 298 559 389
internal_count=8000 6418 4845 1582 3273 1572 1158 810 736 688 2492 1179 1062 1015 1573 616 1276 963 1216 924 713 348 1184 424 303 309 334 260 478 388 117 271 200 282 212 100 112 781 652 777 302 393 177 152 72 80 684 605 278 209 72 311 198 376 319 134 197 92 407 298 559 389
is_linear=0
shrinkage=0.05


Tree=26
num_leaves=63
num_cat=0
split_feature=0 0 0 2 2 2 2 1 1 2 1 1 2 7 1 7 2 1 1 7 7 7 7 7 7 1 1 7 2 2 2 2 1 1 2 7 7 7 7 7 7 1 1 0 7 3 8 7 7 0 1 4 2 1 1 6 7 7 2 0 7 7
split_gain=381735 55099.2 43920.7 30621.2 12693.1 12003.2 11742.6 7309.33 9459.93 6809.15 6039.26 9583.14 4879.11 4192.77 3386.48 3381.73 3093.27 3036.66 5033.73 3011.28 2973.3 2860.96 3394.24 2626.77 2509.83 2391.83 2959.58 2259.26 2205.62 2205.55 2176.02 2123.35 1983.56 2324.79 1973.06 1913.41 1860.7 1924.86 1858.07 2042.4 3579.62 1836.18 2764.97 1827.12 1629.39 1480.21 1916.91 1457.23 5058.65 1412.33 1388.07 1327.52 1322.11 1285.33 1694.43 1331.9 1266.49 1374.37 1229.03 1224.91 1178.7 1167.29
threshold=3.5000000000000004 2.5000000000000004 1.5000000000000002 1.0000000180025095e-35 1.0000000180025095e-35 1.0000000180025095e-35 2.5000000000000004 2.5000000000000004 1.5000000000000002 2.5000000000000004 2.5000000000000004 1.5000000000000002 1.5000000000000002 14.500000000000002 1.0000000180025095e-35 1.5000000000000002 1.0000000180025095e-35 2.5000000000000004 1.5000000000000002 14.500000000000002 17.500000000000004 1.5000000000000002 2.5000000000000004 17.500000000000004 17.500000000000004 2.5000000000000004 1.0000000180025095e-35 1.5000000000000002 2.5000000000000004 2.5000000000000004 1.5000000000000002 1.5000000000000002 2.5000000000000004 1.0000000180025095e-35 1.5000000000000002 5.5000000000000009 7.5000000000000009 14.500000000000002 12.500000000000002 1.5000000000000002 2.5000000000000004 2.5000000000000004 1.0000000180025095e-35 1.0000000180025095e-35 9.5000000000000018 7856.3249999999962 0.59921435266171386 9.5000000000000018 10.500000000000002 1.0000000180025095e-35 1.0000000180025095e-35 23.725260575138282 1.5000000000000002 2.5000000000000004 1.0000000180025095e-35 16.500000000000004 7.5000000000000009 5.5000000000000009 2.5000000000000004 1.0000000180025095e-35 17.500000000000004 18.500000000000004
decision_type=2 2 2 2 2 2 2 2 2 2 2 2 2 2 2 2 2 2 2 2 2 2 2 2 2 2 2 2 2 2 2 2 2 2 2 2 2 2 2 2 2 2 2 2 2 2 2 2 2 2 2 2 2 2 2 2 2 2 2 2 2 2
left_child=1 2 4 21 32 41 7 8 14 12 11 15 23 16 52 -7 -3 18 50 38 -13 -2 -23 43 53 26 -11 -12 -18 31 -10 -17 33 -1 -16 -9 -37 -38 39 -14 -41 42 -4 -6 -20 46 -32 56 -49 -28 -8 -46 -5 54 -24 -56 57 -42 -29 -35 -31 -25
right_child=3 13 5 6 9 10 17 35 30 25 27 20 19 -15 34 29 28 -19 44 -21 -22 22 24 61 -26 -27 49 58 -30 60 45 -33 -34 59 -36 36 37 -39 -40 40 47 -43 -44 -45 51 -47 -48 48 -50 -51 -52 -53 -54 -55 55 -57 -58 -59 -60 -61 -62 -63
leaf_value=-0.46664604939439375 -0.087915966156366709 -0.6206294910995277 -0.26358361160105998 0.61969990259184771 -0.26783314430691146 -0.19236466284291667 0.37556062820111658 0.39637919695904622 1.1543232874532716 -0.36178317385711845 -0.41567098572850231 0.45586309489556681 -0.24219744122121487 -0.29399523688238072 0.87908814198269347 0.14940851280153486 -0.37265667123782492 0.33004145785823641 0.77218030202388777 0.18522847866480974 0.97445024040437522 0.94817264378070831 0.15055320605428682 0.26809896693929386 0.71316344428520939 -0.4003872594521159 -0.2213734400599468 0.13210670315255385 -0.54045665966967738 0.0094129755429457878 1.3951431393623352 0.39505044408350687 -0.50047318022160858 -0.33587252729999023 1.1749461934543575 1.1336351908170259 0.47437165013309257 0.91422665992448504 -0.26667355898721717 0.455025836750865 -0.12774346212370208 -0.30557392680126694 0.057355376787483696 -0.11428826012421844 0.93288045447805656 1.1640628962516784 1.9689023971557618 0.65736533100293437 -0.059299806820603145 -0.036444703086565895 0.66400646637980043 1.4898676449060442 0.87577022310796682 0.13164892992986146 0.15462407280574553 0.5155575209678569 -0.25415600322579085 0.13929597771327412 -0.098298797561505502 -0.15825208677079089 0.35586593109985881 -0.08260813892857001
leaf_weight=184 37 286 101 113 389 61 91 52 113 202 28 255 80 423 123 173 564 87 50 188 31 24 72 46 39 210 205 177 300 160 37 179 208 203 104 26 59 43 81 45 113 92 200 386 23 25 24 33 97 208 77 20 91 93 32 127 76 84 86 186 29 49
leaf_count=184 37 286 101 113 389 61 91 52 113 202 28 255 80 423 123 173 564 87 50 188 31 24 72 46 39 210 205 177 300 160 37 179 208 203 104 26 59 43 81 45 113 92 200 386 23 25 24 33 97 208 77 20 91 93 32 127 76 84 86 186 29 49
internal_value=-3.41394e-10 -0.171478 -0.0880025 0.695669 -0.192333 0.12922 0.828777 0.93314 1.01342 -0.13721 0.208988 0.273769 -0.0790665 -0.428592 0.881771 0.160554 -0.4781 0.585864 0.671138 0.0103058 0.512074 0.332131 0.372291 -0.16094 0.334216 -0.254695 -0.204947 0.0113072 -0.430921 0.200347 1.29856 0.274323 -0.368218 -0.320209 1.01464 0.652144 0.756048 0.659801 -0.0436933 -0.0094861 0.0320695 -0.110086 -0.0503351 -0.191358 0.966265 1.48809 1.62088 -0.0151589 0.122623 -0.128237 0.507765 1.19194 0.733927 0.288602 0.351791 0.442917 -0.0807693 -0.0138789 0.056765 -0.250943 0.0625724 0.0872079
internal_weight=8000 6418 4845 1582 3273 1572 1158 810 630 2492 1179 888 1667 1573 431 602 1150 348 261 797 286 424 387 870 363 825 615 291 864 541 199 352 781 573 227 180 128 102 609 528 448 393 301 775 93 86 61 403 130 413 168 43 204 324 231 159 273 197 263 389 189 95
internal_count=8000 6418 4845 1582 3273 1572 1158 810 630 2492 1179 888 1667 1573 431 602 1150 348 261 797 286 424 387 870 363 825 615 291 864 541 199 352 781 573 227 180 128 102 609 528 448 393 301 775 93 86 61 403 130 413 168 43 204 324 231 159 273 197 263 389 189 95
is_linear=0
shrinkage=0.05


Tree=27
num_leaves=63
num_cat=0
split_feature=0 0 0 2 2 2 7 7 7 2 7 7 7 1 1 7 1 1 7 7 7 7 7 2 1 1 7 7 7 7 7 1 7 1 1 7 7 7 7 2 7 2 1 7 7 7 1 7 7 7 7 7 7 7 7 7 7 7 7 7 7 7
split_gain=344516 49727 39638.4 27635.6 11455.5 10832.9 10723.2 13072.2 9341.92 7554.67 6458.63 6964.46 6337.6 5450.43 8648.79 4046.54 3903.91 3651.55 3640.22 5056.44 10881.4 3573.74 5348.9 3505.29 3320.61 4626.88 3052.65 2683.41 2582.02 3063.3 2302.36 2085.12 2038.98 2015.14 2342.4 2000.03 1914.03 2022.25 1796.95 1781.03 1714.47 1654.27 1611.01 2333.91 2592.18 1993.68 1582.05 1563.98 1596.75 5483.6 1474.71 1575.7 2917.06 1993.29 1428.37 1411.69 1396.91 1352.22 1223.33 2259.51 3134.56 1457.85
threshold=3.5000000000000004 2.5000000000000004 1.5000000000000002 1.0000000180025095e-35 1.0000000180025095e-35 1.0000000180025095e-35 1.5000000000000002 2.5000000000000004 17.500000000000004 2.5000000000000004 1.5000000000000002 2.5000000000000004 14.500000000000002 2.5000000000000004 1.5000000000000002 1.5000000000000002 2.5000000000000004 1.0000000180025095e-35 12.500000000000002 9.5000000000000018 10.500000000000002 7.5000000000000009 5.5000000000000009 1.5000000000000002 2.5000000000000004 1.0000000180025095e-35 14.500000000000002 17.500000000000004 1.5000000000000002 2.5000000000000004 14.500000000000002 1.0000000180025095e-35 1.5000000000000002 2.5000000000000004 1.0000000180025095e-35 18.500000000000004 1.5000000000000002 2.5000000000000004 14.500000000000002 2.5000000000000004 1.5000000000000002 1.5000000000000002 2.5000000000000004 9.5000000000000018 11.500000000000002 7.5000000000000009 1.5000000000000002 12.500000000000002 9.5000000000000018 10.500000000000002 2.5000000000000004 9.5000000000000018 10.500000000000002 14.500000000000002 1.5000000000000002 5.5000000000000009 14.500000000000002 10.500000000000002 5.5000000000000009 7.5000000000000009 9.5000000000000018 11.500000000000002
decision_type=2 2 2 2 2 2 2 2 2 2 2 2 2 2 2 2 2 2 2 2 2 2 2 2 2 2 2 2 2 2 2 2 2 2 2 2 2 2 2 2 2 2 2 2 2 2 2 2 2 2 2 2 2 2 2 2 2 2 2 2 2 2
left_child=1 2 4 28 36 40 16 -8 9 23 -6 -12 18 14 26 -3 17 -5 19 21 -21 22 -13 33 25 -17 31 -16 -2 -30 47 54 -15 34 -9 -10 -1 -38 -39 41 -4 -14 43 45 -45 55 -27 48 -31 -50 -42 -52 -53 -54 -7 -25 -46 -56 -11 -60 -61 -62
right_child=3 15 5 6 10 13 7 8 35 58 11 12 39 32 27 24 -18 -19 -20 20 -22 -23 -24 42 -26 46 -28 -29 29 30 -32 -33 -34 -35 -36 -37 37 38 -40 -41 50 -43 -44 44 56 -47 -48 -49 49 -51 51 52 53 -55 57 -57 -58 -59 59 60 61 -63
leaf_value=-0.57528046483085271 -0.083520162105560306 -0.63166682165995081 -0.37201405964218659 0.055341274892130213 -0.37579207161426054 -0.33654783307574693 1.553893209695816 0.5886701338402518 1.4461678334644863 0.30089568277964229 0.24700861974878419 -0.26659847741554443 -0.023593377729010739 -0.3948874336268221 0.43306993959727241 -0.48303260872690379 -0.19986139933268232 0.73391286996277905 -0.35689717534184462 0.42753089923377435 -0.1737361314735249 -0.37353663316708274 0.031915250648143552 0.81756831660520202 -0.51655108184968845 -0.33318632874285453 0.33424385216444019 0.92572773387355189 0.90076401308178911 0.1983252104397478 0.51893470123702412 0.19048512465746156 0.05392673225938821 0.49746192295003583 0.90331649920467805 1.0038200490018154 0.018033742977351677 -0.40051124122408394 -0.22290281870861373 -0.10961961419831506 0.34209325006675151 0.17596705498798018 0.75909340841429573 1.6195285254291125 0.81973069616976924 0.54543270943686373 -0.18366511090288412 -0.03302687586031177 1.144199660691348 0.19693217051029208 -0.21387499422876985 0.5097946038246155 -0.27161498311637106 0.092059965234204955 0.13849806658647679 1.2388271885949214 1.2608842899924833 -0.13896258675266762 0.92092664304532501 0.086796867625938884 0.86394010099510743 0.50352597576379776
leaf_weight=84 37 178 52 31 242 32 60 91 56 52 133 380 232 28 255 354 27 55 250 109 243 246 248 43 332 370 167 31 24 145 102 221 263 74 169 47 41 447 209 221 21 188 70 28 34 32 339 44 22 50 143 25 69 83 108 37 38 74 38 37 39 100
leaf_count=84 37 178 52 31 242 32 60 91 56 52 133 380 232 28 255 354 27 55 250 109 243 246 248 43 332 370 167 31 24 145 102 221 263 74 169 47 41 447 209 221 21 188 70 28 34 32 339 44 22 50 143 25 69 83 108 37 38 74 38 37 39 100
internal_value=-4.45779e-10 -0.162904 -0.0836024 0.660885 -0.182716 0.122759 0.787338 0.837372 0.793726 0.741105 -0.13035 -0.103951 -0.126 0.198539 0.26008 -0.407162 0.324642 0.489311 -0.183011 -0.147553 0.0124517 -0.211994 -0.148714 0.837265 -0.378516 -0.335404 0.152527 0.48647 0.315525 0.353676 0.317505 0.0827638 0.0107419 0.72767 0.79319 1.24432 -0.349807 -0.322634 -0.343926 0.00527646 -0.104581 0.0657337 0.96707 1.03574 1.21131 0.878981 -0.261695 0.238785 0.293899 0.486375 -0.0637999 -0.0904366 0.00929044 -0.0730293 -0.0284812 1.0124 1.05256 0.0256844 0.518419 0.571276 0.495783 0.604649
internal_weight=8000 6418 4845 1582 3273 1572 1158 1045 985 882 2492 2250 2117 1179 888 1573 113 86 1476 1226 352 874 628 616 1395 1063 602 286 424 387 363 435 291 334 260 103 781 697 656 641 393 420 282 212 100 112 709 261 217 72 341 320 177 152 214 80 72 182 266 214 176 139
internal_count=8000 6418 4845 1582 3273 1572 1158 1045 985 882 2492 2250 2117 1179 888 1573 113 86 1476 1226 352 874 628 616 1395 1063 602 286 424 387 363 435 291 334 260 103 781 697 656 641 393 420 282 212 100 112 709 261 217 72 341 320 177 152 214 80 72 182 266 214 176 139
is_linear=0
shrinkage=0.05


Tree=28
num_leaves=63
num_cat=0
split_feature=0 0 0 2 2 2 2 1 1 7 7 7 2 2 2 2 1 7 2 7 1 1 1 1 1 1 0 7 7 7 1 1 1 1 7 1 1 7 0 7 7 7 1 7 7 7 7 5 7 7 0 7 2 7 7 7 7 2 0 2 7 1
split_gain=310925 44878.7 35773.7 24941.2 10338.6 9776.67 9734.74 6404.13 9328.63 6365.26 7107.51 6122.8 5117.12 4263.09 3758.03 3163.52 3125.39 2727.21 2727.14 2699.57 2551.14 2966.64 1997.6 3811.59 1987.97 2460.54 1958.74 1848.79 3656.95 1954.16 1818.66 2222.25 1803.76 2116.59 1732 1639.03 2443.96 1615.34 1549.98 1545.61 6858.58 1794.78 1453.94 2106.36 2339.45 1799.3 1436.73 1424.61 1387.18 1372.21 1336.66 1274.05 1267.18 1260.71 1244.6 1216.16 1196.14 1124.65 1123.54 1110.99 1096.95 1074.7
threshold=3.5000000000000004 2.5000000000000004 1.5000000000000002 1.0000000180025095e-35 1.0000000180025095e-35 1.0000000180025095e-35 2.5000000000000004 2.5000000000000004 1.5000000000000002 1.5000000000000002 2.5000000000000004 17.500000000000004 2.5000000000000004 1.5000000000000002 1.0000000180025095e-35 1.5000000000000002 1.0000000180025095e-35 1.5000000000000002 2.5000000000000004 17.500000000000004 2.5000000000000004 1.5000000000000002 2.5000000000000004 1.5000000000000002 2.5000000000000004 1.5000000000000002 1.0000000180025095e-35 9.5000000000000018 10.500000000000002 14.500000000000002 2.5000000000000004 1.5000000000000002 2.5000000000000004 1.5000000000000002 14.500000000000002 2.5000000000000004 1.0000000180025095e-35 1.5000000000000002 1.0000000180025095e-35 9.5000000000000018 10.500000000000002 14.500000000000002 2.5000000000000004 9.5000000000000018 11.500000000000002 7.5000000000000009 1.5000000000000002 11.824602059386583 15.500000000000002 7.5000000000000009 1.0000000180025095e-35 5.5000000000000009 1.5000000000000002 14.500000000000002 18.500000000000004 14.500000000000002 1.5000000000000002 1.5000000000000002 1.0000000180025095e-35 1.5000000000000002 17.500000000000004 2.5000000000000004
decision_type=2 2 2 2 2 2 2 2 2 2 2 2 2 2 2 2 2 2 2 2 2 2 2 2 2 2 2 2 2 2 2 2 2 2 2 2 2 2 2 2 2 2 2 2 2 2 2 2 2 2 2 2 2 2 2 2 2 2 2 2 2 2
left_child=1 2 4 20 32 35 9 8 16 -5 59 15 13 39 61 30 46 -8 34 26 21 60 23 -19 25 55 -10 -14 -29 -30 31 -12 33 48 57 36 -4 -9 -18 49 -41 -42 43 45 -45 51 -6 -25 -1 56 -39 -17 -13 -46 -21 -15 -7 -16 -48 -11 -2 -3
right_child=3 14 5 6 7 12 17 37 19 10 11 52 27 24 18 42 38 22 -20 54 -22 -23 -24 47 -26 -27 -28 28 29 -31 -32 -33 -34 -35 -36 -37 -38 50 -40 40 41 -43 -44 44 53 -47 58 -49 -50 -51 -52 -53 -54 -55 -56 -57 -58 -59 -60 -61 -62 -63
leaf_value=-0.40732838228700924 0.22065603049950944 -0.48001409682334428 -0.24338844762285158 0.40095680303670261 -0.46769046685734739 -0.12832831697244393 0.13280767855735928 -0.50502726208596005 -0.044954406309509115 1.2141844110055404 0.65607928524828629 1.1153555165637623 -0.064619393616613716 0.2561296702008839 -0.40558590265935746 0.77668990977974828 -0.1605961197711139 0.50133212876833044 -0.44735450291919182 0.58010745247205098 0.10566735053050125 0.59209434950635553 0.35585634963853019 1.1927814410578821 0.18802106179522748 0.65282616149826156 0.14148474881953713 0.69171346426010138 -0.12723344350854557 0.20693182780629116 0.47258882266846869 0.97279655247926711 -0.45843537756456776 -0.15630221433273639 -0.16611191597920208 -0.28404769589719564 0.058345782691612835 -0.31991720437685878 -0.004732159770610013 1.0393196264902751 -0.030754961391411179 0.30212014643475416 0.72113874111856735 1.5385521056396623 0.77874417795854456 0.51816106750338808 -0.28530533237313782 0.76136650943756112 -0.17005893326340579 -0.20758230789768986 -0.16269591681259146 1.1768858452101012 1.5456347533634731 1.1978401008405184 0.13996653050698082 0.52558834011996947 0.19292598531321914 -0.2643425968436835 -0.14321337692335717 1.6969635119804971 0.58794881364573603 -0.68758202638381571
leaf_weight=293 175 311 101 74 61 38 39 63 297 22 180 44 198 129 276 43 307 151 407 36 121 105 77 31 99 97 268 27 75 105 74 80 208 202 213 92 200 258 332 24 82 80 70 28 34 32 270 50 78 41 284 37 28 38 29 62 122 288 287 26 23 78
leaf_count=293 175 311 101 74 61 38 39 63 297 22 180 44 198 129 276 43 307 151 407 36 121 105 77 31 99 97 268 27 75 105 74 80 208 202 213 92 200 258 332 24 82 80 70 28 34 32 270 50 78 41 284 37 28 38 29 62 122 288 287 26 23 78
internal_value=2.51783e-10 -0.154759 -0.0794223 0.627841 -0.17358 0.116621 0.747972 -0.123832 -0.0784465 0.842994 0.887438 0.846397 0.188612 0.263962 -0.386804 0.795402 -0.15715 0.526799 -0.342506 0.0785863 0.299748 0.377253 0.576526 0.649766 0.381306 0.447748 0.0434804 0.0446098 0.14909 0.0676963 0.691286 0.753531 -0.332317 -0.286536 -0.287586 -0.0993523 -0.0429006 -0.26539 -0.0796152 0.146618 0.250491 0.133628 0.918716 0.983954 1.15075 0.835032 -0.23732 0.926476 -0.357444 0.0504956 -0.237536 0.961781 1.28269 0.999934 0.383737 0.343598 0.116628 -0.333462 -0.212091 1.47569 0.263321 -0.521634
internal_weight=8000 6418 4845 1582 3273 1572 1158 2492 1887 810 736 688 1179 774 1573 616 1257 348 1184 630 424 303 309 232 387 288 565 405 207 180 334 260 781 573 777 393 301 605 639 387 186 162 282 212 100 112 618 81 371 201 542 80 72 72 65 191 160 564 557 48 198 389
internal_count=8000 6418 4845 1582 3273 1572 1158 2492 1887 810 736 688 1179 774 1573 616 1257 348 1184 630 424 303 309 232 387 288 565 405 207 180 334 260 781 573 777 393 301 605 639 387 186 162 282 212 100 112 618 81 371 201 542 80 72 72 65 191 160 564 557 48 198 389
is_linear=0
shrinkage=0.05


Tree=29
num_leaves=63
num_cat=0
split_feature=0 0 0 2 2 2 2 2 7 7 7 7 7 7 2 7 2 1 1 2 7 7 7 7 7 7 7 2 0 0 1 1 7 7 7 7 1 1 1 1 1 1 1 3 7 7 7 1 1 1 1 7 1 1 1 6 3 1 1 5 7 7
split_gain=280610 40503 32285.7 22509.4 9330.58 8823.44 8785.6 6000.94 5744.64 6414.53 5525.82 4800.38 5830.98 4549.35 4275.09 3604.45 3315.22 2920.67 4149.5 2855.08 2635.61 2338.96 2739.01 2240.94 2140.53 2091.2 2037.62 1833.54 1794.13 1666.91 1641.34 2009.31 1638.41 1610.55 2698.99 1571.31 1532.41 2108.89 1530.88 2262.82 1453.17 1936.57 1421.49 1352.11 1195.33 1181.41 1160.09 1099.66 1136.45 1098.39 1661.64 1324.74 1088.11 1049.78 1415.75 1158.93 1032.81 1008.89 1397.34 1249.39 993.879 4124.01
threshold=3.5000000000000004 2.5000000000000004 1.5000000000000002 1.0000000180025095e-35 1.0000000180025095e-35 1.0000000180025095e-35 2.5000000000000004 2.5000000000000004 1.5000000000000002 2.5000000000000004 17.500000000000004 1.5000000000000002 2.5000000000000004 17.500000000000004 1.5000000000000002 1.5000000000000002 2.5000000000000004 2.5000000000000004 1.0000000180025095e-35 1.5000000000000002 14.500000000000002 1.5000000000000002 2.5000000000000004 16.500000000000004 17.500000000000004 15.500000000000002 17.500000000000004 1.5000000000000002 1.0000000180025095e-35 1.0000000180025095e-35 2.5000000000000004 1.0000000180025095e-35 18.500000000000004 10.500000000000002 1.5000000000000002 17.500000000000004 2.5000000000000004 1.5000000000000002 2.5000000000000004 1.0000000180025095e-35 2.5000000000000004 1.0000000180025095e-35 1.5000000000000002 3178.2333333333368 5.5000000000000009 18.500000000000004 17.500000000000004 2.5000000000000004 1.5000000000000002 2.5000000000000004 1.0000000180025095e-35 7.5000000000000009 1.5000000000000002 2.5000000000000004 1.0000000180025095e-35 18.500000000000004 7729.1499999999969 2.5000000000000004 1.0000000180025095e-35 9.5795869817051642 9.5000000000000018 10.500000000000002
decision_type=2 2 2 2 2 2 2 2 2 2 2 2 2 2 2 2 2 2 2 2 2 2 2 2 2 2 2 2 2 2 2 2 2 2 2 2 2 2 2 2 2 2 2 2 2 2 2 2 2 2 2 2 2 2 2 2 2 2 2 2 2 2
left_child=1 2 4 21 28 35 8 14 -5 52 19 -7 -13 16 24 -3 27 18 -17 30 33 -2 -23 29 38 40 53 -14 -1 -16 31 -11 -15 34 -8 36 37 -4 39 -6 41 -9 -20 -21 -33 -12 -30 48 -22 50 56 -51 -10 54 -24 -56 -45 58 -36 -60 -18 -62
right_child=3 15 5 6 7 11 20 25 9 10 45 12 13 32 23 17 60 -19 42 43 47 22 26 -25 -26 -27 -28 -29 46 -31 -32 44 -34 -35 57 -37 -38 -39 -40 -41 -42 -43 -44 49 -46 -47 -48 -49 -50 51 -52 -53 -54 -55 55 -57 -58 -59 59 -61 61 -63
leaf_value=-0.38872030064095686 -0.095037546673336554 -0.57935026385141231 -0.16154378216346929 0.38090896117123396 -0.27020772643039881 -0.12478138733750735 0.12616729144102487 -0.37181828452481169 1.200708556175232 0.52643265301709652 1.4155386099944245 0.75712466625932695 0.131298410714634 0.63628806918581482 -0.091350522513925683 -0.4398006809650431 -0.091325313883616518 -0.46988373080055307 -0.29795869230418592 1.1420762179046871 0.6819134656143816 0.8383920761135718 0.11893034980425404 0.23702513943784514 0.084311699820192237 -0.074514214389026168 0.62831229170163472 0.30748419534573529 -0.26606481706937862 0.063788352065431084 0.44895938596612694 0.5427088130265475 0.27963776117370975 0.21876308235903863 0.41319857115546865 0.22536639128412519 -0.31848351854830981 0.13736020291552825 -0.29727400441254892 -0.062336229033200685 -0.39536287769972839 -0.15640325412560055 -0.15622775423145444 0.47807348119094972 0.88211708659455723 1.0103090490613666 0.028790419649433449 0.44722916095153153 1.1213979919751487 0.93758840163548796 0.99155544392392037 0.46309075514344794 1.6835806274414062 0.10392556089981389 0.14105213997331825 0.46051171197647567 0.91733438968658454 0.37991265567337595 1.1194382519949051 0.66608772201971578 0.65712779274693245 -0.020214947390912185
leaf_weight=405 37 178 193 74 193 117 39 153 28 91 37 47 310 67 338 354 133 332 370 40 38 24 72 104 95 175 39 282 339 355 74 32 62 71 36 35 80 85 175 407 169 328 339 32 137 35 37 23 24 24 125 38 20 93 37 122 23 41 21 55 27 134
leaf_count=405 37 178 193 74 193 117 39 153 28 91 37 47 310 67 338 354 133 332 370 40 38 24 72 104 95 175 39 282 339 355 74 32 62 71 36 35 80 85 175 407 169 328 339 32 137 35 37 23 24 24 125 38 20 93 37 122 23 41 21 55 27 134
internal_value=2.12411e-10 -0.147021 -0.0754512 0.596449 -0.164901 0.11079 0.710573 -0.11764 0.800844 0.843066 0.804077 0.179181 0.212669 0.187457 -0.0630566 -0.367464 0.147066 -0.340428 -0.299996 0.755632 0.500459 0.284761 0.321072 0.020601 -0.139695 -0.227933 0.286869 0.215225 -0.315701 -0.0118782 0.656722 0.715854 0.464875 0.422233 0.497475 -0.0943847 -0.125645 -0.0701523 -0.167153 -0.129202 -0.269238 -0.224924 -0.230192 0.87278 0.81785 1.21855 -0.23705 0.7425 0.852037 0.828269 0.890786 0.646767 1.40191 0.24577 0.302876 0.386172 0.661764 0.592122 0.669805 0.791356 0.00982102 0.0933767
internal_weight=8000 6418 4845 1582 3273 1572 1158 2492 810 736 688 1179 1062 1015 1667 1573 886 1395 1063 616 348 424 387 797 870 825 363 592 781 693 334 260 129 263 192 393 358 278 775 600 650 481 709 282 169 72 376 85 62 242 180 62 48 324 231 159 55 153 112 76 294 161
internal_count=8000 6418 4845 1582 3273 1572 1158 2492 810 736 688 1179 1062 1015 1667 1573 886 1395 1063 616 348 424 387 797 870 825 363 592 781 693 334 260 129 263 192 393 358 278 775 600 650 481 709 282 169 72 376 85 62 242 180 62 48 324 231 159 55 153 112 76 294 161
is_linear=0
shrinkage=0.05


Tree=30
num_leaves=63
num_cat=0
split_feature=0 0 0 2 2 1 1 2 0 7 1 1 7 2 7 7 7 7 2 2 2 2 1 1 2 1 2 2 2 7 7 7 2 7 7 7 7 7 7 7 7 7 7 7 7 2 7 1 1 2 7 1 7 7 5 2 7 7 7 1 1 7
split_gain=253251 36553.9 29137.9 20314.7 8420.85 7983.73 11583.4 7963.16 5594.48 5146.77 4686.89 7551.37 4617.63 3597.35 3409.2 3206.25 3022.66 2975.5 2712.35 2675.03 2611.13 2534.37 2154.01 2663.22 2049.79 1966.13 1934.78 1811.7 1778.87 1707.64 1855.5 1647.01 1627.19 1619.68 1591.06 1495.91 1475.32 1327.76 1296.57 1379.93 2605.1 1736.23 1214.15 2002.59 1343.83 1207.15 1139.37 1111.54 1024.16 1023.64 1010.79 999.847 997.134 2146.69 986.229 979.984 950.576 1355.06 941.008 916.438 997.708 906.955
threshold=3.5000000000000004 2.5000000000000004 1.5000000000000002 1.0000000180025095e-35 1.0000000180025095e-35 2.5000000000000004 1.0000000180025095e-35 1.0000000180025095e-35 1.0000000180025095e-35 1.5000000000000002 2.5000000000000004 1.0000000180025095e-35 17.500000000000004 2.5000000000000004 14.500000000000002 17.500000000000004 1.5000000000000002 17.500000000000004 2.5000000000000004 2.5000000000000004 1.5000000000000002 1.0000000180025095e-35 2.5000000000000004 1.0000000180025095e-35 2.5000000000000004 1.5000000000000002 1.5000000000000002 2.5000000000000004 1.5000000000000002 1.5000000000000002 2.5000000000000004 1.5000000000000002 2.5000000000000004 1.5000000000000002 2.5000000000000004 14.500000000000002 1.5000000000000002 18.500000000000004 2.5000000000000004 9.5000000000000018 10.500000000000002 14.500000000000002 9.5000000000000018 12.500000000000002 7.5000000000000009 1.5000000000000002 18.500000000000004 1.5000000000000002 2.5000000000000004 1.5000000000000002 18.500000000000004 1.0000000180025095e-35 9.5000000000000018 11.500000000000002 11.605623532447035 2.5000000000000004 7.5000000000000009 5.5000000000000009 9.5000000000000018 2.5000000000000004 1.0000000180025095e-35 1.5000000000000002
decision_type=2 2 2 2 2 2 2 2 2 2 2 2 2 2 2 2 2 2 2 2 2 2 2 2 2 2 2 2 2 2 2 2 2 2 2 2 2 2 2 2 2 2 2 2 2 2 2 2 2 2 2 2 2 2 2 2 2 2 2 2 2 2
left_child=1 2 4 22 29 6 16 36 18 -7 11 33 13 20 21 25 -5 19 28 26 47 -3 23 -2 -18 52 61 49 48 -1 -31 -12 45 -9 -22 -32 -4 -14 -38 -40 -41 -42 44 -44 -36 -11 -19 -8 51 -23 -17 -6 56 -54 -15 -33 57 -13 -24 60 -20 -10
right_child=3 14 7 5 8 9 12 10 17 32 31 15 37 54 -16 50 24 46 59 -21 34 27 58 -25 -26 -27 -28 -29 -30 30 35 55 -34 -35 42 -37 38 -39 39 40 41 -43 43 -45 -46 -47 -48 -49 -50 -51 -52 -53 53 -55 -56 -57 -58 -59 -60 -61 -62 -63
leaf_value=-0.51288655088061386 0.12070465393542769 -0.52274593706731198 -0.33774574820238812 0.023601387441158295 -0.28347298860459069 -0.21927845031518869 0.67729286433906732 -0.31216242478694767 -0.31492908436805012 0.46474119209830306 -0.3684858189097473 0.088572837043223759 1.507978405058384 0.77309295374058917 -0.22772115989572789 0.85135150560561357 0.63655206699629086 0.32640017733416138 -0.39635485593139769 -0.17369696073409779 1.3738407042718703 -0.36703248326869115 -0.046101667848033989 0.441152601712272 0.33230412495853029 0.38985632014278249 0.070166171327153415 -0.45030244927418733 -0.059576167065716924 0.052071273526767409 -0.34627314503294243 0.10216457148129909 0.3194228776283079 0.064048461838866824 0.98003661200112002 -0.18422336236319758 0.32875362811610104 1.0408675781611738 -0.19232716930287702 0.4895000200271607 -0.24661690232654415 0.092798456204045254 1.4563434650855405 0.9177733772330815 0.51966522621071864 0.73692357023246591 0.039032061190477446 0.90997714627649362 -0.36351247386829488 -0.23228116049172565 0.45658903910267745 -0.10604388560459484 0.68501574609960825 0.1862552092608778 0.513342320349779 -0.10357678064773249 -0.16097404860236028 0.53197464957123708 0.23277931264291207 -0.42205615260831597 -0.19088311373642308 -0.063457792460907658
leaf_weight=84 94 286 52 31 123 27 109 32 40 83 28 96 32 62 423 34 185 68 83 379 31 276 61 209 79 255 373 300 391 41 447 177 77 270 51 209 21 29 143 25 69 83 28 45 23 80 70 97 84 288 31 224 28 94 89 86 27 21 60 106 205 346
leaf_count=84 94 286 52 31 123 27 109 32 40 83 28 96 32 62 423 34 185 68 83 379 31 276 61 209 79 255 373 300 391 41 447 177 77 270 51 209 21 29 143 25 69 83 28 45 23 80 70 97 84 288 31 224 28 94 89 86 27 21 60 106 205 346
internal_value=-9.42594e-10 -0.13967 -0.0716786 0.566626 -0.156656 0.675044 0.746912 0.10525 -0.111758 0.435215 0.170222 0.227291 0.873747 0.826752 -0.349091 0.331963 0.490664 -0.0386248 -0.188501 -0.0652133 0.908056 -0.393734 0.270523 0.34174 0.545508 0.290653 -0.0110429 -0.351029 -0.136801 -0.299916 -0.274249 -0.00392466 0.508846 0.0241851 1.04832 -0.294644 -0.0896655 1.28591 -0.0518351 -0.0768112 0.0165153 -0.0612783 0.979671 1.12435 0.836948 0.598328 0.180634 0.786858 -0.206859 -0.298223 0.66308 -0.168937 0.195551 0.300725 0.619995 0.0348879 0.106446 0.168158 0.0921864 -0.296362 -0.250099 -0.089517
internal_weight=8000 6418 4845 1582 3273 1158 891 1572 2492 267 1179 888 596 535 1573 586 295 1276 1216 1138 384 1150 424 303 264 521 759 864 822 781 697 291 240 302 178 656 393 61 341 320 177 152 147 73 74 163 138 206 431 564 65 347 266 122 151 263 144 117 121 394 288 386
internal_count=8000 6418 4845 1582 3273 1158 891 1572 2492 267 1179 888 596 535 1573 586 295 1276 1216 1138 384 1150 424 303 264 521 759 864 822 781 697 291 240 302 178 656 393 61 341 320 177 152 147 73 74 163 138 206 431 564 65 347 266 122 151 263 144 117 121 394 288 386
is_linear=0
shrinkage=0.05


Tree=31
num_leaves=63
num_cat=0
split_feature=0 0 0 2 2 7 7 2 7 7 7 2 7 1 1 7 7 7 7 7 7 1 1 1 1 2 1 7 7 7 7 1 1 7 7 7 7 7 5 7 7 1 1 7 7 7 7 7 7 1 1 2 3 7 7 7 7 7 2 7 7 7
split_gain=228559 32989.9 26296.9 18334 7599.82 7319.43 9892.55 7186.75 6616.18 5308.2 6404.6 5221.48 5100.57 4229.92 6831.19 3304.67 4575.2 9980.31 3228.43 4829.42 3178.62 3099.26 2848.91 2531.09 3945.03 2373.14 2297.93 2087.95 2469.44 2057.74 1854.78 1636.92 1964.7 1572.58 1553.55 3119.78 2471.77 2569.81 2148.61 1522.27 1486.43 1470.22 2701 1461.76 1459.81 1436.82 4901.66 1434.7 1461.73 1337.5 2057.41 1273.58 1203.3 1146.48 1971.18 2844.95 1333.43 1519.52 1104.68 1077.09 1011.49 1053.82
threshold=3.5000000000000004 2.5000000000000004 1.5000000000000002 1.0000000180025095e-35 1.0000000180025095e-35 1.5000000000000002 2.5000000000000004 1.0000000180025095e-35 17.500000000000004 1.5000000000000002 2.5000000000000004 2.5000000000000004 14.500000000000002 2.5000000000000004 1.5000000000000002 12.500000000000002 9.5000000000000018 10.500000000000002 7.5000000000000009 5.5000000000000009 17.500000000000004 2.5000000000000004 1.0000000180025095e-35 2.5000000000000004 1.0000000180025095e-35 1.5000000000000002 1.0000000180025095e-35 1.5000000000000002 2.5000000000000004 17.500000000000004 14.500000000000002 2.5000000000000004 1.0000000180025095e-35 18.500000000000004 9.5000000000000018 11.500000000000002 7.5000000000000009 5.5000000000000009 14.979030719549236 9.5000000000000018 1.5000000000000002 2.5000000000000004 1.0000000180025095e-35 1.5000000000000002 12.500000000000002 9.5000000000000018 10.500000000000002 11.500000000000002 14.500000000000002 2.5000000000000004 1.0000000180025095e-35 1.5000000000000002 3178.2333333333368 5.5000000000000009 7.5000000000000009 9.5000000000000018 11.500000000000002 14.500000000000002 2.5000000000000004 17.500000000000004 14.500000000000002 13.500000000000002
decision_type=2 2 2 2 2 2 2 2 2 2 2 2 2 2 2 2 2 2 2 2 2 2 2 2 2 2 2 2 2 2 2 2 2 2 2 2 2 2 2 2 2 2 2 2 2 2 2 2 2 2 2 2 2 2 2 2 2 2 2 2 2 2
left_child=1 2 4 27 31 21 -7 49 11 -6 -11 25 15 14 26 16 18 -18 19 -12 23 22 -5 24 -3 34 43 -2 -29 -16 44 32 -1 -10 36 38 37 -8 -36 -28 -15 42 -14 -9 45 -30 -47 -41 -49 50 -4 -26 -27 -13 -55 -56 -57 -58 -53 -44 61 -37
right_child=3 20 7 5 9 6 8 13 33 10 12 53 41 40 29 -17 17 -19 -20 -21 -22 -23 -24 -25 51 52 39 28 30 -31 -32 -33 -34 -35 35 60 -38 -39 -40 47 -42 -43 59 -45 -46 46 -48 48 -50 -51 -52 58 -54 54 55 56 57 -59 -60 -61 -62 -63
leaf_value=-0.37592653104144597 -0.10184365486776509 -0.45384674164311339 -0.2181374473428114 0.022421316081477752 -0.32868238745703682 1.3059450767437619 0.38708812034491341 -0.29655430412385614 1.2028460391930171 0.25431938173067298 -0.23391014778263575 0.20466406581780086 -0.10661983421198065 -0.35006152572376387 0.37036350295824166 -0.32020607828497888 0.42897826340220391 -0.14685528936293821 -0.33558124270256062 0.049737945011246114 -0.12744883989545461 -0.20831452050694713 0.62179301885041327 -0.47699787174183206 -0.31512680836122858 1.0411698454618454 0.10112328097845119 0.78250831154485545 0.15075840450566391 0.80178101466548068 0.43962159774028786 -0.4050645848270506 -0.17763159921665733 0.8106063005772044 0.73046232202778694 0.56477901398573283 0.11567166443612126 0.87391975936682342 1.4390679526329042 0.65076496217932023 0.033143535301889591 -0.11528636504855989 0.068113425092405075 0.060846036861616153 -0.07443097501315854 1.045943680676547 0.15034898734092714 0.041102575449919215 0.38871587399346169 -0.25202620333951453 0.058708438868634409 -0.094937121445375888 0.74513424914484183 0.79299452257783798 0.0062672491411905036 0.74759715897723655 0.19173102178003476 0.58279524886359768 -0.27481118316148839 0.25659570159229239 0.71314009582377313 0.14625417107627506
leaf_weight=184 37 360 101 31 242 60 66 32 56 133 380 52 163 28 255 250 109 243 246 248 170 27 55 332 369 40 144 24 145 31 102 208 389 47 23 53 37 46 20 28 263 163 188 270 44 22 50 49 79 92 200 178 242 38 37 39 46 54 164 127 68 21
leaf_count=184 37 360 101 31 242 60 66 32 56 133 380 52 163 28 255 250 109 243 246 248 170 27 55 332 369 40 144 24 145 31 102 208 389 47 23 53 37 46 20 28 263 163 188 270 44 22 50 49 79 92 200 178 242 38 37 39 46 54 164 127 68 21
internal_value=-1.44143e-10 -0.132687 -0.0680947 0.538295 -0.148824 0.641292 0.682629 0.0999878 0.64466 -0.106171 -0.0822381 0.600377 -0.103382 0.161711 0.215926 -0.154527 -0.120743 0.0314568 -0.182041 -0.121896 -0.331636 0.259019 0.40574 -0.356378 -0.318986 0.68032 0.12034 0.256997 0.291304 0.417126 0.258828 -0.28492 -0.241307 1.02386 0.590144 0.68692 0.469986 0.587037 1.06005 0.218353 -0.00372843 0.0143873 0.0586066 0.0229758 0.188173 0.24142 0.424003 0.326564 0.255645 -0.0851822 -0.0341867 -0.250703 0.787125 0.415245 0.466414 0.395902 0.499618 0.402906 -0.181193 0.144105 0.573931 0.446008
internal_weight=8000 6418 4845 1582 3273 1158 1045 1572 985 2492 2250 882 2117 1179 888 1476 1226 352 874 628 1573 113 86 1403 1071 616 602 424 387 286 363 781 573 103 334 185 149 112 43 300 291 641 478 302 261 217 72 156 128 393 301 711 282 266 214 176 139 100 342 315 142 74
internal_count=8000 6418 4845 1582 3273 1158 1045 1572 985 2492 2250 882 2117 1179 888 1476 1226 352 874 628 1573 113 86 1403 1071 616 602 424 387 286 363 781 573 103 334 185 149 112 43 300 291 641 478 302 261 217 72 156 128 393 301 711 282 266 214 176 139 100 342 315 142 74
is_linear=0
shrinkage=0.05


Tree=32
num_leaves=63
num_cat=0
split_feature=0 0 0 2 0 1 1 2 2 7 7 1 1 2 2 7 2 7 7 1 1 7 2 1 1 1 1 1 2 3 7 2 1 1 7 7 7 6 1 1 7 7 7 7 1 7 2 7 1 2 8 5 1 7 7 2 7 7 4 6 5 7
split_gain=206274 29773.4 23733 16546.5 7027.94 6987.32 10149.7 6486.04 4130.35 4080.43 3834.88 3821.67 5858.34 3525.19 3374.97 3123.22 2962.02 2605.39 2663.28 2475.41 3173.41 2389.75 2191.11 1953.42 2485.21 1944.8 2926.75 1759.2 1660.2 1501.03 1500.73 1361.17 1361.11 2121.44 1338.78 1280.61 1244.74 1276.61 1236.56 1760.49 1193.47 6038.92 1452.64 1252.1 1152.51 1080.79 1097.02 1015.94 1010.46 1005.83 1001.76 2374.71 992.874 964.384 955.696 944.42 941.103 922.826 896.008 846.868 838.384 823.348
threshold=3.5000000000000004 2.5000000000000004 1.5000000000000002 1.0000000180025095e-35 1.0000000180025095e-35 2.5000000000000004 1.0000000180025095e-35 1.0000000180025095e-35 2.5000000000000004 1.5000000000000002 17.500000000000004 2.5000000000000004 1.5000000000000002 1.5000000000000002 1.0000000180025095e-35 1.5000000000000002 2.5000000000000004 2.5000000000000004 17.500000000000004 2.5000000000000004 1.5000000000000002 1.5000000000000002 1.5000000000000002 2.5000000000000004 1.5000000000000002 2.5000000000000004 1.0000000180025095e-35 1.0000000180025095e-35 2.5000000000000004 7745.7916666666561 14.500000000000002 2.5000000000000004 2.5000000000000004 1.5000000000000002 17.500000000000004 17.500000000000004 13.500000000000002 60.500000000000007 2.5000000000000004 1.5000000000000002 9.5000000000000018 10.500000000000002 14.500000000000002 7.5000000000000009 1.5000000000000002 17.500000000000004 2.5000000000000004 4.5000000000000009 1.5000000000000002 1.5000000000000002 0.43817431902028797 16.664651278446581 1.5000000000000002 14.500000000000002 1.5000000000000002 1.0000000180025095e-35 1.5000000000000002 17.500000000000004 30.965171725576436 62.500000000000007 11.605623532447035 1.5000000000000002
decision_type=2 2 2 2 2 2 2 2 2 2 2 2 2 2 2 2 2 2 2 2 2 2 2 2 2 2 2 2 2 2 2 2 2 2 2 2 2 2 2 2 2 2 2 2 2 2 2 2 2 2 2 2 2 2 2 2 2 2 2 2 2 2
left_child=1 2 4 23 14 6 21 34 13 -7 16 12 27 40 -1 -3 22 -17 25 20 45 -5 52 24 58 26 -19 53 -23 50 36 49 33 57 38 55 37 -15 39 -4 43 -42 -43 47 -12 46 -16 -9 -28 -11 -24 -52 -8 -6 -13 -14 -22 -10 -2 -31 -18 -29
right_child=3 15 7 5 11 9 10 8 32 31 44 54 35 30 19 17 60 18 -20 -21 56 28 29 -25 -26 -27 48 61 -30 59 -32 -33 -34 -35 -36 -37 -38 -39 -40 -41 41 42 -44 -45 -46 -47 -48 -49 -50 -51 51 -53 -54 -55 -56 -57 -58 -59 -60 -61 -62 -63
leaf_value=-0.34035932669209112 0.14172468370370489 -0.51228953268420829 -0.14343056411631985 0.021300246230056209 -0.22313386950858016 -0.19789880425841722 0.61156169033925467 -0.008216422139522955 -0.050164679381796112 0.41032548031085225 0.92691048030500056 -0.43551614559613744 -0.042281031033231158 0.20693603569904231 -0.17721736296228274 0.0030213019771811863 0.70590413724703183 -0.42588152119091582 -0.12107640010469101 -0.30061354972422127 -0.22069912837310271 0.56729669994196374 0.88895799614945248 0.074317238148886799 0.50860512994939377 -0.45021858331902004 -0.29559147985518175 -0.26166298459683146 0.29348413437793525 0.89792959223955104 0.47760167031461354 0.2771755238922386 -0.13690016373540417 0.27874701847578143 0.2142225778102875 0.37040092607541963 -0.065665666988262761 0.44148768090103802 -0.28300400335807357 0.1296688798771185 0.94608520269393925 -0.051653050803920124 0.24781830100575464 -0.21637410112633937 1.3644685240352856 -0.0082711077194947465 -0.33245916816811621 0.2496576279727003 -0.16439173470006874 0.65877679198980332 1.4885784029509084 0.89316759924678246 0.83147497548500915 -0.051735806010107993 -0.17551599190785336 0.14491876184578931 0.028353548570112748 0.2530803415025103 0.37919492179697212 0.51538913470247516 0.4664132303150183 -0.008425209765353792
leaf_weight=405 143 178 193 31 293 27 109 97 186 83 27 39 90 149 377 72 62 294 170 292 44 185 49 121 105 271 306 35 79 39 117 77 99 91 35 49 26 95 80 85 24 82 80 41 34 65 163 63 282 80 33 34 97 114 377 268 275 29 55 23 89 387
leaf_count=405 143 178 193 31 293 27 109 97 186 83 27 39 90 149 377 72 62 294 170 292 44 185 49 121 105 271 306 35 79 39 117 77 99 91 35 49 26 95 80 85 24 82 80 41 34 65 163 63 282 80 33 34 97 114 377 268 275 29 55 23 89 387
internal_value=7.75472e-11 -0.126052 -0.06469 0.51138 -0.141382 0.609227 0.676461 0.0949884 0.153626 0.384863 0.795187 -0.0688057 -0.0246863 0.221322 -0.215347 -0.315055 0.752361 -0.289888 -0.305828 -0.173711 -0.133607 0.436595 0.826136 0.244147 0.311967 -0.333068 -0.297073 -0.100959 0.48536 0.954623 0.328028 0.450424 0.0242508 0.0763878 -0.0809231 0.13067 0.263213 0.298257 -0.109778 -0.0599289 0.114615 0.205892 0.096234 0.0301497 1.1708 -0.200892 -0.224077 0.0933215 -0.232669 0.532265 1.06077 1.18643 0.715113 -0.175126 -0.199891 0.0978574 -0.00599854 -0.00926186 0.207689 0.756019 0.564747 -0.0294283
internal_weight=8000 6418 4845 1582 3273 1158 891 1572 1179 267 596 1652 1236 774 1621 1573 535 1395 1323 1216 924 295 384 424 303 1153 882 829 264 178 387 240 405 306 393 407 270 244 358 278 387 186 162 201 61 605 540 160 588 163 116 67 206 407 416 358 319 215 198 62 151 422
internal_count=8000 6418 4845 1582 3273 1158 891 1572 1179 267 596 1652 1236 774 1621 1573 535 1395 1323 1216 924 295 384 424 303 1153 882 829 264 178 387 240 405 306 393 407 270 244 358 278 387 186 162 201 61 605 540 160 588 163 116 67 206 407 416 358 319 215 198 62 151 422
is_linear=0
shrinkage=0.05


Tree=33
num_leaves=63
num_cat=0
split_feature=0 0 0 2 2 1 1 2 2 2 7 2 2 2 2 7 2 1 7 7 7 7 7 2 7 7 7 7 7 1 1 7 7 7 7 7 2 7 1 1 7 7 7 2 7 7 7 7 1 1 7 7 7 7 2 2 0 0 4 7 7 2
split_gain=186162 26870.5 21419 14933.2 6397.82 6306.06 9175.13 5853.65 4842.36 3727.64 3682.59 3518.09 3394.36 3181.49 3012.86 2764.57 2161.42 2004.13 1894.03 2197.76 1788.45 1735.43 1641.83 1612.01 1600.04 1505.61 1686.49 1503.91 1498.35 1481.4 1870.17 1415.07 1400.37 1373.38 1351.45 2669.64 1303.79 1270.57 1241.13 1737.53 1228.86 2943.18 1542.99 1228.45 1140.91 1208.73 2328 1512.64 1098.07 1945.78 1262.56 2049.35 1077.31 3832.25 1062.26 1053.25 983.545 975.003 913.324 909.736 1005.18 907.758
threshold=3.5000000000000004 2.5000000000000004 1.5000000000000002 1.0000000180025095e-35 1.0000000180025095e-35 2.5000000000000004 1.5000000000000002 1.0000000180025095e-35 2.5000000000000004 2.5000000000000004 1.5000000000000002 1.5000000000000002 2.5000000000000004 1.5000000000000002 1.0000000180025095e-35 17.500000000000004 2.5000000000000004 1.0000000180025095e-35 1.5000000000000002 2.5000000000000004 14.500000000000002 17.500000000000004 15.500000000000002 2.5000000000000004 1.5000000000000002 1.5000000000000002 2.5000000000000004 2.5000000000000004 15.500000000000002 2.5000000000000004 1.0000000180025095e-35 12.500000000000002 16.500000000000004 17.500000000000004 1.5000000000000002 2.5000000000000004 1.5000000000000002 1.5000000000000002 2.5000000000000004 1.0000000180025095e-35 9.5000000000000018 10.500000000000002 14.500000000000002 2.5000000000000004 2.5000000000000004 9.5000000000000018 10.500000000000002 14.500000000000002 2.5000000000000004 1.0000000180025095e-35 9.5000000000000018 11.500000000000002 9.5000000000000018 10.500000000000002 1.5000000000000002 1.5000000000000002 1.0000000180025095e-35 1.0000000180025095e-35 23.821238525577183 7.5000000000000009 5.5000000000000009 1.5000000000000002
decision_type=2 2 2 2 2 2 2 2 2 2 2 2 2 2 2 2 2 2 2 2 2 2 2 2 2 2 2 2 2 2 2 2 2 2 2 2 2 2 2 2 2 2 2 2 2 2 2 2 2 2 2 2 2 2 2 2 2 2 2 2 2 2
left_child=1 2 4 18 25 6 12 37 11 13 -7 22 17 48 -3 23 36 -5 -2 -20 31 -21 38 54 -10 -1 -27 -26 56 30 -15 34 -32 57 -13 -36 -16 -4 39 -6 -11 -42 -43 61 -39 -46 -47 -48 49 -9 -51 -52 59 -54 -8 -19 -29 -28 -56 60 -37 -12
right_child=3 14 7 5 8 10 15 9 24 40 43 20 -14 29 16 -17 -18 55 19 21 -22 -23 -24 -25 27 26 33 28 -30 -31 32 -33 -34 -35 35 52 -38 44 -40 -41 41 42 -44 -45 45 46 47 -49 -50 50 51 -53 53 -55 58 -57 -58 -59 -60 -61 -62 -63
leaf_value=-0.45916032812425067 -0.10983161402715219 -0.42002655784192477 -0.3070995460873327 0.49118957220563586 -0.25071174292320231 -0.18800386212490225 0.7899012224278269 -0.021558508380214766 -0.40528766663722049 -0.066014463228709783 0.38980920462005114 -0.17131706338375807 0.33997068937668312 0.18737543309205459 -0.27526345606833602 1.2962450883844321 -0.3529800940579586 0.60809983819215829 0.72801173478364944 0.19604782523633338 0.16455029227796875 0.54908599547850778 0.015601212989518987 0.6318415393431982 0.11574623176264903 0.076020220321852988 -0.34717070276910628 -0.30399196131109463 -0.06215108563538109 0.1447755506883065 0.39945715642821644 -0.20646289472502694 0.76625929590194453 -0.064441325309046782 0.41704630143112609 -0.0860998429259104 -0.14572567208513657 0.31524364614327038 -0.28031276712814968 -0.056012827503947996 0.59501614416087123 -0.13801326824227969 0.15892291084641502 0.26331674334919686 -0.1733117400401539 0.46926944085955624 -0.22438704039955484 0.092421355152345563 -0.040863852257970519 0.12725228109572193 0.80424111891876571 0.2510031002440623 0.5948958518830213 -0.028876014345699981 1.2325247350861046 0.82426214315570323 -0.16696267377019727 -0.21672603988293818 0.89077430510002642 -0.19236511754509258 0.14227367970826371 0.62583794905804102
leaf_weight=84 37 389 52 204 166 27 97 101 81 198 83 80 168 95 390 34 407 123 24 324 188 39 187 81 43 41 287 246 175 99 162 81 31 83 45 113 387 21 147 370 27 75 105 77 143 25 69 83 93 101 22 70 33 97 34 104 280 286 46 76 84 80
leaf_count=84 37 389 52 204 166 27 97 101 81 198 83 80 168 95 390 34 407 123 24 324 188 39 187 81 43 41 287 246 175 99 162 81 31 83 45 113 387 21 147 370 27 75 105 77 143 25 69 83 93 101 22 70 33 97 34 104 280 286 46 76 84 80
internal_value=-7.14476e-10 -0.11975 -0.0614555 0.485811 -0.134313 0.578766 0.642638 0.090239 -0.0951783 0.145944 0.36562 -0.0461459 0.530613 0.210256 -0.299302 0.872443 -0.259638 0.604924 0.23194 0.264615 0.0297443 0.233978 -0.115668 0.816593 -0.194254 -0.259184 -0.235084 -0.171278 -0.188884 0.311627 0.368982 -0.0118707 0.458374 -0.254528 0.0179816 0.0517849 -0.210745 -0.0768769 -0.151609 -0.116311 0.0230382 0.108219 0.0351995 0.427902 -0.0417697 -0.0651987 0.0221469 -0.051393 0.108884 0.156254 0.249306 0.383299 0.0109989 0.129466 0.901141 0.707135 -0.231049 -0.282062 1.03602 -0.0454141 0.0112777 0.505652
internal_weight=8000 6418 4845 1582 3273 1158 891 1572 2492 1179 267 1667 599 774 1573 292 1184 431 424 387 797 363 870 258 825 781 697 744 701 387 288 609 193 656 528 448 777 393 683 536 405 207 180 240 341 320 177 152 387 294 193 92 403 130 177 227 526 573 80 273 197 163
internal_count=8000 6418 4845 1582 3273 1158 891 1572 2492 1179 267 1667 599 774 1573 292 1184 431 424 387 797 363 870 258 825 781 697 744 701 387 288 609 193 656 528 448 777 393 683 536 405 207 180 240 341 320 177 152 387 294 193 92 403 130 177 227 526 573 80 273 197 163
is_linear=0
shrinkage=0.05


Tree=34
num_leaves=63
num_cat=0
split_feature=0 0 0 2 1 1 7 7 7 2 7 7 7 7 7 7 7 7 7 7 7 7 7 7 7 7 7 7 7 1 1 0 2 1 1 1 1 0 7 4 1 1 1 7 2 7 7 7 7 7 7 2 6 2 7 7 7 2 2 7 1 1
split_gain=168012 24250.6 19330.7 13477.2 6239.7 8560.13 5796.86 8768.37 5543.58 5282.92 5207.39 34223.1 6536.71 7607.69 3460.15 5403.73 3336.23 2927.8 2805.03 2689.69 2468.67 2443.58 2341.94 2465.35 2187.7 4160.86 7979.91 2816.61 3983.03 2138.9 2148.94 1903.48 1897.02 1751.32 2265.71 1535.78 2191.49 1432.75 1430.44 1325.6 1295.42 1257.07 1938.55 1146.69 1106.9 1106.4 2241.05 1029.67 1090.88 2101.02 1365.16 880.527 858.463 833.591 827.247 1428.15 807.155 800.951 799.566 792.332 777.656 1406.65
threshold=3.5000000000000004 2.5000000000000004 1.5000000000000002 1.0000000180025095e-35 2.5000000000000004 1.5000000000000002 1.5000000000000002 2.5000000000000004 14.500000000000002 1.0000000180025095e-35 10.500000000000002 9.5000000000000018 7.5000000000000009 5.5000000000000009 1.5000000000000002 2.5000000000000004 14.500000000000002 1.5000000000000002 1.5000000000000002 2.5000000000000004 17.500000000000004 15.500000000000002 2.5000000000000004 14.500000000000002 12.500000000000002 9.5000000000000018 10.500000000000002 7.5000000000000009 5.5000000000000009 2.5000000000000004 1.0000000180025095e-35 1.0000000180025095e-35 1.0000000180025095e-35 2.5000000000000004 1.0000000180025095e-35 2.5000000000000004 1.5000000000000002 1.0000000180025095e-35 6.5000000000000009 25.144070675018177 1.0000000180025095e-35 2.5000000000000004 1.0000000180025095e-35 1.5000000000000002 2.5000000000000004 12.500000000000002 11.500000000000002 2.5000000000000004 9.5000000000000018 10.500000000000002 14.500000000000002 1.5000000000000002 62.500000000000007 2.5000000000000004 1.5000000000000002 2.5000000000000004 18.500000000000004 1.5000000000000002 2.5000000000000004 1.5000000000000002 2.5000000000000004 1.5000000000000002
decision_type=2 2 2 2 2 2 2 2 2 2 2 2 2 2 2 2 2 2 2 2 2 2 2 2 2 2 2 2 2 2 2 2 2 2 2 2 2 2 2 2 2 2 2 2 2 2 2 2 2 2 2 2 2 2 2 2 2 2 2 2 2 2
left_child=1 2 4 33 5 17 29 51 10 43 11 12 13 53 -11 -16 24 -1 -3 -19 31 32 -20 41 25 27 -27 28 -17 30 -5 54 -21 34 -2 36 -10 -6 -15 52 -34 42 -24 -4 57 46 -12 -45 -49 -50 -51 -8 -38 -9 -7 -56 -22 -18 -42 -39 61 -25
right_child=3 18 9 6 37 20 7 8 35 14 45 -13 -14 38 15 16 44 19 22 21 56 -23 23 60 -26 26 -28 -29 -30 -31 -32 -33 40 -35 -36 -37 39 59 -40 -41 58 -43 -44 47 -46 -47 -48 48 49 50 -52 -53 -54 -55 55 -57 -58 -59 -60 -61 -62 -63
leaf_value=-0.36741668453224663 0.080685209593874346 -0.47125508570520397 -0.29174457315642099 -0.0013974260178304489 -0.31563162637184794 -0.23782688813251363 0.92171019898219542 0.39263860594388866 0.68668838378370689 -0.11941851903485437 0.17853137220954524 1.7690705155426603 0.097674415521977254 0.66759052417344522 0.69120744809191281 -0.02663106479895044 0.2300546747306362 0.14667147274738476 0.017219476898511252 -0.31197157720255753 0.42909063697606326 -0.028315369715564889 -0.40854272125744162 -0.21299320438222305 -0.10166180555780346 0.7679619241219301 0.073758859925887044 -0.18796942550151682 0.35002907788647075 -0.17860366768307157 0.51916105172850868 0.097676448436849361 -0.21639267507389676 0.059537985537601402 0.37625232933704078 0.52999980283731762 0.60242583975195885 -0.3973871429761251 0.99246630948036918 1.267011594772339 -0.046777334146079472 -0.4256606732100785 -0.22899385350396564 0.29948146324909647 0.15097676329669499 0.16544279563068243 0.60387594069043793 -0.16464615492345569 0.44580597874522215 -0.21316768511913825 0.087800286360174784 1.3191888150415922 1.0503311597782632 0.15326550640165806 0.34845059957841173 -0.059765656504887167 0.10435864054147276 0.43534490386517644 -0.1900680882218001 -0.16064951326500437 -0.30553220473639264 0.0056618235971439973
leaf_weight=147 94 178 52 31 397 57 22 121 136 117 64 53 114 72 47 188 80 81 72 233 50 320 225 222 130 65 114 104 112 27 55 358 399 121 209 66 20 39 64 32 305 222 453 21 105 108 60 143 25 69 83 38 23 52 23 313 31 117 143 377 91 110
leaf_count=147 94 178 52 31 397 57 22 121 136 117 64 53 114 72 47 188 80 81 72 233 50 320 225 222 130 65 114 104 112 27 55 358 399 121 209 66 20 39 64 32 305 222 453 21 105 108 60 143 25 69 83 38 23 52 23 313 31 117 143 377 91 110
internal_value=-1.76809e-10 -0.113762 -0.0583827 0.461521 -0.127598 -0.0879099 0.549828 0.586615 0.550869 0.085727 0.476674 0.571343 0.421273 0.540658 0.138647 0.167078 0.142808 -0.154587 -0.284337 -0.133462 0.0425594 -0.14967 -0.260486 -0.275599 0.0838118 0.12517 0.325844 0.0362569 0.113989 0.20963 0.331518 0.014274 -0.185627 0.220343 0.284558 0.740506 0.806351 -0.247686 0.820473 1.02334 -0.150871 -0.322392 -0.288579 -0.0730331 0.282094 0.282441 0.384343 -0.0396812 -0.0619387 0.0210396 -0.0488233 1.17345 0.842003 0.320688 -0.0617008 -0.0318223 0.30481 0.351978 -0.0925152 -0.182844 -0.17604 -0.140547
internal_weight=8000 6418 4845 1582 3273 2460 1158 1045 985 1572 708 476 423 309 1179 1062 1015 1628 1573 1481 832 1400 1395 1323 713 583 179 404 300 113 86 751 1080 424 303 277 211 813 136 75 847 900 678 393 302 232 124 341 320 177 152 60 43 173 393 336 81 197 448 416 423 332
internal_count=8000 6418 4845 1582 3273 2460 1158 1045 985 1572 708 476 423 309 1179 1062 1015 1628 1573 1481 832 1400 1395 1323 713 583 179 404 300 113 86 751 1080 424 303 277 211 813 136 75 847 900 678 393 302 232 124 341 320 177 152 60 43 173 393 336 81 197 448 416 423 332
is_linear=0
shrinkage=0.05


Tree=35
num_leaves=63
num_cat=0
split_feature=0 0 0 2 0 1 1 2 1 1 1 1 7 7 2 1 1 2 2 7 1 2 7 7 7 7 1 7 2 2 3 7 2 7 7 2 1 1 7 7 7 7 2 2 8 5 7 2 1 1 7 7 2 7 5 2 7 1 1 7 7 7
split_gain=151630 21886.2 17445.9 12163.2 5813.72 5358.19 8057.59 4767.83 3416.53 5633.48 3122.75 4585.6 2992.31 2950.34 2706.75 2608.01 3442.36 2260.54 1919.12 1884.82 1879.78 1735.58 1712.14 1965.37 1612.08 1577.05 1471.26 1407.83 1333.47 1282.15 1277.39 1188.89 1184.55 1145.76 1124.95 1099.47 1079.35 1695.89 1069.69 1038.74 1023.17 969.194 889.195 947.295 879.401 2038.79 816.976 805.181 789.159 945.31 780.974 1075.18 776.583 775.673 802.385 768.26 757.322 756.576 1314.61 754.026 1212.12 4251.02
threshold=3.5000000000000004 2.5000000000000004 1.5000000000000002 1.0000000180025095e-35 1.0000000180025095e-35 2.5000000000000004 1.0000000180025095e-35 1.0000000180025095e-35 2.5000000000000004 1.5000000000000002 2.5000000000000004 1.5000000000000002 17.500000000000004 1.5000000000000002 1.0000000180025095e-35 2.5000000000000004 1.0000000180025095e-35 2.5000000000000004 2.5000000000000004 1.5000000000000002 1.0000000180025095e-35 1.5000000000000002 1.5000000000000002 2.5000000000000004 17.500000000000004 17.500000000000004 1.0000000180025095e-35 17.500000000000004 2.5000000000000004 1.0000000180025095e-35 7745.7916666666561 1.5000000000000002 1.5000000000000002 1.5000000000000002 9.5000000000000018 2.5000000000000004 2.5000000000000004 1.0000000180025095e-35 11.500000000000002 14.500000000000002 17.500000000000004 18.500000000000004 2.5000000000000004 1.5000000000000002 0.43817431902028797 16.361471810312668 14.500000000000002 1.5000000000000002 2.5000000000000004 1.0000000180025095e-35 7.5000000000000009 5.5000000000000009 2.5000000000000004 9.5000000000000018 21.207376750743933 1.0000000180025095e-35 1.5000000000000002 2.5000000000000004 1.0000000180025095e-35 5.5000000000000009 10.500000000000002 9.5000000000000018
decision_type=2 2 2 2 2 2 2 2 2 2 2 2 2 2 2 2 2 2 2 2 2 2 2 2 2 2 2 2 2 2 2 2 2 2 2 2 2 2 2 2 2 2 2 2 2 2 2 2 2 2 2 2 2 2 2 2 2 2 2 2 2 2
left_child=1 2 4 22 15 6 19 36 9 20 11 26 17 -7 48 16 56 21 32 -5 33 -8 -2 -24 -11 59 -6 29 -21 -18 44 -10 -16 -9 50 47 37 -4 -36 -40 55 -14 43 -31 -23 -46 -34 -15 49 -3 51 -22 -35 -39 -55 -13 -1 58 -20 -25 61 -61
right_child=3 14 7 5 10 13 12 8 31 24 -12 40 41 35 18 -17 27 -19 57 28 34 30 23 25 -26 -27 -28 -29 -30 42 -32 -33 46 52 38 -37 -38 53 39 -41 -42 -43 -44 -45 45 -47 -48 -49 -50 -51 -52 -53 -54 54 -56 -57 -58 -59 -60 60 -62 -63
leaf_value=-0.46938746205785065 -0.11562025446344067 -0.46507917654567532 -0.19058012803002161 -0.0013275505313950203 -0.15063286735619022 -0.16967348241143757 0.61480646045693177 -0.27731708325445653 -0.32670678922108243 0.32176153219944126 -0.17370148274122377 -0.033602044797605944 1.208515951409936 0.34606179037546542 -0.24795122728468133 -0.2998500474402564 -0.22900638867874404 0.48526815889242869 -0.41654185431247409 0.48423320788386709 0.066553063853643832 0.76491366624832158 0.67860477057596047 0.020009155068842193 0.70361335354466592 0.51180563332178652 -0.017391535313137901 0.11678473779724703 0.23883940122573627 -0.10602014072458535 0.64475829309273158 0.016006005230313699 -0.16707233557374113 0.099563881713251826 0.55524583884647916 0.22590307838150434 -0.21926154035103063 -0.029202070517824332 0.033214451859191974 0.32624758033529866 0.33640634330863861 0.80943013187497859 -0.16459861935197961 0.052786575642483971 1.3320816082879903 0.77989634043404044 -0.00057159799969557564 0.56835510149830959 -0.52675105898808217 -0.28348504347567582 -0.16088437702920702 0.46151756353321532 -0.07982630674000625 0.077158630517960514 0.40977229052782066 0.13523859650438735 -0.24933363501555644 -0.43319792366082521 -0.19892066109212156 0.179548543918787 0.12503939307751552 0.96228425719521271
leaf_weight=44 37 112 101 31 407 27 206 32 28 255 416 90 32 83 390 397 185 151 110 185 96 49 24 63 31 39 422 72 79 204 62 263 288 179 28 77 92 109 49 79 49 29 194 174 32 35 99 80 78 199 27 21 91 66 25 268 351 109 188 82 157 22
leaf_count=44 37 112 101 31 407 27 206 32 28 255 416 90 32 83 390 397 185 151 110 185 96 49 24 63 31 39 422 72 79 204 62 263 288 179 28 77 92 109 49 79 49 29 194 174 32 35 99 80 78 199 27 21 91 66 25 268 351 109 188 82 157 22
internal_value=-5.18994e-11 -0.108074 -0.0554636 0.438445 -0.121218 0.522336 0.581213 0.0814407 0.131715 0.180439 -0.0552076 -0.0153262 0.686997 0.325861 -0.27012 -0.18849 -0.152371 0.649167 -0.232525 0.367493 0.0936356 0.713617 0.209325 0.240393 0.363151 0.21142 -0.0828068 -0.094491 0.410801 -0.114586 0.827971 -0.0169698 -0.186454 0.00557482 0.182283 0.381609 -0.0693814 -0.0235709 0.275307 0.214071 0.122122 1.01879 -0.0775793 -0.0329186 0.925894 1.04363 -0.124479 0.455163 -0.384547 -0.348882 0.0815075 0.137444 0.0391027 0.0607688 0.168536 0.0927926 -0.273846 -0.32048 -0.279251 0.175262 0.212737 0.345127
internal_weight=8000 6418 4845 1582 3273 1158 891 1572 1179 888 1652 1236 596 267 1573 1621 1224 535 1184 295 602 384 424 387 286 363 829 829 264 757 178 291 777 302 300 240 393 301 156 128 407 61 572 378 116 67 387 163 389 311 144 117 270 200 91 358 395 407 298 324 261 104
internal_count=8000 6418 4845 1582 3273 1158 891 1572 1179 888 1652 1236 596 267 1573 1621 1224 535 1184 295 602 384 424 387 286 363 829 829 264 757 178 291 777 302 300 240 393 301 156 128 407 61 572 378 116 67 387 163 389 311 144 117 270 200 91 358 395 407 298 324 261 104
is_linear=0
shrinkage=0.05


Tree=36
num_leaves=63
num_cat=0
split_feature=0 0 0 2 2 1 1 2 2 2 2 2 2 7 7 7 7 7 2 1 1 7 1 1 7 7 7 7 1 1 2 1 1 0 1 1 1 1 7 7 7 2 1 1 7 3 7 7 7 7 4 3 7 1 1 7 7 7 4 4 1 2
split_gain=136846 19752.3 15744.9 10977.3 5346.89 4835.77 7439.35 4302.97 4156.26 3178.23 3136.05 2746.99 2669.18 2662.68 2507.69 2121.18 2207.32 2069.15 1649.63 1574.72 2169.36 1543.95 1501.26 2383.57 1420.32 1646.4 1348.23 1292.1 1256.26 1481.16 1238.72 1220.58 1564.61 1165.71 1112.66 1756.66 1087.82 1609.51 1062.72 1039.96 1015.13 992.27 984.306 1420.48 947.637 1061.8 895.062 2038.5 1006.96 891.547 1153.51 1127.19 982.769 872.91 1586.93 1008.79 1656.1 760.261 758.02 731.788 729.951 726.675
threshold=3.5000000000000004 2.5000000000000004 1.5000000000000002 1.0000000180025095e-35 1.0000000180025095e-35 2.5000000000000004 1.5000000000000002 1.0000000180025095e-35 2.5000000000000004 2.5000000000000004 1.5000000000000002 1.5000000000000002 2.5000000000000004 1.5000000000000002 1.5000000000000002 2.5000000000000004 17.500000000000004 17.500000000000004 1.5000000000000002 2.5000000000000004 1.5000000000000002 16.500000000000004 2.5000000000000004 1.5000000000000002 1.5000000000000002 2.5000000000000004 15.500000000000002 17.500000000000004 2.5000000000000004 1.5000000000000002 2.5000000000000004 2.5000000000000004 1.0000000180025095e-35 1.0000000180025095e-35 2.5000000000000004 1.0000000180025095e-35 2.5000000000000004 1.0000000180025095e-35 16.500000000000004 17.500000000000004 1.5000000000000002 2.5000000000000004 2.5000000000000004 1.5000000000000002 2.5000000000000004 3124.200000000003 9.5000000000000018 10.500000000000002 14.500000000000002 9.5000000000000018 23.426461162021443 7202.5916666666626 7.5000000000000009 2.5000000000000004 1.0000000180025095e-35 9.5000000000000018 11.500000000000002 14.500000000000002 30.965171725576436 28.106392078057038 1.0000000180025095e-35 1.5000000000000002
decision_type=2 2 2 2 2 2 2 2 2 2 2 2 2 2 2 2 2 2 2 2 2 2 2 2 2 2 2 2 2 2 2 2 2 2 2 2 2 2 2 2 2 2 2 2 2 2 2 2 2 2 2 2 2 2 2 2 2 2 2 2 2 2
left_child=1 2 4 19 28 6 12 39 10 11 24 53 18 -7 -3 -16 22 30 40 20 58 33 23 60 -6 -26 -27 36 29 46 44 32 -13 -12 35 -11 37 -10 -34 42 -5 61 43 -4 -8 -46 -1 -48 -49 52 -51 -52 -20 54 -9 -56 -57 -14 -2 -22 -17 -15
right_child=3 14 7 5 8 13 17 9 27 34 21 31 57 41 15 16 -18 -19 49 -21 59 -23 -24 -25 25 26 -28 -29 -30 -31 -32 -33 38 -35 -36 -37 -38 -39 -40 -41 -42 -43 -44 -45 45 -47 47 48 -50 50 51 -53 -54 -55 55 56 -58 -59 -60 -61 -62 -63
leaf_value=-0.32913891099860304 0.10165237442010662 -0.43334784449988534 -0.12187494437157181 0.096451504670438323 -0.2989814815605864 -0.1611898120906618 1.0409736861785255 -0.028029178887015522 -0.28426799313000894 -0.10577628851499198 -0.055720984013255183 0.16465945615580208 0.22471685181801712 0.32875869889878273 0.030229951787946952 -0.35423423589847119 -0.080251394803909692 1.1257256712983637 0.60556388206626344 0.046377696056873349 0.55557543207876026 0.2173390259142392 -0.37617298230473845 -0.12172483754747197 0.21456001818180087 -0.13588635935071902 0.019277414581539198 0.013459241276278218 -0.33456395274529666 -0.082161325454195536 0.54880942858203696 0.12725436347677851 0.36120821744387532 0.074014547280442544 -0.13406099304556848 0.14599509782344103 -0.29479310188326052 -0.099027422110355479 0.68074411788294398 0.19421752946717399 0.46066704720778517 0.21460792155900077 -0.24589473783969878 0.12343849219820079 1.0529275059700012 0.67623828898668292 0.27846090461720124 -0.38343160657295544 -0.13243133077266242 0.54514158278703684 1.205468016266823 0.68682740608399573 0.22830348362525307 -0.043198316546297202 0.10748581030581257 0.71476413228295066 0.21743188582360748 0.47895599164460834 0.32007300128652294 0.28804940947077495 -0.24391325946853137 0.53993734559044249
leaf_weight=183 143 178 193 21 81 27 30 101 170 106 338 95 130 83 72 294 170 34 97 121 61 104 271 282 45 557 187 85 208 202 81 99 162 355 99 200 192 378 31 35 215 77 80 85 22 125 22 67 99 35 20 22 21 93 101 22 70 38 55 44 306 80
leaf_count=183 143 178 193 21 81 27 30 101 170 106 338 95 130 83 72 294 170 34 97 121 61 104 271 282 45 557 187 85 208 202 81 99 162 355 99 200 192 378 31 35 215 77 80 85 22 125 22 67 99 35 20 22 21 93 101 22 70 38 55 44 306 80
internal_value=2.467e-10 -0.10267 -0.0526904 0.416522 -0.115157 0.49622 0.552152 0.0773686 -0.0793802 0.125129 -0.033954 0.184512 0.451279 0.309568 -0.256614 -0.234063 -0.248446 0.759081 0.517175 0.198859 0.259751 0.0376973 -0.273245 -0.24162 -0.0995932 -0.0791237 -0.0968869 -0.171169 -0.229312 -0.191106 0.710763 0.278707 0.330769 0.0107381 0.0116412 0.0587802 -0.192376 -0.156493 0.412533 -0.0659124 0.428258 0.362528 -0.0913441 -0.046869 0.784878 0.732614 -0.250423 -0.1738 -0.233739 0.624788 0.757137 0.933799 0.538424 0.0903171 0.132552 0.216586 0.336359 0.282223 0.162325 0.443469 -0.297971 0.432405
internal_weight=8000 6418 4845 1582 3273 1158 891 1572 2492 1179 1667 774 599 267 1573 1395 1323 292 431 424 303 797 1153 882 870 789 744 825 781 573 258 387 288 693 405 306 740 548 193 393 236 240 358 278 177 147 371 188 166 195 77 42 118 387 294 193 92 168 198 105 600 163
internal_count=8000 6418 4845 1582 3273 1158 891 1572 2492 1179 1667 774 599 267 1573 1395 1323 292 431 424 303 797 1153 882 870 789 744 825 781 573 258 387 288 693 405 306 740 548 193 393 236 240 358 278 177 147 371 188 166 195 77 42 118 387 294 193 92 168 198 105 600 163
is_linear=0
shrinkage=0.05


Tree=37
num_leaves=63
num_cat=0
split_feature=0 0 0 2 7 2 7 7 7 7 7 7 7 2 2 7 2 7 7 2 2 0 7 7 7 1 1 2 1 1 7 7 0 7 7 7 7 1 1 2 7 1 1 2 2 7 7 2 3 1 7 7 7 1 1 7 1 1 1 1 2 7
split_gain=123504 17826.4 14599 9906.99 6503.17 5262.53 4567.71 7734.24 4603.3 4648.37 30240.1 5756.2 6840.26 4361.9 3058.45 2693.34 2422.91 2293.37 2307.46 1909.87 1710.7 1641.88 1551.6 1747.41 1499.06 1476.42 1611.46 1467.18 1427.52 1880.42 1313.67 1267.32 1227.75 1208.64 3965.28 1186.82 1206.95 1149.73 2334.18 1069.32 1039 944.642 1182.44 907.843 890.711 881.3 1727.16 774.806 732.87 726.873 721.747 916.711 691.484 684.405 796.747 666.317 659.732 660.042 646.057 1214.26 612.377 610.393
threshold=3.5000000000000004 2.5000000000000004 1.0000000180025095e-35 1.0000000180025095e-35 17.500000000000004 1.0000000180025095e-35 1.5000000000000002 2.5000000000000004 14.500000000000002 10.500000000000002 9.5000000000000018 7.5000000000000009 5.5000000000000009 2.5000000000000004 1.5000000000000002 18.500000000000004 1.0000000180025095e-35 1.5000000000000002 2.5000000000000004 1.0000000180025095e-35 2.5000000000000004 1.5000000000000002 1.5000000000000002 2.5000000000000004 14.500000000000002 2.5000000000000004 1.0000000180025095e-35 2.5000000000000004 2.5000000000000004 1.5000000000000002 12.500000000000002 6.5000000000000009 1.5000000000000002 9.5000000000000018 10.500000000000002 17.500000000000004 18.500000000000004 2.5000000000000004 1.5000000000000002 1.5000000000000002 13.500000000000002 2.5000000000000004 1.5000000000000002 2.5000000000000004 1.5000000000000002 7.5000000000000009 5.5000000000000009 1.5000000000000002 4087.9916666666709 1.0000000180025095e-35 11.500000000000002 12.500000000000002 14.500000000000002 2.5000000000000004 1.0000000180025095e-35 1.5000000000000002 2.5000000000000004 1.5000000000000002 2.5000000000000004 1.0000000180025095e-35 2.5000000000000004 1.5000000000000002
decision_type=2 2 2 2 2 2 2 2 2 2 2 2 2 2 2 2 2 2 2 2 2 2 2 2 2 2 2 2 2 2 2 2 2 2 2 2 2 2 2 2 2 2 2 2 2 2 2 2 2 2 2 2 2 2 2 2 2 2 2 2 2 2
left_child=1 2 17 22 5 28 25 47 9 10 11 12 60 14 32 -6 53 -1 -19 56 39 58 -2 -24 30 26 -5 44 29 -4 33 -14 61 45 -35 -10 -37 38 49 -18 43 42 -23 50 -21 46 -25 -8 -40 -15 -11 -52 -41 54 -3 -22 57 -20 59 -16 -9 -7
right_child=3 16 4 6 15 13 7 8 35 40 -12 -13 31 37 21 -17 20 18 19 27 55 41 23 24 -26 -27 -28 -29 -30 -31 -32 -33 -34 34 -36 36 -38 -39 48 52 -42 -43 -44 -45 -46 -47 -48 -49 -50 -51 51 -53 -54 -55 -56 -57 -58 -59 -60 -61 -62 -63
leaf_value=-0.34620833462980743 -0.12042103681612659 -0.42550741913728418 -0.15846799338920139 -0.017598950430270165 0.35427740047823386 -0.24168142719659957 0.81906382441520698 0.31637706022617246 0.56367095696857605 0.16699073093059735 1.618198798737436 0.047592175117971605 0.58471323545608256 -0.17341555449442986 -0.023561230580331667 0.072201823916263383 -0.22314631538417859 0.09023470953106881 -0.29236102268099784 -0.14714758831198668 -0.48239989397002425 0.20369051551411613 0.63169035663207374 0.010580263819013324 0.35370703273105858 -0.15313032497134474 0.4331832100044597 -0.22294822321511265 -0.25561627414162186 0.042653767100402286 -0.12145993826402859 0.89050502944737675 0.071422991038233213 0.90501186197454286 0.099490824542939671 0.93461780510842807 0.59098867580611658 -0.18237925325443999 0.36182287897054971 -0.14501895423681063 0.0065997703729764289 0.089585493197448032 0.43695186342953179 0.10789006465467915 -0.034374691761261081 -0.098025165870785719 0.43068238537758585 1.1919180575170016 0.073082745260178633 -0.036363119820452997 0.58009172629403039 0.25897111182296001 0.0081612705596431044 -0.48447451652624668 -0.25879234411196794 -0.26984302975094876 -0.38907890118909688 -0.12152085438621847 -0.038780916075279753 0.19241145205241247 0.11120978456277114 -0.035380843339886281
leaf_weight=170 37 112 346 31 176 40 22 121 174 39 53 114 72 195 101 163 390 92 155 373 41 161 24 63 102 27 55 323 176 175 44 64 362 22 50 56 47 183 26 288 46 86 82 58 330 42 40 38 142 192 46 43 99 78 199 366 89 89 89 183 52 346
leaf_count=170 37 112 346 31 176 40 22 121 174 39 53 114 72 195 101 163 390 92 155 373 41 161 24 63 102 27 55 323 176 175 44 64 362 22 50 56 47 183 26 288 46 86 82 58 330 42 40 38 142 192 46 43 99 78 199 366 89 89 89 183 52 346
internal_value=-5.72702e-10 -0.0975369 -0.0500559 0.395696 0.0114871 -0.0128552 0.471409 0.504063 0.470491 0.402881 0.492324 0.351257 0.463289 0.025259 0.075624 0.218648 -0.243783 -0.172458 -0.152102 -0.168507 -0.208214 0.150582 0.188916 0.218491 0.191172 0.169425 0.270692 -0.134739 -0.132502 -0.0909127 0.127653 0.728615 0.00527553 0.178164 0.345622 0.643299 0.777816 -0.0736965 -0.0378606 -0.164716 0.21937 0.232002 0.282404 0.271991 -0.0942101 0.0950124 0.173727 1.0552 0.117769 -0.105421 0.346349 0.424944 -0.105833 -0.352045 -0.318831 -0.291255 -0.272551 -0.230046 0.0787671 0.115604 0.254708 -0.0567591
internal_weight=8000 6418 4845 1582 3224 2885 1158 1045 985 708 476 423 309 2188 1450 339 1573 1621 1451 1359 1184 702 424 387 363 113 86 1026 697 521 261 136 748 217 72 277 103 738 555 777 232 329 243 186 703 145 103 60 168 387 128 89 387 389 311 407 333 244 373 284 173 386
internal_count=8000 6418 4845 1582 3224 2885 1158 1045 985 708 476 423 309 2188 1450 339 1573 1621 1451 1359 1184 702 424 387 363 113 86 1026 697 521 261 136 748 217 72 277 103 738 555 777 232 329 243 186 703 145 103 60 168 387 128 89 387 389 311 407 333 244 373 284 173 386
is_linear=0
shrinkage=0.05


Tree=38
num_leaves=63
num_cat=0
split_feature=0 0 0 2 7 7 7 7 7 7 7 7 1 1 7 2 1 1 7 0 2 1 1 7 2 1 1 7 0 3 2 2 1 1 2 7 2 1 1 1 1 7 7 2 7 7 0 7 8 5 7 2 6 1 1 1 1 1 1 7 1 2
split_gain=111462 16088.4 13175.6 8941.05 6200.77 9769.25 5961.27 4629.26 8337.79 14985.9 5033.83 7094.33 4210.78 6682.91 2286.84 2186.68 2178.64 3096.59 2110.77 2004.1 1748.43 1622.6 2589.3 1437.66 1434.35 1413.53 1993.64 1094.1 1084.5 1055.01 979.574 931.762 918.265 1636.28 881.768 880.433 879.201 877.44 1274.87 866.114 1262.46 835.58 834.71 820.102 791.95 1050.99 783.737 763.91 758.896 1721.77 755.235 739.161 727.524 696.298 1203.42 692.665 1060.5 649.462 648.155 644.089 643.256 636.493
threshold=3.5000000000000004 2.5000000000000004 1.0000000180025095e-35 1.0000000180025095e-35 1.5000000000000002 2.5000000000000004 14.500000000000002 12.500000000000002 9.5000000000000018 10.500000000000002 7.5000000000000009 5.5000000000000009 2.5000000000000004 1.0000000180025095e-35 17.500000000000004 1.0000000180025095e-35 2.5000000000000004 1.5000000000000002 1.5000000000000002 1.5000000000000002 2.5000000000000004 2.5000000000000004 1.5000000000000002 1.5000000000000002 1.5000000000000002 2.5000000000000004 1.5000000000000002 1.5000000000000002 1.5000000000000002 7745.7916666666561 2.5000000000000004 1.0000000180025095e-35 2.5000000000000004 1.0000000180025095e-35 2.5000000000000004 17.500000000000004 1.5000000000000002 1.0000000180025095e-35 2.5000000000000004 2.5000000000000004 1.0000000180025095e-35 2.5000000000000004 17.500000000000004 2.5000000000000004 1.5000000000000002 2.5000000000000004 1.5000000000000002 18.500000000000004 0.43817431902028797 16.361471810312668 17.500000000000004 2.5000000000000004 62.500000000000007 2.5000000000000004 1.5000000000000002 2.5000000000000004 1.0000000180025095e-35 1.0000000180025095e-35 1.0000000180025095e-35 9.5000000000000018 2.5000000000000004 1.5000000000000002
decision_type=2 2 2 2 2 2 2 2 2 2 2 2 2 2 2 2 2 2 2 2 2 2 2 2 2 2 2 2 2 2 2 2 2 2 2 2 2 2 2 2 2 2 2 2 2 2 2 2 2 2 2 2 2 2 2 2 2 2 2 2 2 2
left_child=1 2 16 25 39 36 7 8 10 31 11 37 13 23 20 -3 17 27 -14 53 24 22 51 -5 -15 26 58 -1 -13 48 -25 -10 33 -21 61 -35 -6 -7 -39 40 -4 -29 57 60 -19 -46 -38 -16 -26 -50 -47 -17 -31 54 -8 56 -11 -43 -2 -27 -33 -20
right_child=3 15 4 12 5 6 19 -9 9 55 -12 28 18 14 47 21 -18 44 34 32 -22 -23 -24 30 29 59 -28 41 -30 52 -32 43 -34 35 -36 -37 46 38 -40 -41 -42 42 -44 -45 45 50 -48 -49 49 -51 -52 -53 -54 -55 -56 -57 -58 -59 -60 -61 -62 -63
leaf_value=-0.37334047653903701 0.04861006949968795 -0.33444278321939985 -0.29889206164939836 -0.016718998311027404 0.31076091053203131 -0.23934990632978659 0.022042689001816222 -0.20680177015388704 0.37512997353206512 -0.13099439559751247 -0.24562981820424235 0.0928904860485808 -0.14547380364189547 0.53015293907012473 1.0548648457974197 -0.1805846369417102 -0.26561647352764867 -0.19520423639761775 0.28968782306435598 0.095605991112294605 0.41915563417981005 -0.29918539642129799 -0.038195901856358565 0.40615610998727986 0.66338560289266157 -0.079405775031105422 0.41328223546346027 0.043510372364936878 0.28209870608223903 0.68896617124286985 0.19583093563589871 0.85444827587046523 0.070318272973046367 0.24441727865487339 0.18137777928601614 0.46352163175257238 0.40131215510460044 -0.021549660603948466 -0.21557002361555858 -0.33444237473997335 -0.061208106494612169 -0.25963034057058393 -0.036126125339762352 0.47407010234064528 0.33234105239743772 -0.040388863004398902 0.73239146362651475 0.70055605919453612 1.1873806334391703 0.67993894159793866 0.2146307157818228 -0.2954249816060015 0.33440328953058823 -0.054839135561369157 0.22413602656769482 -0.16425722307111656 0.090976686298381543 -0.15532507561029696 0.22976971723569128 0.15131940758476656 0.53629480897410153 0.48732865348458293
leaf_weight=73 94 389 88 31 78 124 223 328 46 83 311 161 27 206 32 389 397 57 83 107 151 296 280 185 49 61 105 43 143 39 79 47 92 104 77 82 39 254 127 84 153 282 84 45 23 313 33 29 32 35 32 219 23 113 110 72 153 317 104 60 24 80
leaf_count=73 94 389 88 31 78 124 223 328 46 83 311 161 27 206 32 389 397 57 83 107 151 296 280 185 49 61 105 43 143 39 79 47 92 104 77 82 39 254 127 84 153 282 84 45 23 313 33 29 32 35 32 219 23 113 110 72 153 317 104 60 24 80
internal_value=-6.27595e-11 -0.09266 -0.0475531 0.375912 0.0109128 0.0341301 0.0126896 -0.0357753 -0.000494421 0.176255 -0.0746659 -0.00894303 0.447838 0.500031 0.59637 -0.231594 -0.163836 -0.130823 0.273665 0.12455 0.563299 -0.197803 -0.164009 0.305394 0.61998 0.17947 0.237162 -0.188825 0.181893 0.723938 0.343218 0.565551 0.208123 0.251393 0.320819 0.341012 0.427063 -0.123823 -0.0862231 -0.196186 -0.147997 -0.170272 -0.183731 0.641063 -0.0217796 0.00508237 0.553057 0.886423 0.81293 0.922299 -0.0167349 -0.22195 0.557435 0.0524073 0.0888002 -0.0285053 0.0129106 -0.20443 0.143765 0.0350034 0.746903 0.386689
internal_weight=8000 6418 4845 1582 3224 2899 2749 1918 1590 470 1120 809 1158 891 596 1573 1621 1224 267 831 535 1184 888 295 384 424 303 799 304 178 264 162 385 293 240 186 150 505 381 325 241 726 683 116 425 368 72 61 116 67 345 608 62 446 333 308 236 599 198 121 71 163
internal_count=8000 6418 4845 1582 3224 2899 2749 1918 1590 470 1120 809 1158 891 596 1573 1621 1224 267 831 535 1184 888 295 384 424 303 799 304 178 264 162 385 293 240 186 150 505 381 325 241 726 683 116 425 368 72 61 116 67 345 608 62 446 333 308 236 599 198 121 71 163
is_linear=0
shrinkage=0.05


Tree=39
num_leaves=63
num_cat=0
split_feature=0 0 0 2 2 7 7 7 7 7 7 7 7 7 2 7 2 7 7 7 7 7 7 7 7 7 7 7 7 7 1 1 7 7 7 1 1 7 7 7 7 7 7 7 7 2 2 7 7 7 7 7 7 7 2 7 7 1 1 7 7 7
split_gain=100595 14519.8 12177.1 8069.3 4383.13 3804.88 6914.63 4003.02 4159.02 27140.4 5169.31 6148.78 3633.03 4835.56 3482.76 3278.5 2585.49 2164.48 1986.48 4095.11 7866.11 3028.82 4128.71 1926.03 1974.07 1393.24 1566.85 1340.78 1301.48 1208.76 1177.28 1272.08 1136.58 1102.76 1271.1 1073.87 1556.35 1073.72 1122.02 1064.43 1042.63 1330.03 4186.31 1620.53 1487.23 1023.36 1358.35 1024.13 964.191 2567 1304.36 943.168 929.262 2017.46 915.083 881.96 3280.29 828.734 1504.24 789.323 1319.19 777.188
threshold=3.5000000000000004 2.5000000000000004 1.5000000000000002 1.0000000180025095e-35 1.0000000180025095e-35 1.5000000000000002 2.5000000000000004 14.500000000000002 10.500000000000002 9.5000000000000018 7.5000000000000009 5.5000000000000009 1.5000000000000002 2.5000000000000004 2.5000000000000004 14.500000000000002 1.5000000000000002 1.5000000000000002 12.500000000000002 9.5000000000000018 10.500000000000002 7.5000000000000009 5.5000000000000009 2.5000000000000004 14.500000000000002 1.5000000000000002 2.5000000000000004 16.500000000000004 14.500000000000002 12.500000000000002 2.5000000000000004 1.0000000180025095e-35 6.5000000000000009 1.5000000000000002 2.5000000000000004 2.5000000000000004 1.0000000180025095e-35 1.5000000000000002 2.5000000000000004 5.5000000000000009 12.500000000000002 9.5000000000000018 10.500000000000002 7.5000000000000009 6.5000000000000009 2.5000000000000004 1.5000000000000002 17.500000000000004 9.5000000000000018 10.500000000000002 14.500000000000002 13.500000000000002 1.5000000000000002 2.5000000000000004 1.5000000000000002 9.5000000000000018 10.500000000000002 2.5000000000000004 1.5000000000000002 11.500000000000002 12.500000000000002 7.5000000000000009
decision_type=2 2 2 2 2 2 2 2 2 2 2 2 2 2 2 2 2 2 2 2 2 2 2 2 2 2 2 2 2 2 2 2 2 2 2 2 2 2 2 2 2 2 2 2 2 2 2 2 2 2 2 2 2 2 2 2 2 2 2 2 2 2
left_child=1 2 4 25 33 30 -7 8 9 10 11 -8 -4 54 16 18 35 -3 19 21 -21 22 -15 -19 40 -2 -27 -28 29 52 31 -5 -13 -1 -35 36 -6 -16 -39 -40 41 43 -43 44 -25 46 -9 -48 -36 -50 -51 59 -18 -54 -14 61 -57 58 -17 -10 -61 -55
right_child=3 17 12 5 14 6 7 45 51 -11 -12 32 13 15 37 57 28 23 -20 20 -22 -23 -24 24 -26 26 27 -29 -30 -31 -32 -33 -34 34 48 -37 -38 38 39 -41 -42 42 -44 -45 -46 -47 47 -49 49 50 -52 -53 53 55 -56 56 -58 -59 -60 60 -62 -63
leaf_value=-0.37461066586630687 -0.12262981787726686 -0.38420925246279564 -0.14980770876553992 -0.015883052373124706 -0.16731046078569978 0.97637108196814859 0.21983045457803102 0.53619938029109371 0.09480027221143246 1.5116758580477734 0.023652004502844395 0.53286828260040942 0.32877387527908603 -0.067651732751697891 -0.32461616455772779 0.16519859419611183 -0.12595595538616181 0.052778681822948981 -0.13712434862044795 0.59873130139998265 0.011044467879879859 -0.21133650414045624 0.26799377051891982 -0.26858702652209765 -0.12368036513029648 0.58979111916075155 0.12777378773487655 0.37840613827682462 0.1539212696731061 -0.17642496316521258 -0.13820011590917905 0.38462820399891245 0.82245807028375573 0.087246038056001438 -0.27647355094788567 -0.1890866457995696 -0.0041488071162164731 0.11499864672159039 -0.27786685270221201 -0.11886808060254524 -0.37897854341115333 0.16403689524512502 -0.28174046982975703 -0.40440604072844916 -0.017786568800608318 0.44021398902377662 0.67468179822541208 1.0497521259954998 0.23372612969997603 -0.30244842271248884 -0.11138430044398105 -0.015845388433207635 0.37657054298039938 0.024945102410797542 0.6957718928654989 0.56138706275007944 -0.015718294150128806 0.066802359028192967 0.41315173121361898 0.4787462871770064 0.14987025309894836 -0.16327867450485142
leaf_weight=84 37 178 169 31 214 60 173 112 64 53 114 72 35 255 81 206 80 72 158 90 155 149 143 279 423 24 298 65 188 81 27 55 64 41 252 195 461 43 129 572 142 79 158 167 75 85 52 28 39 156 209 46 45 197 33 33 97 92 87 60 62 76
leaf_count=84 37 178 169 31 214 60 173 112 64 53 114 72 35 255 81 206 80 72 158 90 155 149 143 279 423 24 298 65 188 81 27 55 64 41 252 195 461 43 129 572 142 79 158 167 75 85 52 28 39 156 209 46 45 197 33 33 97 92 87 60 62 76
internal_value=3.35876e-10 -0.088027 -0.0451754 0.357116 -0.10011 0.425446 0.45525 0.423506 0.360459 0.445062 0.31142 0.417587 0.0692022 0.0955833 -0.067718 0.0746335 -0.0261349 -0.220014 0.0247525 0.0570461 0.226929 -0.0190443 0.0529445 -0.199063 -0.212769 0.170497 0.198522 0.172653 0.0389236 0.00342345 0.14983 0.240258 0.669146 -0.203467 -0.182841 -0.0857344 -0.0558771 -0.151741 -0.13292 -0.148127 -0.254641 -0.231348 -0.133148 -0.276018 -0.215451 0.584654 0.648598 0.805956 -0.199721 -0.151846 -0.193045 0.186875 0.0310138 0.0590441 0.506876 0.0235883 0.130778 0.197717 0.238823 0.23701 0.311613 -0.0274542
internal_weight=8000 6418 4845 1582 3273 1158 1045 985 708 476 423 309 1572 1403 2492 1335 1667 1573 950 792 245 547 398 1395 1323 424 387 363 797 609 113 86 136 781 697 870 675 825 744 701 900 758 237 521 354 277 192 80 656 404 365 232 528 448 68 403 130 385 293 186 122 273
internal_count=8000 6418 4845 1582 3273 1158 1045 985 708 476 423 309 1572 1403 2492 1335 1667 1573 950 792 245 547 398 1395 1323 424 387 363 797 609 113 86 136 781 697 870 675 825 744 701 900 758 237 521 354 277 192 80 656 404 365 232 528 448 68 403 130 385 293 186 122 273
is_linear=0
shrinkage=0.05


Tree=40
num_leaves=63
num_cat=0
split_feature=0 0 0 2 1 1 1 1 1 1 2 1 1 7 7 7 7 7 7 7 7 0 2 7 1 1 7 2 2 3 7 7 2 7 2 2 7 2 2 2 2 7 7 7 7 2 2 8 7 7 7 8 7 7 8 7 2 4 1 1 4 5
split_gain=90786.8 13104.1 11286.3 7282.54 5334.12 8789.19 3674.49 6019.66 2741.16 1975.51 1955.68 1937.54 2764.69 1933.14 1669.49 1609.11 1513.41 1490.56 1486.32 1439.46 1603.13 1395.41 1303.57 1288.17 1266.96 1804.47 1126.27 1056.78 996.074 964.612 959.106 1147.14 958.202 903.643 891.88 841.909 831.377 821.761 799.412 825.653 774.043 767.845 910.421 2495.03 1591.48 747.346 707.406 701.014 793.654 786.083 906.7 895.234 675.729 725.976 674.337 669.82 658.645 633.435 632.724 732.02 618.566 604.558
threshold=3.5000000000000004 2.5000000000000004 1.0000000180025095e-35 1.0000000180025095e-35 2.5000000000000004 1.5000000000000002 2.5000000000000004 1.5000000000000002 1.0000000180025095e-35 1.0000000180025095e-35 1.0000000180025095e-35 2.5000000000000004 1.5000000000000002 17.500000000000004 1.5000000000000002 1.5000000000000002 17.500000000000004 16.500000000000004 17.500000000000004 1.5000000000000002 2.5000000000000004 1.5000000000000002 2.5000000000000004 5.5000000000000009 2.5000000000000004 1.5000000000000002 1.5000000000000002 1.0000000180025095e-35 1.0000000180025095e-35 3124.200000000003 2.5000000000000004 4.5000000000000009 2.5000000000000004 1.5000000000000002 2.5000000000000004 1.5000000000000002 18.500000000000004 2.5000000000000004 2.5000000000000004 1.5000000000000002 2.5000000000000004 16.500000000000004 10.500000000000002 9.5000000000000018 7.5000000000000009 1.5000000000000002 1.0000000180025095e-35 0.80170959455314295 14.500000000000002 12.500000000000002 9.5000000000000018 0.65781911223710365 2.5000000000000004 17.500000000000004 0.34749648769975111 17.500000000000004 1.0000000180025095e-35 30.965171725576436 2.5000000000000004 1.0000000180025095e-35 28.106392078057038 16.977863320964584
decision_type=2 2 2 2 2 2 2 2 2 2 2 2 2 2 2 2 2 2 2 2 2 2 2 2 2 2 2 2 2 2 2 2 2 2 2 2 2 2 2 2 2 2 2 2 2 2 2 2 2 2 2 2 2 2 2 2 2 2 2 2 2 2
left_child=1 2 11 24 5 8 7 9 19 26 58 12 33 21 -8 -6 29 28 22 -4 -21 -7 35 -22 25 57 -5 -17 -10 -9 -31 -32 45 -1 47 -12 -15 -28 39 -29 -16 42 43 44 -25 -30 -23 48 49 50 51 -11 -35 -54 -36 56 -14 -2 59 -3 -27 -56
right_child=3 10 4 6 15 13 14 16 17 34 18 -13 55 36 40 27 -18 -19 -20 20 23 46 -24 41 -26 60 37 38 32 30 31 -33 -34 52 54 -37 -38 -39 -40 -41 -42 -43 -44 -45 -46 -47 -48 -49 -50 -51 -52 -53 53 -55 61 -57 -58 -59 -60 -61 -62 -63
leaf_value=-0.34190090453788025 0.072271863817908136 -0.37659464116607394 -0.27414394183592367 -0.015088889038851184 -0.30786345523028147 0.08883112364919471 -0.13129010757914297 0.8340302889411515 -0.090390307937816883 0.37761679217219357 -0.21230765571817756 -0.24652384095813529 -0.14813716482991976 0.53730924453805473 0.34512199736171706 -0.18621259063126805 0.95263434254071289 0.20300893471576276 -0.024693320808702658 0.30425809775960855 -0.22122137258129737 0.10535145525108365 -0.27481221031179665 0.075734946052233382 0.025200082952818594 0.48721671208861422 0.36113813237765352 -0.073806910414029578 0.030522536046301146 0.78677035562301945 0.20981589136300266 0.5628042713189737 -0.044454775231607846 0.03489727903601475 0.51182684368239006 -0.1013615971146261 0.22597676821657131 0.16849861116254633 -0.12879323687671959 0.076424916506895813 0.15276006496354166 0.060268763024086028 -0.13765960710264177 0.37570479371257731 -0.25575858465262818 0.17521484972213408 0.2719090213858541 0.24597573770831027 0.71184530722651074 0.18478220447897911 0.76849077960540513 0.72968484811160872 -0.18875928538647763 -0.031799533302407888 0.3488834199206583 0.20360309006646277 0.0025159668158551661 0.27193794566629964 -0.43360980852292141 -0.21679487511651338 0.24125558842947201 0.0012961932203986429
leaf_weight=73 143 112 88 31 84 358 27 37 164 84 344 397 96 51 163 168 34 128 141 29 124 85 359 75 121 61 185 187 193 38 27 156 178 43 26 340 37 79 181 179 77 136 251 37 70 166 255 24 47 20 29 23 599 84 29 32 297 55 78 199 44 22
leaf_count=73 143 112 88 31 84 358 27 37 164 84 344 397 96 51 163 168 34 128 141 29 124 85 359 75 121 61 185 187 193 38 27 156 178 43 26 340 37 79 181 179 77 136 251 37 70 166 255 24 47 20 29 23 599 84 29 32 297 55 78 199 44 22
internal_value=-6.50383e-11 -0.0836257 -0.0429166 0.33926 0.0111953 0.0481119 0.404174 0.45293 -0.0178071 0.362191 -0.209014 -0.15054 -0.119408 0.185569 0.24147 -0.100848 0.63907 0.0461094 -0.177058 -0.0832229 -0.0599527 0.157727 -0.197655 -0.0751939 0.161972 0.216591 0.270014 -0.0765274 0.0174601 0.597748 0.558189 0.510724 0.0503977 -0.174213 0.451639 -0.157159 0.406408 0.303492 -0.0428399 -0.000332875 0.283406 -0.0433707 -0.0759225 0.00922032 -0.0842964 0.0974276 0.23027 0.501518 0.53173 0.477464 0.520506 0.453295 -0.157352 -0.169455 0.304593 -0.0163732 -0.0342848 0.127735 -0.306279 -0.274343 0.384147 0.198944
internal_weight=8000 6418 4845 1582 3224 2425 1158 891 1639 599 1573 1621 1224 786 267 799 292 829 1184 810 722 698 1043 693 424 303 295 715 701 258 221 183 537 799 304 684 88 264 547 366 240 569 433 182 145 359 340 227 203 156 136 107 726 683 77 425 393 198 389 311 105 51
internal_count=8000 6418 4845 1582 3224 2425 1158 891 1639 599 1573 1621 1224 786 267 799 292 829 1184 810 722 698 1043 693 424 303 295 715 701 258 221 183 537 799 304 684 88 264 547 366 240 569 433 182 145 359 340 227 203 156 136 107 726 683 77 425 393 198 389 311 105 51
is_linear=0
shrinkage=0.05


Tree=41
num_leaves=63
num_cat=0
split_feature=0 0 0 2 2 1 1 2 2 2 2 2 7 1 7 7 7 7 7 7 7 7 7 7 7 7 7 7 7 7 7 7 7 6 7 1 1 2 7 7 7 2 1 1 7 7 7 2 1 1 2 4 7 7 4 4 7 7 7 7 8 7
split_gain=81935 11826.4 10321.7 6572.5 3782.41 3316.22 5432.75 3131.19 3055.13 2452.68 2279.61 2131.73 1932.89 1782.89 1746.19 1702.98 1506.71 1365.85 1262.71 1392.66 1239.79 1135.85 1016.46 1012.48 1264.22 1001.86 945.267 1217.15 3790.01 1452.03 1334.68 944.517 1122.15 936.259 932.374 909.628 1730.23 891.674 835.111 2303.63 1126.55 804.921 761.451 1114.78 754.729 1633.18 1338.85 741.639 738.084 1273.11 734.287 804.757 694.466 757.631 658.012 853.58 645.71 1514.92 865.077 633.73 632.665 716.273
threshold=3.5000000000000004 2.5000000000000004 1.5000000000000002 1.0000000180025095e-35 1.0000000180025095e-35 2.5000000000000004 1.5000000000000002 1.0000000180025095e-35 2.5000000000000004 2.5000000000000004 1.5000000000000002 1.5000000000000002 1.5000000000000002 1.0000000180025095e-35 2.5000000000000004 14.500000000000002 1.5000000000000002 17.500000000000004 1.5000000000000002 2.5000000000000004 17.500000000000004 16.500000000000004 1.5000000000000002 1.5000000000000002 2.5000000000000004 15.500000000000002 12.500000000000002 9.5000000000000018 10.500000000000002 7.5000000000000009 6.5000000000000009 1.5000000000000002 2.5000000000000004 60.500000000000007 16.500000000000004 2.5000000000000004 1.5000000000000002 2.5000000000000004 9.5000000000000018 10.500000000000002 14.500000000000002 2.5000000000000004 2.5000000000000004 1.5000000000000002 7.5000000000000009 15.500000000000002 6.5000000000000009 2.5000000000000004 2.5000000000000004 1.0000000180025095e-35 1.5000000000000002 23.821238525577183 1.5000000000000002 2.5000000000000004 18.545623380065098 25.144070675018177 9.5000000000000018 10.500000000000002 14.500000000000002 9.5000000000000018 0.80170959455314295 14.500000000000002
decision_type=2 2 2 2 2 2 2 2 2 2 2 2 2 2 2 2 2 2 2 2 2 2 2 2 2 2 2 2 2 2 2 2 2 2 2 2 2 2 2 2 2 2 2 2 2 2 2 2 2 2 2 2 2 2 2 2 2 2 2 2 2 2
left_child=1 2 4 18 31 6 13 52 10 11 23 -9 -3 22 -14 26 -7 37 -2 -20 -21 35 -5 -6 -25 -26 27 29 -29 30 -16 -1 -33 -13 42 36 -12 50 -34 -40 -41 60 43 -10 46 59 -18 -24 49 -11 54 -52 -4 -54 -8 -56 -55 -58 -59 -46 61 -15
right_child=3 12 7 5 8 16 17 9 34 48 21 33 14 41 15 -17 44 -19 19 20 -22 -23 47 24 25 -27 -28 28 -30 -31 -32 32 38 -35 -36 -37 -38 -39 39 40 -42 -43 -44 -45 45 -47 -48 -49 -50 -51 51 -53 53 56 55 -57 57 58 -60 -61 -62 -63
leaf_value=-0.34575009881740526 -0.12518352282208364 -0.35372527074278071 -0.22789712066833792 -0.014334446420111963 -0.24661840893972067 -0.12472560383655407 0.3338243856493916 0.074462965805714029 -0.18447937354385724 -0.096116738450133576 -0.017070458210025896 0.17787376814066097 0.061031587504678297 0.45359113259503669 -0.2442643552644706 -0.10906878138059006 0.27658027767815363 0.90500263384379009 0.5494334518909455 0.12410546692640141 0.42250122959033043 0.19286024565271176 0.34308122149995857 0.19635826656387911 -0.11017508565563594 0.02358040196502352 -0.34909550076429274 0.16818208920804761 -0.25597042642486628 -0.37278903851252121 -0.0066745745539665228 0.085496751418927819 -0.25556272321513723 0.33711947852157453 -0.01760899696982544 -0.084043587520068824 0.17505466973806702 0.4304537511028258 0.22568080230401111 -0.28027900255028493 -0.10271432368154694 0.28936300842792956 -0.25221811702495883 -0.028804072707546931 -0.10681411945411275 0.42256140577848317 0.73412152561137367 0.1600736874745145 -0.11308988930300029 0.11821977944485845 0.92733804053243463 0.60654200069282371 0.2591930623565401 -0.1298473813108631 0.82172426572690416 0.46697323796076651 0.37369811850786211 -0.17713613222299174 0.062446675341890523 0.16659748101426264 0.23367695199946562 0.67625304600025749
leaf_weight=84 37 178 52 31 81 27 28 387 343 106 343 235 72 156 279 423 67 34 24 324 39 104 185 45 557 187 142 79 158 167 75 41 252 152 131 172 178 81 39 156 209 77 178 173 31 54 21 79 99 200 34 46 21 143 30 39 25 69 83 67 24 47
leaf_count=84 37 178 52 31 81 27 28 387 343 106 343 235 72 156 279 423 67 34 24 324 39 104 185 45 557 187 142 79 158 167 75 41 252 152 131 172 178 81 39 156 209 77 178 173 31 54 21 79 99 200 34 46 21 143 30 39 25 69 83 67 24 47
internal_value=2.35501e-10 -0.0794444 -0.0407708 0.322297 -0.0913478 0.383965 0.430284 0.0645335 -0.061257 0.105275 -0.0223104 0.157441 -0.198563 0.344081 -0.178764 -0.191815 0.229397 0.607117 0.153873 0.180553 0.156165 0.0387786 0.256513 -0.0782735 -0.060991 -0.0765564 -0.230705 -0.208526 -0.114586 -0.251259 -0.193928 -0.187361 -0.168272 0.24042 -0.139953 0.0156552 0.0485692 0.56786 -0.184133 -0.139577 -0.178605 0.429057 -0.163047 -0.132286 0.269236 0.20177 0.385766 0.288318 0.00557946 0.0439725 0.630741 0.74288 -0.0576912 -0.031736 0.538255 0.621213 -0.0508283 0.0130121 -0.0463113 0.0801101 0.476442 0.505143
internal_weight=8000 6418 4845 1582 3273 1158 891 1572 2492 1179 1667 774 1573 599 1395 1323 267 292 424 387 363 797 295 870 789 744 900 758 237 521 354 781 697 387 825 693 521 258 656 404 365 304 694 516 240 152 88 264 405 306 177 80 393 341 97 69 320 177 152 98 227 203
internal_count=8000 6418 4845 1582 3273 1158 891 1572 2492 1179 1667 774 1573 599 1395 1323 267 292 424 387 363 797 295 870 789 744 900 758 237 521 354 781 697 387 825 693 521 258 656 404 365 304 694 516 240 152 88 264 405 306 177 80 393 341 97 69 320 177 152 98 227 203
is_linear=0
shrinkage=0.05


Tree=42
num_leaves=63
num_cat=0
split_feature=0 0 0 2 1 1 1 1 1 1 1 7 1 1 1 7 7 7 7 7 7 7 7 7 7 0 7 7 7 7 7 7 2 3 7 7 7 2 2 7 7 7 7 7 7 2 2 7 7 2 2 7 7 7 7 7 2 2 7 7 7 7
split_gain=73946.4 10673.4 9670.5 5931.68 4640.62 7700.54 2992.89 4903.05 2417.48 1833.32 2961.02 1706 1680.15 2499.79 1609.06 1384.35 1359.81 1285.76 1242.11 1417.56 1232.68 1139.59 1256.88 1153.71 1210.51 1132.81 1118.48 1079.42 3563.78 1062.27 962.448 917.356 890.206 871.115 866.129 858.586 1008.39 807.344 815 805.472 1535.73 775.554 768.437 1280.87 752.931 732.117 726.442 704.782 863.709 692.288 669.33 640.614 823.14 2181 1425.83 636.715 622.983 612.793 612.147 1456.54 2751.27 1231.78
threshold=3.5000000000000004 2.5000000000000004 1.0000000180025095e-35 1.0000000180025095e-35 2.5000000000000004 1.5000000000000002 2.5000000000000004 1.5000000000000002 1.0000000180025095e-35 2.5000000000000004 1.5000000000000002 17.500000000000004 2.5000000000000004 1.0000000180025095e-35 1.0000000180025095e-35 1.5000000000000002 1.5000000000000002 16.500000000000004 1.5000000000000002 2.5000000000000004 17.500000000000004 1.5000000000000002 2.5000000000000004 14.500000000000002 12.500000000000002 1.5000000000000002 5.5000000000000009 9.5000000000000018 10.500000000000002 1.5000000000000002 2.5000000000000004 1.5000000000000002 1.0000000180025095e-35 3124.200000000003 17.500000000000004 2.5000000000000004 5.5000000000000009 1.0000000180025095e-35 2.5000000000000004 7.5000000000000009 5.5000000000000009 17.500000000000004 7.5000000000000009 9.5000000000000018 18.500000000000004 1.0000000180025095e-35 2.5000000000000004 2.5000000000000004 5.5000000000000009 2.5000000000000004 2.5000000000000004 16.500000000000004 10.500000000000002 9.5000000000000018 7.5000000000000009 17.500000000000004 1.5000000000000002 1.5000000000000002 7.5000000000000009 9.5000000000000018 10.500000000000002 14.500000000000002
decision_type=2 2 2 2 2 2 2 2 2 2 2 2 2 2 2 2 2 2 2 2 2 2 2 2 2 2 2 2 2 2 2 2 2 2 2 2 2 2 2 2 2 2 2 2 2 2 2 2 2 2 2 2 2 2 2 2 2 2 2 2 2 2
left_child=1 2 12 21 5 8 7 14 18 10 29 25 13 -1 31 -6 -8 37 -4 -20 33 -2 -23 24 27 -7 -21 39 -29 -3 -31 -5 -17 -9 45 -35 -37 -10 57 40 -24 -32 -38 -44 -13 -15 56 -34 -49 -18 -33 52 53 54 -28 -12 -16 -39 -50 -60 -61 -62
right_child=3 9 4 6 15 11 16 20 17 -11 55 44 -14 34 46 32 49 -19 19 26 -22 22 23 -25 -26 -27 51 28 -30 30 41 50 47 35 -36 36 42 38 -40 -41 -42 -43 43 -45 -46 -47 -48 48 58 -51 -52 -53 -54 -55 -56 -57 -58 -59 59 60 61 -63
leaf_value=-0.21287969492959402 -0.11892434845905048 -0.37129134497334881 -0.25469545028595764 -0.01361772473300657 -0.28516371470122109 0.086222103528168545 -0.11848932167998068 0.76400691318149505 -0.079592796107867694 -0.28528397260906108 -0.066264722897835512 0.50648502584765942 -0.22773555319765657 -0.16226344122060551 0.37645431196513945 -0.17126174325433871 0.31413971901945548 0.18983532604324865 0.28675632497359971 -0.2061300131101762 0.85975249780013285 0.52196176598469424 -0.016049381451947349 0.29094489397042816 -0.14649971996180036 0.21365877428201632 0.07485974417130152 0.82968708818609072 0.066035133957862854 0.053158237118470043 -0.22547719511762263 0.32592716289961055 0.2093986664933187 0.71814621839868398 0.10567655360533133 0.21561089037784509 0.74483334174508176 0.02994747809074105 -0.040320461174326666 -0.12200777210472596 0.38008767757564788 -0.064926152923252697 0.13143306565470994 0.54025047554389427 0.21020465548074729 -0.047837574852278811 0.274894860696483 -0.17920564908412434 0.12930164383882184 0.1322199835744384 0.15207000016411651 0.054257909952224619 -0.12884262760032517 0.35346474151152213 -0.23890781717641013 0.14008803490017141 0.54270056237180075 0.16096859847094461 -0.27377603246734061 0.43057810318740936 -0.18038388294008401 0.038710902658854858
leaf_weight=395 37 93 88 31 84 358 27 37 164 374 340 51 397 185 123 168 163 128 29 124 34 24 63 102 44 340 75 22 50 38 600 185 27 38 72 35 29 193 178 42 40 86 24 95 37 572 77 107 59 77 79 136 251 37 70 42 104 166 58 33 111 152
leaf_count=395 37 93 88 31 84 358 27 37 164 374 340 51 397 185 123 168 163 128 29 124 34 24 63 102 44 340 75 22 50 38 600 185 27 38 72 35 29 193 178 42 40 86 24 95 37 572 77 107 59 77 79 136 251 37 70 42 104 166 58 33 111 152
internal_value=5.62254e-10 -0.0754722 -0.0387323 0.306182 0.0113566 0.0457899 0.364767 0.40877 -0.0159118 -0.188635 -0.158487 0.174453 -0.138354 -0.109363 0.326877 -0.0931498 0.217927 0.0441126 -0.0773441 -0.0557278 0.576761 0.14618 0.171526 0.148356 0.092632 0.148297 -0.0700598 0.14112 0.299373 -0.212215 -0.191782 0.243688 -0.0705915 0.539467 -0.0600399 0.501875 0.456966 0.0175041 0.0471576 0.0625384 0.13779 -0.20535 0.514043 0.4578 0.381913 -0.0758016 0.407604 -0.0396726 -0.0526052 0.255774 0.273902 -0.0404065 -0.0701394 0.0108194 -0.0766143 -0.0435767 0.45262 0.0905311 -0.0198055 -0.0446567 0.000238255 -0.0537588
internal_weight=8000 6418 4845 1582 3224 2425 1158 891 1639 1573 1199 786 1621 1224 599 799 267 829 810 722 292 424 387 363 261 698 693 217 72 817 724 295 715 258 829 221 183 701 537 145 103 686 148 119 88 757 304 547 520 240 264 569 433 182 145 382 227 359 413 354 296 263
internal_count=8000 6418 4845 1582 3224 2425 1158 891 1639 1573 1199 786 1621 1224 599 799 267 829 810 722 292 424 387 363 261 698 693 217 72 817 724 295 715 258 829 221 183 701 537 145 103 686 148 119 88 757 304 547 520 240 264 569 433 182 145 382 227 359 413 354 296 263
is_linear=0
shrinkage=0.05


Tree=43
num_leaves=63
num_cat=0
split_feature=0 0 0 2 7 7 7 7 7 7 7 7 7 7 7 7 7 7 7 7 7 7 2 2 2 1 1 7 1 1 7 7 2 2 7 0 2 2 2 2 7 7 7 2 4 1 1 2 1 1 6 2 1 1 1 1 1 4 7 6 1 7
split_gain=66736.6 9632.7 8757.2 5353.34 3403.39 4821.9 3106.82 3192.28 4399.86 9581.85 2896.99 4523.97 2850.85 6045.1 3121.21 3729.2 23775.3 4437.38 5259.12 2762.98 4062.6 2614.31 1747.54 1738.28 1620.72 1304.89 2094.63 1232.17 1130.39 1666.48 980.6 950.601 923.6 861.79 857.933 805.849 797.168 789.219 741.243 1235.8 895.17 713.557 1123.83 702.917 702.19 690.083 700.871 682.538 624.296 824.596 609.702 585.048 572.848 554.092 855.311 542.145 638.938 538.557 570.624 516.018 509.304 496.813
threshold=3.5000000000000004 2.5000000000000004 1.5000000000000002 1.0000000180025095e-35 1.5000000000000002 2.5000000000000004 14.500000000000002 12.500000000000002 9.5000000000000018 10.500000000000002 7.5000000000000009 5.5000000000000009 1.5000000000000002 2.5000000000000004 14.500000000000002 10.500000000000002 9.5000000000000018 7.5000000000000009 5.5000000000000009 1.5000000000000002 2.5000000000000004 17.500000000000004 1.0000000180025095e-35 1.0000000180025095e-35 2.5000000000000004 2.5000000000000004 1.5000000000000002 18.500000000000004 2.5000000000000004 1.5000000000000002 11.500000000000002 6.5000000000000009 1.0000000180025095e-35 1.5000000000000002 13.500000000000002 1.0000000180025095e-35 1.5000000000000002 2.5000000000000004 2.5000000000000004 1.5000000000000002 17.500000000000004 11.500000000000002 12.500000000000002 1.5000000000000002 25.144070675018177 2.5000000000000004 1.0000000180025095e-35 1.5000000000000002 2.5000000000000004 1.5000000000000002 43.500000000000007 2.5000000000000004 1.0000000180025095e-35 2.5000000000000004 1.5000000000000002 2.5000000000000004 1.0000000180025095e-35 23.821238525577183 7.5000000000000009 60.500000000000007 2.5000000000000004 9.5000000000000018
decision_type=2 2 2 2 2 2 2 2 2 2 2 2 2 2 2 2 2 2 2 2 2 2 2 2 2 2 2 2 2 2 2 2 2 2 2 2 2 2 2 2 2 2 2 2 2 2 2 2 2 2 2 2 2 2 2 2 2 2 2 2 2 2
left_child=1 2 4 28 -1 35 7 8 10 53 11 -7 45 47 15 16 17 18 -15 -4 36 22 -22 55 33 26 51 -23 29 52 -11 -20 -8 -24 41 -6 -21 43 39 44 -41 -17 50 -34 -16 46 -5 -14 49 -13 -43 -25 -2 54 -10 56 -3 -31 -59 -35 -32 -30
right_child=3 23 19 12 5 6 32 -9 9 30 -12 48 13 14 38 34 -18 -19 31 20 21 27 24 25 -26 -27 -28 -29 61 57 60 -33 37 59 -36 -37 -38 -39 -40 40 -42 42 -44 -45 -46 -47 -48 -49 -50 -51 -52 -53 -54 -55 -56 -57 -58 58 -60 -61 -62 -63
leaf_value=-0.23667914748757482 0.015614829306550166 -0.33687083061917555 -0.13079335546484713 -0.012936843276744889 0.087312189463283063 -0.18652968779662948 -0.094117794074251818 -0.25917217222409267 0.34480770648750542 -0.19823775805758709 -0.26994534675208176 0.029276976214580076 0.63794614117253912 0.15747645068806032 0.30240481146783743 0.035208195663290101 1.365388714592412 -0.02461423062180218 0.44838654409266177 0.29396439194679264 -0.069877064719534754 0.37833513891726567 0.062579989287731869 -0.13408178543877863 -0.023499125366568008 -0.23999157027070839 -0.0056107397552113986 0.10349604029600556 -0.090800744099695185 0.49879376630370437 0.025594489161546032 0.71322585511952641 0.0089363897199228656 0.12927956132889659 -0.070739057336164562 0.30287343836048758 0.63650212649143112 -0.049564034690526296 0.36201307013192596 0.56672313184692313 0.91738379512514401 0.21940572830262006 0.09206596549239851 0.13902039752326945 0.5529554327692966 -0.11256485498613783 0.28435027637264948 0.98789612005807848 -0.070361139039198564 0.22486528689386667 0.53978592324437524 -0.23625115119431117 0.18592537579198298 0.22686037907997769 0.66193139990170802 -0.38876782785145902 -0.18757629595959008 0.44113240413091798 0.14211058639563048 0.26794436766004021 -0.19362977690556471 0.11183619192490975
leaf_weight=326 94 112 169 31 92 492 209 330 73 165 317 161 22 173 54 64 53 114 72 35 285 88 310 389 294 296 280 76 61 39 120 64 232 172 46 82 33 221 85 52 28 27 62 188 58 27 55 38 75 81 33 219 104 45 30 78 199 27 39 110 34 60
leaf_count=326 94 112 169 31 92 492 209 330 73 165 317 161 22 173 54 64 53 114 72 35 285 88 310 389 294 296 280 76 61 39 120 64 232 172 46 82 33 221 85 52 28 27 62 188 58 27 55 38 75 81 33 219 104 45 30 78 199 27 39 110 34 60
internal_value=-3.98126e-11 -0.0716986 -0.0367957 0.290873 -0.083382 -0.0664242 -0.0824451 -0.117631 -0.0883103 0.0407202 -0.141825 -0.0916218 0.346529 0.372327 0.342646 0.286974 0.367087 0.242004 0.340368 0.0602001 0.0832064 0.0640039 0.037819 -0.179203 0.0724616 -0.149075 -0.11877 0.250971 0.138871 0.190462 -0.113546 0.573017 -0.0028414 0.120118 0.122605 0.188899 0.460196 0.0269195 0.484941 0.539363 0.689454 0.170421 0.241352 0.0671645 0.432154 0.107956 0.177189 0.859581 0.0556801 0.0947425 0.395615 -0.170883 0.105071 0.373227 0.437174 -0.270903 -0.241342 0.351484 0.264438 0.183369 -0.0228057 0.00968038
internal_weight=8000 6418 4845 1582 3273 2947 2773 1923 1593 467 1126 809 1158 1045 985 708 476 423 309 1572 1403 1335 1171 1573 886 1184 888 164 424 303 319 136 850 592 232 174 68 641 277 192 80 186 122 420 112 113 86 60 317 242 60 608 198 148 103 389 311 105 66 282 154 121
internal_count=8000 6418 4845 1582 3273 2947 2773 1923 1593 467 1126 809 1158 1045 985 708 476 423 309 1572 1403 1335 1171 1573 886 1184 888 164 424 303 319 136 850 592 232 174 68 641 277 192 80 186 122 420 112 113 86 60 317 242 60 608 198 148 103 389 311 105 66 282 154 121
is_linear=0
shrinkage=0.05


Tree=44
num_leaves=63
num_cat=0
split_feature=0 0 0 2 1 1 2 2 1 7 7 7 2 7 7 2 7 7 7 5 7 7 7 7 7 7 7 7 7 7 5 2 2 7 7 7 7 7 7 7 7 5 7 7 2 6 0 5 2 2 1 1 7 7 7 7 7 6 2 2 1 5
split_gain=60229.8 8693.51 8250.34 4831.39 4127.54 6858.22 2614.57 2531.83 2183.17 1902.78 1628.81 1502.91 1490.5 1461.95 1456.92 1294.28 1270.22 1531.69 1469.72 1366.13 1208.59 1145.39 1077.05 1057.16 6642.42 1889.3 1821.16 1302.41 1055.82 1036.58 1022.37 994.927 897.968 893.155 855.188 1117.16 3436.95 1291.41 1199.64 852.448 1294.62 792.951 865.966 1827.22 747.458 745.602 741.15 701.694 696.583 708.524 658.614 802.471 652.852 1412.78 688.186 928.212 649.805 575.297 540.023 663.581 533.289 555.622
threshold=3.5000000000000004 2.5000000000000004 1.0000000180025095e-35 1.0000000180025095e-35 2.5000000000000004 1.5000000000000002 2.5000000000000004 1.5000000000000002 1.0000000180025095e-35 17.500000000000004 1.5000000000000002 2.5000000000000004 1.0000000180025095e-35 17.500000000000004 14.500000000000002 2.5000000000000004 9.5000000000000018 11.500000000000002 7.5000000000000009 14.979030719549236 5.5000000000000009 1.5000000000000002 16.500000000000004 10.500000000000002 9.5000000000000018 7.5000000000000009 14.500000000000002 6.5000000000000009 17.500000000000004 14.500000000000002 17.684962880776791 1.0000000180025095e-35 1.5000000000000002 1.5000000000000002 12.500000000000002 9.5000000000000018 10.500000000000002 7.5000000000000009 6.5000000000000009 1.5000000000000002 2.5000000000000004 6.7572685741530156 2.5000000000000004 1.5000000000000002 1.0000000180025095e-35 91.500000000000014 1.5000000000000002 21.462268338982415 1.0000000180025095e-35 2.5000000000000004 2.5000000000000004 1.0000000180025095e-35 1.5000000000000002 2.5000000000000004 12.500000000000002 5.5000000000000009 18.500000000000004 58.500000000000007 2.5000000000000004 1.5000000000000002 1.0000000180025095e-35 13.670280849394539
decision_type=2 2 2 2 2 2 2 2 2 2 2 2 2 2 2 2 2 2 2 2 2 2 2 2 2 2 2 2 2 2 2 2 2 2 2 2 2 2 2 2 2 2 2 2 2 2 2 2 2 2 2 2 2 2 2 2 2 2 2 2 2 2
left_child=1 2 12 28 5 8 7 16 29 23 -3 -12 -1 31 34 32 18 19 20 -18 -5 -6 48 24 25 27 57 41 39 52 60 -7 -14 -8 35 37 -37 38 -13 -2 -41 -9 43 -43 -23 50 -33 -32 -10 -50 51 -35 -4 -54 55 -55 -15 -25 59 -46 -19 -62
right_child=3 10 4 6 21 13 33 9 22 -11 11 14 15 56 -16 -17 17 30 -20 -21 -22 44 -24 26 -26 -27 -28 -29 -30 -31 47 46 -34 45 -36 36 -38 -39 -40 40 -42 42 -44 -45 58 -47 -48 -49 49 -51 -52 -53 53 54 -56 -57 -58 -59 -60 -61 61 -63
leaf_value=-0.21004970258676711 -0.12135694384373524 -0.31267830229291088 -0.23307467469183563 0.19218022018097913 -0.26190780111189399 0.037795324457543245 -0.010890890046572075 0.15177188643387385 -0.071948958444409072 0.87151460408100068 0.070397453237738869 -0.21364580552063642 -0.11336465027472847 0.47298138632493858 -0.087640545823258253 -0.17381085502952906 0.3856729373983715 0.21617432199418546 -0.076552727798352371 0.95070272155106084 0.4903851260309634 -0.15897807356724072 0.17596703406015879 0.29211805645496614 1.3754999125003815 0.11258803244680167 0.53838697414164649 0.82041724748336353 0.3798289205878973 0.019514553873416256 -0.01698160847382886 0.11746399404599206 -0.0087218284703400508 0.13299672641866916 -0.31275488166532051 0.18022356086610994 -0.22368999485728108 -0.33460260879493764 0.011604344747339686 0.48541374318301678 0.10482744844903434 0.33434521059195199 0.37109266707430716 0.94512954878807065 -0.069332591723650694 0.51691954365890957 0.23654336705986487 0.29050241134383464 0.086227356742361871 -0.035777541134883177 0.092585645193183741 0.33707517217574778 0.25332508107711532 -0.19124449535513358 -0.23692642274952258 -0.025501683219511698 0.19773804887726501 -0.010107144853100181 -0.10904549116999405 0.06534958097084774 0.40809402046567311 0.71304647611686967
leaf_weight=405 37 178 88 130 84 175 39 21 164 28 72 279 431 51 423 394 23 24 37 20 46 168 128 31 20 40 52 26 39 221 28 268 391 74 142 79 158 167 75 24 324 24 69 25 187 23 255 55 359 178 74 138 29 124 83 265 37 32 181 179 59 20
leaf_count=405 37 178 88 130 84 175 39 21 164 28 72 279 431 51 423 394 23 24 37 20 46 168 128 31 20 40 52 26 39 221 28 268 391 74 142 79 158 167 75 24 324 24 69 25 187 23 255 55 359 178 74 138 29 124 83 265 37 32 181 179 59 20
internal_value=1.60882e-10 -0.0681136 -0.0349559 0.27633 0.0113092 0.0437832 0.329202 0.378447 -0.0144461 0.475327 -0.170243 -0.152068 -0.126972 0.165205 -0.164175 -0.0993025 0.297787 0.379534 0.2099 0.648477 0.27012 -0.0872508 0.0425951 0.4427 0.505731 0.420876 0.319377 0.495612 0.131927 -0.0728254 0.317359 0.140993 -0.0635893 0.21458 -0.200147 -0.179051 -0.0890521 -0.219991 -0.165923 0.106815 0.131075 0.434857 0.485237 0.64597 -0.0667317 0.243038 0.175524 0.186773 0.0182419 0.0457863 0.221012 0.26584 -0.107472 -0.0854106 -0.106223 -0.0783349 0.357254 0.138607 -0.0384001 -0.00346344 0.422589 0.485297
internal_weight=8000 6418 4845 1582 3224 2425 1158 810 1639 368 1573 1395 1621 786 1323 1216 442 229 213 43 176 799 829 340 225 205 115 165 424 810 186 698 822 348 900 758 237 521 354 385 348 139 118 49 715 309 523 83 701 537 286 212 589 501 472 389 88 63 547 366 103 79
internal_count=8000 6418 4845 1582 3224 2425 1158 810 1639 368 1573 1395 1621 786 1323 1216 442 229 213 43 176 799 829 340 225 205 115 165 424 810 186 698 822 348 900 758 237 521 354 385 348 139 118 49 715 309 523 83 701 537 286 212 589 501 472 389 88 63 547 366 103 79
is_linear=0
shrinkage=0.05


Tree=45
num_leaves=63
num_cat=0
split_feature=0 0 0 2 1 1 1 1 7 7 7 7 7 7 7 2 1 1 2 7 7 7 7 7 1 1 2 7 3 7 7 2 7 7 7 7 7 7 7 7 7 7 7 7 7 2 8 7 7 8 7 7 7 8 1 1 7 7 2 2 2 7
split_gain=54357.4 7845.89 7461.45 4360.33 2980.23 4694.34 2508.19 4220.05 2344.18 3601.14 2452.58 7325.73 3570.47 2595.82 3352.87 1554.82 1543.94 1344.46 1217.07 1170.46 2427.72 1093.09 1030.18 1028.71 1013.6 1510.21 897.051 784.184 730.105 747.744 828.334 702.195 688.726 819.562 832.261 2053.5 850.316 801.796 686.146 731.127 684.339 2680.21 810.692 672.586 656.917 608.346 605.512 587.166 1299.83 708.651 588.712 734.432 581.826 573.151 562.315 911.857 550.031 1071.14 545.471 589.713 544.652 528.277
threshold=3.5000000000000004 2.5000000000000004 1.5000000000000002 1.0000000180025095e-35 2.5000000000000004 1.5000000000000002 2.5000000000000004 1.5000000000000002 1.5000000000000002 2.5000000000000004 9.5000000000000018 10.500000000000002 14.500000000000002 7.5000000000000009 5.5000000000000009 1.0000000180025095e-35 1.0000000180025095e-35 1.0000000180025095e-35 2.5000000000000004 1.5000000000000002 2.5000000000000004 17.500000000000004 17.500000000000004 1.5000000000000002 2.5000000000000004 1.5000000000000002 1.5000000000000002 1.5000000000000002 3124.200000000003 2.5000000000000004 4.5000000000000009 1.5000000000000002 14.500000000000002 12.500000000000002 9.5000000000000018 10.500000000000002 7.5000000000000009 5.5000000000000009 2.5000000000000004 14.500000000000002 9.5000000000000018 10.500000000000002 14.500000000000002 1.5000000000000002 13.500000000000002 2.5000000000000004 0.82932370537135991 7.5000000000000009 15.500000000000002 0.42404956966340773 5.5000000000000009 3.5000000000000004 18.500000000000004 0.34749648769975111 2.5000000000000004 1.0000000180025095e-35 17.500000000000004 18.500000000000004 1.0000000180025095e-35 2.5000000000000004 1.0000000180025095e-35 10.500000000000002
decision_type=2 2 2 2 2 2 2 2 2 2 2 2 2 2 2 2 2 2 2 2 2 2 2 2 2 2 2 2 2 2 2 2 2 2 2 2 2 2 2 2 2 2 2 2 2 2 2 2 2 2 2 2 2 2 2 2 2 2 2 2 2 2
left_child=1 2 4 24 5 16 7 17 -4 31 13 -12 44 14 -11 -3 40 43 26 -7 -21 58 28 -8 25 -2 -17 -6 -9 -30 -31 -10 33 34 36 -36 37 -18 -29 -40 60 -42 -43 -5 -13 -19 47 50 -49 -50 51 -25 -23 -47 55 -20 -14 -58 -22 -60 -1 -45
right_child=3 15 8 6 27 19 23 22 9 10 11 12 56 -15 -16 18 32 45 54 20 21 52 -24 46 -26 -27 -28 38 29 30 -32 -33 -34 -35 35 -37 -38 -39 39 -41 41 42 -44 61 -46 53 -48 48 49 -51 -52 -53 -54 -55 -56 -57 57 -59 59 -61 -62 -63
leaf_value=-0.29662400522874188 0.092895274097570271 -0.24845630604400273 -0.11959920961701881 -0.019312987909201655 -0.30888503510740739 -0.11261494030430913 -0.11428982902456214 0.68034773066237175 0.27643409452800238 -0.063936276766015029 0.54046054318547243 -0.025025834280358674 0.11163959228075469 -0.19992164939441937 0.238533488028012 -0.15006506186408494 -0.096025784167978509 0.39203577911735632 -0.28207873899235641 0.41348839720788721 -0.060542749943549204 0.32360866159200669 0.76758133225581227 0.39370137398893185 0.0029965940909075345 0.32747080415132501 -0.042616345186643208 0.046068466965936951 0.64219658390471812 0.14275935264649217 0.44271296469064858 0.59792019715814881 0.027767821942937178 -0.20790865917946211 0.43022622270830752 -0.052930833063610308 -0.22354339147409932 0.086604587270355804 -0.19084195492144387 -0.080495879137087875 0.26705259230326522 -0.23648927937306108 -0.082782515558387046 0.29601768558224045 -0.19799182519421613 0.42045163328831014 0.46770669221878053 0.0098127506171049698 0.55844556868076323 0.17669863273059169 0.46104821476619695 -0.0024063472747802737 0.047904628322970488 0.13199665819605191 -0.30045605497178407 -0.10083369032536792 0.35124835971827539 0.094997114129364499 0.089939072650700516 -0.031011652932903228 -0.16076265676793727 0.15452262877844014
leaf_weight=97 198 389 169 31 79 100 27 37 35 255 90 242 221 149 143 390 225 227 110 48 149 50 34 22 121 105 387 45 38 27 156 33 211 100 29 91 88 82 468 221 44 147 206 135 71 26 21 89 20 31 32 25 31 51 109 188 88 76 303 151 308 129
leaf_count=97 198 389 169 31 79 100 27 37 35 255 90 242 221 149 143 390 225 227 110 48 149 50 34 22 121 105 387 45 38 27 156 33 211 100 29 91 88 82 468 221 44 147 206 135 71 26 21 89 20 31 32 25 31 51 109 188 88 76 303 151 308 129
internal_value=1.01232e-10 -0.064708 -0.0332081 0.262513 -0.07621 -0.0487817 0.312742 0.353024 0.0563246 0.0775157 0.0594367 0.115901 0.061158 -0.0219045 0.04474 -0.161731 -0.0981586 0.27705 -0.133237 0.0478357 0.0697552 0.0456336 0.508876 0.178317 0.125331 0.174184 -0.0965481 -0.159204 0.474783 0.440367 0.398458 0.432449 -0.0501792 -0.076922 -0.0514877 0.0638321 -0.0865216 -0.047245 -0.143093 -0.155448 -0.147574 -0.100924 -0.146791 0.201007 -0.0642609 0.350841 0.211236 0.186643 0.125142 0.326403 0.295631 0.183006 0.218092 0.229397 -0.20328 -0.167736 0.163122 0.232498 0.0224675 0.049711 -0.193302 0.226878
internal_weight=8000 6418 4845 1582 3273 2460 1158 891 1572 1403 1335 788 698 547 398 1573 1628 599 1184 832 732 684 292 267 424 303 777 813 258 221 183 68 826 615 515 120 395 307 734 689 802 397 353 295 313 304 240 219 140 51 79 47 81 77 407 298 385 164 603 454 405 264
internal_count=8000 6418 4845 1582 3273 2460 1158 891 1572 1403 1335 788 698 547 398 1573 1628 599 1184 832 732 684 292 267 424 303 777 813 258 221 183 68 826 615 515 120 395 307 734 689 802 397 353 295 313 304 240 219 140 51 79 47 81 77 407 298 385 164 603 454 405 264
is_linear=0
shrinkage=0.05


Tree=46
num_leaves=63
num_cat=0
split_feature=0 0 0 2 1 1 7 7 7 7 7 1 7 7 7 7 7 7 1 1 7 7 1 1 7 7 2 7 7 7 7 7 7 7 2 7 7 2 2 2 2 1 1 4 6 1 3 8 7 7 7 6 7 1 1 1 1 2 7 7 7 7
split_gain=49057.5 7080.92 7080.53 3935.2 3526.15 5870.95 2294.78 3506.57 19439 4345.18 3168.11 1875.79 1722.14 6219.03 1461.42 1436.32 1351.86 1358.88 1346.76 2047.78 1207.33 960.74 956.843 1548.86 945.099 887.464 873.452 858.041 981.196 784.941 776.044 1153.56 763.965 680.482 673.357 667.189 1004.41 659.263 641.819 655.486 640.926 616.33 875.13 987.968 755.148 582.364 559.952 558.347 551.249 1369.36 633.101 550.43 528.696 528.673 526.978 517.586 508.604 506.781 497.319 967.579 3112 1852.63
threshold=3.5000000000000004 2.5000000000000004 1.0000000180025095e-35 1.0000000180025095e-35 2.5000000000000004 1.5000000000000002 14.500000000000002 10.500000000000002 9.5000000000000018 7.5000000000000009 6.5000000000000009 1.0000000180025095e-35 1.5000000000000002 2.5000000000000004 1.5000000000000002 5.5000000000000009 2.5000000000000004 17.500000000000004 2.5000000000000004 1.0000000180025095e-35 17.500000000000004 17.500000000000004 2.5000000000000004 1.5000000000000002 1.5000000000000002 16.500000000000004 1.0000000180025095e-35 1.5000000000000002 2.5000000000000004 5.5000000000000009 1.5000000000000002 2.5000000000000004 13.500000000000002 15.500000000000002 2.5000000000000004 11.500000000000002 12.500000000000002 1.0000000180025095e-35 1.0000000180025095e-35 2.5000000000000004 1.5000000000000002 2.5000000000000004 1.5000000000000002 25.144070675018177 62.500000000000007 1.5000000000000002 4087.9916666666709 0.42404956966340773 9.5000000000000018 11.500000000000002 7.5000000000000009 43.500000000000007 18.500000000000004 2.5000000000000004 1.0000000180025095e-35 1.0000000180025095e-35 1.5000000000000002 1.5000000000000002 5.5000000000000009 10.500000000000002 9.5000000000000018 7.5000000000000009
decision_type=2 2 2 2 2 2 2 2 2 2 2 2 2 2 2 2 2 2 2 2 2 2 2 2 2 2 2 2 2 2 2 2 2 2 2 2 2 2 2 2 2 2 2 2 2 2 2 2 2 2 2 2 2 2 2 2 2 2 2 2 2 2
left_child=1 2 18 21 5 11 7 8 9 10 12 27 53 45 -3 -15 -16 22 19 -1 26 30 23 54 -6 38 -7 -4 -29 -30 -2 -32 35 56 40 -9 51 -26 -13 57 48 42 -8 44 -44 -14 -36 -43 50 -50 -28 -37 -22 55 -18 -5 -21 -40 -33 60 61 -60
right_child=3 14 4 6 24 20 41 32 -10 -11 -12 25 13 15 16 -17 17 -19 -20 33 52 -23 -24 -25 37 -27 34 28 29 -31 31 58 -34 -35 46 36 -38 -39 39 -41 -42 47 43 -45 -46 -47 -48 -49 49 -51 -52 -53 -54 -55 -56 -57 -58 -59 59 -61 -62 -63
leaf_value=-0.18452727509198508 -0.12259696800186225 -0.2885621838480904 -0.21406567277894781 -0.018347341110629422 -0.23843831645679617 0.034974560177751954 0.38872569093227338 0.0051728582795476548 1.2349122191375157 -0.041924682239952847 0.62893445316003638 -0.068353723932239346 0.62828223246968162 0.12311669472454256 0.0745612357225683 0.3888767347464131 -0.23535109882933553 -0.015942870141828762 -0.19681504767819752 -0.11224097782278891 0.43258282863626296 0.35554083492129279 -0.24954126359743661 -0.045472997950112566 -0.1477795921465648 0.16139143859909383 0.1240766823901573 0.23623999708396354 -0.17460957711202005 -0.035778041603780224 0.45273502208292488 -0.03260514133033298 -0.091651484305443981 0.047526672665195863 0.29487865062860341 0.18291762441879622 0.063375121685526059 -0.034538532626954326 0.028462194095467037 -0.033792910695578278 0.27042256491363975 0.50216315757660634 0.22021662927698343 0.81182825104333467 0.64030567226202595 0.94139725278925013 0.042490289119583829 0.18993051084793278 0.57130006544969303 0.09935312016921885 -0.18286204742533821 0.48732699627677606 0.18431042308944304 -0.10857533641435482 -0.14161484890489603 0.2371276378140531 -0.025234160612028673 0.14761233982371999 0.34405888214707381 0.045560983364369464 0.77024120336229152 -0.13140440829807806
leaf_weight=395 37 178 88 31 84 175 136 64 53 114 64 164 33 173 72 72 294 170 397 331 51 39 271 282 168 128 84 29 124 569 24 63 46 157 26 27 62 547 193 178 177 21 20 32 23 27 142 45 22 51 21 33 37 27 306 55 341 166 40 157 22 42
leaf_count=395 37 178 88 31 84 175 136 64 53 114 64 164 33 173 72 72 294 170 397 331 51 39 271 282 168 128 84 29 124 569 24 63 46 157 26 27 62 547 193 178 177 21 20 32 23 27 142 45 22 51 21 33 37 27 306 55 341 166 40 157 22 42
internal_value=9.80915e-11 -0.0614726 -0.0315477 0.249387 0.0113121 0.0413273 0.297105 0.257638 0.317279 0.235677 0.301334 -0.0125481 0.251175 0.312949 -0.153644 0.201218 -0.136429 -0.147911 -0.116791 -0.0908359 0.15367 0.119064 -0.167369 -0.142121 -0.0797852 0.0403255 0.131667 -0.0666619 -0.0486958 -0.0606195 0.0951096 0.118257 0.0907971 -0.0461941 0.164021 0.135919 0.204507 -0.0611462 0.0182193 0.0446587 0.20305 0.422631 0.464344 0.601465 0.444915 0.769184 0.0815504 0.289277 0.136056 0.241584 0.0626889 0.350343 0.328196 0.08444 -0.187546 0.145038 -0.0680902 0.0835567 0.0934803 0.123915 0.242199 0.100529
internal_weight=8000 6418 4845 1582 3224 2425 1158 881 649 596 482 1639 418 305 1573 245 1395 1323 1621 1224 786 424 1153 882 799 829 698 810 722 693 385 348 232 829 523 186 122 715 701 537 355 277 211 75 43 60 168 66 178 73 105 60 88 113 600 86 672 359 324 261 104 82
internal_count=8000 6418 4845 1582 3224 2425 1158 881 649 596 482 1639 418 305 1573 245 1395 1323 1621 1224 786 424 1153 882 799 829 698 810 722 693 385 348 232 829 523 186 122 715 701 537 355 277 211 75 43 60 168 66 178 73 105 60 88 113 600 86 672 359 324 261 104 82
is_linear=0
shrinkage=0.05


Tree=47
num_leaves=63
num_cat=0
split_feature=0 0 0 2 2 2 2 2 2 2 2 7 2 2 2 7 7 7 5 7 7 7 5 7 7 7 7 7 7 7 7 2 5 7 7 1 1 7 7 7 7 7 7 7 7 7 5 7 7 7 7 7 7 7 7 7 6 5 7 7 7 6
split_gain=44274.4 6390.53 6412.18 3551.51 2686.33 2356.78 2198.38 2274.39 2149.32 1858.27 1839.28 1637.57 1600.87 1391.59 1084.72 1044.23 1300.21 1177.43 1125 954.554 918.276 1096.3 876.32 868.882 5322.5 1576.26 1488.5 863.267 879.263 871.611 2899.71 809.55 738.773 732.902 703.434 702.592 801.584 702.502 907.216 715.074 3391.32 1016.86 974.745 1146.91 683.493 861.239 681.628 648.576 837.963 736.477 694.891 1227.43 2530.75 1302.95 646.888 1253.08 625.112 619.557 591.798 1745.83 793.538 554.068
threshold=3.5000000000000004 2.5000000000000004 1.5000000000000002 1.0000000180025095e-35 1.0000000180025095e-35 2.5000000000000004 2.5000000000000004 1.5000000000000002 1.0000000180025095e-35 2.5000000000000004 1.5000000000000002 17.500000000000004 1.5000000000000002 1.0000000180025095e-35 2.5000000000000004 9.5000000000000018 11.500000000000002 7.5000000000000009 14.979030719549236 6.5000000000000009 14.500000000000002 12.500000000000002 17.684962880776791 10.500000000000002 9.5000000000000018 8.5000000000000018 14.500000000000002 1.5000000000000002 2.5000000000000004 9.5000000000000018 10.500000000000002 1.5000000000000002 6.7572685741530156 16.500000000000004 1.5000000000000002 2.5000000000000004 1.5000000000000002 1.5000000000000002 2.5000000000000004 9.5000000000000018 10.500000000000002 14.500000000000002 7.5000000000000009 5.5000000000000009 1.5000000000000002 2.5000000000000004 10.69079817663096 1.5000000000000002 2.5000000000000004 5.5000000000000009 7.5000000000000009 9.5000000000000018 10.500000000000002 14.500000000000002 7.5000000000000009 5.5000000000000009 91.500000000000014 21.462268338982415 9.5000000000000018 10.500000000000002 14.500000000000002 29.500000000000004
decision_type=2 2 2 2 2 2 2 2 2 2 2 2 2 2 2 2 2 2 2 2 2 2 2 2 2 2 2 2 2 2 2 2 2 2 2 2 2 2 2 2 2 2 2 2 2 2 2 2 2 2 2 2 2 2 2 2 2 2 2 2 2 2
left_child=1 2 4 20 44 10 7 15 -4 12 37 23 -10 -3 31 17 18 19 -17 -5 21 27 -18 24 25 32 -25 -2 -29 54 -31 -15 -9 -12 -8 36 -14 -6 -39 42 -41 -42 43 -40 -1 -46 -34 -7 -49 -50 -51 -52 -53 -54 55 -30 -36 -24 -47 -60 -61 -48
right_child=3 13 8 6 5 47 34 11 9 -11 33 -13 35 14 -16 16 22 -19 -20 -21 -22 -23 57 26 -26 -27 -28 28 29 30 -32 -33 46 -35 56 -37 -38 38 39 40 41 -43 -44 -45 45 58 61 48 49 50 51 52 53 -55 -56 -57 -58 -59 59 60 -62 -63
leaf_value=-0.28548590720941625 -0.11646711637039442 -0.22800906469954471 -0.048235168729306846 0.17890070731212435 -0.20076335046762306 -0.24795339500738517 -0.022950692479618087 0.18580440807023221 0.060282538845191781 5.0439175080370023e-06 0.02602998751308366 0.78676929559026454 0.1841524006949411 -0.13520866638730064 -0.18513068644265834 0.33437831590114087 0.36521460227306607 -0.085121579025242783 0.84712251573801045 0.51821268647909169 0.24384900664581971 -0.16020347757095643 -0.044566932187548709 0.11372863609521162 1.2246750116348268 -0.0018805909156799317 0.4751560234679626 0.43009827717517812 -0.030974883952784162 0.7317291407422587 0.042891254752874378 -0.0331348008704817 0.66635692824016923 0.16837388150967086 0.18223301112146884 0.089191954936644058 0.36064971901245957 0.17186432793736459 -0.14333095219850109 0.46130096605595422 -0.15121017421067459 0.0094880096526045732 -0.25090202086458085 0.10064494188975644 0.087808046880655188 -0.20853585964512256 0.25501115218951154 0.115283536339222 -0.22002661050578884 0.039765444704227979 -0.29745519097646078 0.29021936953067778 -0.23665787841115768 -0.043370904093734688 -0.12483418935998565 0.32685594156384473 0.45317814641672638 0.24436079326001081 0.20707812201327239 -0.23020687312722055 -0.081179909835877029 0.48486286547034985
leaf_weight=84 37 389 393 152 81 81 39 28 387 405 693 28 191 390 407 23 103 37 20 24 102 44 28 63 20 25 52 24 63 22 50 387 33 104 286 99 97 45 138 34 171 232 95 74 41 252 39 43 129 90 75 42 144 221 42 40 23 55 39 156 209 80
leaf_count=84 37 389 393 152 81 81 39 28 387 405 693 28 191 390 407 23 103 37 20 24 102 44 28 63 20 25 52 24 63 22 50 387 33 104 286 99 97 45 138 34 171 232 95 74 41 252 39 43 129 90 75 42 144 221 42 40 23 55 39 156 209 80
internal_value=6.75831e-11 -0.0583989 -0.0299703 0.236918 -0.0698341 -0.0444754 0.28225 0.327406 0.0530287 0.0867833 -0.0102684 0.419228 0.132191 -0.145962 -0.119006 0.250956 0.325075 0.17127 0.572864 0.225171 0.113111 0.0716972 0.267791 0.38896 0.446103 0.370145 0.277157 0.108401 0.142924 0.111163 0.253369 -0.0843688 0.421815 0.0446043 0.177146 0.204099 0.243598 -0.0605369 -0.046141 -0.0593268 -0.0182414 -0.0586991 -0.11781 -0.0581696 -0.150748 -0.13451 0.465291 -0.113594 -0.0989664 -0.112109 -0.0877705 -0.111584 -0.0773329 -0.119627 0.0405502 0.107989 0.2024 0.146891 -0.148405 -0.110898 -0.144874 0.409533
internal_weight=8000 6418 4845 1582 3273 2492 1158 810 1572 1179 1667 368 774 1573 1184 442 229 213 43 176 424 322 186 340 225 205 115 278 241 217 72 777 180 797 348 387 288 870 789 744 437 403 307 212 781 697 152 825 744 701 572 482 407 365 145 103 309 83 656 404 365 119
internal_count=8000 6418 4845 1582 3273 2492 1158 810 1572 1179 1667 368 774 1573 1184 442 229 213 43 176 424 322 186 340 225 205 115 278 241 217 72 777 180 797 348 387 288 870 789 744 437 403 307 212 781 697 152 825 744 701 572 482 407 365 145 103 309 83 656 404 365 119
is_linear=0
shrinkage=0.05


Tree=48
num_leaves=63
num_cat=0
split_feature=0 0 0 1 1 1 1 1 1 7 1 1 1 1 7 7 2 7 7 7 7 6 2 0 7 7 7 7 7 7 7 7 3 5 1 7 7 2 5 7 7 7 7 7 7 7 7 7 7 7 2 2 8 3 7 7 2 7 1 7 7 8
split_gain=39957.7 5767.45 6077.33 3356.54 4877.65 3131.63 5220.74 1696.22 1629.74 1621.99 1368.99 2236.39 1230.78 1876.33 1051.85 1026.51 855.084 822.687 779.726 778.037 774.277 752.834 746.768 713.216 699.207 692.879 5403.05 1723.57 999.273 925.909 3257.47 781.51 854.747 678.746 606.007 602.288 586.509 618.483 614.722 575.149 570.204 688.714 886.805 689.816 556.493 673.084 2409.6 1090.66 809.615 1116.93 528.143 545.719 515.325 513.458 509.478 498.612 487.212 478.545 470.231 460.611 1056.24 577.388
threshold=3.5000000000000004 2.5000000000000004 1.0000000180025095e-35 2.5000000000000004 1.5000000000000002 2.5000000000000004 1.5000000000000002 1.0000000180025095e-35 1.0000000180025095e-35 17.500000000000004 2.5000000000000004 1.5000000000000002 2.5000000000000004 1.0000000180025095e-35 17.500000000000004 1.5000000000000002 1.0000000180025095e-35 1.5000000000000002 16.500000000000004 1.5000000000000002 14.500000000000002 6.5000000000000009 1.0000000180025095e-35 1.5000000000000002 2.5000000000000004 10.500000000000002 9.5000000000000018 7.5000000000000009 6.5000000000000009 2.5000000000000004 1.5000000000000002 14.500000000000002 7455.9416666666648 21.607016297594871 1.5000000000000002 4.5000000000000009 17.500000000000004 1.0000000180025095e-35 19.083978966535724 17.500000000000004 12.500000000000002 1.5000000000000002 2.5000000000000004 5.5000000000000009 2.5000000000000004 9.5000000000000018 10.500000000000002 14.500000000000002 7.5000000000000009 5.5000000000000009 1.0000000180025095e-35 2.5000000000000004 0.82932370537135991 8601.5416666666715 17.500000000000004 1.5000000000000002 2.5000000000000004 18.500000000000004 1.0000000180025095e-35 7.5000000000000009 15.500000000000002 0.42404956966340773
decision_type=2 2 2 2 2 2 2 2 2 2 2 2 2 2 2 2 2 2 2 2 2 2 2 2 2 2 2 2 2 2 2 2 2 2 2 2 2 2 2 2 2 2 2 2 2 2 2 2 2 2 2 2 2 2 2 2 2 2 2 2 2 2
left_child=1 2 12 4 8 6 7 20 16 25 11 19 13 -1 23 -5 -2 -7 50 -3 40 -10 -17 -8 -21 26 27 28 29 30 -6 -27 -33 36 -15 -31 37 -23 53 58 41 -4 -43 -44 -19 48 -47 -48 49 -46 -9 -52 59 -39 -13 -18 -22 -16 -26 -24 -61 -62
right_child=3 10 5 15 9 17 14 18 21 -11 -12 54 -14 34 57 22 55 44 -20 24 56 33 52 -25 39 31 -28 -29 -30 35 -32 32 -34 -35 -36 -37 -38 38 -40 -41 -42 42 43 -45 45 46 47 -49 -50 -51 51 -53 -54 -55 -56 -57 -58 -59 -60 60 61 -63
leaf_value=-0.1723169551019946 -0.0092843938618898392 -0.29544616200190083 -0.19989425985523585 -0.14597446643389189 0.23035757316365127 -0.22263652273409426 0.075669081818947159 -0.060257305840219134 0.028225601915149917 0.71170503035187727 -0.22218183909348627 -0.033042319986476186 -0.18394664070013 -0.08374767333942254 0.40767499980534994 0.015969338042473576 -0.025811167349738463 0.14656559321447277 0.15247617757995613 0.066954653984621956 0.067612264875248573 0.15263541087246779 0.24763027152305916 0.1767868417641148 -0.21587395344727806 0.17896436965465545 1.1385054773340622 0.04632697926881986 0.74754338622093197 0.11212485418296779 0.94247819322806137 0.26777576046862772 0.66015405888142797 0.16297533725049684 0.0017788988649845125 0.40003813277272615 0.5390457942017487 0.34661471331431198 0.59514906917299537 -0.032455473800384722 -0.21415358962019884 0.22073441908277314 -0.16321627646684647 -0.0203342576645631 -0.16218765448984199 0.32879627686600355 -0.17051790591154325 0.007246960665031177 -0.25681553223585513 0.080150467313911872 0.077751654636083703 -0.029322486868902538 0.41038876402945751 0.12038910314440728 0.15154437716784222 0.18616131535329095 -0.091971081054902509 0.17147116957081332 -0.12732839086914766 -0.0073340155100554572 0.48750584125518803 0.14292340374762011
leaf_weight=395 94 93 88 39 42 84 358 164 31 40 374 340 397 404 51 109 31 32 128 38 151 57 79 340 294 75 24 39 20 39 26 35 23 88 425 34 28 153 21 86 83 29 124 265 127 43 149 205 83 76 359 178 21 30 42 264 70 37 306 89 20 31
leaf_count=395 94 93 88 39 42 84 358 164 31 40 374 340 397 404 51 109 31 32 128 38 151 57 79 340 294 75 24 39 20 39 26 35 23 88 425 34 28 153 21 86 83 29 124 265 127 43 149 205 83 76 359 178 21 30 42 264 70 37 306 89 20 31
internal_value=8.58701e-11 -0.055479 -0.0284718 0.225072 0.266589 0.0112358 0.0395221 -0.0112824 0.195265 0.409777 -0.138664 -0.112612 -0.107446 -0.0826334 0.145462 0.0973109 0.12204 -0.0746142 0.0389966 -0.159306 -0.0627408 0.265079 0.124498 0.124924 -0.141818 0.375948 0.429622 0.344556 0.416798 0.369884 0.502639 0.285549 0.423374 0.284555 -0.0399011 0.246221 0.321576 0.298245 0.338931 -0.153383 -0.0926851 -0.0727605 -0.0459955 -0.0658802 -0.0572242 -0.0667722 -0.0246431 -0.067575 -0.125252 -0.0714601 0.0182757 0.0422597 0.173787 0.309529 -0.0127474 0.163886 0.0170655 0.308362 -0.170716 0.1511 0.0966287 0.278054
internal_weight=8000 6418 4845 1582 1194 3224 2425 1639 797 397 1573 1199 1621 1224 786 388 389 799 829 817 810 408 349 698 724 357 224 200 161 141 68 133 58 377 829 73 289 261 204 686 589 506 418 389 715 683 397 354 286 203 701 537 240 183 382 295 221 88 600 219 140 51
internal_count=8000 6418 4845 1582 1194 3224 2425 1639 797 397 1573 1199 1621 1224 786 388 389 799 829 817 810 408 349 698 724 357 224 200 161 141 68 133 58 377 829 73 289 261 204 686 589 506 418 389 715 683 397 354 286 203 701 537 240 183 382 295 221 88 600 219 140 51
is_linear=0
shrinkage=0.05


Tree=49
num_leaves=63
num_cat=0
split_feature=0 7 7 7 0 0 1 1 7 2 2 1 7 7 2 2 2 7 1 1 1 1 2 7 7 7 7 1 1 1 1 2 2 2 3 7 7 2 2 8 8 8 5 7 7 2 7 7 7 7 7 2 7 7 7 7 2 8 5 7 1 3
split_gain=36061.8 5465.35 7522.78 4776.28 3510.25 3787.94 3029.28 4402.08 2583.01 1699.18 1500.55 1470.84 1463.85 1302.62 1104.38 1078.52 1038.25 926.424 869.023 1488.46 788.445 1255.93 771.713 746.608 4423.89 2307.88 890.082 740.254 729.967 695.122 1001.02 680.163 673.958 629.003 595.941 598.051 595.945 543.748 485.135 509.154 535.054 480.531 481.337 473.254 551.588 470.251 466.002 833.518 826.683 2675.28 583.536 458.39 449.997 436.076 1241.58 970.032 424.522 650.696 481.225 813.377 424.383 411.96
threshold=3.5000000000000004 1.5000000000000002 2.5000000000000004 17.500000000000004 2.5000000000000004 1.5000000000000002 2.5000000000000004 1.5000000000000002 18.500000000000004 1.0000000180025095e-35 2.5000000000000004 1.0000000180025095e-35 17.500000000000004 4.5000000000000009 1.5000000000000002 1.0000000180025095e-35 2.5000000000000004 1.5000000000000002 2.5000000000000004 1.5000000000000002 2.5000000000000004 1.5000000000000002 1.0000000180025095e-35 10.500000000000002 9.5000000000000018 7.5000000000000009 14.500000000000002 2.5000000000000004 1.5000000000000002 2.5000000000000004 1.0000000180025095e-35 1.0000000180025095e-35 1.0000000180025095e-35 1.0000000180025095e-35 3124.200000000003 2.5000000000000004 4.5000000000000009 1.5000000000000002 2.5000000000000004 0.80170959455314295 0.67433744312750277 0.34749648769975111 16.977863320964584 9.5000000000000018 12.500000000000002 2.5000000000000004 5.5000000000000009 7.5000000000000009 9.5000000000000018 10.500000000000002 14.500000000000002 1.5000000000000002 1.5000000000000002 10.500000000000002 14.500000000000002 8.5000000000000018 1.5000000000000002 0.58166151501822072 10.605935665659542 10.500000000000002 1.0000000180025095e-35 7966.9500000000035
decision_type=2 2 2 2 2 2 2 2 2 2 2 2 2 2 2 2 2 2 2 2 2 2 2 2 2 2 2 2 2 2 2 2 2 2 2 2 2 2 2 2 2 2 2 2 2 2 2 2 2 2 2 2 2 2 2 2 2 2 2 2 2 2
left_child=1 29 18 4 5 9 7 11 27 -4 14 22 33 -7 -11 -15 23 -8 19 -3 21 60 -2 24 25 -17 -25 28 -5 30 -1 -13 -19 -9 -35 -36 -37 -21 39 40 43 -40 -43 -33 -45 56 -12 -48 -49 -50 -51 -10 -24 55 -55 -54 57 61 -58 -60 -6 -34
right_child=6 2 3 8 20 13 17 12 51 10 46 31 -14 15 -16 16 -18 32 -20 37 -22 -23 52 26 -26 -27 -28 -29 -30 -31 -32 38 45 34 35 36 -38 -39 41 -41 -42 42 -44 44 -46 -47 47 48 49 50 -52 -53 53 54 -56 -57 58 -59 59 -61 -62 -63
leaf_value=-0.25395244648994025 -0.0088201732949373581 0.15128237784940851 -0.15478897878492209 0.15110983415063295 -0.20508025753356163 -0.09803453067427173 -0.13867574036121369 0.25000980615314811 -0.091116486150188525 -0.070054773131790121 -0.20470469372217048 0.14145096806236185 0.67611976593732837 -0.040501110336097941 0.024050323325286931 0.22751009228542962 -0.0020851229901410759 0.015170870447924379 0.055107339355465662 0.28505214617418295 -0.21878623827154375 -0.03424553288285561 -0.024520608061744321 -0.0048266162227883318 0.68185535386988994 -0.13443238311250447 0.17596676238207964 0.040209066967775181 0.327573664618863 -0.27631942865758552 -0.10675952487800688 0.23164463940747951 0.36377133642633758 0.58398192841056229 0.54766906919448 0.11280433284463708 0.36722613475166072 0.53224243856138653 0.35607169912411618 0.1085887057085832 0.5185796759067437 0.22573924512955648 -0.084409155912527997 0.59531709736585625 0.31040123098020289 0.063267577674191486 0.039559243015117124 -0.27847023120025799 0.27796990505996205 -0.22011408655800754 -0.07569246177547885 0.027594507567502643 0.18053204981626664 -0.03810325777575152 0.27236598364768494 0.54342564588243314 0.49450614750385286 -0.042755587166175252 0.37718049638411583 -0.0029956755538781484 -0.1209619708678813 0.075027688911982957
leaf_weight=178 94 148 573 168 294 170 39 99 147 649 129 104 40 241 600 116 252 109 77 44 271 282 31 169 38 71 114 82 90 166 329 86 30 37 38 27 156 45 26 24 39 29 22 25 53 77 90 75 42 144 136 182 113 67 62 22 22 32 34 24 306 21
leaf_count=178 94 148 573 168 294 170 39 99 147 649 129 104 40 241 600 116 252 109 77 44 271 282 31 169 38 71 114 82 90 166 329 86 30 37 38 27 156 45 26 24 39 29 22 25 53 77 90 75 42 144 136 182 113 67 62 22 22 32 34 24 306 21
internal_value=-9.69274e-11 -0.052705 -0.0369129 -0.0506704 -0.0682453 -0.0439811 0.213819 0.25326 0.0744295 -0.079482 -0.0563448 0.185501 0.389288 0.0299312 -0.0248482 0.0516636 0.0808895 0.0924453 0.201039 0.248451 -0.144195 -0.121276 0.115938 0.12205 0.190031 0.0900881 0.0680018 0.171074 0.212667 -0.187513 -0.158437 0.251825 0.118273 0.35715 0.398263 0.367169 0.329688 0.410036 0.289584 0.326372 0.352119 0.181134 0.0919497 0.312534 0.40172 0.165098 -0.120207 -0.0978251 -0.12897 -0.0941487 -0.149966 -0.0254466 0.155692 0.176853 0.111115 0.23967 0.213202 0.133982 0.295392 0.219866 -0.16218 0.244877
internal_weight=8000 6418 5745 5431 4762 3609 1582 1194 669 2438 1865 797 397 1171 1249 1001 760 388 314 237 1153 882 389 508 225 187 283 340 258 673 507 408 349 357 258 221 183 89 304 227 203 77 51 164 78 240 616 487 397 322 280 329 295 264 129 135 163 83 80 58 600 51
internal_count=8000 6418 5745 5431 4762 3609 1582 1194 669 2438 1865 797 397 1171 1249 1001 760 388 314 237 1153 882 389 508 225 187 283 340 258 673 507 408 349 357 258 221 183 89 304 227 203 77 51 164 78 240 616 487 397 322 280 329 295 264 129 135 163 83 80 58 600 51
is_linear=0
shrinkage=0.05


Tree=50
num_leaves=63
num_cat=0
split_feature=0 2 2 2 1 1 7 7 1 7 7 7 7 7 7 7 1 1 7 7 0 0 7 7 7 7 7 2 1 6 7 7 7 7 7 7 7 3 2 5 1 1 7 7 7 7 7 7 5 5 7 7 7 7 7 7 4 4 8 7 7 7
split_gain=32545.8 5090.58 4293.32 3663.84 2733.92 3972.88 1718.19 1398.89 1327.43 1321.44 3048.06 1599.79 4619.68 1756.5 1987.54 1321.12 1301.94 2197.39 1265.73 1199.35 1092.65 1182.45 979.211 3080.85 1385.45 987.104 836.098 696.471 675.087 670.075 623.061 4835.21 1548.44 900.36 773.137 2951.24 702.628 775.595 608.247 577.798 573.351 752.582 529.791 536.154 1424.43 586.821 590.073 657.676 596.374 540.062 508.192 495.355 756.541 465.583 1562.55 464.943 456.558 503.882 456.362 450.266 445.731 439.007
threshold=3.5000000000000004 1.0000000180025095e-35 2.5000000000000004 1.5000000000000002 2.5000000000000004 1.5000000000000002 14.500000000000002 12.500000000000002 1.0000000180025095e-35 1.5000000000000002 2.5000000000000004 9.5000000000000018 10.500000000000002 7.5000000000000009 5.5000000000000009 17.500000000000004 2.5000000000000004 1.0000000180025095e-35 1.5000000000000002 2.5000000000000004 2.5000000000000004 1.5000000000000002 9.5000000000000018 10.500000000000002 14.500000000000002 8.5000000000000018 1.5000000000000002 1.0000000180025095e-35 1.5000000000000002 6.5000000000000009 10.500000000000002 9.5000000000000018 7.5000000000000009 6.5000000000000009 2.5000000000000004 1.5000000000000002 14.500000000000002 7455.9416666666648 1.0000000180025095e-35 21.607016297594871 2.5000000000000004 1.0000000180025095e-35 17.500000000000004 12.500000000000002 9.5000000000000018 7.5000000000000009 5.5000000000000009 2.5000000000000004 15.077816850013146 14.145231257581242 4.5000000000000009 5.5000000000000009 7.5000000000000009 9.5000000000000018 10.500000000000002 15.500000000000002 23.239453947011814 31.583666481493406 0.82932370537135991 12.500000000000002 1.5000000000000002 14.500000000000002
decision_type=2 2 2 2 2 2 2 2 2 2 2 2 2 2 2 2 2 2 2 2 2 2 2 2 2 2 2 2 2 2 2 2 2 2 2 2 2 2 2 2 2 2 2 2 2 2 2 2 2 2 2 2 2 2 2 2 2 2 2 2 2 2
left_child=1 18 3 20 5 8 7 9 27 -5 -11 13 -13 14 -12 30 17 -4 -1 -20 21 40 25 -24 -25 51 -6 -2 53 -10 31 32 33 34 35 -7 59 -38 -28 42 41 -3 43 44 45 46 47 -31 -49 -46 -36 -21 -53 -19 -55 -45 -41 -58 -40 -32 -18 -56
right_child=4 2 16 6 26 15 -8 -9 29 10 11 12 -14 -15 -16 -17 60 28 19 22 -22 -23 23 24 -26 -27 38 -29 -30 39 36 -33 -34 -35 50 -37 37 -39 58 56 -42 -43 -44 55 49 -47 -48 48 -50 -51 -52 52 -54 54 61 -57 57 -59 -60 -61 -62 -63
leaf_value=-0.24772708653926087 -0.0083791652496190781 -0.10870555166294363 -0.15754469278709671 -0.079364171042704046 -0.13174195526979673 0.19580349645000839 0.15222965882410538 -0.10474273248808459 0.015778042207802496 0.36678122242531147 -0.038922448544844369 0.52711113389701614 0.021706214007324802 -0.14660470707684148 0.189510625566533 0.64231379315257076 -0.31935009252886443 -0.11592531670744605 0.07628691677935423 -0.1966638848906819 -0.11648781881810955 0.052020831188446907 0.20453889052625054 -0.20569444027451569 -0.061050941194584478 -0.33737413406372074 0.014412326645960503 0.14790733369098882 0.033172297145093552 0.36702045661372112 0.27339498590383876 1.0607904758304358 0.027047142615685096 0.69214213728904728 0.097483031317973756 0.87362521279316674 0.23603497960737774 0.60980432532403783 0.13549267742017362 0.028927298095943622 -0.12855213009012054 0.0047541284326577836 0.49845267960003448 0.060640038807499921 0.40397776356743026 0.012803334137424828 0.4560893682922636 -0.08034605407714844 0.28596551746129989 0.75577916219830521 0.36195127993602966 -0.017722261087460955 -0.21258209962776164 0.35413127472767464 -0.1452526741439388 0.31522267455684733 0.4132678271581729 0.077896779261174665 0.3794975946346919 0.028351756316181777 -0.14939087323099373 0.0027900354230716348
leaf_weight=195 94 214 418 156 39 42 404 160 31 83 229 62 167 147 163 40 43 195 80 235 390 387 81 285 395 80 109 295 372 37 38 24 39 20 39 26 35 23 219 43 195 461 28 47 24 24 35 25 20 20 34 132 80 26 84 29 24 21 21 37 375 124
leaf_count=195 94 214 418 156 39 42 404 160 31 83 229 62 167 147 163 40 43 195 80 235 390 387 81 285 395 80 109 295 372 37 38 24 39 20 39 26 35 23 219 43 195 461 28 47 24 24 35 25 20 20 34 132 80 26 84 29 24 21 21 37 375 124
internal_value=1.67223e-11 -0.0500698 -0.0248037 0.00873173 0.203128 0.240597 0.0633583 0.0325922 0.176226 0.0544131 0.0789363 0.047828 0.158541 0.000790537 0.0560638 0.369824 -0.0907272 -0.064616 -0.128552 -0.111564 -0.0433741 -0.0206897 -0.123232 -0.0869519 -0.121674 -0.17562 0.0878231 0.110141 -0.0161213 0.239234 0.339293 0.390191 0.309719 0.378193 0.333661 0.454971 0.25357 0.384254 0.112359 0.257608 -0.0530333 -0.0312168 0.291765 0.269592 0.315524 0.23802 0.284218 0.210859 0.0824591 0.563887 0.22066 -0.146671 -0.0912543 -0.0588655 -0.0113156 0.157783 0.145433 0.256761 0.156843 0.152507 -0.166875 -0.0569964
internal_weight=8000 6418 4855 3218 1582 1194 1571 1167 797 1007 851 768 229 539 392 397 1637 1219 1563 1368 1647 1257 1288 761 680 527 388 389 801 408 357 224 200 161 141 68 133 58 349 377 870 675 289 261 185 141 117 82 45 44 73 447 212 429 234 76 88 45 240 75 418 208
internal_count=8000 6418 4855 3218 1582 1194 1571 1167 797 1007 851 768 229 539 392 397 1637 1219 1563 1368 1647 1257 1288 761 680 527 388 389 801 408 357 224 200 161 141 68 133 58 349 377 870 675 289 261 185 141 117 82 45 44 73 447 212 429 234 76 88 45 240 75 418 208
is_linear=0
shrinkage=0.05


Tree=51
num_leaves=63
num_cat=0
split_feature=0 0 0 1 1 2 2 2 1 7 2 1 1 2 0 7 7 7 7 5 7 7 7 7 7 5 7 7 7 7 7 7 7 7 7 7 7 7 7 7 5 7 2 5 1 7 1 7 5 6 5 5 7 2 1 6 6 3 7 7 7 7
split_gain=29372.6 4683.37 5240.25 2632.2 4426.77 2487.51 1802.26 2013.39 1439.89 1349.31 1133.31 1033.33 1584.65 877.053 830.198 824.832 787.202 1063.07 999.747 966.464 794.802 759.765 938.955 733.335 2471.6 726.465 717.836 4233.16 1373.52 1253.73 646.949 2551.21 964.186 1082.08 918.478 706.421 615.191 1954.2 897.131 657.549 600.74 600.316 595.631 583.157 574.586 824.062 744.462 739.593 567.615 533.966 537.511 559.737 515.698 518.926 514.006 506.623 487.678 910.794 464.507 524.024 485.66 536.389
threshold=3.5000000000000004 2.5000000000000004 1.0000000180025095e-35 2.5000000000000004 1.5000000000000002 1.0000000180025095e-35 2.5000000000000004 1.5000000000000002 1.0000000180025095e-35 17.500000000000004 1.0000000180025095e-35 2.5000000000000004 1.0000000180025095e-35 2.5000000000000004 1.5000000000000002 17.500000000000004 9.5000000000000018 11.500000000000002 7.5000000000000009 14.979030719549236 5.5000000000000009 14.500000000000002 12.500000000000002 9.5000000000000018 10.500000000000002 17.684962880776791 10.500000000000002 9.5000000000000018 8.5000000000000018 14.500000000000002 9.5000000000000018 10.500000000000002 7.5000000000000009 5.5000000000000009 14.500000000000002 12.500000000000002 9.5000000000000018 10.500000000000002 14.500000000000002 8.5000000000000018 6.7572685741530156 14.500000000000002 1.5000000000000002 21.462268338982415 2.5000000000000004 7.5000000000000009 1.5000000000000002 5.5000000000000009 10.69079817663096 7.5000000000000009 14.318913464289169 15.8059458045251 13.500000000000002 1.0000000180025095e-35 1.5000000000000002 58.500000000000007 82.500000000000014 8766.0083333333514 1.5000000000000002 2.5000000000000004 5.5000000000000009 7.5000000000000009
decision_type=2 2 2 2 2 2 2 2 2 2 2 2 2 2 2 2 2 2 2 2 2 2 2 2 2 2 2 2 2 2 2 2 2 2 2 2 2 2 2 2 2 2 2 2 2 2 2 2 2 2 2 2 2 2 2 2 2 2 2 2 2 2
left_child=1 2 11 4 8 21 7 16 41 26 -3 12 -1 42 -6 -16 18 19 20 -18 -7 22 23 44 -25 -19 27 28 40 55 32 -32 33 -10 35 -33 39 -38 -39 58 -9 52 -12 -27 45 46 47 -2 -42 -8 56 -52 53 -4 -14 -28 57 -51 -5 -60 -61 -62
right_child=5 10 3 36 14 6 49 9 30 -11 13 -13 54 -15 15 -17 17 25 -20 -21 -22 -23 -24 24 -26 43 29 -29 -30 -31 31 34 -34 -35 -36 -37 37 38 -40 -41 48 -43 -44 -45 -46 -47 -48 -49 -50 50 51 -53 -54 -55 -56 -57 -58 -59 59 60 61 -63
leaf_value=-0.15624645291108497 -0.073873986913399262 -0.19656912115855016 -0.15065946485195961 -0.18812666459541239 0.087539652720235603 0.11714081163876332 -0.091819712333381182 0.15032159882996765 -0.01822164799773791 0.69181581607886722 -0.11066342806897295 -0.16665924416957026 -0.074938580421857678 -0.15765964364431598 0.16539611231973944 0.40816920613631225 0.26723108246274618 0.30112589492091857 -0.10557646219794814 0.74247661119326958 0.35896798552864273 0.20827658217692493 -0.16292882478711279 0.66465379114855416 0.028695511937141416 -0.083404440326350082 0.22316190807088729 1.0769942796230316 -0.032365511804819107 0.41080679274522347 0.46218191006220882 0.063504858376074808 -0.15815206465412335 0.19783742718006436 0.11403894300556904 -0.13591149209007142 0.29737685044664286 -0.15294283743972747 0.0082810949141489034 -0.28441094134716277 0.5858309259017308 0.015653622721857077 -0.023108313010298004 0.1969073385474357 -0.091101518224497316 -0.14156862991551558 0.31428814554079015 0.25854616601158076 0.35146823680701378 0.23633448546583002 -0.1456878194754774 0.12534917339192322 -0.259137862371771 -0.039971487309016729 0.0038287567866637424 -0.06045151282451116 0.40733472130128318 -0.11608455709435724 0.13645937354376655 -0.14592909669195572 0.072211222634895864 -0.162082712404016
leaf_weight=395 44 389 143 84 407 130 24 28 244 28 390 397 404 407 340 39 23 103 37 20 46 102 44 22 50 28 31 20 25 52 40 85 83 76 208 93 43 149 205 47 33 221 387 55 61 30 44 27 119 110 22 142 38 408 425 32 28 22 32 127 76 36
leaf_count=395 44 389 143 84 407 130 24 28 244 28 390 397 404 407 340 39 23 103 37 20 46 102 44 22 50 28 31 20 25 52 40 85 83 76 208 93 43 149 205 47 33 221 387 55 61 30 44 27 119 110 22 142 38 408 425 32 28 22 32 127 76 36
internal_value=9.55413e-11 -0.0475663 -0.0232293 0.0136424 0.0395752 0.192971 0.23091 0.271795 -0.00720683 0.358188 -0.122527 -0.0965633 -0.0738279 -0.0982003 0.137127 0.190378 0.199866 0.26422 0.130678 0.488276 0.180346 0.0893567 0.0516864 0.0856542 0.223016 0.212422 0.330713 0.382653 0.314912 0.229092 0.0391176 0.0820787 -0.00629543 0.0330924 0.0426898 -0.0406846 -0.0650649 -0.020916 -0.0595787 -0.108665 0.363145 -0.0546178 -0.0670549 0.102344 0.0376443 0.0918063 0.152687 0.0525393 0.40235 0.135744 0.152601 0.0889906 -0.0809846 -0.0686981 -0.0345573 0.0791043 0.217802 0.177598 -0.0853968 -0.0535543 -0.0789955 -0.00309754
internal_weight=8000 6418 4845 3224 2425 1582 1158 810 1639 368 1573 1621 1224 1184 786 379 442 229 213 43 176 424 322 278 72 186 340 225 205 115 829 426 403 320 386 178 799 397 354 402 180 810 777 83 206 145 115 71 152 348 324 164 589 551 829 63 160 132 355 271 239 112
internal_count=8000 6418 4845 3224 2425 1582 1158 810 1639 368 1573 1621 1224 1184 786 379 442 229 213 43 176 424 322 278 72 186 340 225 205 115 829 426 403 320 386 178 799 397 354 402 180 810 777 83 206 145 115 71 152 348 324 164 589 551 829 63 160 132 355 271 239 112
is_linear=0
shrinkage=0.05


Tree=52
num_leaves=63
num_cat=0
split_feature=0 7 7 7 0 0 1 1 7 2 2 1 7 7 7 7 7 7 2 7 1 1 7 1 1 1 1 4 7 7 7 7 7 7 7 6 7 1 1 7 3 7 7 5 2 7 2 8 4 8 5 2 5 4 4 7 7 7 7 7 8 7
split_gain=26508.7 4498.11 6396.94 4029.11 2765.03 3128.12 2376.86 3521.34 2322.65 1360.16 1251.95 1197.1 1167.69 1105.33 939.083 6069.58 3488.58 1142.29 884.23 788.003 756.157 1225.43 727.853 696.831 1105.49 611.386 593.371 590.799 588.276 579.724 3883.94 1186.54 780.61 2248.52 1346.47 566.134 547.49 529.522 815.211 522.933 805.607 510.675 1361.57 508.49 486.69 467.252 478.302 454.079 639.969 834.27 552.671 440.191 423.281 473.993 410.106 403.864 731.74 712.174 2305.24 479.146 394.81 392.562
threshold=3.5000000000000004 1.5000000000000002 2.5000000000000004 17.500000000000004 2.5000000000000004 1.5000000000000002 2.5000000000000004 1.5000000000000002 18.500000000000004 1.0000000180025095e-35 2.5000000000000004 1.0000000180025095e-35 17.500000000000004 4.5000000000000009 10.500000000000002 9.5000000000000018 7.5000000000000009 14.500000000000002 1.5000000000000002 5.5000000000000009 2.5000000000000004 1.5000000000000002 1.5000000000000002 2.5000000000000004 1.5000000000000002 2.5000000000000004 1.5000000000000002 40.087910112306595 1.5000000000000002 10.500000000000002 9.5000000000000018 7.5000000000000009 1.5000000000000002 2.5000000000000004 5.5000000000000009 6.5000000000000009 13.500000000000002 2.5000000000000004 1.0000000180025095e-35 14.500000000000002 7455.9416666666648 10.500000000000002 14.500000000000002 22.353523270324875 1.0000000180025095e-35 17.500000000000004 1.0000000180025095e-35 0.84867803720127599 29.59513223175156 0.46470200107447429 13.782333149782962 1.5000000000000002 19.083978966535724 36.512538364667634 23.239453947011814 5.5000000000000009 7.5000000000000009 9.5000000000000018 10.500000000000002 14.500000000000002 0.82932370537135991 7.5000000000000009
decision_type=2 2 2 2 2 2 2 2 2 2 2 2 2 2 2 2 2 2 2 2 2 2 2 2 2 2 2 2 2 2 2 2 2 2 2 2 2 2 2 2 2 2 2 2 2 2 2 2 2 2 2 2 2 2 2 2 2 2 2 2 2 2
left_child=1 37 20 4 5 9 7 11 25 -4 18 28 27 -7 15 16 19 36 -11 -15 21 -3 -8 24 -6 26 -5 29 -2 30 31 32 -9 -34 -35 -13 -16 38 -1 -31 -41 47 -43 45 -24 46 -37 48 49 50 -30 -23 53 -48 -45 -12 -57 -58 -59 -60 61 -46
right_child=6 2 3 8 23 13 22 12 -10 10 55 35 -14 14 17 -17 -18 -19 -20 -21 -22 51 44 -25 -26 -27 -28 -29 41 39 -32 -33 33 34 -36 43 -38 -39 -40 40 -42 42 -44 54 60 -47 52 -49 -50 -51 -52 -53 -54 -55 -56 56 57 58 59 -61 -62 -63
leaf_value=-0.22830545864580723 -0.094751088603122813 0.14462361945078481 -0.13779217119996695 0.14529601383422103 -0.14392625974056622 -0.088864773509695252 -0.12904841248662427 0.17048811884229317 -0.023357374966923024 -0.061395718111945045 -0.18671027912592242 0.012096938442799354 0.59609960693866015 0.015135616572464214 -0.021887208947665077 0.46974542170763017 -0.17540164333861949 0.090771835977506599 0.02280889053465459 0.20736676640027052 0.052438181193618032 0.2669503836130554 0.011089344267998267 -0.19722051146917899 -0.023898556235358651 0.044066274956595611 0.30439487691140843 0.06022214686328714 0.1395753902298483 0.15022870531116708 1.006883989545432 0.051012883879042958 0.85114219069480912 0.15042566117705206 0.54502904247995976 0.118732935089176 -0.17979123914929135 -0.24499628673790089 -0.095473930797904824 0.20651793598252188 0.60039788385232296 -0.077154554266442535 0.19642824589620145 0.014962001836725644 0.20775229697929154 0.45910890538777621 0.22337512678773322 -0.019651285767555239 0.34744054666823815 0.27032420550073899 -0.22358759427443148 0.48935972303152087 0.46871938317154466 0.47080787284807724 0.24012855348678738 0.041512242365214558 -0.2551532326887051 0.26135243383191881 -0.19945105028649171 -0.068583458133370565 0.34559086724406196 0.068350394730057037
leaf_weight=178 37 148 573 168 600 170 39 38 329 649 129 31 40 85 242 90 149 221 600 143 77 44 109 271 282 82 90 22 22 69 22 37 25 52 37 59 71 166 329 34 21 93 89 42 79 28 161 25 54 49 20 45 26 22 39 90 75 42 144 136 21 140
leaf_count=178 37 148 573 168 600 170 39 38 329 649 129 31 40 85 242 90 149 221 600 143 77 44 109 271 282 82 90 22 22 69 22 37 25 52 37 59 71 166 329 34 21 93 89 42 79 28 161 25 54 49 20 45 26 22 39 90 75 42 144 136 21 140
internal_value=3.00132e-10 -0.045188 -0.0308612 -0.0435476 -0.0596894 -0.0381543 0.183323 0.218259 0.0713515 -0.0704155 -0.0497147 0.157657 0.339922 0.0290127 0.0490319 0.100818 0.0127457 0.00374287 -0.0209451 0.135702 0.188564 0.23279 0.0758112 -0.127096 -0.10555 0.162996 0.200796 0.311218 0.0949004 0.327701 0.378124 0.304935 0.366745 0.432165 0.314474 0.217492 -0.0577057 -0.167487 -0.142109 0.241901 0.356908 0.114835 0.0566304 0.234381 0.0987038 0.264757 0.244452 0.177149 0.21108 0.130163 -0.0333594 0.379405 0.279942 0.253121 0.123376 -0.108048 -0.0872113 -0.116393 -0.084073 -0.135887 0.138495 0.118637
internal_weight=8000 6418 5745 5431 4762 3609 1582 1194 669 2438 1865 797 397 1171 1001 467 377 534 1249 228 314 237 388 1153 882 340 258 357 389 335 211 189 152 114 89 408 313 673 507 124 55 352 182 377 349 296 268 170 145 91 42 89 209 183 81 616 487 397 322 280 240 219
internal_count=8000 6418 5745 5431 4762 3609 1582 1194 669 2438 1865 797 397 1171 1001 467 377 534 1249 228 314 237 388 1153 882 340 258 357 389 335 211 189 152 114 89 408 313 673 507 124 55 352 182 377 349 296 268 170 145 91 42 89 209 183 81 616 487 397 322 280 240 219
is_linear=0
shrinkage=0.05


Tree=53
num_leaves=63
num_cat=0
split_feature=0 2 2 2 1 1 7 7 7 7 7 7 7 7 1 1 1 7 1 1 1 1 7 2 1 7 7 7 7 7 7 7 4 7 7 7 7 7 7 6 7 7 7 7 0 7 3 7 7 5 2 8 5 8 7 7 7 7 7 7 7 5
split_gain=23924.1 4260.91 3627.31 3123.26 2145.11 3178.01 1412.77 1194.88 1104.34 4000.61 1808.11 1335.1 2166.38 1708.07 1081.26 1791.95 1080.38 1053.84 1009.44 1814.14 845.621 1340.33 683.912 552.846 542.496 537.667 869.577 533.737 1972.54 723.169 578.322 639.698 533.196 523.201 3505.26 1070.85 704.501 2029.29 1215.19 510.936 494.525 3491.18 806.56 488.987 476.545 471.947 727.06 465.717 548.638 464.402 556.605 597.626 464.322 426.499 422.095 414.734 479.887 1168.91 483.836 504.101 581.379 508.725
threshold=3.5000000000000004 1.0000000180025095e-35 2.5000000000000004 1.5000000000000002 2.5000000000000004 1.5000000000000002 14.500000000000002 12.500000000000002 9.5000000000000018 10.500000000000002 7.5000000000000009 1.5000000000000002 2.5000000000000004 5.5000000000000009 2.5000000000000004 1.0000000180025095e-35 1.0000000180025095e-35 17.500000000000004 2.5000000000000004 1.0000000180025095e-35 2.5000000000000004 1.5000000000000002 15.500000000000002 1.0000000180025095e-35 1.5000000000000002 1.5000000000000002 2.5000000000000004 9.5000000000000018 10.500000000000002 14.500000000000002 7.5000000000000009 5.5000000000000009 40.087910112306595 10.500000000000002 9.5000000000000018 7.5000000000000009 1.5000000000000002 2.5000000000000004 5.5000000000000009 6.5000000000000009 9.5000000000000018 10.500000000000002 7.5000000000000009 5.5000000000000009 2.5000000000000004 14.500000000000002 7455.9416666666648 1.5000000000000002 10.500000000000002 27.270864533128869 1.5000000000000002 0.65781911223710365 21.607016297594871 0.42404956966340773 14.500000000000002 17.500000000000004 12.500000000000002 9.5000000000000018 7.5000000000000009 5.5000000000000009 2.5000000000000004 15.077816850013146
decision_type=2 2 2 2 2 2 2 2 2 2 2 2 2 2 2 2 2 2 2 2 2 2 2 2 2 2 2 2 2 2 2 2 2 2 2 2 2 2 2 2 2 2 2 2 2 2 2 2 2 2 2 2 2 2 2 2 2 2 2 2 2 2
left_child=1 14 3 20 5 16 7 8 10 -10 11 -5 -13 -14 15 -1 23 32 19 -4 21 44 47 -2 -21 -17 -27 30 -29 -30 31 -28 33 34 35 36 -7 -38 -39 -18 42 -42 43 -23 -3 -35 -47 -6 49 50 -49 -52 55 -24 -43 56 57 58 59 60 -41 -62
right_child=4 2 18 6 22 17 -8 -9 9 -11 -12 12 13 -15 -16 25 39 -19 -20 24 -22 40 53 -25 -26 26 27 28 29 -31 -32 -33 -34 45 -36 -37 37 38 -40 52 41 54 -44 -45 -46 46 -48 48 -50 -51 51 -53 -54 -55 -56 -57 -58 -59 -60 -61 61 -63
leaf_value=-0.17786749145508715 -0.015439855259783725 -0.032735907902780879 -0.14185283517653821 -0.064810310528637505 -0.12259599235959542 0.16196371332105053 0.14203421631482163 -0.093376535349525516 0.49321532059581052 0.022891583004241399 -0.13261525263997162 0.33583644639857746 -0.033410043309175297 0.17835485149214925 -0.18836295901497127 -0.15719162329879344 0.011492093123735921 0.56629463037475947 -0.14745786349449538 -0.05167034110727358 -0.102967164474428 0.0034419927280396226 0.35682379192319413 0.12380266054328215 0.030835475329990671 0.18569404566010764 -0.12073062675434254 0.3612628341215014 -0.12780709757010311 0.01902713449340938 -0.21386764850084306 0.070097723148544053 0.057211039418523957 0.14271727057740741 0.95653978487984714 0.048462240760390823 0.80858508396148698 0.14290437975253623 0.51777758195593548 0.32787774640160638 0.70636866038495849 -0.05246400522521219 -0.19379683383518742 0.20130077885327544 -0.12064425203681804 0.19619204082444092 0.5703779867717198 9.4289207056667037e-05 -0.038823390390413506 0.33940717499703171 0.063457183326993669 0.35288517652980744 0.12210387514734811 0.11396435938465099 0.102554348235329 0.43615346420722623 0.12788432397340474 0.50210507805882532 0.0024077783338725569 0.40771635169659937 -0.090035091482102869 0.2482887803763151
leaf_weight=397 94 651 418 156 39 38 404 160 62 167 147 83 229 163 378 98 31 40 418 429 376 131 29 295 372 43 124 33 146 197 79 68 22 69 22 37 25 52 37 37 22 74 42 41 202 34 21 89 90 20 42 31 88 48 108 28 76 44 24 35 25 20
leaf_count=397 94 651 418 156 39 38 404 160 62 167 147 83 229 163 378 98 31 40 418 429 376 131 29 295 372 43 124 33 146 197 79 68 22 69 22 37 25 52 37 37 22 74 42 41 202 34 21 89 90 20 42 31 88 48 108 28 76 44 24 35 25 20
internal_value=2.00085e-10 -0.0429286 -0.0198129 0.0110118 0.174157 0.207346 0.0614477 0.0335497 0.0537167 0.150228 0.0253091 0.0620998 0.10378 0.0546453 -0.114731 -0.0912427 0.149774 0.322925 -0.0804079 -0.0574161 -0.0370968 -0.0176104 0.0720206 0.0901554 -0.013353 -0.0476006 -0.0320355 -0.0465059 -0.00795164 -0.0434737 -0.0999981 -0.0531456 0.295657 0.311316 0.359218 0.289689 0.348408 0.410556 0.298751 0.206617 0.0557378 0.111439 0.00263909 0.050606 -0.0535536 0.229806 0.339063 0.0389898 0.0621584 0.112094 0.0840311 0.186365 0.222662 0.205431 0.0395249 0.253282 0.233663 0.277118 0.206909 0.248859 0.181053 0.0603311
internal_weight=8000 6418 4855 3218 1582 1194 1571 1167 1007 229 778 631 475 392 1563 1185 797 397 1637 1219 1647 1271 388 389 801 788 690 647 376 343 271 192 357 335 211 189 152 114 89 408 418 204 214 172 853 124 55 311 272 182 162 73 377 77 182 289 261 185 141 117 82 45
internal_count=8000 6418 4855 3218 1582 1194 1571 1167 1007 229 778 631 475 392 1563 1185 797 397 1637 1219 1647 1271 388 389 801 788 690 647 376 343 271 192 357 335 211 189 152 114 89 408 418 204 214 172 853 124 55 311 272 182 162 73 377 77 182 289 261 185 141 117 82 45
is_linear=0
shrinkage=0.05


Tree=54
num_leaves=63
num_cat=0
split_feature=0 7 7 7 7 7 7 7 7 7 7 7 7 7 7 7 7 7 7 2 2 2 2 2 2 0 2 1 1 2 1 1 7 7 7 7 1 1 7 4 1 1 6 5 8 1 1 0 2 5 5 0 4 7 4 7 7 6 8 1 1 1
split_gain=21591.5 3874.96 5509.18 3559.64 15891.6 6225.73 4854.08 5851.87 2005.67 3289.33 2820.02 12886.4 3477.19 3037.89 1789.61 1428.67 1391.43 5078.78 1375.29 1065.05 990.215 938.341 1138.47 879.272 804.241 729.27 713.518 626.525 1044.58 581.547 543.431 551.736 605.281 825.837 527.708 1869.64 501.502 921.889 481.659 471.051 459.159 739.235 454.394 419.635 402.424 394.22 587.97 445.213 391.49 490.479 383.107 371.475 370.075 369.438 363.559 359.986 745.629 355.964 354.069 343.727 335.883 396.281
threshold=3.5000000000000004 1.5000000000000002 2.5000000000000004 9.5000000000000018 10.500000000000002 14.500000000000002 7.5000000000000009 5.5000000000000009 14.500000000000002 12.500000000000002 9.5000000000000018 10.500000000000002 7.5000000000000009 6.5000000000000009 13.500000000000002 11.500000000000002 1.5000000000000002 2.5000000000000004 5.5000000000000009 1.0000000180025095e-35 1.5000000000000002 2.5000000000000004 1.5000000000000002 1.0000000180025095e-35 1.0000000180025095e-35 2.5000000000000004 2.5000000000000004 2.5000000000000004 1.5000000000000002 1.0000000180025095e-35 2.5000000000000004 1.0000000180025095e-35 12.500000000000002 11.500000000000002 18.500000000000004 17.500000000000004 2.5000000000000004 1.0000000180025095e-35 6.5000000000000009 23.426461162021443 2.5000000000000004 1.5000000000000002 81.500000000000014 9.7081295696342114 0.58398135235541304 2.5000000000000004 1.5000000000000002 1.0000000180025095e-35 1.0000000180025095e-35 16.882424990118029 13.670280849394539 2.5000000000000004 22.070724727514946 8.5000000000000018 19.320773158745595 18.500000000000004 17.500000000000004 55.500000000000007 0.43171374718931871 2.5000000000000004 1.0000000180025095e-35 2.5000000000000004
decision_type=2 2 2 2 2 2 2 2 2 2 2 2 2 2 2 2 2 2 2 2 2 2 2 2 2 2 2 2 2 2 2 2 2 2 2 2 2 2 2 2 2 2 2 2 2 2 2 2 2 2 2 2 2 2 2 2 2 2 2 2 2 2
left_child=1 40 27 6 23 14 7 36 9 10 12 24 13 16 25 44 -2 20 -19 -7 58 22 55 -5 -12 30 -25 28 -3 -9 31 -6 33 -33 35 -10 37 -4 -31 -26 41 -1 54 -36 -13 46 47 -24 -30 -50 -11 -49 -37 -8 -17 56 -21 -52 -18 -28 -23 -62
right_child=8 2 3 4 5 19 53 29 34 50 11 15 -14 -15 -16 42 17 18 -20 21 -22 60 45 26 39 -27 59 -29 48 38 -32 32 -34 -35 43 52 -38 -39 -40 -41 -42 -43 -44 -45 -46 -47 -48 51 49 -51 57 -53 -54 -55 -56 -57 -58 -59 -60 -61 61 -63
leaf_value=-0.17545636359385761 -0.00099835648822287721 0.13500229164366484 -0.17883957248494223 0.18816362593185021 -0.1169301784002764 -0.050396902039647112 -0.16497217759804336 -0.0095309591372356277 0.22364251946220925 0.0082790632087450765 0.60601984045722279 0.01152491651405141 -0.092205891072845617 0.45517911195028121 -0.23023609912136744 -0.027084062173962593 0.20966154150664806 0.023970483519705172 0.25012431428965892 -0.0019834310807681716 0.71273368565659778 -0.087529679005887331 -0.04663546627594365 0.45108124069337335 0.78163476472809201 -0.16936874478023289 0.33481019357328906 0.052236920067822781 0.18853008162516816 0.053290526182480306 -0.14820828478991616 -0.05603808914705858 -0.091965450865911777 0.12948663169976141 -0.047289758353006278 0.68719782772518345 -0.1803930368417731 -0.058394505815222 0.15618159390737366 1.0863941871532006 -0.22647025136344406 -0.049286614323241849 0.41818895368348985 0.22339382777611416 -0.2152696518167373 0.051585602448100135 0.2581242461801968 0.19679518239572646 0.28182049496099354 0.56087853610515592 -0.065167396545410164 0.025335598013109785 0.44046284788034185 -0.2414718900169889 0.22588580883279141 -0.077084225024108166 0.16860308597466966 -0.26973975339048617 0.48948969795153696 0.12665888579296214 0.047551836111747167 -0.075474736607202927
leaf_weight=327 150 148 232 81 177 395 300 132 237 65 22 53 156 82 311 20 20 236 94 260 38 119 36 140 21 231 68 77 26 208 161 118 142 122 21 21 234 504 251 32 166 180 21 45 31 105 107 112 32 31 50 44 55 333 49 81 85 37 26 28 221 93
leaf_count=327 150 148 232 81 177 395 300 132 237 65 22 53 156 82 311 20 20 236 94 260 38 119 36 140 21 231 68 77 26 208 161 118 142 122 21 21 234 504 251 32 166 180 21 45 31 105 107 112 32 31 50 44 55 333 49 81 85 37 26 28 221 93
internal_value=-1.05688e-10 -0.0407821 -0.0274848 -0.0392579 -0.00593215 -0.0424344 -0.0884264 -0.041067 0.165449 0.133849 0.165291 0.312279 0.119655 0.170817 -0.126117 0.0761273 0.129473 0.176745 0.0883901 0.0212614 0.523855 0.0436724 0.0748006 0.330303 0.860152 -0.0920679 0.379089 0.176146 0.216403 0.0829576 -0.0672672 -0.043955 -0.0101419 0.0382703 0.265751 0.292843 -0.116633 -0.0963609 0.109556 0.96564 -0.154294 -0.130662 0.214541 0.137267 -0.0721731 0.134933 0.164201 0.111859 0.351767 0.419135 -0.0835566 0.148435 0.50864 -0.205216 0.152561 0.0177741 0.0400451 -0.152169 0.367825 0.274099 -0.0159959 0.011114
internal_weight=8000 6418 5745 5431 3237 2920 2194 1561 1582 1203 1051 249 802 646 1262 174 564 414 330 1658 84 1263 830 317 75 951 236 314 237 591 720 559 382 240 379 313 970 736 459 53 673 507 90 66 84 404 299 192 89 63 152 156 76 633 69 426 345 87 46 96 433 314
internal_count=8000 6418 5745 5431 3237 2920 2194 1561 1582 1203 1051 249 802 646 1262 174 564 414 330 1658 84 1263 830 317 75 951 236 314 237 591 720 559 382 240 379 313 970 736 459 53 673 507 90 66 84 404 299 192 89 63 152 156 76 633 69 426 345 87 46 96 433 314
is_linear=0
shrinkage=0.05


Tree=55
num_leaves=63
num_cat=0
split_feature=0 0 0 1 1 2 2 2 1 7 1 1 7 7 0 7 1 1 7 7 7 5 7 8 7 7 1 1 4 7 0 7 7 8 4 4 7 7 7 7 7 7 7 7 7 1 7 6 8 3 4 5 5 1 2 3 2 2 7 7 7 7
split_gain=19486.4 3752.2 4532.28 1973.98 3491.17 1944.55 1539.34 1754.29 1140.05 1084.78 911.68 1468.93 793.107 767.722 670.604 665.52 648.038 1075.85 590.966 583.334 829.256 771.972 760.942 617.364 709.497 590.132 522.847 690.583 749.441 521.783 521.486 473.967 538.253 467.48 456.617 477.526 437.624 771.737 552.943 576.347 433.215 1387.49 657.522 517.541 425.789 421.607 416.593 410.796 490.433 497.527 394.283 449.382 678.68 394.127 389.048 388.408 361.125 358.91 350.246 464.359 487.325 483.22
threshold=3.5000000000000004 2.5000000000000004 1.0000000180025095e-35 2.5000000000000004 1.5000000000000002 1.0000000180025095e-35 2.5000000000000004 1.5000000000000002 1.0000000180025095e-35 17.500000000000004 2.5000000000000004 1.5000000000000002 1.5000000000000002 2.5000000000000004 1.5000000000000002 17.500000000000004 2.5000000000000004 1.5000000000000002 1.5000000000000002 9.5000000000000018 11.500000000000002 14.979030719549236 7.5000000000000009 0.78698474576030064 14.500000000000002 6.5000000000000009 2.5000000000000004 1.5000000000000002 23.330905014419631 1.5000000000000002 1.5000000000000002 2.5000000000000004 16.500000000000004 0.74874040481082493 25.144070675018177 18.545623380065098 9.5000000000000018 10.500000000000002 7.5000000000000009 5.5000000000000009 9.5000000000000018 10.500000000000002 14.500000000000002 8.5000000000000018 16.500000000000004 1.0000000180025095e-35 16.500000000000004 7.5000000000000009 0.35596296072615075 3124.200000000003 14.372514333208237 15.077816850013146 10.910086275205577 1.0000000180025095e-35 1.0000000180025095e-35 4339.6666666666724 2.5000000000000004 1.0000000180025095e-35 14.500000000000002 7.5000000000000009 9.5000000000000018 1.5000000000000002
decision_type=2 2 2 2 2 2 2 2 2 2 2 2 2 2 2 2 2 2 2 2 2 2 2 2 2 2 2 2 2 2 2 2 2 2 2 2 2 2 2 2 2 2 2 2 2 2 2 2 2 2 2 2 2 2 2 2 2 2 2 2 2 2
left_child=1 2 12 4 8 18 7 19 44 26 11 29 -1 -14 -6 -16 17 -15 -2 22 21 -21 25 24 45 -7 27 33 -29 -3 -10 -20 -33 50 35 -26 38 -38 39 -32 43 -42 -43 -5 54 -22 -39 -8 55 -50 -9 52 -52 -31 -4 -49 -56 -12 59 61 -61 -51
right_child=5 10 3 40 14 6 47 9 30 -11 57 -13 13 16 15 -17 -18 -19 31 20 23 -23 -24 -25 34 -27 -28 28 -30 53 36 32 -34 -35 -36 -37 37 46 -40 -41 41 42 -44 -45 -46 -47 -48 48 49 58 51 -53 -54 -55 56 -57 -58 -59 -60 60 -62 -63
leaf_value=-0.18733698618324365 -0.1253422242903931 -0.23391090799723901 -0.12615445681925241 -0.06677294645701129 0.081853493460035301 0.10875561084034609 -0.096830531737456718 0.13264218585358725 0.00051818842568183184 0.60829080364533838 -0.26941123876052026 -0.0036437417263486937 0.06659419105094655 -0.099413407608896692 0.15184018268085578 0.36991148038456839 -0.14349912841807141 0.0089103026040222334 0.29901434074466432 0.217094245682592 -0.10415690527075815 0.64183714115060875 -0.10431067081722055 -0.065652911489208543 0.33075968635578956 0.37554812139521043 0.17273414669558407 0.62377338282989736 0.3129041433017305 -0.14581625394018022 0.021683978112486676 0.041154135733642835 0.19995451123382038 0.10342574847034283 0.39794266033172609 0.0042773442608969548 0.39789389887203774 0.04226653116134306 -0.1361621372219993 0.25584670820019467 0.25441842504105594 -0.12628737683939253 0.011737277429641748 -0.24333291063679663 0.036758637685766996 0.16622199754068712 0.20362659061948463 0.043890433192253116 0.31617534868419173 -0.10279326765310198 0.36972177166317127 0.4642024859151942 0.034355418587272819 -0.072016475263076862 -0.0069517920362231747 0.27348245896931206 -0.095184321382807358 -0.14885070681464985 0.16083314927262174 -0.24802084656862111 0.019788130182696848 0.17845129240636848
leaf_weight=170 37 93 168 355 407 152 24 27 422 28 78 382 92 683 340 39 331 345 24 23 21 20 37 24 24 24 80 33 47 354 129 298 65 36 50 21 24 120 41 33 43 149 205 47 136 46 60 25 20 21 48 47 22 370 326 70 180 296 57 26 49 56
leaf_count=170 37 93 168 355 407 152 24 27 422 28 78 382 92 683 340 39 331 345 24 23 21 20 37 24 24 24 80 33 47 354 129 298 65 36 50 21 24 120 41 33 43 149 205 47 136 46 60 25 20 21 48 47 22 370 326 70 180 296 57 26 49 56
internal_value=-9.88366e-11 -0.038743 -0.0169594 0.0173312 0.0397887 0.157176 0.19072 0.228505 -0.00175656 0.309148 -0.105839 -0.0845794 -0.0851599 -0.0731887 0.126421 0.17428 -0.0826516 -0.0630596 0.0655652 0.161364 0.216761 0.414649 0.101805 0.171013 0.206075 0.145136 0.284513 0.318906 0.441138 -0.122422 0.0394635 0.0838174 0.0695895 0.264581 0.293949 0.178401 0.0798441 0.131564 0.0278696 0.0693838 -0.0508282 -0.0137801 -0.0463578 -0.0874155 -0.0439435 0.0814764 0.0960532 0.10277 0.117555 0.0779331 0.30487 0.344615 0.264321 -0.108101 -0.0602276 0.213064 -0.0383389 -0.173994 0.0551348 0.015498 -0.0730523 0.101748
internal_weight=8000 6418 4845 3224 2425 1582 1158 810 1639 368 1573 1199 1621 1451 786 379 1359 1028 424 442 229 43 213 186 162 176 340 260 80 817 829 387 363 180 95 45 407 204 203 162 799 397 354 402 810 67 180 348 324 229 144 117 70 724 674 95 506 374 209 152 75 77
internal_count=8000 6418 4845 3224 2425 1582 1158 810 1639 368 1573 1199 1621 1451 786 379 1359 1028 424 442 229 43 213 186 162 176 340 260 80 817 829 387 363 180 95 45 407 204 203 162 799 397 354 402 810 67 180 348 324 229 144 117 70 724 674 95 506 374 209 152 75 77
is_linear=0
shrinkage=0.05


Tree=56
num_leaves=63
num_cat=0
split_feature=0 2 2 2 1 1 7 0 0 7 1 1 2 7 0 0 0 0 2 2 3 5 1 1 3 3 7 5 5 8 5 1 7 7 7 7 7 8 7 7 7 7 7 7 7 6 7 8 7 4 7 5 4 6 7 1 1 6 4 8 8 4
split_gain=17586.4 3572.19 3094.77 2715.88 1826.34 2757.92 1167.19 1137.73 1870.02 929.234 852.105 1398.29 839.172 746.582 685.903 821.198 675.488 861.635 660.689 666.664 570.631 601.912 555.011 835.714 540.655 520.198 514.1 514.001 524.927 511.84 890.795 470.078 442.421 2599.82 816.653 769.111 716.015 435.457 426.143 692.827 446.831 1618.79 632.652 454.56 552.616 397.463 392.054 700.463 438.073 386.674 943.367 385.752 378.55 376.925 372.193 368.732 500.373 366.39 445.13 423.105 552.335 372.446
threshold=3.5000000000000004 1.0000000180025095e-35 2.5000000000000004 1.5000000000000002 2.5000000000000004 1.0000000180025095e-35 17.500000000000004 2.5000000000000004 1.5000000000000002 17.500000000000004 2.5000000000000004 1.0000000180025095e-35 1.0000000180025095e-35 18.500000000000004 2.5000000000000004 1.5000000000000002 2.5000000000000004 1.0000000180025095e-35 2.5000000000000004 1.5000000000000002 7792.6499999999969 14.979030719549236 1.0000000180025095e-35 2.5000000000000004 9447.4500000000135 7518.9416666666575 1.5000000000000002 21.734978391458867 8.4595957327844946 0.43817431902028797 16.361471810312668 2.5000000000000004 9.5000000000000018 10.500000000000002 7.5000000000000009 5.5000000000000009 14.500000000000002 0.17234430247247598 1.5000000000000002 2.5000000000000004 9.5000000000000018 10.500000000000002 14.500000000000002 7.5000000000000009 5.5000000000000009 64.500000000000014 15.500000000000002 0.41666363840346393 10.500000000000002 28.393550200141025 5.5000000000000009 24.823624010180932 37.581092401925737 16.500000000000004 10.500000000000002 1.0000000180025095e-35 2.5000000000000004 69.500000000000014 26.771919464643986 0.50427546034012349 0.61171447410772839 27.584252552225678
decision_type=2 2 2 2 2 2 2 2 2 2 2 2 2 2 2 2 2 2 2 2 2 2 2 2 2 2 2 2 2 2 2 2 2 2 2 2 2 2 2 2 2 2 2 2 2 2 2 2 2 2 2 2 2 2 2 2 2 2 2 2 2 2
left_child=1 10 3 14 5 27 12 8 22 16 11 -1 53 25 15 32 17 -4 19 57 29 -22 -5 -24 31 -8 -6 28 -2 -21 -31 45 34 -34 35 -3 -35 -28 -13 -40 43 -42 -43 44 -41 -10 48 -48 51 54 -51 -39 -30 -7 -20 -19 -57 59 -59 -14 -61 -62
right_child=4 2 9 7 26 6 13 -9 24 -11 -12 38 18 -15 -16 -17 -18 55 49 20 21 -23 23 -25 -26 -27 37 -29 52 30 -32 -33 33 36 -36 -37 -38 46 39 40 41 42 -44 -45 -46 -47 47 -49 -50 50 -52 -53 -54 -55 -56 56 -58 58 -60 60 61 -63
leaf_value=-0.15821893979567725 0.12562521145351835 -0.080358908234947291 -0.12865975813326166 -0.031207051288594707 -0.11709465359648069 -0.017312790688715482 0.72779380882328215 -0.01456220989020479 0.17855340755380253 0.035901778117966889 -0.16791514772022509 -0.14071246338438015 0.17907209864320006 0.24733984248978752 -0.089958145133673395 0.046537086405539864 -0.14435640251767254 -0.093371743836846113 0.18413857976821335 0.29472731339186431 0.091790267186505459 0.40939045118597844 0.10687983895811147 -0.018562389184255155 -0.033277102636879892 0.37546142630279067 -0.12253883091303019 0.17614851886971614 -0.035707396445189714 0.69679776877164845 0.33180241035563607 0.093045408852848718 0.41435027549810272 -0.11857122964176692 -0.2063522587795007 0.10203279468256075 0.016275860115500359 0.074249567765380373 0.16505612148795018 -0.1124290021857427 0.32754346258712541 -0.11798899790323147 0.01934879855607367 -0.19210284464532817 0.064935637207920935 0.30539558205139089 0.4281225496733731 0.089564934141933922 -0.035036879711221033 0.050656811319864714 0.47262512174331484 0.28350689560174941 0.19433312735520303 0.15840621110652725 -0.012220857552317686 0.021005180974283982 -0.080535503774067096 0.22998019076279694 -0.03997790591361431 0.57319219470024108 0.37841786734502891 0.10192859360859508
leaf_weight=397 111 264 361 202 39 38 22 387 170 179 378 98 73 35 390 387 359 195 55 50 35 26 395 200 29 20 26 89 169 32 35 91 34 171 95 74 232 144 43 124 33 146 197 79 68 97 22 50 81 26 27 26 20 155 43 360 183 37 26 20 29 21
leaf_count=397 111 264 361 202 39 38 22 387 170 179 378 98 73 35 390 387 359 195 55 50 35 26 395 200 29 20 26 89 169 32 35 91 34 171 95 74 232 144 43 124 33 146 197 79 68 97 22 50 81 26 27 26 20 155 43 360 183 37 26 20 29 21
internal_value=5.84187e-11 -0.0368059 -0.0156407 0.0128315 0.149317 0.179942 0.232767 0.0598633 0.0841898 -0.0716111 -0.102549 -0.0816985 0.213186 0.417891 -0.03203 -0.014057 -0.0848105 -0.0653592 0.245429 0.280272 0.351145 0.227161 0.0404031 0.0647144 0.174366 0.560016 0.0550757 0.0706266 0.0393217 0.415786 0.506129 0.191186 -0.041011 -0.00551893 -0.0768309 -0.040427 -0.0409421 0.0743154 -0.043147 -0.0292899 -0.0422063 -0.00693018 -0.0391099 -0.0911502 -0.0496124 0.224635 0.0901612 0.193013 0.0606579 0.156822 0.265622 0.106254 -0.0113645 0.123809 0.0979809 -0.0343952 -0.0132157 0.219032 0.118569 0.263292 0.351121 0.262292
internal_weight=8000 6418 4855 3218 1582 1194 805 1571 1184 1637 1563 1185 728 77 1647 1257 1458 1099 535 384 178 61 797 595 387 42 388 389 300 117 67 358 870 437 433 338 403 349 788 690 647 376 343 271 192 267 323 72 251 151 53 170 189 193 98 738 543 206 63 143 70 50
internal_count=8000 6418 4855 3218 1582 1194 805 1571 1184 1637 1563 1185 728 77 1647 1257 1458 1099 535 384 178 61 797 595 387 42 388 389 300 117 67 358 870 437 433 338 403 349 788 690 647 376 343 271 192 267 323 72 251 151 53 170 189 193 98 738 543 206 63 143 70 50
is_linear=0
shrinkage=0.05


Tree=57
num_leaves=63
num_cat=0
split_feature=0 2 2 2 2 2 2 0 0 7 7 7 1 1 1 1 1 1 7 7 7 7 5 7 5 7 1 1 5 7 7 7 7 3 5 5 6 3 4 7 7 7 7 7 6 1 3 7 7 7 7 7 7 7 7 7 7 8 3 8 1 4
split_gain=15871.8 3223.91 2793.03 2451.08 1655.06 1315.02 1516.74 1026.8 1687.69 968.18 838.633 801.56 700.287 1059.39 664.522 1035.31 637.046 1233.37 625.276 512.455 504.832 762.944 686.358 684.633 569.526 541.597 500.897 754.232 497.802 496.325 2977.03 1078.57 976.612 487.941 480.166 473.657 511.996 501.851 597.59 427.776 453.207 742.826 627.941 1868.47 426.472 424.246 413.641 441.458 2751.52 455.988 403.265 1460.96 570.969 414.598 393.507 812.077 384.476 380.867 374.911 395.022 368.966 361.483
threshold=3.5000000000000004 1.0000000180025095e-35 2.5000000000000004 1.5000000000000002 1.0000000180025095e-35 2.5000000000000004 1.5000000000000002 2.5000000000000004 1.5000000000000002 17.500000000000004 17.500000000000004 1.5000000000000002 2.5000000000000004 1.0000000180025095e-35 2.5000000000000004 1.5000000000000002 1.0000000180025095e-35 2.5000000000000004 2.5000000000000004 1.5000000000000002 9.5000000000000018 11.500000000000002 14.979030719549236 7.5000000000000009 17.684962880776791 5.5000000000000009 1.0000000180025095e-35 2.5000000000000004 21.462268338982415 10.500000000000002 9.5000000000000018 8.5000000000000018 14.500000000000002 9447.4500000000135 6.7572685741530156 12.241351121045659 29.500000000000004 7274.4833333333272 24.197223922540477 2.5000000000000004 14.500000000000002 12.500000000000002 9.5000000000000018 10.500000000000002 58.500000000000007 2.5000000000000004 3178.2333333333368 9.5000000000000018 10.500000000000002 7.5000000000000009 9.5000000000000018 10.500000000000002 14.500000000000002 8.5000000000000018 7.5000000000000009 5.5000000000000009 5.5000000000000009 0.57464195024471898 2591.6916666666689 0.34749648769975111 1.5000000000000002 26.325567634300658
decision_type=2 2 2 2 2 2 2 2 2 2 2 2 2 2 2 2 2 2 2 2 2 2 2 2 2 2 2 2 2 2 2 2 2 2 2 2 2 2 2 2 2 2 2 2 2 2 2 2 2 2 2 2 2 2 2 2 2 2 2 2 2 2
left_child=1 11 3 14 19 6 20 8 26 29 16 -1 13 -13 15 -3 -4 60 -15 -2 23 22 -22 25 61 -6 -5 -28 -26 30 31 34 44 45 -8 -36 -37 38 -38 -21 41 42 54 -44 -31 -10 -17 49 -49 56 53 -52 -53 -20 55 -41 -48 -30 -7 -60 -18 -23
right_child=4 2 10 7 5 58 9 -9 33 -11 -12 12 -14 18 -16 46 17 -19 50 39 21 24 -24 -25 28 -27 27 -29 57 32 -32 -33 -34 -35 35 36 37 -39 -40 40 -42 -43 43 -45 -46 -47 47 48 -50 -51 51 52 -54 -55 -56 -57 -58 -59 59 -61 -62 -63
leaf_value=-0.19226035288893262 -0.12044014666934272 -0.044743961590172444 -0.13807790422231958 -0.029646700127787962 0.07881161857754565 0.29629760104275887 0.098284311007176134 -0.013834099282206157 0.21340291536141065 0.56531422372375217 0.034106688368961462 -0.13544744021961827 -0.14659863090408701 0.15680331480364468 -0.088820922836423566 -0.091889656072792911 -0.056894235760708782 -0.13467731641299982 -0.060481453534094211 0.2787731442600489 0.20035921348177871 0.15531450838090913 0.60085764288902288 -0.10562298241499309 -0.11613697899239404 0.27843614538078726 0.1015358484722674 -0.017634269526228308 0.24231117604566471 0.1747272273585681 0.8849020263552666 -0.061926165787037461 0.33531287433400464 -0.031613244809981053 0.4496701962351799 0.09612553333863616 0.42055743500590331 0.49673367194060625 0.038666867588957154 -0.055334818729805571 0.15018276507913719 -0.16143710212358697 0.56856456764719698 0.015618547260761263 -0.085486209183000039 0.088393139267074206 0.0067620524444068093 0.66260946818760469 0.054096889121006735 -0.14761369953896583 0.31116628791346695 -0.11208954795123371 0.018381358608532565 -0.23307020460687033 -0.12505376448943503 0.23272781050065536 0.18803860259552796 -0.031208782494068145 0.16423554573404164 0.043189947788828405 0.014914143668796273 0.34667157363600848
leaf_weight=195 37 853 362 202 130 21 28 387 267 28 179 342 336 43 376 45 380 378 230 24 23 62 20 37 28 46 395 200 35 31 20 25 52 29 50 32 20 29 21 63 102 44 22 50 32 91 117 21 161 35 33 146 197 41 42 40 39 20 95 232 338 41
leaf_count=195 37 853 362 202 130 21 28 387 267 28 179 342 336 43 376 45 380 378 230 24 23 62 20 37 28 46 395 200 35 31 20 25 52 29 50 32 20 29 21 63 102 44 22 50 32 91 117 21 161 35 33 146 197 41 42 40 39 20 95 232 338 41
internal_value=-9.04387e-11 -0.0349656 -0.0148586 0.0121899 0.141852 0.172797 0.207722 0.0568701 0.0799804 0.282706 -0.0680305 -0.0974219 -0.0839033 -0.0634908 -0.0304285 -0.0131542 -0.08057 -0.0615756 -0.0278254 0.0573344 0.145292 0.196827 0.386638 0.0898851 0.152946 0.130986 0.0383829 0.0614787 0.0554805 0.259433 0.302621 0.245813 0.174933 0.165647 0.288555 0.323605 0.261808 0.337549 0.224955 0.0743309 0.0608141 0.0258884 0.0638715 0.184574 0.0425553 0.181627 0.0513099 0.068586 0.12431 0.0154879 -0.0400959 -0.00658367 -0.0371544 -0.0865927 0.00393628 0.0565342 0.0520812 0.142849 0.0915077 0.0783561 -0.0230903 0.231486
internal_weight=8000 6418 4855 3218 1582 1158 810 1571 1184 368 1637 1563 1368 1032 1647 1271 1458 1096 690 424 442 229 43 213 186 176 797 595 83 340 225 205 115 387 180 152 102 70 41 387 363 261 217 72 63 358 418 373 182 191 647 376 343 271 145 103 156 55 348 327 718 103
internal_count=8000 6418 4855 3218 1582 1158 810 1571 1184 368 1637 1563 1368 1032 1647 1271 1458 1096 690 424 442 229 43 213 186 176 797 595 83 340 225 205 115 387 180 152 102 70 41 387 363 261 217 72 63 358 418 373 182 191 647 376 343 271 145 103 156 55 348 327 718 103
is_linear=0
shrinkage=0.05


Tree=58
num_leaves=63
num_cat=0
split_feature=0 7 7 7 7 0 0 1 1 7 7 7 7 7 7 7 1 7 2 7 2 2 4 7 0 0 1 1 7 1 7 7 7 7 7 7 1 1 1 2 7 7 4 4 6 8 1 1 6 4 3 8 8 4 8 5 7 3 0 7 8 7
split_gain=14324.3 3092.41 4786.33 2946.5 1997.76 1908.62 2412.93 1610.34 2598.96 1137.85 1135.6 8076.56 3746.79 1312.52 1186.65 1169.98 811.189 755.662 549.632 545.027 534.23 472.045 470.483 469.287 462.983 478.466 461.964 757.813 439.625 421.853 418.521 2516.91 803.343 495.945 1621.27 897.587 405.677 402.934 466.251 402.65 402.543 969.552 391.531 782.238 429.257 389.599 373.627 567.02 361.133 457.196 461.294 413.189 351.145 491.826 689.283 466.92 335.858 622.393 333.193 332.543 612.811 375.946
threshold=3.5000000000000004 1.5000000000000002 2.5000000000000004 17.500000000000004 18.500000000000004 2.5000000000000004 1.0000000180025095e-35 2.5000000000000004 1.5000000000000002 4.5000000000000009 10.500000000000002 9.5000000000000018 7.5000000000000009 14.500000000000002 12.500000000000002 5.5000000000000009 1.0000000180025095e-35 17.500000000000004 1.0000000180025095e-35 11.500000000000002 1.5000000000000002 1.0000000180025095e-35 40.087910112306595 1.5000000000000002 1.0000000180025095e-35 2.5000000000000004 2.5000000000000004 1.5000000000000002 1.5000000000000002 2.5000000000000004 10.500000000000002 9.5000000000000018 7.5000000000000009 1.5000000000000002 2.5000000000000004 5.5000000000000009 1.5000000000000002 2.5000000000000004 1.5000000000000002 2.5000000000000004 10.500000000000002 14.500000000000002 25.144070675018177 26.771919464643986 16.500000000000004 0.17234430247247598 2.5000000000000004 1.0000000180025095e-35 66.500000000000014 36.104441768219992 4087.9916666666709 0.59921435266171386 0.84867803720127599 29.59513223175156 0.46470200107447429 13.782333149782962 14.500000000000002 7455.9416666666648 1.5000000000000002 15.500000000000002 0.41666363840346393 10.500000000000002
decision_type=2 2 2 2 2 2 2 2 2 2 2 2 2 2 2 2 2 2 2 2 2 2 2 2 2 2 2 2 2 2 2 2 2 2 2 2 2 2 2 2 2 2 2 2 2 2 2 2 2 2 2 2 2 2 2 2 2 2 2 2 2 2
left_child=1 46 20 5 29 6 21 8 16 -8 11 12 15 14 19 -11 23 22 -13 -12 -3 -4 30 -2 -22 58 27 -7 -9 36 31 32 33 -10 -35 -36 -5 38 -20 -23 52 -42 44 -44 -18 -30 47 -1 49 50 -45 -52 53 54 55 -25 -32 -58 -26 61 -61 -47
right_child=7 2 3 4 -6 26 9 28 17 10 13 18 -14 -15 -16 -17 42 -19 37 -21 24 39 -24 40 25 -27 -28 -29 45 -31 56 -33 -34 34 35 -37 -38 -39 -40 -41 41 -43 43 48 -46 59 -48 -49 -50 -51 51 -53 -54 -55 -56 -57 57 -59 -60 60 -62 -63
leaf_value=-0.18519185377452316 -0.10959702072337874 0.10324575736003508 -0.14211189981885838 0.1364476599424268 -0.021889989510586197 -0.11634951547769985 -0.085489680151542333 -0.11294645632688816 0.13800752640113628 -0.02696756314882345 -0.062221113194484645 0.22988531519861324 -0.14653936052800476 0.041712709720306475 -0.13322857863031237 0.13561040747046813 -0.035134460125118498 0.47411952342838054 0.40604693453620988 0.0708152017458097 0.1062098659422933 -0.045902147644477934 0.020960693332281982 0.10214174687862397 0.2669924490726911 0.14268429458606988 -0.15921564612991257 -0.016972677113739312 -0.12214349817771178 0.052148876150661133 0.1132863532697809 0.80865085070783449 0.034645682976052569 0.70235385617613799 0.11270734230772808 0.43488900081531423 0.26799858483589362 0.28634407116156635 0.65460213258348665 -0.11724279847638362 -0.086974377866073316 0.14388888264598138 0.47782308633128806 -0.043205011458623981 0.14754586936196132 0.094112363648326966 -0.19972921437752178 -0.074410849275763816 0.072513273708774889 0.37273325137794022 0.13170638006271385 0.39648246292186823 -0.040141223132610322 0.28230015440085143 0.21922493211316821 -0.23166069909930231 0.14673393215326702 0.49293992519378665 0.48286371508782566 0.39367802061817869 0.077010624319314963 -0.036776508878410601
leaf_weight=178 37 157 287 168 329 600 331 39 38 174 156 46 311 492 328 304 40 40 54 152 49 622 22 22 39 36 271 282 26 82 69 22 37 25 52 37 90 33 29 290 93 89 24 21 164 170 166 329 59 36 41 23 25 54 49 20 34 21 33 22 50 81
leaf_count=178 37 157 287 168 329 600 331 39 38 174 156 46 311 492 328 304 40 40 54 152 49 622 22 22 39 36 271 282 26 82 69 22 37 25 52 37 90 33 29 290 93 89 24 21 164 170 166 329 59 36 41 23 25 54 49 20 34 21 33 22 50 81
internal_value=6.08028e-11 -0.0332173 -0.0213383 -0.0323119 0.0659454 -0.0461158 -0.0282239 0.134759 0.163516 0.000613093 0.0143216 0.0545673 -0.0114582 -0.019609 -0.0670465 0.0764293 0.111452 0.268036 0.376136 0.00343317 0.168464 -0.0861865 0.244946 0.0597918 0.233682 0.291517 -0.102119 -0.084576 0.0462655 0.150939 0.259655 0.302498 0.24358 0.29444 0.346584 0.246648 0.182338 0.434132 0.492892 -0.0685872 0.0775969 0.0259203 0.160707 0.209687 0.111726 0.0640571 -0.134622 -0.113304 0.173936 0.22339 0.160138 0.22686 0.132921 0.16276 0.0918234 -0.0568118 0.186754 0.278922 0.365933 0.0790454 0.17377 0.0518733
internal_weight=8000 6418 5745 5431 669 4762 3609 1582 1194 2410 2079 951 789 1128 636 478 797 397 162 308 314 1199 357 389 157 108 1153 882 388 340 335 211 189 152 114 89 258 116 83 912 352 182 408 204 204 349 673 507 180 121 85 64 170 145 91 42 124 55 72 323 72 251
internal_count=8000 6418 5745 5431 669 4762 3609 1582 1194 2410 2079 951 789 1128 636 478 797 397 162 308 314 1199 357 389 157 108 1153 882 388 340 335 211 189 152 114 89 258 116 83 912 352 182 408 204 204 349 673 507 180 121 85 64 170 145 91 42 124 55 72 323 72 251
is_linear=0
shrinkage=0.05


Tree=59
num_leaves=63
num_cat=0
split_feature=0 2 2 2 2 2 2 7 7 7 1 1 0 0 7 1 1 1 1 0 0 7 7 5 7 8 5 7 7 7 7 7 7 5 5 6 3 4 1 4 6 1 1 4 7 6 6 8 3 7 4 5 3 4 5 1 8 3 1 8 4 5
split_gain=12927.6 2821.52 2482.5 2196.31 1454.66 1155.8 1369.78 935.348 843.995 816.693 812.513 1272.43 741.871 751.208 689.416 575.255 904.902 569.385 1067.63 538.892 536.265 439.186 677.566 605.83 600.539 548.315 582.515 475.61 433.445 419.794 2577.96 951.777 842.033 423.141 417.474 453.732 448.878 534.858 402.555 399.23 377.55 363.297 682.774 377.742 406.536 344.943 477.288 520.412 340.61 329.127 326.778 529.775 324.962 324.786 324.37 322.452 301.55 371.995 323.698 365.344 405.011 440.333
threshold=3.5000000000000004 1.0000000180025095e-35 2.5000000000000004 1.5000000000000002 1.0000000180025095e-35 2.5000000000000004 1.5000000000000002 17.500000000000004 17.500000000000004 18.500000000000004 2.5000000000000004 1.0000000180025095e-35 2.5000000000000004 1.0000000180025095e-35 17.500000000000004 2.5000000000000004 1.0000000180025095e-35 1.0000000180025095e-35 2.5000000000000004 2.5000000000000004 1.5000000000000002 9.5000000000000018 11.500000000000002 14.979030719549236 7.5000000000000009 0.79344391854715612 19.083978966535724 6.5000000000000009 1.5000000000000002 10.500000000000002 9.5000000000000018 8.5000000000000018 14.500000000000002 6.7572685741530156 12.241351121045659 29.500000000000004 7274.4833333333272 24.197223922540477 1.5000000000000002 25.039074606694456 58.500000000000007 2.5000000000000004 1.5000000000000002 23.821238525577183 7.5000000000000009 7.5000000000000009 11.500000000000002 0.35896681153522331 4339.6666666666724 17.500000000000004 35.093102870081289 17.684962880776791 7665.7749999999905 31.110843338745202 22.481664035562115 1.5000000000000002 0.44100089924750124 8766.0083333333514 2.5000000000000004 0.52082400564548048 31.110843338745202 8.3457163739643132
decision_type=2 2 2 2 2 2 2 2 2 2 2 2 2 2 2 2 2 2 2 2 2 2 2 2 2 2 2 2 2 2 2 2 2 2 2 2 2 2 2 2 2 2 2 2 2 2 2 2 2 2 2 2 2 2 2 2 2 2 2 2 2 2
left_child=1 12 3 15 28 6 21 10 29 -9 11 -5 13 -1 17 16 -3 -4 55 20 -18 24 23 -23 27 26 39 -6 -2 30 31 33 40 -8 -35 -36 37 -37 -13 -24 -31 42 53 -44 -45 -7 -47 48 -48 -15 51 -22 -53 -30 -28 -19 -49 58 59 -58 61 -61
right_child=4 2 14 7 5 45 8 9 -10 -11 -12 38 -14 49 -16 -17 19 18 -20 -21 50 22 25 -25 -26 -27 54 -29 41 32 -32 -33 -34 34 35 36 -38 -39 -40 -41 -42 -43 43 44 -46 46 47 56 -50 -51 -52 52 -54 -55 -56 -57 57 -59 -60 60 -62 -63
leaf_value=-0.12526920508509962 -0.1147109007915935 -0.072653460219593319 -0.12861265856618298 -0.016246058137462827 0.084601021255366504 -0.10207979052017134 0.087696025281080184 0.27505725991199997 0.52489581677530495 0.0600848237214529 -0.024003740903908308 0.063326404829980629 -0.14982834540901271 -0.051644209986004767 0.029730799889930798 -0.081917165899451111 0.010556180602234512 -0.052082131387341135 -0.12430005902997293 -0.052713823300934798 0.15072572032849377 0.18237946953462519 0.14556127986311915 0.55865034878253939 -0.10434020467706628 -0.097229061986912391 -0.10936963614963352 0.3241113915263365 -0.00041897713535410516 0.1630333800589846 0.82087347269058231 -0.062925268679857246 0.31051213859867022 0.41756700565852223 0.08522739442996681 0.39106452826410537 0.46304827661028708 0.029773972139117269 0.13906730523842839 0.34638557346651755 -0.08180060279555619 -0.012949546922100794 0.34163780411084499 0.31367484450340277 0.036407915980387957 0.31921491081064401 0.019659798592329025 -0.11513693286427136 0.23592420048566898 0.060643494729366566 0.26454434548986366 -0.16024189359242363 0.073000659968238332 0.14860991621017458 0.12947270060804758 0.015047546887781316 0.30481906334559122 -0.11265816589196523 -0.033832331970334049 0.32240600799736768 -0.10700106422106426 0.054463182438326922
leaf_weight=405 37 410 362 337 152 24 28 85 28 92 355 344 389 697 179 376 461 380 378 207 104 23 50 20 37 22 21 24 136 31 20 25 52 50 32 20 29 21 358 49 32 109 33 20 39 22 25 29 67 72 29 28 32 50 44 338 24 27 40 23 21 46
leaf_count=405 37 410 362 337 152 24 28 85 28 92 355 344 389 697 179 376 461 380 378 207 104 23 50 20 37 22 21 24 136 31 20 25 52 50 32 20 29 21 358 49 32 109 33 20 39 22 25 29 67 72 29 28 32 50 44 338 24 27 40 23 21 46
internal_value=1.61439e-10 -0.0315564 -0.0127461 0.0127546 0.128021 0.157033 0.189775 0.0550489 0.261034 0.16332 0.0413014 0.0636145 -0.0899852 -0.0701565 -0.0628751 -0.0275881 -0.0115159 -0.0742444 -0.056287 0.0175972 0.0398515 0.130446 0.178514 0.357389 0.0787673 0.137161 0.168604 0.117262 0.0487858 0.239304 0.279024 0.226161 0.161592 0.266311 0.299214 0.241198 0.312499 0.206013 0.101952 0.244959 0.0386733 0.0644172 0.0947517 0.206168 0.130397 0.0808232 0.0943716 0.0779923 0.177157 -0.0411309 0.109826 0.0824678 -0.0358459 0.0396426 0.0523083 -0.0204807 0.0345488 0.0585316 0.0885454 0.131485 0.0852625 0.143777
internal_weight=8000 6418 4855 3218 1582 1158 810 1571 368 177 1394 1039 1563 1174 1637 1647 1271 1458 1096 861 654 442 229 43 213 186 164 176 424 340 225 205 115 180 152 102 70 41 702 99 63 387 278 92 59 348 324 302 92 769 193 164 60 186 65 718 210 181 154 114 90 69
internal_count=8000 6418 4855 3218 1582 1158 810 1571 368 177 1394 1039 1563 1174 1637 1647 1271 1458 1096 861 654 442 229 43 213 186 164 176 424 340 225 205 115 180 152 102 70 41 702 99 63 387 278 92 59 348 324 302 92 769 193 164 60 186 65 718 210 181 154 114 90 69
is_linear=0
shrinkage=0.05


Tree=60
num_leaves=63
num_cat=0
split_feature=0 7 7 7 7 7 7 7 7 1 1 2 1 1 1 7 7 7 7 0 1 1 0 0 5 5 4 8 5 2 7 7 7 5 0 7 7 7 5 4 2 7 6 6 5 1 1 6 7 6 1 1 3 6 8 8 4 7 0 7 7 3
split_gain=11667.2 2757.08 4327.87 2687.66 13058.5 4747.9 3850.02 4777.82 1550.43 1360.65 2282.83 730.189 723.078 693.97 1274.31 664.794 529.775 1069.46 510.41 499.048 492.628 677.535 489.379 843.279 437.143 437.192 426.71 405.425 430.182 475.835 393.46 656.22 612.976 428.376 385.801 390.992 365.953 493.806 363.196 382.444 339.466 333.387 331.753 405.247 435.813 320.256 613.727 319.827 319.692 378.705 318.968 498.66 316.076 374.155 319 468.78 313.815 313.343 300.781 299.679 338.167 328.749
threshold=3.5000000000000004 1.5000000000000002 2.5000000000000004 9.5000000000000018 10.500000000000002 14.500000000000002 7.5000000000000009 5.5000000000000009 13.500000000000002 2.5000000000000004 1.5000000000000002 1.0000000180025095e-35 1.0000000180025095e-35 1.0000000180025095e-35 2.5000000000000004 17.500000000000004 17.500000000000004 18.500000000000004 6.5000000000000009 2.5000000000000004 2.5000000000000004 1.5000000000000002 1.0000000180025095e-35 2.5000000000000004 21.734978391458867 8.4595957327844946 40.087910112306595 0.42906816225108496 10.157489918716776 1.5000000000000002 5.5000000000000009 7.5000000000000009 9.5000000000000018 4.8770390019608092 1.0000000180025095e-35 11.500000000000002 12.500000000000002 11.500000000000002 22.481664035562115 23.042446603614202 1.5000000000000002 17.500000000000004 16.500000000000004 66.500000000000014 2.2064265969115913 1.0000000180025095e-35 2.5000000000000004 78.500000000000014 12.500000000000002 57.500000000000007 2.5000000000000004 1.5000000000000002 8766.0083333333514 34.500000000000007 0.70074122418097462 0.44100089924750124 37.581092401925737 8.5000000000000018 1.5000000000000002 2.5000000000000004 9.5000000000000018 6997.974999999994
decision_type=2 2 2 2 2 2 2 2 2 2 2 2 2 2 2 2 2 2 2 2 2 2 2 2 2 2 2 2 2 2 2 2 2 2 2 2 2 2 2 2 2 2 2 2 2 2 2 2 2 2 2 2 2 2 2 2 2 2 2 2 2 2
left_child=1 50 22 6 11 8 7 45 19 10 12 -5 24 -7 16 26 -15 -18 -9 34 21 -13 -3 40 25 -2 27 48 29 -29 -11 -32 -33 -34 35 -6 37 -36 41 -40 -24 42 -14 44 -44 -4 -47 -45 -12 -50 51 -1 53 -46 55 -55 -27 -8 -42 -30 61 -61
right_child=9 2 3 4 5 13 57 18 -10 30 15 20 38 14 -16 -17 17 -19 -20 -21 -22 -23 23 -25 -26 56 -28 28 59 -31 31 32 33 -35 36 -37 -38 -39 39 -41 58 -43 43 47 52 46 -48 -49 49 -51 -52 -53 -54 54 -56 -57 -58 -59 -60 60 -62 -63
leaf_value=-0.14282085106790704 0.10037698686701824 0.064757335007838576 -0.14926365422534532 0.17502451079127232 -0.19148443864095352 -0.033064284065950182 -0.13886977918787549 0.031485474059448258 -0.20331896630488636 -0.035426109465731291 0.22204974310100081 0.32589463083964332 0.032681089389989988 0.043818794477775966 -0.031658857435190889 0.43930683852173386 0.21008482428151184 0.031181229833724369 0.12479350988292902 -0.13866032172736281 0.23428170574245169 0.54059533852118036 0.19715227608334643 0.061248407761255896 0.14779835188070709 -0.046805579017450999 0.011042140593582933 0.2866415123387081 0.39600716126353847 0.56696360061566042 0.24800020807112255 -0.13093427369414376 0.28586723086508842 0.050464371746441111 -0.058227106307943671 -0.058079625871400115 -0.086444191386837566 0.068403713263710655 -0.046165768057107925 0.16494244984010373 0.25370343642739152 0.33499986257936276 0.040200048792534152 -0.071811638118445195 0.16748932968411182 -0.050845834953222604 -0.14883151167733039 0.14674360957395818 0.20455904049532758 -0.099451003521680847 -0.1858841282506305 -0.039195498422616062 0.087100782422792344 0.29118994298790185 0.19520735263824462 0.59233210235834122 0.16264404043555261 -0.20932276812074402 0.45880634610851606 0.24168901865681014 0.28454179672731295 -0.010495936125516893
leaf_weight=327 111 92 232 81 86 422 300 269 311 119 100 115 47 497 404 40 176 159 322 231 67 54 78 72 89 169 22 41 23 24 45 43 22 159 156 152 174 152 45 41 39 28 26 22 36 504 234 70 21 20 166 180 21 28 20 24 20 333 33 24 54 28
leaf_count=327 111 92 232 81 86 422 300 269 311 119 100 115 47 497 404 40 176 159 322 231 67 54 78 72 89 169 22 41 23 24 45 43 22 159 156 152 174 152 45 41 39 28 26 22 36 504 234 70 21 20 166 180 21 28 20 24 20 333 33 24 54 28
internal_value=2.86389e-11 -0.0299786 -0.0187621 -0.029197 -0.00023929 -0.0333282 -0.0719209 -0.0297431 -0.106407 0.12162 0.148053 0.304555 0.099259 0.0222964 0.0411978 0.246011 0.0765753 0.125172 0.0823234 -0.0747147 0.349012 0.394497 0.161721 0.201905 0.0504849 0.0216153 0.224353 0.238362 0.285255 0.390145 0.0402759 0.0737649 0.0387622 0.0790769 -0.0541988 -0.106285 -0.02848 0.00426603 0.145762 0.0544788 0.269419 0.170142 0.154441 0.17761 0.226951 -0.0980227 -0.0819145 0.0944804 0.173842 0.0562615 -0.125727 -0.106031 0.26459 0.299102 0.364909 0.430179 -0.0246416 -0.175933 0.347709 0.232404 0.196905 0.105897
internal_weight=8000 6418 5745 5431 3237 2920 2194 1561 1262 1582 1194 317 797 1658 1236 397 832 335 591 951 236 169 314 222 389 300 357 335 194 65 388 269 224 181 720 238 482 308 408 86 150 322 294 247 155 970 738 92 141 41 673 507 129 108 72 52 189 633 72 129 106 52
internal_count=8000 6418 5745 5431 3237 2920 2194 1561 1262 1582 1194 317 797 1658 1236 397 832 335 591 951 236 169 314 222 389 300 357 335 194 65 388 269 224 181 720 238 482 308 408 86 150 322 294 247 155 970 738 92 141 41 673 507 129 108 72 52 189 633 72 129 106 52
is_linear=0
shrinkage=0.05


Tree=61
num_leaves=63
num_cat=0
split_feature=0 0 0 7 2 2 2 7 2 2 2 7 7 7 7 7 7 7 7 7 7 7 7 7 7 7 7 1 1 4 7 7 7 7 7 7 7 7 8 4 7 7 5 7 8 5 7 2 4 7 6 3 8 7 7 6 8 1 1 0 7 5
split_gain=10529.6 2613.11 3345.79 1305.21 1280 1129.69 1125.27 1103.84 1032.51 1207.67 959.267 742.331 669.236 561.844 569.023 522.54 640.135 1250.84 3077.19 930.281 521.203 596.183 2367.4 1000.82 761.556 761.413 461.13 451.841 612.933 443.23 392.668 380.406 2295.92 850.682 763.452 743.466 525.16 996.862 398.25 506.098 377.947 619.292 549.16 525.867 500.177 512.88 429.076 365.423 357.458 352.87 334.604 325.005 323.47 323.328 368.831 289.113 295.043 282.651 508.728 282.521 281.769 281.708
threshold=3.5000000000000004 2.5000000000000004 1.0000000180025095e-35 17.500000000000004 1.0000000180025095e-35 1.0000000180025095e-35 2.5000000000000004 18.500000000000004 2.5000000000000004 1.5000000000000002 1.5000000000000002 17.500000000000004 1.5000000000000002 1.5000000000000002 2.5000000000000004 5.5000000000000009 7.5000000000000009 9.5000000000000018 10.500000000000002 14.500000000000002 2.5000000000000004 9.5000000000000018 10.500000000000002 14.500000000000002 7.5000000000000009 6.5000000000000009 13.500000000000002 2.5000000000000004 1.0000000180025095e-35 27.213048204894772 1.5000000000000002 10.500000000000002 9.5000000000000018 7.5000000000000009 14.500000000000002 6.5000000000000009 2.5000000000000004 1.5000000000000002 0.68946476614055074 26.423008674166301 9.5000000000000018 11.500000000000002 14.979030719549236 7.5000000000000009 0.79344391854715612 19.083978966535724 5.5000000000000009 1.5000000000000002 25.039074606694456 11.500000000000002 58.500000000000007 2591.6916666666689 0.34749648769975111 2.5000000000000004 17.500000000000004 66.500000000000014 0.52082400564548048 2.5000000000000004 1.5000000000000002 1.5000000000000002 15.500000000000002 22.481664035562115
decision_type=2 2 2 2 2 2 2 2 2 2 2 2 2 2 2 2 2 2 2 2 2 2 2 2 2 2 2 2 2 2 2 2 2 2 2 2 2 2 2 2 2 2 2 2 2 2 2 2 2 2 2 2 2 2 2 2 2 2 2 2 2 2
left_child=1 2 13 5 30 57 10 29 9 40 -7 31 -3 -1 -15 -16 -17 -18 -19 26 -14 24 -23 -24 25 -22 49 28 -12 -5 -2 32 33 35 50 36 37 -11 39 -38 43 42 -42 46 45 48 -6 -31 -43 -20 -33 -10 -53 -32 -55 -54 -57 58 -4 -30 -50 -47
right_child=4 12 3 7 8 6 -8 -9 51 11 27 -13 20 14 15 16 17 18 19 -21 21 22 23 -25 -26 -27 -28 -29 59 47 53 34 -34 -35 -36 -37 38 -39 -40 -41 41 44 -44 -45 -46 61 -48 -49 60 -51 -52 52 55 54 -56 56 -58 -59 -60 -61 -62 -63
leaf_value=-0.15489771684741274 -0.11440371013170965 -0.17577280933194367 -0.063810591598046737 0.1373360602151264 0.059633903759889875 0.012098370927366065 -0.024345604344734893 0.018216535446742562 0.26139619827625299 0.14040480143448805 0.040765538294589163 0.48806992210447792 0.058185987345253432 0.061519468284171569 -0.13357925188288955 0.041407910351811628 -0.19786877287010995 0.26001191766393422 -0.18191021754038195 -0.023592857716346879 -0.11809540587117709 0.20698099471157111 -0.15114953923008095 -0.031754448494145181 -0.20960868498879279 0.061356927951176969 -0.23492601312358274 0.023864426744469841 0.11202450774627855 0.17622233941670387 0.23383004526452475 0.14628497198704751 0.76939245078712704 0.0012873716652393341 0.28805506058896962 0.50370520960826137 0.09115620533771375 0.5572164467894114 -0.026630269046182986 0.40813480183482176 0.16697001068488412 0.13067159850895405 0.52521049171686174 -0.10129390415307638 -0.10081624241376466 -0.10671478282837642 0.23731567020649497 0.41195791414805821 0.18787155889651994 -0.055175644923369162 -0.084203914692625406 0.13619122973398159 0.061106168560772424 0.026853133358182041 0.18960729856521658 0.084555536305362541 -0.14147468239423774 -0.10196131824552801 0.040799755545599121 0.20196292527733806 0.42892942605195228 0.1158673082055016
leaf_weight=170 37 178 346 110 130 748 738 163 21 32 177 28 72 92 242 156 155 76 86 404 279 79 300 423 167 75 88 175 183 31 24 31 20 40 52 26 34 26 27 20 23 50 20 37 22 21 46 35 22 152 32 95 168 324 39 22 42 176 175 167 27 44
leaf_count=170 37 178 346 110 130 748 738 163 21 32 177 28 72 92 242 156 155 76 86 404 279 79 300 423 167 75 88 175 183 31 24 31 20 40 52 26 34 26 27 20 23 50 20 37 22 21 46 35 22 152 32 95 168 324 39 22 42 176 175 167 27 44
internal_value=1.79273e-10 -0.0284797 -0.0103008 0.0191615 0.115539 0.00825612 0.0259153 0.11197 0.142754 0.1737 0.0514963 0.24061 -0.0844724 -0.0688983 -0.0588225 -0.0669693 -0.0525381 -0.0677885 -0.042773 -0.0742959 -0.0728227 -0.0799524 -0.0528996 -0.081296 -0.121596 -0.0800758 -0.13713 0.0934759 0.116592 0.198798 0.0412125 0.220231 0.258041 0.208153 0.146254 0.258302 0.2124 0.327251 0.13016 0.208556 0.117992 0.162583 0.333593 0.0700519 0.123049 0.153079 0.106073 0.301234 0.224726 -0.10097 0.0292113 0.070723 0.0584779 0.0560905 0.0443391 0.0266557 -0.0637768 -0.0471789 -0.0286728 0.154938 0.320699 0.0439562
internal_weight=8000 6418 4845 3224 1582 2885 2188 339 1158 810 1450 368 1573 1621 1451 1359 1117 961 806 730 1395 1323 802 723 521 354 326 702 527 176 424 340 225 205 115 165 139 58 81 54 442 229 43 213 186 164 176 66 99 238 63 348 327 387 363 232 64 697 521 350 49 65
internal_count=8000 6418 4845 3224 1582 2885 2188 339 1158 810 1450 368 1573 1621 1451 1359 1117 961 806 730 1395 1323 802 723 521 354 326 702 527 176 424 340 225 205 115 165 139 58 81 54 442 229 43 213 186 164 176 66 99 238 63 348 327 387 363 232 64 697 521 350 49 65
is_linear=0
shrinkage=0.05


Tree=62
num_leaves=63
num_cat=0
split_feature=0 2 2 2 1 1 7 7 7 7 1 1 7 7 7 7 7 0 0 7 0 0 1 1 3 8 4 6 7 8 7 8 5 2 7 3 1 1 1 7 7 7 7 2 7 6 0 8 8 7 5 0 1 0 0 0 7 7 3 3 8 8
split_gain=9503.01 2381.5 2150.18 1877 1198.03 2057.96 758.753 808.495 673.416 1174.92 638.887 1047.31 602.975 811.373 6175.79 1994.39 1662.88 589.229 788.623 585.894 559.34 747.242 483.615 782.181 442.52 412.335 393.23 378.16 375.524 372.621 385.52 362.859 387.844 411.425 333.656 325.306 317.674 311.569 398.654 304.141 2040.84 347.871 296.381 295.371 287.467 337.272 287.197 285.543 513.638 376.21 285.651 273.807 303.596 262.242 254.065 435.66 252.37 288.738 297.718 289.736 251.706 368.808
threshold=3.5000000000000004 1.0000000180025095e-35 2.5000000000000004 1.5000000000000002 2.5000000000000004 1.5000000000000002 14.500000000000002 13.500000000000002 1.5000000000000002 2.5000000000000004 2.5000000000000004 1.0000000180025095e-35 4.5000000000000009 10.500000000000002 9.5000000000000018 7.5000000000000009 14.500000000000002 2.5000000000000004 1.5000000000000002 17.500000000000004 2.5000000000000004 1.0000000180025095e-35 2.5000000000000004 1.5000000000000002 8815.3750000000346 0.36606472284635422 40.087910112306595 30.500000000000004 13.500000000000002 0.16394098306000052 1.5000000000000002 0.42906816225108496 10.157489918716776 1.5000000000000002 5.5000000000000009 3178.2333333333368 1.5000000000000002 1.0000000180025095e-35 2.5000000000000004 9.5000000000000018 10.500000000000002 7.5000000000000009 5.5000000000000009 1.0000000180025095e-35 12.500000000000002 57.500000000000007 1.5000000000000002 0.8228226387353299 0.58166151501822072 7.5000000000000009 25.747754652903897 2.5000000000000004 1.0000000180025095e-35 2.5000000000000004 1.0000000180025095e-35 2.5000000000000004 2.5000000000000004 9.5000000000000018 7255.3166666666611 6997.974999999994 0.49133924799606693 0.38395314025173866
decision_type=2 2 2 2 2 2 2 2 2 2 2 2 2 2 2 2 2 2 2 2 2 2 2 2 2 2 2 2 2 2 2 2 2 2 2 2 2 2 2 2 2 2 2 2 2 2 2 2 2 2 2 2 2 2 2 2 2 2 2 2 2 2
left_child=1 10 3 22 5 8 7 17 -2 -10 11 -1 25 14 15 34 28 18 -5 26 21 -4 23 51 27 -11 31 -20 60 -6 -31 44 33 -33 -14 -25 -13 -23 46 41 -41 42 -37 -32 -7 -46 -39 48 50 -50 -45 52 -3 -12 -8 -56 -34 59 -59 -58 61 -15
right_child=4 2 20 6 29 19 54 -9 9 12 53 36 13 16 -16 -17 -18 -19 24 -21 -22 37 -24 35 -26 -27 -28 -29 -30 30 43 32 56 -35 -36 39 -38 38 -40 40 -42 -43 -44 47 45 -47 -48 -49 49 -51 -52 -53 -54 -55 55 -57 57 58 -60 -61 -62 -63
leaf_value=-0.12890487761179253 -0.061050831288963131 -0.055542909916904241 -0.096383110339502781 0.033409334173207676 -0.17674907743930818 0.20536394828557969 0.03751978573671888 -0.11311539657075297 0.36239919204537463 0.16192306561395528 -0.11609986110714575 -0.06130587972386186 0.04907585172913969 -0.025018668110514508 0.77001686756675314 -0.13917720869208713 0.16085991654003029 -0.019145803827525336 0.07059116793736335 0.40903672546148306 -0.10723632331239633 -0.063161547786659666 -0.073150766144526452 -0.079560063452356389 -0.00057033037559853662 -0.097230525450272998 0.0024696322665973148 0.21941705894636085 -0.22063250094652176 -0.105955321812316 -0.009517341420054436 0.26840361689285536 0.36500489795985436 0.52906357583900288 0.23625512225509582 0.010851827504622758 0.0021892296883420695 -0.006984709848005039 -0.051594875721728863 0.57260330518086755 0.048535755549713698 -0.12377952718308993 0.1700113275876412 0.10844657318954616 0.18810381860960099 -0.098794248290359987 0.076931067947298301 0.26054700842208189 0.11024309090442129 -0.098425975531615598 0.31597602695226668 -0.08691281166877414 0.012782686373629122 -0.21901030580823622 0.17300023848419424 0.046335839454761968 0.22567921392619611 0.14587008897904996 0.38067435103434105 -0.011069830719913756 -0.090723029264937277 0.21952699834392186
leaf_weight=397 69 315 394 563 20 100 89 88 41 20 300 391 32 58 37 74 189 272 62 40 407 225 376 45 45 66 22 137 28 38 100 41 23 24 93 117 397 208 203 21 161 35 39 97 21 20 200 23 36 54 20 202 336 78 216 99 24 27 27 28 69 21
leaf_count=397 69 315 394 563 20 100 89 88 41 20 300 391 32 58 37 74 189 272 62 40 407 225 376 45 45 66 22 137 28 38 100 41 23 24 93 117 397 208 203 21 161 35 39 97 21 20 200 23 36 54 20 202 336 78 216 99 24 27 27 28 69 21
internal_value=-1.39287e-10 -0.0270557 -0.00977427 0.0139583 0.109762 0.134566 0.0530575 0.0326125 0.0882367 0.102386 -0.0807354 -0.0626808 0.0868687 0.104588 0.176838 0.0665479 0.0578737 0.0444976 0.0659487 0.227574 -0.0564275 -0.0396152 -0.0233367 -0.00860022 0.141029 -0.0369622 0.207242 0.173049 -0.0527194 0.0334334 0.0448563 0.220689 0.265053 0.364647 0.188337 0.0474319 -0.0293166 -0.0128609 0.00566225 0.0627527 0.109005 0.0186797 0.0506417 0.0622225 0.15965 0.0481535 0.0341505 0.0934138 0.0748434 -0.0149583 0.143922 -0.0360579 -0.0202781 -0.137335 0.112115 0.133191 0.214869 0.182293 0.263272 0.098199 -0.0209521 0.0399871
internal_weight=8000 6418 4855 3218 1582 1194 1571 1167 797 728 1563 1185 687 601 236 199 365 1079 807 397 1637 1230 1647 1271 244 86 357 199 176 388 368 335 194 65 125 418 788 836 611 373 182 191 156 330 141 41 408 230 207 90 117 853 651 378 404 315 129 106 54 52 148 79
internal_count=8000 6418 4855 3218 1582 1194 1571 1167 797 728 1563 1185 687 601 236 199 365 1079 807 397 1637 1230 1647 1271 244 86 357 199 176 388 368 335 194 65 125 418 788 836 611 373 182 191 156 330 141 41 408 230 207 90 117 853 651 378 404 315 129 106 54 52 148 79
is_linear=0
shrinkage=0.05


Tree=63
num_leaves=63
num_cat=0
split_feature=0 7 7 7 7 7 7 7 7 2 2 2 7 1 1 2 1 7 0 0 1 1 1 1 7 7 7 7 7 7 7 7 8 7 5 7 7 7 7 7 7 5 5 6 3 4 4 6 6 1 1 5 7 5 7 7 7 7 7 7 7 1
split_gain=8576.46 2309.79 3771.38 2248.44 11217.7 3937.67 3254.98 4109.12 1311.18 1119.07 919.956 1067.79 653.826 592.451 1062.87 592.416 469.227 442.874 440.941 748.535 419.528 542.913 368.33 513.288 434.257 823.637 355.308 346.796 340.866 334.392 453.571 373.192 561.606 469.622 454.517 394.143 468.684 328.734 1918.5 740.07 675.158 343.131 339.198 370.93 387.533 462.522 326.451 301.327 298.664 297.157 391.695 371.267 285.787 284.528 276.981 609.615 682.619 420.624 361.094 454.134 277.108 269.283
threshold=3.5000000000000004 1.5000000000000002 2.5000000000000004 9.5000000000000018 10.500000000000002 14.500000000000002 7.5000000000000009 5.5000000000000009 13.500000000000002 1.0000000180025095e-35 2.5000000000000004 1.5000000000000002 17.500000000000004 1.0000000180025095e-35 2.5000000000000004 1.0000000180025095e-35 1.5000000000000002 6.5000000000000009 1.0000000180025095e-35 2.5000000000000004 2.5000000000000004 1.5000000000000002 2.5000000000000004 1.0000000180025095e-35 12.500000000000002 11.500000000000002 17.500000000000004 18.500000000000004 1.5000000000000002 1.5000000000000002 2.5000000000000004 9.5000000000000018 0.78698474576030064 11.500000000000002 19.083978966535724 7.5000000000000009 5.5000000000000009 10.500000000000002 9.5000000000000018 8.5000000000000018 14.500000000000002 6.7572685741530156 12.241351121045659 29.500000000000004 7274.4833333333272 24.197223922540477 25.039074606694456 58.500000000000007 91.500000000000014 2.5000000000000004 1.5000000000000002 16.478370817626885 8.5000000000000018 8.5608429970556674 9.5000000000000018 7.5000000000000009 5.5000000000000009 2.5000000000000004 11.500000000000002 14.500000000000002 1.0000000180025095e-35 2.5000000000000004
decision_type=2 2 2 2 2 2 2 2 2 2 2 2 2 2 2 2 2 2 2 2 2 2 2 2 2 2 2 2 2 2 2 2 2 2 2 2 2 2 2 2 2 2 2 2 2 2 2 2 2 2 2 2 2 2 2 2 2 2 2 2 2 2
left_child=1 61 18 6 15 8 7 -4 22 28 11 29 37 -7 16 -5 -15 -9 -3 49 21 -17 23 -6 25 -25 -18 -28 -2 -11 -31 35 33 -33 46 36 -32 38 39 41 47 -13 -43 -44 45 -45 -35 -39 54 50 -20 -52 -8 -30 55 56 57 60 -56 -60 -12 -1
right_child=9 2 3 4 5 13 52 17 -10 10 48 12 -14 14 -16 20 26 -19 19 -21 -22 -23 -24 24 -26 -27 27 -29 53 30 31 32 -34 34 -36 -37 -38 40 -40 -41 -42 42 43 44 -46 -47 -48 -49 -50 -51 51 -53 -54 -55 58 -57 -58 -59 59 -61 -62 -63
leaf_value=-0.095243706606986112 -0.1102116364885021 0.061003865318525641 -0.088794435478556977 0.16713207399035679 -0.10962361824291295 -0.0298543021791715 -0.12449589347591004 0.03110032525903729 -0.18503280965569413 -0.027663079190200997 -0.033600708777489871 0.066826420303966322 0.45408678138628605 0.034148223062065684 -0.027776917365222878 0.30441316283267478 0.071515549362994354 0.11801632272415095 0.21196562602782432 0.058667762422636674 0.21797176147463607 0.49660400097016932 -0.1234878944144161 -0.064899558610982774 -0.083871871343246487 0.096310535763414251 0.23223394802874991 0.085010457307928139 0.11754648384172739 0.34133885275911202 0.0075564559058737798 0.33899460902085177 -0.053795632099111881 0.11983237252710388 0.037928866501897578 -0.095279574394226074 0.21546304113353076 0.13498473869216057 0.7053053742274642 -0.062648937672376642 0.26730132386661493 0.36398203934729101 0.063982367655262357 0.34261404275894169 0.40935706566248475 0.0066417458511534196 0.30238420261691012 -0.083742870786227289 0.22473854527522166 0.11965631535276772 0.27358940775905338 0.54470547071617581 -0.19177962826332778 0.021964908129198473 0.2346344470563862 -0.18571329901323599 0.24068796541009632 -0.12356257860330827 -0.078944205616911262 0.1232372891475878 0.21183958876392117 -0.16861463233334834
leaf_weight=507 37 92 970 81 240 422 300 269 311 42 23 28 28 423 404 115 247 322 67 72 67 54 220 161 174 156 90 72 108 22 66 37 30 50 64 37 46 31 20 25 52 50 32 20 29 21 48 32 26 32 28 23 333 279 36 34 35 47 42 82 23 166
leaf_count=507 37 92 970 81 240 422 300 269 311 42 23 28 28 423 404 115 247 322 67 72 67 54 220 161 174 156 90 72 108 22 66 37 30 50 64 37 46 31 20 25 52 50 32 20 29 21 48 32 26 32 28 23 333 279 36 34 35 47 42 82 23 166
internal_value=8.58096e-11 -0.0257029 -0.0154365 -0.0251774 0.00130865 -0.0293595 -0.0642547 -0.025473 -0.0959115 0.104274 0.12972 0.158931 0.221847 0.021297 0.0387613 0.283804 0.0710707 0.0784556 0.153044 0.191187 0.323848 0.365823 -0.0667667 -0.049696 -0.0204034 0.0144341 0.109257 0.166801 0.0347769 0.106549 0.120641 0.107797 0.147871 0.178273 0.141565 0.0462059 0.0929467 0.202721 0.23787 0.192266 0.133952 0.227671 0.2573 0.205005 0.269473 0.170531 0.209246 0.023885 0.0617291 0.254796 0.291444 0.395857 -0.159892 0.0486388 0.0485668 0.00248074 0.0524698 -0.018365 0.095229 0.0547565 0.0891194 -0.113341
internal_weight=8000 6418 5745 5431 3237 2920 2194 1561 1262 1582 1158 810 368 1658 1236 317 832 591 314 222 236 169 951 731 491 317 409 162 424 442 400 378 229 199 162 149 112 340 225 205 115 180 152 102 70 41 98 63 348 150 118 51 633 387 322 162 128 93 160 124 46 673
internal_count=8000 6418 5745 5431 3237 2920 2194 1561 1262 1582 1158 810 368 1658 1236 317 832 591 314 222 236 169 951 731 491 317 409 162 424 442 400 378 229 199 162 149 112 340 225 205 115 180 152 102 70 41 98 63 348 150 118 51 633 387 322 162 128 93 160 124 46 673
is_linear=0
shrinkage=0.05


Tree=64
num_leaves=63
num_cat=0
split_feature=0 0 0 1 1 0 7 1 1 1 7 2 2 7 2 1 1 7 7 7 5 4 7 7 7 7 7 3 5 4 7 5 4 7 7 7 7 7 7 2 8 7 8 6 6 7 7 5 4 4 6 6 4 3 8 8 1 7 3 3 4 6
split_gain=7740.26 2166.3 2890.66 1057.74 1853.81 956.853 789.911 629.895 578.78 949.721 561.6 560.14 570.259 513.492 496.467 496.198 877.721 432.78 1328.79 492.32 422.463 608.908 420.755 982.393 2580.74 753.91 545.072 398.327 377.474 366.184 364.406 465.044 350.315 342.391 1900.83 587.594 379.082 1284.37 685.811 337.786 331.866 349.745 503.544 316.643 420.948 328.973 683.37 300.028 298.086 655.327 331.227 305.092 362.209 350.413 355.079 297.063 279.753 274.668 513.039 306.247 274.019 270.92
threshold=3.5000000000000004 2.5000000000000004 1.5000000000000002 2.5000000000000004 1.5000000000000002 1.0000000180025095e-35 17.500000000000004 1.0000000180025095e-35 2.5000000000000004 1.0000000180025095e-35 18.500000000000004 1.0000000180025095e-35 2.5000000000000004 17.500000000000004 1.5000000000000002 2.5000000000000004 1.0000000180025095e-35 1.5000000000000002 2.5000000000000004 5.5000000000000009 15.8059458045251 21.885025489573305 7.5000000000000009 9.5000000000000018 10.500000000000002 14.500000000000002 12.500000000000002 3841.6666666666711 21.734978391458867 34.239697543477746 1.5000000000000002 8.4595957327844946 40.087910112306595 10.500000000000002 9.5000000000000018 7.5000000000000009 1.5000000000000002 2.5000000000000004 5.5000000000000009 1.5000000000000002 0.16394098306000052 15.500000000000002 0.42404956966340773 50.500000000000007 65.500000000000014 10.500000000000002 6.5000000000000009 6.7572685741530156 25.144070675018177 26.771919464643986 16.500000000000004 66.500000000000014 36.104441768219992 4087.9916666666709 0.59921435266171386 0.34749648769975111 1.5000000000000002 14.500000000000002 7455.9416666666648 7775.8999999999969 37.388676400934749 82.500000000000014
decision_type=2 2 2 2 2 2 2 2 2 2 2 2 2 2 2 2 2 2 2 2 2 2 2 2 2 2 2 2 2 2 2 2 2 2 2 2 2 2 2 2 2 2 2 2 2 2 2 2 2 2 2 2 2 2 2 2 2 2 2 2 2 2
left_child=1 2 5 4 7 15 11 28 9 -3 -8 -4 14 32 -13 16 -1 -7 -19 -20 21 -16 -21 -24 -25 26 -26 -23 30 -22 -2 47 33 34 35 36 -6 -38 -39 -11 -5 43 -43 45 -45 46 -42 -32 50 -50 -9 52 53 -51 55 -55 -18 59 -59 -35 -33 -53
right_child=3 8 6 40 13 17 10 48 -10 39 -12 12 -14 -15 20 -17 56 18 19 22 29 27 23 24 25 -27 -28 -29 -30 -31 31 60 -34 57 -36 -37 37 38 -40 -41 41 42 -44 44 -46 -47 -48 -49 49 51 -52 61 -54 54 -56 -57 -58 58 -60 -61 -62 -63
leaf_value=-0.10750744996686715 -0.16918187209715446 -0.12135313813271933 -0.018244391944332247 -0.17101567059755327 0.098579786874746028 -0.087102158486437153 0.23769868447191339 -0.049945276159705829 -0.12970378553186032 -0.058959737921986971 0.052150219384776923 0.04033568944699692 0.0030583305631356941 0.38052200905978684 0.19358633931225808 -0.11049696752381916 -0.046732768997098183 0.19609401000368343 -0.074596736190840604 0.077769364513202308 0.14080885870877755 0.17560160435163058 -0.12205284246484992 0.29865879920414756 -0.0040977496118132584 0.027741729367457564 -0.13418296151849277 -0.047146569207226013 0.1233006966415416 0.31933632709850102 0.063364345124354224 -0.048460720837503288 -0.0016690693118355492 0.16706360515795257 0.68291545194489034 0.01315886587709994 0.59758995270729065 0.074906648448310229 0.35652736892571324 0.0060689804014754569 0.011869757644393866 0.32395126035747435 0.04345381393795833 -0.18693237143258257 0.010266134980211564 -0.056127240399761906 0.26838622628932907 0.27273322519930926 0.40995853294928869 -0.056258200925020943 0.11052558680587427 -0.1110258299857378 0.31019553747028117 0.22882303744554522 0.33636492257532868 -0.040430448541329024 0.01137700195873485 0.10169618562521304 0.41602001491756674 -0.044703331349357486 0.14826428327709437 0.11531838031533437
leaf_weight=395 27 400 358 20 38 156 88 40 374 406 76 362 359 40 67 397 404 82 250 161 109 26 162 72 153 446 170 88 89 39 77 154 22 38 22 37 25 52 37 393 68 24 48 36 109 41 42 22 24 21 164 20 36 20 23 21 425 34 21 31 20 39
leaf_count=395 27 400 358 20 38 156 88 40 374 406 76 362 359 40 67 397 404 82 250 161 109 26 162 72 153 446 170 88 89 39 77 154 22 38 22 37 25 52 37 393 68 24 48 36 109 41 42 22 24 21 164 20 36 20 23 21 425 34 21 31 20 39
internal_value=8.46951e-11 -0.0244178 -0.0078659 0.0990602 0.122366 -0.0346314 0.0478614 0.0783953 -0.0753992 -0.0584602 0.151713 0.0357651 0.0541798 0.210641 0.0807393 -0.0619232 -0.0461685 -0.00785165 0.000412445 -0.0109354 0.125195 0.0739615 0.00273754 -0.00930646 0.0124116 -0.0143891 -0.0725637 0.00365565 0.0328724 0.187853 0.00604537 0.0233755 0.191606 0.204299 0.24305 0.191848 0.235345 0.280933 0.191985 -0.0269744 0.0273399 0.0381201 0.136953 0.0140797 -0.0386935 0.0647559 0.109812 0.109891 0.121798 0.164536 0.0790607 0.131813 0.177268 0.120969 0.179122 0.0909127 -0.0169419 0.138361 0.221711 0.0719219 -0.0258487 0.0385915
internal_weight=8000 6418 4845 1582 1194 3273 1572 797 1573 1199 164 1408 1050 397 691 1621 1224 1652 1496 1414 329 181 1164 1003 841 769 323 114 389 148 300 273 357 335 211 189 152 114 89 799 388 368 72 296 145 151 110 99 408 204 204 180 121 85 64 41 829 124 55 69 174 59
internal_count=8000 6418 4845 1582 1194 3273 1572 797 1573 1199 164 1408 1050 397 691 1621 1224 1652 1496 1414 329 181 1164 1003 841 769 323 114 389 148 300 273 357 335 211 189 152 114 89 799 388 368 72 296 145 151 110 99 408 204 204 180 121 85 64 41 829 124 55 69 174 59
is_linear=0
shrinkage=0.05


Tree=65
num_leaves=63
num_cat=0
split_feature=0 2 2 2 2 2 2 7 7 1 1 7 0 0 7 1 1 7 7 7 7 7 7 7 7 1 7 5 5 8 3 3 4 8 8 6 1 1 3 5 5 7 7 7 8 7 7 3 5 7 7 7 7 7 1 4 3 3 5 3 4 8
split_gain=6985.58 2051.2 1902.22 1626.66 979.068 808.123 962.865 641.283 617.779 586.647 960.271 572.79 530.552 589.919 469.193 427.143 772.55 418.534 644.965 436.881 3859.24 986.491 962.778 879.447 424.582 315.814 311.446 309.952 688.495 548.429 475.964 414.285 400.962 334.757 646.619 431.678 290.307 430.353 282.963 300.121 372.111 282.384 394.069 316.896 510.628 417.212 400.373 421.556 478.558 370.324 347.111 404.213 282.289 437.372 267.445 259.529 247.321 339.328 408.016 429.929 253 242.139
threshold=3.5000000000000004 1.0000000180025095e-35 2.5000000000000004 1.5000000000000002 1.0000000180025095e-35 2.5000000000000004 1.5000000000000002 17.500000000000004 18.500000000000004 2.5000000000000004 1.0000000180025095e-35 17.500000000000004 2.5000000000000004 1.0000000180025095e-35 17.500000000000004 1.0000000180025095e-35 2.5000000000000004 1.5000000000000002 2.5000000000000004 9.5000000000000018 10.500000000000002 7.5000000000000009 14.500000000000002 5.5000000000000009 13.500000000000002 1.5000000000000002 16.500000000000004 17.927518552555288 12.241351121045659 0.59921435266171386 7553.2999999999984 3987.4166666666711 23.239453947011814 0.50857016199230187 0.74874040481082493 64.500000000000014 1.0000000180025095e-35 2.5000000000000004 2591.6916666666689 14.318913464289169 15.8059458045251 1.5000000000000002 2.5000000000000004 9.5000000000000018 0.78698474576030064 11.500000000000002 14.500000000000002 5017.4333333333389 18.599700482636482 12.500000000000002 7.5000000000000009 5.5000000000000009 18.500000000000004 17.500000000000004 1.5000000000000002 25.758673853556193 8766.0083333333514 6733.3999999999969 4.676180657803501 8118.8749999999964 29.303690975178295 0.47494982857576706
decision_type=2 2 2 2 2 2 2 2 2 2 2 2 2 2 2 2 2 2 2 2 2 2 2 2 2 2 2 2 2 2 2 2 2 2 2 2 2 2 2 2 2 2 2 2 2 2 2 2 2 2 2 2 2 2 2 2 2 2 2 2 2 2
left_child=1 12 3 17 26 6 41 9 -9 10 -5 27 13 -1 15 -4 54 -3 -19 21 -21 23 24 -20 -22 -12 36 28 31 -29 55 -8 -31 35 -35 -33 -2 -38 -7 56 -41 -6 -43 50 45 -45 49 -48 -49 -47 51 -44 53 -24 -17 -30 57 60 -59 -60 -40 -53
right_child=4 2 14 7 5 38 11 8 -10 -11 25 -13 -14 -15 -16 16 -18 18 19 20 22 -23 52 -25 -26 -27 -28 29 30 32 -32 33 -34 34 -36 -37 37 -39 39 40 -42 42 43 44 -46 46 47 48 -50 -51 -52 61 -54 -55 -56 -57 -58 58 59 -61 -62 -63
leaf_value=-0.10508586153480007 -0.076626008987426761 -0.098602651927228044 -0.10750866177093395 -0.010237675555359893 -0.027789745994267014 0.23209765397367024 0.37729063984006644 0.23839420290116001 0.051425091331095796 -0.015311623524979388 0.058231531371779437 0.42240339081202238 -0.12362263625760619 -0.030525236463196027 0.025357158448776052 -0.043186562924483474 -0.10272066357062647 0.12941379072189985 -0.066470265456661584 0.3386782818449996 -0.061402425784661596 -0.1531165059883321 0.0075540833314880736 0.088311354350619792 -0.19159485317607661 0.12531777298072738 0.12981173705596191 0.3807003750484817 0.044605531046787904 0.29869477413594725 0.17557115086487363 0.19799433072261952 0.044843723539795197 0.39893709245850062 0.063963294595479975 -0.086251034926284442 0.080758908090906023 -0.04699925516660397 0.10997828592203165 -0.20132879302615214 0.023969077599597061 0.31420732255686418 0.0043301648742547546 0.31392766922913695 -0.058845977907379471 0.16880199868103554 0.0074983431917169819 0.36546996228578615 0.10513604321787436 -0.06844882439625892 -0.093009215190603928 0.077591565115885303 -0.063978539260081305 0.13820389762520791 0.017949807734956094 -0.19314689324660736 -0.04120225320602286 0.03342250728836426 0.41618038617217779 0.11200701154413678 -0.10308227694847368 0.30724026821553707
leaf_weight=405 75 152 362 337 42 21 32 85 92 355 344 28 389 769 179 380 378 77 250 78 265 172 260 145 82 358 65 49 24 28 35 34 35 34 25 22 180 104 38 21 144 22 66 37 30 29 23 41 31 38 37 22 81 85 338 22 29 26 26 21 22 24
leaf_count=405 75 152 362 337 42 21 32 85 92 355 344 28 389 769 179 380 378 77 250 78 265 172 260 145 82 358 65 49 24 28 35 34 35 34 25 22 180 104 38 21 144 22 66 37 30 29 23 41 31 38 37 22 81 85 338 22 29 26 26 21 22 24
internal_value=1.22475e-10 -0.0231969 -0.00715855 0.0151637 0.0941072 0.117909 0.145287 0.0515623 0.141213 0.0401791 0.0591389 0.205031 -0.0730153 -0.0562467 -0.0510394 -0.0604187 -0.0448652 -0.0195553 -0.0115184 -0.0191713 0.00348251 -0.0531719 -0.0303406 -0.0096517 -0.0921684 0.0924436 0.0291026 0.18713 0.15367 0.255244 0.0366209 0.218167 0.157666 0.173889 0.256999 0.0863265 0.0108683 0.0339742 0.054184 0.0427583 -0.0047052 0.0955446 0.108495 0.096522 0.13345 0.16244 0.12784 0.193852 0.253382 0.0342418 0.0397666 0.0836301 0.0200214 0.0397432 -0.0144065 -0.0691022 0.0911008 0.119949 0.192354 0.280273 0.0318561 0.197408
internal_weight=8000 6418 4855 3218 1582 1158 810 1571 177 1394 1039 368 1563 1174 1637 1458 1096 1647 1495 1418 851 567 773 395 347 702 424 340 228 112 81 147 63 115 59 56 359 284 348 327 165 442 400 378 229 199 162 95 72 67 149 112 426 345 718 46 162 133 73 47 60 46
internal_count=8000 6418 4855 3218 1582 1158 810 1571 177 1394 1039 368 1563 1174 1637 1458 1096 1647 1495 1418 851 567 773 395 347 702 424 340 228 112 81 147 63 115 59 56 359 284 348 327 165 442 400 378 229 199 162 95 72 67 149 112 426 345 718 46 162 133 73 47 60 46
is_linear=0
shrinkage=0.05


Tree=66
num_leaves=63
num_cat=0
split_feature=0 7 7 7 7 7 7 7 7 7 1 1 1 1 1 1 1 7 2 1 7 5 7 5 4 3 2 0 7 7 7 8 7 0 5 4 7 0 3 7 4 4 4 6 5 8 6 2 3 3 8 3 6 8 2 6 2 3 6 7 4 8
split_gain=6304.49 1955.24 3244.99 1885.98 9669.75 3292.38 2776.24 3516.1 1138.94 990.338 917.707 1656.33 539.108 493.327 879.572 481.178 836.616 452.82 414.217 403.79 399.085 333.356 323.075 407.635 317.188 332.009 317.04 307.962 301.087 300.032 294.042 289.592 294.744 282.466 280.537 312.519 278.481 266.622 261.888 258.94 256.433 250.769 371.7 246.967 397.509 286.874 515.38 469.006 406.061 544.647 354.121 257.802 242.106 288.783 411.711 297.254 292.836 417.826 246.037 268.372 241.887 241.837
threshold=3.5000000000000004 1.5000000000000002 2.5000000000000004 9.5000000000000018 10.500000000000002 14.500000000000002 7.5000000000000009 5.5000000000000009 12.500000000000002 11.500000000000002 2.5000000000000004 1.5000000000000002 1.0000000180025095e-35 1.0000000180025095e-35 2.5000000000000004 2.5000000000000004 1.5000000000000002 17.500000000000004 1.5000000000000002 1.5000000000000002 6.5000000000000009 21.734978391458867 1.5000000000000002 8.4595957327844946 40.087910112306595 2591.6916666666689 1.0000000180025095e-35 1.0000000180025095e-35 10.500000000000002 13.500000000000002 17.500000000000004 0.16394098306000052 1.5000000000000002 2.5000000000000004 22.481664035562115 23.042446603614202 18.500000000000004 1.5000000000000002 6295.3583333333345 8.5000000000000018 16.96882211840683 28.214521437085185 18.223994173636104 90.500000000000014 5.1762326063997151 0.58721759511758786 38.500000000000007 1.5000000000000002 4431.9333333333352 7700.7583333333232 0.35596296072615075 7455.9416666666648 91.500000000000014 0.43817431902028797 2.5000000000000004 23.500000000000004 1.5000000000000002 8329.6083333333281 53.500000000000007 10.500000000000002 37.388676400934749 0.82932370537135991
decision_type=2 2 2 2 2 2 2 2 2 2 2 2 2 2 2 2 2 2 2 2 2 2 2 2 2 2 2 2 2 2 2 2 2 2 2 2 2 2 2 2 2 2 2 2 2 2 2 2 2 2 2 2 2 2 2 2 2 2 2 2 2 2
left_child=1 -1 18 6 15 8 7 -4 9 -6 11 12 21 -7 19 16 26 24 -3 -15 -9 22 -2 28 25 -13 -5 -20 -24 -10 -21 -12 -33 37 43 38 40 -29 -36 -8 -32 42 -23 44 -14 46 50 51 -47 -50 -46 -48 53 58 55 -55 57 -57 -27 -60 -25 -34
right_child=10 2 3 4 5 13 39 20 29 -11 31 17 34 14 -16 -17 -18 -19 27 30 -22 41 23 60 -26 52 -28 33 -30 -31 36 32 61 -35 35 -37 -38 -39 -40 -41 -42 -43 -44 -45 45 48 47 -49 49 -51 -52 -53 -54 54 -56 56 -58 -59 59 -61 -62 -63
leaf_value=-0.1026691161598775 -0.16276889421321727 0.086262370726674989 -0.080174083065351995 0.12382108187952708 -0.1008808883592469 -0.026199425050273752 -0.11204819732949062 0.029584064899310192 -0.10020356024484089 0.02431426325699141 -0.16269441708922386 0.36793678179383282 0.037066244288132745 0.031553933170930117 -0.024116022980744296 0.16631487270586948 0.44729475894144599 0.35408041344024244 0.097153145409360223 0.066895256274820944 0.11209137581364015 0.17304661564994606 0.18243764273535748 -0.048790870055362784 -0.0072337991812012406 0.16765472990447197 0.28295858246152816 0.21695677118423659 0.0078219969776716636 -0.1692193660811728 0.054316927678883076 -0.099198602100736222 0.034316747117593575 0.13393063030930027 0.046381821841001508 0.12933108097896345 0.080284122149977433 0.41006255809104808 -0.1963623169064522 -0.17609376491357884 0.25732523652225997 0.23629138501627103 -0.074101543323747049 0.0015431923029774969 0.14364105905255964 0.059473041472956539 0.21743963772342323 0.33144247213075329 0.51023051971974576 0.19874455183744433 -0.097332414239645004 -0.033391012921929357 0.31800314386685691 0.11828017261895268 0.048812756636603311 0.14709463508969003 0.42475612559195225 0.42271826744079588 0.11137896358966828 -0.11471511310055144 0.13604038923978806 0.18320742775996526
leaf_weight=673 27 157 970 43 321 422 300 269 319 311 20 24 65 423 404 89 70 40 49 247 322 32 52 154 22 69 115 39 47 311 20 38 300 36 25 41 72 33 20 333 70 28 29 33 31 20 21 43 23 36 30 20 27 33 33 44 29 20 35 21 20 30
leaf_count=673 27 157 970 43 321 422 300 269 319 311 20 24 65 423 404 89 70 40 49 247 322 32 52 154 22 69 115 39 47 311 20 38 300 36 25 41 72 33 20 333 70 28 29 33 31 20 21 43 23 36 30 20 27 33 33 44 29 20 35 21 20 30
internal_value=7.53782e-11 -0.022037 -0.0125914 -0.021627 0.00263052 -0.0258432 -0.0574161 -0.0215998 -0.0866982 -0.0392738 0.0894019 0.111111 0.0695475 0.0204771 0.0364135 0.264912 0.3034 0.194551 0.14369 0.0658053 0.0745373 0.0274328 0.00222215 0.0185399 0.176676 0.188754 0.239649 0.201117 0.0995393 -0.134273 0.101229 0.0225975 0.0326677 0.248286 0.109701 0.0294753 0.153578 0.305464 -0.0615045 -0.14574 0.212212 0.112412 0.0555499 0.131128 0.145925 0.177513 0.135747 0.216077 0.254172 0.320171 0.0251295 0.0950832 0.174926 0.161324 0.206028 0.247204 0.292951 0.233227 0.104459 0.0265937 -0.0275459 0.0478523
internal_weight=8000 6418 5745 5431 3237 2920 2194 1561 1262 632 1582 1194 797 1658 1236 317 228 397 314 832 591 389 300 273 357 335 158 157 99 630 409 388 368 108 408 86 162 72 45 633 90 89 61 322 289 224 145 84 79 59 61 41 311 284 159 126 93 64 125 56 174 330
internal_count=8000 6418 5745 5431 3237 2920 2194 1561 1262 632 1582 1194 797 1658 1236 317 228 397 314 832 591 389 300 273 357 335 158 157 99 630 409 388 368 108 408 86 162 72 45 633 90 89 61 322 289 224 145 84 79 59 61 41 311 284 159 126 93 64 125 56 174 330
is_linear=0
shrinkage=0.05


Tree=67
num_leaves=63
num_cat=0
split_feature=0 0 0 7 7 7 7 7 7 7 0 7 7 7 2 7 7 7 7 7 7 7 7 7 7 7 1 1 1 1 6 2 2 5 2 8 7 7 3 8 2 5 8 7 8 6 8 6 7 7 6 8 1 4 4 1 7 7 7 7 7 7
split_gain=5689.8 1894.06 2541.54 870.924 2169.56 1763 7809.59 2001.58 1797.41 1366.98 827.264 638.711 3195.53 819.468 670.002 633.998 845.039 987.682 2221.79 1257.52 565.167 1097.62 502.007 1499.19 846.989 535.928 487.519 835.997 414.505 746.745 391.866 377.236 424.563 374.112 340.892 340.743 319.194 313.959 313.206 297.04 296.026 295.803 294.621 279.911 274.111 271.508 268.391 264.707 244.807 239.422 234.006 270.506 228.675 222.278 444.943 222.08 217.916 222.271 1046.11 339.45 248.203 216.745
threshold=3.5000000000000004 2.5000000000000004 1.5000000000000002 14.500000000000002 12.500000000000002 9.5000000000000018 10.500000000000002 7.5000000000000009 6.5000000000000009 11.500000000000002 1.0000000180025095e-35 1.5000000000000002 2.5000000000000004 5.5000000000000009 1.5000000000000002 14.500000000000002 12.500000000000002 9.5000000000000018 10.500000000000002 8.5000000000000018 18.500000000000004 17.500000000000004 1.5000000000000002 2.5000000000000004 4.5000000000000009 7.5000000000000009 2.5000000000000004 1.5000000000000002 2.5000000000000004 1.0000000180025095e-35 81.500000000000014 1.0000000180025095e-35 2.5000000000000004 9.7081295696342114 1.5000000000000002 0.51169483554895001 13.500000000000002 5.5000000000000009 7202.5916666666626 0.58398135235541304 1.5000000000000002 18.37362544236964 0.61395179269470079 1.5000000000000002 0.31942621556482037 36.500000000000007 0.43171374718931871 79.500000000000014 11.500000000000002 16.500000000000004 83.500000000000014 0.335015764103893 1.5000000000000002 16.619358809137129 25.550151988674415 1.5000000000000002 2.5000000000000004 9.5000000000000018 10.500000000000002 14.500000000000002 7.5000000000000009 1.5000000000000002
decision_type=2 2 2 2 2 2 2 2 2 2 2 2 2 2 2 2 2 2 2 2 2 2 2 2 2 2 2 2 2 2 2 2 2 2 2 2 2 2 2 2 2 2 2 2 2 2 2 2 2 2 2 2 2 2 2 2 2 2 2 2 2 2
left_child=1 2 10 4 5 7 35 8 11 39 28 -2 14 -14 46 16 17 19 47 22 21 -5 -4 40 -25 37 27 43 29 -1 42 -12 34 -22 -33 44 -6 -26 -35 -8 -24 55 -11 -3 -7 -38 -13 -19 -20 -36 51 -39 -31 -9 -55 -23 -45 60 -59 -60 -58 -28
right_child=3 26 15 20 36 6 9 53 -10 30 31 12 13 -15 -16 -17 -18 18 48 -21 33 41 23 24 25 -27 61 -29 -30 52 -32 32 -34 38 49 -37 45 50 -40 -41 -42 -43 -44 56 -46 -47 -48 -49 -50 -51 -52 -53 -54 54 -56 -57 57 58 59 -61 -62 -63
leaf_value=-0.098110065531793134 -0.027821011329690615 -0.16326554641878654 -0.036083146647588743 0.12604240950841442 -0.05394185611006358 0.66078951780994732 -0.051130353575045209 -0.2585048238436381 0.31110791251426795 0.031521010632665519 -0.049670361206084097 0.10188712418079376 -0.027207346191882333 0.14736407419290157 0.52330271436979892 0.10255043876901655 -0.07895028139729808 0.3895939027310395 -0.04510680420154875 -0.17130992131048367 -0.15619749801144714 0.29171067646571569 0.18082300296851569 -0.05818413021152511 0.04272875429514577 -0.039335713854857852 -0.22546243263142451 0.0079985726556462775 -0.10032749582048017 -0.041508849804510944 0.34653497735659283 -0.0026278821380219183 -0.033068740544430139 0.23425747562538493 0.04638293721719685 0.76290034810702012 -0.071910445764660838 0.32868451065030596 -0.029628505703547726 -0.24597942135747403 0.38955942955093859 0.20761689750047832 0.25606224792344229 0.045432168872732867 0.41343257856510934 -0.28902058425462912 0.34551739784387442 0.20610486405162978 0.080570049517047715 0.16223813626988262 0.039931643234255416 0.15156812771456318 0.011028844952802449 0.025836542709307238 -0.15890422893338838 0.50521244745830018 -0.079467533973710883 0.18165237807801793 -0.13676291587064043 -0.041230024303401919 -0.18280212901447013 -0.1049070236183344
leaf_weight=395 150 93 169 237 92 24 53 21 82 48 376 20 236 94 38 385 158 61 77 79 21 21 35 170 85 70 42 382 397 404 21 439 431 22 355 30 24 29 23 31 33 26 21 38 21 36 26 29 78 51 30 84 425 55 80 29 175 42 160 222 87 332
leaf_count=395 150 93 169 237 92 24 53 21 82 48 376 20 236 94 38 385 158 61 77 79 21 21 35 170 85 70 42 382 397 404 21 439 431 22 355 30 24 29 23 31 33 26 21 38 21 36 26 29 78 51 30 84 425 55 80 29 175 42 160 222 87 332
internal_value=-1.6339e-10 -0.0209352 -0.00545828 0.0849318 0.0641088 0.0896442 0.205865 0.0535608 0.0923772 0.0220246 -0.0305555 0.0605759 0.0926038 0.0225191 0.367937 0.0467956 0.0287117 0.0452429 0.132871 0.0178589 0.151027 0.179064 0.0390566 0.062748 0.0308732 0.0816777 -0.0686057 -0.0530593 -0.055932 -0.0415325 0.157417 -0.00565511 0.00731491 0.0180615 0.027913 0.632374 -0.112456 0.118831 0.0993824 -0.123039 0.282122 0.34441 0.0998596 -0.0816078 0.545356 -0.202177 0.239591 0.33047 0.018137 0.0609362 0.164067 0.197023 -0.0145746 -0.107179 -0.0836395 0.415542 -0.0711187 -0.0775748 -0.0552022 -0.0812438 -0.113781 -0.118445
internal_weight=8000 6418 4845 1582 1203 1051 249 802 646 174 3273 564 414 330 84 1572 1187 1029 245 784 379 313 705 536 468 298 1573 1199 1621 1224 90 1652 1276 66 845 75 152 228 45 84 68 76 69 817 45 60 46 90 155 406 143 113 829 156 135 50 724 686 424 382 262 374
internal_count=8000 6418 4845 1582 1203 1051 249 802 646 174 3273 564 414 330 84 1572 1187 1029 245 784 379 313 705 536 468 298 1573 1199 1621 1224 90 1652 1276 66 845 75 152 228 45 84 68 76 69 817 45 60 46 90 155 406 143 113 829 156 135 50 724 686 424 382 262 374
is_linear=0
shrinkage=0.05


Tree=68
num_leaves=63
num_cat=0
split_feature=0 2 2 2 2 2 2 1 1 1 1 7 0 0 1 1 0 0 1 5 5 8 3 4 3 8 8 6 7 7 1 1 6 6 8 3 6 5 1 1 1 8 7 7 5 7 4 4 7 0 4 5 8 3 1 8 4 5 4 4 0 0
split_gain=5135.05 1777.31 1687.29 1411.74 843.815 687.534 810.891 530.722 1059.08 491.776 805.62 490.869 404.997 560.307 360.577 584.658 369.659 326.898 296.535 273.51 598.631 496.139 418.001 366.206 361.444 293.173 545.376 392.366 253.263 249.497 249.488 273.971 248.955 387.313 387.401 291.291 249.214 248.105 242.624 241.611 353.347 236.705 330.128 370.184 351.064 334.339 295.076 277.149 262.805 232.652 228.592 227.926 227.436 275.352 226.9 270.624 319.269 309.586 223.221 220.928 212.903 284.764
threshold=3.5000000000000004 1.0000000180025095e-35 2.5000000000000004 1.5000000000000002 1.0000000180025095e-35 2.5000000000000004 1.5000000000000002 2.5000000000000004 1.5000000000000002 2.5000000000000004 1.0000000180025095e-35 17.500000000000004 2.5000000000000004 1.0000000180025095e-35 2.5000000000000004 1.0000000180025095e-35 2.5000000000000004 1.5000000000000002 1.0000000180025095e-35 17.927518552555288 12.241351121045659 0.59921435266171386 7553.2999999999984 23.239453947011814 3987.4166666666711 0.50857016199230187 0.74874040481082493 64.500000000000014 16.500000000000004 17.500000000000004 1.0000000180025095e-35 2.5000000000000004 7.5000000000000009 11.500000000000002 0.35896681153522331 4339.6666666666724 65.500000000000014 17.684962880776791 1.5000000000000002 1.0000000180025095e-35 2.5000000000000004 0.80170959455314295 9.5000000000000018 11.500000000000002 19.083978966535724 7.5000000000000009 29.712010529176705 25.039074606694456 6.5000000000000009 1.5000000000000002 25.758673853556193 22.481664035562115 0.44100089924750124 8766.0083333333514 2.5000000000000004 0.52082400564548048 31.110843338745202 8.3457163739643132 24.197223922540477 13.670900693646105 1.0000000180025095e-35 2.5000000000000004
decision_type=2 2 2 2 2 2 2 2 2 2 2 2 2 2 2 2 2 2 2 2 2 2 2 2 2 2 2 2 2 2 2 2 2 2 2 2 2 2 2 2 2 2 2 2 2 2 2 2 2 2 2 2 2 2 2 2 2 2 2 2 2 2
left_child=1 9 3 14 28 6 41 8 18 10 -1 19 13 -4 15 -3 17 -17 -5 20 24 58 50 -23 -8 27 -27 -26 39 -10 -15 49 -7 -34 35 -35 -37 -19 -12 -2 -41 42 45 -44 47 48 -43 -45 -6 -32 -22 -46 -36 54 55 -54 57 -57 -21 -18 -20 -62
right_child=4 2 12 7 5 32 11 -9 29 -11 38 -13 -14 30 -16 16 59 37 60 21 22 23 -24 -25 25 26 -28 -29 -30 -31 31 -33 33 34 52 36 -38 -39 -40 40 -42 46 43 44 51 -47 -48 -49 -50 -51 -52 -53 53 -55 -56 56 -58 -59 -60 -61 61 -63
leaf_value=-0.10850375388239884 -0.075925313726067548 -0.052697991792612323 -0.081137744060287328 0.00096067319464820792 0.053846069504969001 -0.11138100996613504 0.34362878277897835 8.1860698231884371e-05 0.11784977550987759 -0.11591946043212105 -0.049115584302655502 0.38408995015280589 -0.089520832225314234 -0.053824643408879637 -0.059293191331844936 0.015404890904984883 0.080224060763915389 0.13615824378660468 -0.003266477989761726 0.23613514330076135 0.033353794055680439 0.27224266092692101 0.15593006306460927 0.029643238985112737 0.17815927871886422 0.36177169049487401 0.05413750749826432 -0.092834301292896271 0.11115355624602392 0.23924558844882995 -0.0056448007123365718 -0.039704204207341297 0.25805784382603386 -0.019331965118646623 -0.12672029040545096 0.096421975034632179 0.29104870408773426 0.018598745322563278 0.0063746644107751564 0.06736622342218955 -0.048398751508480373 0.077543959952890873 0.28308084278896051 0.086118695569726136 -0.11797772816249304 -0.09392901772961898 -0.16221067153272176 0.25184350620423046 0.24843804359436039 0.069882966849021608 -0.18977838104421443 0.082232959331436595 0.23505846968231103 -0.12317943771680195 -0.05253272362053394 0.24782700043009676 -0.12460850447948491 0.023158452846109869 0.4499733474392158 -0.060883095805351256 0.12010160449627759 0.01727863000884939
leaf_weight=397 75 410 394 380 131 24 32 398 358 378 391 28 407 225 376 461 33 122 92 23 24 28 35 35 34 34 25 22 65 48 208 203 22 25 29 38 29 71 397 180 104 33 37 52 21 34 21 49 20 200 22 44 24 27 40 23 21 46 26 174 191 104
leaf_count=397 75 410 394 380 131 24 32 398 358 378 391 28 407 225 376 461 33 122 92 23 24 28 35 35 34 34 25 22 65 48 208 203 22 25 29 38 29 71 397 180 104 33 37 52 21 34 21 49 20 200 22 44 24 27 40 23 21 46 26 174 191 104
internal_value=-5.74684e-11 -0.0198884 -0.00495921 0.0160641 0.0806852 0.102781 0.128034 0.049973 0.0669011 -0.0662617 -0.0504215 0.182861 -0.0462867 -0.0319807 -0.01628 -0.00355544 0.0198458 0.0382775 0.032335 0.16629 0.134859 0.230274 0.025715 0.137465 0.194999 0.153641 0.231418 0.0716975 0.0203373 0.132202 -0.00881343 0.0077619 0.0440034 0.0555133 0.0407584 0.126317 0.180663 0.092911 -0.0211592 0.00389429 0.0249734 0.0823863 0.0960367 0.140065 0.108188 0.0477244 -0.015694 0.16652 0.0796198 0.0313786 -0.0733616 0.0175495 0.00327568 0.0241038 0.0499261 0.0858766 0.0460948 0.098048 0.3496 -0.0383878 0.0631418 0.0838521
internal_weight=8000 6418 4855 3218 1582 1158 810 1571 1173 1563 1185 368 1637 1230 1647 1271 861 654 767 340 228 112 81 63 147 115 59 56 424 406 836 611 348 324 302 92 67 193 788 359 284 442 388 203 166 185 54 101 151 408 46 65 210 181 154 114 90 69 49 207 387 295
internal_count=8000 6418 4855 3218 1582 1158 810 1571 1173 1563 1185 368 1637 1230 1647 1271 861 654 767 340 228 112 81 63 147 115 59 56 424 406 836 611 348 324 302 92 67 193 788 359 284 442 388 203 166 185 54 101 151 408 46 65 210 181 154 114 90 69 49 207 387 295
is_linear=0
shrinkage=0.05


Tree=69
num_leaves=63
num_cat=0
split_feature=0 7 7 7 7 7 7 7 7 7 1 1 1 7 7 2 7 7 2 5 4 3 2 7 7 5 5 2 2 5 4 8 8 0 7 8 6 6 7 7 7 6 3 4 6 3 3 7 4 6 8 8 0 8 2 1 1 8 6 3 3 4
split_gain=4634.38 1667.19 2812.29 1621.68 8407.45 2834.43 2382.58 3078.67 1008.43 867.764 766.798 1439.6 457.694 437.231 1308.11 418.531 361.682 351.96 342.826 283.282 281.911 294.535 280.904 269.422 268.168 331.527 269.144 262.103 286.343 253.13 266.266 249.417 240.646 238.253 234.922 426.677 271.415 356.22 281.511 551.255 223.058 220.228 219.947 219.364 274.366 325.523 493.873 361.659 330.079 248.322 267.67 430.823 218.283 226.195 218.12 216.736 316.578 216.48 353.549 255.967 247.94 212.975
threshold=3.5000000000000004 1.5000000000000002 2.5000000000000004 9.5000000000000018 10.500000000000002 14.500000000000002 7.5000000000000009 5.5000000000000009 12.500000000000002 11.500000000000002 2.5000000000000004 1.5000000000000002 1.0000000180025095e-35 17.500000000000004 18.500000000000004 1.0000000180025095e-35 6.5000000000000009 17.500000000000004 1.5000000000000002 21.734978391458867 40.087910112306595 2591.6916666666689 2.5000000000000004 13.500000000000002 1.5000000000000002 8.4595957327844946 6.7572685741530156 1.0000000180025095e-35 2.5000000000000004 22.481664035562115 23.042446603614202 0.16394098306000052 0.16394098306000052 1.0000000180025095e-35 15.500000000000002 0.42404956966340773 50.500000000000007 65.500000000000014 10.500000000000002 6.5000000000000009 8.5000000000000018 41.500000000000007 6295.3583333333345 36.104441768219992 6.5000000000000009 3580.358333333334 7455.9416666666648 9.5000000000000018 21.885025489573305 67.500000000000014 0.63380604495680337 0.35896681153522331 2.5000000000000004 0.44100089924750124 1.0000000180025095e-35 2.5000000000000004 1.0000000180025095e-35 0.26005974609573096 85.500000000000014 6413.9750000000004 9034.3166666666675 28.214521437085185
decision_type=2 2 2 2 2 2 2 2 2 2 2 2 2 2 2 2 2 2 2 2 2 2 2 2 2 2 2 2 2 2 2 2 2 2 2 2 2 2 2 2 2 2 2 2 2 2 2 2 2 2 2 2 2 2 2 2 2 2 2 2 2 2
left_child=1 -1 18 6 15 8 7 -4 9 -6 11 12 19 27 32 41 -9 20 -3 24 21 -13 -17 -10 -2 26 -26 -7 -29 43 42 -12 -15 -20 36 -36 38 -38 39 -33 -8 -5 -31 44 -14 48 47 -47 -46 50 51 -48 53 -35 -18 56 -11 59 60 -23 -59 -21
right_child=10 2 3 4 5 13 40 16 23 55 31 17 29 14 -16 22 54 -19 33 61 -22 57 -24 -25 25 -27 -28 28 -30 30 -32 34 -34 52 35 -37 37 -39 -40 -41 -42 -43 -44 -45 45 46 49 -49 -50 -51 -52 -53 -54 -55 -56 -57 -58 58 -60 -61 -62 -63
leaf_value=-0.093350177473093862 -0.15461725029680465 0.083072380867940943 -0.073400054754990576 0.24734172527404394 -0.09214839500293856 -0.045272480274152552 -0.10232248226661855 0.028573439148909044 -0.091585822719759472 -0.031829685177424072 -0.15637378990650178 0.33868036245306338 -0.070380595021627176 0.28026045349172574 -0.019518444419903597 0.32730388042383962 0.029744812283455071 0.31492973707616329 0.096118163241415616 0.044876388961174456 -0.014855917746370489 -0.068919660914911043 0.21625718308690317 -0.15698629339192649 0.039548703933787815 -0.030993532413755943 0.23784879080273888 0.036558355891683145 -0.028926519106516221 0.033430326104164125 0.11070800619881327 0.0058589627856717391 0.10926910097031334 0.38722834684725466 0.27806657105684279 0.019864587404299527 -0.17999691611362831 0.0014078391925218183 -0.059677503728194206 0.23624880047781127 -0.16176507848583432 0.080286342127526056 -0.18902879131492228 0.22165323507395529 -0.15938881993293763 0.13601630846428317 0.25175762148130509 0.34627784391244254 0.10860890746116639 -0.012546054051911577 0.26800976431369783 -0.033210258806745212 0.12852292416824238 0.20653385710577635 0.12900602933598229 -0.049655491458503787 0.090007489633101678 0.13640005675837016 0.33268922595307232 0.14664977581240238 0.30997625913309013 0.21144203862973621
leaf_weight=673 27 157 970 34 321 248 300 269 319 81 20 24 22 22 329 140 71 40 49 61 22 21 96 311 77 174 22 487 254 25 41 68 318 29 24 48 36 109 41 42 333 47 20 42 20 43 21 39 27 47 25 36 36 43 251 74 156 195 32 40 23 28
leaf_count=673 27 157 970 34 321 248 300 269 319 81 20 24 22 22 329 140 71 40 49 61 22 21 96 311 77 174 22 487 254 25 41 68 318 29 24 48 36 109 41 42 333 47 20 42 20 43 21 39 27 47 25 36 36 43 251 74 156 195 32 40 23 28
internal_value=1.24856e-10 -0.018894 -0.0101718 -0.0185834 0.00391018 -0.0226401 -0.0517702 -0.0185903 -0.0791044 -0.0344797 0.0766509 0.0964946 0.0577461 0.0203382 0.0515572 0.248474 0.0713683 0.174284 0.135317 0.0189414 0.158526 0.169912 0.282132 -0.123871 -0.00429872 0.0105679 0.0836154 -0.000779567 0.0141114 0.0947436 0.0185373 0.0155857 0.120333 0.187562 0.0249314 0.105932 0.00522854 -0.0436306 0.0521462 0.093826 -0.133593 0.150408 -0.0654404 0.115097 0.0991134 0.113566 0.140073 0.236019 -0.00543268 0.0790847 0.131605 0.0717779 0.22905 0.279314 0.107119 0.0250433 0.0483669 0.156888 0.177494 0.0724373 0.154713 0.0972791
internal_weight=8000 6418 5745 5431 3237 2920 2194 1561 1262 632 1582 1194 797 1658 669 317 591 397 314 389 357 335 236 630 300 273 99 989 741 408 86 388 340 157 368 72 296 145 151 110 633 81 45 322 280 258 211 82 47 129 82 57 108 72 322 311 237 311 250 61 218 89
internal_count=8000 6418 5745 5431 3237 2920 2194 1561 1262 632 1582 1194 797 1658 669 317 591 397 314 389 357 335 236 630 300 273 99 989 741 408 86 388 340 157 368 72 296 145 151 110 633 81 45 322 280 258 211 82 47 129 82 57 108 72 322 311 237 311 250 61 218 89
is_linear=0
shrinkage=0.05


Tree=70
num_leaves=63
num_cat=0
split_feature=0 0 0 2 0 2 2 1 1 7 1 1 7 7 1 7 7 7 7 7 7 5 1 1 6 7 7 7 7 7 5 7 6 3 1 5 6 3 5 7 8 4 4 6 8 6 4 5 8 8 6 6 8 8 6 5 3 5 5 4 7 7
split_gain=4182.53 1616.67 2194.25 739.57 710.796 609.467 731.913 542.623 1033.45 426.902 419.191 706.248 360.143 394.253 343.88 333.586 332.689 406.377 790.115 2033.43 584.671 310.663 306.215 747.702 293.684 280.086 262.91 1411.56 598.247 519.15 259.186 258.402 248.625 244.357 241.892 240.965 290.393 302.332 359.196 238.264 236.789 248.838 413.979 338.339 328.906 239.418 277.42 301.263 264.134 219.713 563.93 419.559 348.869 363.164 331.286 327.5 253.826 321.666 282.3 213.524 212.823 212.535
threshold=3.5000000000000004 2.5000000000000004 1.5000000000000002 1.0000000180025095e-35 1.0000000180025095e-35 2.5000000000000004 1.5000000000000002 2.5000000000000004 1.5000000000000002 17.500000000000004 2.5000000000000004 1.0000000180025095e-35 1.5000000000000002 2.5000000000000004 1.0000000180025095e-35 17.500000000000004 5.5000000000000009 7.5000000000000009 9.5000000000000018 10.500000000000002 14.500000000000002 16.882424990118029 2.5000000000000004 1.5000000000000002 83.500000000000014 13.500000000000002 10.500000000000002 9.5000000000000018 8.5000000000000018 14.500000000000002 6.7572685741530156 11.500000000000002 58.500000000000007 2591.6916666666689 1.5000000000000002 12.241351121045659 29.500000000000004 7274.4833333333272 19.199527021204993 1.5000000000000002 0.19557717495378912 27.213048204894772 32.042060227433296 44.500000000000007 0.61923412664913602 81.500000000000014 22.396750306662476 15.264181457521644 0.71125269816795644 0.61171447410772839 77.500000000000014 62.500000000000007 0.51797154893339814 0.57872006561229261 88.500000000000014 7.0043994903351381 7682.9249999999911 17.60408639267602 22.481664035562115 21.622964668848734 12.500000000000002 2.5000000000000004
decision_type=2 2 2 2 2 2 2 2 2 2 2 2 2 2 2 2 2 2 2 2 2 2 2 2 2 2 2 2 2 2 2 2 2 2 2 2 2 2 2 2 2 2 2 2 2 2 2 2 2 2 2 2 2 2 2 2 2 2 2 2 2 2
left_child=1 2 4 39 12 6 49 8 14 26 11 -3 -1 -14 21 -10 -15 -18 -19 -20 25 24 23 -6 -4 31 27 28 30 32 -8 -21 -28 -7 -13 -32 -37 38 -38 -2 -35 45 43 -43 -44 46 48 -48 -42 52 51 -51 54 -54 55 -5 -57 -58 -59 -31 -33 -41
right_child=3 10 7 5 22 33 9 -9 15 -11 -12 34 13 16 -16 -17 17 18 19 20 -22 -23 -24 -25 -26 -27 29 -29 -30 59 35 60 -34 40 -36 36 37 -39 -40 61 41 42 44 -45 -46 -47 47 -49 -50 50 -52 -53 53 -55 -56 56 57 58 -60 -61 -62 -63
leaf_value=-0.11934590298682451 -0.10489795071551122 -0.1018105466933921 -0.015268666887527736 -0.090832725561716982 -0.018649011410120372 0.20349628797599248 0.038271860884768624 -0.0068566613789287946 0.11383448878686656 0.35702910678727284 -0.10820626427262603 -0.046754811624426851 0.057744859960740025 -0.10235624824581313 0.062106613241449574 0.26822546565761934 0.037160705004741133 -0.1532273086064285 0.21617310005975399 -0.14648142368641012 -0.015390239214976457 0.047311101590508019 -0.040994694264988474 0.064101192617390765 -0.16439944997429848 -0.18161699170331388 0.096816539956677355 0.58629836685955528 -0.082960508227348337 0.32766317779367626 0.29373178249597548 0.018097823069995227 -0.10186468670144677 0.14666385978831584 0.0083201735507189758 0.034960499359294774 -0.015039528267724173 0.34033323161560913 0.28103650737553837 0.17201510326315961 0.0062165368078411498 0.065255209878087042 0.080477138466778259 0.34116495385766032 -0.14320128557306749 -0.14410492733997457 0.0090199840689698853 -0.2415055389981717 0.20187014548674875 0.034405725543526403 -0.13899468513062369 0.28341136475404105 0.37219174910675396 0.088038730103036644 0.21167823389956825 0.12947021564626976 0.12536809561583637 -0.21919093281030655 0.040360560335896238 0.12258322332675259 -0.10039434173247881 0.018382898626840477
leaf_weight=170 37 400 189 34 829 21 28 383 340 28 374 417 92 242 407 39 156 155 76 86 404 174 416 407 40 88 31 20 25 22 50 80 32 37 382 32 21 29 20 24 69 25 42 20 27 34 30 20 23 87 39 21 22 23 38 103 33 20 22 30 72 363
leaf_count=170 37 400 189 34 829 21 28 383 340 28 374 417 92 242 407 39 156 155 76 86 404 174 416 407 40 88 31 20 25 22 50 80 32 37 382 32 21 29 20 24 69 25 42 20 27 34 30 20 23 87 39 21 22 23 38 103 33 20 22 30 72 363
internal_value=1.07012e-10 -0.0179493 -0.00365054 0.0728184 -0.0269701 0.0935048 0.117281 0.0449022 0.0615747 0.16937 -0.061991 -0.0475752 -0.0504925 -0.0424256 0.0296886 0.129722 -0.0492069 -0.037692 -0.0498429 -0.0299612 -0.0555862 -0.00305118 -0.00388901 0.00859964 -0.0413177 -0.1054 0.153915 0.185349 0.146232 0.092415 0.178064 -0.0772184 -0.00410091 0.0381642 -0.0204236 0.203815 0.159738 0.216779 0.129388 0.0163211 0.0275466 0.0123488 0.0698972 0.187882 -0.0070492 -0.0249268 0.00360875 -0.0911902 0.0551299 0.0739127 0.0239738 0.0828235 0.0987975 0.226958 0.0757286 0.0513603 0.0785207 0.00855014 -0.0832354 0.209348 -0.03803 0.0279105
internal_weight=8000 6418 4845 1582 3273 1158 810 1572 1189 368 1573 1199 1621 1451 810 379 1359 1117 961 806 730 403 1652 1236 229 326 340 225 205 115 180 238 63 348 799 152 102 70 41 424 327 290 114 45 69 176 142 50 92 442 147 108 295 45 250 212 178 75 42 52 152 387
internal_count=8000 6418 4845 1582 3273 1158 810 1572 1189 368 1573 1199 1621 1451 810 379 1359 1117 961 806 730 403 1652 1236 229 326 340 225 205 115 180 238 63 348 799 152 102 70 41 424 327 290 114 45 69 176 142 50 92 442 147 108 295 45 250 212 178 75 42 52 152 387
is_linear=0
shrinkage=0.05


Tree=71
num_leaves=63
num_cat=0
split_feature=0 2 2 2 1 1 0 0 7 7 7 7 7 7 7 1 1 7 8 1 1 3 7 1 1 0 7 1 1 5 7 7 7 7 7 7 7 7 0 7 3 7 4 6 6 6 4 4 3 4 5 4 7 8 6 4 1 1 6 8 6 7
split_gain=3774.73 1540.34 1494.1 1255.51 678.993 1295.99 457.201 883.022 426.182 814.85 418.05 674.474 4428.76 1386.18 1150.58 415.17 678.838 346.677 342.985 326.507 569.936 315.694 314.304 298.192 493.977 323.308 296.514 281.762 332.133 260.365 256.62 997.724 361.684 333.787 1383.97 657.778 286.571 240.065 238.819 237.321 360.002 243.653 235.15 303.939 402.055 342.52 229.001 278.264 282.073 222.293 308.133 277.739 210.797 265.598 203.914 271.872 200.885 200.8 198.437 198.197 194.575 204.431
threshold=3.5000000000000004 1.0000000180025095e-35 2.5000000000000004 1.5000000000000002 2.5000000000000004 1.5000000000000002 2.5000000000000004 1.5000000000000002 1.5000000000000002 2.5000000000000004 4.5000000000000009 10.500000000000002 9.5000000000000018 7.5000000000000009 14.500000000000002 2.5000000000000004 1.0000000180025095e-35 17.500000000000004 0.36606472284635422 1.0000000180025095e-35 2.5000000000000004 9447.4500000000135 17.500000000000004 2.5000000000000004 1.0000000180025095e-35 2.5000000000000004 13.500000000000002 1.0000000180025095e-35 2.5000000000000004 25.116800224610561 2.5000000000000004 1.5000000000000002 4.5000000000000009 10.500000000000002 9.5000000000000018 7.5000000000000009 1.0000000180025095e-35 6.5000000000000009 1.5000000000000002 14.500000000000002 7455.9416666666648 12.500000000000002 38.928688065408764 50.500000000000007 38.500000000000007 90.500000000000014 24.680379696554059 15.688268860722454 7569.0833333333303 21.775241016660761 19.758735018695109 13.512659597817017 18.500000000000004 0.52393897622879748 84.500000000000014 29.823352826877393 1.5000000000000002 1.5000000000000002 60.500000000000007 0.40807316457506998 57.500000000000007 16.500000000000004
decision_type=2 2 2 2 2 2 2 2 2 2 2 2 2 2 2 2 2 2 2 2 2 2 2 2 2 2 2 2 2 2 2 2 2 2 2 2 2 2 2 2 2 2 2 2 2 2 2 2 2 2 2 2 2 2 2 2 2 2 2 2 2 2
left_child=1 15 3 23 5 8 7 27 -2 -10 18 12 13 37 26 16 -1 19 -11 -4 56 29 30 24 -3 38 49 -5 -29 60 31 36 -32 34 35 59 -7 -12 58 41 -41 -35 43 44 -6 54 47 48 -40 51 -51 -13 -19 -54 55 -45 -21 -18 -26 -34 61 -9
right_child=4 2 17 6 42 22 -8 21 9 10 11 14 -14 -15 -16 -17 57 52 -20 20 -22 -23 -24 -25 25 -27 -28 28 -30 -31 32 -33 33 39 -36 -37 -38 -39 46 40 -42 -43 -44 45 -46 -47 -48 -49 -50 50 -52 -53 53 -55 -56 -57 -58 -59 -60 -61 -62 -63
leaf_value=-0.098985195238265197 -0.067677154046469845 -0.047471847388916084 -0.091276028754385147 -0.01708335396833718 0.032010558008176974 0.22045025557279585 0.001427516805998336 0.059277811704586583 0.27887752750297873 0.12770152851939201 0.09238975611568867 -0.10945344632086547 0.63236647834246229 -0.13486123652877033 0.10724720458780963 -0.10584940452223507 -0.044240312725591389 0.078189441871442167 -0.1086563375326946 -0.035288502779838291 -0.086199862377412576 -0.032673849319589547 0.29456707395613196 -0.052988006748219442 -0.0094781428076592955 -0.035251072993735977 -0.21961831558645437 0.077843276635873371 -0.0012374607007950545 0.23293511494383462 -0.015416014461945265 0.47758076786994935 0.12001492381095887 0.12430073109112288 0.54840803655485315 -0.033934577153279237 -0.041057529842311688 0.24302898370905926 0.0011214320734143257 0.069077857035611354 0.32372479399909149 -0.055956982801089419 -0.11388490123345572 -0.077766623436896651 0.2190906481610404 0.099858314491981681 0.1458435578249305 -0.026665456593036652 0.26056849360466006 -0.042131836583408029 -0.26655973643064501 0.10860079959034921 -0.12013122257451679 0.051826091728946005 -0.20963630214333537 0.10907789278030396 0.017696812935173511 0.0062410848675605373 0.057697789446136898 0.31496771718375388 0.16765752057961333 0.19752352973728471
leaf_weight=397 69 410 362 202 142 20 387 141 41 20 87 23 37 74 189 378 391 89 66 380 378 29 40 376 280 207 28 395 200 61 39 26 22 38 24 39 22 38 20 35 23 37 34 88 36 43 83 68 22 65 20 40 43 47 20 25 338 397 181 32 123 33
leaf_count=397 69 410 362 202 142 20 387 141 41 20 87 23 37 74 189 378 391 89 66 380 378 29 40 376 280 207 28 395 200 61 39 26 22 38 24 39 22 38 20 35 23 37 34 88 36 43 83 68 22 65 20 40 43 47 20 25 338 397 181 32 123 33
internal_value=5.03642e-12 -0.0170518 -0.00315351 0.0166297 0.0691775 0.0878504 0.0486073 0.0640284 0.0510854 0.0623417 0.0494189 0.0641732 0.130046 0.0366496 0.0215815 -0.0602229 -0.0456687 -0.0420431 -0.0536894 -0.0501053 -0.036507 0.125994 0.161658 -0.0138724 -0.00230079 0.0192092 -0.0704118 0.0339395 0.0512615 0.138847 0.146767 0.234159 0.126204 0.148296 0.209894 0.122536 0.08347 0.138184 0.0364467 0.0941084 0.170059 0.0353736 0.0117148 0.023778 0.069847 -0.0228144 0.0831435 0.0358335 0.137022 -0.0421835 -0.0949384 0.0289937 0.0236259 -0.0303313 -0.0624755 -0.0364293 -0.0103456 -0.0188074 0.0168968 0.235543 0.119523 0.0854968
internal_weight=8000 6418 4855 3218 1582 1194 1571 1184 797 728 687 601 236 199 365 1563 1185 1637 86 1458 1096 387 397 1647 1271 861 176 797 595 358 357 68 289 250 117 93 42 125 654 133 58 75 388 354 178 176 193 110 42 148 85 63 179 90 133 113 718 788 461 54 297 174
internal_count=8000 6418 4855 3218 1582 1194 1571 1184 797 728 687 601 236 199 365 1563 1185 1637 86 1458 1096 387 397 1647 1271 861 176 797 595 358 357 68 289 250 117 93 42 125 654 133 58 75 388 354 178 176 193 110 42 148 85 63 179 90 133 113 718 788 461 54 297 174
is_linear=0
shrinkage=0.05


Tree=72
num_leaves=63
num_cat=0
split_feature=0 7 7 7 7 7 7 7 7 7 2 2 2 5 8 4 5 8 7 7 2 7 3 2 4 1 1 8 8 7 6 7 7 0 3 1 1 7 8 5 5 8 8 8 8 4 6 3 3 5 3 5 3 4 7 5 3 6 6 2 4 1
split_gain=3406.69 1448.75 2480.53 1416.49 7422.84 2462.68 2082.54 2702.27 891.782 753.153 662.473 533.275 650.319 392.602 507.13 616.018 399.37 611.929 362.951 1140.58 359.264 328.883 313.486 300.501 270.069 262.495 371.801 261.891 496.016 392.369 238.584 232.793 231.406 224.026 217.859 216.92 223.354 214.493 208.062 206.945 307.361 205.788 294.03 366.658 305.078 268.458 259.855 253.957 294.515 204.998 201.342 279.885 275.633 209.166 199.624 197.121 268.676 195.977 195.606 183.791 183.055 178.503
threshold=3.5000000000000004 1.5000000000000002 2.5000000000000004 9.5000000000000018 10.500000000000002 14.500000000000002 7.5000000000000009 5.5000000000000009 12.500000000000002 11.500000000000002 1.0000000180025095e-35 2.5000000000000004 1.5000000000000002 17.684962880776791 0.59921435266171386 23.239453947011814 12.241351121045659 0.64767478670658218 17.500000000000004 18.500000000000004 1.0000000180025095e-35 6.5000000000000009 3987.4166666666711 1.5000000000000002 24.197223922540477 2.5000000000000004 1.5000000000000002 0.79344391854715612 0.65781911223710365 9.5000000000000018 48.500000000000007 8.5000000000000018 13.500000000000002 1.0000000180025095e-35 2591.6916666666689 1.0000000180025095e-35 2.5000000000000004 17.500000000000004 0.16394098306000052 14.318913464289169 15.8059458045251 0.80170959455314295 0.73333085115639951 0.61171447410772839 0.53221996429596985 29.712010529176705 88.500000000000014 7553.2999999999984 8017.0583333333243 17.60408639267602 8766.0083333333514 6.0869839466305553 6783.2666666666637 25.468732434457731 8.5000000000000018 25.747754652903897 4144.2250000000049 41.500000000000007 76.500000000000014 1.0000000180025095e-35 23.150280978113173 1.0000000180025095e-35
decision_type=2 2 2 2 2 2 2 2 2 2 2 2 2 2 2 2 2 2 2 2 2 2 2 2 2 2 2 2 2 2 2 2 2 2 2 2 2 2 2 2 2 2 2 2 2 2 2 2 2 2 2 2 2 2 2 2 2 2 2 2 2 2
left_child=1 -1 23 6 20 8 7 61 9 58 37 12 41 16 24 -16 22 31 35 38 57 -9 -14 -3 -15 26 -22 28 29 30 -24 -18 -10 -25 -13 -7 -37 -2 -20 50 -41 42 43 44 46 -43 47 55 -49 -50 51 60 -53 -54 -8 56 -12 -5 -6 -23 -36 -4
right_child=10 2 3 4 5 18 54 21 32 -11 11 34 13 14 15 -17 17 -19 19 -21 25 59 27 33 -26 -27 -28 -29 -30 -31 -32 -33 -34 -35 39 36 -38 -39 -40 40 -42 45 -44 -45 -46 -47 -48 48 49 -51 -52 52 53 -55 -56 -57 -58 -59 -60 -61 -62 -63
leaf_value=-0.085606401976606891 0.00092843725696786664 0.079656250218439639 -0.10556952757760883 0.23543488795266435 -0.10470935755135818 -0.039332800428662454 -0.09389982078612473 0.02750765050321707 -0.084701586136927243 0.024892854012264064 -0.030034155745145886 0.18964157430898576 0.30470488811984209 0.21919088788951435 0.29732917845249179 0.00019137045821628057 0.037274985070581794 0.20486855127594691 0.26153871708295567 -0.01775694815671966 0.24841858830464925 0.031382355093955996 0.13618442529723759 0.088811776118010888 0.44421980142593381 0.18228654787500403 0.4074647071874804 -0.034417954757809642 0.38682493519037964 0.23065522699742705 -0.092422911452129497 -0.16849187289896822 -0.14531263237148284 0.21771360127324307 0.12016475461423398 0.033728098062052576 -0.024845679573934094 0.12398271562579351 0.10254478341103211 -0.19460698167483015 0.010153159773391155 0.064140289638078579 0.23252894909217439 -0.041471402952447535 0.22082306721653697 -0.16454525306111289 0.18776569902896881 -0.16480659421843788 0.13357007128577078 -0.041838249667651123 -0.055724640653051188 0.035372383865926948 0.11869629247114062 0.3397871276444715 -0.15013342928438511 0.22409106393655143 0.13489464850261296 0.077845486269352282 -0.0096951069877199512 0.12249810570235034 -0.056219471726370485 -0.055288271091911229
leaf_weight=673 385 157 232 34 252 250 300 269 319 311 43 21 33 24 33 37 27 33 22 329 115 71 21 49 30 67 54 20 20 37 25 28 311 108 24 497 242 39 318 21 144 33 29 64 39 21 40 24 31 36 29 28 20 23 333 24 58 47 69 251 38 738
leaf_count=673 385 157 232 34 252 250 300 269 319 311 43 21 33 24 33 37 27 33 22 329 115 71 21 49 30 67 54 20 20 37 25 28 311 108 24 497 242 39 318 21 144 33 29 64 39 21 40 24 31 36 29 28 20 23 333 24 58 47 69 251 38 738
internal_value=-5.42921e-11 -0.0161993 -0.00806853 -0.0159684 0.00505405 -0.0198932 -0.0469847 -0.0159642 -0.0725246 -0.0305602 0.0657186 0.0852971 0.107537 0.156637 0.229082 0.140271 0.119821 0.0346513 0.0201677 0.0486114 0.234852 0.068316 0.167865 0.12857 0.344207 0.266036 0.299238 0.131152 0.163301 0.10944 0.0119413 -0.0674791 -0.114622 0.177483 0.0335311 0.000927209 0.014547 0.0122471 0.112833 0.0235057 -0.0159072 0.066658 0.0793857 0.0670148 0.0905507 -0.024793 0.0707046 0.0490266 -0.014515 0.0393208 0.0636485 0.0896772 0.157457 0.236954 -0.123482 0.0952849 0.0646774 0.143994 -0.0842857 0.102407 0.0120583 -0.0673143
internal_weight=8000 6418 5745 5431 3237 2920 2194 1561 1262 632 1582 1158 810 368 124 70 244 88 1658 669 317 591 156 314 54 236 169 123 103 83 46 55 630 157 348 989 739 424 340 327 165 442 388 359 295 54 256 216 91 67 162 133 71 43 633 125 101 81 321 322 62 970
internal_count=8000 6418 5745 5431 3237 2920 2194 1561 1262 632 1582 1158 810 368 124 70 244 88 1658 669 317 591 156 314 54 236 169 123 103 83 46 55 630 157 348 989 739 424 340 327 165 442 388 359 295 54 256 216 91 67 162 133 71 43 633 125 101 81 321 322 62 970
is_linear=0
shrinkage=0.05


Tree=73
num_leaves=63
num_cat=0
split_feature=0 0 0 0 7 7 7 7 7 7 7 7 7 7 2 7 7 7 7 7 7 7 2 7 7 7 7 7 6 1 1 5 2 8 3 7 7 7 5 7 7 7 7 7 8 8 6 8 8 6 2 7 4 6 8 3 6 2 5 5 3 5
split_gain=3074.54 1389.98 1888.64 641.966 622.745 2088.36 1033.03 1048.67 5973.09 2841.29 1919.99 642.465 610.112 716.522 542.893 532.233 887.884 453.083 640.307 711.484 1632.59 979.307 378.96 361.234 1113.16 704.592 408.863 358.593 343.106 321.21 574.383 320.317 309.349 295.552 275.359 272.69 855.851 322.959 264.112 261.472 589.003 1711.17 449.779 377.778 244.174 243.564 242.312 242 228.808 219.809 215.408 213.519 208.926 207.899 238.894 207.424 205.32 198.79 196.584 285.192 195.059 211.202
threshold=3.5000000000000004 2.5000000000000004 1.5000000000000002 1.0000000180025095e-35 1.5000000000000002 2.5000000000000004 5.5000000000000009 10.500000000000002 9.5000000000000018 7.5000000000000009 14.500000000000002 13.500000000000002 11.500000000000002 12.500000000000002 1.5000000000000002 18.500000000000004 17.500000000000004 14.500000000000002 12.500000000000002 9.5000000000000018 10.500000000000002 8.5000000000000018 1.0000000180025095e-35 1.5000000000000002 2.5000000000000004 4.5000000000000009 7.5000000000000009 6.5000000000000009 81.500000000000014 2.5000000000000004 1.0000000180025095e-35 9.7081295696342114 2.5000000000000004 0.51169483554895001 7202.5916666666626 1.5000000000000002 2.5000000000000004 5.5000000000000009 18.37362544236964 7.5000000000000009 9.5000000000000018 10.500000000000002 14.500000000000002 12.500000000000002 0.61395179269470079 0.31942621556482037 33.500000000000007 0.58398135235541304 0.43171374718931871 79.500000000000014 1.5000000000000002 5.5000000000000009 23.239453947011814 83.500000000000014 0.335015764103893 7373.8083333333252 19.500000000000004 1.5000000000000002 18.485191952430316 21.462268338982415 8017.0583333333243 13.569446874300329
decision_type=2 2 2 2 2 2 2 2 2 2 2 2 2 2 2 2 2 2 2 2 2 2 2 2 2 2 2 2 2 2 2 2 2 2 2 2 2 2 2 2 2 2 2 2 2 2 2 2 2 2 2 2 2 2 2 2 2 2 2 2 2 2
left_child=1 2 3 29 -2 14 58 8 9 27 11 12 47 28 48 16 -12 18 19 21 49 23 -3 -4 50 52 51 -8 44 30 -1 -17 57 45 -33 -5 -37 -38 55 -39 -41 -42 43 -43 -14 -10 -13 -9 -6 -21 -25 -27 -26 54 -53 -18 -20 -24 60 -60 61 -7
right_child=4 22 17 35 5 6 7 10 33 -11 15 46 13 -15 -16 31 38 -19 56 20 -22 -23 32 24 25 26 -28 -29 -30 -31 -32 34 -34 -35 -36 36 37 39 -40 40 41 42 -44 -45 -46 -47 -48 -49 -50 -51 -52 53 -54 -55 -56 -57 -58 -59 59 -61 -62 -63
leaf_value=-0.083064556024214142 -0.034495004933327439 -0.099042289128531844 -0.026258587162699222 -0.064738068428750226 0.071793355196714412 -0.049410702576860789 0.12159277870458492 -0.061404402076073422 0.57235684556265676 -0.10482312621763692 0.096831788128941387 -0.063918527689847085 0.02083094400392535 -0.061526973444320593 0.45432337718574622 -0.17296612259177935 0.27017406959618845 0.090047151934016842 0.059457866461188703 0.33965050888354664 0.018038548171039552 -0.14816239376234105 -0.048855402603363379 0.16019835685512851 0.0098017544521913913 0.046141043028191608 -0.029249331743589471 0.26466531756152289 0.31386317028885796 -0.085201387971103604 -0.0098013633081223059 0.1899893860925328 -0.077472336906413447 0.6661507173379263 -0.057439841589202061 0.16177333395292121 -0.055939343409240255 0.065844912609513515 0.1639735172574337 -0.090098930645826067 0.24710415398779639 0.0042602745292623064 0.024736875314736798 -0.10403749385081672 0.22524635451180594 0.33918950642858237 -0.27242995800548481 -0.23727726604669327 0.2967415917449846 0.17244538334680015 0.33825741452588276 0.30099826803238228 -0.10155163671701187 0.029199623167514802 0.13455237507642734 0.47533455491065979 -0.091966905173283958 0.001725933906797907 0.17268700860440733 -0.04074109901984533 0.026391262809435531 -0.18481193648858205
leaf_weight=395 150 389 169 156 20 80 94 53 24 156 237 22 48 92 38 21 28 385 27 61 155 79 390 35 77 85 70 82 21 397 829 22 407 30 23 82 250 161 26 162 72 153 446 170 21 21 38 31 26 29 33 29 93 30 84 22 131 387 24 45 42 45
leaf_count=395 150 389 169 156 20 80 94 53 24 156 237 22 48 92 38 21 28 385 27 61 155 79 390 35 77 85 70 82 21 397 829 22 407 30 23 82 250 161 26 162 72 153 446 170 21 21 38 31 26 29 33 29 93 30 84 22 131 387 24 45 42 45
internal_value=-2.96487e-11 -0.0153893 -0.00213088 -0.0237656 0.0624327 0.0725857 0.0575128 0.0776773 0.141582 0.0505418 0.0407846 -0.0481837 -0.0148471 0.0365973 0.314469 0.117311 0.14452 0.0429139 0.0276264 0.0420163 0.11639 0.0187745 -0.0562265 0.0374809 0.0575779 0.0301118 0.0764492 0.188252 0.136902 -0.0461202 -0.0334443 -0.0117218 -0.0421596 0.544588 0.0635256 -0.00183049 0.0047294 -0.00437782 0.293231 0.00669639 -0.00279804 0.0140185 -0.00780482 -0.0527386 0.0830443 0.463545 -0.195976 -0.12631 0.198938 0.285773 0.246609 0.108901 -0.0511151 0.146205 0.177269 0.360445 -0.0660905 -0.0236624 -0.0374992 0.0334948 -0.0668321 -0.0981551
internal_weight=8000 6418 4845 3273 1582 1432 1348 1112 407 332 705 326 266 182 84 379 313 1572 1187 1029 245 784 1573 705 536 468 298 176 90 1621 1224 66 1184 75 45 1652 1496 1414 76 1164 1003 841 769 323 69 45 60 84 46 90 68 228 170 143 113 50 158 777 236 69 167 125
internal_count=8000 6418 4845 3273 1582 1432 1348 1112 407 332 705 326 266 182 84 379 313 1572 1187 1029 245 784 1573 705 536 468 298 176 90 1621 1224 66 1184 75 45 1652 1496 1414 76 1164 1003 841 769 323 69 45 60 84 46 90 68 228 170 143 113 50 158 777 236 69 167 125
is_linear=0
shrinkage=0.05


Tree=74
num_leaves=63
num_cat=0
split_feature=0 2 2 2 1 1 0 0 1 1 1 1 1 3 6 7 7 6 1 1 5 1 1 1 5 5 6 4 4 5 4 7 4 7 8 3 5 4 2 5 8 8 5 6 6 5 8 6 2 3 3 8 3 1 1 4 5 1 8 5 3 4
split_gain=2774.77 1313.19 1338.11 1086.48 595.107 1154.4 416.716 727.666 392.77 364.452 579.393 293.67 619.512 269.737 269.239 486.501 331.329 315.07 260.965 414.439 242.755 241.636 279.148 239.518 296.521 379.756 368.841 234.609 605.675 327.592 351.16 275.09 254.002 247.418 224.004 212.872 210.037 230.082 207.932 207.608 204.005 206.69 249.606 255.664 198.341 313.871 223.273 407.323 327.891 319.362 424.218 276.675 211.107 190.916 181.823 181.352 174.885 174.373 193.768 224.858 173.301 172.54
threshold=3.5000000000000004 1.0000000180025095e-35 2.5000000000000004 1.5000000000000002 2.5000000000000004 1.0000000180025095e-35 2.5000000000000004 1.5000000000000002 1.5000000000000002 2.5000000000000004 1.0000000180025095e-35 2.5000000000000004 1.5000000000000002 9447.4500000000135 26.500000000000004 17.500000000000004 7.5000000000000009 31.500000000000004 2.5000000000000004 1.5000000000000002 25.332857824820522 1.0000000180025095e-35 2.5000000000000004 2.5000000000000004 16.882424990118029 12.727314162436185 81.500000000000014 23.821238525577183 16.723449520198098 16.126280555163465 26.86071981977447 9.5000000000000018 31.267328544374923 10.500000000000002 0.16394098306000052 3178.2333333333368 22.481664035562115 23.042446603614202 1.0000000180025095e-35 8.686627486439134 0.212321539700465 0.82932370537135991 27.505540361807906 11.500000000000002 90.500000000000014 5.1762326063997151 0.58721759511758786 38.500000000000007 1.5000000000000002 4431.9333333333352 7700.7583333333232 0.35596296072615075 7455.9416666666648 1.0000000180025095e-35 1.5000000000000002 12.972626487913375 13.782333149782962 1.5000000000000002 0.31942621556482037 14.606858809432481 6295.3583333333345 30.847203905311101
decision_type=2 2 2 2 2 2 2 2 2 2 2 2 2 2 2 2 2 2 2 2 2 2 2 2 2 2 2 2 2 2 2 2 2 2 2 2 2 2 2 2 2 2 2 2 2 2 2 2 2 2 2 2 2 2 2 2 2 2 2 2 2 2
left_child=1 9 3 18 5 20 7 21 36 10 -1 12 53 23 16 17 -10 -16 19 -3 38 56 57 24 25 39 -26 28 55 30 -29 -31 -32 -30 -6 -21 44 60 -2 -9 -36 42 43 -42 45 -7 47 51 52 -48 -51 -47 -49 -4 -12 -19 -5 -23 59 -59 -38 -39
right_child=4 2 11 6 34 8 -8 13 14 -11 54 -13 -14 -15 15 -17 -18 27 -20 35 -22 22 -24 -25 26 -27 -28 29 33 31 32 -33 -34 -35 40 -37 37 61 -40 -41 41 -43 -44 -45 -46 46 49 48 -50 50 -52 -53 -54 -55 -56 -57 -58 58 -60 -61 -62 -63
leaf_value=-0.090101269955139243 -0.079818900738969259 -0.020601163593646041 -0.073860450034390721 0.040328772451685764 -0.15744865342974665 0.011587100188749342 0.0016396371046086 0.11723672858874004 0.17532239938154817 -0.097229696716250924 -0.040229934703587267 -0.074755749788077364 0.027595750883428794 -0.029009308588915858 0.34000589117407798 0.36191464235385262 -0.0022674138465061272 0.13748892421523731 -0.048032225151249074 -0.062556329088078608 0.10238607555095638 0.039464627713821636 0.0020021853586658835 0.059482867880673196 0.17337309449997754 -0.00052028294437779835 0.41175784945487975 0.0026618913389169253 0.38715645576065238 -0.10347584008930191 0.36760644763708117 0.12770563872023064 0.14179070275841338 0.18091857983515813 0.14667231540273254 0.052565264762766239 0.016799155116081238 0.19287823154812767 0.012270558331280001 0.26618494575514512 0.12774982547760011 0.12699476567006882 0.11536361616518763 -0.039980118461963109 -0.021071593960126242 0.10595435798168183 0.031349120687227693 0.1805098464091619 0.26741531605637353 0.43028303183129302 0.15538258304198582 -0.10704504430294037 -0.046470910124480728 -0.026379884102996139 0.0078068343087355193 -0.05688620995730162 -0.053624942003060942 0.10078071786556393 0.077066032512545637 0.30573962965737222 -0.18066648289561271 -0.012324032187461854
leaf_weight=397 81 853 418 87 20 65 387 75 48 378 391 418 372 29 20 30 58 30 376 45 56 187 200 91 86 52 20 26 33 31 20 22 33 26 27 373 25 21 252 34 25 31 36 249 33 31 20 21 43 23 36 30 20 429 397 20 115 32 153 23 20 20
leaf_count=397 81 853 418 87 20 65 387 75 48 378 391 418 372 29 20 30 58 30 376 45 56 187 200 91 86 52 20 26 33 31 20 22 33 26 27 373 25 21 252 34 25 31 36 249 33 31 20 21 43 23 36 30 20 429 397 20 115 32 153 23 20 20
internal_value=-1.0521e-10 -0.0146198 -0.00178711 0.0169349 0.059311 0.0767925 0.0466821 0.0614046 0.110969 -0.0544809 -0.0408446 -0.0385907 -0.0261895 0.117656 0.146375 0.171226 0.0781506 0.149308 -0.0114396 -0.000614464 0.00606805 0.0340905 0.0501318 0.129537 0.153413 0.110658 0.218351 0.133482 0.187771 0.0886531 0.15317 -0.00751372 0.227004 0.296272 0.00551496 0.0401718 0.0765173 0.00710013 -0.0101296 0.163698 0.0143717 0.00389626 -0.00841359 -0.0246763 0.0950573 0.108318 0.136387 0.0995406 0.170954 0.204016 0.262547 0.00120055 0.0697875 -0.0498119 -0.0160287 0.0597389 -0.0131597 0.0745012 0.106 0.186491 -0.0709634 0.0927796
internal_weight=8000 6418 4855 3218 1582 1194 1571 1184 805 1563 1185 1637 1219 387 397 291 106 261 1647 1271 389 797 595 358 267 161 106 241 109 132 79 53 53 59 388 418 408 86 333 109 368 341 310 274 322 289 224 145 84 79 59 61 41 847 788 50 202 395 208 55 45 41
internal_count=8000 6418 4855 3218 1582 1194 1571 1184 805 1563 1185 1637 1219 387 397 291 106 261 1647 1271 389 797 595 358 267 161 106 241 109 132 79 53 53 59 388 418 408 86 333 109 368 341 310 274 322 289 224 145 84 79 59 61 41 847 788 50 202 395 208 55 45 41
is_linear=0
shrinkage=0.05


Tree=75
num_leaves=63
num_cat=0
split_feature=0 7 7 7 7 7 7 7 7 7 7 7 7 7 7 7 7 7 7 2 7 7 7 7 7 2 6 7 5 8 1 1 5 4 3 4 7 7 4 1 1 6 8 8 8 2 2 4 4 5 8 8 2 5 5 3 8 5 6 3 7 4
split_gain=2504.23 1231.6 2091.03 1210.51 6371.52 2101.72 1772.46 2298.48 763.299 561.289 1854.28 917.953 946.145 5297.44 2553.7 1681.56 579.933 538.793 638.526 480.759 480.202 767.277 321.498 1020.02 317.372 311.178 306.772 298.517 276.325 266.707 259.818 483.518 262.178 255.909 241.73 232.332 231.215 653.579 224.914 224.317 312.875 223.899 219.641 215.536 199.815 187.436 214.763 187.395 378.446 210.933 185.614 180.986 180.114 179.761 251.39 176.901 203.336 215.686 175.313 169.695 169.194 168.237
threshold=3.5000000000000004 1.5000000000000002 2.5000000000000004 9.5000000000000018 10.500000000000002 14.500000000000002 7.5000000000000009 5.5000000000000009 13.500000000000002 1.5000000000000002 2.5000000000000004 5.5000000000000009 10.500000000000002 9.5000000000000018 7.5000000000000009 14.500000000000002 13.500000000000002 11.500000000000002 12.500000000000002 1.5000000000000002 18.500000000000004 17.500000000000004 17.500000000000004 18.500000000000004 6.5000000000000009 1.0000000180025095e-35 81.500000000000014 6.5000000000000009 9.7081295696342114 0.51169483554895001 2.5000000000000004 1.5000000000000002 16.232685403306363 22.070724727514946 7202.5916666666626 26.589831807865146 11.500000000000002 12.500000000000002 19.320773158745595 2.5000000000000004 1.5000000000000002 33.500000000000007 0.58398135235541304 0.31942621556482037 0.43171374718931871 1.0000000180025095e-35 2.5000000000000004 16.619358809137129 25.550151988674415 15.700067359730076 0.4041940079920528 0.16394098306000052 1.5000000000000002 18.485191952430316 21.462268338982415 8017.0583333333243 0.75227629148655428 13.569446874300329 76.500000000000014 6509.0416666666633 8.5000000000000018 25.144070675018177
decision_type=2 2 2 2 2 2 2 2 2 2 2 2 2 2 2 2 2 2 2 2 2 2 2 2 2 2 2 2 2 2 2 2 2 2 2 2 2 2 2 2 2 2 2 2 2 2 2 2 2 2 2 2 2 2 2 2 2 2 2 2 2 2
left_child=1 -1 30 6 25 8 7 -4 36 -2 19 53 13 14 24 16 17 42 26 44 21 61 45 51 -13 -5 38 -9 -22 43 31 -3 -33 -23 -30 -35 58 -38 -19 40 -27 -18 -14 -15 -11 -7 -47 -16 49 -49 -26 -24 -34 55 -55 56 57 59 -6 -12 -8 -17
right_child=9 2 3 4 5 22 60 27 -10 10 11 12 15 29 47 20 41 18 -20 -21 28 33 23 -25 50 39 -28 -29 34 -31 -32 32 52 35 -36 -37 37 -39 -40 -41 -42 -43 -44 -45 -46 46 -48 48 -50 -51 -52 -53 -54 54 -56 -57 -58 -59 -60 -61 -62 -63
leaf_value=-0.077883424565547532 -0.035675322610264022 0.089603410897826835 -0.061058222427772195 0.13413289491271163 -0.097582797724605791 -0.036049800928524368 -0.085656425425705188 0.025149892459902221 -0.13394433316591997 0.066373617798089979 -0.076830834511554605 0.11359752030607234 -0.058752974785231761 0.53639217245702941 -0.24048430068152293 0.05065896838760147 -0.060989148102023383 -0.065033574700355534 -0.060127307280250224 0.42551713568207461 -0.16496258456969548 0.41993457249232702 0.24587992788715796 -0.016308655342692935 0.15416321693919599 0.23178810905503192 0.29451986679009029 0.096508202196231907 0.17318004207177595 0.62649736980597182 0.03926680099654508 0.15595663548149963 0.22431944410006205 0.078812795132398611 -0.058648229584745741 0.29244008111102243 0.025467216957456337 -0.076395172705628622 0.13393721349385321 0.17029428163459942 0.37768738418989989 -0.26142195902372661 -0.22630424773500812 0.31705074359973273 0.2765872222872881 0.033608076117695666 -0.023104198668592091 0.14096347323872827 -0.14933822397259064 -0.058910111744295474 0.30837680892273789 0.097591646231534102 0.43140462466648649 0.16078956785301368 -0.039591584342221424 0.022946446176086155 -0.21435537905033147 -0.15430212350268113 -0.007632156996650325 0.093968596767920715 -0.13742687266163373 0.1353118077512378
leaf_weight=673 150 148 970 81 252 248 300 269 311 20 33 94 53 24 21 130 22 20 92 38 21 21 22 329 32 115 21 322 22 30 77 47 21 20 23 35 311 319 49 67 54 38 31 21 26 487 254 22 80 33 50 318 21 24 45 42 28 38 69 26 333 107
leaf_count=673 150 148 970 81 252 248 300 269 311 20 33 94 53 24 21 130 22 20 92 38 21 21 22 329 32 115 21 322 22 30 77 47 21 20 23 35 311 319 49 67 54 38 31 21 26 487 254 22 80 33 50 318 21 24 45 42 28 38 69 26 333 107
internal_value=8.66745e-11 -0.0138888 -0.00639217 -0.0136454 0.00578856 -0.0173245 -0.042318 -0.0136999 -0.0659461 0.0563455 0.0659845 0.0517815 0.0707896 0.13149 0.0457535 0.0357468 -0.0475144 -0.0158417 0.0325025 0.293909 0.107365 0.133209 0.0196841 0.0464543 0.176308 0.218692 0.127191 0.0640287 -0.0151994 0.511019 0.119061 0.144985 0.237081 0.271451 0.05469 0.214757 -0.043709 -0.0261107 0.0762645 0.247714 0.278407 -0.18793 -0.120587 0.434033 0.18519 0.00157565 0.0141682 -0.101539 -0.0799251 0.0210393 0.248196 0.107187 0.327862 -0.0377821 0.0301062 -0.0658318 -0.0956613 -0.0613991 -0.0782476 -0.00156329 -0.112891 0.0888778
internal_weight=8000 6418 5745 5431 3237 2920 2194 1561 1262 1582 1432 1348 1112 407 332 705 326 266 182 84 379 313 1658 669 176 317 90 591 66 75 314 237 89 76 45 55 951 630 69 236 169 60 84 45 46 989 741 156 135 55 82 340 42 236 69 167 125 97 321 59 633 237
internal_count=8000 6418 5745 5431 3237 2920 2194 1561 1262 1582 1432 1348 1112 407 332 705 326 266 182 84 379 313 1658 669 176 317 90 591 66 75 314 237 89 76 45 55 951 630 69 236 169 60 84 45 46 989 741 156 135 55 82 340 42 236 69 167 125 97 321 59 633 237
is_linear=0
shrinkage=0.05


Tree=76
num_leaves=63
num_cat=0
split_feature=0 0 0 1 1 2 2 2 1 5 5 8 1 1 5 8 2 2 3 0 7 7 4 8 0 8 4 8 8 8 6 4 5 5 4 6 5 4 5 8 5 2 3 3 6 6 7 7 8 8 5 4 3 2 3 7 5 4 8 6 6 8
split_gain=2260.07 1207.82 1676.1 598.463 1267.43 544.971 451.224 553.683 372.011 353.263 453.562 366.679 339.796 545.812 331.619 508.999 278.092 315.746 271.652 250.727 249.921 210.228 209.722 217.522 204.409 202.892 252.414 245.918 336.888 254.808 300.273 328.949 317.967 266.935 249.867 200.559 197.493 197.483 225.678 255.945 217.782 191.414 186.703 282.885 212.644 275.338 244.322 474.924 354.88 234.71 209.089 292.195 191.49 182.798 193.472 180.002 179.143 209.284 215.19 172.826 249.488 215.367
threshold=3.5000000000000004 2.5000000000000004 1.0000000180025095e-35 2.5000000000000004 1.5000000000000002 1.0000000180025095e-35 2.5000000000000004 1.5000000000000002 1.0000000180025095e-35 17.684962880776791 21.327804638931017 0.6401454444566419 2.5000000000000004 1.0000000180025095e-35 12.241351121045659 0.64767478670658218 1.0000000180025095e-35 2.5000000000000004 3987.4166666666711 1.5000000000000002 17.500000000000004 8.5000000000000018 25.144070675018177 0.4041940079920528 1.5000000000000002 0.80170959455314295 29.712010529176705 0.73333085115639951 0.61171447410772839 0.43499593996717401 11.500000000000002 13.367402625966122 7.0043994903351381 17.684962880776791 26.684292683372032 91.500000000000014 22.353523270324875 15.688268860722454 14.777735553535285 0.79841744230046874 13.264151282680176 1.5000000000000002 8766.0083333333514 9368.8333333333721 7.5000000000000009 11.500000000000002 2.5000000000000004 5.5000000000000009 0.35896681153522331 0.78986643674075896 8.5608429970556674 28.393550200141025 6382.2166666666662 1.5000000000000002 4907.6833333333407 8.5000000000000018 18.37362544236964 31.423070090565201 0.42645370767320984 21.500000000000004 68.500000000000014 0.52082400564548048
decision_type=2 2 2 2 2 2 2 2 2 2 2 2 2 2 2 2 2 2 2 2 2 2 2 2 2 2 2 2 2 2 2 2 2 2 2 2 2 2 2 2 2 2 2 2 2 2 2 2 2 2 2 2 2 2 2 2 2 2 2 2 2 2
left_child=1 2 16 4 8 -2 7 25 -4 14 -11 -12 13 -3 18 21 -1 53 -9 -6 37 -16 -20 -24 -10 27 -27 28 29 30 -7 -32 -33 -34 55 42 -35 40 -39 56 -21 -15 44 -44 -8 -46 -47 -48 52 50 -50 -52 -49 -18 -55 -31 -40 58 -58 -26 61 -61
right_child=5 12 3 -5 19 6 35 9 24 10 11 -13 -14 41 15 -17 17 -19 22 20 -22 -23 23 -25 59 26 -28 -29 -30 34 31 32 33 36 -36 -37 -38 38 39 -41 -42 -43 43 -45 45 46 47 48 49 -51 51 -53 -54 54 -56 -57 57 -59 -60 60 -62 -63
leaf_value=-0.078194503661842996 0.0050301109576602757 -0.085961720198654806 -0.016747648265833658 -0.017511843277336108 0.057330234759059309 -0.13712360009551047 -0.12025894444139505 0.2732876791195436 0.0065145543953006591 0.34434345006942751 0.23703153467840618 0.02756538964234866 -0.092871060570512712 -0.038491450593774693 0.030917731589741176 0.17975859596873778 -0.035176253820398906 -0.06715879753080721 0.17044682214122187 0.27772088209788004 0.23372866832292996 -0.16462218168723797 -0.087389739496367316 0.1172801781226607 0.1195942981453503 0.049453133638157988 -0.1722932800473202 0.20671618361154509 -0.048640944366343322 0.10303571924256782 -0.1100069684907794 -0.048941463138908153 0.19740734378045255 -0.048703281305454399 0.03498349962756038 0.15724891080306128 0.13018565939532387 0.035574601367256022 0.23414192423874211 -0.041479381918907168 0.081982378026953462 0.010460564624470762 -0.18066879872764863 0.065538867115974439 0.2108202155002139 0.17001798757566855 -0.15753407064411376 0.051411419987678536 0.069678724507490797 0.14520343783355893 -0.17100981253131134 0.048657590957979363 0.24345169922819845 0.073691803657372171 -0.0080268192572235057 0.28082092046737672 0.17543197984847686 0.22196035672511374 -0.02035880738662349 -0.054211979653946189 0.097307003920866275 0.04982427110169399
leaf_weight=405 424 400 810 799 407 20 22 33 422 40 45 39 374 406 27 33 431 394 68 30 39 28 21 34 85 33 21 29 64 24 23 32 66 27 32 26 36 133 43 20 27 393 28 20 22 26 36 25 30 21 41 24 27 96 295 35 23 28 36 86 118 118
leaf_count=405 424 400 810 799 407 20 22 33 422 40 45 39 374 406 27 33 431 394 68 30 39 28 21 34 85 33 21 29 64 24 23 32 66 27 32 26 36 133 43 20 27 393 28 20 22 26 36 25 30 21 41 24 27 96 295 35 23 28 36 86 118 118
internal_value=7.11214e-11 -0.0131944 -0.000835217 0.0200177 0.0323832 0.0535282 0.0712857 0.0917435 0.00735102 0.137048 0.205768 0.139779 -0.0512619 -0.0382829 0.102125 0.0245158 -0.0423096 -0.0303578 0.145905 0.0845812 0.113845 -0.0686299 0.111729 0.0391335 0.0308974 0.0540236 -0.0367816 0.0666614 0.0553478 0.0779081 0.0468717 0.0668712 0.0921395 0.127136 0.147484 0.0236684 0.053519 0.100094 0.0829924 0.125036 0.185003 -0.0144137 0.0128824 -0.0780823 0.0288178 0.0418325 0.0256684 0.00727092 0.0425863 -0.00606885 -0.039508 -0.0899018 0.151125 -0.0127183 0.0120371 0.208502 0.150654 0.10939 0.0559664 0.0561788 0.0394387 0.00596585
internal_weight=8000 6418 4845 3224 2425 1582 1158 810 1639 368 124 84 1573 1199 244 88 1621 1216 156 786 379 55 123 55 829 442 54 388 359 295 204 184 161 129 91 348 63 340 283 150 57 799 322 48 274 252 230 204 168 116 95 65 52 822 391 59 130 87 59 407 322 204
internal_count=8000 6418 4845 3224 2425 1582 1158 810 1639 368 124 84 1573 1199 244 88 1621 1216 156 786 379 55 123 55 829 442 54 388 359 295 204 184 161 129 91 348 63 340 283 150 57 799 322 48 274 252 230 204 168 116 95 65 52 822 391 59 130 87 59 407 322 204
is_linear=0
shrinkage=0.05


Tree=77
num_leaves=63
num_cat=0
split_feature=0 2 2 2 1 1 1 1 1 1 1 7 3 7 6 1 1 7 7 7 7 7 7 7 7 0 0 5 5 7 5 3 5 7 4 8 7 7 8 3 6 3 7 6 7 7 4 4 4 6 6 4 3 3 6 2 2 3 1 7 5 7
split_gain=2039.71 1113.65 1157.47 940.267 530.33 1027.82 350.103 347.117 706.605 308.322 487.311 247.86 233.649 238.547 461.092 233.094 390.184 225.095 370.338 218.395 2037.52 548.034 482.77 438.126 251.704 218.244 273.365 212.397 203.555 309.459 276.891 272.446 250.544 298.914 230.583 200.777 198.216 284.577 245.971 297.101 266.094 232.861 208.347 213.887 198.114 268.666 194.755 191.919 468.136 230.224 252.624 241.141 227.963 291.157 212.437 182.537 245.931 221.851 179.705 331.35 176.871 173.452
threshold=3.5000000000000004 1.0000000180025095e-35 2.5000000000000004 1.5000000000000002 2.5000000000000004 1.0000000180025095e-35 1.5000000000000002 2.5000000000000004 1.5000000000000002 2.5000000000000004 1.0000000180025095e-35 17.500000000000004 2490.5250000000033 16.500000000000004 36.500000000000007 1.0000000180025095e-35 2.5000000000000004 1.5000000000000002 2.5000000000000004 9.5000000000000018 10.500000000000002 7.5000000000000009 14.500000000000002 5.5000000000000009 13.500000000000002 1.0000000180025095e-35 2.5000000000000004 25.332857824820522 16.126280555163465 2.5000000000000004 17.60408639267602 8624.6083333333554 19.199527021204993 8.5000000000000018 15.843761188351928 0.16394098306000052 1.5000000000000002 10.500000000000002 0.84867803720127599 3932.8083333333375 80.500000000000014 7078.0333333333256 14.500000000000002 47.500000000000007 18.500000000000004 17.500000000000004 21.173289238059258 25.144070675018177 26.771919464643986 66.500000000000014 82.500000000000014 36.104441768219992 4087.9916666666709 7588.0666666666575 16.500000000000004 2.5000000000000004 1.0000000180025095e-35 3555.7833333333333 1.0000000180025095e-35 16.500000000000004 24.823624010180932 16.500000000000004
decision_type=2 2 2 2 2 2 2 2 2 2 2 2 2 2 2 2 2 2 2 2 2 2 2 2 2 2 2 2 2 2 2 2 2 2 2 2 2 2 2 2 2 2 2 2 2 2 2 2 2 2 2 2 2 2 2 2 2 2 2 2 2 2
left_child=1 9 3 17 5 27 47 8 25 10 -1 15 -8 28 -15 -4 -17 -3 -19 21 -21 23 24 60 -22 -5 58 36 29 -14 -30 32 -32 -34 -31 -6 -2 38 39 -38 41 -41 -39 -44 45 -24 -36 54 -49 51 -51 52 -50 -54 -7 56 -56 -58 -27 -60 -20 -10
right_child=4 2 11 7 35 6 12 -9 61 -11 -12 -13 13 14 -16 16 -18 18 19 20 22 -23 44 -25 -26 26 -28 -29 30 34 31 -33 33 -35 46 -37 37 42 -40 40 -42 -43 43 -45 -46 -47 -48 48 49 50 -52 -53 53 -55 55 -57 57 -59 59 -61 -62 -63
leaf_value=-0.081873454961231371 -0.13712740255519748 -0.067671226531169137 -0.07654977208183493 -0.017650584223599216 -0.15421597838401796 -0.07053097546100616 0.29139586687088015 0.0040202283251319247 0.096739270290106372 -0.088561821807294147 -0.013941494604611951 0.020580164825949591 0.26272491259165337 0.02984071978855701 0.32317796902592621 -0.0086275542411735299 -0.071390331729941026 0.10298564690951405 -0.021075575517059256 0.24996677720202853 -0.038258383788590165 -0.10813876461280987 0.0087905118600107163 0.06793632922116026 -0.13850040948951883 0.035824342084730544 -0.0050149081054487255 0.090714235603809368 -0.11061030730605126 -0.046339244306797076 0.28312166474759576 -0.073241679583277028 0.17864722067989955 -0.016011118026156176 0.26053692052761712 0.0084528781404673205 -0.076411937121991763 -0.10560767304750136 -0.11295700271924336 0.17098224438501128 0.26414336751807821 -0.00083633611092762085 0.10471518829916462 -0.070371650884280337 -0.052873186117475046 0.11118813181186425 0.10042029458128816 0.30879858620464806 -0.075685159791083575 -0.15174515772610905 0.066822527196162787 0.2216577121936199 0.2208110096398741 0.0075195277575403454 -0.022716287719575984 -0.047117491743781353 -0.019289195835590363 0.16867110427111798 0.077674115263486665 0.27293079353868965 -0.12871491373219388 0.18425988299662577
leaf_weight=397 30 152 362 184 20 40 22 398 338 378 788 179 41 21 37 718 378 77 203 78 265 172 260 145 82 205 187 56 20 21 20 21 41 38 24 368 27 81 21 33 22 49 33 37 81 85 91 24 21 20 39 36 32 32 38 33 20 73 166 25 47 68
leaf_count=397 30 152 362 184 20 40 22 398 338 378 788 179 41 21 37 718 378 77 203 78 265 172 260 145 82 205 187 56 20 21 20 21 41 38 24 368 27 81 21 33 22 49 33 37 81 85 91 24 21 20 39 36 32 32 38 33 20 73 166 25 47 68
internal_value=-1.50834e-11 -0.0125347 -0.000717097 0.0166954 0.0508518 0.0673544 0.0996025 0.0443687 0.058059 -0.0492425 -0.0367001 -0.0349464 0.13303 0.123739 0.21697 -0.0417635 -0.0302738 -0.00970096 -0.00380699 -0.00960602 0.00641093 -0.0336456 -0.0181652 -0.00120804 -0.0619467 0.0298249 0.0448085 0.00061998 0.106681 0.142315 0.0616305 0.0903373 0.125036 0.0850141 0.106015 6.78855e-05 -0.014531 -0.00239275 0.0459037 0.07137 0.109736 0.0683102 -0.0510091 0.0121693 0.0174972 0.0340189 0.133836 0.0670762 0.101369 0.0737113 -0.00726821 0.113197 0.067261 0.114165 0.0327837 0.0579824 0.0844579 0.12825 0.0683363 0.103231 -0.0413118 0.111398
internal_weight=8000 6418 4855 3218 1582 1194 805 1571 1173 1563 1185 1637 397 375 58 1458 1096 1647 1495 1418 851 567 773 395 347 767 583 389 317 177 140 120 99 79 136 388 333 303 152 131 104 82 151 70 426 345 115 408 204 180 59 121 85 64 204 164 131 93 396 191 250 406
internal_count=8000 6418 4855 3218 1582 1194 805 1571 1173 1563 1185 1637 397 375 58 1458 1096 1647 1495 1418 851 567 773 395 347 767 583 389 317 177 140 120 99 79 136 388 333 303 152 131 104 82 151 70 426 345 115 408 204 180 59 121 85 64 204 164 131 93 396 191 250 406
is_linear=0
shrinkage=0.05


Tree=78
num_leaves=63
num_cat=0
split_feature=0 0 0 0 7 7 7 7 7 7 7 7 7 7 7 7 2 7 7 7 7 7 7 7 7 7 7 7 6 7 7 7 7 7 7 7 7 4 4 5 5 7 7 7 7 3 8 8 8 7 7 7 7 7 6 3 2 4 3 6 2 8
split_gain=1840.84 1078.48 1495.97 501.717 500.572 1616.82 811.912 845.243 4703.44 2263.18 1445.36 530.449 477.445 571.259 429.305 673.826 408.705 338.642 524.459 553.417 1282.94 798.948 310.633 283.288 277.974 890.133 600.239 331.058 276.427 253.542 279.074 246.104 286.233 1101.23 441.744 331.476 362.059 240.642 348.306 240.47 238.715 232.338 215.325 677.129 258.835 212.462 209.111 206.987 201.344 201.118 449.39 1376.16 341.467 308.521 190.89 190.406 186.033 183.258 182.294 178.593 177.888 176.142
threshold=3.5000000000000004 2.5000000000000004 1.5000000000000002 1.0000000180025095e-35 1.5000000000000002 2.5000000000000004 5.5000000000000009 10.500000000000002 9.5000000000000018 7.5000000000000009 14.500000000000002 13.500000000000002 11.500000000000002 12.500000000000002 18.500000000000004 17.500000000000004 1.5000000000000002 14.500000000000002 12.500000000000002 9.5000000000000018 10.500000000000002 8.5000000000000018 1.5000000000000002 6.5000000000000009 1.5000000000000002 2.5000000000000004 4.5000000000000009 7.5000000000000009 81.500000000000014 1.5000000000000002 2.5000000000000004 2.5000000000000004 9.5000000000000018 10.500000000000002 14.500000000000002 7.5000000000000009 6.5000000000000009 19.561970909367755 26.771919464643986 18.37362544236964 9.7081295696342114 3.5000000000000004 1.5000000000000002 2.5000000000000004 5.5000000000000009 7202.5916666666626 0.4441708831187669 0.61395179269470079 0.58398135235541304 7.5000000000000009 9.5000000000000018 10.500000000000002 14.500000000000002 12.500000000000002 79.500000000000014 4431.9333333333352 1.0000000180025095e-35 23.239453947011814 7373.8083333333252 19.500000000000004 1.5000000000000002 0.8228226387353299
decision_type=2 2 2 2 2 2 2 2 2 2 2 2 2 2 2 2 2 2 2 2 2 2 2 2 2 2 2 2 2 2 2 2 2 2 2 2 2 2 2 2 2 2 2 2 2 2 2 2 2 2 2 2 2 2 2 2 2 2 2 2 2 2
left_child=1 2 3 29 -2 16 -7 8 9 23 11 12 48 28 15 -12 -6 18 19 21 54 24 -3 -8 -4 60 57 61 47 -1 -31 -24 35 -34 -35 36 -33 -10 -39 58 -16 -32 -5 -44 -45 -42 -13 -14 -9 -46 -51 -52 53 -53 -21 -23 -43 -27 -17 -20 -26 -28
right_child=4 22 17 42 5 6 7 10 37 -11 14 46 13 -15 40 39 -18 -19 59 20 -22 55 31 -25 25 26 27 -29 -30 30 41 32 33 34 -36 -37 -38 38 -40 -41 45 56 43 44 49 -47 -48 -49 -50 50 51 52 -54 -55 -56 -57 -58 -59 -60 -61 -62 -63
leaf_value=-0.097017733993775709 -0.038592044254144031 -0.11008174011452397 -0.019848427477639898 -0.055992954624637672 0.1700009511216827 -0.040082229141114374 0.10226819901628065 -0.057395850536677076 0.32849429093301297 -0.10004932506589029 0.078194576506168914 -0.28932118920179517 0.011451922372604411 -0.060102671919309569 -0.15978300716905369 0.22879793906052198 0.39158780155213258 0.080608509225504749 0.058919509541657235 0.30562251017230457 0.018075016882390747 -0.23933914190641159 0.05008105493875014 0.22943378435220663 0.1442065708552088 0.011214947090907531 0.08710521769390446 -0.02320917618061815 0.27591207298849313 0.051799595886436491 -0.11627888110246552 -0.072521116725072318 0.15114992648080183 -0.091872403591871266 -0.012550404671156871 -0.1317623941849605 0.051224227000027905 0.69112739846819926 0.43213762754903123 0.12595200065809947 0.15546011911197144 -0.066101215567416077 0.14542433603996094 -0.048523640154302126 0.059424867574125531 -0.061881081306416057 -0.10095280045095611 0.19965874141170867 -0.2178165405027328 -0.077032329776772754 0.2229395097380297 0.0066997625445033987 0.022695396957822949 -0.091168832431602134 0.14980395944981739 -0.075680021784053406 -0.021743073946699915 -0.093074266655590918 0.4211293789473447 -0.082306209306467246 0.30601694656140882 0.23908099049613593
leaf_weight=170 150 178 169 156 46 236 94 53 20 156 237 26 48 92 21 28 38 385 27 61 155 27 72 82 35 77 207 70 21 92 89 279 79 300 423 167 75 21 34 26 22 314 82 250 161 23 34 21 31 162 72 153 446 170 29 52 956 93 22 131 33 21
leaf_count=170 150 178 169 156 46 236 94 53 20 156 237 26 48 92 21 28 38 385 27 61 155 27 72 82 35 77 207 70 21 92 89 279 79 300 423 167 75 21 34 26 22 314 82 250 161 23 34 21 31 162 72 153 446 170 29 52 956 93 22 131 33 21
internal_value=-1.00184e-10 -0.0119079 -0.000229278 -0.019484 0.0483092 0.057412 0.0441495 0.0620261 0.119399 0.0386117 0.0289045 -0.0482877 -0.0179965 0.0275123 0.095302 0.119738 0.270243 0.0398602 0.0266436 0.0396669 0.105261 0.0191688 -0.0478794 0.161516 0.0360651 0.0536945 0.0291335 0.0719021 0.117074 -0.0392464 -0.0324779 -0.0399425 -0.0448417 -0.0260969 -0.0454641 -0.0736965 -0.0463039 0.477017 0.531025 0.249289 -0.0205846 -0.0381832 -9.24305e-05 0.00573677 -0.00236392 0.0443746 -0.182579 0.0687323 -0.116599 0.0075501 -0.000776753 0.0139122 -0.00565864 -0.04481 0.255414 -0.131614 -0.0327104 -0.0458374 0.313424 -0.0581727 0.222732 0.101103
internal_weight=8000 6418 4845 3273 1582 1432 1348 1112 407 332 705 326 266 182 379 313 84 1572 1187 1029 245 784 1573 176 705 536 468 298 90 1621 1451 1395 1323 802 723 521 354 75 55 76 66 1359 1652 1496 1414 45 60 69 84 1164 1003 841 769 323 90 79 1270 170 50 158 68 228
internal_count=8000 6418 4845 3273 1582 1432 1348 1112 407 332 705 326 266 182 379 313 84 1572 1187 1029 245 784 1573 176 705 536 468 298 90 1621 1451 1395 1323 802 723 521 354 75 55 76 66 1359 1652 1496 1414 45 60 69 84 1164 1003 841 769 323 90 79 1270 170 50 158 68 228
is_linear=0
shrinkage=0.05


Tree=79
num_leaves=63
num_cat=0
split_feature=0 1 1 1 2 2 2 7 5 8 4 5 8 7 7 7 3 0 0 7 4 7 7 7 7 7 7 7 7 7 5 6 3 3 2 4 7 8 6 6 8 4 6 4 1 4 5 5 0 6 7 7 7 3 7 7 7 7 7 8 0 7
split_gain=1661.36 1002.87 1967.47 601.504 474.114 380.6 487.009 354.381 323.558 422.068 534.089 285.599 437.526 285.061 917.373 405.874 251.117 242.73 399.733 237.66 216.485 213.114 2452.99 1131.81 689.79 284.553 278.582 292.763 275.996 1195.66 232.812 208.219 206.869 224.478 201.391 197.854 184.285 183.162 478.221 353.511 222.092 267.983 240.892 279.281 290.065 236.895 209.508 183.095 181.273 176.728 172.981 172.27 215.56 192.134 183.12 1018.83 374.995 353.725 187.757 168.808 167.208 164.918
threshold=3.5000000000000004 2.5000000000000004 1.5000000000000002 1.0000000180025095e-35 1.0000000180025095e-35 2.5000000000000004 1.5000000000000002 17.500000000000004 17.684962880776791 0.59921435266171386 23.239453947011814 12.241351121045659 0.64767478670658218 9.5000000000000018 10.500000000000002 14.500000000000002 3987.4166666666711 2.5000000000000004 1.5000000000000002 1.5000000000000002 24.197223922540477 10.500000000000002 9.5000000000000018 7.5000000000000009 5.5000000000000009 14.500000000000002 12.500000000000002 11.500000000000002 2.5000000000000004 1.5000000000000002 16.232685403306363 54.500000000000007 6509.0416666666633 7255.3166666666611 1.0000000180025095e-35 26.928470138722648 8.5000000000000018 0.61171447410772839 77.500000000000014 62.500000000000007 0.43171374718931871 13.367402625966122 88.500000000000014 29.090867104276555 1.0000000180025095e-35 26.684292683372032 14.057718170146698 29.654113498133366 2.5000000000000004 91.500000000000014 8.5000000000000018 2.5000000000000004 5.5000000000000009 6352.3583333333327 10.500000000000002 9.5000000000000018 14.500000000000002 7.5000000000000009 13.500000000000002 0.86858084709962446 2.5000000000000004 18.500000000000004
decision_type=2 2 2 2 2 2 2 2 2 2 2 2 2 2 2 2 2 2 2 2 2 2 2 2 2 2 2 2 2 2 2 2 2 2 2 2 2 2 2 2 2 2 2 2 2 2 2 2 2 2 2 2 2 2 2 2 2 2 2 2 2 2
left_child=1 2 3 19 59 6 37 21 11 20 -11 16 36 34 -15 -16 -8 18 -5 -1 -10 22 23 24 28 26 27 -23 29 -4 -31 -30 -18 -34 48 -35 -13 40 39 -39 41 -6 43 44 -43 50 -45 -36 -3 -7 -42 53 -53 -21 55 57 58 -54 -56 -2 -33 -9
right_child=4 13 7 17 5 49 8 61 9 10 -12 12 -14 14 15 -17 32 -19 -20 51 -22 25 -24 -25 -26 -27 -28 -29 31 30 -32 60 33 35 47 -37 -38 38 -40 -41 45 42 -44 46 -46 -47 -48 -49 -50 -51 -52 52 54 -55 56 -57 -58 -59 -60 -61 -62 -63
leaf_value=-0.098617981507683583 -0.0067221956763101462 -0.088422104990375894 -0.0095680787706644184 -0.0099806239760182602 -0.11461642740666866 0.0085993360950733008 0.25341447233363534 0.16067940558824276 0.182600419378529 0.25472254346717488 -0.021951205585453964 0.025133529691784468 0.16222033474707243 0.1262960516355848 -0.08813235353228327 -0.011360750916543058 -0.01362375424754235 -0.034125726365392732 0.05056033052866752 0.16932312697172167 0.38407212227582932 -0.039226179315071358 0.33666453221812848 -0.094349485909219322 0.15165082036794442 0.052209533133774036 -0.069207916928290522 0.1030332470825617 -0.053716388862166148 0.13802241976273821 0.30001472856494643 0.06867674660974557 0.26718822640056411 0.1543546448440053 -0.061222200096270496 -0.022531053543090821 -0.15794406724827631 0.010022910778549896 -0.14980074040687238 0.2385900594648861 0.090942788421391307 -0.17490039826794104 0.19772364662753211 0.0014410573244094849 0.032212250363336851 0.024988132145474941 0.20773277636617424 0.048245575637897345 -0.21286159737690077 0.14411766850031341 0.26019202772941857 -0.085278229813637418 0.0065354991906012103 -0.012093045424532009 -0.06615750402192741 0.14957863347427477 -0.015988927694275904 -0.10241637249977481 -0.15588941431858325 0.13551908027042042 -0.068158770686593553 0.059154156924018431
leaf_weight=178 402 140 180 826 25 322 33 90 24 33 37 27 33 89 300 404 31 417 407 20 30 76 70 153 148 247 147 69 126 47 42 97 24 43 559 25 28 87 39 21 26 22 27 20 73 34 32 41 37 26 36 232 150 54 240 84 422 148 77 22 29 72
leaf_count=178 402 140 180 826 25 322 33 90 24 33 37 27 33 89 300 404 31 417 407 20 30 76 70 153 148 247 147 69 126 47 42 97 24 43 559 25 28 87 39 21 26 22 27 20 73 34 32 41 37 26 36 232 150 54 240 84 422 148 77 22 29 72
internal_value=-2.31072e-11 -0.0113125 -6.49104e-05 -0.022348 0.0458937 0.0624567 0.0812454 0.0454665 0.123735 0.189502 0.108481 0.0903126 0.0182891 -0.0460441 -0.0249547 -0.0440759 0.130941 -0.00114931 0.0100033 -0.0441411 0.294529 0.0375317 0.0525309 0.0283346 0.0563924 0.0127093 -0.0207036 0.0284697 0.0293324 0.0645555 0.214468 -0.00826677 0.0980826 0.135723 -0.0675677 0.0893231 -0.0680696 0.0458694 0.000273167 0.0544665 0.0685902 0.0384577 0.0604511 0.0352378 -0.0157507 0.131052 0.12839 -0.0537419 -0.114435 0.0187243 0.189217 -0.0373458 -0.0414086 0.0369384 -0.0323294 -0.00422171 -0.0468587 -0.0475748 -0.0879536 0.000658248 0.0371829 0.115557
internal_weight=8000 6418 4848 3255 1582 1158 810 1593 368 124 70 244 88 1570 793 704 156 1650 1233 1605 54 1431 892 822 669 539 292 145 521 269 89 252 123 92 777 68 55 442 147 108 295 199 174 147 95 96 52 600 177 348 62 1427 1353 74 1121 382 739 298 317 424 126 162
internal_count=8000 6418 4848 3255 1582 1158 810 1593 368 124 70 244 88 1570 793 704 156 1650 1233 1605 54 1431 892 822 669 539 292 145 521 269 89 252 123 92 777 68 55 442 147 108 295 199 174 147 95 96 52 600 177 348 62 1427 1353 74 1121 382 739 298 317 424 126 162
is_linear=0
shrinkage=0.05


Tree=80
num_leaves=63
num_cat=0
split_feature=0 2 2 2 1 1 1 7 7 1 1 0 0 3 0 0 4 1 1 0 7 6 5 8 5 7 5 3 5 3 6 4 4 5 3 7 7 7 2 3 5 7 5 4 7 7 8 3 6 3 7 6 4 8 8 5 8 6 6 6 7 7
split_gain=1499.38 962.237 1041.63 842.31 470.969 906.888 305.156 289.031 383.418 283.402 458.348 250.634 293.925 208.678 202.834 334.258 197.487 193.94 320.437 222.417 192.448 398.417 190.665 174.774 174.637 275.942 247.025 257.478 215.097 272.617 292.522 205.579 176.823 172.99 449.186 233.535 229.889 286.497 220.974 203.013 174.829 171.016 168.201 192.822 167.26 233.788 209.926 256.247 226.371 202.782 165.962 200.196 164.196 161.448 168.653 208.642 272.123 246.672 155.609 154.057 166.046 365.602
threshold=3.5000000000000004 1.0000000180025095e-35 2.5000000000000004 1.5000000000000002 2.5000000000000004 1.5000000000000002 1.0000000180025095e-35 17.500000000000004 18.500000000000004 2.5000000000000004 1.0000000180025095e-35 2.5000000000000004 1.0000000180025095e-35 2490.5250000000033 2.5000000000000004 1.0000000180025095e-35 21.071230462141468 2.5000000000000004 1.0000000180025095e-35 2.5000000000000004 16.500000000000004 36.500000000000007 25.332857824820522 0.16394098306000052 16.126280555163465 2.5000000000000004 17.60408639267602 8624.6083333333554 19.199527021204993 5332.9416666666702 45.500000000000007 15.843761188351928 20.196419348538004 26.858794609445813 6295.3583333333345 17.500000000000004 10.500000000000002 5.5000000000000009 1.0000000180025095e-35 4673.2666666666746 18.163693513364951 2.5000000000000004 10.478655452489479 24.680379696554059 1.5000000000000002 10.500000000000002 0.84867803720127599 3932.8083333333375 80.500000000000014 7078.0333333333256 14.500000000000002 47.500000000000007 13.367402625966122 0.212321539700465 0.82932370537135991 26.451831545503087 0.62872286442738001 11.500000000000002 90.500000000000014 59.500000000000007 9.5000000000000018 12.500000000000002
decision_type=2 2 2 2 2 2 2 2 2 2 2 2 2 2 2 2 2 2 2 2 2 2 2 2 2 2 2 2 2 2 2 2 2 2 2 2 2 2 2 2 2 2 2 2 2 2 2 2 2 2 2 2 2 2 2 2 2 2 2 2 2 2
left_child=1 11 3 17 5 6 22 9 16 10 -5 12 -1 -7 15 -4 -9 18 -3 59 24 -22 44 -6 25 -15 -26 28 -28 -30 -31 -27 -33 35 -35 36 37 38 -8 -40 -39 -41 43 -38 -2 46 47 -46 49 -49 -47 -52 -21 -25 55 57 -57 -55 -59 60 -20 -62
right_child=4 2 14 7 23 13 33 8 -10 -11 -12 -13 -14 20 -16 -17 -18 -19 19 52 21 -23 -24 53 26 31 27 -29 29 30 -32 32 -34 34 -36 -37 42 40 39 41 -42 -43 -44 -45 45 50 -48 48 -50 -51 51 -53 -54 54 -56 56 -58 58 -60 -61 61 -63
leaf_value=-0.067816839316697436 -0.13026122538993756 -0.035276521322340139 -0.060076880943193224 0.0005535731930838406 -0.14820479620248081 0.27055637321688913 -0.094497614383697526 0.06799295965444159 0.032399768128221776 -0.0032622114666917982 0.071493731209068975 -0.079651495942649628 -0.015187082601168363 0.24349872647989088 -0.062829894117790192 -0.0042154062464699578 0.23169464363620201 -0.039772726473041836 -0.019181535392765649 0.079365101623378939 0.021904336235352928 0.2945774010709814 0.082071679245148396 0.12125970421841853 -0.10762402400374414 -0.048338194830077036 0.26238561870530247 -0.076845018210865201 -0.053786326959156076 0.028611434637396422 0.26358476487489851 0.24578725604907325 0.090787842438515773 0.11286489814519883 -0.19047556493593298 0.19954720023088157 -0.01662313545292074 0.11291013613565644 -0.040150833760316557 0.22621436166763306 0.26566485126431172 0.050449675225442463 -0.049910540517532465 0.16176976300776005 -0.076438172961826686 -0.099288424674743497 -0.10947889458565485 0.15404113596587471 0.23885478858243336 -0.0062970675832154793 0.095363063997391501 -0.074027311107194113 -0.04543062414952808 0.11958757663766545 0.10544194300328531 0.20823063477873804 -0.043401279832635614 -0.064299722484179908 0.052495069892117475 0.062315395815446699 0.14710576926037425 -0.0010861115743413226
leaf_weight=405 30 410 394 337 20 22 25 27 92 355 702 389 769 41 407 836 58 376 199 31 21 37 56 27 20 21 20 21 26 27 26 23 92 26 23 32 33 67 26 25 26 31 66 28 27 81 21 33 22 49 33 37 176 24 31 22 21 210 33 263 61 131
leaf_count=405 30 410 394 337 20 22 25 27 92 355 702 389 769 41 407 836 58 376 199 31 21 37 56 27 20 21 20 21 26 27 26 23 92 26 23 32 33 67 26 25 26 31 66 28 27 81 21 33 22 49 33 37 176 24 31 22 21 210 33 263 61 131
internal_value=-1.60817e-12 -0.0107469 0.000237984 0.0167562 0.0435991 0.0591507 0.0283961 0.0429484 0.103135 0.0353064 0.0484843 -0.0448683 -0.033343 0.120892 -0.0322334 -0.0221092 0.179695 -0.00822732 0.00110476 0.0184292 0.112112 0.195851 -0.00328919 -0.00425835 0.0967908 0.129796 0.0550625 0.082177 0.115909 0.0788262 0.143881 0.0955183 0.121788 0.0586058 -0.0295194 0.070634 0.0580186 0.091426 0.0356349 0.0753095 0.155616 0.128916 0.00540862 0.0652621 -0.0176442 -0.00649397 0.037281 0.0608074 0.0964385 0.0582293 -0.0505589 0.00582815 -0.0267414 0.00356483 -0.00575412 -0.0168737 0.0853406 -0.0333352 -0.0484387 0.0327263 0.0128236 0.0459957
internal_weight=8000 6418 4855 3218 1582 1194 797 1571 177 1394 1039 1563 1174 397 1637 1230 85 1647 1271 861 375 58 389 388 317 177 140 120 99 79 53 136 115 408 49 359 327 200 107 82 93 56 127 61 333 303 152 131 104 82 151 70 207 368 341 310 43 267 243 654 391 192
internal_count=8000 6418 4855 3218 1582 1194 797 1571 177 1394 1039 1563 1174 397 1637 1230 85 1647 1271 861 375 58 389 388 317 177 140 120 99 79 53 136 115 408 49 359 327 200 107 82 93 56 127 61 333 303 152 131 104 82 151 70 207 368 341 310 43 267 243 654 391 192
is_linear=0
shrinkage=0.05


Tree=81
num_leaves=63
num_cat=0
split_feature=0 7 7 7 7 7 7 7 7 7 7 7 7 7 7 7 7 7 7 7 7 2 7 7 1 1 6 1 1 8 5 2 7 7 5 1 6 8 3 8 6 2 8 8 2 8 7 6 4 6 6 3 5 5 3 8 5 6 7 3 4 6
split_gain=1353.19 896.293 1579.78 879.802 4816.43 1549.61 1351.06 1779.15 608.292 441.159 1417.81 713.432 728.396 4177.14 2012.13 1239.11 491.497 417.98 509.108 394.074 571.253 349.049 263.961 246.664 241.593 402.191 238.562 237.694 366.215 230.043 221.303 220.807 210.76 540.873 206.391 199.488 196.117 184.524 180.242 179.948 178.047 174.725 170.076 168.667 168.108 166.125 164.614 207.337 171.873 159.212 157.475 153.326 152.673 215.609 161.998 182.282 185.539 149.702 149.354 148.053 212.411 217.767
threshold=3.5000000000000004 1.5000000000000002 2.5000000000000004 9.5000000000000018 10.500000000000002 14.500000000000002 7.5000000000000009 5.5000000000000009 13.500000000000002 1.5000000000000002 2.5000000000000004 5.5000000000000009 10.500000000000002 9.5000000000000018 7.5000000000000009 14.500000000000002 13.500000000000002 11.500000000000002 12.500000000000002 18.500000000000004 17.500000000000004 1.5000000000000002 6.5000000000000009 6.5000000000000009 2.5000000000000004 1.5000000000000002 81.500000000000014 1.0000000180025095e-35 2.5000000000000004 0.51169483554895001 18.37362544236964 1.5000000000000002 11.500000000000002 12.500000000000002 9.7081295696342114 1.5000000000000002 33.500000000000007 0.61395179269470079 7202.5916666666626 0.58398135235541304 50.500000000000007 1.5000000000000002 0.31942621556482037 0.43171374718931871 1.0000000180025095e-35 0.4041940079920528 8.5000000000000018 69.500000000000014 25.550151988674415 66.500000000000014 76.500000000000014 3511.4750000000026 18.485191952430316 21.462268338982415 8017.0583333333243 0.75227629148655428 13.569446874300329 52.500000000000007 1.0000000180025095e-35 8891.116666666685 24.389712228185214 46.500000000000007
decision_type=2 2 2 2 2 2 2 2 2 2 2 2 2 2 2 2 2 2 2 2 2 2 2 2 2 2 2 2 2 2 2 2 2 2 2 2 2 2 2 2 2 2 2 2 2 2 2 2 2 2 2 2 2 2 2 2 2 2 2 2 2 2
left_child=1 58 31 6 24 8 7 -4 32 -2 21 52 13 14 23 16 17 39 26 20 59 43 -9 -13 25 44 37 -7 35 42 40 -3 50 -34 -21 -29 -18 -19 -36 -14 -22 51 -15 -11 -5 -25 47 48 -16 -27 -6 -37 54 -54 55 56 -12 -26 -1 60 61 -17
right_child=9 2 3 4 5 27 -8 22 -10 10 11 12 15 29 46 19 36 18 -20 34 30 -23 -24 45 57 49 -28 28 -30 -31 -32 -33 33 -35 38 41 -38 -39 -40 -41 -42 -43 -44 -45 -46 -47 -48 -49 -50 -51 -52 -53 53 -55 -56 -57 -58 -59 -60 -61 -62 -63
leaf_value=-0.041142454369918015 -0.040162096120417122 0.063300254255841681 -0.05124352980438697 0.090282829591008126 -0.086845382531256676 -0.014267939217035522 -0.096178276988451106 0.022249312886187537 -0.1160983822577621 0.047465995699167256 -0.0078719330288596068 0.092030956021490251 -0.055048462418171601 0.46400583709279702 0.11042389923875982 -0.076125564763529441 -0.05837991478090937 0.0093784114656349019 -0.058890723744812225 -0.15542798993133367 0.3763379668196043 0.36140708656687487 0.089350391072886337 0.12173292916268111 0.1985679021155512 0.26923231432328421 0.25592920052863305 0.024084313714823932 -0.0098633973956071212 0.55182645042737322 0.10940947205974505 0.14715762042031166 0.028177585276712176 -0.06448671859470094 0.13672107729044827 -0.091056777648627768 -0.24596567110795725 0.18707987318436306 -0.063462487770163487 -0.20670626629744807 0.18702653021268223 0.10581780931474094 0.26916376959000315 0.24060142200726731 0.20616325668666674 0.26762588597391729 -0.1520115555313073 -0.17995127872987227 -0.066964482503115305 0.43378288802646453 -0.001593544409758803 0.054674746001491685 0.14217770736043653 -0.043395745456218722 0.017693476600661166 -0.20818980104689089 -0.14953470202653033 0.06699206111952663 -0.088251618265667547 0.18792465801040334 0.10804599099434341 0.067417789623141294
leaf_weight=335 150 157 970 43 252 422 633 269 311 20 59 94 53 24 22 45 22 48 92 21 27 38 322 32 37 49 21 423 404 30 26 157 311 319 22 20 38 21 23 31 23 204 21 26 115 50 76 22 36 21 69 185 24 45 42 28 38 52 338 24 104 64
leaf_count=335 150 157 970 43 252 422 633 269 311 20 59 94 53 24 22 45 22 48 92 21 27 38 322 32 37 49 21 423 404 30 26 157 311 319 22 20 38 21 23 31 23 204 21 26 115 50 76 22 36 21 69 185 24 45 42 28 38 52 338 24 104 64
internal_value=5.36456e-11 -0.0102096 -0.00381432 -0.0101188 0.0064492 -0.0136463 -0.034563 -0.00957741 -0.0553959 0.0414191 0.0499646 0.0375452 0.0543025 0.107562 0.0314291 0.0235554 -0.0479175 -0.0187596 0.0238209 0.0850335 0.108446 0.249267 0.0588086 0.147316 0.191556 0.218828 0.108371 0.0181317 0.0291937 0.444578 0.227729 0.105229 -0.0355447 -0.0187429 -0.0259964 0.0481589 -0.177184 0.0634615 0.034405 -0.111017 0.289255 0.0730575 0.37308 0.156629 0.174626 0.210692 -0.0993154 -0.049254 0.000320766 0.318597 -0.0685202 0.040457 -0.0414131 0.0211515 -0.0672632 -0.0958086 -0.0633687 0.121692 -0.064802 0.0701944 0.056929 0.00815677
internal_weight=8000 6418 5745 5431 3237 2920 2194 1561 1262 1582 1432 1348 1112 407 332 705 326 266 182 379 313 84 591 176 317 228 90 1658 1236 75 76 314 951 630 66 832 60 69 45 84 50 409 45 46 158 82 156 80 58 70 321 205 236 69 167 125 97 89 673 237 213 109
internal_count=8000 6418 5745 5431 3237 2920 2194 1561 1262 1582 1432 1348 1112 407 332 705 326 266 182 379 313 84 591 176 317 228 90 1658 1236 75 76 314 951 630 66 832 60 69 45 84 50 409 45 46 158 82 156 80 58 70 321 205 236 69 167 125 97 89 673 237 213 109
is_linear=0
shrinkage=0.05


Tree=82
num_leaves=63
num_cat=0
split_feature=1 1 1 0 0 7 7 7 7 7 7 7 7 7 7 6 3 7 7 7 7 7 5 5 2 3 7 7 0 0 7 2 7 7 7 7 7 7 7 6 7 6 7 4 4 4 8 5 7 7 6 5 5 7 2 4 4 6 6 4 3 3
split_gain=1225.28 2428.83 749.98 615.233 387.342 366.367 322.432 312.66 367.812 280.14 269.905 263.486 538.017 1233.76 506.122 366.597 304.17 251.64 308.684 1659.63 690.511 545.135 295.408 254.422 237.976 232.551 222.319 258.844 201.415 352.714 200.025 198.073 194.927 1943.04 957.75 587.18 216.794 230.073 246.157 193.528 286.321 261.815 257.263 192.548 418.825 289.283 244.805 262.872 185.494 927.712 236.826 208.217 191.971 173.867 159.077 156.714 383.832 197.829 219.04 194.78 193.81 291.857
threshold=2.5000000000000004 1.5000000000000002 1.0000000180025095e-35 3.5000000000000004 3.5000000000000004 1.5000000000000002 1.5000000000000002 2.5000000000000004 5.5000000000000009 17.500000000000004 2.5000000000000004 7.5000000000000009 9.5000000000000018 10.500000000000002 14.500000000000002 52.500000000000007 6761.6833333333307 5.5000000000000009 10.500000000000002 9.5000000000000018 7.5000000000000009 14.500000000000002 10.800132981654654 31.255101965518396 1.5000000000000002 5067.5333333333374 12.500000000000002 11.500000000000002 2.5000000000000004 1.5000000000000002 1.0000000180025095e-35 2.5000000000000004 10.500000000000002 9.5000000000000018 7.5000000000000009 6.5000000000000009 14.500000000000002 12.500000000000002 11.500000000000002 26.500000000000004 17.500000000000004 31.500000000000004 7.5000000000000009 23.821238525577183 16.723449520198098 25.758673853556193 0.30974071199794823 16.361471810312668 1.5000000000000002 2.5000000000000004 55.500000000000007 16.232685403306363 21.001646945361454 12.500000000000002 1.5000000000000002 25.144070675018177 26.771919464643986 66.500000000000014 82.500000000000014 36.104441768219992 4431.9333333333352 7588.0666666666575
decision_type=2 2 2 2 2 2 2 2 2 2 2 2 2 2 2 2 2 2 2 2 2 2 2 2 2 2 2 2 2 2 2 2 2 2 2 2 2 2 2 2 2 2 2 2 2 2 2 2 2 2 2 2 2 2 2 2 2 2 2 2 2 2
left_child=1 2 6 9 28 30 54 -7 -9 32 25 24 -13 15 -15 16 -14 -12 19 20 -19 26 -21 -23 -10 -8 27 -20 29 -4 -2 -26 33 34 35 48 37 38 -34 42 41 -41 -5 44 -43 -45 -47 -48 -3 51 -51 -50 -52 -46 -1 -6 -57 59 -59 60 -58 -62
right_child=5 3 4 39 55 7 10 8 11 -11 17 12 13 14 -16 -17 -18 18 21 22 -22 23 -24 -25 31 -27 -28 -29 -30 -31 -32 -33 36 -35 -36 -37 -38 -39 -40 40 -42 43 -44 45 53 46 47 -49 49 50 52 -53 -54 -55 -56 56 57 58 -60 -61 61 -63
leaf_value=-0.13519837206516128 -0.050353278449484118 -0.0056040407168782419 -0.0093022404032529361 0.1398486119074126 0.022731033336444231 0.061732874148119093 0.20853746458888056 -0.08242011740458785 -0.028950866586750463 0.10481454808678892 -0.073205545971616201 -0.10475319576585414 0.12755732648074627 -0.07771730128554627 -0.00074223086159045423 0.062694084391530069 0.38201014334740852 0.027851714978860034 -0.10127747696268996 0.34085550981760027 -0.10687688834598807 -0.012895412088074255 0.14239199658234913 0.13959253885108849 0.14819727898575366 0.015515955264719439 -0.12068371784057796 0.0079403424394075533 -0.030728795851761706 0.047566768814458094 -0.14922778324927299 0.010544512686984879 -0.034848871434989735 0.30266760985766139 -0.084604702387126834 0.18027087866938041 0.046180334202341945 -0.061541796786881681 0.095596566786179726 0.29015629976987839 0.2794230711522202 0.044608956828713422 -0.016638007541668828 -0.095736866506437465 0.30276780571693029 -0.044657833509457609 0.21116703873386189 0.031755878073828563 0.12577494213238677 -0.027440987006339131 0.091639268180976313 0.27897167656393279 -0.032975418564109578 0.12144291847944261 -0.049135730432363245 0.27253331560641531 -0.068978453589522315 -0.1499342330545187 0.053587559935374146 0.19374440368264914 0.21300657764077188 -0.0040711849462240933
leaf_weight=104 107 180 826 48 204 94 20 297 84 162 286 199 24 375 496 56 23 198 109 25 183 482 75 29 56 71 193 108 417 407 98 49 76 70 153 81 247 147 69 20 30 50 58 24 39 24 49 35 47 160 117 42 42 20 111 24 23 20 39 36 30 32
leaf_count=104 107 180 826 48 204 94 20 297 84 162 286 199 24 375 496 56 23 198 109 25 183 482 75 29 56 71 193 108 417 407 98 49 76 70 153 81 247 147 69 20 30 50 58 24 39 24 49 35 47 160 117 42 42 20 111 24 23 20 39 36 30 32
internal_value=-1.21199e-10 0.0111393 -0.0110769 0.0563756 0.0100969 -0.0343737 -0.0329304 -0.0269775 -0.0320039 0.0424968 -0.0259407 -0.02101 -0.0298376 -0.0145315 -0.033883 0.149111 0.252077 -0.0304626 -0.0217433 0.0107213 -0.0368604 -0.0386982 0.192008 -0.0042415 0.033777 0.0579383 -0.081643 -0.0469202 -0.000689626 0.00946961 -0.0976201 0.0839593 0.035442 0.0497869 0.0282521 0.0540624 0.0117023 -0.0174623 0.0272252 0.112065 0.133135 0.11632 0.0542239 0.101894 0.151076 0.0612816 0.0961746 0.136412 0.0366765 0.0553297 0.0155055 0.19807 0.0587222 0.241302 -0.090766 0.0537191 0.0847071 0.0596636 -0.0154029 0.0962662 0.0549814 0.100966
internal_weight=8000 6042 4052 1990 2058 1958 1994 1753 1659 1593 1779 1362 1173 974 871 103 47 1688 1402 481 381 921 100 511 189 91 410 217 1650 1233 205 105 1431 892 822 669 539 292 145 397 291 261 106 241 109 132 108 84 588 408 319 89 159 59 215 408 204 180 59 121 85 62
internal_count=8000 6042 4052 1990 2058 1958 1994 1753 1659 1593 1779 1362 1173 974 871 103 47 1688 1402 481 381 921 100 511 189 91 410 217 1650 1233 205 105 1431 892 822 669 539 292 145 397 291 261 106 241 109 132 108 84 588 408 319 89 159 59 215 408 204 180 59 121 85 62
is_linear=0
shrinkage=0.05


Tree=83
num_leaves=63
num_cat=0
split_feature=2 2 2 0 7 7 0 0 1 1 0 7 7 7 7 7 7 7 0 3 0 1 0 5 7 5 4 3 6 7 8 6 5 5 8 3 7 4 3 8 6 8 8 8 5 1 1 6 5 5 7 0 0 4 5 4 3 5 5 7 7 7
split_gain=1171.21 1329.27 1067.87 578.917 329.741 291.38 282.636 545.744 271.851 561.546 271.814 263.425 955.511 455.618 495.727 890.863 2293.32 632.924 321.018 247.392 261.804 244.022 325.802 253.118 211.099 209.982 297.263 312.14 296.688 216.479 213.107 185.592 179.488 319.155 315.824 294.031 274.841 245.546 220.271 248.74 360.984 327.013 174.951 435.018 374.774 452.972 271.326 248.748 237.965 216.638 174.743 174.476 252.794 173.381 162.332 162.175 161.61 235.249 193.897 156.442 552.542 155.404
threshold=1.0000000180025095e-35 2.5000000000000004 1.5000000000000002 3.5000000000000004 1.5000000000000002 17.500000000000004 2.5000000000000004 1.5000000000000002 2.5000000000000004 1.5000000000000002 3.5000000000000004 1.5000000000000002 2.5000000000000004 5.5000000000000009 7.5000000000000009 9.5000000000000018 10.500000000000002 14.500000000000002 1.5000000000000002 8101.8750000000036 3.5000000000000004 2.5000000000000004 2.5000000000000004 16.015849121328408 13.500000000000002 16.882424990118029 24.389712228185214 8891.116666666685 81.500000000000014 16.500000000000004 0.41064590489498837 47.500000000000007 17.927518552555288 12.241351121045659 0.59921435266171386 7101.8416666666626 7.5000000000000009 23.239453947011814 3656.2500000000023 0.50857016199230187 64.500000000000014 0.74874040481082493 0.57872006561229261 0.51797154893339814 23.61836524305976 2.5000000000000004 1.0000000180025095e-35 88.500000000000014 7.0043994903351381 7.6394818502120767 17.500000000000004 2.5000000000000004 1.0000000180025095e-35 27.584252552225678 25.332857824820522 25.144070675018177 7682.9249999999911 17.60408639267602 22.481664035562115 10.500000000000002 9.5000000000000018 8.5000000000000018
decision_type=2 2 2 2 2 2 2 2 2 2 2 2 2 2 2 2 2 2 2 2 2 2 2 2 2 2 2 2 2 2 2 2 2 2 2 2 2 2 2 2 2 2 2 2 2 2 2 2 2 2 2 2 2 2 2 2 2 2 2 2 2 2
left_child=4 2 10 6 -1 32 7 -4 9 50 51 -3 18 -14 19 -16 21 24 -13 20 -15 22 23 -17 -18 26 -9 29 30 31 54 -28 33 38 -34 -35 -37 -36 -5 40 -40 -41 43 47 45 46 -44 48 -12 -48 59 52 -2 -51 -27 -20 -50 -58 -59 60 61 -6
right_child=1 11 3 5 8 -7 -8 25 -10 -11 42 12 13 14 15 16 17 -19 55 -21 -22 -23 -24 -25 -26 28 27 -29 -30 -31 -32 -33 34 35 37 36 -38 -39 39 41 -42 -43 44 -45 -46 -47 49 -49 56 53 -52 -53 -54 -55 -56 -57 57 58 -60 -61 -62 -63
leaf_value=-0.089301523744481914 -0.028621985433999183 -0.075587550837671366 0.029469789620640792 0.23722501774628957 -0.035423475533981487 0.26570837518998552 0.0039045089538129727 0.13207570709218489 -0.059638671849467112 0.03178469330438128 -0.098698565714499531 0.049733244969921063 -0.079508447114910397 0.063975610529834567 -0.12314183853410615 0.09860979553424952 -0.060298476272433156 0.0039096778911326272 0.14806747273965315 -0.02987537312393005 0.23773175816017167 0.088478924632072464 0.39706401979481737 0.32403244290500882 -0.14817416335973474 0.12024444956332446 -0.077855996601283561 -0.15749765889985223 0.30055948054561249 0.18916801764913227 0.062910453695803878 0.078942928673780499 0.24494032153660164 -0.11113578842801822 0.18605085579412325 0.20506955466487189 -0.044858066297390246 -0.012601345394338881 0.10934401022063361 0.25858306652482821 -0.14773411082781174 0.020368174836039546 -0.050469160036494334 0.27553813098506497 -0.16597405243022689 -0.14099296540021897 -0.0042953220803452581 0.16142713129520417 0.086314907879794692 0.26653067309941564 0.026405530601347749 -0.035862016538874462 0.018616069797014922 0.093531168500582379 0.29667836129665376 0.3423238385823511 0.089730099498322516 -0.20133964642882349 0.013766779073260047 -0.071475615270233231 0.12383986384849306 -0.13418180453280609
leaf_weight=232 431 209 797 30 347 28 387 107 445 438 34 43 308 110 191 33 284 518 22 52 27 30 27 20 90 32 32 21 26 23 78 46 49 37 28 22 22 35 36 34 22 25 30 22 29 30 23 38 103 28 95 390 826 30 22 21 33 20 22 331 54 45
leaf_count=232 431 209 797 30 347 28 387 107 445 438 34 43 308 110 191 33 284 518 22 52 27 30 27 20 90 32 32 21 26 23 78 46 49 37 28 22 22 35 36 34 22 25 30 22 29 30 23 38 103 28 95 390 826 30 22 21 33 20 22 331 54 45
internal_value=5.16884e-11 0.0109975 0.0275007 0.0542224 -0.0332804 0.110671 0.0409995 0.0531243 -0.0258748 -0.0144053 0.00269767 -0.0224909 -0.0162425 -0.0245157 -0.0122597 -0.0241789 -0.00531473 -0.0318781 0.146335 0.0629765 0.0982195 0.21009 0.255694 0.183675 -0.081445 0.101839 0.0712467 0.0178967 0.146179 0.0543648 0.115771 0.0146152 0.0979032 0.0724414 0.149736 -0.0072515 0.0801057 0.0756885 0.116354 0.0853612 0.0118316 0.157645 0.0375132 0.0623821 -0.00227712 0.031391 0.0779813 0.0436243 0.0225087 0.125556 -0.0376063 -0.00664565 0.00241909 0.177048 0.192125 0.242937 0.0456607 -0.0101711 -0.0886649 -0.0454327 -0.0261049 -0.0467605
internal_weight=8000 6013 4028 1939 1987 368 1571 1184 1755 1310 2089 1985 1776 1690 1382 1193 1002 892 86 189 137 110 80 53 374 387 229 122 158 101 132 78 340 228 112 81 44 63 147 117 58 59 442 272 170 141 111 250 212 81 872 1647 1257 58 54 43 178 75 42 777 446 392
internal_count=8000 6013 4028 1939 1987 368 1571 1184 1755 1310 2089 1985 1776 1690 1382 1193 1002 892 86 189 137 110 80 53 374 387 229 122 158 101 132 78 340 228 112 81 44 63 147 117 58 59 442 272 170 141 111 250 212 81 872 1647 1257 58 54 43 178 75 42 777 446 392
is_linear=0
shrinkage=0.05


Tree=84
num_leaves=63
num_cat=0
split_feature=1 1 1 0 7 0 7 7 7 2 2 7 7 7 7 7 6 3 7 7 7 7 7 5 5 3 7 3 2 7 2 3 7 7 7 7 7 7 7 7 7 8 3 5 5 6 7 7 6 7 7 4 8 4 5 4 4 6 7 7 3 3
split_gain=1065.55 2125.79 668.627 521.98 315.518 314.604 275.607 267.386 321.704 252.602 384.867 234.021 223.773 464.899 1095 440.658 332.416 274.04 219.132 267.794 1414.15 591.338 466.764 265.398 229.106 207.706 201.11 199.762 195.346 179.602 179.224 177.801 176.773 386.413 197.086 1061.3 381.452 420.007 243.925 328.288 158.596 153.159 149.811 147.642 501 192.974 306.11 302.684 240.449 229.803 183.194 179.767 272.528 244.213 146.488 147.649 287.004 214.323 203.26 275.585 257.239 152.727
threshold=2.5000000000000004 1.5000000000000002 1.0000000180025095e-35 3.5000000000000004 1.5000000000000002 3.5000000000000004 1.5000000000000002 2.5000000000000004 5.5000000000000009 1.5000000000000002 2.5000000000000004 2.5000000000000004 7.5000000000000009 9.5000000000000018 10.500000000000002 14.500000000000002 52.500000000000007 6761.6833333333307 5.5000000000000009 10.500000000000002 9.5000000000000018 7.5000000000000009 14.500000000000002 10.800132981654654 31.255101965518396 5067.5333333333374 13.500000000000002 3511.4750000000026 1.5000000000000002 1.0000000180025095e-35 2.5000000000000004 2490.5250000000033 1.5000000000000002 2.5000000000000004 9.5000000000000018 10.500000000000002 7.5000000000000009 5.5000000000000009 14.500000000000002 13.500000000000002 1.5000000000000002 0.66638883830207196 7888.1166666666641 30.21595292710472 24.219566657897985 26.500000000000004 16.500000000000004 8.5000000000000018 49.500000000000007 2.5000000000000004 9.5000000000000018 23.821238525577183 0.46848856826066226 16.723449520198098 32.025667118128261 25.144070675018177 26.86071981977447 16.500000000000004 12.500000000000002 3.5000000000000004 7871.0916666666626 4339.6666666666724
decision_type=2 2 2 2 2 2 2 2 2 2 2 2 2 2 2 2 2 2 2 2 2 2 2 2 2 2 2 2 2 2 2 2 2 2 2 2 2 2 2 2 2 2 2 2 2 2 2 2 2 2 2 2 2 2 2 2 2 2 2 2 2 2
left_child=1 2 6 9 29 32 -1 -6 -9 27 -11 25 28 -14 16 -16 17 -15 -13 20 21 -20 26 -22 -24 -8 -21 -3 42 -2 -30 -5 -4 -34 36 -36 37 -35 39 -37 -29 -32 -10 44 45 47 48 -33 50 -50 -47 53 -53 -51 55 57 -57 -7 59 -59 -61 -58
right_child=4 3 5 31 7 54 11 8 12 10 -12 18 13 14 15 -17 -18 -19 19 22 23 -23 24 -25 -26 -27 -28 40 30 -31 41 43 33 34 35 38 -38 -39 -40 -41 -42 -43 -44 -45 -46 46 -48 -49 49 51 -52 52 -54 -55 -56 56 61 58 -60 60 -62 -63
leaf_value=-0.08450172923970968 -0.045959714480684463 -0.042528304922257752 -0.052068596285761604 0.24215240370143545 0.056845373097569388 -0.084779509984784659 0.19586341917514802 -0.076989919371802606 0.013875237125302515 0.093965064077477511 0.023563778958463621 -0.068665382235760353 -0.097332184466453808 0.12055699291328591 -0.072597036029150089 -0.00077243622227181352 0.058410716495875807 0.36207871968331551 0.02555889028331472 -0.057733319011717056 0.3180239650011063 -0.09911982221528888 -0.012762410915843153 0.1299110758751631 0.1319402315782319 0.01344402010591937 -0.1426769357635064 -0.034288850639547619 0.13750292595276345 -0.13965066196206882 -0.066847273399089954 0.13560737612289051 0.11643561617206984 -0.035713357754820395 0.19548744808479743 -0.0064309644682478285 -0.08466335061768239 0.070182086156068635 0.022919463619906853 -0.11966300800420522 0.038906540557026414 0.11300916119478643 -0.13799568563699724 0.22807726631872358 -0.083105862905320377 0.10510175289778874 0.26861396580934527 -0.055483226366341114 0.1984621876272662 -0.024260271415114405 0.28282371535897255 -0.12117681443210571 0.088480220975414414 0.20130064030488334 -0.073666592525399255 0.24891415250798068 -0.014763408336374496 -0.036600594582228828 -0.025702230845178878 0.082552023748962255 0.28835797082971443 0.092772690279619596
leaf_weight=215 107 109 149 22 94 36 20 297 62 406 372 286 199 24 375 496 56 23 198 321 25 183 482 75 29 71 89 84 56 98 29 43 74 252 74 269 176 149 423 84 622 20 22 20 38 29 35 40 29 20 29 31 31 30 23 24 45 29 56 49 22 124
leaf_count=215 107 109 149 22 94 36 20 297 62 406 372 286 199 24 375 496 56 23 198 321 25 183 482 75 29 71 89 84 56 98 29 43 74 252 74 269 176 149 423 84 622 20 22 20 38 29 35 40 29 20 29 31 31 30 23 24 45 29 56 49 22 124
internal_value=-1.56986e-11 0.0103879 -0.0103962 0.0527081 -0.0320551 0.00959631 -0.0310304 -0.0251913 -0.0298395 0.0399244 0.0603028 -0.0245681 -0.0195579 -0.027693 -0.0134649 -0.0316958 0.140701 0.238748 -0.0287787 -0.0206421 0.00959597 -0.0343262 -0.0364342 0.176939 -0.00455032 0.0535362 -0.0761723 0.0204712 0.0309319 -0.0907486 0.0763979 0.104004 -0.000124841 0.00503147 -0.000745622 0.014564 -0.0232988 0.00363433 -0.00268903 -0.0333757 0.0301977 0.00656352 -0.0259005 0.0958994 0.0884527 0.109018 0.132252 0.0435155 0.108269 0.0730186 0.193963 0.0405377 -0.0163483 0.111076 0.0489098 0.0562325 0.0871161 0.0251881 0.0505653 0.0932751 0.146323 0.0641388
internal_weight=8000 6042 4052 1990 1958 2058 1994 1753 1659 1593 778 1779 1362 1173 974 871 103 47 1688 1402 481 381 921 100 511 91 410 815 189 205 105 397 1650 1501 1427 850 577 401 776 353 706 49 84 375 355 317 234 83 199 141 58 112 62 50 408 385 193 192 156 100 71 169
internal_count=8000 6042 4052 1990 1958 2058 1994 1753 1659 1593 778 1779 1362 1173 974 871 103 47 1688 1402 481 381 921 100 511 91 410 815 189 205 105 397 1650 1501 1427 850 577 401 776 353 706 49 84 375 355 317 234 83 199 141 58 112 62 50 408 385 193 192 156 100 71 169
is_linear=0
shrinkage=0.05


Tree=85
num_leaves=63
num_cat=0
split_feature=2 2 2 0 7 7 0 5 8 4 0 0 1 1 1 1 0 5 8 3 3 4 1 4 7 0 3 7 8 4 5 4 5 4 7 8 4 0 0 0 3 3 7 7 7 7 4 7 7 8 1 6 6 8 5 7 7 4 4 3 8 4
split_gain=1038.82 1173.72 924.787 504.736 271.072 316.58 336.542 263.886 334.985 425.623 255.566 491.624 233.999 422.721 231.524 538.96 224.34 218.324 347.683 199.467 189.35 178.555 177.288 176.339 175.509 171.37 180.642 212.246 167.705 316.264 164.756 177.072 161.475 161.188 171.995 247.96 164.29 168.935 158.201 227.826 147.159 146.865 143.435 913.416 269.1 202.889 160.636 155.827 207.565 137.159 136.13 176.974 374.267 443.986 293.381 283.908 241.993 241.663 226.872 309.485 225.994 160.201
threshold=1.0000000180025095e-35 2.5000000000000004 1.5000000000000002 3.5000000000000004 17.500000000000004 18.500000000000004 3.5000000000000004 17.684962880776791 0.59921435266171386 23.239453947011814 2.5000000000000004 1.5000000000000002 1.0000000180025095e-35 2.5000000000000004 2.5000000000000004 1.5000000000000002 3.5000000000000004 12.241351121045659 0.56543910621145022 3656.2500000000023 9447.4500000000135 24.197223922540477 1.5000000000000002 29.59513223175156 8.5000000000000018 1.5000000000000002 3777.3833333333346 17.500000000000004 0.81995608016873056 25.144070675018177 6.7572685741530156 19.208925638822549 25.116800224610561 14.994503507318401 10.500000000000002 0.35062282604087341 33.316592313935281 3.5000000000000004 2.5000000000000004 1.0000000180025095e-35 7682.9249999999911 2442.7416666666695 9.5000000000000018 10.500000000000002 7.5000000000000009 5.5000000000000009 13.153333425754072 14.500000000000002 13.500000000000002 0.17918758274744465 1.0000000180025095e-35 24.500000000000004 69.500000000000014 0.73333085115639951 7.0043994903351381 5.5000000000000009 12.500000000000002 27.584252552225678 18.545623380065098 7473.2833333333301 0.50093160875621201 19.320773158745595
decision_type=2 2 2 2 2 2 2 2 2 2 2 2 2 2 2 2 2 2 2 2 2 2 2 2 2 2 2 2 2 2 2 2 2 2 2 2 2 2 2 2 2 2 2 2 2 2 2 2 2 2 2 2 2 2 2 2 2 2 2 2 2 2
left_child=4 2 16 10 12 6 -6 17 21 -10 11 -4 -1 22 15 42 38 19 24 -5 32 -9 -14 30 -19 -17 -27 33 50 -30 -21 -32 -13 -28 36 -36 37 -35 39 -2 -34 -41 44 -44 45 46 -3 48 -45 -43 61 55 53 54 -53 -52 -57 60 -56 -60 -54 -18
right_child=1 14 3 7 5 -7 -8 8 9 -11 -12 20 13 -15 -16 25 28 18 -20 23 -22 -23 -24 -25 -26 26 27 -29 29 -31 31 -33 40 34 35 -37 -38 -39 -40 41 -42 49 43 47 -46 -47 -48 -49 -50 -51 51 52 57 -55 58 56 -58 -59 59 -61 -62 -63
leaf_value=-0.068880296876123057 -0.026541653404708116 0.045480751918835771 0.027463906903551379 0.2223108846333719 0.040612546427974502 -0.044982760509147367 0.26964265763759615 0.15474926729996999 0.22120321587179648 -0.025783458553455974 0.0031114993885867012 0.090887226639095986 -0.03004029240720555 -0.067098625434213577 -0.050343850004200885 -0.0011926076347284979 -0.10733288217868125 0.010621150869589585 0.12168491925948706 0.031555220585417106 -0.026731163006404352 0.3377223367740711 0.013962012233922551 -0.025056156093875567 -0.17899156193370405 0.15249195168726148 -0.094340949088335041 0.18177699483931065 0.076570988978658411 -0.19783917747083166 0.050623711588836856 0.23240449452722395 0.12596124029014169 0.063579500149935492 0.10935377389192583 -0.11134173337902342 -0.028928994992747904 0.21418196928032018 -0.03352537116752221 0.12883025253641195 0.29139387303963304 -0.05363310387577204 0.17911781080067157 -0.041988653613162452 -0.12795285020544325 0.03299697247815183 -0.067402436866944013 -0.011514067221300352 -0.16233752700297729 0.020616227726481438 0.14101977440572919 -0.068102321976965127 0.13097650917564951 0.34611154539244521 0.0086543234495016254 -0.21126047067344189 0.022081415504217147 -0.10652962680906058 0.27760254983839239 0.064719227292845335 -0.070726660887400303 0.033080328137588662
leaf_weight=442 431 36 797 31 81 85 20 24 33 37 387 297 449 443 505 202 28 26 39 37 29 30 467 30 23 44 25 24 21 21 21 37 41 60 20 35 28 27 390 29 20 68 55 162 93 89 253 281 46 729 21 22 41 21 26 20 25 32 38 31 21 74
leaf_count=442 431 36 797 31 81 85 20 24 33 37 387 297 449 443 505 202 28 26 39 37 29 30 467 30 23 44 25 24 21 21 21 37 41 60 20 35 28 27 390 29 20 68 55 162 93 89 253 281 46 729 21 22 41 21 26 20 25 32 38 31 21 74
internal_value=-3.57206e-11 0.0103573 0.0258649 0.0507321 -0.0313431 0.0261233 0.085965 0.10344 0.162834 0.0906531 0.0383854 0.049915 -0.037278 -0.0269996 -0.0211109 -0.0111361 0.00278328 0.0732566 0.0102847 0.108779 0.0961514 0.256401 -0.0076068 0.0806234 -0.0783807 0.0334423 0.0600439 0.0414699 0.0344126 -0.0606341 0.113996 0.166587 0.106106 0.0242013 0.041634 -0.0310888 0.0764145 0.110318 -0.00570497 0.00292665 0.180201 0.018303 -0.0315587 -0.0140692 -0.0517588 -0.0330126 -0.0533409 -0.0357978 -0.0686043 0.0142813 0.0443925 0.0614576 0.0820092 0.134422 0.096427 -0.0107842 -0.0816261 0.00506201 0.134528 0.181959 0.0626577 -0.00546447
internal_weight=8000 6013 4028 1939 1987 186 101 368 124 70 1571 1184 1801 1359 1985 1480 2089 244 88 156 387 54 916 125 49 465 263 219 442 42 95 58 358 195 170 55 115 87 1647 1257 61 826 1015 544 471 378 289 489 208 797 400 298 232 138 117 66 45 94 95 69 62 102
internal_count=8000 6013 4028 1939 1987 186 101 368 124 70 1571 1184 1801 1359 1985 1480 2089 244 88 156 387 54 916 125 49 465 263 219 442 42 95 58 358 195 170 55 115 87 1647 1257 61 826 1015 544 471 378 289 489 208 797 400 298 232 138 117 66 45 94 95 69 62 102
is_linear=0
shrinkage=0.05


Tree=86
num_leaves=63
num_cat=0
split_feature=7 7 7 0 0 0 0 7 7 7 7 7 7 7 7 7 7 6 7 7 7 7 0 7 4 6 3 1 8 4 2 5 4 6 8 3 3 8 3 3 8 1 7 3 8 3 7 6 4 7 5 1 1 0 1 1 7 7 7 3 0 1
split_gain=953.309 2147.88 1103.23 749.149 543.427 953.695 463.2 407.719 3576.71 1248.24 948.662 489.975 429.869 356.304 439.413 354.135 442.016 300.431 237.792 641.132 909.492 446.286 234.861 227.502 218.104 211.331 208.592 302.485 191.218 187.73 166.898 166.457 166.227 159.192 158.662 156.985 239.495 156.396 154.708 154.474 178.246 152.235 150.828 182.742 147.768 212.912 142.381 177.283 150.854 136.084 135.127 133.725 191.841 174.908 132.885 195.315 160.331 276.716 565.593 141.441 132.852 130.17
threshold=1.5000000000000002 2.5000000000000004 4.5000000000000009 3.5000000000000004 2.5000000000000004 1.5000000000000002 3.5000000000000004 10.500000000000002 9.5000000000000018 7.5000000000000009 14.500000000000002 6.5000000000000009 13.500000000000002 18.500000000000004 17.500000000000004 11.500000000000002 12.500000000000002 54.500000000000007 7.5000000000000009 9.5000000000000018 10.500000000000002 14.500000000000002 1.0000000180025095e-35 1.0000000180025095e-35 22.070724727514946 81.500000000000014 5420.7416666666677 1.5000000000000002 0.4441708831187669 26.589831807865146 1.5000000000000002 9.7081295696342114 19.320773158745595 79.500000000000014 0.49133924799606693 3511.4750000000026 7760.4333333333316 0.60281298632275038 7202.5916666666626 3628.9750000000026 0.4041940079920528 2.5000000000000004 8.5000000000000018 4431.9333333333352 0.8228226387353299 7620.7249999999976 8.5000000000000018 69.500000000000014 25.550151988674415 13.500000000000002 14.220934731168457 1.5000000000000002 2.5000000000000004 1.0000000180025095e-35 1.0000000180025095e-35 2.5000000000000004 7.5000000000000009 9.5000000000000018 10.500000000000002 7298.1249999999936 1.0000000180025095e-35 2.5000000000000004
decision_type=2 2 2 2 2 2 2 2 2 2 2 2 2 2 2 2 2 2 2 2 2 2 2 2 2 2 2 2 2 2 2 2 2 2 2 2 2 2 2 2 2 2 2 2 2 2 2 2 2 2 2 2 2 2 2 2 2 2 2 2 2 2
left_child=23 6 -3 4 5 22 30 8 9 11 12 35 15 14 -12 34 25 37 44 42 33 49 54 51 -16 32 -10 -28 -14 -26 -2 -15 -17 -21 -9 -5 -37 -8 -33 -13 -41 -25 -20 -44 45 -7 47 48 -11 -22 -47 -1 53 -53 59 56 -56 -58 -59 -4 -32 -6
right_child=1 2 3 7 61 18 17 10 26 46 13 39 28 31 24 16 -18 -19 19 20 21 -23 -24 41 29 -27 27 -29 -30 -31 60 38 -34 -35 -36 36 -38 -39 -40 40 -42 -43 43 -45 -46 50 -48 -49 -50 -51 -52 52 -54 -55 55 -57 57 58 -60 -61 -62 -63
leaf_value=-0.053159657806486509 0.054380186557603682 -0.055654028351946654 -0.021056997677725224 0.14676368201949769 -0.022465026867601785 0.11832042075989267 0.058109441858071542 -0.031655209366141294 0.51289801335334784 0.1037774676626379 0.060666504070037021 0.0680347041785717 -0.26734171761916231 -0.14985946360088528 0.335909070287432 -0.062874252647161497 -0.054984022568121717 0.33220821229947939 -0.0081251938213660786 0.24697536210544777 0.0057592780960431279 0.068291614879491175 0.0048618037746873581 -0.060278766807049328 0.024291663970798256 0.23974862077406478 0.4692576445963072 0.22250546520506898 -0.087212588506586419 0.21632163016391651 0.059002042029585158 0.1154138826511123 0.10817936707516106 0.10468087108998464 -0.16912887770855844 -0.042004551272839308 0.092257242424066299 0.23924586014314131 -0.070048936877561654 0.12116382860889037 0.29521564653045251 -0.13171671472147714 -0.21445571322132043 -0.054123939265711955 0.21686082113356819 -0.056007026629270734 -0.14078154782519531 -0.1660689649256793 -0.06241051700587074 -0.072965105198008917 0.073638229122893376 -0.044524947217395229 -0.042669246474576893 0.098778746282572272 0.050529065770173423 -0.050331381627922361 -0.094422000017145583 0.22067070478307352 -0.0121820812309651 -0.091508434736665256 0.15826637038478145 -0.061711161055659505
leaf_weight=207 157 807 144 28 901 126 26 41 25 22 237 20 26 21 21 20 92 36 70 61 242 385 1253 312 20 21 23 27 34 35 49 22 49 29 43 76 59 22 23 24 38 98 27 52 21 37 76 22 36 71 44 31 107 68 122 294 87 28 380 141 108 276
leaf_count=207 157 807 144 28 901 126 26 41 25 22 237 20 26 21 21 20 92 36 70 61 242 385 1253 312 20 21 23 27 34 35 49 22 49 29 43 76 59 22 23 24 38 98 27 52 21 37 76 22 36 71 44 31 107 68 122 294 87 28 380 141 108 276
internal_value=9.55231e-11 0.00584481 -0.000782876 0.0066319 -0.00216047 0.00744948 0.118732 0.0423002 0.0780535 0.0187792 0.0181604 0.0891716 -0.0443774 0.0719527 0.0942145 -0.0171087 0.0220851 0.223021 0.0446897 0.0335467 0.0515314 0.0322428 -0.0102658 -0.0509699 0.198831 0.100867 0.394974 0.336011 -0.165269 0.146493 0.090833 -0.0336223 0.0585986 0.201125 -0.102029 0.0390197 0.0166728 0.14113 0.0206218 0.188864 0.227841 -0.0773542 -0.0615672 -0.108921 0.0904837 0.0776628 -0.091773 -0.0452149 0.000626305 -0.0120983 0.0144176 -0.0247772 0.00374307 0.0539059 -0.0261145 -0.0167925 -0.000811311 -0.0134649 0.00379801 -0.0559119 0.127286 -0.031668
internal_weight=8000 7177 6779 5972 4791 3614 398 1181 476 401 705 245 326 379 313 266 182 84 1165 937 788 698 2449 823 76 90 75 50 60 55 314 66 69 90 84 163 135 48 45 82 62 410 149 79 228 207 156 80 58 313 81 413 206 99 1196 911 617 495 408 285 157 1177
internal_count=8000 7177 6779 5972 4791 3614 398 1181 476 401 705 245 326 379 313 266 182 84 1165 937 788 698 2449 823 76 90 75 50 60 55 314 66 69 90 84 163 135 48 45 82 62 410 149 79 228 207 156 80 58 313 81 413 206 99 1196 911 617 495 408 285 157 1177
is_linear=0
shrinkage=0.05


Tree=87
num_leaves=63
num_cat=0
split_feature=2 2 2 0 7 7 0 0 0 1 1 7 7 7 7 7 7 7 7 7 7 5 5 6 4 3 8 7 1 1 1 3 8 6 6 7 7 5 6 6 3 7 5 6 3 3 3 1 1 8 6 5 5 4 6 7 5 8 0 4 4 1
split_gain=931.154 1051.75 825.809 420.174 247.101 240.641 218.017 413.873 205.327 199.427 421.871 196.23 355.858 192.638 210.675 1832.71 768.398 341.518 279.35 209.631 241.634 196.666 172.134 265.725 258.733 264.265 190.898 185.266 170.83 324.408 229.277 171.426 236.254 169.353 165.291 160.601 223.52 189.952 157.491 429.725 361.944 341.504 320.421 301.091 335.646 176.411 222.112 170.61 151.487 147.036 178.209 146.899 146.661 136.469 164.389 136.066 135.914 135.08 165.34 139.666 136.841 131.115
threshold=1.0000000180025095e-35 2.5000000000000004 1.5000000000000002 3.5000000000000004 17.500000000000004 1.5000000000000002 2.5000000000000004 1.5000000000000002 1.0000000180025095e-35 2.5000000000000004 1.5000000000000002 1.5000000000000002 2.5000000000000004 4.5000000000000009 10.500000000000002 9.5000000000000018 7.5000000000000009 14.500000000000002 13.500000000000002 18.500000000000004 17.500000000000004 19.083978966535724 16.882424990118029 81.500000000000014 24.389712228185214 8891.116666666685 0.41064590489498837 16.500000000000004 1.0000000180025095e-35 2.5000000000000004 1.5000000000000002 3777.3833333333346 0.568506131483697 81.500000000000014 39.500000000000007 17.500000000000004 10.500000000000002 24.069726550832918 59.500000000000007 82.500000000000014 7760.4333333333316 7.5000000000000009 4.179056666501002 47.500000000000007 6509.0416666666633 3223.7916666666683 7682.9249999999911 1.5000000000000002 2.5000000000000004 0.4441708831187669 22.500000000000004 14.406033095641453 24.486160566721619 21.516668058063811 43.500000000000007 17.500000000000004 25.332857824820522 0.58398135235541304 3.5000000000000004 25.144070675018177 19.45262411894976 1.0000000180025095e-35
decision_type=2 2 2 2 2 2 2 2 2 2 2 2 2 2 2 2 2 2 2 2 2 2 2 2 2 2 2 2 2 2 2 2 2 2 2 2 2 2 2 2 2 2 2 2 2 2 2 2 2 2 2 2 2 2 2 2 2 2 2 2 2 2
left_child=5 2 11 6 38 -1 7 61 -3 10 55 -2 -13 52 15 16 33 18 -16 20 57 51 24 26 -9 27 56 34 -10 30 -30 32 -32 -15 -26 36 37 -33 42 41 -41 -40 -5 45 -45 -44 49 -48 53 -47 -51 -22 -14 -17 -55 -7 -24 58 -19 -60 -59 -4
right_child=1 8 3 4 -6 9 -8 22 28 -11 -12 12 13 14 17 48 -18 19 -20 -21 21 -23 23 -25 25 -27 -28 -29 29 -31 31 35 -34 -35 -36 -37 -38 -39 39 40 -42 -43 43 44 -46 46 47 -49 -50 50 -52 -53 -54 54 -56 -57 -58 60 59 -61 -62 -63
leaf_value=-0.077532002790670462 -0.045220481195683913 -0.052297001406030379 -0.0080366941021368064 0.29661283918789455 0.23884723356791904 -0.040540180869365748 0.0041396456967933383 0.11884271118041373 -0.039073881881416472 -0.052266716208894941 0.026511113304691605 0.099864026540043685 -0.023024396561291998 0.028218894322571748 -0.01630130343790008 0.18587463830084414 -0.07970329219341428 0.016350800195132475 -0.11022886596258404 -0.042974075870317166 0.10367982832037591 -0.0021774805616587402 0.10765291359275581 0.27603943679625026 -0.10345230128454126 -0.14906405551092966 0.05112868699316795 0.17058216179518595 -0.0088561784820976094 -0.038630289307218936 0.046821569403012596 0.077014618132158486 0.26460554248653356 0.12786036908196716 0.05617121458730915 0.12936451650551847 -0.042507480576480794 -0.057834342774003747 0.080187294209996873 0.23294615066720567 -0.0091578560379835285 -0.14548067619631952 0.19436011453159155 0.060268630683422086 0.34328357011757116 -0.12497976832091809 0.18151789429512891 0.0017612678760832005 0.10828817542642355 -0.070725912932792442 0.12610155447669652 0.26191896690055727 -0.13227286039272676 0.42625267006456852 0.23215851342926422 0.022851273547858 0.26909356686201963 -0.10268483119085432 0.044185457875331242 0.22308970779180526 0.010579758547246458 0.03858528809183661
leaf_weight=232 194 394 202 21 28 777 387 107 426 445 438 99 181 237 342 33 209 164 103 103 55 32 32 26 23 21 78 23 405 399 33 142 20 52 55 37 97 32 30 38 26 38 20 20 22 24 33 22 20 23 23 20 37 20 24 95 22 40 24 20 80 595
leaf_count=232 194 394 202 21 28 777 387 107 426 445 438 99 181 237 342 33 209 164 103 103 55 32 32 26 23 21 78 23 405 399 33 142 20 52 55 37 97 32 30 38 26 38 20 20 22 24 33 22 20 23 23 20 37 20 24 95 22 40 24 20 80 595
internal_value=6.02631e-11 0.00980594 0.0244856 0.0479844 0.0960749 -0.0296744 0.0367194 0.0473683 -0.0199823 -0.023348 -0.0135244 0.00267414 0.00757733 0.00249026 0.00857669 0.032059 -0.00666942 -0.00563692 -0.0380418 0.0211664 0.0363537 0.101599 0.0897913 0.129937 0.0620927 0.0123202 0.101159 0.0458753 -0.0119798 -0.00207243 0.0169701 0.0459442 0.129004 0.0461475 0.00910274 0.0316514 0.0183105 0.0522148 0.0843172 0.0416 0.134591 -0.0459213 0.111426 0.0906298 0.208515 0.0564839 0.0344237 0.109615 0.230892 -0.0246554 0.0276878 0.145877 -0.0415666 0.262737 0.320383 -0.033634 0.173425 0.0150694 0.0394412 0.125506 -0.0271751 0.0267689
internal_weight=8000 6013 4028 1939 368 1987 1571 1184 1985 1755 1310 2089 1895 1796 1578 595 498 983 445 538 435 107 387 158 229 122 132 101 1591 1165 766 361 53 289 78 308 271 174 340 132 64 68 208 187 42 145 125 55 97 70 46 75 218 77 44 872 54 328 208 44 120 797
internal_count=8000 6013 4028 1939 368 1987 1571 1184 1985 1755 1310 2089 1895 1796 1578 595 498 983 445 538 435 107 387 158 229 122 132 101 1591 1165 766 361 53 289 78 308 271 174 340 132 64 68 208 187 42 145 125 55 97 70 46 75 218 77 44 872 54 328 208 44 120 797
is_linear=0
shrinkage=0.05


Tree=88
num_leaves=63
num_cat=0
split_feature=2 2 2 0 5 5 8 7 7 0 1 1 1 1 8 5 1 6 8 8 3 3 7 7 7 7 7 7 7 0 3 0 8 1 1 5 7 7 0 5 7 1 0 5 5 0 0 0 7 7 7 7 7 3 4 3 6 1 4 3 6 5
split_gain=840.366 949.203 745.292 379.207 234.997 314.223 248.641 223.33 269.706 274.959 209.834 380.053 197.075 343.236 192.452 430.89 359.944 479.728 271.636 224.552 213.593 375.87 189.259 760.44 359.825 390.355 686.224 1734.47 471.251 268.371 221.789 218.728 184.36 178.683 334.454 218.527 227.957 397.515 196.716 180.742 173.395 169.689 276.916 241.692 169.213 167.416 162.065 263.859 361.292 155.442 324.277 260.77 238.838 154.876 144.313 143.262 177.193 137.439 136.886 134.823 153.019 128.869
threshold=1.0000000180025095e-35 2.5000000000000004 1.5000000000000002 3.5000000000000004 17.684962880776791 21.327804638931017 0.6401454444566419 17.500000000000004 18.500000000000004 3.5000000000000004 2.5000000000000004 1.0000000180025095e-35 1.0000000180025095e-35 2.5000000000000004 0.56543910621145022 10.910086275205577 1.5000000000000002 59.500000000000007 0.40051476063252894 0.68946476614055074 3987.4166666666711 7716.1666666666633 1.5000000000000002 2.5000000000000004 5.5000000000000009 7.5000000000000009 9.5000000000000018 10.500000000000002 14.500000000000002 1.5000000000000002 8101.8750000000036 3.5000000000000004 0.71125269816795644 2.5000000000000004 1.0000000180025095e-35 18.684307896344489 18.500000000000004 17.500000000000004 3.5000000000000004 26.451831545503087 1.5000000000000002 2.5000000000000004 2.5000000000000004 16.015849121328408 1.0000000180025095e-35 2.5000000000000004 1.0000000180025095e-35 2.5000000000000004 16.500000000000004 12.500000000000002 9.5000000000000018 10.500000000000002 7.5000000000000009 7588.0666666666575 7.9621278455692215 6634.8249999999925 41.500000000000007 1.5000000000000002 25.144070675018177 5017.4333333333389 20.500000000000004 12.502347072591666
decision_type=2 2 2 2 2 2 2 2 2 2 2 2 2 2 2 2 2 2 2 2 2 2 2 2 2 2 2 2 2 2 2 2 2 2 2 2 2 2 2 2 2 2 2 2 2 2 2 2 2 2 2 2 2 2 2 2 2 2 2 2 2 2
left_child=7 2 33 10 14 -6 -7 12 9 -9 11 61 -1 57 15 20 17 -16 -17 -18 -5 -22 53 29 -25 30 -27 41 32 -24 31 -26 44 34 40 36 37 38 45 -35 -2 42 43 -28 -29 49 59 48 -48 50 52 -52 55 -3 -37 56 -36 -14 -31 -13 -61 -4
right_child=1 22 3 4 5 6 -8 8 -10 -11 -12 46 13 -15 16 18 19 -19 -20 -21 21 -23 23 24 25 26 27 28 -30 58 -32 -33 -34 39 35 54 -38 -39 -40 -41 -42 -43 -44 -45 -46 -47 47 -49 -50 -51 51 -53 -54 -55 -56 -57 -58 -59 -60 60 -62 -63
leaf_value=-0.062579659880370717 -0.11868285509042963 -0.022762366823441939 0.039880317408177594 0.2430935913324356 0.26266129601746802 0.17247802338666388 -9.4744257437877171e-06 0.038210833288821175 -0.041660962174920477 0.24522828310728073 0.0035124778768618652 0.11052402918668169 -0.026422425945608865 -0.060278000978649965 0.13733976320089664 0.018629682984422236 0.33877424461767081 -0.17127028837800029 -0.19379600054687926 0.12520442474633456 -0.077488965381469044 0.17934238188739482 0.043022804525355965 -0.069938407223611207 0.058656421879475763 -0.10760865228552936 0.071643155587441998 -0.19264687921851875 0.0035831218804718216 0.13251548721031711 -0.03132876866998581 0.21747609592146344 -0.13901249097007048 -0.037198529165543191 0.025398053867476331 0.11878310387784785 -0.088574892329052093 0.18833097243443767 0.090999988901571641 0.052062382825622061 -0.013877387378064064 0.081722334927568835 0.35149539234461608 0.29191889645531777 -0.042052162426863444 -0.02624046363112495 0.083281299016113294 0.032278724814390355 0.22368903349874156 -0.011341809241153369 0.29147436297296186 0.084515822308344979 -0.07178235837946767 -0.10892565599828959 -0.013296107085880594 0.021566568244071233 0.19640823115002026 0.012320409564558633 0.31098463634649914 -0.096021830687920251 0.029345990601898166 -0.019491047597601025
leaf_weight=442 43 109 153 20 40 45 39 81 85 20 398 38 449 443 34 34 20 20 27 32 28 29 43 308 110 191 33 20 518 22 52 27 77 403 28 22 32 47 137 66 480 30 27 20 277 127 338 205 53 107 23 45 46 100 345 105 33 467 21 30 129 227
leaf_count=442 43 109 153 20 40 45 39 81 85 20 398 38 449 443 34 34 20 20 27 32 28 29 43 308 110 191 33 20 518 22 52 27 77 403 28 22 32 47 137 66 480 30 27 20 277 127 338 205 53 107 23 45 46 100 345 105 33 467 21 30 129 227
internal_value=-2.26122e-11 0.00931564 0.0232613 0.0455852 0.0912712 0.147319 0.0923945 -0.0281907 0.0239702 0.0792044 0.0348834 0.0455276 -0.0335777 -0.0241451 0.0627877 0.0238698 0.113454 0.0230397 -0.0753948 0.207347 0.102508 0.0531796 -0.0189832 -0.0136869 -0.0210674 -0.0101758 -0.0207526 -0.00419625 -0.0272974 0.131349 0.0565871 0.0899566 -0.0700678 0.00254043 0.0104085 0.0260951 0.0419182 0.0479007 0.0377621 -0.0246373 -0.0224943 0.183133 0.221162 0.154766 -0.0521932 0.0235722 0.065229 0.0782244 0.102314 0.039919 0.059508 0.154517 0.0290336 -0.0639888 -0.00537855 0.0569705 0.117912 -0.00667035 0.219675 0.0259132 0.00569168 0.00441374
internal_weight=8000 6013 4028 1939 368 124 84 1987 186 101 1571 1173 1801 1359 244 138 106 54 61 52 77 57 1985 1776 1690 1382 1193 1002 892 86 189 137 374 2089 1620 1097 730 698 651 469 523 110 80 53 297 514 793 596 391 387 280 68 212 209 367 166 61 916 43 197 159 380
internal_count=8000 6013 4028 1939 368 124 84 1987 186 101 1571 1173 1801 1359 244 138 106 54 61 52 77 57 1985 1776 1690 1382 1193 1002 892 86 189 137 374 2089 1620 1097 730 698 651 469 523 110 80 53 297 514 793 596 391 387 280 68 212 209 367 166 61 916 43 197 159 380
is_linear=0
shrinkage=0.05


Tree=89
num_leaves=63
num_cat=0
split_feature=1 1 0 1 5 7 7 7 7 7 6 3 3 7 7 7 7 7 8 2 5 7 3 6 8 6 7 7 7 7 5 7 7 7 7 6 3 7 0 2 7 7 7 7 7 5 5 7 7 7 7 7 7 7 7 7 3 0 3 2 6 7
split_gain=778.483 1531.63 564.335 389.914 299.331 228.937 203.496 192.432 191.672 262.544 191.551 303.767 212.725 206.692 373.455 210.904 1605.3 343.495 234.985 199.031 233.321 187.208 298.981 304.091 399.055 198.696 254.566 185.868 374.953 345.927 271.726 168.153 358.124 930.743 342.488 289.968 237.929 167.13 188.115 205.468 163.316 218.338 1101.25 444.515 353.657 219.488 204.691 170.868 231.716 160.37 1447.21 781.08 489.757 181.676 197.558 217.206 155.831 286.337 152.521 149.092 146.514 145.251
threshold=1.0000000180025095e-35 2.5000000000000004 3.5000000000000004 1.5000000000000002 -2.7905560078423206 1.5000000000000002 17.500000000000004 1.5000000000000002 2.5000000000000004 5.5000000000000009 7.5000000000000009 6488.3499999999985 9526.8166666666784 17.500000000000004 18.500000000000004 10.500000000000002 9.5000000000000018 8.5000000000000018 0.44691663713053958 1.0000000180025095e-35 26.632333471651169 14.500000000000002 4716.9500000000071 34.500000000000007 0.40807316457506998 58.500000000000007 12.500000000000002 2.5000000000000004 1.5000000000000002 4.5000000000000009 10.157489918716776 7.5000000000000009 9.5000000000000018 10.500000000000002 14.500000000000002 52.500000000000007 6761.6833333333307 2.5000000000000004 1.5000000000000002 1.5000000000000002 5.5000000000000009 10.500000000000002 9.5000000000000018 7.5000000000000009 14.500000000000002 10.800132981654654 31.255101965518396 12.500000000000002 11.500000000000002 10.500000000000002 9.5000000000000018 7.5000000000000009 6.5000000000000009 14.500000000000002 12.500000000000002 11.500000000000002 7856.3249999999962 1.5000000000000002 4578.2083333333385 1.0000000180025095e-35 66.500000000000014 1.0000000180025095e-35
decision_type=2 2 2 2 2 2 2 2 2 2 2 2 2 2 2 2 2 2 2 2 2 2 2 2 2 2 2 2 2 2 2 2 2 2 2 2 2 2 2 2 2 2 2 2 2 2 2 2 2 2 2 2 2 2 2 2 2 2 2 2 2 2
left_child=7 2 3 -2 -4 61 49 -1 -7 -10 11 -6 13 15 -15 16 17 19 -18 -12 27 25 -23 -24 -25 -17 -27 28 -21 -29 -31 56 -33 35 -35 36 -34 38 -9 -40 -39 42 43 -42 47 -44 -46 48 -43 50 51 52 59 54 55 -51 57 -11 -59 -5 -52 -3
right_child=1 5 4 6 10 8 -8 37 9 31 12 -13 -14 14 -16 21 18 -19 -20 20 -22 22 23 24 -26 26 -28 29 -30 30 -32 32 33 34 -36 -37 -38 40 39 -41 41 44 45 -45 46 -47 -48 -49 -50 53 60 -53 -54 -55 -56 -57 -58 58 -60 -61 -62 -63
leaf_value=-0.071749695019883139 0.00021127533067412903 -0.037035600889787496 -0.10287130962197598 -0.011531316652265075 0.12526941678740763 0.047985884206409153 0.088004430981329929 -0.033313713134044694 -0.068001843945955029 -0.026528829837387261 0.010602554806015071 -0.11317291858962136 -0.069877759243051216 0.26649751527569232 0.037955379260308814 0.053645301885800828 0.26843405186198649 -0.098710362853542455 0.5079076789674305 0.087763891257345683 -0.058375255550657007 -0.058341019021140209 -0.029314670392445161 0.029554923202680508 0.29617769229743213 0.039114321370919553 -0.16071542435709169 -0.021580019891262056 0.32891196067686435 0.26225121160668713 0.078318543245264327 -0.084291628502945803 0.1128948710858822 -0.063549426822488514 -0.00022876670005761326 0.054593831899442849 0.33794197712255564 -0.059662065588563053 0.010572802662849427 0.2153891515918076 0.02226148382243183 -0.088042206645285323 0.28507621440291409 -0.085836474281924022 -0.012472124943457528 0.11400576795140903 0.12430308714252095 -0.10127927721743449 0.015294100317448654 -0.036252571603185256 0.21277714298553385 -0.078612979004780453 0.16187708571001336 0.03890784613576978 -0.060198728269327206 0.086282000345164464 -0.037329917028546336 0.048054263822953497 0.19382478516107721 0.045732583974870053 0.37062965290887018 -0.12129161541293165
leaf_weight=215 1650 107 26 154 22 94 162 42 297 55 85 34 24 39 33 73 20 31 21 40 21 27 21 23 36 30 34 50 27 31 57 199 24 375 496 56 23 286 25 24 198 109 25 183 482 75 29 193 108 76 49 153 81 247 147 69 62 34 38 434 21 98
leaf_count=215 1650 107 26 154 22 94 162 42 297 55 85 34 24 39 33 73 20 31 21 40 21 27 21 23 36 30 34 50 27 31 57 199 24 375 496 56 23 286 25 24 198 109 25 183 482 75 29 193 108 76 49 153 81 247 147 69 62 34 38 434 21 98
internal_value=7.43887e-11 0.0089871 0.0265477 0.0172465 0.0640186 -0.0273181 0.0348912 -0.0270695 -0.0214714 -0.0254069 0.0695888 -0.0194991 0.0764891 0.0815145 0.161749 0.072301 0.0954469 0.0600042 0.391091 0.0758246 0.100355 0.0359695 0.0855266 0.134082 0.19224 -0.00273568 -0.0670452 0.116615 0.184943 0.0834416 0.143113 -0.0161186 -0.0231706 -0.0106829 -0.0274908 0.13145 0.223024 -0.0216697 0.044335 0.110891 -0.025228 -0.0182036 0.00909987 -0.0296596 -0.0324631 0.156773 -0.00470993 -0.067053 -0.0366122 0.0288784 0.0418898 0.0233046 0.0466131 0.00734562 -0.0193526 0.022057 0.0276489 0.0593709 0.124989 0.0307349 0.260133 -0.0773141
internal_weight=8000 6006 4048 3243 805 1958 1593 1994 1753 1659 779 56 723 699 72 627 383 342 41 311 226 244 107 80 59 137 64 205 67 138 88 1362 1173 974 871 103 47 1779 91 49 1688 1402 481 381 921 100 511 410 217 1431 892 822 669 539 292 145 189 127 72 588 70 205
internal_count=8000 6006 4048 3243 805 1958 1593 1994 1753 1659 779 56 723 699 72 627 383 342 41 311 226 244 107 80 59 137 64 205 67 138 88 1362 1173 974 871 103 47 1779 91 49 1688 1402 481 381 921 100 511 410 217 1431 892 822 669 539 292 145 189 127 72 588 70 205
is_linear=0
shrinkage=0.05


Tree=90
num_leaves=63
num_cat=0
split_feature=2 2 2 0 7 7 0 0 0 7 7 7 7 7 7 7 0 3 7 7 7 7 7 7 7 7 4 7 5 5 7 7 5 6 4 3 8 7 6 6 4 4 4 7 7 6 6 4 5 3 8 6 8 1 1 1 3 8 3 0 5 7
split_gain=736.961 846.996 669.508 315.955 220.631 199.492 189.305 358.111 181.521 174.842 199.705 186.961 341.777 904.152 316.69 275.181 216.125 212.505 160.865 307.133 163.105 173.346 1476.4 621.727 277.832 240.193 178.05 161.415 171.953 180.517 171.974 159.071 155.54 238.609 236.004 233.501 170.089 158.901 147.356 146.628 146.004 314.385 293.542 183.842 169.111 238.023 234.44 160.191 174.478 345.807 274.101 144.149 142.532 137.73 256.146 191.296 143.588 200.786 137.118 135.279 129.508 128.971
threshold=1.0000000180025095e-35 2.5000000000000004 1.5000000000000002 3.5000000000000004 17.500000000000004 1.5000000000000002 2.5000000000000004 1.5000000000000002 1.0000000180025095e-35 2.5000000000000004 5.5000000000000009 7.5000000000000009 9.5000000000000018 10.500000000000002 14.500000000000002 12.500000000000002 3.5000000000000004 8204.4166666666697 1.5000000000000002 2.5000000000000004 4.5000000000000009 10.500000000000002 9.5000000000000018 7.5000000000000009 14.500000000000002 13.500000000000002 42.619171490009528 18.500000000000004 18.37362544236964 21.207376750743933 17.500000000000004 8.5000000000000018 16.882424990118029 81.500000000000014 24.389712228185214 8891.116666666685 0.41064590489498837 16.500000000000004 39.500000000000007 81.500000000000014 9.6502568552974495 14.225552181350766 21.173289238059258 11.500000000000002 10.500000000000002 58.500000000000007 14.500000000000002 34.696464491046385 12.241351121045659 7129.483333333329 0.45313083051570463 53.500000000000007 0.6690647664865611 1.0000000180025095e-35 2.5000000000000004 1.5000000000000002 3777.3833333333346 0.568506131483697 5420.7416666666677 2.5000000000000004 24.486160566721619 17.500000000000004
decision_type=2 2 2 2 2 2 2 2 2 2 2 2 2 2 2 2 2 2 2 2 2 2 2 2 2 2 2 2 2 2 2 2 2 2 2 2 2 2 2 2 2 2 2 2 2 2 2 2 2 2 2 2 2 2 2 2 2 2 2 2 2 2
left_child=5 2 18 6 40 -1 7 -4 -3 -7 -11 17 31 16 15 -15 -14 -12 -2 -20 60 22 23 39 25 -23 27 28 30 -30 52 -13 34 36 -9 37 -34 38 -36 -22 -5 -42 43 -43 46 -46 -44 48 50 -50 -48 -19 -26 -10 55 -55 57 -57 -24 -56 -21 -58
right_child=1 8 3 4 -6 9 -8 32 53 10 11 12 13 14 -16 -17 -18 51 19 20 21 24 58 -25 26 -27 -28 -29 29 -31 -32 -33 33 -35 35 -37 -38 -39 -40 -41 41 42 44 -45 45 -47 47 -49 49 -51 -52 -53 -54 54 59 56 61 -59 -60 -61 -62 -63
leaf_value=-0.069973534899603188 -0.041106636675804394 -0.048391807428915717 0.024048570384957377 0.19253920788566273 0.21966628347124373 0.042240589038612178 0.0029283573114594749 0.11054223255715639 -0.034811933560705714 -0.061653777065018081 -0.0033149660595494217 -0.039247112012314567 0.091070301775579107 -0.022123877415016518 -0.0015377232722443355 -0.10749107670415654 0.26779112272303213 0.030713865223030254 0.092433701962646511 -0.021143664287670789 0.024939140868432162 -0.014389526472040262 0.29836381735472844 -0.071582674432955865 0.054951798761743054 -0.10148560409343721 0.15815834978764709 -0.045578383365257956 -0.090945515924921408 0.022275466060077926 0.11911762402109478 -0.12800466711021433 0.16177712899667246 0.25928097166694125 -0.099981559359509017 -0.14289419764564151 0.046338415621087342 0.15584059317150845 0.050733491006222646 0.11765443217009307 -0.083955627004615965 0.11369532220065595 -0.068394181945107199 0.29364315379326317 0.066408372804140442 -0.12671589691329885 0.015770189804227456 0.21913576264364215 -0.087783547304570678 0.16638941240051519 0.24519394012788931 0.2006435062306432 -0.040033495399568769 -0.0082574517453480288 -0.0054652414555326472 0.042053118743228195 0.016762488400924442 0.24282477226108315 0.16851148755453968 -0.063701814467417628 -0.12380479775570535 0.11628131901694311
leaf_weight=232 194 394 797 24 28 104 387 107 426 298 122 103 81 201 497 178 22 24 99 181 237 342 29 209 134 103 22 96 52 109 69 99 54 26 23 21 78 23 55 52 32 40 22 22 39 27 23 26 32 23 30 26 56 405 203 33 271 20 68 196 37 37
leaf_count=232 194 394 797 24 28 104 387 107 426 298 122 103 81 201 497 178 22 24 99 181 237 342 29 209 134 103 22 96 52 109 69 99 54 26 23 21 78 23 55 52 32 40 22 22 39 27 23 26 32 23 30 26 56 405 203 33 271 20 68 196 37 37
internal_value=7.85149e-11 0.0087237 0.0218972 0.0430556 0.0847577 -0.0263994 0.0332871 0.0432101 -0.0180082 -0.0206392 -0.0246001 -0.016439 -0.0235321 -0.0113141 -0.0277906 -0.0622172 0.128816 0.0322642 0.00225801 0.00669746 0.00197146 0.00757194 0.0288725 -0.0058879 -0.00532109 -0.0345488 0.0188543 0.012915 0.0262849 -0.0142928 0.0515088 -0.0827471 0.0826719 0.120833 0.0563421 0.00880592 0.0935633 0.0403475 0.00629187 0.0416215 0.0736476 0.0646179 0.0813586 0.177548 0.0544949 -0.012597 0.08288 0.107716 0.0808927 0.018507 0.145633 0.119077 0.0269561 -0.0104839 -0.00158796 0.0153329 0.0417986 0.117816 0.207333 -0.0340727 -0.0385678 0.0287177
internal_weight=8000 6013 4028 1939 368 1987 1571 1184 1985 1755 1651 1353 1181 979 876 379 103 172 2089 1895 1796 1578 595 498 983 445 538 516 420 161 259 202 387 158 229 122 132 101 78 289 340 316 284 62 222 66 156 134 108 55 53 50 190 1591 1165 766 361 53 97 399 218 308
internal_count=8000 6013 4028 1939 368 1987 1571 1184 1985 1755 1651 1353 1181 979 876 379 103 172 2089 1895 1796 1578 595 498 983 445 538 516 420 161 259 202 387 158 229 122 132 101 78 289 340 316 284 62 222 66 156 134 108 55 53 50 190 1591 1165 766 361 53 97 399 218 308
is_linear=0
shrinkage=0.05


Tree=91
num_leaves=63
num_cat=0
split_feature=0 1 1 1 2 3 6 8 5 7 7 7 8 8 4 6 7 7 7 3 5 5 7 7 7 5 6 0 0 7 7 4 3 7 4 8 8 2 7 7 7 7 2 7 7 7 6 3 7 6 7 6 7 6 3 6 4 1 1 7 8 3
split_gain=697.636 580.016 1103.66 465.541 248.347 333.62 320.757 197.602 195.649 187.911 354.223 234.051 186.97 186.196 268.578 173.191 167.595 398.105 204.441 193.933 230.412 165.907 162.414 172.158 159.82 150.96 150.115 194.219 224.612 217.33 694.859 162.367 238.286 217.57 167.484 156.981 218.003 174.051 141.317 140.72 153.354 170.748 151.861 144.672 261.974 609.616 270.47 248.347 167.495 153.327 141.077 187.945 141.021 139.025 134.647 134.516 132.198 132.146 253.238 132.09 131.722 131.352
threshold=1.0000000180025095e-35 1.0000000180025095e-35 2.5000000000000004 1.5000000000000002 1.5000000000000002 4288.0583333333379 31.500000000000004 0.80170959455314295 33.137111370415958 1.5000000000000002 2.5000000000000004 4.5000000000000009 0.20890232588871119 0.61923412664913602 27.814777634950946 16.500000000000004 2.5000000000000004 1.5000000000000002 16.500000000000004 6509.0416666666633 8.2473966979016087 19.869068756485916 1.5000000000000002 2.5000000000000004 18.500000000000004 10.988875656363296 7.5000000000000009 3.5000000000000004 2.5000000000000004 10.500000000000002 9.5000000000000018 24.680379696554059 7588.0666666666575 15.500000000000002 18.082691523678758 0.65781911223710365 0.39452026785034949 1.5000000000000002 17.500000000000004 1.5000000000000002 2.5000000000000004 5.5000000000000009 1.5000000000000002 7.5000000000000009 9.5000000000000018 10.500000000000002 52.500000000000007 7856.3249999999962 14.500000000000002 28.500000000000004 1.0000000180025095e-35 60.500000000000007 6.5000000000000009 49.500000000000007 4578.2083333333385 95.500000000000014 13.153333425754072 2.5000000000000004 1.0000000180025095e-35 13.500000000000002 0.26005974609573096 3434.3083333333352
decision_type=2 2 2 2 2 2 2 2 2 2 2 2 2 2 2 2 2 2 2 2 2 2 2 2 2 2 2 2 2 2 2 2 2 2 2 2 2 2 2 2 2 2 2 2 2 2 2 2 2 2 2 2 2 2 2 2 2 2 2 2 2 2
left_child=38 22 3 9 7 6 15 -5 16 -3 25 12 -12 14 61 -6 17 -7 19 20 -18 -9 -2 -24 -20 -11 60 28 -28 30 35 34 33 -33 56 36 37 -29 57 50 42 -42 -41 47 -45 46 49 54 59 -46 51 -4 -49 -52 -43 -25 -31 58 -1 -47 -13 -8
right_child=1 2 39 4 5 8 13 21 -10 10 11 26 -14 -15 -16 -17 18 -19 24 -21 -22 -23 23 55 -26 -27 27 29 -30 31 -32 32 -34 -35 -36 -37 -38 -39 -40 40 41 43 -44 44 45 48 -48 52 -50 -51 53 -53 -54 -55 -56 -57 -58 -59 -60 -61 -62 -63
leaf_value=-0.060792324691745551 -0.064674037794054257 -0.038579562284346475 -0.072657059619800665 0.042303310415560486 0.15889746668189764 0.034719107996901137 -0.10575485556945206 0.010483798258579695 0.20895096303895119 0.21321454424539518 0.072479612280925115 0.078863335093483339 -0.064982610924255294 0.18132035611197353 0.15725543639239145 0.35367183907711436 -0.19477961368858815 0.25735326149771293 0.16279738827680168 0.040041497876796471 0.0033990001949396999 -0.13166637559731803 0.065755058136401756 -0.020275650815291337 0.019366702136974182 0.070337674825214871 0.032697708850535447 -0.0070266584200518473 -0.021561722877326786 -0.054924544727518447 0.38423986881505701 0.053925611338179025 -0.022328916895720696 0.26404426639730277 -0.10350393222437965 0.17451497533104637 -0.089461604505777365 0.19907200947403908 0.015320537495426834 -0.019194502895697952 -0.054906800251515689 0.019176774979992348 0.13050532444483706 -0.072143353614405062 0.12095718368887903 -0.028273901232081441 0.036102755404100184 -0.14339325661244601 0.002927414564958584 0.31674217849969866 -0.046516401528619057 0.083955256342887877 0.02116702787578106 -0.17688001631162106 0.13700755589244959 0.056912049790055069 0.11234305600325267 -0.060817106592366027 -0.0094112967652769438 -0.10645466766674334 -0.064080091875540202 0.059812871544905333
leaf_weight=351 171 152 53 722 25 57 25 65 20 29 30 20 141 40 34 21 20 31 52 314 55 30 66 1303 31 51 585 21 283 21 20 28 36 22 36 22 27 20 160 32 242 44 36 169 20 226 41 23 388 20 43 30 30 39 54 59 27 353 757 71 83 23
leaf_count=351 171 152 53 722 25 57 25 65 20 29 30 20 141 40 34 21 20 31 52 314 55 30 66 1303 31 51 585 21 283 21 20 28 36 22 36 22 27 20 160 32 242 44 36 169 20 226 41 23 388 20 43 30 30 39 54 59 27 353 757 71 83 23
internal_value=-3.81868e-11 0.00744311 0.0161633 0.032894 0.0524418 0.0732581 0.135303 0.0333837 0.0552865 0.014398 0.0197593 0.014 -0.0408664 0.0928797 0.0497379 0.247816 0.0497985 0.113147 0.0379877 0.0227876 -0.0494486 -0.0344057 -0.0186246 -0.0131103 0.109227 0.122131 0.0214997 0.0266877 0.0150071 0.0628975 0.117659 0.0274633 0.0757564 0.146378 -0.0219797 0.0584194 0.0208591 0.0935093 -0.0292903 -0.0183379 -0.0131767 -0.0169267 0.0600583 -0.00846337 -0.0157972 -0.00336573 0.126348 0.036948 -0.0187042 0.21885 -0.0620042 -0.0160502 -0.0502459 -0.108519 0.0841039 -0.016932 0.0391635 -0.0341758 -0.0256881 -0.0469636 -0.0363241 -0.0264203
internal_weight=8000 6379 4780 3219 1565 748 168 817 580 1654 1502 1422 171 122 82 46 560 88 472 389 75 95 1599 1428 83 80 1251 1148 868 280 110 170 86 50 84 90 68 41 1621 1561 1396 1328 68 1086 935 766 81 151 685 40 165 83 53 82 98 1362 48 1461 1108 297 103 48
internal_count=8000 6379 4780 3219 1565 748 168 817 580 1654 1502 1422 171 122 82 46 560 88 472 389 75 95 1599 1428 83 80 1251 1148 868 280 110 170 86 50 84 90 68 41 1621 1561 1396 1328 68 1086 935 766 81 151 685 40 165 83 53 82 98 1362 48 1461 1108 297 103 48
is_linear=0
shrinkage=0.05


Tree=92
num_leaves=63
num_cat=0
split_feature=2 2 2 0 5 8 4 0 0 7 7 0 8 5 1 6 8 8 3 3 1 1 0 4 0 8 8 6 6 7 6 5 3 3 3 4 5 6 5 3 5 8 6 8 4 5 6 6 1 0 0 5 5 1 1 6 8 5 1 4 1 1
split_gain=648.822 760.273 585.384 271.183 219.813 286.553 363.62 172.956 309.664 171.448 233.749 233.046 165.111 361.665 327.373 427.896 252.553 197.663 188.619 343.439 152.548 256.749 147.352 145.352 142.675 174.23 354.342 321.346 208.889 228.041 206.469 192.837 159.428 149.237 140.66 143.023 159.083 247.097 159.623 289.936 201.123 132.261 131.189 176.791 238.023 165.552 283.26 124.56 123.881 121.954 176.995 124.21 172.715 123.736 128.146 143.795 123.634 191.34 117.087 111.413 109.623 205.598
threshold=1.0000000180025095e-35 2.5000000000000004 1.5000000000000002 3.5000000000000004 17.684962880776791 0.59921435266171386 23.239453947011814 2.5000000000000004 1.5000000000000002 17.500000000000004 18.500000000000004 3.5000000000000004 0.56543910621145022 10.910086275205577 1.5000000000000002 59.500000000000007 0.40051476063252894 0.68946476614055074 3987.4166666666711 7716.1666666666633 1.0000000180025095e-35 2.5000000000000004 1.0000000180025095e-35 24.197223922540477 3.5000000000000004 0.57872006561229261 0.51797154893339814 74.500000000000014 62.500000000000007 10.500000000000002 88.500000000000014 7.0043994903351381 7455.9416666666648 7397.7666666666591 9447.4500000000135 14.080361665778629 16.882424990118029 81.500000000000014 12.727314162436185 8066.2416666666631 8.3457163739643132 0.51797154893339814 11.500000000000002 0.45774028644601256 18.545623380065098 18.684307896344489 41.500000000000007 42.500000000000007 1.5000000000000002 2.5000000000000004 1.5000000000000002 6.1906983981889718 7.5214993127114562 2.5000000000000004 1.0000000180025095e-35 60.500000000000007 0.54788203872086638 14.877795073186626 1.5000000000000002 24.857753737290114 1.0000000180025095e-35 2.5000000000000004
decision_type=2 2 2 2 2 2 2 2 2 2 2 2 2 2 2 2 2 2 2 2 2 2 2 2 2 2 2 2 2 2 2 2 2 2 2 2 2 2 2 2 2 2 2 2 2 2 2 2 2 2 2 2 2 2 2 2 2 2 2 2 2 2
left_child=9 2 24 7 12 23 -7 8 -4 20 11 -11 13 18 15 -14 -15 -16 -5 -20 -1 58 -3 -6 49 26 30 28 29 33 31 -26 -31 -27 35 -10 38 41 39 40 -37 -38 -33 44 47 -46 -47 -44 -40 50 53 -52 -53 54 -2 56 -56 -58 -22 -29 -24 -62
right_child=1 22 3 4 5 6 -8 -9 34 10 -12 -13 14 16 17 -17 -18 -19 19 -21 21 -23 60 -25 25 27 -28 59 -30 32 -32 42 -34 -35 -36 36 37 -39 48 -41 -42 -43 43 -45 45 46 -48 -49 -50 -51 51 52 -54 -55 55 -57 57 -59 -60 -61 61 -63
leaf_value=-0.055006570971309635 -0.031242015342027925 -0.044516006930197027 0.023067391682281821 0.21964607775211334 0.12811740653899809 0.18720070304292624 -0.041088303802786649 0.0023826459372170675 0.17924624617035326 0.034612208143750454 -0.040168045513770165 0.22519967570900917 0.12018921484842021 0.015209493873750464 0.31131874620914463 -0.17127246402204038 -0.18961861873114552 0.11094351615756751 -0.08372433139011265 0.16177722061502522 -0.024308982298928281 -0.052442324502103489 -0.032065998808537638 0.29320355996489528 -0.092933928615906658 -0.0043362214230000971 0.24472191889177669 -0.04802860828737418 0.17391557182584491 0.012832934036850929 0.14274004107635271 -0.077285074273293675 -0.17543786012608073 0.15870610451698305 -0.028329976057184153 0.066943970756097274 0.13381335540644584 0.26222371074060596 -0.088286454603075992 -0.045607381116817981 0.22163855713956498 0.023899404632345758 -0.11083046203213079 -0.085662814825773245 0.18039301246404649 0.16626044589540234 -0.091026453822851183 0.059413829344240103 0.051958243584921286 -0.028893067659571389 -0.032393271417822687 0.17589957150428193 0.033728176827852924 -0.044484453962112848 -0.032415517521704636 0.050308518371517764 0.1054827449952855 -0.030181743837190123 0.011450413513103025 -0.20202771107787673 0.012734336260579741 -0.031528705118409592
leaf_weight=442 214 394 797 20 24 33 37 387 37 81 85 20 34 34 20 20 27 32 28 29 449 443 426 30 34 32 22 24 21 22 38 22 23 25 29 55 62 24 32 34 34 49 21 20 50 23 20 22 31 390 64 23 300 195 176 181 51 53 467 23 766 399
leaf_count=442 214 394 797 20 24 33 37 387 37 81 85 20 34 34 20 20 27 32 28 29 449 443 426 30 34 32 22 24 21 22 38 22 23 25 29 55 62 24 32 34 34 49 21 20 50 23 20 22 31 390 64 23 300 195 176 181 51 53 467 23 766 399
internal_value=-8.11393e-11 0.00818542 0.0206663 0.0404508 0.0790854 0.133293 0.0665337 0.0314008 0.0408857 -0.0247705 0.0209317 0.0723523 0.0515375 0.0154899 0.0984675 0.0122404 -0.0754521 0.188011 0.0875348 0.04118 -0.0294904 -0.0211916 -0.017141 0.219832 0.00230238 0.0275261 0.0523437 -0.0121821 0.030312 0.000746542 0.0354145 0.0161769 -0.0833944 0.0671736 0.0775812 0.0861606 0.0754311 0.116747 0.0454436 0.0785933 0.126041 0.0852928 0.0370182 0.0531379 0.0735498 0.118528 0.0465921 -0.0237287 -0.0192772 -0.00446684 0.0031117 0.0312428 0.0438518 -0.00940179 0.000733196 0.0155764 -0.00687551 0.036346 -0.00607794 -0.12339 -0.0103618 -0.00242528
internal_weight=8000 6013 4028 1939 368 124 70 1571 1184 1987 186 101 244 138 106 54 61 52 77 57 1801 1359 1985 54 2089 442 272 170 123 102 250 212 45 57 387 358 321 135 186 123 89 111 178 156 136 93 43 43 63 1647 1257 387 323 870 675 461 280 104 916 47 1591 1165
internal_count=8000 6013 4028 1939 368 124 70 1571 1184 1987 186 101 244 138 106 54 61 52 77 57 1801 1359 1985 54 2089 442 272 170 123 102 250 212 45 57 387 358 321 135 186 123 89 111 178 156 136 93 43 43 63 1647 1257 387 323 870 675 461 280 104 916 47 1591 1165
is_linear=0
shrinkage=0.05


Tree=93
num_leaves=63
num_cat=0
split_feature=7 7 7 0 0 0 0 7 7 7 7 7 7 7 7 7 7 6 7 7 7 7 7 4 6 4 6 8 3 0 1 1 4 4 4 5 5 3 6 3 3 5 3 8 3 8 7 3 3 4 4 5 4 8 8 3 3 3 5 5 4 8
split_gain=625.95 1580.48 815.363 477.3 427.649 692.673 331.085 291.341 2596.49 935.644 648.394 388.582 369.803 309.427 367.662 292.368 295.064 250.512 201.578 441.688 628.679 309.812 188.897 188.564 187.433 181.861 182.138 172.643 169.155 163.024 146.552 267.733 144.035 141.458 285.664 173.354 139.469 136.369 135.429 134.076 221.248 132.258 135.249 129.78 177.655 129.21 128.945 175.295 128.456 177.074 170.282 188.859 206.982 163.765 226.004 190.899 127.758 179.603 126.64 122.768 153.59 121.876
threshold=1.5000000000000002 2.5000000000000004 4.5000000000000009 3.5000000000000004 2.5000000000000004 1.5000000000000002 3.5000000000000004 10.500000000000002 9.5000000000000018 7.5000000000000009 14.500000000000002 6.5000000000000009 13.500000000000002 11.500000000000002 12.500000000000002 18.500000000000004 17.500000000000004 54.500000000000007 7.5000000000000009 9.5000000000000018 10.500000000000002 14.500000000000002 1.0000000180025095e-35 22.070724727514946 43.500000000000007 21.775241016660761 58.500000000000007 0.4441708831187669 6382.2166666666662 1.0000000180025095e-35 1.0000000180025095e-35 2.5000000000000004 18.223994173636104 16.619358809137129 25.550151988674415 15.700067359730076 18.37362544236964 6352.3583333333327 79.500000000000014 3511.4750000000026 7760.4333333333316 9.7081295696342114 7202.5916666666626 0.8228226387353299 7620.7249999999976 0.60281298632275038 8.5000000000000018 4394.2000000000035 8891.116666666685 24.389712228185214 21.622964668848734 17.60408639267602 16.096234169673341 0.59318740218297827 0.36606472284635422 6997.974999999994 7078.0333333333256 6438.7416666666659 1.1627528348611282 14.220934731168457 22.183365248470988 0.35359035002725631
decision_type=2 2 2 2 2 2 2 2 2 2 2 2 2 2 2 2 2 2 2 2 2 2 2 2 2 2 2 2 2 2 2 2 2 2 2 2 2 2 2 2 2 2 2 2 2 2 2 2 2 2 2 2 2 2 2 2 2 2 2 2 2 2
left_child=22 6 -3 4 5 29 30 8 9 11 12 39 13 32 24 16 48 45 43 46 38 -22 58 -18 -15 -10 -27 -14 -25 -4 37 -32 -9 -11 35 -35 -36 -2 -21 -5 56 -17 -43 44 -7 -8 -20 -48 49 50 51 52 -12 54 -51 -55 57 -41 -1 -16 -61 -13
right_child=1 2 3 7 -6 18 17 10 25 33 15 61 27 14 59 41 23 -19 19 20 21 -23 -24 28 -26 26 -28 -29 -30 -31 31 -33 -34 34 36 -37 -38 -39 -40 40 -42 42 -44 -45 -46 -47 47 -49 -50 53 -52 -53 -54 55 -56 -57 -58 -59 -60 60 -62 -63
leaf_value=-0.10842431794319835 0.12799865882843733 -0.048121307056761882 -0.021369600233296399 0.1294700995619808 -0.027769000215804841 0.10595633140691217 0.039502851851284507 0.014327868106572526 0.22403268066048621 -0.20281811157862345 -0.0036495875447027145 0.062673081610013143 -0.24732817932963372 0.014894214048981667 0.0052150891984210296 -0.14128402925672987 0.29131259921760788 0.28944647767477566 -0.0011222863942384721 0.21000124991672939 -0.0096435466025488834 0.057336320889291248 -0.065343288131648816 0.22676344758697919 0.16010519593954087 0.47040406732723633 0.27705308880124774 -0.07617147052112748 0.046276828931534994 0.0044380521302814589 0.13324876727387766 0.020116326926493802 -0.13250232072638685 0.13311774168502202 -0.16684561750319388 -0.048078939950827404 -0.022781890941162907 -0.02483933394153913 0.078756105360285988 -0.081985982579569669 0.081893231454542137 0.099309011887420306 -0.074098340891625578 0.19926791432357971 0.011045540004600715 0.20414486717094077 -0.20065843629149291 -0.042153027316309377 0.16029873862862587 0.070063741430640231 -0.12709515418695369 -0.072625809078735698 0.19193329761425656 0.12577111035585406 0.27591722562909127 -0.08338826348384222 -0.14556076319321343 0.10481235069561412 -0.0090094644368734593 -0.016549322860581535 -0.21015535116435788 0.20025082449118298
leaf_weight=35 20 807 1196 28 1177 126 26 23 25 21 31 22 26 40 51 21 21 36 70 61 313 385 410 21 50 29 21 34 34 1253 163 77 61 22 56 33 24 54 29 31 59 22 23 21 81 22 26 53 24 40 23 31 24 20 20 24 23 22 378 21 20 60
leaf_count=35 20 807 1196 28 1177 126 26 23 25 21 31 22 26 40 51 21 21 36 70 61 313 385 410 21 50 29 21 34 34 1253 163 77 61 22 56 33 24 54 29 31 59 22 23 21 81 22 26 53 24 40 23 31 24 20 20 24 23 22 378 21 20 60
internal_value=1.6378e-11 0.00473613 -0.000949154 0.00542525 -0.00159282 0.00693219 0.101572 0.0338957 0.0641186 0.0136155 0.0134898 0.0745597 -0.038212 -0.0129201 0.0237162 0.0579615 0.0781273 0.189742 0.0386696 0.0284101 0.0433376 0.0273009 -0.0413016 0.163855 0.095567 0.334142 0.389197 -0.150339 0.11519 -0.00816544 0.0779846 0.0969521 -0.0922988 -0.0820982 -0.0633195 0.0243997 -0.123626 0.0164682 0.167711 0.0298974 0.00924525 -0.0376732 0.0106786 0.0808325 0.0688173 0.114964 -0.0505355 -0.0943194 0.0506365 0.0382801 -0.0062507 0.0260682 0.0816957 0.0849519 0.138682 0.0116842 -0.0471525 -0.00444705 -0.0174345 -0.0465725 -0.110991 0.16334
internal_weight=8000 7177 6779 5972 4791 3614 398 1181 476 401 705 245 326 266 182 379 313 84 1165 937 788 698 823 76 90 75 50 60 55 2449 314 240 84 156 135 55 80 74 90 163 135 66 45 228 207 48 149 79 237 213 109 86 55 104 60 44 76 53 413 92 41 82
internal_count=8000 7177 6779 5972 4791 3614 398 1181 476 401 705 245 326 266 182 379 313 84 1165 937 788 698 823 76 90 75 50 60 55 2449 314 240 84 156 135 55 80 74 90 163 135 66 45 228 207 48 149 79 237 213 109 86 55 104 60 44 76 53 413 92 41 82
is_linear=0
shrinkage=0.05


Tree=94
num_leaves=63
num_cat=0
split_feature=2 2 2 7 7 4 6 1 1 6 3 8 3 0 6 5 5 8 6 7 7 0 5 7 1 1 4 4 7 7 7 7 7 7 7 0 3 0 8 5 1 0 5 3 8 7 7 7 7 7 7 7 7 7 7 5 6 6 1 7 7 7
split_gain=588.052 678.469 524.63 254.898 431.28 281.695 230.224 212.143 296.295 190.56 190.542 201.02 189.971 227.542 355.299 220.228 205.024 181.944 239.713 151.396 201.65 194.495 146.678 146.202 133.304 230.101 132.891 152.095 129.707 585.634 278.118 318.829 535.699 1365.75 352.657 210.715 182.743 172.74 168.498 151.55 140.812 210.851 203.661 136.184 124.11 122.602 230.827 126.848 140.341 1233.67 514.912 229.967 203.806 157.536 164.278 152.134 131.931 129.362 125.416 120.252 540.901 137.927
threshold=1.0000000180025095e-35 2.5000000000000004 1.5000000000000002 17.500000000000004 18.500000000000004 17.112553601728322 72.500000000000014 2.5000000000000004 1.0000000180025095e-35 96.500000000000014 6972.4249999999965 0.39772415032901748 7700.7583333333232 3.5000000000000004 78.500000000000014 14.979030719549236 16.361471810312668 0.56111682996321954 34.500000000000007 17.500000000000004 18.500000000000004 3.5000000000000004 28.475242844600121 14.500000000000002 1.0000000180025095e-35 2.5000000000000004 30.742048466948308 20.668057409610512 1.5000000000000002 2.5000000000000004 5.5000000000000009 7.5000000000000009 9.5000000000000018 10.500000000000002 14.500000000000002 1.5000000000000002 8101.8750000000036 3.5000000000000004 0.71125269816795644 1.0000000180025095e-35 2.5000000000000004 2.5000000000000004 16.015849121328408 7588.0666666666575 0.22713380245368137 1.5000000000000002 2.5000000000000004 4.5000000000000009 10.500000000000002 9.5000000000000018 7.5000000000000009 14.500000000000002 13.500000000000002 18.500000000000004 17.500000000000004 19.083978966535724 64.500000000000014 81.500000000000014 2.5000000000000004 10.500000000000002 9.5000000000000018 7.5000000000000009
decision_type=2 2 2 2 2 2 2 2 2 2 2 2 2 2 2 2 2 2 2 2 2 2 2 2 2 2 2 2 2 2 2 2 2 2 2 2 2 2 2 2 2 2 2 2 2 2 2 2 2 2 2 2 2 2 2 2 2 2 2 2 2 2
left_child=19 2 45 7 5 -5 -7 8 22 12 -6 -12 13 -10 17 -14 -17 -15 -19 24 21 -21 -4 26 -1 -26 27 -18 43 35 44 36 -33 40 38 -30 37 -32 39 -35 41 42 -34 -3 -31 -2 -47 -48 49 50 57 52 -50 54 -53 56 -56 -49 -51 60 61 -9
right_child=1 28 3 4 10 6 -8 59 9 -11 11 -13 15 14 -16 16 23 18 -20 20 -22 -23 -24 -25 25 -27 -28 -29 29 30 31 32 33 34 -36 -37 -38 -39 -40 -41 -42 -43 -44 -45 -46 46 47 48 51 58 -52 53 -54 -55 55 -57 -58 -59 -60 -61 -62 -63
leaf_value=-0.051869710520693696 -0.035659469648734808 -0.014731951450091711 0.016662861741155232 0.011803630447905998 0.10114077433597211 0.15303608270467453 0.33969439094265308 0.018975995689248428 0.064429058541217096 -0.077390901803970347 -0.14535856032371522 0.038174811327779619 -0.0042928639455963782 0.038671554774045949 0.33085637631870451 0.21693057201125404 0.088755344739183784 0.056883115023374557 0.29875356782050361 0.032646755145195827 -0.037385126334779403 0.20675803944468499 -0.088899428625073704 0.15791270365672452 -0.0059517106439869478 -0.049844133753277481 0.11102877543552925 -0.045465688374374182 0.037265733898032546 -0.12779394137231928 0.054162102047015319 -0.094949121504085854 0.063051440769975833 -0.17691117536276579 0.0026347643462042089 0.19379592234658641 -0.028115095226810528 0.1953016565905677 -0.12699028708330998 -0.034392770584201988 0.070269381282851096 0.31102038467371906 0.26525557950139045 -0.095528397915535607 -0.046065189641533028 0.080400353850740389 -0.033773891068140577 0.021873294639760701 -0.012706693821199981 0.21818923344896116 -0.065479100578411373 0.012925234175648857 -0.09293490932368248 -0.038293287875944548 0.17887886740605941 -0.0070017723366618163 0.044210285645338798 0.10895888182119683 0.077658271286636604 -0.030494133254911515 0.25480635509542798 -0.079029325226491143
leaf_weight=442 194 109 383 23 43 53 24 195 382 25 25 37 179 50 21 22 32 20 21 81 85 20 36 28 916 443 38 62 43 57 110 191 33 20 518 43 52 27 77 277 30 27 20 100 251 99 218 237 342 77 209 328 103 103 44 32 31 52 20 173 23 44
leaf_count=442 194 109 383 23 43 53 24 195 382 25 25 37 179 50 21 22 32 20 21 81 85 20 36 28 916 443 38 62 43 57 110 191 33 20 518 43 52 27 77 277 30 27 20 100 251 99 218 237 342 77 209 328 103 103 44 32 31 52 20 173 23 44
internal_value=-5.10727e-11 0.00779267 0.019583 0.0383127 0.0910372 0.165351 0.211215 0.0320794 0.0421999 0.0586775 0.0202625 -0.0358306 0.0626561 0.0828035 0.145474 0.0350859 0.0738155 0.102693 0.180768 -0.0235819 0.0193646 0.0671242 0.00759307 0.0541372 -0.0280173 -0.0202595 0.0321242 0.000226578 -0.0161324 -0.0117479 -0.0182248 -0.00864929 -0.0182081 -0.00357986 -0.024079 0.115531 0.0516878 0.0819779 -0.0610783 -0.04399 0.162649 0.197292 0.139355 -0.0533905 -0.0611903 0.00219811 0.00607376 0.0019767 0.00691562 0.0260814 -0.00569337 -0.00468523 -0.0312764 0.0173093 0.030475 0.0842723 0.123216 0.0375427 0.189214 0.00185768 0.0232198 0.000933175
internal_weight=8000 6013 4028 1939 205 100 77 1734 1299 880 105 62 855 494 112 361 182 91 41 1987 186 101 419 160 1801 1359 132 94 1985 1776 1690 1382 1193 1002 892 86 189 137 374 297 110 80 53 209 308 2089 1895 1796 1578 595 498 983 445 538 435 107 75 289 97 435 262 239
internal_count=8000 6013 4028 1939 205 100 77 1734 1299 880 105 62 855 494 112 361 182 91 41 1987 186 101 419 160 1801 1359 132 94 1985 1776 1690 1382 1193 1002 892 86 189 137 374 297 110 80 53 209 308 2089 1895 1796 1578 595 498 983 445 538 435 107 75 289 97 435 262 239
is_linear=0
shrinkage=0.05


Tree=95
num_leaves=63
num_cat=0
split_feature=1 1 1 0 7 7 7 7 7 7 7 7 7 6 8 6 7 6 8 8 8 4 3 3 0 7 7 7 7 7 7 7 7 6 5 5 5 8 8 6 7 7 7 5 7 7 6 6 5 7 4 4 2 6 7 7 0 7 7 5 6 5
split_gain=546.508 1078.79 437.52 259.599 158.543 150.831 311.321 207.294 181.702 519.912 1318.93 268.275 335.628 206.305 164.662 163.296 278.776 242.977 354.868 162.752 215.381 162.612 158.788 148.924 171.91 145.285 137.421 521.581 1249.44 421.607 141.955 169.231 192.162 141.85 131.06 130.08 178.762 245.023 199.972 136.094 259.485 170.16 226.597 383.836 246.902 204.072 128.692 129.753 128.682 182.846 126.997 140.289 125.503 124.789 182.618 251.577 177.852 152.28 172.292 146.514 119.576 119.277
threshold=1.0000000180025095e-35 2.5000000000000004 1.5000000000000002 3.5000000000000004 5.5000000000000009 1.5000000000000002 2.5000000000000004 4.5000000000000009 7.5000000000000009 9.5000000000000018 10.500000000000002 14.500000000000002 13.500000000000002 77.500000000000014 0.20890232588871119 26.500000000000004 17.500000000000004 62.500000000000007 0.41064590489498837 0.68316388009361584 0.43499593996717401 16.96882211840683 7176.0083333333305 6438.7416666666659 3.5000000000000004 17.500000000000004 7.5000000000000009 9.5000000000000018 10.500000000000002 6.5000000000000009 14.500000000000002 12.500000000000002 11.500000000000002 60.500000000000007 29.93687833277928 30.21595292710472 24.219566657897985 0.52393897622879748 0.19927199119380154 26.500000000000004 7.5000000000000009 9.5000000000000018 12.500000000000002 6.1906983981889718 16.500000000000004 7.5000000000000009 66.500000000000014 35.500000000000007 6.3243629780832533 5.5000000000000009 15.959152364461689 31.903448193253094 1.0000000180025095e-35 52.500000000000007 1.5000000000000002 2.5000000000000004 2.5000000000000004 2.5000000000000004 1.5000000000000002 17.179630136911765 7.5000000000000009 21.001646945361454
decision_type=2 2 2 2 2 2 2 2 2 2 2 2 2 2 2 2 2 2 2 2 2 2 2 2 2 2 2 2 2 2 2 2 2 2 2 2 2 2 2 2 2 2 2 2 2 2 2 2 2 2 2 2 2 2 2 2 2 2 2 2 2 2
left_child=52 2 5 25 34 -2 50 14 19 -10 13 12 -12 -11 -8 16 60 18 -17 20 48 -20 -18 -19 -25 26 29 -28 46 53 31 32 33 -30 -3 36 38 -38 -5 40 -40 45 -43 -44 -45 -41 47 -29 -9 -50 -7 -52 -1 57 -55 59 61 58 -4 -56 -13 -57
right_child=1 4 3 35 -6 6 7 8 9 10 11 15 -14 -15 -16 17 22 23 21 -21 -22 -23 -24 24 -26 -27 27 28 30 -31 -32 -33 -34 -35 -36 -37 37 -39 39 41 -42 42 43 44 -46 -47 -48 -49 49 -51 51 -53 -54 54 55 56 -58 -59 -60 -61 -62 -63
leaf_value=-0.044627481814693892 -0.037486350398448949 -0.049939350935803581 0.0059967187385115287 -0.036407251238371387 -0.013527299354633074 -0.0087248365310105408 0.049636745525569452 -0.024788492048780125 -0.067221853732196399 0.24343409015616377 -0.0045422932604283449 -0.070025960673336635 -0.10888760516606272 0.081823403268520334 -0.061746380211726563 -0.12110719188234548 0.2662038130177693 -0.012111177235945231 0.14707624387173426 0.10655669817723423 -0.037036756721736737 -0.0071227057998918975 0.08670008668143836 0.051766033579002724 0.2048748740079728 0.074847032626469939 -0.072160667590675215 0.26197844130488546 -0.082649312854981893 0.14836878974542575 0.033194752761468237 -0.056108985929971648 0.080430581669012707 0.062741141557693489 0.055650735291982861 0.19626469140251479 0.089133428072645557 -0.15540127262473108 0.134388922829483 0.10325583667409691 -0.046218570581702305 0.26224422120622232 -0.079651766270399105 0.082955703989136972 0.29266834849119189 -0.067001240023157813 0.33339290959494461 0.098945046094772615 -0.0014954825693910773 0.14378951552161387 0.17384104164173972 0.027696689280370876 -0.015510920585081706 -0.012560827289284629 0.10026733539998532 0.095506438699740806 -0.052470113278219578 -0.032074967782238138 0.13501813111619818 0.2702338879484506 0.057355400714380993 -0.01928739830337722
leaf_weight=491 181 565 92 33 1362 22 41 30 215 67 336 27 100 28 174 71 22 72 21 83 86 92 28 110 22 162 153 26 51 81 247 147 69 25 31 21 21 20 37 88 43 35 20 32 25 22 21 23 33 63 52 24 1503 88 32 103 38 149 36 21 58 29
leaf_count=491 181 565 92 33 1362 22 41 30 215 67 336 27 100 28 174 71 22 72 21 83 86 92 28 110 22 162 153 26 51 81 247 147 69 25 31 21 21 20 37 88 43 35 20 32 25 22 21 23 33 63 52 24 1503 88 32 103 38 149 36 21 58 29
internal_value=-1.24043e-10 0.00752997 0.0222677 0.0389842 -0.0229391 0.00610358 0.010307 0.00552765 0.0118558 0.00363883 0.0180933 0.000489296 -0.0284747 0.195801 -0.0405059 0.0246352 0.072 0.00815517 -0.0335071 0.0472026 0.023965 0.0215337 0.165682 0.0457329 0.0772842 0.0299689 0.0248883 0.0103701 0.0311045 0.0414247 0.00529537 -0.0183044 0.0200215 -0.0348235 -0.0444472 0.0751591 0.0683953 -0.0301518 0.0804562 0.0932261 0.0373124 0.113375 0.156757 0.108809 0.174935 0.0692044 0.229835 0.185453 0.0656011 0.0938478 0.0970664 0.12769 -0.0226805 0.0266926 0.0484311 0.0724997 0.0428468 0.00228585 0.042284 0.167613 0.0168931 0.0702866
internal_weight=8000 6006 4048 1990 1958 2058 1877 1779 1564 1269 1054 959 436 95 215 523 135 388 184 295 212 113 50 204 132 1593 1431 762 609 669 539 292 145 76 596 397 376 41 335 302 80 222 112 77 57 110 70 49 126 96 98 76 1994 588 311 223 170 277 128 53 85 132
internal_count=8000 6006 4048 1990 1958 2058 1877 1779 1564 1269 1054 959 436 95 215 523 135 388 184 295 212 113 50 204 132 1593 1431 762 609 669 539 292 145 76 596 397 376 41 335 302 80 222 112 77 57 110 70 49 126 96 98 76 1994 588 311 223 170 277 128 53 85 132
is_linear=0
shrinkage=0.05


Tree=96
num_leaves=63
num_cat=0
split_feature=0 2 2 2 7 7 5 4 1 1 3 5 5 0 3 8 7 8 7 7 0 4 3 4 7 6 6 3 7 3 8 3 3 7 7 3 5 6 5 2 0 0 8 8 3 8 4 7 3 7 8 8 2 0 7 7 5 3 7 7 7 7
split_gain=534.07 409.545 501.332 429.224 222.625 299.8 312.316 315.674 179.092 215.21 175.427 257.658 230.906 156.219 145.176 139.299 139.172 135.812 128.8 174.133 131.878 126.803 119.755 237.444 116.406 254.575 209.315 301.369 217.387 264.356 204.502 189.332 189.099 148.12 146.282 117.854 116.185 141.067 122.681 110.129 107.417 237.874 131.548 121.196 316.844 205.501 196.561 142.938 129.563 180.067 213.431 183.935 107.322 105.795 103.721 165.574 201.239 113.203 107.239 382.424 601.511 249.888
threshold=1.0000000180025095e-35 1.0000000180025095e-35 2.5000000000000004 1.5000000000000002 17.500000000000004 18.500000000000004 17.684962880776791 23.239453947011814 2.5000000000000004 1.0000000180025095e-35 7745.7916666666561 14.979030719549236 17.494627851377448 3.5000000000000004 9034.3166666666675 0.39772415032901748 14.500000000000002 0.8228226387353299 17.500000000000004 18.500000000000004 3.5000000000000004 42.001725629616367 2230.2000000000016 29.712010529176705 12.500000000000002 34.500000000000007 36.500000000000007 5176.3000000000029 6.5000000000000009 6535.1916666666657 0.43499593996717401 4035.9333333333375 3580.358333333334 3.5000000000000004 1.5000000000000002 5332.9416666666702 15.077816850013146 88.500000000000014 28.747750361449246 1.0000000180025095e-35 2.5000000000000004 3.5000000000000004 0.85489688404067843 0.73333085115639951 7536.8833333333232 0.6690647664865611 18.744063916108399 12.500000000000002 8915.4083333333638 5.5000000000000009 0.58398135235541304 0.40807316457506998 2.5000000000000004 2.5000000000000004 18.500000000000004 17.500000000000004 19.083978966535724 5229.3250000000035 12.500000000000002 9.5000000000000018 10.500000000000002 7.5000000000000009
decision_type=2 2 2 2 2 2 2 2 2 2 2 2 2 2 2 2 2 2 2 2 2 2 2 2 2 2 2 2 2 2 2 2 2 2 2 2 2 2 2 2 2 2 2 2 2 2 2 2 2 2 2 2 2 2 2 2 2 2 2 2 2 2
left_child=21 18 3 22 8 6 7 -6 9 14 24 13 -13 -12 -5 -7 -14 36 40 20 -20 39 23 -3 26 35 27 30 33 31 -11 -30 -27 34 -28 -26 37 -10 -38 -1 -2 -42 43 45 -45 46 47 -43 49 -48 51 -51 -41 -34 55 58 -57 -56 59 61 -61 -24
right_child=1 2 -4 4 5 15 -8 -9 17 10 11 12 16 -15 -16 -17 -18 -19 19 -21 -22 -23 54 -25 25 32 28 -29 29 -31 -32 -33 53 -35 -36 -37 38 -39 -40 52 41 42 -44 44 -46 -47 48 -49 -50 50 -52 -53 -54 -55 57 56 -58 -59 -60 60 -62 -63
leaf_value=-0.051724722440242968 -0.005885380893608975 0.14928286622326153 -0.0091574583757091568 0.002720460559868691 -0.063702620863914497 -0.046136403565897662 0.29492869223157564 0.18803900918274216 0.0065947072839500111 0.23925776131775067 0.015588987274740888 0.21499632849143102 0.019497016417821325 -0.10571802581350009 0.10538814808480823 0.085581517766933068 0.15813573702521946 0.11173839930977142 0.042596836561337115 -0.02552458188363484 0.19451346553862095 0.042793755405224287 0.009847171891946345 -0.062616260349750527 0.20702374161531531 -0.13116572080552577 0.033449996573229633 -0.039815796942196113 0.18915556574877548 0.30263572325929999 0.050359695169486497 -0.00090389892458915717 -0.042342070401646198 0.016486937364485737 0.18819151595234873 0.048636334680992627 -0.057493913064758151 0.13951934815748879 0.068736253354860388 -0.010432146868937689 -0.062411280619239229 0.099028355030799819 0.10503479197621346 -0.18045891234368991 0.06129068408323371 0.12546856600213155 -0.10271293864800379 -0.052580978348851205 -0.14446776560865915 -0.012969611338697949 -0.14094561830163002 0.12668170888681671 -0.04280060036255727 0.11489619509033536 -0.15055627964791798 0.12738029305365381 -0.03347769996215557 -0.014756183329512153 -0.017248166859488299 0.18264472686334865 0.014039590451645956 -0.060652820115510681
leaf_weight=384 697 39 1591 294 20 34 30 33 151 23 101 26 85 36 39 49 23 28 50 70 20 65 600 20 24 25 24 55 38 32 38 20 20 48 42 23 118 23 23 794 360 53 25 33 23 29 52 22 26 65 20 37 378 23 21 59 29 57 428 77 169 159
leaf_count=384 697 39 1591 294 20 34 30 33 151 23 101 26 85 36 39 49 23 28 50 70 20 65 600 20 24 25 24 55 38 32 38 20 20 48 42 23 118 23 23 794 360 53 25 33 23 29 52 22 26 65 20 37 378 23 21 59 29 57 428 77 169 159
internal_value=-3.1614e-11 0.00651238 0.0137879 0.0251747 0.0441084 0.098819 0.166013 0.0930422 0.0375368 0.0478786 0.0635069 0.0319296 0.0812259 -0.0162873 0.0147446 0.0316248 0.0490219 0.00621013 -0.0155487 0.0302385 0.0860016 -0.0256277 0.00749706 0.0774527 0.0831792 0.0400333 0.0986848 0.045058 0.129178 0.187269 0.121584 0.123618 -0.0218143 0.0833177 0.131922 0.129515 -0.00317017 0.0241652 -0.0369032 -0.0284859 -0.019994 -0.0331937 -0.00587332 -0.0135753 -0.0811689 -0.00112381 -0.0144736 0.0545563 -0.0403597 -0.0248034 0.00840398 0.0376882 -0.0208718 0.0417621 0.00491584 0.00779961 0.0743703 -0.0513177 0.00371153 0.0126377 0.0668144 -0.0049216
internal_weight=8000 6379 4797 3206 1548 166 83 53 1382 1039 706 271 134 137 333 83 108 343 1582 140 70 1621 1658 59 435 115 320 116 204 90 61 58 68 114 66 47 315 174 141 1556 1442 745 385 360 56 304 275 75 200 174 122 102 1172 43 1599 1521 88 78 1433 1005 246 759
internal_count=8000 6379 4797 3206 1548 166 83 53 1382 1039 706 271 134 137 333 83 108 343 1582 140 70 1621 1658 59 435 115 320 116 204 90 61 58 68 114 66 47 315 174 141 1556 1442 745 385 360 56 304 275 75 200 174 122 102 1172 43 1599 1521 88 78 1433 1005 246 759
is_linear=0
shrinkage=0.05


Tree=97
num_leaves=63
num_cat=0
split_feature=7 7 7 7 7 7 7 0 7 7 7 7 7 0 7 4 7 6 0 7 3 1 4 0 8 6 6 4 6 0 3 3 8 0 0 8 8 6 8 3 8 4 6 8 8 8 8 8 4 5 5 4 5 4 1 1 6 6 4 8 6 6
split_gain=491.528 1273.84 669.652 906.489 1552.72 4024.28 1127.87 723.728 599.915 360.228 670.002 345.39 744.813 296.382 290.527 230.186 219.72 216.871 171.222 169.487 168.663 241.465 167.78 162.998 160.329 150.726 148.508 143.019 123.952 119.388 118.732 116.796 133.171 115.343 185.196 138.103 252.691 127.448 115.152 114.977 114.368 296.42 195.782 156.026 291.655 128.213 120.793 114.293 114.17 113.872 110.93 106.517 180.506 149.193 106.423 182.667 113.968 121.944 106.122 154.789 109.574 104.014
threshold=1.5000000000000002 2.5000000000000004 5.5000000000000009 7.5000000000000009 9.5000000000000018 10.500000000000002 14.500000000000002 3.5000000000000004 13.500000000000002 11.500000000000002 12.500000000000002 18.500000000000004 17.500000000000004 3.5000000000000004 6.5000000000000009 38.667646585842192 8.5000000000000018 54.500000000000007 3.5000000000000004 1.0000000180025095e-35 5420.7416666666677 1.5000000000000002 14.080361665778629 3.5000000000000004 0.16394098306000052 48.500000000000007 35.500000000000007 38.928688065408764 11.500000000000002 3.5000000000000004 9149.5916666666835 3628.9750000000026 0.4041940079920528 2.5000000000000004 1.0000000180025095e-35 0.44100089924750124 0.27933568952851001 43.500000000000007 0.60281298632275038 3580.358333333334 0.65062400937924658 13.153333425754072 62.500000000000007 0.33768564694951764 0.49461075357881906 0.37725880972585107 0.71422941428671083 0.29957017534878227 26.131843692276423 1.1627528348611282 -0.75833386169082029 13.670900693646105 20.577513542843537 32.852496219087925 2.5000000000000004 1.5000000000000002 66.500000000000014 35.500000000000007 36.512538364667634 0.61395179269470079 88.500000000000014 78.500000000000014
decision_type=2 2 2 2 2 2 2 2 2 2 2 2 2 2 2 2 2 2 2 2 2 2 2 2 2 2 2 2 2 2 2 2 2 2 2 2 2 2 2 2 2 2 2 2 2 2 2 2 2 2 2 2 2 2 2 2 2 2 2 2 2 2
left_child=19 13 -3 14 16 7 8 54 9 61 58 12 23 33 50 24 -5 38 30 49 -9 -22 -13 -8 -14 47 -10 39 -26 -28 -16 -20 -33 34 -2 36 -36 -37 -15 -12 41 -25 43 -43 -45 -44 -42 -18 -48 -1 -4 -52 -53 -54 55 -6 57 -57 60 -60 -11 -7
right_child=1 2 3 4 5 6 11 20 26 10 27 22 15 17 18 -17 25 -19 31 -21 21 -23 -24 40 28 -27 29 -29 -30 -31 -32 32 -34 -35 35 37 -38 -39 -40 -41 46 42 45 44 -46 -47 48 -49 -50 -51 51 52 53 -55 -56 56 -58 -59 59 -61 -62 -63
leaf_value=-0.10027236597878593 0.029494391526880111 -0.03468894081236177 -0.090047975182533269 -0.038405148133843846 0.11839422505419656 -0.071419068247125989 0.00066825935910893772 0.40884067857265471 -0.052359646214101808 0.024312257003761436 -0.10351502107888727 0.059911421728584005 0.20486654169533566 0.03374025500737704 0.059192292242773371 0.22288773469626905 -0.062582005548381045 0.26732262175193883 0.045488436520099644 -0.059372171408087926 0.3688326481891715 0.14836937958995502 -0.035695084261201458 -0.10912739027291536 0.14643267816967434 -0.059101195937418263 -0.10201316516529578 -0.14905061853989479 0.057789467698909039 -0.20115632733537092 0.15798976640490925 0.092238346425195544 0.24268158529149858 0.013258251128718257 0.082880935619274787 0.0034148914993486624 0.29584775704603933 0.12539201456839677 0.18916774229569869 -0.025926073223358184 -0.10895541310310364 0.12642389438873114 0.088204875588417053 -0.13021207445611557 0.10731954122228282 0.25805191421508789 -0.02868380971485749 -0.14298095597897645 0.11392267990112304 -0.0060025150361643353 0.10189103117293639 0.046650644543401787 -0.06990418236803364 0.084009488672018059 0.083713564088337883 0.24784189385290328 0.31287467025575189 0.089790541751553196 0.034462792426347734 0.22108405165374281 0.10223964902589906 -0.0083617310766584997
leaf_weight=35 92 1206 20 380 158 323 989 25 141 303 56 53 23 26 288 29 62 36 20 410 23 27 342 20 45 193 194 31 319 36 34 24 38 72 30 33 26 61 22 324 20 43 20 24 28 25 32 154 25 378 46 203 74 20 89 26 21 23 25 20 53 82
leaf_count=35 92 1206 20 380 158 323 989 25 141 303 56 53 23 26 288 29 62 36 20 410 23 27 342 20 45 193 194 31 319 36 34 24 38 72 30 33 26 61 22 324 20 43 20 24 28 25 32 154 25 378 46 203 74 20 89 26 21 23 25 20 53 82
internal_value=-6.3031e-11 0.00419689 -0.000907159 0.00640324 -0.00165264 0.0109428 -0.00551429 0.163129 -0.0371019 -0.0201339 -0.000922281 0.0191107 0.0292088 0.0911324 0.0568811 0.0870192 -0.065779 0.174554 0.0860505 -0.0365991 0.302802 0.249782 -0.0228669 0.00959292 0.0768378 -0.0912119 -0.0927625 -0.0457846 0.0687481 -0.117531 0.0696243 0.150554 0.184445 0.0688158 0.0853453 0.1196 0.181758 0.0825703 0.104978 -0.0373602 0.0468355 0.0709308 0.0966534 0.0559588 -0.00231044 0.182564 -0.00323277 -0.119903 0.0338629 -0.0139915 0.024417 0.0310914 0.0201258 -0.0371566 0.130083 0.148183 0.215421 0.173655 0.0450588 0.117406 0.0359138 -0.0586519
internal_weight=8000 7177 6779 5573 4806 4017 3625 392 1588 1217 812 2037 1642 398 767 416 789 84 404 823 75 50 395 1226 387 409 371 411 364 230 322 82 62 314 242 150 56 94 48 380 237 160 140 95 52 45 77 216 57 413 363 343 297 94 317 228 70 49 401 45 356 405
internal_count=8000 7177 6779 5573 4806 4017 3625 392 1588 1217 812 2037 1642 398 767 416 789 84 404 823 75 50 395 1226 387 409 371 411 364 230 322 82 62 314 242 150 56 94 48 380 237 160 140 95 52 45 77 216 57 413 363 343 297 94 317 228 70 49 401 45 356 405
is_linear=0
shrinkage=0.05


Tree=98
num_leaves=63
num_cat=0
split_feature=1 1 1 0 7 2 2 3 4 3 2 3 3 7 2 5 8 4 8 5 5 5 4 3 5 4 2 6 3 3 3 3 6 8 8 4 3 4 4 7 7 4 3 8 5 6 3 4 7 6 4 6 3 4 3 6 0 3 5 8 0 0
split_gain=479.326 931.876 383.329 211.858 133.786 129.988 181.533 125.034 183.607 193.269 131.371 155.228 207.656 184.603 141.45 139.324 124.577 201.556 150.437 269.253 204.622 150.907 292.959 237.079 138.696 121.213 181.511 182.625 174.928 258.577 179.917 141.201 135.976 171.371 133.196 210.911 157.815 165.881 126 119.643 158.16 129.345 116.698 126.305 133.113 161.824 132.997 123.138 114.205 132.381 113.527 112.727 175.88 127.709 124.989 111.757 111.223 118.636 118.409 177.231 111.756 155.5
threshold=1.0000000180025095e-35 2.5000000000000004 1.5000000000000002 3.5000000000000004 1.5000000000000002 1.0000000180025095e-35 2.5000000000000004 9127.8666666666832 22.581932114223736 9422.7916666666915 1.5000000000000002 3987.4166666666711 2342.7583333333364 15.500000000000002 2.5000000000000004 27.907519360214792 0.79841744230046874 26.589831807865146 0.42906816225108496 10.047492307545506 6.4764216364941944 17.60408639267602 26.325567634300658 8066.2416666666631 6.0869839466305553 30.034767101762217 1.5000000000000002 86.500000000000014 5176.3000000000029 6535.1916666666657 2978.1750000000006 7152.4666666666626 83.500000000000014 0.41948516943102249 0.25628153912909646 36.104441768219992 3754.3666666666682 34.840716130964438 20.325377410104736 2.5000000000000004 5.5000000000000009 35.493162345976423 3511.4750000000026 0.86858084709962446 19.869068756485916 61.500000000000007 6608.1583333333301 23.725260575138282 9.5000000000000018 23.500000000000004 15.688268860722454 54.500000000000007 7729.1499999999969 34.069371766239996 6325.2666666666673 44.500000000000007 1.0000000180025095e-35 7326.9416666666593 33.137111370415958 0.42645370767320984 2.5000000000000004 3.5000000000000004
decision_type=2 2 2 2 2 2 2 2 2 2 2 2 2 2 2 2 2 2 2 2 2 2 2 2 2 2 2 2 2 2 2 2 2 2 2 2 2 2 2 2 2 2 2 2 2 2 2 2 2 2 2 2 2 2 2 2 2 2 2 2 2 2
left_child=56 2 5 7 -3 -2 25 10 9 -9 42 12 -12 -14 15 51 18 -18 20 24 -5 22 -21 -23 -20 26 32 28 30 -30 -28 -31 33 -7 -27 36 -36 -38 -32 -6 41 -41 -4 44 46 48 47 -44 -46 -50 -35 52 54 -53 -13 -52 57 -1 60 -60 -58 -62
right_child=1 4 3 16 39 6 -8 8 -10 -11 11 14 13 -15 -16 -17 17 -19 19 21 -22 23 -24 -25 -26 34 27 -29 29 31 38 -33 -34 50 35 -37 37 -39 -40 40 -42 -43 43 -45 45 -47 -48 -49 49 -51 55 53 -54 -55 -56 -57 58 -59 59 -61 61 -63
leaf_value=-0.016100315464147554 -0.016709829833490227 -0.059485873606782862 -0.039225740730762487 -0.091616947948932659 0.03807888326254931 -0.046767634046714635 -0.011936925495873489 0.22404659164528692 0.026117354138002088 0.056788719120698099 -0.035362249201741712 -0.026257840521633626 0.082372136661743242 0.23774003951499859 0.00021643895361954949 0.16382664300501348 0.091998637036379921 -0.1222512423992157 0.13251388559029217 -0.095298213779460642 0.066825927135845023 0.17604129669101287 0.13065890555198376 -0.028855629563331604 0.27945553110196042 0.070834918591109186 0.028845564193195769 -0.037667384466681726 -0.10604376520799555 0.16908083144695529 0.10049462681636215 0.051370373511543645 0.074511249675541319 0.088467100322512648 -0.17650084251707251 0.035202542077520958 -0.0049743681655011404 -0.14328345005159024 0.24580599923218999 -0.040906475316590939 -0.012697208704900069 -0.14324495447533472 0.029784572951431422 -0.083163572450478881 -0.10264660326970949 0.047564165058600553 0.019370119997733078 0.1311400866135955 -0.10002603876319799 0.054092521259659215 0.045987682113129841 0.050904245612521971 -0.052531303642761144 0.18339217274703765 0.11374427360397849 -0.042591284299547331 -0.0046421259796842768 -0.070981695826272839 -0.061253916933422997 0.12060846588196789 -0.053793432399046673 -0.0087035464607697951
leaf_weight=187 495 205 109 24 94 124 506 31 104 39 29 25 94 24 263 25 23 21 42 32 135 48 26 20 26 55 27 39 23 31 26 143 74 56 22 122 110 27 35 262 1362 35 58 30 54 68 284 62 22 38 76 105 63 22 44 67 776 208 21 37 388 377
leaf_count=187 495 205 109 24 94 124 506 31 104 39 29 25 94 24 263 25 23 21 42 32 135 48 26 20 26 55 27 39 23 31 26 143 74 56 22 122 110 27 35 262 1362 35 58 30 54 68 284 62 22 38 76 105 63 22 44 67 776 208 21 37 388 377
internal_value=-3.64642e-11 0.00705197 0.0207495 0.0363965 -0.0212665 0.00561949 0.0126912 0.0282522 0.0682552 0.13086 0.023347 0.0388966 0.0845118 0.113972 0.026638 0.0511059 0.0690763 -0.010257 0.0789648 0.108515 0.04291 0.0652417 0.00599291 0.115777 0.188697 0.024481 0.0360396 0.0638097 0.077696 0.051515 0.136306 0.0723418 0.0133759 -0.000630282 -0.000322088 -0.0142496 -0.052194 -0.0322324 0.18387 -0.0167971 -0.0199064 -0.0529666 0.00846232 0.0169006 0.0220234 -0.0134814 0.0380181 0.0821516 -0.0498945 -0.00241762 0.0281186 0.0402255 0.00786992 0.0738549 0.0630189 0.00448565 -0.0212408 -0.0449999 -0.0153716 0.0547617 -0.0180113 -0.0315727
internal_weight=8000 6006 4048 1990 1958 2058 1563 1593 174 70 1419 694 147 118 547 284 397 44 353 194 159 126 58 68 68 1057 721 324 285 197 88 174 397 323 336 281 159 137 61 1753 1659 297 725 616 586 182 404 120 114 60 199 259 132 127 69 143 1994 395 1599 58 1541 765
internal_count=8000 6006 4048 1990 1958 2058 1563 1593 174 70 1419 694 147 118 547 284 397 44 353 194 159 126 58 68 68 1057 721 324 285 197 88 174 397 323 336 281 159 137 61 1753 1659 297 725 616 586 182 404 120 114 60 199 259 132 127 69 143 1994 395 1599 58 1541 765
is_linear=0
shrinkage=0.05


Tree=99
num_leaves=63
num_cat=0
split_feature=0 1 1 1 2 3 6 8 8 4 5 8 5 5 3 7 6 5 5 4 7 6 6 8 2 8 7 7 7 6 7 7 7 6 5 3 3 4 2 5 6 2 6 3 7 5 8 5 5 4 7 6 5 3 0 0 8 8 4 3 3 0
split_gain=451.064 361.793 668.948 310.699 168.608 237.084 305.168 163.839 161.463 212.037 157.076 144.309 164.334 190.702 177.724 157.63 139.837 135.564 128.683 126.409 118.24 277.237 223.955 215.276 122.451 116.891 116.525 412.241 449.383 295.773 246.448 326.217 230.31 165.687 163.908 141.002 158.738 135.791 123.92 197.09 156.821 156.051 147.236 146.084 122.523 112.029 160.295 177.526 117.339 111.897 111.688 125.581 123.974 111.189 110.284 238.301 136.588 116.325 109.226 107.806 107.208 106.337
threshold=1.0000000180025095e-35 1.0000000180025095e-35 2.5000000000000004 1.5000000000000002 1.5000000000000002 4288.0583333333379 31.500000000000004 0.80170959455314295 0.61923412664913602 27.814777634950946 33.137111370415958 0.22329579719711476 24.219566657897985 15.700067359730076 6509.0416666666633 16.500000000000004 16.500000000000004 19.869068756485916 26.112510845582943 3.0490853699152827 17.500000000000004 14.500000000000002 63.500000000000007 0.34749648769975111 1.5000000000000002 0.88658823471916637 12.500000000000002 9.5000000000000018 10.500000000000002 77.500000000000014 7.5000000000000009 5.5000000000000009 14.500000000000002 12.500000000000002 28.475242844600121 7274.4833333333272 4578.2083333333385 18.860081412094932 2.5000000000000004 0.85972301163601206 90.500000000000014 1.0000000180025095e-35 46.500000000000007 9011.6333333333459 2.5000000000000004 29.015496452140948 0.61171447410772839 10.047492307545506 14.979030719549236 42.001725629616367 1.5000000000000002 97.500000000000014 33.137111370415958 5420.7416666666677 2.5000000000000004 3.5000000000000004 0.16394098306000052 0.19927199119380154 37.814163457200088 6972.4249999999965 3434.3083333333352 2.5000000000000004
decision_type=2 2 2 2 2 2 2 2 2 2 2 2 2 2 2 2 2 2 2 2 2 2 2 2 2 2 2 2 2 2 2 2 2 2 2 2 2 2 2 2 2 2 2 2 2 2 2 2 2 2 2 2 2 2 2 2 2 2 2 2 2 2
left_child=49 50 3 19 7 6 16 -5 9 60 11 -7 13 14 53 -15 -6 -9 -14 -3 25 -22 23 -23 -25 26 27 30 29 59 31 34 37 -32 38 36 -30 -28 39 -21 41 44 -40 -43 -41 46 47 -34 -49 -1 -2 52 -52 -13 -4 -56 -57 -58 -16 -29 -8 -37
right_child=1 2 54 4 5 10 8 17 -10 -11 -12 12 18 15 58 -17 -18 -19 -20 20 21 22 -24 24 -26 -27 32 28 35 -31 33 -33 45 -35 -36 61 -38 -39 42 40 -42 43 -44 -45 -46 -47 -48 48 -50 -51 51 -53 -54 -55 55 56 57 -59 -60 -61 -62 -63
leaf_value=-0.026237036760385149 -0.052790004853159191 0.12718745431174402 -0.0010097079142783588 0.034285532909587683 0.14116825298964977 -0.035011637596003085 -0.10957359701395036 0.0050140365442404387 0.15230042516253889 0.12530061267316342 0.18155500546097758 0.018728549214633735 -0.12833701137985504 0.082893671074398712 0.069064471378320988 0.22753339168954301 0.31618540826297942 -0.12348100299636522 0.022098590027202259 -0.11267459819029119 0.21014625378276991 -0.14680162303977543 0.094185309348598367 0.086503435219779157 -0.06578434035182 0.114020426509281 -0.14471841329475865 0.30217962885009397 0.039093127946118612 0.023228771992338203 -0.17521882801531599 0.074944304686505356 0.11047298966887149 -0.038003266200266936 -0.10914673778491142 0.13367178483387909 -0.093393582832068209 -0.039464644058065435 -0.11301185804970411 0.03864216967062517 -0.081261151260696357 0.07742197576111981 0.010197659869057437 -0.052124401330947881 -0.080038071943576955 0.1167361899562504 -0.061631142848304343 -0.09637891073469762 0.025395218459134169 0.040722027922255134 -0.014979532583711531 0.096778061751414235 0.064435575807503628 -0.11333314969670027 -0.056076839692233239 -0.12739838756620886 0.12403272151947023 3.1670864307503592e-05 -0.040135864626902801 0.1593293870687485 0.040005507417347125 0.0081310089317060286
leaf_weight=1556 171 23 799 722 25 59 25 65 40 34 20 37 21 131 192 22 21 30 44 29 23 27 63 33 22 24 40 28 52 24 26 144 47 143 39 37 40 131 49 44 32 168 48 25 43 23 70 27 74 65 1350 27 51 28 374 20 20 348 26 25 23 31
leaf_count=1556 171 23 799 722 25 59 25 65 40 34 20 37 21 131 192 22 21 30 44 29 23 27 63 33 22 24 40 28 52 24 26 144 47 143 39 37 40 131 49 44 32 168 48 25 43 23 70 27 74 65 1350 27 51 28 374 20 20 348 26 25 23 31
internal_value=3.45062e-12 0.00598493 0.012872 0.0258975 0.0418669 0.0590188 0.111322 0.0261636 0.0699428 0.0297684 0.0438689 0.0389515 0.0476618 0.0587185 0.0344045 0.103692 0.221067 -0.0355633 -0.0265037 0.0107873 0.00914586 0.0488735 0.0232923 -0.0311742 0.0255883 0.00458383 0.00275862 0.0117705 0.0696066 0.168854 -0.0055804 0.00898815 -0.0197054 -0.0591134 -0.0109231 0.0218439 -0.0185098 -0.0640854 -0.0021772 0.0120073 0.0235963 0.03558 -0.0520422 0.0606414 -0.0200159 0.0117842 0.000711312 0.0301976 -0.00715826 -0.0235521 -0.014603 -0.0100302 -0.0120886 -0.0381596 -0.0139883 -0.0275972 -0.000145082 0.00677086 0.0560406 0.234797 -0.0379003 0.07644
internal_weight=8000 6379 4780 3219 1565 748 168 817 122 82 580 560 501 436 283 153 46 95 65 1654 1631 168 145 82 55 1463 1439 1027 237 77 790 621 412 169 477 160 92 171 438 341 312 280 97 193 87 241 218 148 101 1621 1599 1428 1401 65 1561 762 388 368 218 53 48 68
internal_count=8000 6379 4780 3219 1565 748 168 817 122 82 580 560 501 436 283 153 46 95 65 1654 1631 168 145 82 55 1463 1439 1027 237 77 790 621 412 169 477 160 92 171 438 341 312 280 97 193 87 241 218 148 101 1621 1599 1428 1401 65 1561 762 388 368 218 53 48 68
is_linear=0
shrinkage=0.05


Tree=100
num_leaves=63
num_cat=0
split_feature=2 2 2 7 7 5 6 3 8 6 1 1 7 4 7 7 4 5 5 7 3 8 8 7 5 7 4 1 6 3 3 3 3 3 6 0 6 7 7 7 7 5 0 4 0 4 6 3 7 7 7 7 7 4 6 8 0 8 5 5 0 3
split_gain=442.643 510.159 399.161 177.513 318.968 240.394 257.051 168.302 161.772 148.81 121.927 188.388 125.664 185.804 186.153 148.796 133.22 268.265 138.997 129.905 118.06 137.276 151.63 121.749 119.013 114.804 112.9 159.226 186.574 121.445 210.074 148.352 120.323 115.097 114.414 124.615 118.61 110.709 457.852 117.76 232.654 108.446 104.947 148.713 104.229 101.419 124.937 100.691 108.544 1031.47 302.119 322.135 249.693 139.961 162.749 158.721 162.702 139.222 133.415 128.418 133.489 107.495
threshold=1.0000000180025095e-35 2.5000000000000004 1.5000000000000002 17.500000000000004 18.500000000000004 8.4595957327844946 72.500000000000014 6972.4249999999965 0.39772415032901748 42.500000000000007 2.5000000000000004 1.5000000000000002 7.5000000000000009 12.972626487913375 6.5000000000000009 9.5000000000000018 30.742048466948308 16.882424990118029 16.664651278446581 2.5000000000000004 8253.3583333333318 0.59921435266171386 0.76883302681389831 14.500000000000002 11.211333555442499 1.5000000000000002 30.034767101762217 1.0000000180025095e-35 86.500000000000014 5176.3000000000029 6535.1916666666657 7152.4666666666626 9034.3166666666675 2978.1750000000006 41.500000000000007 3.5000000000000004 32.500000000000007 10.500000000000002 9.5000000000000018 7.5000000000000009 5.5000000000000009 6.1906983981889718 3.5000000000000004 16.474299599105361 1.0000000180025095e-35 15.508798703105917 96.500000000000014 9728.2833333333419 9.5000000000000018 10.500000000000002 7.5000000000000009 6.5000000000000009 14.500000000000002 5.604261843773565 93.500000000000014 0.20557767504677202 1.0000000180025095e-35 0.71125269816795644 21.001646945361454 16.882424990118029 2.5000000000000004 6690.5083333333296
decision_type=2 2 2 2 2 2 2 2 2 2 2 2 2 2 2 2 2 2 2 2 2 2 2 2 2 2 2 2 2 2 2 2 2 2 2 2 2 2 2 2 2 2 2 2 2 2 2 2 2 2 2 2 2 2 2 2 2 2 2 2 2 2
left_child=25 2 -2 10 5 -5 9 -6 -9 -7 11 26 13 -13 16 -14 18 -18 19 -15 21 24 -23 -22 -17 -1 27 32 29 33 -31 -32 34 -29 36 -36 -4 38 39 40 -12 -39 43 -43 -27 -46 -47 48 50 59 51 53 57 -3 55 -55 -57 58 -51 60 -50 -53
right_child=1 47 3 4 7 6 -8 8 -10 -11 37 12 15 14 -16 20 17 -19 -20 -21 23 22 -24 -25 -26 44 -28 28 -30 30 31 -33 -34 -35 35 -37 -38 41 -40 -41 -42 42 -44 -45 45 46 -48 -49 49 52 -52 61 -54 54 -56 56 -58 -59 -60 -61 -62 -63
leaf_value=-0.053515130724629462 0.0018205219464003304 0.10442115735262632 0.011685672531157364 0.019929775544281665 0.092467307039471563 0.20557915521785619 0.33757508212611792 -0.13451781780272723 0.030126423489403083 0.031806831248104572 -0.01279241540703735 0.22512494181080359 -0.046473669260740286 0.1345136451884173 0.18568132635085816 -0.037981160477765147 0.0039251698851585385 0.23795663565397263 -0.055805495495979608 -0.011594450435247915 -0.061688190060002472 0.21778416295846303 0.055999454110860825 0.092956648617982862 0.087702412274666131 -0.040118183209340304 -0.0043600096483928097 0.0400875407915849 -0.050880585080294895 -0.1003426666557789 0.17170505297680697 0.047987066895242722 0.097519466963165227 0.16813262246411156 -0.0071953508353820349 -0.11859452150041057 0.14503105939144181 0.058893325275951813 0.23877283471798447 -0.068684630197557536 0.10791702270507814 0.093042762442068619 -0.13512269126681181 -0.05136738793647036 0.019592516308774038 -0.018705943359316825 0.086402869462196177 0.058326956281002533 0.050085386898782516 -0.056182815202599545 -0.084527560600892032 0.13780612039722895 0.0005837780438157817 -0.098050661322971189 0.081982175513140632 -0.079519695930860265 -0.011358806252531656 -0.11389000943224681 0.02522383182667769 0.21572048394499641 0.19418613605201246 0.02885260325856507
leaf_weight=232 2089 20 81 29 43 28 21 25 37 22 139 23 43 32 31 31 25 24 39 29 35 30 28 20 48 359 273 26 33 20 30 126 34 54 132 31 21 31 23 44 56 22 26 94 241 1126 29 47 45 223 188 38 507 87 31 110 429 76 65 38 25 56
leaf_count=232 2089 20 81 29 43 28 21 25 37 22 139 23 43 32 31 31 25 24 39 29 35 30 28 20 48 359 273 26 33 20 30 126 34 54 132 31 21 31 23 44 56 22 26 94 241 1126 29 47 45 223 188 38 507 87 31 110 429 76 65 38 25 56
internal_value=2.01439e-11 0.00676091 0.0169847 0.033322 0.0773211 0.14123 0.190775 0.0164555 -0.0362624 0.129119 0.0281203 0.0357927 0.0624894 0.0913048 0.0742055 0.0375978 0.0510126 0.118553 0.0179178 0.0650524 0.0564263 0.0812687 0.139681 -0.0054537 0.0383835 -0.0204597 0.0222118 0.0345488 0.061014 0.0754379 0.0522197 0.071779 0.00896869 0.126518 -0.00239255 -0.0283817 0.0391391 0.00520866 0.0257056 0.00520119 0.0218729 -0.0258329 -0.0443295 -0.0239793 -0.0160899 -0.00991075 -0.0160668 -0.0139854 -0.0157391 -0.00402759 -0.0276949 -0.0138369 -0.0220998 -0.0258798 -0.0298464 -0.0353842 -0.0252692 -0.0536947 -0.0378098 0.141721 0.10155 0.0728976
internal_weight=8000 6013 4028 1939 205 100 71 105 62 50 1734 1299 438 203 180 235 149 49 100 61 192 137 58 55 79 1987 861 588 289 256 176 156 299 80 265 163 102 435 262 239 195 173 142 116 1755 1396 1155 1985 1938 979 959 771 871 677 657 626 539 364 288 108 70 94
internal_count=8000 6013 4028 1939 205 100 71 105 62 50 1734 1299 438 203 180 235 149 49 100 61 192 137 58 55 79 1987 861 588 289 256 176 156 299 80 265 163 102 435 262 239 195 173 142 116 1755 1396 1155 1985 1938 979 959 771 871 677 657 626 539 364 288 108 70 94
is_linear=0
shrinkage=0.05


Tree=101
num_leaves=63
num_cat=0
split_feature=7 7 7 7 7 7 7 0 7 7 7 7 7 7 0 6 4 7 4 6 4 6 4 7 4 0 8 0 6 6 4 5 5 3 4 3 0 3 8 0 0 8 8 4 6 3 8 6 8 8 3 3 6 4 0 4 6 8 5 8 6 2
split_gain=399.721 1111.53 572.723 359.858 1304.92 3430.48 947.548 635.198 607.324 534.237 320.969 586.22 305.091 629.678 252.705 201.216 197.31 194.856 169.228 276.286 163.71 169.399 159.979 154.282 149.424 148.016 142.169 140.365 136.114 131.58 126.955 114.244 169.063 153.335 235.382 119.819 109.987 106.484 103.227 103.206 150.157 123.259 231.733 113.58 187.601 102.974 119.597 102.895 102.604 102.067 101.965 101.375 101.331 99.7174 178.022 97.7677 97.2378 96.0682 94.0527 93.0362 92.8375 113.265
threshold=1.5000000000000002 2.5000000000000004 4.5000000000000009 7.5000000000000009 9.5000000000000018 10.500000000000002 14.500000000000002 3.5000000000000004 6.5000000000000009 13.500000000000002 11.500000000000002 12.500000000000002 18.500000000000004 17.500000000000004 3.5000000000000004 54.500000000000007 38.667646585842192 8.5000000000000018 35.493162345976423 50.500000000000007 21.775241016660761 58.500000000000007 34.069371766239996 1.0000000180025095e-35 14.080361665778629 3.5000000000000004 0.16394098306000052 3.5000000000000004 48.500000000000007 35.500000000000007 39.444610940668646 5.1762326063997151 9.8259649435497014 8669.9333333333543 24.389712228185214 6382.2166666666662 3.5000000000000004 9149.5916666666835 0.55111161169274203 2.5000000000000004 1.0000000180025095e-35 0.44100089924750124 0.27933568952851001 31.423070090565201 74.500000000000014 3628.9750000000026 0.4041940079920528 11.500000000000002 0.29957017534878227 0.60281298632275038 7455.9416666666648 3580.358333333334 76.500000000000014 20.961592593712314 3.5000000000000004 6.1200192445087636 37.500000000000007 0.63100731491281647 1.1627528348611282 0.43817431902028797 86.500000000000014 1.0000000180025095e-35
decision_type=2 2 2 2 2 2 2 2 2 2 2 2 2 2 2 2 2 2 2 2 2 2 2 2 2 2 2 2 2 2 2 2 2 2 2 2 2 2 2 2 2 2 2 2 2 2 2 2 2 2 2 2 2 2 2 2 2 2 2 2 2 2
left_child=23 14 55 8 17 7 9 -6 18 10 -7 -12 13 27 39 49 26 -5 22 -20 -9 -22 -4 53 -14 37 -15 -8 48 -11 51 50 -33 34 38 -36 -31 -10 -34 40 52 42 -42 44 -43 -27 -47 -28 -19 -16 -29 -13 -2 54 -1 -3 -37 -30 -55 -50 61 -53
right_child=1 2 3 4 5 6 12 20 25 29 11 30 24 16 15 -17 -18 28 19 -21 21 -23 -24 -25 -26 45 47 31 57 36 -32 32 33 -35 35 56 -38 -39 -40 -41 41 43 -44 -45 -46 46 -48 -49 59 -51 -52 60 -54 58 -56 -57 -58 -59 -60 -61 -62 -63
leaf_value=-0.0057727824151515969 0.060027229715057688 0.058886362969254459 0.0064447005334401482 -0.034694752035858603 0.11941196241907957 -0.054632834294310741 0.00040945432374612416 0.17675239322334529 0.053684184535669977 -0.048781488243992449 0.042870406785958382 -0.096438458635072624 0.055902905846541784 0.19101591933032741 0.027936709271027496 0.25138043450812497 0.20567461231659198 -0.057378136943424911 -0.16867714376292298 0.010145656060841349 0.41177379622541627 0.22530706425507865 0.12650011120171384 -0.054732177922752027 -0.034322156317052786 0.04015649616718292 0.13361713343196444 0.039640483747308074 -0.079339558958244613 -0.095231925135420781 -0.14113546578834454 0.17396515778132848 0.0096507935441638298 0.16362085802988574 0.16317359959257061 -0.041798410903323785 -0.19039146196511059 0.14724704614456963 -0.11441954130927721 0.011832791018403239 0.074900888775785768 0.054474127347416738 0.27884479543337454 -0.02354555316269398 0.23203970467050872 0.083250470273196708 0.22582079862293447 0.052853586071471587 -0.21256560330589613 0.1742670712145892 -0.10849097896189917 -0.068528133459553567 -0.061156997732494195 -0.12847478159449319 0.13285173904793016 -0.043565057781209761 0.10861995745272864 -0.0049752480519766155 -0.020587084759479232 -0.11443943706671558 -0.087795881996862599 0.0057618146432501282
leaf_weight=115 69 24 643 380 317 405 989 25 288 141 401 56 53 23 26 36 29 62 36 54 29 21 29 410 342 20 45 26 127 194 30 28 38 22 29 22 36 34 30 72 30 51 26 22 21 24 38 319 30 22 21 68 23 22 29 783 21 66 247 124 48 209
leaf_count=115 69 24 643 380 317 405 989 25 288 141 401 56 53 23 26 36 29 62 36 54 29 21 29 410 342 20 45 26 127 194 30 28 38 22 29 22 36 34 30 72 30 51 26 22 21 24 38 319 30 22 21 68 23 22 29 783 21 66 247 124 48 209
internal_value=-8.1722e-11 0.0037847 -0.000983086 0.00435931 -0.0016862 0.00986047 -0.00533401 0.150371 0.0292776 -0.0342866 -0.0182743 -0.000139755 0.0172368 0.0267275 0.0849929 0.162023 0.0798822 -0.0604733 0.00300254 -0.0613835 0.281223 0.333458 0.0116257 -0.0330046 -0.022216 0.0788361 0.0704559 0.00869136 -0.0844239 -0.0868121 -0.0421034 0.0432517 0.0605175 0.0409092 0.0216259 0.0846318 -0.110126 0.0635635 -0.0450861 0.0643861 0.0800218 0.110867 0.169589 0.0758831 0.106264 0.138809 0.170632 0.0628381 -0.111689 0.0950048 -0.0265459 -0.0343056 0.0297312 -0.0114349 0.0221447 -0.0405182 0.0316617 -0.0539093 -0.0294106 -0.133555 -0.0235997 -0.0124754
internal_weight=8000 7177 6779 5972 4806 4017 3625 392 1166 1588 1217 812 2037 1642 398 84 416 789 762 90 75 50 672 823 395 404 387 1226 409 371 411 237 190 162 140 72 230 322 68 314 242 150 56 94 72 82 62 364 216 48 47 381 92 413 144 807 43 193 269 154 325 277
internal_count=8000 7177 6779 5972 4806 4017 3625 392 1166 1588 1217 812 2037 1642 398 84 416 789 762 90 75 50 672 823 395 404 387 1226 409 371 411 237 190 162 140 72 230 322 68 314 242 150 56 94 72 82 62 364 216 48 47 381 92 413 144 807 43 193 269 154 325 277
is_linear=0
shrinkage=0.05


Tree=102
num_leaves=63
num_cat=0
split_feature=2 2 2 0 5 8 4 0 0 8 5 1 6 8 4 8 4 7 7 4 4 3 4 3 3 3 4 1 1 4 5 5 5 5 7 8 3 7 8 0 3 8 8 8 8 7 5 5 6 5 3 7 8 0 8 5 5 1 5 1 5 0
split_gain=397.141 456.46 356.168 163.074 171.671 236.253 304.19 143.407 199.634 140.318 289.761 288.451 351.172 156.068 145.764 174.678 118.649 155.506 172.204 152.744 146.757 123.058 217.266 172.117 124.614 113.104 113.07 105.407 218.763 104.177 102.637 202.644 138.889 96.704 174.729 96.0738 128.672 130.425 164.934 126.866 159.071 354.397 348.889 265.29 297.678 270.207 190.336 178.962 178.452 175.645 140.873 131.17 238.201 125.083 110.198 108.603 97.1618 131.581 122.661 213.142 213.654 136.348
threshold=1.0000000180025095e-35 2.5000000000000004 1.5000000000000002 3.5000000000000004 17.684962880776791 0.59921435266171386 23.239453947011814 2.5000000000000004 1.5000000000000002 0.56543910621145022 13.986782817452077 1.5000000000000002 59.500000000000007 0.68946476614055074 25.367512069119588 0.33768564694951764 23.239453947011814 5.5000000000000009 7.5000000000000009 21.516668058063811 19.679457118973669 7202.5916666666626 33.823272996990291 4087.9916666666709 8790.6833333333543 5123.5916666666717 24.197223922540477 2.5000000000000004 1.5000000000000002 34.239697543477746 22.748665159260955 14.145231257581242 8.3457163739643132 17.390426011024122 17.500000000000004 0.80170959455314295 6761.6833333333307 4.5000000000000009 0.88381913601446982 3.5000000000000004 4087.9916666666709 0.72332442391471474 0.57872006561229261 0.43499593996717401 0.25359122454995331 14.500000000000002 16.232685403306363 18.485191952430316 57.500000000000007 9.8259649435497014 2391.5750000000021 12.500000000000002 0.31296859133910354 2.5000000000000004 0.49133924799606693 11.935897574629395 20.319472070340176 2.5000000000000004 15.316724472586445 1.0000000180025095e-35 13.901402048359854 1.5000000000000002
decision_type=2 2 2 2 2 2 2 2 2 2 2 2 2 2 2 2 2 2 2 2 2 2 2 2 2 2 2 2 2 2 2 2 2 2 2 2 2 2 2 2 2 2 2 2 2 2 2 2 2 2 2 2 2 2 2 2 2 2 2 2 2 2
left_child=27 2 35 7 9 26 -7 8 33 10 14 12 -11 -13 15 -5 19 29 -19 20 30 23 24 -20 -23 -16 -6 28 -1 -18 31 32 -10 -4 -35 39 -37 -38 -39 53 50 42 43 44 55 47 -45 49 -44 -46 -41 52 -52 54 -2 -42 57 58 59 -56 -61 -60
right_child=1 -3 3 4 5 6 -8 -9 16 11 -12 13 -14 -15 25 -17 17 18 21 -21 -22 22 -24 -25 -26 -27 -28 -29 -30 -31 -32 -33 -34 34 -36 36 37 38 -40 40 41 -43 48 46 45 -47 -48 -49 -50 -51 51 -53 -54 -55 56 -57 -58 -59 61 60 -62 -63
leaf_value=-0.02639009259572337 -0.0068215126464805211 -0.013220134225887451 0.03297301378974226 0.2000122369527817 0.10705827427445912 0.15912109938534824 -0.049680549953434919 -0.0019341047896548761 0.039803591935799042 0.097239129639723726 -0.11364193539086141 0.27400538034737115 -0.16680237668566408 0.095956816431134948 0.066011715382337563 0.023619247623719277 -0.075575802940875292 0.18887460415329163 0.080443267704498389 0.22602529410272837 -0.046990137696266178 0.091163233631267784 0.22425006940251305 -0.080282924075921386 -0.054244612481283108 -0.096567148731454555 0.25266234452525776 -0.03926605168293288 0.014157737008448083 0.061948880198455993 0.19684666273268789 -0.051449676428962011 0.18683514636423854 -0.014166889985166103 0.11664721337812288 0.02021820378559892 -0.12376117569176442 -0.052773556159329174 0.1017771278729751 0.081712256828766497 0.019656702727079395 0.22080177432960935 0.0040992220099537796 0.060382780672184055 -0.12443275421857834 0.11528379398708542 0.24164386401573817 -0.18615582299232483 -0.15810489982366563 0.080299418673596606 -0.13956900462508201 -0.16974253099234332 0.10153759888240271 -0.027666112504480686 -0.047724223233483458 0.16235611125826838 -0.0079240055377382077 -0.01743860108728864 0.061438888295533817 0.10456292143464088 -0.053942843719764988 0.20413766830908853
leaf_weight=986 622 1985 480 25 24 33 37 387 29 34 38 20 20 32 20 32 40 24 31 20 20 41 21 36 23 23 30 499 502 21 22 23 36 289 28 93 47 97 21 21 20 27 39 28 20 24 30 25 30 22 20 21 21 338 54 40 153 76 47 100 27 26
leaf_count=986 622 1985 480 25 24 33 37 387 29 34 38 20 20 32 20 32 40 24 31 20 20 41 21 36 23 23 30 499 502 21 22 23 36 289 28 93 47 97 21 21 20 27 39 28 20 24 30 25 30 22 20 21 21 338 54 40 153 76 47 100 27 26
internal_value=-3.15049e-13 0.00640399 0.0160748 0.0315072 0.0614669 0.109372 0.0487545 0.0244892 0.0331259 0.0371218 0.00389071 0.080385 -0.000554021 0.164437 0.0485531 0.100985 0.0625894 0.0405644 0.0644083 0.097389 0.0775989 0.0447557 0.0846979 -0.00591707 0.0389073 -0.0209491 0.187949 -0.0193796 -0.0127107 -0.0282312 0.100251 0.0761026 0.121236 0.0188192 -0.00261233 0.00175051 -0.0268147 -0.0533242 -0.0252688 0.00577554 0.031157 0.0478578 0.0310611 0.0632453 0.0283326 -0.028672 0.154139 -0.0802383 -0.0664243 -0.0171921 -0.0302136 -0.0681239 -0.0160754 -0.00104913 0.00709253 0.11479 0.0250108 0.0402806 0.0575509 0.0354847 0.0708648 0.112263
internal_weight=8000 6013 4028 1939 368 124 70 1571 1184 244 138 106 54 52 100 57 387 237 176 150 130 152 85 67 64 43 54 1987 1488 61 110 88 65 797 317 2089 258 165 118 1831 388 305 278 209 151 91 58 67 69 42 83 62 41 1443 1105 60 483 330 254 181 127 73
internal_count=8000 6013 4028 1939 368 124 70 1571 1184 244 138 106 54 52 100 57 387 237 176 150 130 152 85 67 64 43 54 1987 1488 61 110 88 65 797 317 2089 258 165 118 1831 388 305 278 209 151 91 58 67 69 42 83 62 41 1443 1105 60 483 330 254 181 127 73
is_linear=0
shrinkage=0.05


Tree=103
num_leaves=63
num_cat=0
split_feature=0 1 1 1 7 7 7 7 7 7 7 7 7 3 8 6 3 6 7 4 8 3 8 0 3 8 6 8 8 5 5 3 4 4 5 4 0 0 8 3 8 0 0 5 6 5 5 5 4 4 3 3 6 6 5 8 3 2 4 6 3 5
split_gain=374.041 302.699 563.322 252.783 159.43 611.232 237.645 196.908 156.526 529.358 871.784 311.778 250.167 161.439 153.656 208.67 151.97 249.015 146.728 139.517 140.939 200.855 174.367 137.182 128.558 127.522 127.303 113.524 167.068 113.263 346.768 111.855 108.099 107.884 107.41 102.089 102.072 197.648 122.323 104.65 136.289 98.3671 166.211 149.86 129.198 118.533 182.921 133.522 111.561 175.515 316.595 217.427 167.69 165.563 237.949 122.198 109.624 104.429 98.4529 97.6274 110.034 97.0729
threshold=1.0000000180025095e-35 1.0000000180025095e-35 2.5000000000000004 1.5000000000000002 2.5000000000000004 1.5000000000000002 4.5000000000000009 1.0000000180025095e-35 7.5000000000000009 9.5000000000000018 10.500000000000002 14.500000000000002 6.5000000000000009 5420.7416666666677 0.39772415032901748 11.500000000000002 6580.7666666666619 37.500000000000007 8.5000000000000018 38.411743598621818 0.79841744230046874 7487.8749999999964 0.62556849581191665 2.5000000000000004 8989.9833333333481 0.35062282604087341 28.500000000000004 0.39154343414282217 0.52671813922503308 8.8938115426901199 6.4764216364941944 6997.974999999994 28.393550200141025 3.0490853699152827 -5.3691017863632746 42.001725629616367 2.5000000000000004 3.5000000000000004 0.16394098306000052 2877.4250000000015 0.212321539700465 2.5000000000000004 3.5000000000000004 25.332857824820522 32.500000000000007 16.882424990118029 18.888841553036318 20.319472070340176 37.388676400934749 23.531693448102253 7839.8333333333294 7050.6249999999945 50.500000000000007 41.500000000000007 12.834358606178776 0.46470200107447429 6196.8833333333359 1.5000000000000002 26.86071981977447 56.500000000000007 7620.7249999999976 23.30625445478179
decision_type=2 2 2 2 2 2 2 2 2 2 2 2 2 2 2 2 2 2 2 2 2 2 2 2 2 2 2 2 2 2 2 2 2 2 2 2 2 2 2 2 2 2 2 2 2 2 2 2 2 2 2 2 2 2 2 2 2 2 2 2 2 2
left_child=35 41 3 33 5 7 -6 -5 12 18 13 14 25 -11 26 -16 -7 -18 27 20 21 29 -23 -15 -17 -8 -12 -10 -29 30 -13 -31 -22 -3 -35 -1 -4 -38 -39 -40 -41 45 -43 48 -45 -2 58 -48 49 51 53 56 -52 -51 -55 -53 57 -44 -47 60 -27 -36
right_child=1 2 36 4 6 16 8 -9 9 10 11 19 -14 23 15 24 17 -19 -20 -21 32 22 -24 -25 -26 59 -28 28 -30 31 -32 -33 -34 34 61 -37 37 38 39 40 -42 42 43 44 -46 46 47 -49 -50 50 52 55 -54 54 -56 -57 -58 -59 -60 -61 -62 -63
leaf_value=-0.02401175323033114 -0.017575702793864219 0.11760688903539077 -0.00041299748172673475 0.081767935631796726 -0.027307906482888802 0.25398055590983287 -0.023997399576430052 -0.029201354608707819 0.095978344455361367 0.31872185485606847 0.035116318083153318 -0.03343589846044779 0.14915259724313565 0.23030414851682801 -0.12488890160685001 0.05611834081968195 -0.016526801064610481 0.20581698525039591 -0.10437690424067635 0.14166705946243086 0.036770944094116041 0.074534822508044871 0.21367169985481138 0.0745680789105021 -0.065445843109717738 -0.032312193896734356 -0.092844298535159658 -0.15813983760774136 0.023980869966394761 0.020683094516751314 0.23973998540923713 -0.096997218221426013 -0.12384130246937275 -0.075661994345687544 0.016404024510625004 0.039945441988798291 -0.051928345682653525 -0.12141561016440393 -0.076689516715705397 0.12897504108647506 0.0052840523179138272 -0.048578145335079176 -0.045218151509761814 -0.017967954484502908 0.13640465329993853 0.036021385341882706 -0.090641869278624665 0.017595168593554544 0.073356483400129943 -0.034914531375813698 0.11581863328814507 -0.12223153740874138 -0.052794063194044706 -0.07042432481592352 -0.26498926686743896 0.01057992211521365 0.18062943622469904 0.10806797729432582 0.17372140586376192 0.12067944717173483 0.11631538890302183 -0.015326703261470776
leaf_weight=1556 466 23 799 68 154 38 53 97 20 22 26 26 77 31 23 133 20 34 77 43 22 115 28 26 26 33 77 20 34 105 21 25 20 37 1298 65 374 20 35 24 309 400 20 23 33 25 32 260 32 42 30 29 29 33 30 43 20 25 27 51 20 296
leaf_count=1556 466 23 799 68 154 38 53 97 20 22 26 26 77 31 23 133 20 34 77 43 22 115 28 26 26 33 77 20 34 105 21 25 20 37 1298 65 374 20 35 24 309 400 20 23 33 25 32 260 32 42 30 29 29 33 30 43 20 25 27 51 20 296
internal_value=1.19868e-10 0.00545004 0.0117496 0.0237026 0.0381069 0.0741097 0.031033 0.0165314 0.0388185 0.0295315 0.046338 0.0283244 0.0753314 0.203672 -0.0117413 0.0158775 0.177375 0.123467 -0.056059 0.0565188 0.0464046 0.0577072 0.101778 0.159267 0.0362399 0.0391261 -0.0605436 -0.00578217 -0.0434712 0.0221017 0.0886214 -0.00194773 -0.0397111 0.0100733 0.00855685 -0.0214472 -0.0128991 -0.0259914 -0.000990392 0.00555446 0.0141987 -0.0133816 -0.025947 -0.00267587 0.0730016 -0.00114205 0.0211198 0.00573358 -0.0154024 -0.0248386 -0.0597351 0.0169354 0.0329412 -0.11181 -0.163074 -0.0429136 0.0832296 0.0399408 0.107519 0.0712948 0.0237737 0.0105117
internal_weight=8000 6379 4780 3219 1565 257 1308 165 1154 920 769 690 234 79 285 182 92 54 151 405 362 320 143 57 159 157 103 74 54 177 47 130 42 1654 1631 1621 1561 762 388 368 333 1599 789 389 56 810 344 292 333 301 164 137 59 105 63 72 65 45 52 104 53 1594
internal_count=8000 6379 4780 3219 1565 257 1308 165 1154 920 769 690 234 79 285 182 92 54 151 405 362 320 143 57 159 157 103 74 54 177 47 130 42 1654 1631 1621 1561 762 388 368 333 1599 789 389 56 810 344 292 333 301 164 137 59 105 63 72 65 45 52 104 53 1594
is_linear=0
shrinkage=0.05


Tree=104
num_leaves=63
num_cat=0
split_feature=2 2 2 7 7 5 6 3 8 6 1 1 5 4 7 3 5 4 5 3 3 3 5 4 1 6 3 6 4 3 7 7 6 7 7 7 7 0 6 6 5 0 5 0 3 3 6 5 4 5 8 4 7 4 3 0 0 5 3 7 7 3
split_gain=353.051 407.761 320.57 141.106 255.521 212.007 225.952 153.4 143.604 125.916 100.74 146.462 121.316 115.407 118.158 104.849 101.896 227.723 164.648 101.09 180.717 140.336 109.703 100.902 137.883 164.197 110.655 146.191 130.125 105.441 95.4105 385.761 108.71 96.8722 187.778 93.2056 124.107 147.664 92.6336 90.502 144.631 169.414 89.5335 99.0778 150.712 219.285 146.443 204.552 174.118 265.863 216.095 240.878 131.962 133.956 128.169 118.49 161.912 123.688 113.609 94.9641 91.5977 88.9733
threshold=1.0000000180025095e-35 2.5000000000000004 1.5000000000000002 17.500000000000004 18.500000000000004 8.4595957327844946 72.500000000000014 6972.4249999999965 0.39772415032901748 42.500000000000007 2.5000000000000004 1.5000000000000002 31.255101965518396 13.887270882230251 7.5000000000000009 8077.7583333333287 19.083978966535724 30.344149925310344 15.700067359730076 4528.0416666666715 3063.9583333333362 6325.2666666666673 11.605623532447035 30.034767101762217 1.0000000180025095e-35 86.500000000000014 9149.5916666666835 74.500000000000014 28.214521437085185 8965.4250000000266 10.500000000000002 9.5000000000000018 88.500000000000014 7.5000000000000009 5.5000000000000009 17.500000000000004 18.500000000000004 3.5000000000000004 56.500000000000007 37.500000000000007 7.3829339940031904 1.5000000000000002 -1.9884753638504689 3.5000000000000004 8766.0083333333514 9368.8333333333721 7.5000000000000009 14.318913464289169 28.214521437085185 21.940744515764909 0.39452026785034949 18.082691523678758 5.5000000000000009 25.468732434457731 6733.3999999999969 2.5000000000000004 1.5000000000000002 3.8719519695736229 2391.5750000000021 10.500000000000002 12.500000000000002 2230.2000000000016
decision_type=2 2 2 2 2 2 2 2 2 2 2 2 2 2 2 2 2 2 2 2 2 2 2 2 2 2 2 2 2 2 2 2 2 2 2 2 2 2 2 2 2 2 2 2 2 2 2 2 2 2 2 2 2 2 2 2 2 2 2 2 2 2
left_child=35 2 61 10 5 -5 9 -6 -9 -7 11 23 13 14 -13 16 18 -18 19 20 -15 -21 -23 24 29 26 27 28 39 -4 31 33 38 34 -12 -1 37 -37 -32 -26 -41 -42 59 55 46 -46 -45 52 50 -50 -49 -52 -48 60 -55 56 58 -58 -44 -3 -54 -2
right_child=1 42 3 4 7 6 -8 8 -10 -11 30 12 -14 15 -16 -17 17 -19 -20 21 -22 22 -24 -25 25 -27 -28 -29 -30 -31 32 -33 -34 -35 -36 36 -38 -39 -40 40 41 -43 43 44 45 -47 47 48 49 -51 51 -53 53 54 -56 -57 57 -59 -60 -61 -62 -63
leaf_value=-0.021752291339623659 0.05329894412425347 -0.020264846418391574 -0.0032895273789477989 0.012334945162051712 0.087139652288237279 0.18530335750963009 0.31041013016587216 -0.12833292236924174 0.026791043378211355 0.025455838509581309 -0.011459498120833645 0.20792662516574967 0.17599486742168666 -0.0018620043992996216 0.053082281590572426 0.0030434116750955587 -0.057532599005434254 0.13875516341491179 0.18396448038758773 -0.074963539846241475 0.19217224486172202 0.10401940075062899 -0.032571000534863698 -0.004939480666275863 0.019096578513422321 -0.048498577308474171 -0.018558759458603396 0.18698217896423464 0.18755667746067048 0.085855609805960409 -0.0083926513693050337 0.21895864892589009 0.085164123475551606 -0.062450729462910783 0.096985273570421027 0.022851524414655603 -0.029095902232562795 0.17456043120473624 -0.088583369797159889 -0.026221595881506798 0.03029864040704874 0.19684188325662871 -0.096821181427525438 -0.095325108820741827 -0.14800671360064899 0.06434904076159001 0.0090531181740133391 0.068486627884979903 -0.03170991720897811 0.19771549118601758 0.026066780090332031 -0.17732199845281807 0.13794616155326367 0.099733427876517899 0.27659312456846241 -0.039409144185926372 -0.06540837964186301 0.028519398500490803 -0.015835276499758594 -0.12561997361481189 -0.0083616588426672894 -0.00047032084404558102
leaf_weight=1801 80 55 261 29 43 28 21 25 37 22 139 22 20 20 28 125 45 22 31 25 30 49 21 273 93 33 31 29 20 38 95 23 20 44 56 81 85 20 58 20 26 37 46 22 31 20 38 29 28 23 24 37 20 21 20 389 39 346 739 35 23 2009
leaf_count=1801 80 55 261 29 43 28 21 25 37 22 139 22 20 20 28 125 45 22 31 25 30 49 21 273 93 33 31 29 20 38 95 23 20 44 56 81 85 20 58 20 26 37 46 22 31 20 38 29 28 23 24 37 20 21 20 389 39 346 739 35 23 2009
internal_value=-5.42521e-11 0.00603806 0.0151784 0.0298193 0.0690478 0.126248 0.172777 0.014571 -0.0357589 0.11497 0.0251815 0.0321556 0.0556949 0.0499389 0.121214 0.0402548 0.0593965 0.0069201 0.0793733 0.0570124 0.114559 0.026725 0.0630423 0.0201809 0.031844 0.0564716 0.070003 0.0822048 0.066702 0.00803995 0.00435556 0.0233837 -0.0244616 0.00456265 0.0196836 -0.0182722 0.0154249 0.0528929 -0.0387917 0.0529685 0.0909215 0.12811 -0.0125097 -0.0101955 0.0144312 -0.0647299 0.0285969 0.038963 -0.00205405 0.0717564 -0.04388 -0.0973002 0.0863679 0.121344 0.186006 -0.0155032 -0.00755492 0.0190046 -0.0205809 -0.0612363 0.0596885 0.00158882
internal_weight=8000 6013 4028 1939 205 100 71 105 62 50 1734 1299 438 418 50 368 243 67 176 145 50 95 70 861 588 289 256 225 196 299 435 262 173 239 195 1987 186 101 153 176 83 63 1985 1895 336 51 285 263 141 51 90 61 122 84 41 1559 1170 385 785 90 43 2089
internal_count=8000 6013 4028 1939 205 100 71 105 62 50 1734 1299 438 418 50 368 243 67 176 145 50 95 70 861 588 289 256 225 196 299 435 262 173 239 195 1987 186 101 153 176 83 63 1985 1895 336 51 285 263 141 51 90 61 122 84 41 1559 1170 385 785 90 43 2089
is_linear=0
shrinkage=0.05


Tree=105
num_leaves=63
num_cat=0
split_feature=7 7 7 7 7 7 7 0 7 7 7 7 7 7 0 6 7 4 4 6 8 4 7 4 6 0 8 8 6 3 0 4 3 3 3 4 3 4 6 8 4 6 4 0 8 4 5 5 0 2 6 8 3 0 8 8 5 6 4 4 6 3
split_gain=344.905 959.111 487.937 306.508 1119.14 2982.17 809.518 540.754 521.293 474.699 288.289 528.821 265.391 522.955 216.104 187.178 166.415 162.412 150.605 244.722 150.428 136.247 131.616 131.13 123.799 123.175 122.264 117.484 117.114 113.215 110.245 103.381 103.305 143.002 174.652 97.8068 216.362 166.59 176.075 97.4039 112.639 162.252 147.99 109.819 168.814 145.163 144.253 98.3373 95.8329 94.7152 109.684 104.11 93.8915 91.8494 91.7817 91.0159 88.5387 88.2808 107.984 130.117 98.3152 86.6271
threshold=1.5000000000000002 2.5000000000000004 4.5000000000000009 7.5000000000000009 9.5000000000000018 10.500000000000002 14.500000000000002 3.5000000000000004 6.5000000000000009 13.500000000000002 11.500000000000002 12.500000000000002 18.500000000000004 17.500000000000004 3.5000000000000004 54.500000000000007 8.5000000000000018 38.667646585842192 35.493162345976423 50.500000000000007 0.51169483554895001 34.069371766239996 1.0000000180025095e-35 14.080361665778629 48.500000000000007 3.5000000000000004 0.16394098306000052 0.31942621556482037 35.500000000000007 3580.358333333334 3.5000000000000004 37.581092401925737 8891.116666666685 8089.4333333333298 7792.6499999999969 24.389712228185214 6761.6833333333307 20.041867787031538 54.500000000000007 0.52947634383928854 27.113505777815366 64.500000000000014 34.069371766239996 1.5000000000000002 0.77148105570992176 24.197223922540477 10.910086275205577 11.605623532447035 3.5000000000000004 1.5000000000000002 88.500000000000014 0.44691663713053958 9149.5916666666835 2.5000000000000004 0.29957017534878227 0.60281298632275038 1.1627528348611282 78.500000000000014 18.223994173636104 12.394723713158347 51.500000000000007 9193.4500000000207
decision_type=2 2 2 2 2 2 2 2 2 2 2 2 2 2 2 2 2 2 2 2 2 2 2 2 2 2 2 2 2 2 2 2 2 2 2 2 2 2 2 2 2 2 2 2 2 2 2 2 2 2 2 2 2 2 2 2 2 2 2 2 2 2
left_child=22 14 -3 8 16 7 9 -6 18 10 57 -12 13 30 49 55 -5 26 21 -20 27 -4 56 -14 54 52 -15 -9 -11 -13 -8 -31 33 34 35 37 -37 38 -32 40 41 -28 -42 47 45 -45 -47 -41 -30 53 51 -51 -10 -2 -18 -16 -1 58 59 -7 -60 -24
right_child=1 2 3 4 5 6 12 20 25 28 11 29 23 17 15 -17 24 -19 19 -21 -22 -23 61 -25 -26 -27 39 -29 48 31 32 -33 -34 -35 -36 36 -38 -39 -40 43 42 -43 -44 44 -46 46 -48 -49 -50 50 -52 -53 -54 -55 -56 -57 -58 -59 60 -61 -62 -63
leaf_value=-0.086816301260675702 0.053293953799788865 -0.037404757917092947 0.0060255545740411226 -0.03218036392256373 0.11157469920673019 -0.087121333758677214 0.00090222387401858771 0.27862640818348156 0.049720399073945987 -0.045429023024989357 0.041334533308658217 -0.10047690361679998 0.052211457996998195 0.17636982526468195 0.022212984470220715 0.23636848297384053 -0.052772842874119597 0.18724697337582197 -0.15904710959229207 0.0092511351461763737 0.34759812464316686 0.11681876393227741 -0.043926627837388287 -0.032310393377484981 -0.049035877810183121 0.1276386948415964 0.040422209205203938 0.11668753318843389 -0.089400529341061713 -0.020174671267413943 -0.064205526754907941 -0.12205670522870843 0.13721296178797882 -0.06012836114356393 0.18214641043118068 0.13492577378840551 -0.055718828060410244 -0.10455980218690018 0.11491796672344208 -0.035398175761681694 0.13891203974078342 -0.09098387772546096 -0.026987233310937882 0.2606684243157506 0.038452137231306978 0.2020329584181309 0.012129562348127365 0.07803645938900966 -0.17822631446437703 0.15270064889142912 -0.022024200558662416 0.064847861427523495 0.13757721301825607 -0.037679391312930327 -0.12482031038357551 0.1603948855941946 -0.0036912897761871735 -0.0048294490021539901 -0.055838584363823988 0.047927918764097355 -0.12184395283287348 -0.12840805396889196
leaf_weight=35 121 807 643 380 317 31 989 24 288 141 401 64 53 23 26 36 62 29 36 54 30 29 377 342 193 82 76 21 194 320 23 27 24 38 21 46 22 29 34 29 41 34 20 25 43 20 20 56 36 60 20 77 34 36 154 22 378 82 164 42 86 33
leaf_count=35 121 807 643 380 317 31 989 24 288 141 401 64 53 23 26 36 62 29 36 54 30 29 377 342 193 82 76 21 194 320 23 27 24 38 21 46 22 29 34 29 41 34 20 25 43 20 20 56 36 60 20 77 34 36 154 22 378 82 164 42 86 33
internal_value=6.75273e-12 0.00351563 -0.000913226 0.0040179 -0.00156151 0.00913171 -0.00503518 0.140139 0.027015 -0.031796 -0.0167023 0.000484237 0.015827 0.0246787 0.0789509 0.150184 -0.0560034 0.0731198 0.00267197 -0.0580682 0.260872 0.0108068 -0.0306582 -0.0209695 -0.0781373 0.0729294 0.0645677 0.203055 -0.0813082 -0.0393721 0.00824195 -0.0281021 0.0388706 0.0277898 0.0468805 0.0284352 0.0732466 -0.0069971 0.0426401 0.0575032 0.0300251 -0.000194218 0.0845188 0.0818492 0.115309 0.166153 0.107081 0.0393352 -0.103304 0.0598947 0.0873557 0.103324 0.0589972 0.0324338 -0.10414 0.0855464 -0.0107358 -0.0511603 -0.0629223 -0.00942176 -0.0785444 -0.0507264
internal_weight=8000 7177 6779 5972 4806 4017 3625 392 1166 1588 1217 812 2037 1642 398 84 789 416 762 90 75 672 823 395 409 404 387 45 371 411 1226 347 237 213 175 154 68 86 57 364 171 110 61 193 108 65 40 85 230 314 157 137 322 157 216 48 413 405 323 73 250 410
internal_count=8000 7177 6779 5972 4806 4017 3625 392 1166 1588 1217 812 2037 1642 398 84 789 416 762 90 75 672 823 395 409 404 387 45 371 411 1226 347 237 213 175 154 68 86 57 364 171 110 61 193 108 65 40 85 230 314 157 137 322 157 216 48 413 405 323 73 250 410
is_linear=0
shrinkage=0.05


Tree=106
num_leaves=63
num_cat=0
split_feature=1 1 1 0 8 4 8 6 8 5 6 6 7 2 8 3 4 3 0 7 7 7 5 4 4 0 6 6 7 5 4 5 5 6 3 3 0 0 6 0 0 4 6 6 6 6 6 4 8 6 8 5 6 3 5 2 0 0 6 2 6 7
split_gain=330.331 648.058 254.982 139.389 110.81 170.871 129.373 218.48 134.982 225.956 283.443 160.159 213.463 255.956 203.636 110.787 164.629 165.436 104.301 93.1697 189.448 149.782 193.808 109.294 110.853 102.006 145.541 160.776 148.251 159.431 121.296 107.873 167.253 149.517 195.091 96.9138 94.4217 170.057 101.965 93.1179 166.363 114.143 158.555 291.353 176.903 96.4921 143.027 156.714 103.817 89.4085 119.333 124.636 106.589 120.821 88.5948 87.7729 87.5373 132.733 156.023 171.002 134.737 137.749
threshold=1.0000000180025095e-35 2.5000000000000004 1.5000000000000002 3.5000000000000004 0.79841744230046874 26.589831807865146 0.26005974609573096 83.500000000000014 0.62556849581191665 21.607016297594871 30.500000000000004 53.500000000000007 3.5000000000000004 1.5000000000000002 0.46848856826066226 9127.8666666666832 22.581932114223736 9422.7916666666915 1.0000000180025095e-35 1.5000000000000002 2.5000000000000004 3.5000000000000004 8.2473966979016087 15.959152364461689 31.903448193253094 3.5000000000000004 7.5000000000000009 13.500000000000002 10.500000000000002 10.69079817663096 24.680379696554059 18.163693513364951 21.734978391458867 46.500000000000007 7326.9416666666593 7953.7583333333232 2.5000000000000004 1.5000000000000002 19.500000000000004 2.5000000000000004 3.5000000000000004 38.928688065408764 50.500000000000007 38.500000000000007 65.500000000000014 34.500000000000007 27.500000000000004 19.901590642296025 0.52671813922503308 68.500000000000014 0.50857016199230187 11.514513818803303 76.500000000000014 8118.8749999999964 34.935723605708084 1.0000000180025095e-35 2.5000000000000004 1.5000000000000002 88.500000000000014 1.0000000180025095e-35 52.500000000000007 12.500000000000002
decision_type=2 2 2 2 2 2 2 2 2 2 2 2 2 2 2 2 2 2 2 2 2 2 2 2 2 2 2 2 2 2 2 2 2 2 2 2 2 2 2 2 2 2 2 2 2 2 2 2 2 2 2 2 2 2 2 2 2 2 2 2 2 2
left_child=54 2 19 15 6 -6 -5 8 11 10 -10 12 -8 -14 -13 56 17 -17 -3 -2 23 22 -22 -21 -25 36 -27 -28 31 30 -30 33 -33 -29 -35 -24 37 -23 -39 -20 -41 42 43 45 -44 46 47 -42 -49 50 51 -40 -51 -54 55 -1 57 60 59 -59 -4 -62
right_child=1 18 3 4 5 -7 7 -9 9 -11 -12 14 13 -15 -16 16 -18 -19 39 20 21 25 35 24 -26 26 27 28 29 -31 -32 32 -34 34 -36 -37 -38 38 49 40 41 -43 44 -45 -46 -47 -48 48 -50 52 -52 -53 53 -55 -56 -57 -58 58 -60 -61 61 -63
leaf_value=-0.037871823426931982 -0.029322066725339765 -0.040644428625665328 -0.0056197811608833387 0.008084273990243673 0.075875309198770835 -0.12139261762301129 0.21477010466835719 0.19142376528336452 0.023460739558901302 -0.018036820836689161 0.24897566131855312 -0.098207082599401474 -0.055866576374198 0.13848167981486767 0.081382135384612614 0.20658440801405137 0.021186601966026224 0.051837812287685206 -1.5761105819268431e-05 -0.022220704569057986 -0.17763279813031357 -0.0043632009020683473 -0.052845760204403083 0.14535406747689614 0.015443648353296644 -0.082406969085335735 0.1765753442332858 0.13966212467505382 -0.0010058955392903753 -0.042467253638638396 0.13639821977964764 0.24387476623058318 0.041840823207582749 0.093606613991925353 -0.0950117206907478 0.061522134917753712 -0.021054791701590702 0.097145362216284531 0.042117547820537143 -0.048242326163846189 -0.081874864810221909 -0.089016106461777419 -0.11228519459565481 0.16721577495336534 0.002623213524752446 -0.085791954543927448 0.13513928238923353 0.11671502734052724 -0.017073953999527571 0.16470135044129122 0.039384351447641207 -0.09539020276731916 -0.004371525025835224 0.14062939152121542 0.049473006064848356 -0.013220586883922787 -0.0030126700795091881 0.0016139928729106219 -0.044177481290456413 0.08825652525424782 0.060233249941633808 -0.0055718185940409094
leaf_weight=479 181 397 398 76 23 21 22 39 22 23 38 38 36 32 27 31 104 39 799 22 24 689 59 52 24 25 21 26 36 90 29 20 21 26 29 27 330 62 26 374 37 34 45 36 131 23 24 29 29 21 102 45 51 20 48 1467 347 78 37 211 225 123
leaf_count=479 181 397 398 76 23 21 22 39 22 23 38 38 36 32 27 31 104 39 799 22 24 689 59 52 24 25 21 26 36 90 29 20 21 26 29 27 330 62 26 374 37 34 45 36 131 23 24 29 29 21 102 45 51 20 48 1467 347 78 37 211 225 123
internal_value=3.41457e-11 0.00585423 0.017277 0.0300385 0.0565461 -0.0182753 0.0658722 0.0817274 0.063752 0.115209 0.166287 0.0361975 0.0793907 0.0355914 -0.0236085 0.0234323 0.0610873 0.120368 -0.0177613 0.00493716 0.00824079 0.00451251 -0.0519999 0.0759204 0.10433 0.00823712 0.0334706 0.0431918 0.0330797 0.000627634 0.0602975 0.0743098 0.140394 0.0408598 -0.00584669 -0.0169396 0.00218184 0.00972917 0.0394223 -0.0119416 -0.0244465 -0.00150934 0.00689527 0.0401692 -0.0267568 0.0079602 0.0260804 -0.00147136 0.0498205 0.0259172 0.00473816 -0.0450353 0.0657431 0.0364738 -0.0176331 -0.0192884 0.018815 0.0258805 0.0524952 0.064872 0.01425 0.0369746
internal_weight=8000 6006 4048 1990 397 44 353 277 238 83 60 155 90 68 65 1593 174 70 1958 2058 1877 1779 110 98 76 1669 323 298 277 155 65 122 41 81 55 86 1346 1016 327 1561 762 388 354 178 176 142 119 95 58 265 173 71 92 71 1994 1946 1419 1072 326 289 746 348
internal_count=8000 6006 4048 1990 397 44 353 277 238 83 60 155 90 68 65 1593 174 70 1958 2058 1877 1779 110 98 76 1669 323 298 277 155 65 122 41 81 55 86 1346 1016 327 1561 762 388 354 178 176 142 119 95 58 265 173 71 92 71 1994 1946 1419 1072 326 289 746 348
is_linear=0
shrinkage=0.05


Tree=107
num_leaves=63
num_cat=0
split_feature=2 2 2 7 7 4 6 3 5 6 8 3 0 0 0 8 8 3 4 8 3 7 8 5 7 6 8 8 7 4 4 5 5 5 1 1 4 8 0 6 5 3 4 4 6 4 6 8 4 0 4 3 3 6 3 6 3 5 3 7 7 7
split_gain=307.211 362.142 280.891 117.668 208.389 192.601 152.764 145.407 94.414 115.69 87.1185 104.732 85.2306 91.6827 156.467 136.382 120.074 220.3 170.488 225.479 150.925 162.961 139.729 139.542 157.05 114.641 84.4388 146.967 161.049 187.019 129.805 115.919 127.711 198.246 144.294 178.995 163.95 155.855 112.14 141.005 117.25 110.927 163.668 151.192 113.772 106.195 101.671 97.5322 94.5957 177.454 91.1807 91.0282 156.186 121.192 83.8859 104.46 82.0476 85.4714 117.143 79.4994 742.937 214.418
threshold=1.0000000180025095e-35 2.5000000000000004 1.5000000000000002 17.500000000000004 18.500000000000004 17.112553601728322 72.500000000000014 8450.1750000000011 14.145231257581242 49.500000000000007 0.12246903012186941 6807.4750000000013 1.0000000180025095e-35 2.5000000000000004 3.5000000000000004 0.85489688404067843 0.73333085115639951 7856.3249999999962 18.744063916108399 0.6690647664865611 8915.4083333333638 5.5000000000000009 0.58398135235541304 13.782333149782962 12.500000000000002 48.500000000000007 0.65062400937924658 0.54420011350191844 1.5000000000000002 39.444610940668646 24.197223922540477 1.4014061613018491 23.61836524305976 25.54281987860362 2.5000000000000004 1.0000000180025095e-35 36.104441768219992 0.86858084709962446 3.5000000000000004 88.500000000000014 7.0043994903351381 7553.2999999999984 24.197223922540477 24.197223922540477 47.500000000000007 17.966331431052712 54.500000000000007 0.37416669759469506 30.47008413662466 3.5000000000000004 19.679457118973669 8696.3916666666864 6580.7666666666619 55.500000000000007 9728.2833333333419 55.500000000000007 4956.0666666666721 16.882424990118029 7729.1499999999969 9.5000000000000018 10.500000000000002 7.5000000000000009
decision_type=2 2 2 2 2 2 2 2 2 2 2 2 2 2 2 2 2 2 2 2 2 2 2 2 2 2 2 2 2 2 2 2 2 2 2 2 2 2 2 2 2 2 2 2 2 2 2 2 2 2 2 2 2 2 2 2 2 2 2 2 2 2
left_child=12 2 26 10 5 -5 -7 8 -6 -10 11 -4 -1 -14 -15 16 18 -18 25 20 21 -20 23 -23 -25 -16 27 38 -29 30 45 46 34 -34 35 -33 37 48 -2 40 -40 42 47 44 -43 -30 -28 -42 49 -37 -47 52 53 -35 59 -56 -32 58 -58 61 -61 -3
right_child=1 54 3 4 7 6 -8 -9 9 -11 -12 -13 13 14 15 -17 17 -19 19 -21 -22 22 -24 24 -26 -27 31 28 29 -31 56 32 33 51 -36 36 -38 -39 39 -41 41 43 -44 -45 -46 50 -48 -49 -50 -51 -52 -53 -54 -55 55 -57 57 -59 -60 60 -62 -63
leaf_value=-0.037511266457250364 -0.0078377510129939761 -0.012005007214996428 -0.12270936308936641 -0.01153358914282011 0.095758294002261268 0.1059629195633362 0.25801164297542223 -0.1031015656888485 -0.092254949254649027 0.075774161666631701 0.025744515374949636 0.018129804160333041 0.00057116951956928403 -0.046412155779430544 0.1149868536978326 0.10414190933640516 -0.14341157568618654 0.056575845110984083 -0.094175123681242645 0.12008822707396645 -0.13599637353327126 0.099159850135607575 -0.10602541213685818 0.050979022100204378 -0.099565617013722671 -0.00097301050734061468 -0.15536328107118608 -0.071133199642444481 0.072267433583958832 -0.08967067617479535 0.022963808725277583 -0.034393055778797546 -0.17235427373261364 0.10208763928995246 -0.047255496387011736 0.034734964245178093 0.14673237969929523 -0.087739196878213147 -0.070173699302332734 0.11579991277307272 -0.05728477354471883 -0.035250673741102218 0.12643018991758045 -0.086586483842448186 0.12952264032580638 -0.10667357426136732 -0.007445114176897776 0.085260666748508809 -0.034166540792494114 0.17560192407281311 0.027870258371181351 0.067646158648573831 -0.12993197729811073 -0.064046717467515377 0.14076452359557154 -0.0099989436290882257 0.26394966542720794 0.070735229532185348 0.10772907882928849 0.12027011882099842 -0.018762441409027886 -0.071558090788807635
leaf_weight=405 916 771 22 23 43 53 24 21 21 20 1679 33 769 389 47 28 40 21 52 26 32 46 22 41 30 39 26 29 67 21 24 107 27 21 104 130 33 26 35 40 30 20 52 38 22 20 21 20 33 27 34 23 32 23 20 27 20 38 30 108 871 188
leaf_count=405 916 771 22 23 43 53 24 21 21 20 1679 33 769 389 47 28 40 21 52 26 32 46 22 41 30 39 26 29 67 21 24 107 27 21 104 130 33 26 35 40 30 20 52 38 22 20 21 20 33 27 34 23 32 23 20 27 20 38 30 108 871 188
internal_value=-6.41594e-12 0.00563244 0.0142463 0.0279512 0.0637739 0.11543 0.153355 0.0145772 0.0439969 -0.0102895 0.0237161 -0.0382059 -0.0170447 -0.0118052 -0.0235117 -0.00250163 -0.0100421 -0.0745634 0.00170658 -0.0192559 -0.0355024 -0.0186657 0.00958249 0.0313207 -0.0126314 0.0624004 0.00152555 0.00815371 0.0404948 0.0532397 0.06612 -0.0137203 -0.00766065 -0.05226 0.0045557 0.0196916 0.0429327 0.0270745 0.000351045 0.0295376 0.0136367 0.0297541 0.0643239 -0.0143225 0.0510592 0.0302152 -0.0892722 -0.000266597 0.0427858 0.0589605 -0.0219608 -0.019507 -0.0458823 0.0152447 -0.011847 0.0541557 0.10491 0.127259 0.170217 -0.0134477 -0.00342484 -0.0236796
internal_weight=8000 6013 4028 1939 205 100 77 105 84 41 1734 55 1987 1582 813 424 396 61 335 249 223 191 139 117 71 86 2089 1456 283 254 233 633 586 126 460 356 249 216 1173 257 217 182 102 80 42 121 47 50 190 157 54 99 76 44 1985 47 112 88 50 1938 979 959
internal_count=8000 6013 4028 1939 205 100 77 105 84 41 1734 55 1987 1582 813 424 396 61 335 249 223 191 139 117 71 86 2089 1456 283 254 233 633 586 126 460 356 249 216 1173 257 217 182 102 80 42 121 47 50 190 157 54 99 76 44 1985 47 112 88 50 1938 979 959
is_linear=0
shrinkage=0.05


Tree=108
num_leaves=63
num_cat=0
split_feature=7 7 7 7 7 7 7 0 7 7 7 7 7 0 7 6 7 4 4 4 7 4 6 8 3 3 2 4 5 3 6 5 3 5 6 5 0 5 5 6 3 4 3 5 4 5 4 6 4 6 3 3 6 3 8 8 6 0 6 0 8 8
split_gain=294.519 842.617 446.723 596.552 983.461 2599.37 728.976 471.329 422.702 255.062 471.128 229.733 446.243 184.254 181.617 166.101 148.052 143.165 158.724 142.071 118.619 117.98 111.392 109.232 106.337 113.213 122.962 123.117 133.295 116.078 104.125 102.301 101.77 94.2211 105.467 118.733 93.7386 99.454 144.512 132.782 151.314 190.887 159.205 118.041 92.6503 147.081 130.437 102.394 91.6094 90.2032 89.7655 86.7491 126.131 140.296 108.355 92.5757 128.791 95.4541 153.263 86.4183 83.1025 82.8502
threshold=1.5000000000000002 2.5000000000000004 5.5000000000000009 7.5000000000000009 9.5000000000000018 10.500000000000002 14.500000000000002 3.5000000000000004 13.500000000000002 11.500000000000002 12.500000000000002 18.500000000000004 17.500000000000004 3.5000000000000004 6.5000000000000009 54.500000000000007 8.5000000000000018 21.775241016660761 31.903448193253094 38.667646585842192 1.0000000180025095e-35 14.080361665778629 48.500000000000007 0.16394098306000052 9323.7083333333394 8577.3416666666835 1.0000000180025095e-35 12.394723713158347 21.824858616025338 8939.183333333347 35.500000000000007 -0.75833386169082029 3580.358333333334 26.112510845582943 88.500000000000014 23.773251869243815 3.5000000000000004 5.1762326063997151 9.8259649435497014 85.500000000000014 8669.9333333333543 24.389712228185214 6382.2166666666662 17.494627851377448 13.670900693646105 20.577513542843537 32.852496219087925 11.500000000000002 37.581092401925737 37.500000000000007 7455.9416666666648 3511.4750000000026 11.500000000000002 3987.4166666666711 0.8228226387353299 0.54420011350191844 82.500000000000014 1.5000000000000002 68.500000000000014 3.5000000000000004 0.29957017534878227 0.63100731491281647
decision_type=2 2 2 2 2 2 2 2 2 2 2 2 2 2 2 2 2 2 2 2 2 2 2 2 2 2 2 2 2 2 2 2 2 2 2 2 2 2 2 2 2 2 2 2 2 2 2 2 2 2 2 2 2 2 2 2 2 2 2 2 2 2
left_child=20 13 -3 14 16 7 8 -6 9 -7 -11 12 36 33 31 -15 -5 -9 -19 23 -1 -13 60 -14 25 26 -16 -28 -29 -27 -10 -4 -12 34 35 -2 -8 50 -39 40 41 43 -43 -40 -33 47 -47 -46 -34 -44 -38 -25 -53 -54 55 56 -55 -57 -59 -32 -18 -24
right_child=1 2 3 4 5 6 11 17 30 10 32 21 19 15 24 -17 22 18 -20 -21 -22 -23 61 51 -26 29 27 28 -30 -31 59 44 48 -35 -36 -37 37 38 39 -41 -42 42 49 -45 45 46 -48 -49 -50 -51 -52 52 53 54 -56 57 -58 58 -60 -61 -62 -63
leaf_value=-0.0094173040351498948 0.06746405382763665 -0.028494110440597509 -0.08957336977124214 -0.030031593168203377 0.10419994401389275 -0.048232147204632196 0.0014121932844152058 0.14588956165313721 -0.042954708053895563 0.038902626598156305 -0.095208475846447982 0.050307411067890676 0.16578806884910749 0.078839501614371935 0.012958912083717146 0.22091661793076331 -0.049166171641780006 0.37802256506222948 0.19970905488201729 0.17485235628896748 -0.047381972053156397 -0.029864521904124156 -0.069390324682114632 -0.0091938678330431393 0.15654221165459603 -0.087861296379317846 -0.017182430028915407 0.077546994613353598 0.16519900195557496 0.067647243601580462 -0.084322953085923941 0.092789789386417562 -0.019126719812047669 0.12005339509674483 -0.039054941157387064 -0.059979394823312764 0.033400960897023865 0.15742002108267375 0.042237543800602795 -0.076878648478051897 0.18006813481450082 0.18660928034782409 -0.042815315723419192 -0.11063486853215312 -0.052177473616141536 -0.065795473542970592 0.078118632789701228 0.054085640973374677 -0.1150331950298062 0.1020599553982417 -0.10558705585343497 0.14838943910834038 0.15740506785389569 -0.0038038758095353844 -0.049758669063448911 0.033593162979282769 0.12792666538254074 0.19429127774068289 0.020782469026744368 -0.16867287657741045 -0.11772251261259103 -0.0003311329260186264
leaf_weight=413 212 1206 20 380 317 405 989 25 141 401 64 53 23 48 69 36 62 26 24 29 410 342 127 48 32 24 25 172 58 24 194 46 320 49 33 20 26 28 23 23 20 25 22 28 26 74 20 177 27 21 21 38 28 96 30 46 23 35 20 36 154 66
leaf_count=413 212 1206 20 380 317 405 989 25 141 401 64 53 23 48 69 36 62 26 24 29 410 342 127 48 32 24 25 172 58 24 194 46 320 49 33 20 26 28 23 23 20 25 22 28 26 74 20 177 27 21 21 38 28 96 30 46 23 35 20 36 154 66
internal_value=6.7144e-11 0.0032487 -0.000902483 0.00506836 -0.00146679 0.00855728 -0.00466914 0.130868 -0.0300638 -0.0158208 0.00034503 0.015128 0.0233636 0.0739545 0.0460174 0.13973 -0.0525019 0.243585 0.292432 0.068111 -0.0283304 -0.0191073 -0.073379 0.0601123 0.0690803 0.0615567 0.0721735 0.0881963 0.0996505 -0.010107 -0.0767857 0.0203496 -0.0372744 0.0563586 0.0445811 0.0564775 0.00818019 0.036423 0.0525324 0.0344037 0.0528173 0.0314306 0.0862729 -0.0416924 0.0267591 0.0165322 -0.0351755 0.0404756 -0.0265892 0.0279377 -0.0287001 0.053435 0.0629483 0.0512693 0.039382 0.0515376 0.0216566 0.0867439 0.131197 -0.0975255 -0.0980443 -0.0457742
internal_weight=8000 7177 6779 5573 4806 4017 3625 392 1588 1217 812 2037 1642 398 767 84 789 75 50 416 823 395 409 387 404 372 324 255 230 48 371 363 411 314 265 232 1226 237 190 162 139 119 68 51 343 297 94 203 347 43 47 364 316 278 250 220 119 101 55 230 216 193
internal_count=8000 7177 6779 5573 4806 4017 3625 392 1588 1217 812 2037 1642 398 767 84 789 75 50 416 823 395 409 387 404 372 324 255 230 48 371 363 411 314 265 232 1226 237 190 162 139 119 68 51 343 297 94 203 347 43 47 364 316 278 250 220 119 101 55 230 216 193
is_linear=0
shrinkage=0.05


Tree=109
num_leaves=63
num_cat=0
split_feature=1 1 1 0 5 5 8 8 5 7 7 4 8 3 6 7 3 3 4 3 0 0 0 8 3 8 8 5 6 6 8 8 4 4 8 8 0 3 0 0 5 6 5 5 5 4 4 3 4 4 5 4 8 6 4 3 3 4 0 8 4 3
split_gain=291.915 622.329 180.582 110.37 113.634 163.498 224.872 141.247 103.434 136.487 136.256 202.934 200.298 190.664 262.62 513.237 187.542 97.9896 147.768 148.075 91.1694 85.8697 142.182 108.762 92.8645 106.592 90.4492 94.7325 133.774 123.605 98.4658 102.088 131.496 96.3771 93.4649 85.4572 83.5484 98.325 89.3107 126.696 135.339 114.88 101.726 166.239 112.758 98.0948 172.139 237.534 129.293 138.575 122.138 203.885 145.395 140.976 123.031 118.864 107.894 85.2111 82.3841 81.9298 78.4006 77.2651
threshold=2.5000000000000004 1.5000000000000002 1.0000000180025095e-35 3.5000000000000004 30.21595292710472 24.219566657897985 0.52393897622879748 0.19927199119380154 0.58169209850662373 2.5000000000000004 11.500000000000002 25.468732434457731 0.6056205901302002 3702.4166666666683 30.500000000000004 16.500000000000004 5229.3250000000035 9127.8666666666832 22.581932114223736 9422.7916666666915 1.0000000180025095e-35 2.5000000000000004 3.5000000000000004 0.16394098306000052 2877.4250000000015 0.212321539700465 0.82932370537135991 26.451831545503087 12.500000000000002 29.500000000000004 0.68946476614055074 0.63100731491281647 27.484548925689811 16.474299599105361 0.42906816225108496 0.6056205901302002 1.0000000180025095e-35 7326.9416666666593 2.5000000000000004 3.5000000000000004 25.332857824820522 32.500000000000007 16.882424990118029 18.888841553036318 20.319472070340176 37.388676400934749 26.771919464643986 7905.1166666666641 29.59513223175156 33.316592313935281 14.406033095641453 14.372514333208237 0.33768564694951764 26.500000000000004 23.637710191616016 7792.6499999999969 6438.7416666666659 26.423008674166301 1.5000000000000002 0.62183753045846568 29.303690975178295 3178.2333333333368
decision_type=2 2 2 2 2 2 2 2 2 2 2 2 2 2 2 2 2 2 2 2 2 2 2 2 2 2 2 2 2 2 2 2 2 2 2 2 2 2 2 2 2 2 2 2 2 2 2 2 2 2 2 2 2 2 2 2 2 2 2 2 2 2
left_child=1 2 36 17 5 7 -7 -5 -9 -10 11 12 -11 -12 -15 -16 -13 61 19 -19 -2 -22 -23 -24 -25 -26 27 28 -27 -30 31 32 33 -31 -34 -18 37 -1 42 -40 45 -42 -38 57 -45 46 50 48 -48 -50 52 -52 -41 -54 56 -55 -53 -44 60 -29 -46 -3
right_child=20 3 -4 4 -6 6 -8 8 9 10 13 16 -14 14 15 -17 35 18 -20 -21 21 22 23 24 25 26 -28 59 29 30 -32 -33 34 -35 -36 -37 38 -39 39 40 41 -43 43 44 58 -47 47 -49 49 -51 51 54 53 55 -56 -57 -58 -59 -60 -61 -62 -63
leaf_value=-0.010814432643729333 -0.038172008015769032 -0.015203606092160749 0.0045814863106485209 -0.041080884138743085 0.1651139112810294 0.065629839897155762 -0.1686340415198356 -0.025518609210848808 0.15363857087989649 0.0099831841886043552 -0.032685449435597376 0.085887372344732288 0.19433930370096977 -0.0045567041107763854 0.08559930846095086 0.39084830000287013 -0.026901186313480142 0.19560053781155617 0.020068006470459157 0.049198437873751694 0.00011544351994021516 -0.045343799835300069 -0.11569405153393747 -0.07344359918364457 0.11367807053029538 0.089085966417634943 0.093538386575304555 0.13534929880074092 -0.10372825573113831 -0.047832794683442148 -0.081964425943993238 0.11437145257368685 -0.0050842911682345655 0.075316404852461313 -0.15255558036622549 -0.17131594476245701 -0.015006482891754403 -0.060777383382082918 -0.04317665902897716 0.15264776547749836 -0.016964207265688026 0.12860386032949797 0.034072908883293472 -0.082392380604869697 -0.037426440767274145 0.068035123148001739 -0.20576198329882966 0.030047909924760464 0.023238742233000018 -0.13977466656360776 -0.16340098653150642 0.14355913545936347 0.10827165767550469 0.039157721432654752 -0.091163309551775457 -0.12159086255275685 -0.016900649666786196 0.16246407568188651 0.045218540020287037 -0.0060535855311900384 0.046136616933636548 0.022199992527905263
leaf_weight=187 397 155 2058 33 21 21 20 27 48 34 21 20 26 24 40 21 20 31 104 39 799 374 20 35 24 27 26 21 44 24 37 20 22 47 21 21 466 208 400 24 23 33 24 32 89 32 28 40 22 32 23 20 24 23 20 23 22 28 130 20 41 1264
leaf_count=187 397 155 2058 33 21 21 20 27 48 34 21 20 26 24 40 21 20 31 104 39 799 374 20 35 24 27 26 21 44 24 37 20 22 47 21 21 466 208 400 24 23 33 24 32 89 32 28 40 22 32 23 20 24 23 20 23 22 28 130 20 41 1264
internal_value=4.78907e-11 0.00543713 -0.00580845 0.0283351 0.0519226 0.0456008 -0.0486452 0.0571354 0.0678676 0.0770364 0.0608386 0.0245813 0.0898708 0.102227 0.135558 0.190685 -0.0396379 0.0224568 0.0578703 0.114034 -0.0167779 -0.0113369 -0.0233452 -0.00214043 0.00403096 0.0121739 0.00429012 -0.00390937 -0.0158166 -0.0289904 -0.0097596 0.0101775 -0.00810208 0.0336885 -0.0771052 -0.10087 -0.0165319 -0.037124 -0.011445 -0.0234179 -0.00310051 0.068817 0.000217562 0.0208408 0.00617295 -0.0151947 -0.0240431 -0.0698439 -0.118572 -0.0733618 0.00717309 -0.0362602 0.0464479 0.0100365 0.0109049 -0.0412166 0.0595088 0.103207 0.0170733 0.0663723 -0.0110719 0.0181143
internal_weight=8000 6042 4052 1990 397 376 41 335 302 275 227 121 60 106 85 61 61 1593 174 70 1958 1561 762 388 368 333 309 283 242 215 171 134 114 71 43 41 1994 395 1599 789 389 56 810 344 292 333 301 122 82 54 179 85 94 70 62 46 42 52 260 41 130 1419
internal_count=8000 6042 4052 1990 397 376 41 335 302 275 227 121 60 106 85 61 61 1593 174 70 1958 1561 762 388 368 333 309 283 242 215 171 134 114 71 43 41 1994 395 1599 789 389 56 810 344 292 333 301 122 82 54 179 85 94 70 62 46 42 52 260 41 130 1419
is_linear=0
shrinkage=0.05


Tree=110
num_leaves=63
num_cat=0
split_feature=2 2 2 8 5 7 7 6 0 3 6 6 3 6 8 4 4 7 7 7 7 8 0 3 5 4 3 5 5 5 4 8 6 6 4 5 8 4 7 4 4 7 7 7 6 7 3 4 3 3 7 8 8 6 6 3 4 0 4 5 5 8
split_gain=277.68 321.53 250.146 103.632 112.079 106.357 224.614 120.511 116.222 125.968 219.531 101.509 124.843 93.3799 130.433 193.475 121.661 125.391 120.748 947.006 262.572 164.303 152.452 116.556 116.028 115.158 105.5 205.047 128.152 93.178 92.854 92.5807 92.219 158.891 89.4307 88.5783 130.061 113.932 101.353 144.977 88.266 87.4169 98.3244 201.893 188.153 150.593 153.441 119.212 83.5894 89.6997 78.9354 77.6554 150.954 141.771 173.9 107.765 97.0596 159.686 158.135 94.8647 96.7885 91.9087
threshold=1.0000000180025095e-35 2.5000000000000004 1.5000000000000002 0.12246903012186941 16.77572645454455 14.500000000000002 13.500000000000002 31.500000000000004 3.5000000000000004 7760.4333333333316 72.500000000000014 96.500000000000014 9776.0916666666762 19.500000000000004 0.43499593996717401 28.90192627793159 20.769437935978249 6.5000000000000009 10.500000000000002 9.5000000000000018 11.500000000000002 0.74874040481082493 3.5000000000000004 4339.6666666666724 24.326684462825273 32.042060227433296 8315.6166666666777 14.318913464289169 9.5795869817051642 31.255101965518396 38.667646585842192 0.24527048046041386 78.500000000000014 36.500000000000007 24.492538663119252 14.145231257581242 0.57464195024471898 18.545623380065098 18.500000000000004 21.402223616559727 32.852496219087925 7.5000000000000009 1.5000000000000002 2.5000000000000004 28.500000000000004 5.5000000000000009 6690.5083333333296 22.396750306662476 4201.9833333333399 8450.1750000000011 7.5000000000000009 0.17557990916412211 0.25359122454995331 16.500000000000004 87.500000000000014 2230.2000000000016 20.325377410104736 3.5000000000000004 14.372514333208237 22.606093670118653 16.126280555163465 0.69893833483748646
decision_type=2 2 2 2 2 2 2 2 2 2 2 2 2 2 2 2 2 2 2 2 2 2 2 2 2 2 2 2 2 2 2 2 2 2 2 2 2 2 2 2 2 2 2 2 2 2 2 2 2 2 2 2 2 2 2 2 2 2 2 2 2 2
left_child=-1 2 51 4 -4 6 11 -8 29 10 -10 12 13 14 23 16 -16 -18 19 22 32 31 41 -5 25 26 27 28 -24 30 35 -22 33 -20 -21 36 -7 -37 39 -39 -41 42 -15 -44 -45 -46 -47 -48 -33 -50 -17 59 53 -53 56 61 58 -58 -55 60 -2 -54
right_child=1 -3 3 5 -6 8 7 -9 9 -11 -12 -13 -14 18 15 50 17 -19 20 34 21 -23 24 -25 -26 -27 -28 -29 -30 -31 -32 48 -34 -35 -36 37 -38 38 -40 40 -42 -43 43 44 45 46 47 -49 49 -51 -52 52 55 54 -56 -57 57 -59 -60 -61 -62 -63
leaf_value=-0.016204825393510133 -0.024785620572560646 -0.011115334680332083 -0.098202979214051189 0.1582321983203292 0.036882840762180943 0.015225398234957666 0.028315852918932516 -0.091792660835199061 0.063475201227541619 0.023031301349401474 0.27574776562507308 -0.056995200999081133 -0.073246229517048803 -0.011959202857230724 -0.03416070553163688 -0.044557391491628462 -0.0037186223268508914 0.15628321729600431 0.0048047608562878201 0.15869825966656209 -0.08042802597795215 0.13480358170835596 -0.015687118827000909 0.022384354308247568 0.18872582623735071 0.14441906347870828 0.13408475341275336 -0.10227148032614164 0.14947540300587814 0.1354526945349315 0.12275412569825467 -0.046784839203411886 0.01983666703814552 -0.17012045108713211 0.27841394249445356 0.079284425486217849 0.10181215528531798 -0.1192531603574753 -0.1070449674951619 0.067630393694763855 -0.053825022280216218 -0.021724180011522203 0.11919838970198351 -0.090937813348136845 0.0069303905993115672 0.1555852291967974 -0.063299077323504857 0.090015416592359551 0.11445336451655941 -0.0090173137529442719 -0.16396972680091859 0.13290904255936276 0.098580626221276668 0.041337441325187685 0.14221719757274345 -0.0031843394998971779 -0.0064408857508429472 0.13484169138329369 -0.13167297015565313 0.033105841602876107 -0.12025250665138704 -0.028994837049394845
leaf_weight=1987 94 1985 34 20 28 114 31 64 29 30 21 35 29 112 54 31 25 24 21 26 21 38 23 75 20 30 20 28 24 23 26 22 21 34 39 33 70 20 29 52 21 105 68 32 153 44 21 32 38 24 25 37 48 25 27 1631 70 28 28 44 37 20
leaf_count=1987 94 1985 34 20 28 114 31 64 29 30 21 35 29 112 54 31 25 24 21 26 21 38 23 75 20 30 20 28 24 23 26 22 21 34 39 33 70 20 29 52 21 105 68 32 153 44 21 32 38 24 25 37 48 25 27 1631 70 28 28 44 37 20
internal_value=-1.17361e-12 0.0053549 0.0134714 0.0264045 -0.0371965 0.0285053 0.0216459 -0.0525994 0.049157 0.10403 0.15263 0.0270137 0.0293126 0.031692 0.00463032 -0.0230652 0.0176034 0.0746496 0.0385933 0.0478358 0.00580122 0.0457139 0.0311575 0.0509839 0.0769089 0.0590182 0.0320495 0.00484006 0.0686512 0.0378429 0.0316921 0.013472 -0.0692977 -0.103331 0.230528 0.024708 0.048166 -0.00313888 -0.0254337 1.49656e-05 0.0326912 0.0194574 0.0288168 0.0418651 0.0232174 0.0378293 0.0865666 0.0292682 0.036947 0.0666583 -0.0978665 0.00146701 0.00438198 0.0438549 0.0253436 -0.000613116 0.00444568 0.0339256 -0.0500643 -0.0304145 -0.0517496 0.0610584
internal_weight=8000 6013 4028 1939 62 1877 1409 95 468 80 50 1314 1279 1250 254 159 103 49 996 777 219 143 712 95 145 125 95 75 47 388 365 105 76 55 65 339 184 155 122 93 73 567 462 350 282 250 97 53 84 62 56 2089 1914 215 178 1699 151 98 53 175 131 68
internal_count=8000 6013 4028 1939 62 1877 1409 95 468 80 50 1314 1279 1250 254 159 103 49 996 777 219 143 712 95 145 125 95 75 47 388 365 105 76 55 65 339 184 155 122 93 73 567 462 350 282 250 97 53 84 62 56 2089 1914 215 178 1699 151 98 53 175 131 68
is_linear=0
shrinkage=0.05


Tree=111
num_leaves=63
num_cat=0
split_feature=0 0 0 5 0 7 7 7 7 7 7 7 4 7 7 5 7 7 8 8 6 6 8 4 4 6 3 4 6 8 8 6 5 6 3 3 4 8 4 5 8 8 5 4 3 4 4 3 8 4 8 5 3 6 5 1 6 7 4 6 6 4
split_gain=265.796 233.384 556.747 247.31 186.488 111.562 411.375 323.752 1045.28 386.898 369.891 188.397 178.534 162.979 258.408 214.399 249.26 447.145 155.716 156.592 149.477 145.056 141.749 259.79 254.389 141.211 140.69 135.626 135.42 135.296 133.045 126.547 246.463 177.351 126.244 209.328 124.501 235.199 204.416 124.022 116.256 163.198 156.202 135.182 124.761 115.354 114.353 112.657 115.59 107.12 103.582 98.9345 108.289 97.8302 95.194 139.301 231.227 216.634 154.774 276.252 156.585 128.244
threshold=1.0000000180025095e-35 2.5000000000000004 3.5000000000000004 -5.3691017863632746 1.5000000000000002 14.500000000000002 12.500000000000002 9.5000000000000018 10.500000000000002 8.5000000000000018 11.500000000000002 18.500000000000004 37.172811072127651 5.5000000000000009 7.5000000000000009 0.85972301163601206 2.5000000000000004 1.5000000000000002 0.61923412664913602 0.31942621556482037 69.500000000000014 81.500000000000014 0.66322591592734037 11.511910428790765 20.196419348538004 79.500000000000014 7636.0833333333294 25.144070675018177 54.500000000000007 0.49133924799606693 0.51169483554895001 55.500000000000007 9.7081295696342114 76.500000000000014 8077.7583333333287 7050.6249999999945 23.821238525577183 0.68620694248385916 18.677522801173911 15.077816850013146 0.4041940079920528 0.52393897622879748 16.664651278446581 24.680379696554059 7101.8416666666626 25.550151988674415 19.320773158745595 7569.0833333333303 0.40051476063252894 23.330905014419631 0.31942621556482037 9.7081295696342114 7202.5916666666626 52.500000000000007 15.316724472586445 1.0000000180025095e-35 83.500000000000014 16.500000000000004 21.622964668848734 89.500000000000014 75.500000000000014 34.696464491046385
decision_type=2 2 2 2 2 2 2 2 2 2 2 2 2 2 2 2 2 2 2 2 2 2 2 2 2 2 2 2 2 2 2 2 2 2 2 2 2 2 2 2 2 2 2 2 2 2 2 2 2 2 2 2 2 2 2 2 2 2 2 2 2 2
left_child=-1 4 -3 -4 -2 6 7 9 30 13 29 12 22 15 40 -5 17 18 19 -17 45 46 23 -7 26 -24 -25 49 -19 -10 50 -8 -33 -34 35 36 38 39 -18 -38 43 -42 44 -15 -43 -16 -12 48 -29 -26 -9 -13 -53 -20 55 56 61 58 59 -57 -60 -6
right_child=1 2 3 5 54 11 31 8 10 -11 21 51 -14 14 20 16 34 28 53 -21 -22 -23 25 24 27 -27 -28 47 -30 -31 -32 32 33 -35 -36 -37 37 -39 -40 -41 41 42 -44 -45 -46 -47 -48 -49 -50 -51 -52 52 -54 -55 -56 57 -58 -59 60 -61 -62 -63
leaf_value=-0.018079395606116443 0.0023245501847679504 -0.026137405243000705 -0.14341113744303585 -0.1422405981719494 0.024023769807291928 -0.10097694717347623 -0.024737142423940144 0.24433777768475318 -0.0049078148446585002 -0.10081143215004551 -0.062139859013259413 -0.12764505565166473 0.1744485626369715 0.10910798678795497 0.10755186406048863 -0.050516993218125444 -0.044526001397520304 0.084309797618124224 -0.014346673115644427 0.079505998991621793 -0.13559872182932767 0.18869278104532333 0.028062546311412008 0.11080335080623627 0.052292207466519407 -0.12414602532982827 0.27848161262544718 0.065992229059338575 0.21652440183302937 -0.13439543954352914 0.30931369771560036 0.00785033946670592 -0.2887806465679949 -0.085638598494586493 0.04070236456394196 -0.13099733916697678 -0.060145624739428361 -0.19872799187898638 0.16707920534979731 0.10059605844318867 0.21275675916864026 0.052265959680080409 0.00071451382504569166 -0.03553298622369766 0.22481319240548392 -0.038557593141283313 0.079735255241394049 0.020360555806580714 0.22662029993676006 -0.10592744313180447 0.09228187728495825 0.085314469649033109 -0.069850139959674817 -0.1688628145121038 0.03937931275512261 0.069790878405864218 -0.13026366600623498 0.10186881784080382 -0.027523388882351552 -0.09860925545383778 0.052593597032061623 -0.091291343035369094
leaf_weight=1621 1652 1573 24 25 143 20 82 24 38 76 20 20 30 30 22 39 25 45 21 57 22 21 64 29 23 20 22 24 34 43 30 25 22 21 50 54 30 20 21 20 31 20 36 35 22 35 49 34 21 20 21 22 23 20 743 187 39 83 238 28 82 29
leaf_count=1621 1652 1573 24 25 143 20 82 24 38 76 20 20 30 30 22 39 25 45 21 57 22 21 64 29 23 20 22 24 34 43 30 25 22 21 50 54 30 20 21 20 31 20 36 35 22 35 49 34 21 20 21 22 23 20 743 187 39 83 238 28 82 29
internal_value=7.35515e-11 0.00459425 -0.00507354 0.0158705 0.0140551 0.0183241 0.0108308 0.0220359 0.0721249 0.00643852 0.00386712 0.0422141 0.0585869 0.0178545 0.0501005 0.000157627 0.00832266 0.0464765 -0.00815224 0.0266842 -0.024893 0.0736309 0.0460387 0.0696354 0.0893593 -0.00817759 0.183135 0.050158 0.141212 -0.0736482 0.227752 -0.0665585 -0.11699 -0.189572 -0.0291374 -0.0496785 -0.0118232 -0.0538144 0.0520764 0.00415105 0.0841493 0.11571 0.0771402 0.0312244 0.142648 0.0178355 0.038612 0.0890519 0.140952 -0.0212983 0.173378 -0.0351159 0.00600811 -0.0897204 0.0263827 0.0147343 -0.0203428 0.0267104 0.0150504 0.0478597 -0.00699341 0.00458111
internal_weight=8000 6379 3155 1582 3224 1558 1186 1036 246 790 171 372 307 714 253 461 436 216 137 96 79 90 277 193 173 84 51 122 79 81 75 150 68 43 220 170 116 70 46 50 174 109 78 65 42 57 69 79 45 43 45 65 45 41 1572 829 211 618 535 215 320 172
internal_count=8000 6379 3155 1582 3224 1558 1186 1036 246 790 171 372 307 714 253 461 436 216 137 96 79 90 277 193 173 84 51 122 79 81 75 150 68 43 220 170 116 70 46 50 174 109 78 65 42 57 69 79 45 43 45 65 45 41 1572 829 211 618 535 215 320 172
is_linear=0
shrinkage=0.05


Tree=112
num_leaves=63
num_cat=0
split_feature=1 1 1 2 7 7 7 7 3 8 8 3 3 3 6 7 8 7 6 5 4 4 4 6 4 3 0 5 6 2 4 3 4 6 3 7 5 5 6 3 6 3 5 6 6 4 5 4 3 3 6 8 4 8 5 7 7 7 7 6 3 7
split_gain=262.046 553.727 158.345 93.7638 165.731 154.878 152.086 343.549 192.984 134.422 145.921 134.317 123.248 245.523 165.318 168.758 150.63 131.294 128.204 126.722 109.161 99.032 97.3675 93.3706 294.485 205.112 424.385 189.628 182.688 157.97 130.807 116.581 114.416 103.467 85.7818 139.065 142.964 124.958 156.815 119.999 118.298 230.337 139.484 107.427 126.114 105.624 102.984 152.862 107.469 99.234 104.547 94.5816 86.9937 83.3729 81.1446 80.4082 99.9202 99.1995 319.418 181.566 174.256 108.07
threshold=2.5000000000000004 1.5000000000000002 1.0000000180025095e-35 1.5000000000000002 17.500000000000004 18.500000000000004 2.5000000000000004 1.5000000000000002 7938.6749999999965 0.77148105570992176 0.74874040481082493 7824.9999999999964 4528.0416666666715 6509.0416666666633 31.500000000000004 9.5000000000000018 0.57872006561229261 8.5000000000000018 72.500000000000014 15.173802492556131 25.249758145192725 18.082691523678758 8.8032452372997589 40.500000000000007 36.104441768219992 8253.3583333333318 3.5000000000000004 24.069726550832918 68.500000000000014 2.5000000000000004 34.368534502621984 8505.0000000000309 23.150280978113173 79.500000000000014 3511.4750000000026 15.500000000000002 12.727314162436185 19.083978966535724 62.500000000000007 5468.0416666666688 72.500000000000014 8527.5333333333492 16.232685403306363 91.500000000000014 83.500000000000014 23.725260575138282 20.451220158321568 32.990941181343189 8204.4166666666697 9447.4500000000135 66.500000000000014 0.43499593996717401 17.785912437073794 0.53879397571083276 16.361471810312668 6.5000000000000009 7.5000000000000009 9.5000000000000018 10.500000000000002 52.500000000000007 6761.6833333333307 14.500000000000002
decision_type=2 2 2 2 2 2 2 2 2 2 2 2 2 2 2 2 2 2 2 2 2 2 2 2 2 2 2 2 2 2 2 2 2 2 2 2 2 2 2 2 2 2 2 2 2 2 2 2 2 2 2 2 2 2 2 2 2 2 2 2 2 2
left_child=1 2 -1 9 6 20 7 21 -9 10 34 -7 14 19 15 -8 17 -16 -18 -14 -6 -5 -15 24 27 26 30 31 32 -30 33 -24 -27 -25 35 36 -3 39 46 45 42 43 49 44 -42 52 -39 48 -48 50 -41 -44 -36 -21 -11 -2 -57 -58 59 60 -59 -60
right_child=55 3 -4 4 5 11 12 8 -10 54 -12 -13 13 22 16 -17 18 -19 -20 53 -22 -23 23 25 -26 28 -28 -29 29 -31 -32 -33 -34 -35 37 -37 -38 38 -40 40 41 -43 51 -45 -46 -47 47 -49 -50 -51 -52 -53 -54 -55 -56 56 57 58 61 -61 -62 -63
leaf_value=-0.015497667455360098 -0.029834165489022513 -0.062631965894252059 0.0042729893560811832 0.10866143517196179 0.088201508327172357 -0.033290028623465834 0.036788842793215405 0.24691513440438678 0.052216231152415277 0.003526685282009319 0.13871440356252371 0.13514008043333889 -0.12191058571236985 -0.078244041075760676 0.060776744596660139 0.22666450525820256 0.028979134405481406 -0.072329428690400988 0.19353189405053856 -0.073596579749137164 0.2345313254594803 -0.0080300494581460949 0.015784384976282265 0.059054097844684711 -0.16558201254709909 0.1541505390405655 0.27019036693068654 -0.080054730847768957 0.0072104652013097494 -0.16963728363423244 0.14481325130564746 0.12015251469280985 0.004994448395963344 -0.049796018179725204 0.11579419828951359 -0.13288292817094111 0.064762547782774335 -0.1303676628548166 0.052141657821179944 0.029078239222510238 -0.038702715126176679 0.088850284022766193 0.052910179256772008 0.033422316373749213 -0.19065357500856572 0.14524276337011696 -0.074789533332093733 0.11158805564045907 0.028267003175539845 -0.072738458251669288 0.14437413213943892 0.19187210333347321 -0.024111425161361694 0.070775235965847977 -0.067164989722086427 0.037491007407920232 -0.044935929258389108 0.055283644888550046 -0.036296970356069512 0.016252569837628732 0.247878134606973 -0.00072766097221193052
leaf_weight=1994 677 40 2058 24 26 29 22 35 20 103 27 20 48 22 32 25 29 44 20 20 25 75 66 61 23 20 26 32 28 23 27 45 36 34 20 22 49 23 84 185 36 38 24 22 22 47 72 20 39 21 22 25 25 20 67 108 199 24 375 56 23 496
leaf_count=1994 677 40 2058 24 26 29 22 35 20 103 27 20 48 22 32 25 29 44 20 20 25 75 66 61 23 20 26 32 28 23 27 45 36 34 20 22 49 23 84 185 36 38 24 22 22 47 72 20 39 21 22 25 25 20 67 108 199 24 375 56 23 496
internal_value=-2.47706e-11 0.00515145 -0.0054562 0.0267506 0.0380266 0.0989391 0.0309189 0.0759219 0.176116 0.0163042 0.0243094 0.035457 0.0210605 0.00914535 0.0578451 0.137787 0.0277871 -0.0162847 0.0961435 -0.0671379 0.159932 0.0202588 0.0242987 0.0296572 0.000472861 0.0486556 0.0867847 0.027181 -0.00408368 -0.0725444 0.0476983 0.0580958 0.0582645 0.0200972 0.0206145 -0.0203184 0.00750659 0.0268814 -0.00281189 0.0413928 0.0294146 -0.0125091 0.0472738 -0.0606548 -0.0963392 0.0928207 -0.0327865 -0.015654 -0.0385805 0.0308254 0.0413319 0.123809 0.0380689 -0.00141067 -0.0243342 -0.0158964 -0.00853033 -0.0127676 -0.00619521 0.0770694 0.149532 -0.0160417
internal_weight=8000 6042 4052 1990 957 100 857 154 55 1033 863 49 703 531 172 47 125 76 49 88 51 99 443 421 166 255 148 143 107 51 122 111 56 95 836 111 89 725 238 487 395 118 277 80 58 92 154 131 111 228 207 49 45 40 170 1958 1281 1173 974 103 47 871
internal_count=8000 6042 4052 1990 957 100 857 154 55 1033 863 49 703 531 172 47 125 76 49 88 51 99 443 421 166 255 148 143 107 51 122 111 56 95 836 111 89 725 238 487 395 118 277 80 58 92 154 131 111 228 207 49 45 40 170 1958 1281 1173 974 103 47 871
is_linear=0
shrinkage=0.05


Tree=113
num_leaves=63
num_cat=0
split_feature=7 7 7 7 7 7 7 7 7 0 7 7 7 7 2 0 4 6 7 4 8 6 3 1 4 1 3 5 7 4 4 6 1 5 3 3 2 4 5 3 6 3 1 1 6 6 4 3 8 8 6 3 8 6 4 8 4 2 6 3 5 8
split_gain=249.958 694.147 376.488 233.116 814.55 2158.32 584.986 395.912 368.826 334.957 207.051 402.219 189.224 376.433 154.206 184.825 128.152 204.157 125.26 124.239 133.49 130.664 122.061 204.375 118.311 113.965 181.887 145.73 103.938 101.892 98.4513 97.922 97.3831 98.6286 95.2157 98.5218 103.06 108.686 115.429 100.07 92.0812 89.1982 88.8054 109.502 96.2942 120.966 86.1224 115.874 137.918 175.88 171.167 132.097 99.0476 85.6699 85.4545 83.6489 81.5561 108.904 98.2877 79.7573 90.1066 130.214
threshold=1.5000000000000002 2.5000000000000004 4.5000000000000009 7.5000000000000009 9.5000000000000018 10.500000000000002 14.500000000000002 6.5000000000000009 13.500000000000002 3.5000000000000004 11.500000000000002 12.500000000000002 18.500000000000004 17.500000000000004 1.5000000000000002 3.5000000000000004 35.493162345976423 50.500000000000007 8.5000000000000018 27.213048204894772 0.53879397571083276 50.500000000000007 5420.7416666666677 1.5000000000000002 34.069371766239996 2.5000000000000004 6949.0249999999942 13.382214895597535 1.0000000180025095e-35 14.080361665778629 34.840716130964438 48.500000000000007 1.5000000000000002 17.805922612763066 9323.7083333333394 8577.3416666666835 1.0000000180025095e-35 12.394723713158347 21.824858616025338 8939.183333333347 88.500000000000014 3580.358333333334 2.5000000000000004 1.5000000000000002 66.500000000000014 35.500000000000007 35.775220069084156 8891.116666666685 0.63100731491281647 0.86115495368074746 49.500000000000007 9083.2083333333467 0.17234430247247598 35.500000000000007 6.1200192445087636 0.44691663713053958 22.396750306662476 1.0000000180025095e-35 82.500000000000014 8077.7583333333287 16.361471810312668 0.34531657573079327
decision_type=2 2 2 2 2 2 2 2 2 2 2 2 2 2 2 2 2 2 2 2 2 2 2 2 2 2 2 2 2 2 2 2 2 2 2 2 2 2 2 2 2 2 2 2 2 2 2 2 2 2 2 2 2 2 2 2 2 2 2 2 2 2
left_child=28 14 54 7 18 9 8 16 10 42 -7 -12 13 46 -2 40 24 -18 -5 20 21 -15 -11 -24 -4 26 27 -21 -1 -14 -28 -20 -22 -34 35 36 -9 -38 -39 -37 55 -13 43 -6 45 -45 47 48 52 -50 -51 -49 -8 -10 -3 -16 57 -43 -59 60 61 -33
right_child=1 2 3 4 5 6 12 34 53 22 11 41 29 19 15 -17 17 -19 31 25 32 -23 23 -25 -26 -27 30 -29 -30 -31 -32 59 33 -35 -36 39 37 38 -40 -41 -42 56 -44 44 -46 -47 -48 51 49 50 -52 -53 -54 -55 -56 -57 -58 58 -60 -61 -62 -63
leaf_value=-0.008395269691276637 0.036664426077175613 0.060105156277616825 0.0054463789922972452 -0.027086844548435979 0.090254611665783802 -0.042885091194170132 -0.040138400622298211 0.012199557552357083 -0.039943611130435416 0.30449450188875199 0.036508469958963834 -0.088115279551129799 0.046933690725632436 0.049760896968992725 0.13386466820413867 0.19786687305099088 -0.14586279681987233 0.0078555593198096317 -0.090084216450082355 0.10771227851510048 0.032913659224587104 -0.052538152849465086 0.27870886014855428 0.075883107825561805 0.10868973074288205 0.01909827858601746 0.11280919501803957 0.28195484429597856 -0.043933055836979935 -0.027571774993571097 -0.0017818558190403314 -0.11319452696121657 0.18637454825763902 0.058163378934065507 0.14638774940540317 -0.082539601251482964 -0.017930935740470885 0.071272578689291377 0.15283927622026411 0.061848178661117949 -0.025244888439774515 -0.074057049216593021 0.054426444447442393 0.20087502745624919 0.25495676880791074 0.043458923567896303 0.039180258728480077 0.1281898127978339 -0.048905762130138919 0.16245599573566802 -0.039420291781425476 0.017131176413524719 0.017093589847009497 -0.08944274658377728 -0.035677712311456604 0.055116701141822259 -0.044655491675715892 0.049631697652480933 -0.072548928782343869 0.015574247457404086 -0.10080783373635749 0.024295736088271382
leaf_weight=413 203 24 643 380 158 405 89 69 141 25 401 64 53 69 60 38 36 54 216 24 62 57 23 27 29 38 53 24 410 342 29 26 30 30 32 24 25 172 58 24 20 34 89 26 21 23 178 34 255 21 21 126 502 230 783 77 200 93 20 47 69 51
leaf_count=413 203 24 643 380 158 405 89 69 141 25 401 64 53 69 60 38 36 54 216 24 62 57 23 27 29 38 53 24 410 342 29 26 30 30 32 24 25 172 58 24 20 34 89 26 21 23 178 34 255 21 21 126 502 230 783 77 200 93 20 47 69 51
internal_value=8.95478e-11 0.00299287 -0.000774891 0.00355662 -0.00130918 0.00781355 -0.00423864 0.0236124 -0.0269875 0.119266 -0.013683 0.000882081 0.0134958 0.0209702 0.0671678 0.0989226 0.00239785 -0.0536318 -0.0477553 0.0620687 0.0395791 0.00348276 0.214287 0.169183 0.00990182 0.0952676 0.117532 0.194834 -0.0260994 -0.0175748 0.0722831 -0.0669582 0.0768589 0.122269 0.0636259 0.0565066 0.0664107 0.0810796 0.0918416 -0.0103457 0.0749743 -0.0338775 0.0967842 0.113319 0.165377 0.126986 0.00702489 0.00156338 -0.00549387 -0.0332903 0.0615179 0.0407311 0.0084749 -0.0706304 -0.0328292 0.0896049 -0.023874 0.0044002 0.0280068 -0.0410763 -0.0593131 -0.0221295
internal_weight=8000 7177 6779 5972 4806 4017 3625 1166 1588 392 1217 812 2037 1642 398 195 762 90 789 416 248 126 75 50 672 168 130 48 823 395 82 409 122 60 404 372 324 255 230 48 157 411 317 228 70 49 1226 1048 888 297 42 160 591 371 807 137 347 147 113 193 146 77
internal_count=8000 7177 6779 5972 4806 4017 3625 1166 1588 392 1217 812 2037 1642 398 195 762 90 789 416 248 126 75 50 672 168 130 48 823 395 82 409 122 60 404 372 324 255 230 48 157 411 317 228 70 49 1226 1048 888 297 42 160 591 371 807 137 347 147 113 193 146 77
is_linear=0
shrinkage=0.05


Tree=114
num_leaves=63
num_cat=0
split_feature=0 0 0 5 0 7 7 7 4 4 8 8 6 8 6 4 6 1 4 7 7 4 7 7 6 4 3 3 7 4 7 4 7 7 3 3 8 4 6 6 3 5 3 8 6 4 8 1 8 8 8 4 8 5 3 8 4 7 7 4 8 6
split_gain=240.399 214.822 482.712 216.336 164.605 96.2484 360.649 160.016 155.559 146.446 237.908 167.912 146.326 147.308 144.433 191.507 250.988 200.601 150.961 142.312 905.354 442.222 216.219 192.704 242.616 239.221 154.473 142.345 133.556 154.483 390.2 159.338 151.972 128.515 166.434 138.849 127.477 233.566 170.787 168.343 280.871 217.539 122.847 119.12 117.372 115.354 112.729 110.763 144.173 99.2339 160.923 92.6434 91.1671 88.1448 98.398 88.055 89.1657 85.0122 340.193 91.6561 84.7048 135.226
threshold=1.0000000180025095e-35 2.5000000000000004 3.5000000000000004 -5.3691017863632746 1.5000000000000002 14.500000000000002 13.500000000000002 18.500000000000004 37.172811072127651 38.928688065408764 0.48118281824620129 0.65781911223710365 59.500000000000007 0.15508498599878684 78.500000000000014 23.931914805466246 66.500000000000014 1.5000000000000002 19.679457118973669 10.500000000000002 9.5000000000000018 23.725260575138282 8.5000000000000018 5.5000000000000009 51.500000000000007 25.468732434457731 8965.4250000000266 7745.7916666666561 1.5000000000000002 16.723449520198098 9.5000000000000018 20.668057409610512 10.500000000000002 11.500000000000002 4528.0416666666715 8118.8749999999964 0.65062400937924658 11.511910428790765 80.500000000000014 62.500000000000007 6248.0250000000042 10.047492307545506 6382.2166666666662 0.4441708831187669 26.500000000000004 15.688268860722454 0.33768564694951764 1.0000000180025095e-35 0.26973490998911359 0.32317851978623641 0.65781911223710365 42.001725629616367 0.47494982857576706 9.7081295696342114 7202.5916666666626 0.11336199433996917 38.667646585842192 1.5000000000000002 2.5000000000000004 27.695928417828124 0.22329579719711476 9.5000000000000018
decision_type=2 2 2 2 2 2 2 2 2 2 2 2 2 2 2 2 2 2 2 2 2 2 2 2 2 2 2 2 2 2 2 2 2 2 2 2 2 2 2 2 2 2 2 2 2 2 2 2 2 2 2 2 2 2 2 2 2 2 2 2 2 2
left_child=51 4 -3 -4 60 6 9 8 36 12 -11 -12 13 -5 15 18 -17 -18 45 20 22 -22 23 26 25 52 47 -27 -16 30 -30 -31 49 -21 -35 44 37 -7 42 41 -41 -39 -38 -8 -36 -14 -43 -15 -49 -33 -51 55 -25 -9 -55 -1 -57 59 -59 -50 -2 -62
right_child=1 2 3 5 -6 7 43 53 -10 10 11 -13 14 19 28 16 17 -19 -20 33 21 -23 -24 24 -26 27 -28 -29 29 31 -32 32 -34 34 35 -37 38 39 -40 40 -42 46 -44 -45 -46 -47 -48 48 57 50 -52 -53 -54 54 -56 56 -58 58 -60 -61 61 -63
leaf_value=0.084600177332758916 -0.025655591891457635 -0.024519543992129002 -0.13437796247502168 -0.065944664586674084 0.025027814313577392 -0.095728951115161179 -0.19061475201294975 -0.11952527344226838 0.16232006426900625 0.05072449474698968 -0.21303314288767675 -0.027879221916198734 0.019542636312544347 -0.056245377658072998 -0.0761723512907823 0.0081001071466339971 -0.28736283294856552 -0.078438902784276898 0.089744495600461965 -0.09274219725010617 0.10988202180181231 0.43065919022668492 -0.077497914191335449 0.064723783969879142 0.24589402106675237 -0.090650675339358194 0.1371924431324005 0.079305316778746526 -0.15639536728461584 0.16611849768408415 0.12083656540648505 0.14255868150242443 -0.069222691282629964 -0.10006476605222339 0.037176435589790349 -0.013540985328810557 0.13487500600516797 0.16144974693655967 -0.13549199018627406 0.013405215902173001 0.2347822723027907 0.078456133008003248 -0.012174385345103789 -0.047513023063992015 0.20847473467700184 -0.13548020354472101 -0.045601670792762269 -0.075695254576617285 0.054172762190657003 -0.021784957682713865 0.11920691680382281 0.041289606378055538 0.19400632530450823 0.082227376238866293 -0.065681434406534497 -0.01878453260904973 -0.086668945029377942 0.23700515062858662 0.018044425514252747 -0.082205538172274828 -0.0435669150942367 0.011695808459270316
leaf_weight=20 231 1573 24 33 1572 20 26 20 30 36 24 25 30 54 30 36 20 27 38 31 21 22 40 25 22 28 25 22 30 29 22 29 27 21 20 35 20 30 20 23 38 30 49 33 20 20 47 29 28 50 34 65 30 22 23 1486 50 24 68 22 121 1300
leaf_count=20 231 1573 24 33 1572 20 26 20 30 36 24 25 30 54 30 36 20 27 38 31 21 22 40 25 22 28 25 22 30 29 22 29 27 21 20 35 20 30 20 23 38 30 49 33 20 20 47 29 28 50 34 65 30 22 23 1486 50 24 68 22 121 1300
internal_value=-7.10963e-11 0.00436925 -0.00490612 0.0145957 0.0134461 0.0168906 0.00993053 0.0390804 0.0541696 0.0162391 -0.046867 -0.118567 0.021387 0.0368451 -0.00132406 -0.0367634 -0.091247 -0.167343 0.0146246 0.0426237 0.0555596 0.274001 0.0330345 0.0447621 0.0949169 0.0632836 0.0192834 -0.01587 0.0228199 0.0362577 -0.0391049 0.0594462 0.0373498 -0.00423055 0.0243513 0.0591879 0.0424566 0.0657945 -0.0068414 0.0850235 0.151312 0.0472327 0.0304486 -0.110575 0.122826 -0.0424665 0.00273254 0.00618243 0.0258965 0.0628141 0.0352832 -0.017194 0.135242 -0.0321873 0.00662954 -0.0196371 -0.0209943 0.0466441 0.0751646 -0.00583369 0.00242525 0.00699012
internal_weight=8000 6379 3155 1582 3224 1558 1186 372 307 1127 85 49 1042 620 422 171 83 47 88 587 460 43 417 377 127 105 250 50 251 221 52 169 140 127 96 75 277 188 89 168 61 107 69 59 40 50 77 225 171 113 84 1621 55 65 45 1556 1536 142 92 50 1652 1421
internal_count=8000 6379 3155 1582 3224 1558 1186 372 307 1127 85 49 1042 620 422 171 83 47 88 587 460 43 417 377 127 105 250 50 251 221 52 169 140 127 96 75 277 188 89 168 61 107 69 59 40 50 77 225 171 113 84 1621 55 65 45 1556 1536 142 92 50 1652 1421
is_linear=0
shrinkage=0.05


Tree=115
num_leaves=63
num_cat=0
split_feature=2 2 2 8 5 7 6 5 5 3 8 1 1 1 3 5 5 3 5 7 3 7 7 7 7 3 7 7 3 6 5 0 7 8 0 5 0 5 7 5 4 7 0 4 0 0 6 8 8 7 4 8 4 4 5 6 6 7 3 3 7 6
split_gain=237.772 287.557 211.505 88.3869 94.3108 87.6937 113.658 215.75 190.512 157.588 136.887 95.4957 71.8772 139.316 71.4906 92.6294 81.194 100.842 70.6408 81.1547 70.831 75.9597 490.824 159.208 200.941 159.029 123.388 268.555 133.596 128.92 115.45 108.814 107.771 134.134 106.739 105.786 103.504 86.8733 83.7985 143.536 112.876 109.891 91.8548 74.6016 72.5513 72.3647 71.1658 70.3901 119.773 129.78 155.202 105.801 103.066 96.8909 86.9924 94.6703 95.0707 77.0659 153.341 112.456 75.6937 100.771
threshold=1.0000000180025095e-35 2.5000000000000004 1.5000000000000002 0.12246903012186941 16.77572645454455 17.500000000000004 67.500000000000014 17.684962880776791 23.929240716887445 6949.0249999999942 0.6401454444566419 1.5000000000000002 2.5000000000000004 1.5000000000000002 3511.4750000000026 10.69079817663096 19.358120955583821 6903.5083333333305 -1.9884753638504689 10.500000000000002 9728.2833333333419 9.5000000000000018 10.500000000000002 7.5000000000000009 5.5000000000000009 8101.8750000000036 2.5000000000000004 1.5000000000000002 7588.0666666666575 88.500000000000014 4.8770390019608092 1.5000000000000002 14.500000000000002 0.71125269816795644 3.5000000000000004 16.882424990118029 2.5000000000000004 21.001646945361454 18.500000000000004 8.4595957327844946 29.712010529176705 17.500000000000004 1.5000000000000002 16.619358809137129 2.5000000000000004 1.0000000180025095e-35 85.500000000000014 0.65062400937924658 0.54420011350191844 1.5000000000000002 39.444610940668646 0.68620694248385916 24.197223922540477 17.966331431052712 4.8770390019608092 31.500000000000004 86.500000000000014 10.500000000000002 7347.8833333333268 7569.0833333333303 4.5000000000000009 78.500000000000014
decision_type=2 2 2 2 2 2 2 2 2 2 2 2 2 2 2 2 2 2 2 2 2 2 2 2 2 2 2 2 2 2 2 2 2 2 2 2 2 2 2 2 2 2 2 2 2 2 2 2 2 2 2 2 2 2 2 2 2 2 2 2 2 2
left_child=12 2 47 4 -4 -5 8 9 10 -8 11 -7 13 -1 15 -15 -16 -18 19 -3 21 23 35 24 26 34 27 28 -20 30 -28 -29 33 37 -26 36 -23 -24 40 -40 46 42 -42 -39 45 -30 -34 48 54 -50 52 -49 53 -51 55 -2 -57 59 -59 -54 61 -53
right_child=1 18 3 5 -6 6 7 -9 -10 -11 -12 -13 -14 14 16 -17 17 -19 20 -21 -22 22 32 -25 25 -27 29 31 44 -31 -32 -33 38 -35 -36 -37 -38 43 39 -41 41 -43 -44 -45 -46 -47 -48 51 49 50 -52 60 57 -55 -56 56 -58 58 -60 -61 -62 -63
leaf_value=-0.020404657367896123 0.030244084496639279 -0.016026495227759535 -0.090175875889904361 0.022752079532186081 0.033740333893469407 -0.037760228799605694 0.14042195957154036 0.22000351432296963 -0.11162249878048898 -0.053501217202706779 0.14317469671368599 0.073688845178112389 -0.031416882214743931 -0.10519010706671648 0.03400068929077437 0.010639758277684451 -0.069002818331122401 0.021734508438200892 0.0057745605707168581 -0.11342062847954887 0.053415698773331112 0.016732653381214255 -0.033484403691078836 -0.06308479503495619 0.041781966777228452 -0.043052517587041601 -0.14084705722493093 0.018372646481610643 -0.10818959045410158 0.053846090393407015 -0.04535566603883965 0.13648518843528554 0.0057144609628164249 -0.093756700750138311 0.15483402741643101 0.16878651392303015 0.14689631226162117 0.11293796092271804 0.064493626356124878 -0.074319761960882025 -0.036699543727768791 0.13273333010729402 0.068045589148998262 -0.0031212561743126977 -0.13949320434081941 0.0053444000768649857 -0.0665448300074786 -0.069386778006123181 -0.063366874217473224 0.068188940066455025 -0.08190637330214183 -0.010444644572479386 0.20886766016483307 -0.021816757438635384 0.0055519306714669897 -0.089548955659234999 0.026473005666680961 -0.050236480886285954 0.12355498890082042 0.071274348709619406 0.0062427494496303413 -0.10206310799935969
leaf_weight=986 38 55 34 1679 28 37 20 27 20 22 32 40 499 28 300 45 50 79 104 35 45 42 212 176 106 47 37 39 25 28 219 39 230 74 26 38 24 20 25 73 36 32 50 45 31 32 40 72 29 67 21 112 27 54 1036 76 23 22 30 33 408 41
leaf_count=986 38 55 34 1679 28 37 20 27 20 22 32 40 499 28 300 45 50 79 104 35 45 42 212 176 106 47 37 39 25 28 219 39 230 74 26 38 24 20 25 73 36 32 50 45 31 32 40 72 29 67 21 112 27 54 1036 76 23 22 30 33 408 41
internal_value=-6.73379e-11 0.00495517 0.0126309 0.0245232 -0.0342137 0.0264634 0.0579347 0.109732 0.0302292 0.0388432 0.056257 0.0201354 -0.0149952 -0.00948819 0.0119533 -0.0337881 0.0197368 -0.013435 -0.0106206 -0.053902 -0.00856505 -0.0100727 -0.000114902 -0.020381 -0.0101275 0.035928 -0.0250082 -0.000807402 -0.0325909 -0.048016 -0.0591572 0.0774289 -0.0128438 -0.0339555 0.0640498 0.102329 0.0640649 -0.0179798 0.00240348 -0.0389082 0.0128379 0.0536319 0.0241988 0.0325893 -0.0779319 -0.0444512 -0.00499062 0.00159256 0.00764426 0.0368403 0.0482813 -0.0123273 0.0600149 0.0280211 0.00060037 -0.0368435 -0.0625944 0.0945797 0.0500278 0.133191 -0.00500418 -0.034996
internal_weight=8000 6013 4028 1939 62 1877 198 69 129 42 109 77 1987 1488 502 73 429 129 1985 90 1895 1850 941 909 733 179 554 270 192 284 256 78 837 351 132 104 66 277 486 98 388 118 86 65 88 57 270 2089 1456 283 254 633 233 121 1173 137 99 112 52 60 561 153
internal_count=8000 6013 4028 1939 62 1877 198 69 129 42 109 77 1987 1488 502 73 429 129 1985 90 1895 1850 941 909 733 179 554 270 192 284 256 78 837 351 132 104 66 277 486 98 388 118 86 65 88 57 270 2089 1456 283 254 633 233 121 1173 137 99 112 52 60 561 153
is_linear=0
shrinkage=0.05


Tree=116
num_leaves=63
num_cat=0
split_feature=1 1 1 8 8 2 0 8 3 3 7 3 7 3 4 7 4 5 5 3 4 8 7 8 4 2 5 5 3 6 8 7 4 6 7 5 8 6 6 6 8 7 6 6 2 7 7 7 6 7 7 7 4 5 8 8 7 8 3 8 2 6
split_gain=226.812 475.509 140.333 83.5069 111.608 110.766 105.141 97.2664 96.8514 159.679 137.331 111.218 97.1874 93.5546 91.1587 174.608 115.999 128.434 279.204 237.21 158.066 143.523 101.666 156.814 87.7402 85.4362 83.7911 87.8859 78.067 82.3428 85.6397 108.431 170.34 77.0204 76.5504 73.8356 72.459 72.1115 73.46 71.434 70.782 78.9115 301.181 208.604 172.77 106.887 218.159 306.905 200.904 179.257 182.47 134.33 102.175 99.321 106.376 129.253 92.515 86.6079 93.0842 83.3357 79.596 103.457
threshold=2.5000000000000004 1.5000000000000002 1.0000000180025095e-35 0.79841744230046874 0.80499697494440292 1.5000000000000002 3.5000000000000004 0.15804025164997038 3178.2333333333368 3886.4416666666716 2.5000000000000004 2833.2333333333368 11.500000000000002 2591.6916666666689 32.852496219087925 9.5000000000000018 29.933332502579997 6.4764216364941944 8.8124913880959088 7518.9416666666575 24.389712228185214 0.41064590489498837 13.500000000000002 0.44691663713053958 28.393550200141025 1.0000000180025095e-35 16.361471810312668 10.910086275205577 9728.2833333333419 14.500000000000002 0.26567102184212715 10.500000000000002 22.673342382646037 82.500000000000014 10.500000000000002 33.546373147794924 0.50093160875621201 61.500000000000007 32.500000000000007 49.500000000000007 0.88658823471916637 17.500000000000004 23.500000000000004 67.500000000000014 1.5000000000000002 12.500000000000002 9.5000000000000018 10.500000000000002 77.500000000000014 7.5000000000000009 5.5000000000000009 14.500000000000002 26.684292683372032 6.3243629780832533 0.43499593996717401 0.60863487187883558 11.500000000000002 0.47156957415038325 7760.4333333333316 0.59318740218297827 2.5000000000000004 90.500000000000014
decision_type=2 2 2 2 2 2 2 2 2 2 2 2 2 2 2 2 2 2 2 2 2 2 2 2 2 2 2 2 2 2 2 2 2 2 2 2 2 2 2 2 2 2 2 2 2 2 2 2 2 2 2 2 2 2 2 2 2 2 2 2 2 2
left_child=1 2 -1 6 -5 26 8 -8 10 25 -3 12 -12 -9 16 -16 17 36 -19 20 21 -20 23 -21 -7 -10 27 -6 29 30 -11 32 -32 37 -28 40 -15 38 -27 -14 41 45 52 44 59 46 49 48 -48 50 60 -47 -43 -52 -55 -56 57 -49 -59 -44 61 -4
right_child=-2 3 35 4 5 24 7 13 9 28 11 -13 39 14 15 -17 -18 18 19 22 -22 -23 -24 -25 -26 33 34 -29 -30 -31 31 -33 -34 -35 -36 -37 -38 -39 -40 -41 -42 42 43 -45 -46 51 47 56 -50 -51 53 -53 -54 54 55 -57 -58 58 -60 -61 -62 -63
leaf_value=-0.014490436458180884 -0.014789115842411049 0.08801034954935312 0.013378870529927931 -0.10992759742181411 -0.02837387514965875 0.079274576365509455 -0.040053780133334493 0.1554523179928462 0.01929409804177426 0.050114203549714555 -0.067811463325423135 -0.14846533305943013 0.10216904573497319 -0.098080648854374897 0.037241395772434772 0.220225022665479 -0.075350789431249732 0.24429990008473396 0.038488358897822247 0.15411277187146968 0.077956035348676872 -0.12872145775366914 0.20188361867552712 -0.0049235646522814234 -0.017259407395290007 0.15136250933824943 -0.13895473931528007 0.090103089461184074 0.1046257750303657 0.02389921331978927 -0.0901396163014902 -0.097097742168799697 0.077010866211993365 0.01855667807161808 -0.012669378394881884 -0.051491770726339571 0.03489849390018554 0.21015546172857286 0.031706585071009138 -0.026755547794428743 0.077261442844482039 0.080242244169736909 -0.044206468264261889 0.069195948225079171 -0.11263671706741055 -0.047835927652921356 0.17529307635592634 0.038411049662451999 0.011476031759822812 -0.04348044553323864 -0.014235723621788481 0.0037383573089415827 0.23326247103512288 0.12431131498730284 -0.055690107845629638 0.080846313043282589 0.046987490437924863 -0.10450243457960778 0.022323362954446806 0.096654598840645381 -0.039548183292936301 -0.065809984264247445
leaf_weight=1994 1958 25 399 22 49 68 26 24 42 36 47 20 21 20 32 22 20 20 21 31 31 33 21 31 36 29 24 23 27 951 27 46 35 20 24 58 21 20 23 22 34 24 21 66 48 218 61 38 27 208 42 300 20 59 26 52 100 39 23 21 128 46
leaf_count=1994 1958 25 399 22 49 68 26 24 42 36 47 20 21 20 32 22 20 20 21 31 31 33 21 31 36 29 24 23 27 951 27 46 35 20 24 58 21 20 23 22 34 24 21 66 48 218 61 38 27 208 42 300 20 59 26 52 100 39 23 21 128 46
internal_value=-1.7015e-10 0.00479263 -0.00503731 0.0248082 -0.00246342 0.00809109 0.028655 0.0530251 0.0224704 0.0267959 -0.0177723 -0.0418138 -0.0181135 0.0604259 0.0528991 0.11179 0.0401275 0.0502129 0.0676995 0.0466756 -0.0120343 -0.0636954 0.1068 0.0745946 0.045859 0.0783833 -0.0246411 0.00947293 0.0206348 0.0185638 -0.016672 -0.0389341 0.00421953 0.105359 -0.0758121 0.00412185 -0.0299694 0.12947 0.0984378 0.0362076 0.00573465 0.00449766 0.0342642 0.00167808 -0.047835 0.00112659 0.00905151 0.0472185 0.125031 -0.0023986 0.00896446 -0.0179667 0.149797 0.0530309 0.0736528 0.0353342 0.0129811 -0.0210254 -0.0574542 0.0262241 -0.0048015 0.00519306
internal_weight=8000 6042 4052 1990 246 224 1744 353 1391 1256 135 110 90 327 303 54 249 229 188 168 85 54 83 62 104 134 120 72 1122 1095 144 108 62 92 48 2058 41 72 52 43 2000 1966 200 156 90 1766 1248 288 88 960 752 518 44 179 137 78 200 100 62 42 573 445
internal_count=8000 6042 4052 1990 246 224 1744 353 1391 1256 135 110 90 327 303 54 249 229 188 168 85 54 83 62 104 134 120 72 1122 1095 144 108 62 92 48 2058 41 72 52 43 2000 1966 200 156 90 1766 1248 288 88 960 752 518 44 179 137 78 200 100 62 42 573 445
is_linear=0
shrinkage=0.05


Tree=117
num_leaves=63
num_cat=0
split_feature=2 2 2 8 8 5 0 3 7 4 3 4 6 6 3 4 5 1 3 5 8 8 0 3 5 8 3 7 4 5 5 4 8 3 4 4 1 0 3 3 3 3 3 6 5 3 6 6 1 0 8 0 4 3 4 6 3 7 5 8 0 7
split_gain=215.082 254.816 191.627 79.1278 86.8495 84.9533 74.417 125.408 112.707 123.306 101.206 96.3333 93.4327 156.057 119.385 173.504 134.636 165.421 128.255 127.87 205.337 190.228 199.835 180.429 170.264 109.119 106.296 107.971 104.552 104.299 94.8139 106.823 361.696 103.121 110.399 231.919 92.8924 93.219 163.491 92.7899 89.4683 84.6061 84.5549 82.5417 104.598 79.6353 78.3406 151.468 76.1453 98.3552 75.7312 70.736 100.749 70.1218 194.968 166.384 106.818 166.91 123.19 97.7791 95.5065 122.291
threshold=1.0000000180025095e-35 2.5000000000000004 1.5000000000000002 0.12246903012186941 0.15160639861520495 16.77572645454455 1.0000000180025095e-35 4907.6833333333407 5.5000000000000009 11.261538740130307 2833.2333333333368 42.619171490009528 78.500000000000014 74.500000000000014 8915.4083333333638 25.144070675018177 22.748665159260955 1.0000000180025095e-35 7924.0416666666642 19.96641659880326 0.61923412664913602 0.73076627872411404 3.5000000000000004 3841.6666666666711 14.057718170146698 0.61648200052373259 7824.9999999999964 13.500000000000002 19.45262411894976 18.37362544236964 25.54281987860362 16.619358809137129 0.45313083051570463 4578.2083333333385 20.769437935978249 26.325567634300658 1.0000000180025095e-35 3.5000000000000004 6295.3583333333345 7101.8416666666626 6438.7416666666659 3511.4750000000026 4394.2000000000035 17.500000000000004 12.502347072591666 6488.3499999999985 20.500000000000004 46.500000000000007 2.5000000000000004 2.5000000000000004 0.34531657573079327 2.5000000000000004 24.197223922540477 2230.2000000000016 32.042060227433296 42.500000000000007 3511.4750000000026 16.500000000000004 25.54281987860362 0.80170959455314295 3.5000000000000004 8.5000000000000018
decision_type=2 2 2 2 2 2 2 2 2 2 2 2 2 2 2 2 2 2 2 2 2 2 2 2 2 2 2 2 2 2 2 2 2 2 2 2 2 2 2 2 2 2 2 2 2 2 2 2 2 2 2 2 2 2 2 2 2 2 2 2 2 2
left_child=-1 2 53 5 51 -4 7 41 9 -8 -11 12 13 14 16 28 19 -18 46 20 24 22 -22 -23 26 -21 27 42 -16 -17 31 32 -14 -33 -35 -36 -12 -38 -39 -29 -25 -6 -10 44 -9 -45 -19 -48 49 -37 -26 52 -5 54 55 -2 57 58 -55 -58 -61 -62
right_child=1 -3 3 4 6 -7 8 43 11 10 36 -13 30 -15 15 29 17 18 -20 25 21 23 -24 40 50 -27 -28 39 -30 -31 -32 33 -34 34 35 48 37 38 -40 -41 -42 -43 -44 45 -46 -47 47 -49 -50 -51 -52 -53 -54 56 -56 -57 59 -59 -60 60 61 -63
leaf_value=-0.014261794571207034 0.0085055345075269202 -0.0099494865294842069 -0.085430580815848187 0.042549517521491421 -0.004474341889490952 0.032177584911031384 0.10301258035244482 0.0081750978885049182 0.18268681451678279 -0.087268647912048525 -0.036628698277217091 0.11541226204288633 -0.17397302336990836 -0.082370294691645543 0.07594450949518769 -0.061013821427089478 -0.12667284874866408 -0.098664207562156353 0.12055500552058221 0.16774969401378786 0.069871656475372093 0.15951168260404044 0.25246267940687095 -0.075623788350615007 -0.0068447971278253724 0.017950535267591477 -0.036693503111600877 -0.039257299736505602 0.21784573507308963 0.093588211284950373 0.15649458862996352 0.14754348695278169 0.11676196122299071 0.15631493914872407 -0.078623417107497942 0.17873236536979675 0.0059284667960873613 0.19291566777974367 0.018544542582751049 0.089987985696643596 0.029988138165611491 0.093676449303273804 0.055083798043228487 -0.091696432368321867 -0.13869584750522065 0.0083597911692759857 0.10238541271537543 -0.075254271738231182 -3.20587307214737e-06 0.032440319992601878 -0.10480767490857459 0.012550679328186171 0.18312812018394473 -0.03439463237123682 -0.083496863217580888 0.17645999118685723 0.0080133437002439783 -0.14999705637218777 0.077716924070284299 -0.010508339955112455 -0.0082085534606290891 -0.16955049900958938
leaf_weight=1987 29 1985 34 26 37 28 31 22 20 31 93 38 20 32 27 24 30 23 20 31 43 21 23 29 34 20 50 41 25 20 24 34 23 20 34 27 222 20 41 21 65 54 37 22 27 207 24 24 20 20 47 28 25 158 21 30 1569 27 29 179 23 24
leaf_count=1987 29 1985 34 26 37 28 31 22 20 31 93 38 20 32 27 24 30 23 20 31 43 21 23 29 34 20 50 41 25 20 24 34 23 20 34 27 222 20 41 21 65 54 37 22 27 207 24 24 20 20 47 28 25 158 21 30 1569 27 29 179 23 24
internal_value=4.18297e-11 0.00471282 0.0119384 0.0232581 0.0250938 -0.0323172 0.0228394 0.00282167 0.0280084 0.00688665 -0.000434982 0.0373437 0.0342308 0.0256032 0.0305462 0.0823341 0.0223014 -0.024853 0.00871396 0.0341389 0.02528 0.0658398 0.133502 0.0270077 -0.0040853 0.109005 0.0244814 0.0501852 0.144166 0.00925983 0.0626398 0.0512634 -0.0184636 0.0706071 0.0489886 0.0277358 0.00672418 0.0209709 0.0757154 0.00451933 -0.00259426 0.053769 0.0998568 -0.0138553 -0.0727538 -0.0012526 -0.0227906 0.0135656 0.0817092 0.11648 -0.0636875 0.0764039 0.111461 0.00143154 0.0473378 0.0939061 -0.000396489 -0.0337873 -0.0170083 0.00358436 -0.0271637 -0.0905959
internal_weight=8000 6013 4028 1939 1877 62 1798 369 1429 438 407 991 953 731 699 96 603 121 91 482 431 181 66 115 250 51 169 119 52 44 222 198 43 155 121 101 376 283 61 62 94 91 57 278 49 229 71 48 67 47 81 79 51 2089 80 59 2009 214 187 1795 226 47
internal_count=8000 6013 4028 1939 1877 62 1798 369 1429 438 407 991 953 731 699 96 603 121 91 482 431 181 66 115 250 51 169 119 52 44 222 198 43 155 121 101 376 283 61 62 94 91 57 278 49 229 71 48 67 47 81 79 51 2089 80 59 2009 214 187 1795 226 47
is_linear=0
shrinkage=0.05


Tree=118
num_leaves=63
num_cat=0
split_feature=0 0 0 5 0 4 5 5 5 7 5 4 8 6 6 3 7 1 6 7 5 4 4 8 3 3 5 5 3 8 8 2 4 5 5 3 4 4 5 1 3 7 6 7 7 7 4 4 8 8 6 6 4 6 1 4 8 6 7 7 7 7
split_gain=207.279 197.556 415.465 189.502 143.924 84.8508 81.8033 116.587 147.875 247.124 115.89 160.845 152.358 115.497 149.162 130.158 127.873 102.963 218.822 184.243 121.541 120.581 104.165 102.526 100.611 118.004 103.327 127.63 127.063 164.736 130.278 102.523 107.668 90.4772 111.28 130.467 125.053 140.549 116.266 113.048 88.0804 87.6795 100.981 80.7593 322.531 138.579 132.334 128.818 211.559 153.479 124.906 131.737 168.793 217.94 177.163 136.679 128.358 125.687 167.104 242.241 519.886 250.564
threshold=1.0000000180025095e-35 2.5000000000000004 3.5000000000000004 -5.3691017863632746 1.5000000000000002 42.001725629616367 15.316724472586445 17.60408639267602 16.77572645454455 8.5000000000000018 13.05931341828944 33.925797768160891 0.37725880972585107 62.500000000000007 46.500000000000007 8406.8583333333463 12.500000000000002 1.0000000180025095e-35 83.500000000000014 17.500000000000004 12.324367798902202 34.696464491046385 27.213048204894772 0.63773040566032202 7990.7333333333236 8301.1499999999978 5.470268437254771 7.1673416847139704 7553.2999999999984 0.38395314025173866 0.64286526278807299 2.5000000000000004 15.843761188351928 19.96641659880326 21.327804638931017 6690.5083333333296 13.887270882230251 35.244118454726113 30.89605516607471 1.0000000180025095e-35 7888.1166666666641 2.5000000000000004 72.500000000000014 14.500000000000002 13.500000000000002 18.500000000000004 37.172811072127651 38.928688065408764 0.48118281824620129 0.65781911223710365 59.500000000000007 78.500000000000014 23.931914805466246 66.500000000000014 1.5000000000000002 19.679457118973669 0.15508498599878684 11.500000000000002 5.5000000000000009 10.500000000000002 9.5000000000000018 8.5000000000000018
decision_type=2 2 2 2 2 2 2 2 2 2 2 2 2 2 2 2 2 2 2 2 2 2 2 2 2 2 2 2 2 2 2 2 2 2 2 2 2 2 2 2 2 2 2 2 2 2 2 2 2 2 2 2 2 2 2 2 2 2 2 2 2 2
left_child=5 4 -3 -4 -2 -1 10 8 9 -8 17 12 -12 14 33 41 -16 18 21 20 24 -6 -21 -10 26 -26 28 -28 29 -19 -31 32 -29 -9 35 -35 -36 38 39 -38 -41 -15 -43 44 47 46 -45 50 -49 -50 56 52 55 -54 -55 -52 -5 -58 -59 60 61 -60
right_child=1 2 3 43 6 -7 7 13 23 -11 11 -13 -14 15 16 -17 -18 19 -20 22 -22 -23 -24 -25 25 -27 27 31 -30 30 -32 -33 -34 34 36 -37 37 -39 -40 40 -42 42 -44 45 -46 -47 -48 48 49 -51 51 -53 53 54 -56 -57 57 58 59 -61 -62 -63
leaf_value=-0.018303748986245809 0.0024562583732285251 -0.023033709143636571 -0.12617373056709766 -0.061847375920324611 0.038374988508959568 0.04000424930109428 0.12256708247096915 -0.028120157283006444 0.20761081085636698 -0.06298352536909721 0.07521097453874212 -0.12813077929519839 -0.04149042403325439 0.12946652904862452 -4.7001661128037942e-05 0.12356316276860457 -0.1121382696259963 0.048711559794058924 -0.12746741284023633 0.062779530163468988 0.12032322376966476 -0.081148731078092881 0.20899977982044221 0.060456983372569086 -0.096529159518993574 0.0085012448593400989 0.13850141544091074 0.15311635424196723 0.10362578772685745 -0.17373038157820703 -0.014977300137148373 -0.028938340603612191 0.03127576337393486 0.032774051340917751 0.1333186138421297 0.20134464780038056 0.05492874309420586 0.10710961693717587 0.077592275856897763 -0.10998608168700469 -0.0029358986878033843 0.088668073217074081 -0.0056749417213723067 0.038967583708747526 -0.10493206828832627 -0.030593713946067372 0.14952136784791947 0.047835335839125852 -0.20212136023522667 -0.025103449784219269 -0.04108671776205302 0.021896443795041735 0.0064172839124997452 -0.26985872596502308 -0.073518648005470075 0.084714710045801972 -0.0097878479809535429 0.016017277995307073 0.10425310464353738 0.015343408671637568 0.2871571002637639 -0.058925247341394427
leaf_weight=1556 1652 1573 24 33 112 65 38 54 29 34 43 31 80 21 77 54 38 38 33 29 30 26 21 20 36 104 38 25 22 24 28 43 66 24 24 22 26 31 29 46 33 39 104 277 59 65 30 36 24 25 50 251 36 20 27 38 106 204 109 104 34 30
leaf_count=1556 1652 1573 24 33 112 65 38 54 29 34 43 31 80 21 77 54 38 38 33 29 30 26 21 20 36 104 38 25 22 24 28 43 66 24 24 22 26 31 29 46 33 39 104 277 59 65 30 36 24 25 50 251 36 20 27 38 106 204 109 104 34 30
internal_value=-9.30977e-11 0.00405712 -0.0048377 0.0132548 0.0127616 -0.0159657 0.0235913 0.0356392 0.0805451 0.034946 0.0127932 -0.0263456 -0.000692374 0.0269035 0.0110765 0.0562343 -0.0370859 0.0217227 -0.0118029 0.0330974 0.023065 0.015856 0.124192 0.147548 0.0161835 -0.0185066 0.0332843 0.057621 -0.00409006 -0.0304206 -0.088248 0.0346848 0.0647485 0.0302415 0.0436523 0.113395 0.0266779 0.0111665 -0.0110293 -0.0355057 -0.0652689 0.034065 0.020055 0.0154026 0.00902714 0.0357287 0.0497709 0.0149931 -0.0441933 -0.111806 0.0198211 -0.00116191 -0.0350078 -0.0861585 -0.157068 0.0132366 0.0341031 0.0394973 0.0503584 0.0756494 0.111903 0.0690348
internal_weight=8000 6379 3155 1582 3224 1621 1572 743 121 72 829 154 123 622 404 218 115 675 171 504 454 138 50 49 424 140 284 172 112 90 52 134 91 289 235 46 189 165 134 105 79 164 143 1558 1186 372 307 1127 85 49 1042 422 171 83 47 88 620 587 481 277 173 139
internal_count=8000 6379 3155 1582 3224 1621 1572 743 121 72 829 154 123 622 404 218 115 675 171 504 454 138 50 49 424 140 284 172 112 90 52 134 91 289 235 46 189 165 134 105 79 164 143 1558 1186 372 307 1127 85 49 1042 422 171 83 47 88 620 587 481 277 173 139
is_linear=0
shrinkage=0.05


Tree=119
num_leaves=63
num_cat=0
split_feature=1 1 1 7 7 5 7 7 7 7 7 6 7 7 7 6 4 6 3 4 8 3 6 7 4 5 6 4 3 0 7 5 3 5 5 4 4 3 4 8 2 5 8 8 6 3 6 5 7 6 6 8 7 7 7 6 7 7 7 5 7 8
split_gain=205.963 421.523 122.729 72.5191 424.433 207.154 162.005 162.594 395.495 622.729 179.785 171.591 168.03 140.049 203.838 132.775 120.306 120.034 112.694 111.136 103.406 95.3106 89.4831 88.269 99.5508 86.7479 85.1951 92.8083 79.5045 112.079 95.3972 89.9617 104.706 91.7201 87.9142 81.4911 114.908 123.029 96.0045 79.1359 78.2145 74.6182 74.1184 108.581 74.0583 123.265 83.3441 71.7027 106.903 259.554 164.921 112.742 102.903 164.709 253.486 181.101 155.292 144.728 107.683 105.661 104.376 129.093
threshold=2.5000000000000004 1.5000000000000002 1.0000000180025095e-35 2.5000000000000004 1.5000000000000002 25.747754652903897 4.5000000000000009 7.5000000000000009 9.5000000000000018 10.500000000000002 14.500000000000002 68.500000000000014 6.5000000000000009 12.500000000000002 11.500000000000002 36.500000000000007 38.012559216175141 84.500000000000014 7230.5583333333279 21.516668058063811 0.35062282604087341 8939.183333333347 31.500000000000004 8.5000000000000018 18.677522801173911 7.5214993127114562 60.500000000000007 28.90192627793159 7473.2833333333301 3.5000000000000004 18.500000000000004 3.8719519695736229 6558.7499999999991 8.8938115426901199 11.935897574629395 25.855941008869628 23.426461162021443 9149.5916666666835 29.59513223175156 0.40807316457506998 2.5000000000000004 14.606858809432481 0.32894660580983381 0.51169483554895001 51.500000000000007 7760.4333333333316 26.500000000000004 28.075025625480901 17.500000000000004 23.500000000000004 63.500000000000007 0.32894660580983381 12.500000000000002 9.5000000000000018 10.500000000000002 77.500000000000014 7.5000000000000009 5.5000000000000009 11.500000000000002 6.3243629780832533 15.500000000000002 0.15160639861520495
decision_type=2 2 2 2 2 2 2 2 2 2 2 2 2 2 2 2 2 2 2 2 2 2 2 2 2 2 2 2 2 2 2 2 2 2 2 2 2 2 2 2 2 2 2 2 2 2 2 2 2 2 2 2 2 2 2 2 2 2 2 2 2 2
left_child=1 2 -1 4 22 15 40 12 23 11 13 42 20 14 26 -6 28 19 -18 -15 -8 -14 25 24 -9 -3 27 -11 30 35 31 -12 33 -33 -32 36 37 39 -37 -30 -5 -41 -10 -44 45 46 -22 48 52 -50 51 -51 53 56 55 -55 57 -4 -56 -59 61 -54
right_child=-2 3 47 6 5 -7 7 8 9 10 16 -13 21 17 -16 -17 18 -19 -20 -21 44 -23 -24 -25 -26 -27 -28 -29 29 -31 34 32 -34 -35 -36 38 -38 -39 -40 41 -42 -43 43 -45 -46 -47 -48 -49 49 50 -52 -53 60 54 58 -57 -58 59 -60 -61 -62 -63
leaf_value=-0.013528416565642297 -0.014093001089699162 0.13824532940983772 -0.0014424821727344135 -0.0041024152214262392 -0.0020844033470860234 0.2687707055360079 -0.020149036096126744 -0.10057958477735521 0.19210180699825288 -0.019579297646477419 -0.067320146262645722 0.26388133978843692 0.086070507486569303 0.031463142311466595 0.073591017878645068 0.12897063386900462 0.18653065711259842 -0.14308818110823632 0.043201819085516041 -0.056051972159410574 0.034603817219083961 0.20795370358973742 -0.018054056236357897 -0.082740461087027165 0.015654948283751895 0.016034995026464733 0.032385132958491644 -0.14926057762720368 0.083315867632627494 0.13209162604282884 0.010528063382953406 0.1535262895481927 -0.030053961600946345 0.038778298066965505 -0.13772361502051353 -0.087355223059654249 0.16542538340602603 0.13247911582390468 0.033917475856365044 0.033664391260771524 -0.074868393765279539 -0.094182977139949803 -0.011744706630706788 0.13969215778955099 0.095656849987923162 0.10597401277090496 -0.10642430487088859 -0.025730810312414046 0.1504423138014106 -0.1384281759460767 0.066812951322914899 -0.0025798358023166657 0.08887392647913657 0.16618837224769181 -0.024420143035000442 0.0094253332526595505 -0.03906733061357115 -0.015606214647943324 0.049892370000823721 0.074211266974452891 0.013345258122169842 -0.042449049521305626
leaf_weight=1994 1958 20 539 141 27 20 66 25 20 37 25 25 81 56 91 68 24 25 32 103 22 20 149 97 70 53 33 22 20 34 20 21 46 102 20 25 21 24 47 21 54 25 20 29 63 26 20 186 43 21 69 56 20 58 97 27 195 44 98 128 186 291
leaf_count=1994 1958 20 539 141 27 20 66 25 20 37 25 25 81 56 91 68 24 25 32 103 22 20 149 97 70 53 33 22 20 34 20 21 46 102 20 25 21 24 47 21 54 25 20 29 63 26 20 186 43 21 69 56 20 58 97 27 195 44 98 128 186 291
internal_value=-6.97692e-12 0.00456705 -0.00468807 0.0234121 0.0445515 0.122514 0.0191024 0.0248269 0.016364 0.0293664 0.0162144 0.151652 0.05777 -0.0104395 0.0205318 0.0917234 0.0355083 -0.0412425 0.104628 -0.025229 0.0308866 0.110206 0.00416535 -0.0491899 -0.0149331 0.0495173 -0.0319506 -0.067935 0.0269258 0.0487257 0.00670958 0.0212059 0.0343015 0.0583694 -0.0635978 0.033237 0.0601093 0.0355355 -0.0081911 0.00028326 -0.0236991 -0.0358179 0.110989 0.0778812 0.0565993 0.0204136 -0.0325524 0.00387735 0.00681919 0.0424743 0.0106756 -0.0396294 0.00281514 0.0108186 0.0443361 0.116393 0.000459979 0.0113008 0.0129267 0.0512347 -0.0162837 -0.0340038
internal_weight=8000 6042 4052 1990 337 115 1653 1458 1160 968 874 94 298 367 183 95 507 184 56 159 197 101 222 192 95 73 92 59 451 217 234 194 169 123 40 183 111 90 72 66 195 46 69 49 131 68 42 2058 1872 189 146 77 1683 1186 280 85 906 711 195 172 497 311
internal_count=8000 6042 4052 1990 337 115 1653 1458 1160 968 874 94 298 367 183 95 507 184 56 159 197 101 222 192 95 73 92 59 451 217 234 194 169 123 40 183 111 90 72 66 195 46 69 49 131 68 42 2058 1872 189 146 77 1683 1186 280 85 906 711 195 172 497 311
is_linear=0
shrinkage=0.05


Tree=120
num_leaves=63
num_cat=0
split_feature=7 7 7 7 7 7 7 7 0 7 7 7 7 7 2 0 4 4 4 8 7 7 4 6 6 6 4 3 3 0 3 3 6 2 8 8 3 5 4 4 8 8 5 4 5 4 0 8 1 4 3 3 5 8 8 4 8 6 6 2 3 3
split_gain=195.234 562.367 300.848 385.315 623.797 1663.67 445.864 294.002 216.538 165.416 317.309 145.998 293.026 133.268 124.678 146.123 116.223 129.92 98.7113 97.3977 94.6493 94.3151 88.6177 85.0198 84.0124 81.4456 80.3724 77.6781 90.2414 88.5892 110.071 82.1768 75.6322 75.1189 73.8106 114.482 73.1836 73.1389 126.279 91.5201 97.5115 118.775 73.8179 72.5296 71.6415 71.4708 125.641 71.3619 72.4545 70.9028 84.7067 70.6377 97.079 69.9702 78.2206 69.616 126.575 74.9555 93.7506 71.1147 69.322 68.964
threshold=1.5000000000000002 2.5000000000000004 5.5000000000000009 7.5000000000000009 9.5000000000000018 10.500000000000002 14.500000000000002 13.500000000000002 3.5000000000000004 11.500000000000002 12.500000000000002 18.500000000000004 17.500000000000004 6.5000000000000009 1.5000000000000002 3.5000000000000004 21.775241016660761 31.903448193253094 38.667646585842192 0.16394098306000052 8.5000000000000018 1.0000000180025095e-35 14.080361665778629 88.500000000000014 48.500000000000007 8.5000000000000018 39.444610940668646 9323.7083333333394 8577.3416666666835 3.5000000000000004 3932.8083333333375 8939.183333333347 35.500000000000007 1.0000000180025095e-35 0.35359035002725631 0.4441708831187669 9193.4500000000207 8.0836442854634516 18.223994173636104 37.388676400934749 0.80499697494440292 0.61648200052373259 14.318913464289169 6.1200192445087636 2.6743256433273834 20.961592593712314 3.5000000000000004 0.62556849581191665 2.5000000000000004 23.426461162021443 7553.2999999999984 6690.5083333333296 21.207376750743933 0.29957017534878227 0.43817431902028797 36.512538364667634 0.61395179269470079 88.500000000000014 58.500000000000007 2.5000000000000004 2684.2666666666696 8236.1750000000047
decision_type=2 2 2 2 2 2 2 2 2 2 2 2 2 2 2 2 2 2 2 2 2 2 2 2 2 2 2 2 2 2 2 2 2 2 2 2 2 2 2 2 2 2 2 2 2 2 2 2 2 2 2 2 2 2 2 2 2 2 2 2 2 2
left_child=21 14 43 13 20 8 7 9 -6 37 55 12 -8 25 -2 23 -10 -18 19 -14 60 45 -13 47 53 -4 -12 28 29 33 -31 -30 34 -15 -9 -36 -23 38 -7 40 41 -39 -43 -3 -40 46 -1 48 -16 50 -47 52 -35 -22 -55 57 -57 58 -11 -60 -5 -45
right_child=1 2 3 4 5 6 11 32 16 10 26 22 18 27 15 -17 17 -19 -20 -21 24 36 -24 -25 -26 -27 -28 -29 31 30 -32 -33 -34 51 35 -37 -38 39 44 -41 -42 42 -44 61 -46 49 -48 -49 -50 -51 -52 -53 -54 54 -56 56 -58 -59 59 -61 -62 -63
leaf_value=-0.0012262426583987216 0.032980085069247982 0.052101303252481648 -0.063830071638027827 -0.10602711544682582 0.086659743392998687 0.098073961515910926 0.0060478281631205864 0.020924224886436797 0.093111618757247938 0.033917141541029178 -0.023328800178242952 0.044653982387961089 0.14773230643376062 -0.0052863757786425682 0.13106171577958994 0.17693839422427118 0.30258333499615014 0.14125841244434317 0.14358626974040065 0.041639667264810137 -0.035006846451470931 -0.033804290599636834 -0.024828893216534476 -0.028632429852150382 -0.034463118921321159 0.022184966297473414 -0.10832923571268718 0.1315719678415917 -0.079014098768432947 0.028007334232330323 0.16051775225926013 0.051829990123709049 -0.080198099819295432 0.057668306471281489 -0.16437487429007891 -0.030287275514684811 -0.11145422643784322 -0.051444727406132873 -0.084397924026927432 0.022389085288788822 0.021309845852515392 -0.20669914182614196 -0.091044111298145478 -0.032346635995145853 0.0062660433351993568 -0.0083108978322707118 0.11523161764931063 0.030970035748475275 0.02332113147713244 -0.010534151976013132 -0.15209015025978997 0.030762465747073295 0.16372123252480264 -0.17036059712370238 -0.080386117680539049 0.016576215654611589 0.18533449634909629 0.080433394048222404 -0.053529978408054874 0.048566017167278284 -0.018232710186256034 -0.0043162991289884224
leaf_weight=115 203 31 30 24 317 24 1226 43 25 214 381 53 23 55 71 38 26 24 29 364 62 377 342 20 193 333 30 32 24 25 42 24 230 71 20 78 33 164 37 37 31 22 37 883 53 20 29 46 20 228 21 100 31 30 124 25 20 53 66 23 356 292
leaf_count=115 203 31 30 24 317 24 1226 43 25 214 381 53 23 55 71 38 26 24 29 364 62 377 342 20 193 333 30 32 24 25 42 24 230 71 20 78 33 164 37 37 31 22 37 883 53 20 29 46 20 228 21 100 31 30 124 25 20 53 66 23 356 292
internal_value=3.1866e-11 0.00264503 -0.000746273 0.00415365 -0.00109852 0.00688486 -0.0036965 -0.0235569 0.104735 -0.0116784 0.00134018 0.0117862 0.0183516 0.0370636 0.060408 0.0889612 0.181135 0.225147 0.0546122 0.0479449 -0.041744 -0.0230661 -0.0155059 0.0676674 -0.0584364 0.0150763 -0.0295332 0.0568196 0.0503893 0.059868 0.111074 -0.0135921 -0.0625222 0.0465187 -0.0336891 -0.0576521 -0.0400542 -0.0377797 -0.003832 -0.0510789 -0.0617809 -0.0733316 -0.13417 -0.0233891 -0.0310069 -0.00620145 0.0222271 0.0817257 0.107382 -0.0214197 -0.0819539 0.060624 0.0899001 -0.079857 -0.0979136 0.0329835 0.0915799 0.0255766 0.0159812 -0.0271456 -0.0237776 -0.0253808
internal_weight=8000 7177 6779 5573 4806 4017 3625 1588 392 1217 812 2037 1642 767 398 195 75 50 416 387 789 823 395 157 409 363 411 404 372 324 67 48 371 257 141 98 410 405 114 291 254 223 59 1206 90 413 144 137 91 269 41 202 102 216 154 401 45 356 303 89 380 1175
internal_count=8000 7177 6779 5573 4806 4017 3625 1588 392 1217 812 2037 1642 767 398 195 75 50 416 387 789 823 395 157 409 363 411 404 372 324 67 48 371 257 141 98 410 405 114 291 254 223 59 1206 90 413 144 137 91 269 41 202 102 216 154 401 45 356 303 89 380 1175
is_linear=0
shrinkage=0.05


Tree=121
num_leaves=63
num_cat=0
split_feature=2 2 2 8 8 7 8 5 6 6 3 3 4 6 3 7 3 5 8 8 3 8 7 4 3 1 5 4 6 1 3 5 5 1 8 6 3 5 6 5 7 4 0 8 5 8 8 5 7 5 8 5 4 1 8 5 5 5 5 7 5 5
split_gain=191.133 221.723 168.329 71.8654 78.3545 77.6833 70.8158 64.8418 90.332 140.486 134.06 85.5825 113.614 105.517 82.4715 154.917 117.903 147.041 131.531 184.728 147.311 166.367 171.217 115.176 110.808 103.16 100.261 118.29 109.754 100.424 101.499 100.109 94.5885 85.086 89.9964 110.652 93.0095 120.768 100.299 92.2108 78.3347 116.358 93.8993 89.0049 123.377 75.4485 73.9102 69.2196 68.8505 68.1177 67.7734 66.3461 64.8779 62.8924 109.541 123.062 117.734 106.838 88.8967 88.7731 180.864 197.391
threshold=1.0000000180025095e-35 2.5000000000000004 1.5000000000000002 0.12246903012186941 0.15160639861520495 7.5000000000000009 0.88658823471916637 1.4014061613018491 75.500000000000014 31.500000000000004 6535.1916666666657 2230.2000000000016 26.86071981977447 45.500000000000007 3511.4750000000026 16.500000000000004 6535.1916666666657 30.89605516607471 0.30336687005417695 0.17557990916412211 7230.5583333333279 0.46095783411512625 16.500000000000004 22.761446887576017 6882.2416666666604 1.5000000000000002 17.805922612763066 23.426461162021443 65.500000000000014 2.5000000000000004 4673.2666666666746 25.54281987860362 22.894654473626193 2.5000000000000004 0.32894660580983381 90.500000000000014 7455.9416666666648 24.219566657897985 51.500000000000007 21.824858616025338 7.5000000000000009 14.994503507318401 1.5000000000000002 0.212321539700465 15.398699506417588 0.24174019396162019 0.34196513307723958 4.0255988732026777 9.5000000000000018 30.21595292710472 0.26567102184212715 16.126280555163465 20.846679056640635 1.0000000180025095e-35 0.85489688404067843 12.502347072591666 6.7572685741530156 3.7227379731940711 -1.9884753638504689 17.500000000000004 24.629267868090452 17.684962880776791
decision_type=2 2 2 2 2 2 2 2 2 2 2 2 2 2 2 2 2 2 2 2 2 2 2 2 2 2 2 2 2 2 2 2 2 2 2 2 2 2 2 2 2 2 2 2 2 2 2 2 2 2 2 2 2 2 2 2 2 2 2 2 2 2
left_child=-1 2 7 5 -5 -4 53 8 9 10 -2 12 13 -9 15 31 17 26 19 32 21 23 24 -20 25 -23 29 46 -29 -16 -31 45 51 34 -22 36 -36 39 49 47 42 -42 -21 -43 -45 -13 -28 -38 -48 -39 -46 -18 -35 54 55 56 57 58 -6 -55 61 -61
right_child=1 -3 3 4 6 -7 -8 11 -10 -11 -12 14 -14 -15 16 -17 18 -19 20 40 33 22 -24 -25 -26 -27 27 28 -30 30 -32 -33 -34 52 35 -37 37 38 -40 -41 41 43 -44 44 50 -47 48 -49 -50 -51 -52 -53 -54 59 -56 -57 -58 -59 -60 60 -62 -63
leaf_value=-0.013444345960413526 -0.075597236678004276 -0.0092343987912052224 0.041708161260770718 0.072277653528542471 -0.029725347601232077 -0.074151853605722781 0.10857184989296871 0.03262702046680109 0.041976981457661502 -0.095749164249614951 0.10140358957907428 -0.099763672451178231 -0.019939668762187165 0.18422476342794569 0.056767876171947118 -0.14530812937021256 -0.029827436834573746 0.15025906889982846 -0.2221768406175432 0.037117746653589044 -0.085069961616626166 -0.057675708431218359 0.10206106591292403 -0.061836893204599619 -0.099253754903163238 0.091004041582345971 -0.12482166490517557 0.071487050047809517 -0.06254917730887731 -0.091300499324615189 0.03834549937811163 0.0726007677389887 0.051939219474792478 0.0069223595783114433 0.094167940235800218 -0.06427262518959849 0.095389763667033278 -0.13700834142750706 0.01870667196628524 0.11601006138324738 0.12663583126664163 0.078702713621239512 0.14976364672183992 0.046472440869547431 -0.14628385171294211 -0.010480454079333868 -0.078307513956879751 0.010745203878511401 0.026563480711432504 -0.023132052272558212 -0.019109999998049302 -0.13573141912264483 -0.060667939767116666 0.021103105122741876 -0.10283726852225222 -0.013410769233163051 0.085669190317024427 -0.076428249709565077 0.10981897014379501 0.052484501073116897 -0.068913699892370714 0.20605274957639202
leaf_weight=1987 20 1985 23 79 21 39 23 24 33 70 23 30 30 22 201 25 50 23 21 37 26 28 22 24 56 20 24 56 21 26 36 29 25 56 36 46 26 29 41 25 25 31 37 36 20 112 29 340 34 24 22 21 97 1219 23 235 81 29 25 93 22 27
leaf_count=1987 20 1985 23 79 21 39 23 24 33 70 23 30 30 22 201 25 50 23 21 37 26 28 22 24 56 20 24 56 21 26 36 29 25 56 36 46 26 29 41 25 25 31 37 36 20 112 29 340 34 24 22 21 97 1219 23 235 81 29 25 93 22 27
internal_value=-9.83637e-12 0.00444269 0.0111828 0.021792 0.0235415 -0.0311715 0.0214001 0.0013353 -0.0308004 -0.052054 0.0190776 0.00375003 0.0557606 0.10513 0.00163283 -0.029051 0.0052319 0.0271093 -0.00283103 0.0256709 -0.0122799 -0.0541375 -0.0246643 -0.136662 -0.0514716 0.00427419 0.020476 -0.0102057 0.0349317 0.0396082 -0.0160222 -0.0120544 -0.0317005 -0.00268517 0.00589208 0.0100632 0.0166264 0.0108708 -0.0400153 0.0231042 0.05215 0.0293477 0.0934407 0.0070339 -0.0214499 -0.0293431 -0.0501549 0.0167582 -0.0217105 -0.0854417 -0.079669 -0.0611511 -0.035929 0.0202706 0.00320589 0.00944372 0.043872 -0.00126903 0.046114 0.0254615 0.0628759 0.0870374
internal_weight=8000 6013 4028 1939 1877 62 1798 2089 146 113 43 1943 76 46 1867 196 1671 450 1221 304 917 171 126 45 104 48 427 164 77 263 62 171 96 746 593 567 521 485 94 391 208 134 74 109 78 142 87 366 63 53 42 71 153 1775 414 391 156 75 46 1361 142 120
internal_count=8000 6013 4028 1939 1877 62 1798 2089 146 113 43 1943 76 46 1867 196 1671 450 1221 304 917 171 126 45 104 48 427 164 77 263 62 171 96 746 593 567 521 485 94 391 208 134 74 109 78 142 87 366 63 53 42 71 153 1775 414 391 156 75 46 1361 142 120
is_linear=0
shrinkage=0.05


Tree=122
num_leaves=63
num_cat=0
split_feature=0 0 0 5 0 4 6 5 5 4 8 5 6 6 3 5 7 4 4 5 5 3 1 3 4 3 8 8 7 7 4 5 5 3 5 4 2 3 8 6 4 6 8 7 6 5 4 5 5 8 8 8 8 2 2 8 8 3 4 5 5 3
split_gain=183.886 184.633 356.501 163.549 126.707 78.2759 88.9214 77.8561 122.679 131.313 108.891 94.7809 119.864 143.918 116.124 112.347 220.547 91.2135 95.9878 89.0038 151.221 129.556 137.512 120.536 103.145 106.615 152.297 96.034 86.1687 82.6403 81.2445 79.8645 118.956 163.992 99.4619 114.554 85.6921 77.1583 76.7109 117.681 98.5435 106.321 92.3104 76.5841 87.7346 75.6273 177.118 83.8459 133.198 197.176 222.94 177.992 168.456 126.672 103.273 180.202 144.725 175.167 246.643 195.996 161.71 210.344
threshold=1.0000000180025095e-35 2.5000000000000004 3.5000000000000004 -5.3691017863632746 1.5000000000000002 6.1200192445087636 59.500000000000007 15.316724472586445 13.05931341828944 33.925797768160891 0.37725880972585107 17.60408639267602 62.500000000000007 50.500000000000007 8406.8583333333463 16.77572645454455 8.5000000000000018 20.041867787031538 32.732264407895563 6.3243629780832533 6.8915519799663656 8891.116666666685 1.0000000180025095e-35 6248.0250000000042 11.997549736624366 6580.7666666666619 0.74003161924262739 0.55742140572084298 16.500000000000004 10.500000000000002 27.213048204894772 19.96641659880326 21.327804638931017 6690.5083333333296 30.51152224850803 34.696464491046385 1.5000000000000002 3434.3083333333352 0.22329579719711476 9.5000000000000018 36.697082371066678 23.500000000000004 0.28990431365313635 2.5000000000000004 72.500000000000014 34.293835620481936 23.725260575138282 8.5608429970556674 5.9605579524507348 0.73333085115639951 0.70074122418097462 0.6401454444566419 0.51797154893339814 1.5000000000000002 1.0000000180025095e-35 0.13181950339944851 0.41064590489498837 2833.2333333333368 14.67491530027816 26.112510845582943 9.7081295696342114 8066.2416666666631
decision_type=2 2 2 2 2 2 2 2 2 2 2 2 2 2 2 2 2 2 2 2 2 2 2 2 2 2 2 2 2 2 2 2 2 2 2 2 2 2 2 2 2 2 2 2 2 2 2 2 2 2 2 2 2 2 2 2 2 2 2 2 2 2
left_child=-1 4 -3 -4 38 6 -6 8 19 10 -10 15 13 31 43 16 -9 -15 -19 24 -21 22 23 -22 -7 29 27 -27 37 -26 -25 -13 33 -33 35 36 -34 -24 -2 -40 42 -42 -41 -14 -45 47 -47 48 49 50 51 52 -5 -54 -49 -56 57 -57 -59 -60 -58 -62
right_child=1 2 3 45 5 7 -8 11 9 -11 -12 12 14 17 -16 -17 -18 18 -20 20 21 -23 28 30 25 26 -28 -29 -30 -31 -32 32 34 -35 -36 -37 -38 -39 39 40 41 -43 -44 44 -46 46 -48 54 -50 -51 -52 -53 53 -55 55 56 60 58 59 -61 61 -63
leaf_value=-0.015037803841092785 -0.024155991214420247 -0.02163304150175497 -0.1175477683544159 0.0035990082212095341 0.15620492320993673 0.10544044723113377 0.018625778720403711 0.11533946421389517 0.060068775480613117 -0.1226833069997449 -0.041181575228707704 -0.030184734624556522 0.12230241071610225 0.042613933483759567 0.11964256356541927 0.13224970878606354 -0.061346167506593656 -0.12152142236659001 0.003296118757377068 0.14129161923643083 0.070711933205957006 -0.055151689225851112 -0.028169936710788358 -0.1306457281112671 -0.012569684583436828 0.0095306585432701207 -0.075996946027452078 0.099185758422721523 0.12934896604291032 -0.10531193265100805 0.001099425486542962 0.018324527201744226 -0.057077549749778383 0.19957301511118811 0.079980972304940223 0.09153633448812698 0.02863980396365633 0.058383496408015691 -0.040252349888213163 0.049484175117896156 -0.056633740876402175 0.064127641354781995 0.0014933623097615444 0.087931395258222314 -0.0039293871952755617 -0.031563099154404237 0.16367004255835826 -0.02061875389278706 0.074282062932523707 -0.070556498331981785 0.18886734591353507 -0.12390719443559646 0.026977989077568057 0.19512990166743596 -0.11550475195623362 0.18566884976767362 -0.11913914118821806 -0.07878934971988201 0.073644584543400934 -0.065534788883965592 0.029910712901265981 -0.042180610982818417
leaf_weight=1621 231 1573 24 123 23 21 24 38 40 31 79 55 21 21 52 48 33 43 24 31 23 43 31 25 58 93 37 44 35 41 22 26 72 24 50 27 49 152 121 111 21 138 1030 35 101 21 26 290 126 57 21 20 21 24 26 21 26 40 198 29 346 143
leaf_count=1621 231 1573 24 123 23 21 24 38 40 31 79 55 21 21 52 48 33 43 24 31 23 43 31 25 58 93 37 44 35 41 22 26 72 24 50 27 49 152 121 111 21 138 1030 35 101 21 26 290 126 57 21 20 21 24 26 21 26 40 198 29 346 143
internal_value=-4.06528e-11 0.00382133 -0.00477763 0.0119819 0.0122363 0.0223976 0.0859517 0.0204389 0.00976855 -0.0310252 -0.00714784 0.0324004 0.0243157 0.00797674 0.0548827 0.0731635 0.033218 -0.0483116 -0.0768107 0.0190964 0.0356938 0.025804 0.0378912 -0.0230797 -0.00133995 -0.00955382 0.0140152 0.038325 0.057469 -0.0509781 -0.0689778 0.0243245 0.0364133 0.105324 0.0190116 -0.00158616 -0.0223656 0.0437214 0.00256698 0.0069111 0.0113009 0.048178 0.00616206 0.0334336 0.0197113 0.0139772 0.0764382 0.0120344 0.0319342 0.0118747 0.034356 0.0170968 0.0338829 0.116659 0.00506317 0.0140472 0.0182419 0.0466271 0.0356912 0.055864 0.00236827 0.00882879
internal_weight=8000 6379 3155 1582 3224 1572 47 1525 806 150 119 719 600 391 209 119 71 88 67 656 362 331 288 70 294 273 174 137 218 99 47 303 248 50 198 148 121 183 1652 1421 1300 159 1141 157 136 1558 47 1511 392 266 209 188 168 45 1119 829 803 288 267 227 515 489
internal_count=8000 6379 3155 1582 3224 1572 47 1525 806 150 119 719 600 391 209 119 71 88 67 656 362 331 288 70 294 273 174 137 218 99 47 303 248 50 198 148 121 183 1652 1421 1300 159 1141 157 136 1558 47 1511 392 266 209 188 168 45 1119 829 803 288 267 227 515 489
is_linear=0
shrinkage=0.05


Tree=123
num_leaves=63
num_cat=0
split_feature=1 1 1 8 8 2 4 3 6 6 8 5 5 5 7 7 0 3 6 8 6 3 4 6 7 4 8 7 6 5 4 4 7 7 4 3 7 4 4 2 4 2 7 8 2 6 5 8 5 4 7 4 8 3 6 5 2 6 8 5 6 7
split_gain=183.122 366.85 103.323 70.0075 96.5531 91.2323 77.7195 77.638 72.9711 114.141 116.059 210.38 134.446 111.368 119.463 123.091 108.481 104.035 114.957 102.627 120.936 102.406 91.5816 89.915 89.1606 88.705 121.274 85.121 102.015 202.611 143.269 84.7049 99.9603 111.245 100.762 85.3221 96.7019 84.4278 99.0661 80.8142 80.4872 93.7148 79.4266 76.9945 76.1169 107.346 106.947 75.8052 120.009 111.602 87.7104 88.6251 71.3447 69.8599 68.875 68.2181 67.0093 65.3252 61.9415 77.5516 66.9673 65.6586
threshold=2.5000000000000004 1.5000000000000002 1.0000000180025095e-35 0.79841744230046874 0.80499697494440292 1.5000000000000002 28.393550200141025 7347.8833333333268 62.500000000000007 66.500000000000014 0.38395314025173866 4.8770390019608092 8.686627486439134 23.463980991730121 2.5000000000000004 1.5000000000000002 3.5000000000000004 2280.9583333333353 59.500000000000007 0.43817431902028797 45.500000000000007 8089.4333333333298 21.402223616559727 9.5000000000000018 13.500000000000002 25.935990388524697 0.52947634383928854 5.5000000000000009 44.500000000000007 10.605935665659542 25.935990388524697 22.89825164418318 9.5000000000000018 12.500000000000002 28.299844824453285 8329.6083333333281 10.500000000000002 35.775220069084156 29.712010529176705 2.5000000000000004 17.680000866272 1.0000000180025095e-35 4.5000000000000009 0.335015764103893 2.5000000000000004 83.500000000000014 17.278985143678373 0.74647391586936263 27.505540361807906 14.080361665778629 15.500000000000002 24.197223922540477 0.38395314025173866 8505.0000000000309 31.500000000000004 33.546373147794924 1.5000000000000002 3.5000000000000004 0.87127326132447391 7.0043994903351381 36.500000000000007 17.500000000000004
decision_type=2 2 2 2 2 2 2 2 2 2 2 2 2 2 2 2 2 2 2 2 2 2 2 2 2 2 2 2 2 2 2 2 2 2 2 2 2 2 2 2 2 2 2 2 2 2 2 2 2 2 2 2 2 2 2 2 2 2 2 2 2 2
left_child=1 2 -1 8 -5 7 -7 -6 13 24 11 -11 16 14 15 54 39 -16 23 20 43 22 -21 25 -10 57 -27 -25 31 30 -30 35 34 -34 -33 36 -29 38 -35 42 -13 -42 -12 -15 45 46 -43 48 49 -14 51 -51 -38 -9 -3 58 -57 -19 61 -60 -61 -4
right_child=-2 3 55 4 5 6 -8 53 9 10 12 40 47 19 17 -17 -18 18 -20 21 -22 -23 -24 27 -26 26 -28 28 29 -31 -32 32 33 37 -36 -37 52 -39 -40 -41 41 44 -44 -45 -46 -47 -48 -49 -50 50 -52 -53 -54 -55 -56 56 -58 -59 59 60 -62 -63
leaf_value=-0.012439067081799086 -0.013288604442610902 0.076087129067767545 0.00037114438195493292 -0.10303684491664172 -0.058141851967529336 0.072459511783467059 -0.018394875453992023 0.085615423073371263 0.058558827385587514 -0.11461074427334648 0.015028956234455111 -0.044149107346311216 0.095741197925347549 0.017393429243359074 -0.072115150106049353 0.14505532705470134 0.18463621514476836 -0.038091763854026794 -0.064252918586134911 -0.089301608932706028 -0.08284340047023514 -0.11285217714806398 0.026391992289572952 -0.0067982299945184167 0.17310902167856695 0.0071140772585446647 -0.15741583151476723 0.075195360266500047 -0.16090633456284803 0.053765015102663016 0.006990942772891787 0.098630466461181648 0.17506624405321325 0.10067875722334499 -0.053327594883739948 0.098854871861198373 -0.089458956327979219 0.16054327391426673 -0.01413005289128598 -0.0055015693660135628 -0.025602248003706335 -0.024490210993422402 0.13520047594475645 0.12236093220394105 -0.011586238980293276 0.1591514516156167 0.12805742720142008 0.098286011363520775 0.094433289875344537 -0.09162875059568748 0.060794584434479472 -0.0038509151393390562 0.012929580376847931 -0.030636758037975859 -0.0092847863123530442 -0.10008099777323586 0.0076619654893875129 0.07948983118489937 -0.029483271092176438 0.15723701015114785 0.035540376947476318 0.030968013358039732
leaf_weight=1994 1958 54 1739 22 68 68 36 24 53 33 20 36 26 58 31 38 25 21 37 26 22 39 50 105 25 24 21 36 24 86 27 20 38 42 24 34 27 22 34 27 40 27 44 25 25 32 20 33 41 44 30 83 46 28 42 31 27 27 20 20 26 195
leaf_count=1994 1958 54 1739 22 68 68 36 24 53 33 20 36 26 58 31 38 25 21 37 26 22 39 50 105 25 24 21 36 24 86 27 20 38 42 24 34 27 22 34 27 40 27 44 25 25 32 20 33 41 44 30 83 46 28 42 31 27 27 20 20 26 195
internal_value=-6.9106e-11 0.00430637 -0.0043277 0.0218869 -0.00308327 0.0067336 0.0410099 -0.0229725 0.0254091 0.0384527 0.0308895 0.00144362 0.0477045 0.0173896 0.0255104 0.0688869 0.0923859 0.0175043 0.0215017 -0.0143554 0.0213837 -0.0469868 -0.0131874 0.0263238 0.0952736 -0.0192333 -0.0696665 0.0338226 0.0430947 0.00694011 -0.0720195 0.0584296 0.0812517 0.102445 0.0157443 0.0297026 0.00813213 0.0742861 0.0493169 0.0670424 0.0227203 0.0394376 0.0976469 0.0490101 0.0644529 0.0885159 0.0404237 0.027537 0.0171142 -0.000208646 -0.0160984 -0.0342621 -0.0249402 0.0230181 0.0387369 0.00353142 -0.0499248 0.0280479 0.00508165 0.052714 0.088452 0.00345614
internal_weight=8000 6042 4052 1990 246 224 104 120 1744 664 586 213 373 1080 860 134 116 726 695 220 105 115 76 658 78 93 45 565 460 137 51 323 180 136 44 143 109 98 76 91 180 144 64 83 104 79 47 257 224 183 157 127 73 52 96 2058 58 48 2000 66 46 1934
internal_count=8000 6042 4052 1990 246 224 104 120 1744 664 586 213 373 1080 860 134 116 726 695 220 105 115 76 658 78 93 45 565 460 137 51 323 180 136 44 143 109 98 76 91 180 144 64 83 104 79 47 257 224 183 157 127 73 52 96 2058 58 48 2000 66 46 1934
is_linear=0
shrinkage=0.05


Tree=124
num_leaves=63
num_cat=0
split_feature=7 7 7 7 7 7 7 7 7 0 7 7 7 7 2 0 4 6 8 4 6 4 8 8 3 8 1 3 4 7 7 3 6 8 8 6 2 6 3 5 5 8 3 5 5 0 4 4 5 8 6 6 1 4 8 6 3 6 5 0 2 8
split_gain=173.172 491.999 270.858 161.279 1386.19 647.324 388.556 283.852 262.991 187.359 148.073 285.272 136.162 247.721 108.923 126.574 106.418 171.394 105.421 103.228 93.5503 95.9204 162.057 127.002 110.689 87.4856 84.6583 94.8189 107.315 84.5975 83.9564 77.4397 76.4531 76.0175 75.9108 73.9741 70.8889 111.166 70.5135 81.5741 78.0892 117.185 70.4724 81.3389 70.1111 120.145 69.1638 158.923 81.8286 80.2404 77.217 91.1584 72.9449 69.1454 68.9647 119.302 113.211 103.081 86.2969 83.2046 77.1736 83.5697
threshold=1.5000000000000002 2.5000000000000004 4.5000000000000009 10.500000000000002 9.5000000000000018 7.5000000000000009 14.500000000000002 6.5000000000000009 13.500000000000002 3.5000000000000004 11.500000000000002 12.500000000000002 18.500000000000004 17.500000000000004 1.5000000000000002 3.5000000000000004 35.493162345976423 50.500000000000007 0.51169483554895001 34.069371766239996 11.500000000000002 27.484548925689811 0.81391952268720302 0.45014996632973187 4201.9833333333399 0.31942621556482037 2.5000000000000004 6949.0249999999942 34.368534502621984 1.0000000180025095e-35 8.5000000000000018 3580.358333333334 88.500000000000014 0.81995608016873056 0.66071040337422227 48.500000000000007 2.5000000000000004 74.500000000000014 8077.7583333333287 14.524363245710111 16.361471810312668 0.34531657573079327 9323.7083333333394 31.255101965518396 21.207376750743933 3.5000000000000004 9.6502568552974495 18.744063916108399 15.700067359730076 0.64767478670658218 76.500000000000014 51.500000000000007 1.5000000000000002 12.972626487913375 0.63100731491281647 62.500000000000007 5017.4333333333389 69.500000000000014 7.0043994903351381 3.5000000000000004 1.0000000180025095e-35 0.42906816225108496
decision_type=2 2 2 2 2 2 2 2 2 2 2 2 2 2 2 2 2 2 2 2 2 2 2 2 2 2 2 2 2 2 2 2 2 2 2 2 2 2 2 2 2 2 2 2 2 2 2 2 2 2 2 2 2 2 2 2 2 2 2 2 2 2
left_child=29 14 -3 4 5 7 8 16 10 -6 46 -12 13 -8 -2 32 19 -18 25 54 -15 23 26 -22 -25 -11 27 -23 -29 -1 -7 -13 -16 -14 -19 44 37 -26 40 -40 41 -37 43 -9 45 53 -5 48 49 -48 51 -49 -52 -32 56 59 58 60 -4 -56 -58 -62
right_child=1 2 3 6 9 30 12 42 -10 18 11 31 33 20 15 -17 17 34 -20 -21 21 22 -24 24 36 -27 -28 28 -30 -31 35 -33 -34 -35 -36 38 -38 -39 39 -41 -42 -43 -44 -45 -46 -47 47 50 -50 -51 52 -53 -54 -55 55 -57 57 -59 -60 -61 61 -63
leaf_value=-0.0057515341862523148 0.030883022942786734 -0.027869194831648354 -0.044898272357110323 -0.12183177450841123 0.08220433882608047 -0.022056667031413926 0.0058626396083204628 0.04141928102143301 -0.05901172337375802 0.18689634427428248 0.031396536160018904 -0.07841679234988988 -0.022573236379168887 0.11466588506102562 0.076720706345326517 0.16508867511231651 -0.13386278487741948 -0.038485237956047059 0.24268627684563399 0.10081684394129392 -0.028813227477632927 0.17747635757311797 -0.058795558512210848 0.1349810787041982 0.10090579085369061 0.047153617370696295 0.021272220415994525 0.14514878477369036 0.0067165798640676918 -0.037812871129320164 0.012026330567896367 -0.018559353538018571 -0.027929985262453556 0.052707347777244208 0.084276805706322191 -0.10112466101463025 -0.034681893885135651 -0.022289040386676791 -0.043421419337391853 0.088351287757572922 -0.087979640795484843 0.029305782107015451 0.12474698301230092 0.13849573090024617 -0.029903914016341012 -0.19319377231597901 0.12035706324442741 -0.039351481173653162 -0.033024234204523023 -0.0080993360653519638 -0.041097533247666435 -0.10585698350087594 0.067776463747024548 -0.089112610309683815 0.033498724634899245 -0.027774603817273272 0.008819534564659429 0.019339836293712578 0.052640584699558818 0.12596955212854571 -0.031799375530212157 -0.10710863360799239
leaf_weight=413 203 807 29 22 317 380 1226 349 371 24 401 64 358 50 137 38 36 34 30 29 81 39 20 30 47 21 30 28 28 410 20 347 20 37 20 26 33 30 24 23 69 51 32 23 62 25 31 160 31 20 40 76 25 109 113 66 52 94 104 31 93 61
leaf_count=413 203 807 29 22 317 380 1226 349 371 24 401 64 358 50 137 38 36 34 30 29 81 39 20 30 47 21 30 28 28 410 20 347 20 37 20 26 33 30 24 23 69 51 32 23 62 25 31 160 31 20 40 76 25 109 113 66 52 94 104 31 93 61
internal_value=1.02915e-10 0.00249111 -0.000680941 0.00299302 0.0132047 -0.00400189 -0.0036185 0.0196653 -0.0221586 0.0990181 -0.0109241 0.00139315 0.010835 0.0171753 0.0565195 0.0832077 0.00170225 -0.0493558 0.170084 0.00854039 0.0505152 0.0417514 0.0733522 0.0210179 0.0498488 0.121683 0.0944958 0.117619 0.0759327 -0.0217238 -0.0389777 -0.0278802 0.0633894 -0.0155216 0.00698219 -0.054699 0.0266309 0.0529078 -0.0322035 0.0210631 -0.049351 -0.0147357 0.0535461 0.0474213 -0.0747992 -0.092874 -0.0356193 -0.0306672 0.0310406 0.069982 -0.0474779 -0.0607685 0.000777081 -0.0734322 0.00437862 0.0278918 -0.00702503 -0.024048 0.0313727 0.0534056 -0.0438464 -0.0616297
internal_weight=8000 7177 6779 5972 2347 1955 3625 1166 1588 392 1217 812 2037 1642 398 195 762 90 75 672 416 366 145 221 140 45 125 95 56 823 789 411 157 395 54 409 110 77 193 47 146 77 404 372 216 154 405 383 82 51 301 236 65 129 643 210 433 300 133 144 206 154
internal_count=8000 7177 6779 5972 2347 1955 3625 1166 1588 392 1217 812 2037 1642 398 195 762 90 75 672 416 366 145 221 140 45 125 95 56 823 789 411 157 395 54 409 110 77 193 47 146 77 404 372 216 154 405 383 82 51 301 236 65 129 643 210 433 300 133 144 206 154
is_linear=0
shrinkage=0.05


Tree=125
num_leaves=63
num_cat=0
split_feature=2 2 2 8 8 8 3 0 4 4 3 8 3 1 8 7 4 4 0 6 6 8 3 6 3 3 8 5 5 5 3 1 6 4 6 3 3 6 4 6 0 6 0 0 4 3 4 8 3 3 3 6 8 8 1 1 4 0 6 7 1 1
split_gain=164.292 198.297 145.923 64.4607 58.2565 74.2318 71.9751 63.722 84.1491 59.2643 79.3116 57.3232 108.49 152.914 106.231 111.851 121.259 104.997 100.248 134.141 136.136 176.384 116.756 165.105 155.737 149.198 221.265 94.963 108.058 169.855 108.185 132.328 98.9547 110.105 87.8157 77.4987 134.533 105.067 75.0831 106.473 98.0936 73.8518 89.9365 73.6521 76.9302 73.0453 72.0715 61.8736 56.9633 96.3429 56.2843 86.0075 54.1945 53.4773 52.3674 99.1707 62.7032 71.5634 75.4198 113.362 52.3535 78.9747
threshold=1.0000000180025095e-35 2.5000000000000004 1.5000000000000002 0.88381913601446982 0.12246903012186941 0.15160639861520495 6807.4750000000013 2.5000000000000004 24.197223922540477 43.636707681891416 7938.6749999999965 0.65062400937924658 9526.8166666666784 1.5000000000000002 0.54420011350191844 1.5000000000000002 39.118844963891753 24.197223922540477 3.5000000000000004 88.500000000000014 66.500000000000014 0.36606472284635422 3329.4000000000015 11.500000000000002 4144.2250000000049 6634.8249999999925 0.31942621556482037 1.4014061613018491 23.61836524305976 25.54281987860362 9368.8333333333721 2.5000000000000004 85.500000000000014 36.104441768219992 54.500000000000007 8696.3916666666864 6580.7666666666619 55.500000000000007 26.771919464643986 47.500000000000007 3.5000000000000004 32.500000000000007 1.0000000180025095e-35 3.5000000000000004 32.732264407895563 7255.3166666666611 17.966331431052712 0.74874040481082493 2230.2000000000016 2539.1750000000015 9728.2833333333419 55.500000000000007 0.59318740218297827 0.78429940269607268 2.5000000000000004 1.5000000000000002 20.196419348538004 1.0000000180025095e-35 36.500000000000007 9.5000000000000018 1.0000000180025095e-35 2.5000000000000004
decision_type=2 2 2 2 2 2 2 2 2 2 2 2 2 2 2 2 2 2 2 2 2 2 2 2 2 2 2 2 2 2 2 2 2 2 2 2 2 2 2 2 2 2 2 2 2 2 2 2 2 2 2 2 2 2 2 2 2 2 2 2 2 2
left_child=54 2 11 4 6 7 -4 8 -6 60 -11 12 14 -14 18 -16 17 46 48 20 22 -22 -20 -24 -25 -26 -27 34 30 -30 31 32 33 38 -13 36 37 -31 40 -40 41 47 -43 44 52 -33 -17 -29 -2 -50 -3 -52 -19 -35 55 -1 57 -57 -59 -60 -7 -62
right_child=1 50 3 -5 5 9 -8 -9 -10 10 -12 27 13 -15 15 16 -18 43 19 -21 21 -23 23 24 25 26 -28 28 29 35 -32 45 -34 53 -36 -37 -38 -39 39 -41 -42 42 -44 -45 -46 -47 -48 -49 49 -51 51 -53 -54 -55 -56 56 -58 58 59 -61 61 -63
leaf_value=-0.016974371760024178 0.063707182158170075 -0.010126616275423352 -0.096288580571611729 0.089654979922554723 0.038486930086778913 0.0011785914334830336 0.014312543229837167 0.007587455904909543 0.1669632432460785 0.12027339930646122 -0.0047788999265148532 -0.14104265910931504 0.046944934539496899 -0.12729047942249214 -0.055296344502732679 0.061745043221162636 -0.069346575289964671 0.15608006781339645 0.15066386561840772 0.11588281870652468 -0.15099982714653015 0.035006697762470979 -0.10771698071843101 -0.08270680891349913 0.17872456635038059 0.12652663093592439 -0.046644679065316157 -0.0087115531868260845 -0.15793988946135398 0.096794842290026814 0.087471447139978412 -0.016708105954307099 -0.0501479426255593 0.15916857898235323 -0.0035723903748605939 0.063956044290376754 -0.11880255216965452 -0.057892907767192185 -0.089813878689263327 0.032754452064332057 0.11215424895286562 0.071924010310322056 -0.051033866341257922 0.1629265443004411 -0.0071877825519312995 -0.10650855273438187 -0.017503111487111221 0.096857993741120613 -0.10630874047055841 -0.0046888230145225029 0.12383691914379598 -0.012964346646158784 0.056402294039726256 0.044927566250165307 -0.026481570851945233 -0.02854112933855504 -0.0010996725562812581 -0.013913218073289971 0.030096287496387958 0.14554214149310782 0.030343197840622518 0.0041345080584287647
leaf_weight=986 29 1938 24 33 26 399 38 28 25 32 21 26 20 34 29 64 20 25 20 39 25 26 21 20 24 35 39 23 27 21 37 54 52 20 21 23 32 23 37 34 30 20 58 29 23 39 52 35 24 828 20 27 30 21 499 32 354 29 50 37 888 425
leaf_count=986 29 1938 24 33 26 399 38 28 25 32 21 26 20 34 29 64 20 25 20 39 25 26 21 20 24 35 39 23 27 21 37 54 52 20 21 23 32 23 37 34 30 20 58 29 23 39 52 35 24 828 20 27 30 21 499 32 354 29 50 37 888 425
internal_value=1.16768e-11 0.00411895 0.010493 0.020371 0.0191714 0.0207743 -0.0285008 0.0681923 0.101466 0.0186519 0.0707244 0.00132436 0.00678555 -0.0627588 0.00946415 0.037517 0.0485935 0.059171 0.00271162 0.0307244 0.0149092 -0.056173 0.0377092 0.0214567 0.0444453 0.0703947 0.0352607 -0.0112372 -0.00575263 -0.0467771 0.00548451 -0.00168692 0.0131591 0.0250007 -0.0796198 -0.01646 -0.0407964 0.0159353 0.0119128 -0.0311192 0.0303181 0.012266 -0.0195062 0.0948937 0.0695994 -0.0543664 0.02622 0.0549942 -0.00520573 -0.00755136 -0.00881546 0.045249 0.10171 0.100655 -0.0124646 -0.00776407 0.0103263 0.0376559 0.0559172 0.0791939 0.0170398 0.0218598
internal_weight=8000 6013 4028 1939 1906 1844 62 79 51 1765 53 2089 1456 54 1402 272 243 223 1130 249 210 51 159 139 118 98 74 633 586 126 460 423 330 278 47 99 76 44 237 71 166 136 78 107 78 93 116 58 881 852 1985 47 55 41 1987 1488 502 148 116 87 1712 1313
internal_count=8000 6013 4028 1939 1906 1844 62 79 51 1765 53 2089 1456 54 1402 272 243 223 1130 249 210 51 159 139 118 98 74 633 586 126 460 423 330 278 47 99 76 44 237 71 166 136 78 107 78 93 116 58 881 852 1985 47 55 41 1987 1488 502 148 116 87 1712 1313
is_linear=0
shrinkage=0.05


Tree=126
num_leaves=63
num_cat=0
split_feature=0 0 0 5 0 4 4 4 6 4 8 4 8 5 4 8 4 5 5 5 5 4 3 3 3 5 7 8 1 4 3 8 4 3 5 4 7 8 8 7 7 1 7 4 8 5 2 4 8 4 4 6 8 4 6 6 4 6 7 3 5 4
split_gain=161.739 172.652 303.143 143.043 110.979 78.994 124.757 86.272 80.4139 72.8955 78.0365 73.6474 70.8844 70.4821 158.413 72.0916 147.666 82.5932 172.607 170.691 337.623 205.774 189.935 169.23 162.458 201.06 131.34 126.93 112.743 153.078 259.978 141.396 138.059 182.398 165.511 182.647 151.067 135.074 294.618 168.457 226.963 201.839 197.381 332.088 210.533 131.522 125.7 122.59 108.196 138.828 107.68 207.847 145.449 135.922 134.585 134.809 105.311 103.858 102.761 95.9158 80.1583 77.4831
threshold=1.0000000180025095e-35 2.5000000000000004 3.5000000000000004 -5.3691017863632746 1.5000000000000002 41.562516888547314 39.444610940668646 43.636707681891416 52.500000000000007 42.001725629616367 0.11336199433996917 38.667646585842192 0.52082400564548048 34.293835620481936 23.725260575138282 0.14900414161807826 29.388980389954288 22.353523270324875 21.734978391458867 25.332857824820522 26.632333471651169 20.846679056640635 6690.5083333333296 8601.5416666666715 5229.3250000000035 23.929240716887445 8.5000000000000018 0.16665047720556678 1.0000000180025095e-35 14.67491530027816 4201.9833333333399 0.68316388009361584 30.611014452690934 8137.1750000000002 19.96641659880326 29.712010529176705 15.500000000000002 0.38794306050314625 0.51797154893339814 2.5000000000000004 5.5000000000000009 2.5000000000000004 10.500000000000002 25.468732434457731 0.70673408331846954 10.910086275205577 1.5000000000000002 23.239453947011814 0.2731210881608242 24.197223922540477 23.531693448102253 38.500000000000007 0.63773040566032202 29.496034879979991 77.500000000000014 26.500000000000004 35.922283737212936 58.500000000000007 10.500000000000002 6903.5083333333305 8.8938115426901199 21.402223616559727
decision_type=2 2 2 2 2 2 2 2 2 2 2 2 2 2 2 2 2 2 2 2 2 2 2 2 2 2 2 2 2 2 2 2 2 2 2 2 2 2 2 2 2 2 2 2 2 2 2 2 2 2 2 2 2 2 2 2 2 2 2 2 2 2
left_child=9 4 -3 -4 -2 6 -6 -7 -9 10 -1 -12 -13 15 -15 16 61 18 27 23 59 26 -23 24 -19 -26 -22 -17 50 30 -30 -32 34 36 35 37 46 48 45 -40 -41 42 -42 44 -44 -39 -34 -47 -31 -50 54 52 58 -53 55 -29 -35 -55 -52 -21 -48 -5
right_child=1 2 3 13 5 7 -8 8 -10 -11 11 12 -14 14 -16 17 -18 19 -20 20 21 22 -24 -25 25 -27 -28 28 29 32 31 -33 33 56 -36 -37 -38 38 39 40 41 -43 43 -45 -46 47 60 -49 49 -51 51 53 -54 57 -56 -57 -58 -59 -60 -61 -62 -63
leaf_value=0.081858130805194385 0.0026718784161078347 -0.020274386528816649 -0.11041419816513856 -0.042706538115938504 0.021672870694593491 -0.11750385567545892 0.12303405468983036 0.06804091918926973 -0.051194555456599879 0.037774062837259127 -0.015539707657962558 -0.028625928622980912 -0.15014783948659899 -0.029251629894688016 0.15538522864763554 0.14071315942332149 -0.10879480967650544 -0.10742438229928285 0.13190578462725336 0.2197947293519974 -0.038330188890298211 0.023578182022486415 -0.1445413585574854 -0.18746553179142733 0.12226860612216923 -0.078905637756637906 0.11539442121531025 0.072045146208256486 -0.14654094274977553 0.024742790335523235 -0.021056908209409034 0.12618016187440267 -0.038832097975537189 -0.1548603582697419 0.16680520011319055 0.17371650089820226 0.13194209970533849 0.0099436200223863135 0.15114885517546248 -0.083364110930185573 0.23092713441167559 -0.03601060616118567 0.079712577472473012 0.22985863756388425 -0.12285440990134427 -0.048995865455449178 0.12064903974533081 -0.20799804329872132 0.17754587997228674 0.046539200061843512 0.15928899737244304 -0.15295437401117282 -0.067604615032672885 -0.12422145068645479 0.12112616168128119 -0.059901852449592279 -0.0096159168829520539 0.019371549949488222 0.0026926659606397157 0.066797892898321151 0.0079741471299999648 0.090132689508407027
leaf_weight=20 1652 1573 24 21 1464 20 31 26 31 65 1486 30 20 21 26 20 37 38 33 21 24 28 42 21 27 23 33 32 34 70 63 22 80 26 27 24 27 32 31 38 21 42 29 20 23 27 27 22 39 42 22 43 25 20 27 49 24 34 20 20 38 23
leaf_count=20 1652 1573 24 21 1464 20 31 26 31 65 1486 30 20 21 26 20 37 38 33 21 24 28 42 21 27 23 33 32 34 70 63 22 80 26 27 24 27 32 31 38 21 42 29 20 23 27 27 22 39 42 22 43 25 20 27 49 24 34 20 20 38 23
internal_value=-3.038e-11 0.00358383 -0.00473147 0.010723 0.0117212 0.021231 0.0237747 -0.0281564 0.00319356 -0.0141032 -0.0162703 -0.017548 -0.0772347 0.0125891 0.0728879 0.0107135 -0.0351752 0.0133128 0.0192025 -0.0112032 0.0204118 -0.0198619 -0.0772935 -0.059931 -0.0294966 0.0297285 0.0506683 0.0158818 0.0136122 0.0227868 -0.0296892 0.0170515 0.0315945 -0.00108442 0.0464912 0.0394293 0.0233512 0.0320373 0.0117801 0.0438137 0.0245802 0.0549645 0.0960501 0.0567109 -0.00988436 -0.0688969 0.00313085 -0.120385 0.0702711 0.109616 -0.0143165 -0.039846 0.027882 -0.0866272 0.0244506 -0.00777464 -0.085143 -0.033811 0.0847193 0.145162 0.0547776 0.0267321
internal_weight=8000 6379 3155 1582 3224 1572 1495 77 57 1621 1556 1536 50 1558 47 1511 81 1430 1153 277 168 127 70 109 88 50 57 1120 1100 828 119 85 709 222 487 460 172 436 285 204 173 135 93 72 52 81 145 49 151 81 272 164 67 97 108 81 50 54 42 41 65 44
internal_count=8000 6379 3155 1582 3224 1572 1495 77 57 1621 1556 1536 50 1558 47 1511 81 1430 1153 277 168 127 70 109 88 50 57 1120 1100 828 119 85 709 222 487 460 172 436 285 204 173 135 93 72 52 81 145 49 151 81 272 164 67 97 108 81 50 54 42 41 65 44
is_linear=0
shrinkage=0.05


Tree=127
num_leaves=63
num_cat=0
split_feature=7 7 7 7 7 7 7 7 7 3 0 4 4 7 7 7 7 6 2 6 0 4 1 4 8 6 2 2 5 5 8 8 3 5 3 4 3 0 1 0 1 3 5 5 3 3 7 7 4 6 6 5 3 4 6 4 4 8 8 3 6 3
split_gain=151.125 436.333 238.271 144.088 1244.55 579.399 350.329 258.796 239.521 169.775 241.363 133.068 171.149 130.513 255.137 122.594 218.688 98.5553 95.1312 108.069 224.331 112.328 88.1587 84.1041 101.383 108.188 83.7379 126.869 130.632 113.233 105.84 82.2 110.754 131.771 131.365 84.6584 103.824 109.407 80.4278 84.7336 79.9828 137.315 127.145 85.2965 95.8845 77.5279 76.7022 74.9134 74.7793 74.4238 69.9472 87.8346 68.3522 67.2673 66.9895 66.7576 66.0065 83.5714 122.879 89.2171 83.0975 67.4365
threshold=1.5000000000000002 2.5000000000000004 4.5000000000000009 10.500000000000002 9.5000000000000018 7.5000000000000009 14.500000000000002 6.5000000000000009 13.500000000000002 9473.8500000000076 3.5000000000000004 22.761446887576017 31.903448193253094 11.500000000000002 12.500000000000002 18.500000000000004 17.500000000000004 8.5000000000000018 1.5000000000000002 18.500000000000004 3.5000000000000004 31.423070090565201 2.5000000000000004 27.113505777815366 0.53879397571083276 51.500000000000007 2.5000000000000004 1.5000000000000002 19.199527021204993 14.318913464289169 0.70074122418097462 0.63380604495680337 5017.4333333333389 7.0043994903351381 8450.1750000000011 30.034767101762217 3656.2500000000023 3.5000000000000004 1.5000000000000002 2.5000000000000004 2.5000000000000004 6949.0249999999942 13.05931341828944 17.063547933243758 8236.1750000000047 7905.1166666666641 1.0000000180025095e-35 8.5000000000000018 14.080361665778629 39.500000000000007 45.500000000000007 10.988875656363296 3580.358333333334 6.1200192445087636 48.500000000000007 26.928470138722648 11.744056720484563 0.35359035002725631 0.39452026785034949 3680.9000000000019 56.500000000000007 7953.7583333333232
decision_type=2 2 2 2 2 2 2 2 2 2 2 2 2 2 2 2 2 2 2 2 2 2 2 2 2 2 2 2 2 2 2 2 2 2 2 2 2 2 2 2 2 2 2 2 2 2 2 2 2 2 2 2 2 2 2 2 2 2 2 2 2 2
left_child=46 18 53 4 5 7 8 17 13 10 26 -12 -13 -5 -15 16 -8 -4 -2 -20 21 -21 31 24 25 45 27 30 -29 -28 50 32 33 -19 49 36 -33 -38 -26 -40 41 42 -25 44 -43 -18 -1 -7 -17 -34 -6 -52 -16 -3 -49 -51 -10 59 -59 -58 -60 -62
right_child=1 2 3 6 9 47 15 -9 56 -11 11 12 -14 14 52 48 23 22 19 20 -22 -23 -24 40 38 -27 29 28 -30 -31 -32 35 34 -35 -36 -37 37 -39 39 -41 -42 43 -44 -45 -46 -47 -48 54 -50 55 51 -53 -54 -55 -56 -57 57 58 60 -61 61 -63
leaf_value=-0.0050851749267528338 0.029248836925574419 0.056293314105520645 -0.060697124690464621 -0.03353110022382972 0.094953135458322679 -0.020972074688056879 0.005647743342909203 0.050876024429050121 0.013606809992944042 -0.041194894291799178 0.094592381669924813 0.33637785261327569 0.14130893135848252 0.02959189336953634 -0.073945508582983169 0.040514944142328119 -0.0041205226697705009 -0.052551711829645298 -0.0091451538354158403 0.092351612358382254 0.21287684901617468 -0.012985830649952679 -0.025516905304734463 0.075781338564727629 0.021493934815929785 -0.056857659221398384 -0.0095681908483407942 0.2278478548071827 0.077990878086823687 0.10093485394662077 0.15386930762818365 -0.029654623568058015 -0.08705132265659897 0.071485993912914297 0.044347192897246437 -0.015672009980136698 0.059138336333391418 0.18206049748089004 0.054183633459938901 0.17547127204015853 0.010915421802354486 0.01703227342416843 0.23867571616172789 -0.014788092698516518 0.15111562520265581 0.10230847642357861 -0.035613771291313372 -0.070934161849112984 -0.02331260515074654 -0.047326497381200663 -0.063927229290658791 0.060454699918627744 -0.017709746289064288 -0.028687744786740445 -0.030399216663869286 0.027461253359913829 -0.11879867718301036 -0.19265978735109623 -0.041441046228992341 -0.0069456136067140295 -0.072715028062603382 -0.16652697358280422
leaf_weight=413 203 24 59 405 52 380 1226 404 31 22 26 22 23 401 64 53 44 28 30 99 32 34 164 23 62 53 49 33 26 44 33 24 55 91 65 44 85 23 36 24 38 24 25 29 30 28 410 216 342 74 22 40 347 783 193 50 22 22 119 94 53 30
leaf_count=413 203 24 59 405 52 380 1226 404 31 22 26 22 23 401 64 53 44 28 30 99 32 34 164 23 62 53 49 33 26 44 33 24 55 91 65 44 85 23 36 24 38 24 25 29 30 28 410 216 342 74 22 40 347 783 193 50 22 22 119 94 53 30
internal_value=-1.75831e-11 0.00232713 -0.000660081 0.0027858 0.0124379 -0.00386594 -0.00346343 0.0185251 -0.0210679 0.093749 0.101773 0.184645 0.236676 -0.0103464 0.00121743 0.0102607 0.0162769 0.00137322 0.0532073 0.0781487 0.0940203 0.0654232 0.00658254 0.0476021 0.0290058 -0.00264097 0.0820939 0.0998727 0.161809 0.0427128 0.0750139 0.0163493 0.00275323 0.0423007 -0.0165342 0.0443913 0.0644124 0.0853162 0.0614307 0.102699 0.0747813 0.0933073 0.160622 0.0543782 0.091523 0.0372685 -0.0202938 -0.0369559 -0.0147484 -0.038642 0.0521873 0.0163192 -0.0264667 -0.0261604 -0.0518064 -0.0171701 -0.0562381 -0.0626064 -0.0804451 -0.0281591 -0.0682237 -0.106623
internal_weight=8000 7177 6779 5972 2347 1955 3625 1166 1588 392 370 71 45 1217 812 2037 1642 762 398 195 165 133 703 416 247 125 299 206 59 93 147 539 363 119 244 176 132 108 122 60 169 131 48 83 54 72 823 789 395 179 114 62 411 807 409 124 371 340 224 116 202 83
internal_count=8000 7177 6779 5972 2347 1955 3625 1166 1588 392 370 71 45 1217 812 2037 1642 762 398 195 165 133 703 416 247 125 299 206 59 93 147 539 363 119 244 176 132 108 122 60 169 131 48 83 54 72 823 789 395 179 114 62 411 807 409 124 371 340 224 116 202 83
is_linear=0
shrinkage=0.05


Tree=128
num_leaves=63
num_cat=0
split_feature=1 1 1 5 8 8 2 3 4 6 6 8 5 5 5 7 7 8 6 3 6 3 0 6 6 7 6 6 4 8 4 0 3 4 4 7 0 8 5 4 7 4 4 7 4 0 2 4 3 3 5 3 3 7 8 2 6 3 6 3 3 5
split_gain=144.401 306.83 87.5468 65.4903 65.2802 83.5771 75.9056 68.611 66.5175 63.9868 101.209 103.555 186.484 114.965 100.702 108.803 93.5635 91.3273 109.994 90.9514 102.136 90.7894 89.7807 80.8471 79.0937 78.4332 77.3267 102.998 73.4423 112.014 73.1652 100.924 119.679 90.7073 288.132 185.568 89.1565 72.5891 105.871 98.9287 72.8974 79.1327 71.3575 84.7021 80.7679 81.2941 70.8803 66.9907 65.9379 162.699 64.3233 63.5515 62.243 61.9244 72.6923 61.3785 60.7088 58.7129 58.2329 85.4252 84.9298 56.7871
threshold=2.5000000000000004 1.5000000000000002 1.0000000180025095e-35 33.546373147794924 0.79841744230046874 0.80499697494440292 1.5000000000000002 7347.8833333333268 28.393550200141025 62.500000000000007 66.500000000000014 0.38395314025173866 4.8770390019608092 8.686627486439134 23.463980991730121 2.5000000000000004 1.5000000000000002 0.43817431902028797 45.500000000000007 2280.9583333333353 59.500000000000007 8089.4333333333298 3.5000000000000004 20.500000000000004 9.5000000000000018 13.500000000000002 90.500000000000014 75.500000000000014 25.935990388524697 0.52947634383928854 10.702483287502377 3.5000000000000004 3178.2333333333368 18.860081412094932 24.955510642427665 10.500000000000002 2.5000000000000004 0.74647391586936263 27.505540361807906 14.080361665778629 15.500000000000002 27.003264999623322 17.680000866272 16.500000000000004 24.680379696554059 3.5000000000000004 1.0000000180025095e-35 21.516668058063811 8204.4166666666697 7152.4666666666626 16.664651278446581 6535.1916666666657 8624.6083333333554 5.5000000000000009 0.6401454444566419 1.5000000000000002 31.500000000000004 4528.0416666666715 44.500000000000007 6921.8916666666601 7978.2999999999956 34.935723605708084
decision_type=2 2 2 2 2 2 2 2 2 2 2 2 2 2 2 2 2 2 2 2 2 2 2 2 2 2 2 2 2 2 2 2 2 2 2 2 2 2 2 2 2 2 2 2 2 2 2 2 2 2 2 2 2 2 2 2 2 2 2 2 2 2
left_child=1 2 61 -4 9 -6 7 57 -8 14 25 12 -12 22 15 16 56 18 46 -17 24 23 26 -19 28 -11 27 -13 -21 -30 36 32 -32 -33 -35 -36 -26 38 39 -15 41 47 -14 44 50 51 -16 -41 49 -48 -44 -46 -9 54 -34 -5 -3 -7 -55 -60 -61 -1
right_child=-2 4 3 55 5 6 8 52 -10 10 11 13 42 37 17 19 -18 21 -20 20 -22 -23 -24 -25 30 -27 -28 -29 29 -31 31 33 53 34 35 -37 -38 -39 -40 40 -42 -43 43 -45 45 -47 48 -49 -50 -51 -52 -53 -54 58 -56 -57 -58 -59 59 60 -62 -63
leaf_value=-0.012863848017043371 -0.01180033020349169 0.073691858951416278 0.0046810249944450339 -0.097217070179120194 -0.09720490920272741 -0.0013559939901761969 0.06528317472513985 0.077910784631967545 -0.018768978222376772 0.054587691417842546 -0.10868346327915789 0.0095736432820558558 -0.042349383897251555 0.089497808768199044 -0.03372414403018497 -0.067919454387118744 0.13131901392419087 -0.079002268894993025 -0.080078701200810343 0.024452193358835455 -0.061218020848527149 -0.10719269452950893 0.16952035295963289 0.027157772096626939 0.031805844017519402 0.16202602893114093 -0.0015812461174303486 0.14551662363994278 0.009331774152815343 -0.14879191361722494 -0.076620819902530432 0.16987175897652793 -0.042045701295137405 -0.07607908795720765 0.030235349734624231 0.20609910761316619 -0.10861249715089799 0.094861926589951379 0.088052751923479694 -0.03382292100877473 0.054299667671633273 0.0015861970410771566 0.022726127916368948 0.12916056386062078 0.090155417248606692 -0.098573362119495869 0.13771887764334678 -0.14806011901015328 0.14460786424932026 -0.061545407381795703 0.13928311925381423 -0.022169308254823966 -0.031576851893354345 0.056912638941753246 0.065027540424109798 0.0058997182934372519 -0.0064593028099763959 -0.095297992630646783 0.081957506722417375 -0.10413169974372501 0.016815549250137299 0.042187198267007869
leaf_weight=1946 1958 54 2000 31 22 29 68 25 36 53 33 22 36 26 21 31 38 29 22 48 37 39 25 47 26 25 31 38 24 21 27 22 51 28 30 30 20 33 41 33 30 73 29 21 20 20 20 21 21 21 20 34 27 211 23 27 42 39 29 21 47 48
leaf_count=1946 1958 54 2000 31 22 29 68 25 36 53 33 22 36 26 21 31 38 29 22 48 37 39 25 47 26 25 31 38 24 21 27 22 51 28 30 30 20 33 41 33 30 73 29 21 20 20 20 21 21 21 20 34 27 211 23 27 42 39 29 21 47 48
internal_value=9.10908e-11 0.00382407 -0.00407217 0.00316211 0.0199023 -0.00421011 0.00492331 -0.0221729 0.0361882 0.0233034 0.0355178 0.0283959 0.000581429 0.0442792 0.0157939 0.023516 0.0649119 -0.0143928 0.0193214 0.0158755 0.0196131 -0.0451754 0.0855969 -0.0133507 0.0241583 0.0890231 0.062541 0.0956709 -0.0185695 -0.0644593 0.0311914 0.0365481 0.0251135 0.0790636 0.0563616 0.118167 -0.0292456 0.02563 0.0154307 -0.000839855 -0.0158002 -0.0323593 0.0206133 0.036354 0.020509 -0.012461 0.0456685 -0.0782485 0.0725595 0.0356567 0.0703004 0.0194324 0.0210614 0.0323042 -0.00876618 -0.0492144 0.0386257 -0.0552345 0.0421718 0.0101065 -0.0205358 -0.0115386
internal_weight=8000 6042 4052 2058 1990 246 224 120 104 1744 664 586 213 373 1080 860 134 220 105 726 695 115 116 76 658 78 91 60 93 45 565 519 409 110 88 60 46 257 224 183 157 127 180 144 123 74 83 54 62 41 49 54 52 382 74 58 96 68 308 97 68 1994
internal_count=8000 6042 4052 2058 1990 246 224 120 104 1744 664 586 213 373 1080 860 134 220 105 726 695 115 116 76 658 78 91 60 93 45 565 519 409 110 88 60 46 257 224 183 157 127 180 144 123 74 83 54 62 41 49 54 52 382 74 58 96 68 308 97 68 1994
is_linear=0
shrinkage=0.05


Tree=129
num_leaves=63
num_cat=0
split_feature=0 0 0 5 0 4 4 3 8 4 6 6 8 4 1 4 8 3 5 5 5 4 8 6 6 4 8 8 6 3 1 6 6 5 4 4 6 8 5 4 4 8 5 5 5 7 5 6 7 1 4 5 4 5 5 8 8 8 8 3 4 4
split_gain=143.754 164.163 260.567 126.157 100.269 69.687 109.839 79.8918 104.294 68.1178 79.9603 67.4413 105.617 74.516 74.4114 86.9869 78.6999 93.1597 153.272 84.3037 77.7548 65.5326 69.3455 65.0195 80.0676 210.265 144.438 138.75 106.348 91.4911 88.9734 218.352 117.302 206.038 98.256 181.587 127.179 103.51 86.5841 84.4509 132.888 129.893 93.6097 270.493 148.364 95.4644 83.522 113.935 72.2232 67.3145 65.0096 64.1479 141.019 67.5864 117.404 164.267 194.507 159.953 139.557 115.319 93.996 201.616
threshold=1.0000000180025095e-35 2.5000000000000004 3.5000000000000004 -5.3691017863632746 1.5000000000000002 41.562516888547314 39.444610940668646 4288.0583333333379 0.57872006561229261 6.1200192445087636 59.500000000000007 54.500000000000007 0.22329579719711476 40.412682743027432 2.5000000000000004 22.320362003676383 0.30336687005417695 4528.0416666666715 18.888841553036318 24.629267868090452 20.577513542843537 42.001725629616367 0.11336199433996917 95.500000000000014 88.500000000000014 23.239453947011814 0.64558504796099314 0.59318740218297827 82.500000000000014 6466.4916666666641 2.5000000000000004 21.500000000000004 29.500000000000004 10.264730463091617 15.688268860722454 14.225552181350766 78.500000000000014 0.42645370767320984 5.3418541578765506 24.680379696554059 23.931914805466246 0.26204548167075337 16.5849687779729 18.599700482636482 11.935897574629395 10.500000000000002 20.908968453736783 46.500000000000007 9.5000000000000018 1.0000000180025095e-35 38.667646585842192 34.293835620481936 23.725260575138282 8.5608429970556674 5.9605579524507348 0.73333085115639951 0.70074122418097462 0.6401454444566419 0.55384450461698864 8624.6083333333554 28.90192627793159 29.388980389954288
decision_type=2 2 2 2 2 2 2 2 2 2 2 2 2 2 2 2 2 2 2 2 2 2 2 2 2 2 2 2 2 2 2 2 2 2 2 2 2 2 2 2 2 2 2 2 2 2 2 2 2 2 2 2 2 2 2 2 2 2 2 2 2 2
left_child=21 4 -3 -4 11 6 9 -7 -9 10 -6 -2 -13 14 16 -16 -14 18 -18 -19 -17 22 -1 24 28 27 -27 -26 30 -30 31 -11 33 -33 35 37 39 -34 -32 40 41 -36 44 -44 49 -46 -45 -48 -31 -41 -24 53 -53 54 55 56 57 58 59 -5 -55 -62
right_child=1 2 3 51 5 7 -8 8 -10 23 -12 12 13 -15 15 20 17 19 -20 -21 -22 -23 50 -25 25 26 -28 -29 29 48 38 32 34 -35 36 -37 -38 -39 -40 42 -42 -43 43 46 45 -47 47 -49 -50 -51 -52 52 -54 60 -56 -57 -58 -59 -60 -61 61 -63
leaf_value=0.07715213377028704 -0.0066359108313918114 -0.019139744804163205 -0.10416443844636281 -0.013458334497715297 0.14660868942737579 0.057134656820978437 0.11587797516295989 0.018760444425046444 -0.11849887443165626 0.066323010880941335 0.016145880737652381 -0.036296489290011828 0.080317508102536711 0.090543716493994009 -0.055389681382887607 0.050545448002715911 0.021158295396117518 0.023201328168455441 -0.098466456979513173 0.10115317053372563 -0.057581295915271925 0.035891618519627418 -0.014668301822131777 0.073140039574354887 -0.17013451873228469 0.10113368146121503 -0.058425210869830595 -0.0056876598168974337 0.14478113224109015 -0.017586456393373424 -0.071398765560653485 0.055951200998746432 0.099786821559623443 -0.12484895883128047 -0.098332138856252041 0.18970474167303608 0.097204691780152161 -0.026915960982441901 0.0041062551623386612 0.089005976338540349 -0.14054283784194427 0.012659881047403286 0.19384772048976562 -0.062317037665181686 -0.0087383688928989265 -0.14423203312863525 0.10569650268980435 -0.019339162503418172 0.099671292056639993 -0.00053511439607693606 -0.072632498919963845 -0.027492466710862664 0.14671311478775281 0.01344693684048291 0.067186160077385246 -0.066642931469699795 0.17343740637103719 -0.12067379713058474 0.12107921274322453 0.1140463115381343 -0.16073445392691571 -0.0078431511702744868
leaf_weight=20 890 1573 24 114 23 21 31 25 31 229 24 93 59 36 69 60 81 261 40 40 23 65 1486 53 29 37 23 23 30 29 45 26 27 40 33 22 37 40 243 31 22 131 26 27 26 26 35 38 24 65 50 21 26 751 126 57 21 20 33 21 23 345
leaf_count=20 890 1573 24 114 23 21 31 25 31 229 24 93 59 36 69 60 81 261 40 40 23 65 1486 53 29 37 23 23 30 29 45 26 27 40 33 22 37 40 243 31 22 131 26 27 26 26 35 38 24 65 50 21 26 751 126 57 21 20 33 21 23 345
internal_value=1.10238e-10 0.0033787 -0.00472959 0.0095986 0.0113135 0.0203527 0.0227419 -0.0260341 -0.0572224 0.0207697 0.0799894 0.00271191 0.01363 0.0205704 0.0165909 -0.0139048 0.0262278 0.0186655 -0.0183871 0.0335604 0.0205826 -0.0132959 -0.0153507 0.0188055 0.0166943 -0.0238085 0.0399694 -0.0973984 0.0203175 0.0750065 0.0164345 0.0243214 0.00956923 -0.0536247 0.0166866 0.0650687 0.00802265 0.0241434 -0.0076914 0.000849313 -0.025153 -0.00967388 0.0185005 0.0501744 -0.00846505 -0.0764852 0.0128193 0.0406094 0.0355114 0.0283792 -0.0165552 0.011351 0.0688766 0.0095617 0.0274282 0.00859548 0.0291151 0.0129939 0.0289068 0.00637572 0.00330283 -0.0173989
internal_weight=8000 6379 3155 1582 3224 1572 1495 77 56 1464 47 1652 762 669 633 152 481 422 121 301 83 1621 1556 1417 1364 112 60 52 1252 83 1169 881 652 66 586 89 497 67 288 460 186 164 274 126 148 52 100 73 53 96 1536 1558 47 1511 392 266 209 188 168 135 1119 368
internal_count=8000 6379 3155 1582 3224 1572 1495 77 56 1464 47 1652 762 669 633 152 481 422 121 301 83 1621 1556 1417 1364 112 60 52 1252 83 1169 881 652 66 586 89 497 67 288 460 186 164 274 126 148 52 100 73 53 96 1536 1558 47 1511 392 266 209 188 168 135 1119 368
is_linear=0
shrinkage=0.05


Tree=130
num_leaves=63
num_cat=0
split_feature=2 2 2 8 5 3 3 0 5 8 3 6 3 3 3 6 6 3 0 6 7 4 0 8 6 6 4 7 8 8 3 6 0 4 8 3 4 6 8 6 3 5 3 8 5 8 8 3 3 8 5 5 3 4 8 8 5 6 0 5 5 1
split_gain=143.39 179.707 124.803 57.7236 53.82 117.877 65.9303 59.9948 104.369 155.272 128.716 126.742 76.3291 66.4928 99.4389 129.754 94.4688 117.656 147.435 70.5496 69.9255 68.1314 65.1492 210.623 107.477 82.3361 103.972 131.322 64.3159 73.1396 85.5289 93.6111 59.178 58.2081 57.2851 52.7147 51.8491 88.7241 67.8297 56.9412 62.1372 67.9121 124.504 84.0679 56.5774 51.7943 116.416 101.546 96.1725 87.744 69.4702 80.4637 52.9425 207.034 51.2134 51.1788 87.086 98.3643 193.228 93.8217 120.542 102.92
threshold=1.0000000180025095e-35 2.5000000000000004 1.5000000000000002 0.88381913601446982 3.8719519695736229 5017.4333333333389 9728.2833333333419 1.5000000000000002 7.3829339940031904 0.47156957415038325 2591.6916666666689 83.500000000000014 2442.7416666666695 3534.6166666666686 4624.8583333333381 38.500000000000007 38.500000000000007 8766.0083333333514 2.5000000000000004 16.500000000000004 9.5000000000000018 30.344149925310344 3.5000000000000004 0.52082400564548048 65.500000000000014 88.500000000000014 26.589831807865146 5.5000000000000009 0.84575752525078507 0.73691734733602998 8390.1083333333318 16.500000000000004 2.5000000000000004 22.761446887576017 0.69286565906023156 2230.2000000000016 14.080361665778629 75.500000000000014 0.66071040337422227 83.500000000000014 8267.6250000000055 8.5608429970556674 7636.0833333333294 0.56543910621145022 16.478370817626885 0.17557990916412211 0.212321539700465 3628.9750000000026 2230.2000000000016 0.69893833483748646 22.606093670118653 16.126280555163465 9526.8166666666784 24.600653644508466 0.335015764103893 0.65062400937924658 1.4014061613018491 77.500000000000014 3.5000000000000004 30.21595292710472 24.326684462825273 2.5000000000000004
decision_type=2 2 2 2 2 2 2 2 2 2 2 2 2 2 2 2 2 2 2 2 2 2 2 2 2 2 2 2 2 2 2 2 2 2 2 2 2 2 2 2 2 2 2 2 2 2 2 2 2 2 2 2 2 2 2 2 2 2 2 2 2 2
left_child=-1 2 45 -4 5 54 7 12 9 -9 35 -11 -6 -12 15 19 28 22 -19 -15 -20 -17 25 24 -24 26 27 -18 29 30 31 -16 -29 -27 -25 -10 37 38 -14 40 41 42 -38 -43 -45 50 47 -47 49 -48 51 -2 55 -54 -3 -50 -57 59 -59 60 61 -58
right_child=1 4 3 -5 6 -7 -8 8 10 11 13 -13 36 14 16 21 17 18 20 -21 -22 -23 23 34 -26 33 -28 32 -30 -31 -32 -33 -34 -35 -36 -37 39 -39 -40 -41 -42 43 -44 44 -46 46 48 -49 52 -51 -52 -53 53 -55 -56 56 57 58 -60 -61 -62 -63
leaf_value=-0.011644784532085242 -0.018272861509405554 -0.1371533635717172 0.017916050553392081 0.08461474058302966 -0.082298765725694431 -0.0081804817049380609 0.059172236852538897 0.13068109197995148 0.019772961255042784 -0.033682510608976542 -0.060031978859276074 0.11329944938421251 0.077769887619293654 0.045121190493757075 -0.01302656534881819 0.026860629215284634 -0.028416579633074646 0.052336380495266482 -0.16969481476328591 0.17487367033958434 -0.050575425369398935 -0.079276616784877019 0.046720317573774428 -0.089861874878406522 0.20317230328269631 -0.12080075300875165 -0.026222948995418851 0.13826927967807826 0.047424264624714857 -0.11876144861802458 0.016433867694515932 -0.097621531598269945 0.04104336870127711 -0.0016137322038412096 0.029809684604406358 0.11274645825227102 -0.11006755530834199 -0.067201679944992071 -0.019911108469521557 0.017802531714009685 -0.059719436513949876 -0.027574239764894759 0.030950173052648706 0.070430023854841359 -0.0013676648338065102 -0.046366969349328435 0.0947617742480064 0.078852221950450371 0.006792286065351304 -0.029515067995525897 0.029757060246034101 -0.10531727918297858 0.021383753791451455 -0.15303416141757259 -0.052237660903483633 -0.077607679848923639 0.025596936586664461 -0.012160692409664955 -0.15984187147447043 0.098304188457460931 -0.074807474254927744 -0.042040280775270528
leaf_weight=1987 94 26 1906 33 43 204 39 37 31 55 61 20 52 22 63 54 34 22 22 20 28 21 21 20 23 21 80 34 20 30 57 68 29 20 20 30 45 23 27 86 108 175 24 46 68 20 49 85 1085 20 44 37 46 27 56 46 257 106 28 26 47 72
leaf_count=1987 94 26 1906 33 43 204 39 37 31 55 61 20 52 22 63 54 34 22 22 20 28 21 21 20 23 21 80 34 20 30 57 68 29 20 20 30 45 23 27 86 108 175 24 46 68 20 49 85 1085 20 44 37 46 27 56 46 257 106 28 26 47 72
internal_value=-3.99094e-11 0.00384803 0.00991599 0.0190512 -0.00846519 -0.0285319 -0.00508728 -0.006597 0.00148979 0.046863 -0.00448177 0.00551268 -0.01777 -0.00988524 -0.00568915 0.0365453 -0.0137634 0.00190741 -0.0555277 0.106908 -0.102988 -0.0028578 0.0156006 0.0530125 0.128502 0.00118497 0.0159741 0.0507758 -0.0383889 -0.0462617 -0.0346926 -0.0569385 0.0935145 -0.0626607 -0.0300261 0.0654976 -0.0135273 0.0192235 0.0443852 -0.019579 -0.0264778 -0.0164496 -0.0610179 -0.00580869 0.0276033 0.00143673 0.00381734 0.0550009 0.000846488 0.0587395 -0.0246004 -0.0428579 -0.00144927 -0.043127 -0.0791622 0.00037585 -0.0115861 -0.00592003 -0.0430194 0.00644644 9.45777e-05 0.0107949
internal_weight=8000 6013 4028 1939 1985 286 1699 1660 963 112 851 75 697 790 729 117 612 374 72 42 50 75 302 84 44 218 177 97 238 218 188 131 63 41 40 61 654 102 79 552 466 358 69 289 114 2089 1914 105 1809 69 175 131 1740 73 82 1667 582 536 134 402 376 329
internal_count=8000 6013 4028 1939 1985 286 1699 1660 963 112 851 75 697 790 729 117 612 374 72 42 50 75 302 84 44 218 177 97 238 218 188 131 63 41 40 61 654 102 79 552 466 358 69 289 114 2089 1914 105 1809 69 175 131 1740 73 82 1667 582 536 134 402 376 329
is_linear=0
shrinkage=0.05


Tree=131
num_leaves=63
num_cat=0
split_feature=7 7 7 7 7 7 7 7 7 3 0 4 4 7 7 7 7 4 6 3 3 2 0 4 6 2 4 5 4 4 2 2 2 5 5 8 2 6 3 5 8 3 4 4 8 8 4 8 8 7 7 4 6 4 3 3 8 8 6 8 7 3
split_gain=130.95 379.76 205.895 133.261 1108.32 517.868 313.621 229.727 213.635 149.846 210.539 117.985 137.817 113.462 228.947 105.635 192.412 93.5171 144.961 92.5848 127.938 102.354 285.591 88.1774 81.1207 80.5905 80.5607 87.3098 77.3196 108.499 93.3137 75.3632 110.965 117.229 102.552 96.1947 72.8992 155.601 83.1108 70.333 68.8473 68.6966 84.2698 179.775 157.807 90.1049 72.2625 70.9992 107.379 67.9136 67.0738 65.9948 65.6562 64.5074 96.9939 114.874 102.701 149.339 144.579 79.3462 66.3094 62.358
threshold=1.5000000000000002 2.5000000000000004 4.5000000000000009 10.500000000000002 9.5000000000000018 7.5000000000000009 14.500000000000002 6.5000000000000009 13.500000000000002 9473.8500000000076 3.5000000000000004 21.775241016660761 31.903448193253094 11.500000000000002 12.500000000000002 18.500000000000004 17.500000000000004 35.493162345976423 50.500000000000007 7905.1166666666641 9323.7083333333394 1.5000000000000002 3.5000000000000004 34.069371766239996 11.500000000000002 2.5000000000000004 10.967085798355855 0.85972301163601206 23.531693448102253 35.093102870081289 1.0000000180025095e-35 2.5000000000000004 1.5000000000000002 19.199527021204993 14.318913464289169 0.70074122418097462 2.5000000000000004 44.500000000000007 5420.7416666666677 11.336625680887021 0.81995608016873056 7665.7749999999905 27.484548925689811 21.622964668848734 0.50093160875621201 0.62872286442738001 33.688567897461198 0.76304519974231977 0.63380604495680337 1.0000000180025095e-35 8.5000000000000018 39.444610940668646 67.500000000000014 35.775220069084156 8891.116666666685 9083.2083333333467 0.63100731491281647 0.86115495368074746 49.500000000000007 0.17234430247247598 15.500000000000002 9323.7083333333394
decision_type=2 2 2 2 2 2 2 2 2 2 2 2 2 2 2 2 2 2 2 2 2 2 2 2 2 2 2 2 2 2 2 2 2 2 2 2 2 2 2 2 2 2 2 2 2 2 2 2 2 2 2 2 2 2 2 2 2 2 2 2 2 2
left_child=49 19 -3 4 5 7 8 17 13 10 31 -12 -13 -5 -15 16 53 23 -19 21 25 28 36 -4 -18 -21 -26 -28 52 30 -30 32 35 -34 -33 -6 37 -23 -38 -20 -17 42 43 45 -44 -29 -46 48 -43 -1 -7 -16 -2 54 56 -56 59 -58 -59 60 -8 -9
right_child=1 2 3 6 9 50 15 61 -10 -11 11 12 -14 14 51 40 24 18 39 20 -22 22 -24 -25 26 -27 27 41 29 -31 -32 34 33 -35 -36 -37 38 -39 -40 -41 -42 47 44 -45 46 -47 -48 -49 -50 -51 -52 -53 -54 -55 55 -57 57 58 -60 -61 -62 -63
leaf_value=-0.0045798719904445269 -0.057957536478837335 -0.02432524738931403 0.0040520048813610507 -0.031575484377106389 0.049611737213113849 -0.019679876944834467 0.023056336591641108 0.042366597084553856 -0.053299321596400252 -0.03817953414876353 0.083336973190307626 0.3034102919201056 0.13213283523269323 0.027702401423747847 -0.019778829922513386 -0.020367684905734644 0.10426282738149167 -0.12409275782605012 -0.068963831650326032 -0.026024259448031641 0.11073497215906779 0.21498237589839847 0.26409452882680029 0.093183030586304338 -0.039421251858584583 0.074982730150222776 -0.040884580503084827 0.044257069390732796 0.042891346138936505 -0.026296747697605972 0.17560389269716467 -0.0093584550278527408 0.21510568159547719 0.073144577414943623 0.095803702563386078 0.14654992697478245 0.0938886146247387 0.040155441973890579 -0.042859035518951719 0.049202024103964077 0.051274636448235128 0.013163765474485282 0.18897675982543402 -0.031140848772322878 0.11549363672733307 0.16957017171841404 -0.014457980365208959 -0.056748152912958809 0.13823862814090468 -0.033306288078609039 -0.048856274237569358 -0.096802198241154366 0.054327347356340164 0.033001555870758016 0.1178389235673582 0.014272970985621214 -0.044386651391784354 0.15013243854045868 -0.035403301886149811 0.013757087014415172 -0.068242617519730236 0.11510442781727762
leaf_weight=413 30 807 643 405 114 380 30 372 371 22 24 24 23 401 381 358 50 36 20 94 30 20 22 29 32 25 28 32 27 21 26 49 33 26 44 33 20 35 25 34 37 78 35 47 20 26 23 23 22 410 409 30 23 178 34 126 255 21 21 502 59 32
leaf_count=413 30 807 643 405 114 380 30 372 371 22 24 24 23 401 381 358 50 36 20 94 30 20 22 29 32 25 28 32 27 21 26 49 33 26 44 33 20 35 25 34 37 78 35 47 20 26 23 23 22 410 409 30 23 178 34 126 255 21 21 502 59 32
internal_value=-5.44132e-12 0.00216623 -0.000620604 0.00258262 0.011865 -0.00352064 -0.00342723 0.0176481 -0.0200839 0.0885969 0.0961349 0.173535 0.219594 -0.00995826 0.000823723 0.00955795 0.0151425 0.00148819 -0.046375 0.0496335 0.0184586 0.0682884 0.100996 0.00789843 0.0445256 -0.0048043 0.0363648 0.0436258 0.0368688 0.0698856 0.107996 0.0777556 0.094622 0.152547 0.0403957 0.0713734 0.0651138 0.103729 0.0179177 0.00543689 -0.0136569 0.0513587 0.0707812 0.0415374 0.110148 0.100432 0.0459846 0.0224619 0.0406802 -0.0188907 -0.0348043 -0.025401 -0.00923013 0.00517238 0.000445674 0.0362807 -0.00601109 -0.0299976 0.0573646 0.00604303 -0.0374677 0.048128
internal_weight=8000 7177 6779 5972 2347 1955 3625 1166 1588 392 370 71 47 1217 812 2037 1642 762 90 398 149 249 122 672 416 119 366 334 127 74 53 299 206 59 93 147 100 55 45 54 395 306 183 105 78 58 43 123 100 823 789 411 53 1226 1048 160 888 297 42 591 89 404
internal_count=8000 7177 6779 5972 2347 1955 3625 1166 1588 392 370 71 47 1217 812 2037 1642 762 90 398 149 249 122 672 416 119 366 334 127 74 53 299 206 59 93 147 100 55 45 54 395 306 183 105 78 58 43 123 100 823 789 411 53 1226 1048 160 888 297 42 591 89 404
is_linear=0
shrinkage=0.05


Tree=132
num_leaves=63
num_cat=0
split_feature=1 1 1 5 8 8 4 4 4 4 0 7 7 7 3 4 7 0 7 6 6 3 8 3 0 5 8 4 5 8 5 3 3 8 8 4 4 6 4 6 3 4 8 4 4 6 5 3 6 5 5 3 5 8 2 8 8 0 4 4 4 6
split_gain=130.26 241.225 99.8021 60.867 59.9681 73.3636 67.4712 88.7443 87.6222 113.952 66.5829 58.8572 56.3881 206.188 141.683 95.2725 85.1776 89.0212 121.368 100.066 83.032 114.355 86.3882 70.6906 155.94 69.5172 97.7022 214.315 97.2588 194.55 82.8144 79.0444 121.921 78.663 66.7393 63.9019 80.2646 78.0521 62.0533 75.8628 60.7719 87.5774 69.3662 125.09 167.261 60.6424 60.135 55.1975 54.0849 53.8228 77.1975 53.6473 52.7489 52.2709 52.5566 104.4 129.043 175.779 69.8321 146.125 115.682 119.301
threshold=1.0000000180025095e-35 2.5000000000000004 1.5000000000000002 33.546373147794924 0.79841744230046874 0.80499697494440292 28.393550200141025 38.012559216175141 18.860081412094932 13.670900693646105 2.5000000000000004 10.500000000000002 2.5000000000000004 1.5000000000000002 3777.3833333333346 26.86071981977447 4.5000000000000009 1.5000000000000002 3.5000000000000004 54.500000000000007 9.5000000000000018 4087.9916666666709 0.39452026785034949 3223.7916666666683 3.5000000000000004 18.963318150247577 0.50093160875621201 9.8644158430700664 20.577513542843537 0.66322591592734037 16.977863320964584 8186.8166666666702 8601.5416666666715 0.71422941428671083 0.37416669759469506 19.112667072366161 36.512538364667634 24.500000000000004 16.365090262004749 78.500000000000014 4860.3583333333427 22.497591760248707 0.41414475575680526 21.516668058063811 29.823352826877393 3.5000000000000004 15.173802492556131 7503.7833333333301 59.500000000000007 23.463980991730121 28.475242844600121 6761.6833333333307 26.112510845582943 0.88658823471916637 2.5000000000000004 0.67209729891993997 0.64286526278807299 2.5000000000000004 16.096234169673341 24.600653644508466 32.481216907892353 83.500000000000014
decision_type=2 2 2 2 2 2 2 2 2 2 2 2 2 2 2 2 2 2 2 2 2 2 2 2 2 2 2 2 2 2 2 2 2 2 2 2 2 2 2 2 2 2 2 2 2 2 2 2 2 2 2 2 2 2 2 2 2 2 2 2 2 2
left_child=-1 2 3 53 12 -6 8 51 9 -7 -10 -5 13 35 -15 -16 17 19 -19 -14 21 -18 -23 24 -22 26 27 -25 34 31 -28 38 -33 -31 -27 -4 37 -37 -30 49 41 -29 -42 -44 -45 -24 -39 -20 -48 -40 -51 -8 -34 54 55 56 58 -58 -2 -60 61 -61
right_child=1 -3 4 11 5 6 7 -9 10 -11 -12 -13 16 14 15 -17 20 18 47 -21 23 22 45 25 -26 28 30 40 29 33 -32 32 52 -35 -36 36 -38 46 39 -41 42 -43 43 44 -46 -47 48 -49 -50 50 -52 -53 -54 -55 -56 -57 57 -59 59 60 -62 -63
leaf_value=-0.011072897182792939 0.031195710925865417 -0.010731753540775655 0.057800589745694943 -0.088399368274424767 -0.091608846255324117 0.037380842250936172 -0.12345795125390094 0.038572284579277041 0.024270703966127863 -0.10671926257403003 0.11922557706634203 0.014564769941827524 -0.03236919735037886 0.21896665602922441 0.018108155959773633 0.12663555915634603 0.081023380769924686 0.015749926852953174 -0.13691522193839775 0.088069010036332274 -0.042187307023656716 0.015596875175833703 -0.02392483013016837 -0.11878647387027741 0.076375279021568793 -0.10343073860362724 0.050796984036073647 0.012312347298631302 0.08036656880544292 -0.11583309957179531 0.12874193655756802 0.15332712341203458 0.089988248901707799 0.0016606241996799196 0.0011955437702792034 0.05304572993516922 0.06708429127931595 -0.090323210081883848 0.043943056677068985 0.093329629600048078 0.036879207281994501 0.13674544731846019 0.080006813719159076 -0.171296156481618 0.020114776384085417 -0.13549150937590107 -0.059480613539926709 -0.037758472710847861 0.049054375968196173 -0.086378488669524328 0.023660998405622587 -0.025821262685691612 -0.016555784039127715 0.065855834950857312 -0.011037729593020964 0.029482284896553912 -0.0062480910193352477 -0.17587494843949875 -0.03044723838058367 0.016862213162902005 -0.013616434845555523 0.09217247890106485
leaf_weight=1994 194 1958 55 35 22 34 24 31 48 23 30 23 34 20 42 39 22 46 32 35 96 33 21 25 39 27 270 26 36 29 39 36 21 28 35 25 30 42 28 20 224 31 21 21 25 29 24 25 22 37 28 34 26 34 481 409 42 24 293 232 223 68
leaf_count=1994 194 1958 55 35 22 34 24 31 48 23 30 23 34 20 42 39 22 46 32 35 96 33 21 25 39 27 270 26 36 29 39 36 21 28 35 25 30 42 28 20 224 31 21 21 25 29 24 25 22 37 28 34 26 34 481 409 42 24 293 232 223 68
internal_value=-1.19238e-11 0.00367622 0.0106453 0.00292518 0.0186292 -0.0044813 0.00407587 -0.029721 0.0263568 -0.0207648 0.0607918 -0.0475688 0.0218891 0.0416537 0.0997887 0.0703621 0.0177993 -0.0152261 -0.0446675 0.0287226 0.0222615 -0.0203282 -0.0471925 0.0260902 -0.00793589 0.030537 0.0398423 0.0226174 0.0124568 0.0246475 0.0606347 0.0449818 0.0840853 -0.0581169 -0.0443675 0.0119989 -0.00561707 -0.0249183 0.0231993 0.00498674 0.0327758 0.0799865 0.0235283 -0.0211076 -0.0672685 -0.0886335 -0.0470672 -0.0934254 -0.00757258 -0.0140117 -0.0389769 -0.0662227 0.031049 0.00438951 0.00332651 0.00797917 -0.000194419 -0.0679306 0.00423191 -0.00217861 0.0136583 0.0339325
internal_weight=8000 6006 4048 2058 1990 246 224 89 135 57 78 58 1744 299 101 81 1445 172 103 69 1273 105 83 1168 135 1033 682 373 351 289 309 232 83 57 62 198 143 113 149 113 348 57 291 67 46 50 88 57 46 93 65 58 47 2000 1966 1485 1076 66 1010 816 523 300
internal_count=8000 6006 4048 2058 1990 246 224 89 135 57 78 58 1744 299 101 81 1445 172 103 69 1273 105 83 1168 135 1033 682 373 351 289 309 232 83 57 62 198 143 113 149 113 348 57 291 67 46 50 88 57 46 93 65 58 47 2000 1966 1485 1076 66 1010 816 523 300
is_linear=0
shrinkage=0.05


Tree=133
num_leaves=63
num_cat=0
split_feature=2 2 2 8 3 3 0 4 7 8 8 7 3 6 4 4 5 3 3 5 6 3 8 3 8 7 7 4 7 4 3 7 5 4 6 7 5 0 6 1 3 5 8 4 5 8 8 3 4 5 5 5 8 8 4 4 3 5 7 5 4 4
split_gain=129.527 152.8 106.329 50.2789 48.088 53.6601 70.1889 83.4611 66.0061 94.0273 81.1107 80.7382 125.851 95.8808 66.6305 97.9747 91.4275 86.7379 60.9981 59.9127 59.8505 57.8948 66.4686 58.3185 58.1253 52.2002 284.884 93.0847 79.7393 77.6714 66.1816 64.502 70.3961 80.2876 97.5112 64.9801 62.482 56.3951 50.1855 50.5497 48.2311 51.2488 48.0685 80.6395 60.7513 54.15 93.8291 91.8645 74.9412 192.303 76.9779 105.044 129.074 175.761 91.8447 83.6677 82.9456 78.8614 76.4825 174.028 159.232 169.24
threshold=1.0000000180025095e-35 2.5000000000000004 1.5000000000000002 0.88381913601446982 2442.7416666666695 3799.3500000000008 3.5000000000000004 23.330905014419631 5.5000000000000009 0.33768564694951764 0.40051476063252894 7.5000000000000009 8204.4166666666697 53.500000000000007 25.468732434457731 23.426461162021443 4.5141856999366423 7202.5916666666626 2787.3250000000035 7.5214993127114562 69.500000000000014 9447.4500000000135 0.43171374718931871 9323.7083333333394 0.62556849581191665 9.5000000000000018 10.500000000000002 27.003264999623322 8.5000000000000018 17.253774518175046 8137.1750000000002 14.500000000000002 31.255101965518396 19.901590642296025 81.500000000000014 12.500000000000002 13.782333149782962 1.5000000000000002 29.500000000000004 2.5000000000000004 7553.2999999999984 10.264730463091617 0.83899207134673437 25.935990388524697 16.478370817626885 0.17557990916412211 0.212321539700465 6535.1916666666657 43.636707681891416 16.977863320964584 17.60408639267602 15.173802492556131 0.74874040481082493 0.59615239877383419 24.600653644508466 30.132571657323822 7808.858333333329 18.255714766500919 7.5000000000000009 23.773251869243815 32.852496219087925 14.67491530027816
decision_type=2 2 2 2 2 2 2 2 2 2 2 2 2 2 2 2 2 2 2 2 2 2 2 2 2 2 2 2 2 2 2 2 2 2 2 2 2 2 2 2 2 2 2 2 2 2 2 2 2 2 2 2 2 2 2 2 2 2 2 2 2 2
left_child=4 2 42 -4 -1 6 18 -8 9 38 -11 12 -10 -14 15 16 -12 -16 -6 -20 -19 23 -23 25 -24 28 27 29 30 -27 -13 35 33 34 37 40 -30 -33 -7 -40 -28 -42 45 -44 -45 -2 47 -47 50 -50 51 -48 53 54 56 -56 -53 -52 59 -59 61 -61
right_child=1 -3 3 -5 5 8 7 -9 11 10 14 21 13 -15 17 -17 -18 20 19 -21 -22 22 24 -25 -26 26 31 -29 36 -31 -32 32 -34 -35 -36 -37 -38 -39 39 -41 41 -43 43 44 -46 46 48 -49 49 -51 57 52 -54 -55 55 -57 -58 58 -60 60 -62 -63
leaf_value=-0.043512053243143278 -0.023001097433535119 -0.0076967587483160078 0.016625168356201089 0.07887432801001 -0.059378292053741843 -0.017842441098764539 -0.010482319176197054 0.10913212674004691 -0.0080550035640883904 0.057301038835902478 0.071243052529171111 0.023059053920575834 0.021496728450680774 0.16008564970241146 -0.040503953080898263 -0.13705341269572577 -0.044813976596508709 0.0052606420496762816 -0.042188838543370369 0.028254644667381437 0.091999243547519052 0.017670521119143814 -0.14916015572168612 0.074936728179454806 -0.031385777983814478 0.058161275386810311 -0.040096486893112529 0.020142784786801187 -0.015088316857814789 0.18922358785684293 -0.078099219467152259 0.00039000531722759382 0.078503484880694974 -0.021901668122861966 -0.064999365380832133 -0.058117493783885789 -0.11537829655699615 0.087717649742376572 -0.058916103570111872 -0.13837131857872009 0.070686423898275411 -0.012411543378098445 0.0068590105331716063 -0.02851598970592022 -0.12669145702742612 -0.0052825917888964929 0.0031690638179504831 0.090182299332486268 -0.045558394627137622 0.15358590994858079 -0.082552795857191094 0.071977955078085271 0.15218154621124269 -0.071601422718076999 0.18102125240408856 0.044632097265937115 -0.054228036429571073 0.055094806158431167 -0.021647600536407144 0.063426279711226621 0.10102570965886115 -0.087960451589606248
leaf_weight=108 175 1985 1906 33 38 52 25 35 78 37 20 61 24 26 68 24 112 59 40 123 30 20 22 21 20 20 73 31 25 26 22 29 26 251 21 132 41 51 87 26 28 55 83 40 26 42 789 63 22 27 37 30 25 33 23 22 23 127 378 24 20 80
leaf_count=108 175 1985 1906 33 38 52 25 35 78 37 20 61 24 26 68 24 112 59 40 123 30 20 22 21 20 20 73 31 25 26 22 29 26 251 21 132 41 51 87 26 28 55 83 40 26 42 789 63 22 27 37 30 25 33 23 22 23 127 378 24 20 80
internal_value=2.40369e-11 0.00365729 0.00925257 0.0176846 -0.0110676 -0.00920275 0.0118351 0.0592928 -0.0125964 -0.0273758 -0.0127067 -0.00569574 0.0316395 0.093563 -0.0209824 -0.0441256 -0.0272296 0.00201329 -0.00233138 0.0109679 0.0344984 -0.0105972 -0.0573521 -0.00742216 -0.0930771 -0.00936111 -0.00394456 0.0871099 -0.0363711 0.13224 -0.00375398 -0.0144719 -0.000889694 -0.00675396 0.0308903 -0.0322985 -0.0773897 0.0560614 -0.0584919 -0.0771978 -0.0104517 0.0156215 0.001426 -0.0259417 -0.0671912 0.00352796 0.00615831 0.0519963 0.00325892 0.0641742 0.00140613 0.0105816 0.0480717 0.0282034 0.0618111 0.114342 0.0172093 -0.0116131 -0.00744013 0.013956 -0.0281782 -0.0530251
internal_weight=8000 6013 4028 1939 1987 1879 261 60 1618 515 350 1103 128 50 313 156 132 157 201 163 89 975 62 913 42 892 743 77 149 46 83 666 378 352 101 288 66 80 165 113 156 83 2089 149 66 1940 1765 105 1660 49 1611 945 156 131 98 45 53 666 629 251 124 104
internal_count=8000 6013 4028 1939 1987 1879 261 60 1618 515 350 1103 128 50 313 156 132 157 201 163 89 975 62 913 42 892 743 77 149 46 83 666 378 352 101 288 66 80 165 113 156 83 2089 149 66 1940 1765 105 1660 49 1611 945 156 131 98 45 53 666 629 251 124 104
is_linear=0
shrinkage=0.05


Tree=134
num_leaves=63
num_cat=0
split_feature=0 0 0 5 0 4 4 4 6 4 6 4 8 4 3 8 4 6 8 2 1 6 6 6 4 8 8 6 3 5 4 5 4 7 5 6 1 4 8 8 4 6 2 3 5 5 4 5 5 8 2 7 4 8 7 8 8 2 1 3 7 4
split_gain=124.917 147.785 218.138 109.582 85.1915 63.3731 98.3089 71.8912 76.3951 60.3628 69.7608 59.4372 63.317 59.2548 58.8046 60.9829 96.4529 86.231 72.7903 64.2565 64.2863 61.4958 56.819 72.4341 184.76 129.532 122.945 92.5735 82.5019 80.5048 114.241 93.6757 138.791 76.5313 91.1397 91.9093 224.993 85.0685 115.734 171.344 109.751 119.557 101.26 92.8613 80.6708 180.876 165.797 138.412 79.9252 75.3574 85.2544 74.4931 84.2614 70.1991 69.5919 68.3743 70.6685 67.8176 64.203 63.0733 62.7783 62.4439
threshold=1.0000000180025095e-35 2.5000000000000004 3.5000000000000004 -5.3691017863632746 1.5000000000000002 41.562516888547314 39.444610940668646 43.636707681891416 52.500000000000007 6.1200192445087636 59.500000000000007 42.001725629616367 0.11336199433996917 36.893416906533147 1937.033333333334 0.22329579719711476 45.855903595867126 9.5000000000000018 0.23772742260024263 1.5000000000000002 1.0000000180025095e-35 58.500000000000007 95.500000000000014 88.500000000000014 23.239453947011814 0.64558504796099314 0.59318740218297827 82.500000000000014 6466.4916666666641 30.89605516607471 27.584252552225678 25.899641294613406 18.545623380065098 17.500000000000004 24.486160566721619 21.500000000000004 2.5000000000000004 20.846679056640635 0.34196513307723958 0.42645370767320984 10.702483287502377 61.500000000000007 1.0000000180025095e-35 7569.0833333333303 15.514067192621365 12.939078426292427 27.484548925689811 18.485191952430316 11.336625680887021 0.63773040566032202 1.5000000000000002 6.5000000000000009 25.550151988674415 0.23772742260024263 9.5000000000000018 0.33169896542094007 0.56111682996321954 1.5000000000000002 1.5000000000000002 7700.7583333333232 9.5000000000000018 23.931914805466246
decision_type=2 2 2 2 2 2 2 2 2 2 2 2 2 2 2 2 2 2 2 2 2 2 2 2 2 2 2 2 2 2 2 2 2 2 2 2 2 2 2 2 2 2 2 2 2 2 2 2 2 2 2 2 2 2 2 2 2 2 2 2 2 2
left_child=11 4 -3 -4 14 6 9 -7 -9 10 -6 12 -1 -14 -2 19 17 -17 -19 -16 -21 -22 23 27 26 -26 -25 29 -29 31 -31 33 -33 34 35 36 53 38 54 -40 -41 43 59 -42 45 46 61 57 -38 50 -49 -34 -53 -11 -37 -48 -57 -46 -35 -39 -30 -44
right_child=1 2 3 -5 5 7 -8 8 -10 22 -12 -13 13 -15 15 16 -18 18 -20 20 21 -23 -24 24 25 -27 -28 28 60 30 -32 32 51 58 -36 37 48 42 39 40 41 -43 44 -45 47 -47 55 49 -50 -51 -52 52 -54 -55 -56 56 -58 -59 -60 -61 -62 -63
leaf_value=0.074039490744471553 -0.082465356141328827 -0.017728464130015577 -0.097460225597023969 0.010199476284810625 0.13739507016928301 -0.10678688794374468 0.10940056993596015 0.066598764764001742 -0.049619035014221748 0.13984542718300452 0.015536761563271285 0.034449924961305584 -0.01274787369675732 -0.050519297588782923 -0.049414977628412182 -0.035413104659428117 0.099577455382261967 0.090850902265972575 0.0078588936050066165 -0.044289443244536722 0.062972560825829332 -0.026922815193732581 0.068366345721033381 -0.16037431546840175 0.094783491762103267 -0.056318097529203998 -0.0055766074877718229 0.13632909486691155 -0.016938229778717305 0.11997836032291738 -0.019246093864026276 0.053969114668229047 -0.010502441950580654 0.02428906039809281 0.090676732371664723 0.014074640214029287 -0.12934725939163141 -0.025524374366295146 0.16602346054636516 -0.076436290822245859 -0.051957747961997119 0.11549751441448163 0.0038291153730824591 0.069834350267874781 0.1636191480539062 -0.10881612670015206 0.13561221108771862 0.04032722012627693 -0.0038121428573504091 0.07374785657972098 -0.08710481928927559 -0.1819391278993516 -0.046081659987568857 0.050807543154243351 -0.092116100423865852 -0.035499736666679382 0.073927787825879124 0.043251742959022524 0.10820049264933913 -0.10693770379592211 0.092383919035395001 -0.089369526905257526
leaf_weight=20 20 1573 24 1558 23 20 31 26 31 26 24 65 1424 112 103 116 28 27 1231 45 52 30 53 29 37 23 23 30 29 41 23 34 34 53 36 36 21 61 26 22 34 39 32 29 22 44 20 21 32 20 35 21 25 149 27 25 36 25 40 39 24 41
leaf_count=20 20 1573 24 1558 23 20 31 26 31 26 24 65 1424 112 103 116 28 27 1231 45 52 30 53 29 37 23 23 30 29 41 23 34 34 53 36 36 21 61 26 22 34 39 32 29 22 44 20 21 32 20 35 21 25 149 27 25 36 25 40 39 24 41
internal_value=6.9827e-11 0.00314957 -0.00454362 0.00856621 0.0106781 0.0190101 0.0212885 -0.0252255 0.00339259 0.0194227 0.0751696 -0.0123943 -0.0143511 -0.015502 0.0027496 0.0037939 0.00770865 0.0058365 0.00964012 -0.020069 0.00373121 0.030084 0.0175737 0.0156 -0.0229236 0.0368612 -0.0919061 0.0190462 0.0700708 0.0154235 0.0699446 0.0122657 -0.030657 0.0172033 0.0127318 0.00947652 0.0367019 -0.00031429 0.0254347 0.0493203 0.0248503 0.0466964 -0.0133417 0.00410528 0.000344852 -0.019411 0.00613333 0.032147 -0.0535525 -0.00956368 -0.0393178 -0.0666231 -0.108104 0.064036 -0.0314357 0.0553846 0.0290804 0.0995939 0.06038 -0.0572756 0.0325661 -0.0485153
internal_weight=8000 6379 3155 1582 3224 1572 1495 77 57 1464 47 1621 1556 1536 1652 1632 1402 1374 1258 230 127 82 1417 1364 112 60 52 1252 83 1169 64 1105 114 991 898 862 228 634 213 150 124 102 421 63 321 198 154 123 53 76 56 80 46 175 63 81 61 47 93 100 53 73
internal_count=8000 6379 3155 1582 3224 1572 1495 77 57 1464 47 1621 1556 1536 1652 1632 1402 1374 1258 230 127 82 1417 1364 112 60 52 1252 83 1169 64 1105 114 991 898 862 228 634 213 150 124 102 421 63 321 198 154 123 53 76 56 80 46 175 63 81 61 47 93 100 53 73
is_linear=0
shrinkage=0.05


Tree=135
num_leaves=63
num_cat=0
split_feature=1 1 1 5 5 4 4 3 7 7 7 7 6 7 4 4 3 6 3 4 4 4 7 7 5 6 7 5 0 6 7 0 3 3 5 0 5 8 7 4 6 5 8 8 5 3 3 3 3 8 4 4 8 7 5 4 8 4 7 6 5 5
split_gain=116.767 213.827 88.3725 55.9102 65.5772 126.752 109.857 62.601 54.6792 233.345 349.122 167.097 144.166 99.7411 126.312 96.7337 93.1281 75.1762 72.8809 71.6444 108.473 90.5246 68.5765 226.661 183.53 114.498 72.5592 65.735 99.3124 73.2695 65.591 73.482 63.4803 63.1738 87.0096 104.081 91.8059 73.5119 62.6296 83.2749 60.85 85.398 60.6582 74.3739 60.3208 69.3855 77.1563 74.2217 57.7257 81.9413 57.3247 55.8166 54.8448 54.4625 80.7259 54.2074 85.9977 77.8824 51.9239 49.1113 48.2459 74.0345
threshold=1.0000000180025095e-35 2.5000000000000004 1.5000000000000002 28.075025625480901 25.54281987860362 26.86071981977447 17.680000866272 3178.2333333333368 7.5000000000000009 9.5000000000000018 10.500000000000002 6.5000000000000009 68.500000000000014 14.500000000000002 21.173289238059258 38.012559216175141 7230.5583333333279 24.500000000000004 8939.183333333347 26.684292683372032 25.144070675018177 22.761446887576017 2.5000000000000004 1.5000000000000002 25.747754652903897 40.500000000000007 5.5000000000000009 19.358120955583821 3.5000000000000004 21.500000000000004 1.0000000180025095e-35 1.0000000180025095e-35 7824.9999999999964 7473.2833333333301 26.112510845582943 3.5000000000000004 18.485191952430316 0.74348028605094929 8.5000000000000018 18.677522801173911 54.500000000000007 16.664651278446581 0.32894660580983381 0.51169483554895001 18.684307896344489 3376.6083333333349 4087.9916666666709 7792.6499999999969 6488.3499999999985 0.568506131483697 26.423008674166301 25.367512069119588 0.6401454444566419 2.5000000000000004 30.21595292710472 25.855941008869628 0.50857016199230187 29.933332502579997 13.500000000000002 74.500000000000014 32.545491547304387 35.976063389446914
decision_type=2 2 2 2 2 2 2 2 2 2 2 2 2 2 2 2 2 2 2 2 2 2 2 2 2 2 2 2 2 2 2 2 2 2 2 2 2 2 2 2 2 2 2 2 2 2 2 2 2 2 2 2 2 2 2 2 2 2 2 2 2 2
left_child=-1 2 3 4 -2 6 -6 -5 11 38 12 22 42 14 17 33 -17 -12 32 20 21 -16 23 30 25 -25 44 28 29 -21 31 -4 50 37 35 36 55 -15 39 -10 41 -32 -11 -44 45 -24 -47 48 -48 -50 -13 -42 -49 -9 58 56 -35 -57 -55 60 -56 -62
right_child=1 -3 8 7 5 -7 -8 53 9 10 13 18 -14 15 19 16 -18 -19 -20 27 -22 -23 26 24 -26 -27 -28 -29 -30 -31 40 -33 -34 34 -36 -37 -38 -39 -40 -41 51 -43 43 -45 -46 46 47 52 49 -51 -52 -53 -54 54 59 57 -58 -59 -60 -61 61 -63
leaf_value=-0.010483728269282767 0.0033978334568798476 -0.010084466371897883 -0.027477036921247363 0.051994968050469964 0.080510338497432804 0.12674743374809624 -0.07130145586740512 -0.096617694032089474 -0.08928623349219561 0.14820030696690084 0.097748405509628364 0.048176957081471176 0.21496363186836245 0.013200525792830804 -0.095704829931259158 0.16148794740438463 0.031194147031055764 0.0089001734231558619 0.17310123145580292 -0.096452057808637623 -0.14821207102920328 0.035195973435682912 -0.076306238468913809 -0.017265185477832953 0.23017947647720574 0.10082495140055053 0.045665678230716905 -0.055926807686962468 0.10642691098830917 0.012986277393423597 0.073563856538385153 0.06540739616817412 0.0039219182950479018 -0.020989063089447365 -0.029809680951293563 0.14028914830248271 0.10350562616981365 -0.057317295427555627 -0.068069952914068851 0.017022720516792367 -0.10483618245593139 -0.048432300354425722 -0.02930614709854126 0.096026513237377709 -0.036836577437504708 0.10745634283362465 0.02058393351542644 0.0023849304589266714 0.010705975759109218 -0.12326808421313762 0.15128017216920853 -0.011267940740327578 0.08969594853264945 -0.026115352328380817 0.036820428818464278 -0.099403656007988117 0.097339817837757234 0.027031002373530951 -0.13627159887924792 0.070865945721214463 -0.11482464407260221 0.019592369757592681
leaf_weight=1994 1792 1958 31 24 22 32 26 29 25 20 32 28 25 188 25 24 32 93 20 20 28 28 21 30 20 65 85 54 22 65 32 68 27 28 40 28 37 46 97 70 28 26 20 29 107 22 39 37 21 25 26 37 35 23 27 21 34 29 20 22 21 20
leaf_count=1994 1792 1958 31 24 22 32 26 29 25 20 32 28 25 188 25 24 32 93 20 20 28 28 21 30 20 65 85 54 22 65 32 68 27 28 40 28 37 46 97 70 28 26 20 29 107 22 39 37 21 25 26 37 35 23 27 21 34 29 20 22 21 20
internal_value=-1.64451e-11 0.00348061 0.010042 0.00277738 0.00537512 0.0496663 -0.00172105 -0.0233677 0.0175548 0.0105441 0.0205315 0.027353 0.112093 0.0106839 -0.00916892 0.0250547 0.0870343 0.0316453 0.0876253 -0.0302507 -0.0686058 -0.0265497 0.0190025 0.035542 0.0925153 0.0635333 0.00478361 -0.010954 0.0117426 -0.0127639 0.00602879 0.0363224 0.0665201 0.0173588 0.0367912 0.0518423 0.0352214 -0.000661952 -0.0398091 -0.0109533 -0.0183538 0.0188759 0.074821 0.0448703 -0.00653553 0.00967553 0.0197628 0.00747451 -0.0241659 -0.062106 0.0978192 -0.0515743 0.0448278 -0.0345325 -0.0209951 0.0126632 0.043901 -0.0260716 -0.0773508 0.00593036 -0.0150782 -0.0492554
internal_weight=8000 6006 4048 2058 1872 80 48 186 1990 1160 968 830 94 874 367 507 56 125 101 242 81 53 729 337 115 95 392 161 107 85 222 99 81 451 217 177 149 234 192 95 123 58 69 49 307 200 179 157 85 46 54 65 72 162 133 112 62 50 43 90 68 41
internal_count=8000 6006 4048 2058 1872 80 48 186 1990 1160 968 830 94 874 367 507 56 125 101 242 81 53 729 337 115 95 392 161 107 85 222 99 81 451 217 177 149 234 192 95 123 58 69 49 307 200 179 157 85 46 54 65 72 162 133 112 62 50 43 90 68 41
is_linear=0
shrinkage=0.05


Tree=136
num_leaves=63
num_cat=0
split_feature=2 2 2 8 3 8 0 4 4 7 7 6 8 7 6 5 5 5 6 6 3 3 1 0 3 6 7 6 6 3 3 0 8 1 3 8 8 1 5 5 3 6 3 0 3 4 6 4 4 6 5 4 3 8 6 3 7 5 8 0 5 0
split_gain=112.72 137.426 95.9551 49.0352 64.3962 61.1992 59.1951 67.838 50.5274 50.7983 314.16 176.719 114.955 114.371 164.848 111.406 87.7932 172.811 114.992 146.951 153.112 115.229 128.516 222.827 127.76 87.0639 86.8697 170.244 102.094 85.241 185.141 91.9064 89.7781 101.831 88.6223 84.4184 194.054 142.372 114.326 113.052 114.552 104.576 105.66 97.1141 93.0742 88.8986 85.793 84.2671 81.1539 80.5615 79.6301 78.4619 90.7824 82.2437 73.3922 196.521 84.199 92.0378 100.899 75.2596 74.8531 72.6974
threshold=1.0000000180025095e-35 2.5000000000000004 1.5000000000000002 0.12246903012186941 6807.4750000000013 0.15160639861520495 2.5000000000000004 24.197223922540477 44.371560545758349 9.5000000000000018 10.500000000000002 28.500000000000004 0.88381913601446982 11.500000000000002 36.500000000000007 -3.9043488940327538 6.7572685741530156 12.431462487456605 93.500000000000014 27.500000000000004 8390.1083333333318 9273.0250000000215 1.0000000180025095e-35 3.5000000000000004 6921.8916666666601 80.500000000000014 2.5000000000000004 18.500000000000004 11.500000000000002 7682.9249999999911 7020.2999999999938 1.5000000000000002 0.76048528222805201 2.5000000000000004 4035.9333333333375 0.61923412664913602 0.66322591592734037 1.5000000000000002 22.748665159260955 5.1762326063997151 7760.4333333333316 83.500000000000014 7518.9416666666575 1.0000000180025095e-35 6712.6333333333323 25.935990388524697 44.500000000000007 32.732264407895563 23.426461162021443 34.500000000000007 1.1627528348611282 29.090867104276555 6352.3583333333327 0.59318740218297827 57.500000000000007 7953.7583333333232 18.500000000000004 19.96641659880326 0.34531657573079327 2.5000000000000004 22.748665159260955 1.5000000000000002
decision_type=2 2 2 2 2 2 2 2 2 2 2 2 2 2 2 2 2 2 2 2 2 2 2 2 2 2 2 2 2 2 2 2 2 2 2 2 2 2 2 2 2 2 2 2 2 2 2 2 2 2 2 2 2 2 2 2 2 2 2 2 2 2
left_child=-1 2 -2 4 -4 6 7 -5 9 16 11 -11 13 14 -12 -15 47 29 19 20 26 22 -21 51 -25 -16 -19 28 -28 30 32 -31 33 34 -18 41 37 -37 39 -38 43 54 -43 -41 45 -45 -42 61 -13 -33 -49 53 -53 -24 56 -56 57 58 59 -17 -59 -7
right_child=1 -3 3 5 -6 8 -8 -9 -10 10 12 48 -14 15 25 35 17 18 -20 21 -22 -23 23 24 -26 -27 27 -29 -30 31 -32 49 -34 -35 -36 36 38 -39 -40 40 46 42 -44 44 -46 -47 -48 50 -50 -51 -52 52 -54 -55 55 -57 -58 60 -60 -61 -62 -63
leaf_value=-0.0103245602788593 0.0012831282909675789 -0.0073559628016740715 -0.091140641582508897 0.036768250797803589 0.013475483224580163 0.04029738401564268 0.0028326131403446199 0.15212285000085832 0.068008982507592963 -0.0069695911183953289 0.046630903217010203 0.091348021951588726 0.12962560724644434 0.12147916316986085 -0.14723008952357552 -0.0053485631570220002 0.17325848849224193 0.0024522947083259455 -0.096184462383389471 -0.023863279191156231 0.049481557061274849 -0.056449473776468417 -0.026791538269836691 0.074488761261678665 0.24030218081814902 -0.016997578136977696 -0.11475274278942882 -0.22401482941582801 0.026308778381865957 0.074691632525487384 0.2184968787431717 0.037151158526539801 -0.0399717448367959 -0.022541541643440726 0.053914990031293464 0.04845533113440742 -0.06602725665206495 0.23086049336940051 -0.0501684521077847 -0.0068156635016202926 0.069275229548414557 0.11332796771784087 -0.0097320149906656959 -0.00088619209825992586 0.20292393639683726 0.14184639516946237 -0.055782120372168724 -0.013233953714370729 0.21459265075185718 -0.10005991092842559 -0.14964953797019048 0.0012619363367557526 0.12677453015657034 0.059800068359999431 -0.095841428890879099 0.054419240914285183 -0.069384616465129723 0.14043349650773138 -0.044027830530665342 0.1082368508577347 0.025610377048142254 -0.0362230107333366
leaf_weight=1987 2089 1985 24 26 38 52 28 25 46 20 32 22 21 25 33 35 28 29 30 75 36 41 79 26 21 21 29 20 23 33 20 20 21 20 35 23 23 20 49 20 24 37 33 20 22 24 32 20 34 23 23 25 34 42 68 32 34 22 79 25 40 77
leaf_count=1987 2089 1985 24 26 38 52 28 25 46 20 32 22 21 25 33 35 28 29 30 75 36 41 79 26 21 21 29 20 23 33 20 20 21 20 35 23 23 20 49 20 24 37 33 20 22 24 32 20 34 23 23 25 34 42 68 32 34 22 79 25 40 77
internal_value=9.02747e-11 0.00341176 0.0087181 0.0167282 -0.0270211 0.0181733 0.061245 0.0933146 0.0162809 0.0149227 0.0234951 0.120611 0.0141994 0.0110636 -0.0432948 0.0178683 0.00646693 0.0142312 -0.00121622 0.00471929 -0.0390553 0.0222036 0.0328817 0.05163 0.148576 -0.0965841 -0.0706129 -0.100042 -0.0523601 0.0536222 0.0791771 0.0119272 0.0523849 0.0757522 0.106957 0.0139555 0.0363696 0.133295 0.0168939 0.0368094 0.0534661 -0.000267716 0.055314 0.0897047 0.118953 0.0769679 -0.00218611 -0.0255833 0.166175 -0.0362408 -0.0862004 0.0263164 0.0735912 0.00326505 -0.0118818 -0.047758 0.00338467 0.0156939 -0.00690271 0.0419787 0.0663541 -0.00537758
internal_weight=8000 6013 4028 1939 62 1877 79 51 1798 1752 870 76 794 773 86 687 882 710 510 480 137 343 302 227 47 54 101 72 52 200 124 76 104 83 63 662 257 43 214 165 142 405 70 86 66 44 56 172 56 43 43 180 59 121 335 100 235 201 139 60 62 129
internal_count=8000 6013 4028 1939 62 1877 79 51 1798 1752 870 76 794 773 86 687 882 710 510 480 137 343 302 227 47 54 101 72 52 200 124 76 104 83 63 662 257 43 214 165 142 405 70 86 66 44 56 172 56 43 43 180 59 121 335 100 235 201 139 60 62 129
is_linear=0
shrinkage=0.05


Tree=137
num_leaves=63
num_cat=0
split_feature=0 0 0 5 0 4 4 3 8 5 5 8 4 6 8 6 4 3 3 6 8 2 6 8 3 5 7 8 4 8 7 7 4 5 5 4 4 8 8 3 4 6 8 8 5 3 8 3 7 1 5 8 5 7 5 4 6 4 1 8 5 4
split_gain=111.386 135.996 190.802 99.1601 75.3886 59.8125 85.5983 66.4136 88.9084 58.5218 119.216 63.7695 131.044 77.3593 197.619 270.991 223.372 159.174 259.739 349.377 176.882 196.295 171.813 170.726 170.252 162.684 147.799 168.038 297.109 248.153 145.623 145.032 144.172 173.328 136.674 136.216 183.185 216.581 183.181 156.621 156.381 122.5 112.693 105.7 101.804 131.581 237.47 125.209 144.208 108.253 106.635 102.328 229.608 195.054 187.275 90.3703 104.708 72.6475 76.6392 68.7796 75.6518 66.0222
threshold=1.0000000180025095e-35 2.5000000000000004 3.5000000000000004 -5.3691017863632746 1.5000000000000002 41.562516888547314 39.444610940668646 4288.0583333333379 0.57872006561229261 34.293835620481936 37.933435723805424 0.14900414161807826 29.388980389954288 49.500000000000007 0.34749648769975111 11.500000000000002 7.5589700312841037 7760.4333333333316 6733.3999999999969 93.500000000000014 0.46848856826066226 1.0000000180025095e-35 57.500000000000007 0.72026710090673618 7202.5916666666626 15.514067192621365 18.500000000000004 0.44100089924750124 27.695928417828124 0.46095783411512625 8.5000000000000018 9.5000000000000018 20.846679056640635 19.673593370830805 20.908968453736783 37.388676400934749 33.316592313935281 0.72026710090673618 0.30974071199794823 4431.9333333333352 19.112667072366161 68.500000000000014 0.48758133224151678 0.25628153912909646 23.174434228064783 8052.808333333337 0.69286565906023156 7665.7749999999905 2.5000000000000004 2.5000000000000004 16.126280555163465 0.74348028605094929 5.0486333254021734 12.500000000000002 17.60408639267602 23.725260575138282 92.500000000000014 33.152436524089069 1.5000000000000002 0.46848856826066226 11.514513818803303 21.402223616559727
decision_type=2 2 2 2 2 2 2 2 2 2 2 2 2 2 2 2 2 2 2 2 2 2 2 2 2 2 2 2 2 2 2 2 2 2 2 2 2 2 2 2 2 2 2 2 2 2 2 2 2 2 2 2 2 2 2 2 2 2 2 2 2 2
left_child=-1 4 -3 -4 -2 6 -6 -7 -9 11 -11 12 61 14 15 -13 -16 18 35 20 -20 -22 -19 32 -23 -25 27 28 30 -29 -18 43 33 -24 -33 36 37 38 -15 -39 41 -40 -31 -17 45 47 50 48 -44 -46 -47 52 -50 -53 -54 -34 57 58 -57 -42 -61 -5
right_child=1 2 3 9 5 7 -8 8 -10 10 -12 13 -14 17 16 31 26 22 19 -21 21 24 23 25 -26 -27 -28 29 -30 42 -32 34 55 -35 -36 -37 -38 39 40 -41 59 -43 44 -45 49 46 -48 -49 51 -51 -52 53 54 -55 -56 56 -58 -59 -60 60 -62 -63
leaf_value=-0.011703758538741003 0.0027377080376203324 -0.016736944294273373 -0.09300362834086022 -0.041237944027497656 0.018506556590147511 0.050888553829420181 0.10246643855446769 0.016778132006525993 -0.10995339217685884 0.1328902558044151 -0.028170546293258672 -0.057270603243793766 -0.10481160049502913 -0.05488634142008695 0.17059584669768812 -0.0062315733649018342 -0.038078205645084379 -0.13524675335202899 -0.041772682107985022 0.2691013620235026 -0.040095947533845905 0.053769352302576102 -0.04138428923497732 0.13306390000507237 0.24413778272497916 -0.029006001949310301 -0.1182996831908822 0.18722933544999076 0.064413446560502061 -0.094191461196169265 -0.201472137371699 0.18288680553950112 -0.16835499906114171 0.14131046630442143 0.036523299257863649 0.09610779958552329 -0.12659508123555605 -0.020848884473781332 -0.10236378874143828 -0.18485236056149007 0.042025953413624514 0.05215347851144856 0.14918225784397995 0.12962281912226567 -0.084722698531871629 -0.17990143854509702 0.068549347649279391 0.14360340910573161 0.17514056589167853 0.056080336719751357 -0.025925969040912128 -0.11370536346327176 -0.045975734772426745 0.084179665148258212 0.12096208538860083 -0.18483549693356391 0.04784205614589155 -0.019847794750641135 -0.052721655226889111 0.20670422270894051 0.081974846701468207 0.081383912362482241
leaf_weight=1621 1652 1573 24 21 1464 21 31 25 31 27 20 35 37 55 20 41 25 35 40 20 20 24 37 32 23 30 25 21 32 24 30 58 21 20 22 29 34 37 23 24 38 29 24 22 43 22 38 31 26 20 23 33 56 20 24 23 20 29 21 20 31 23
leaf_count=1621 1652 1573 24 21 1464 21 31 25 31 27 20 35 37 55 20 41 25 35 40 20 20 24 37 32 23 30 25 21 32 24 30 58 21 20 22 29 34 37 23 24 38 29 24 22 43 22 38 31 26 20 23 33 56 20 24 23 20 29 21 20 31 23
internal_value=5.03605e-11 0.0029741 -0.00440587 0.00785505 0.0101961 0.0180341 0.0202475 -0.0249408 -0.0533768 0.00940872 0.0643537 0.00769964 -0.0354592 0.0101443 0.0217737 0.0674308 0.00663973 -0.00148512 0.0167819 0.0772822 0.0414281 0.0911002 -0.0319528 -0.0164365 0.146928 0.054643 0.000297131 0.00632339 -0.0567229 0.0198667 -0.127202 0.0979521 -0.0422081 0.0227191 0.142637 -0.00722921 -0.0175274 -0.00309821 0.0225083 -0.0853748 0.0526977 -0.0161907 0.010714 0.0412096 0.0177077 0.0299537 -0.023485 0.0506799 0.0349388 -0.0400233 -0.101203 0.0176945 0.0460576 -0.0390318 0.00410561 -0.0746717 -0.0535174 -0.0812871 -0.121781 0.0929471 0.130888 0.0228598
internal_weight=8000 6379 3155 1582 3224 1572 1495 77 56 1558 47 1511 81 1430 715 178 537 715 447 127 107 67 268 233 47 62 517 492 87 405 55 143 171 57 80 320 291 257 196 61 141 52 384 63 360 297 83 214 183 63 45 159 106 53 80 114 93 73 44 89 51 44
internal_count=8000 6379 3155 1582 3224 1572 1495 77 56 1558 47 1511 81 1430 715 178 537 715 447 127 107 67 268 233 47 62 517 492 87 405 55 143 171 57 80 320 291 257 196 61 141 52 384 63 360 297 83 214 183 63 45 159 106 53 80 114 93 73 44 89 51 44
is_linear=0
shrinkage=0.05


Tree=138
num_leaves=63
num_cat=0
split_feature=7 7 7 7 7 7 7 7 3 0 4 6 7 7 4 4 3 3 4 5 6 6 7 7 4 6 7 5 8 5 4 5 4 5 4 4 4 4 3 5 4 5 5 6 2 5 4 5 4 3 5 4 4 4 4 4 6 1 3 5 2 8
split_gain=111.979 303.709 172.176 233.536 351.901 993.618 261.943 187.837 128.699 171.991 103.52 130.1 95.2571 199.349 91.3856 88.0147 130.621 119.666 184.037 178.802 113.586 136.711 87.6056 149.532 83.5495 78.5655 78.5423 78.5221 76.7495 73.287 72.8814 67.8267 70.001 102.814 124.721 85.6154 79.7698 67.4458 66.5 109.544 95.4332 87.171 169.666 189.097 149.13 104.961 82.1624 80.9713 79.3505 118.428 65.8726 73.6976 65.7259 76.9718 97.5491 119.81 97.4243 75.5585 64.8474 63.6442 63.4611 62.5579
threshold=1.5000000000000002 2.5000000000000004 5.5000000000000009 7.5000000000000009 9.5000000000000018 10.500000000000002 14.500000000000002 13.500000000000002 9473.8500000000076 3.5000000000000004 22.761446887576017 58.500000000000007 11.500000000000002 12.500000000000002 47.957686659706511 32.207459413718908 6783.2666666666637 9323.7083333333394 26.589831807865146 20.577513542843537 34.500000000000007 69.500000000000014 18.500000000000004 17.500000000000004 21.516668058063811 11.500000000000002 6.5000000000000009 11.419214905244047 0.42906816225108496 19.199527021204993 36.31583350425533 -0.75833386169082029 13.670900693646105 19.463736964430201 32.990941181343189 16.474299599105361 31.583666481493406 14.080361665778629 8669.9333333333543 16.664651278446581 26.771919464643986 17.390426011024122 15.077816850013146 52.500000000000007 1.5000000000000002 21.462268338982415 28.729264729217277 14.606858809432481 18.545623380065098 5229.3250000000035 0.85972301163601206 10.967085798355855 15.688268860722454 19.208925638822549 21.622964668848734 25.550151988674415 77.500000000000014 1.5000000000000002 8465.3583333333499 32.545491547304387 1.5000000000000002 0.37725880972585107
decision_type=2 2 2 2 2 2 2 2 2 2 2 2 2 2 2 2 2 2 2 2 2 2 2 2 2 2 2 2 2 2 2 2 2 2 2 2 2 2 2 2 2 2 2 2 2 2 2 2 2 2 2 2 2 2 2 2 2 2 2 2 2 2
left_child=-1 15 59 26 -5 8 7 12 9 -6 -11 -12 -7 -14 22 17 -17 18 20 28 27 24 23 38 60 -25 31 -2 -20 -29 -18 -4 -33 35 -35 -34 -37 -24 41 -40 -41 42 47 -44 -45 46 48 -8 -43 -50 -27 -52 -53 -54 -55 57 58 -56 -57 -3 -22 -47
right_child=1 2 3 4 5 6 14 -9 -10 10 11 -13 13 -15 -16 16 30 -19 19 -21 21 -23 37 25 -26 50 -28 29 -30 -31 -32 32 33 34 -36 36 -38 -39 39 40 -42 45 43 44 -46 61 -48 -49 49 -51 51 52 53 54 55 56 -58 -59 -60 -61 -62 -63
leaf_value=-0.017468850628952672 0.050100714695595565 -0.015603693046479718 -0.077546111196279521 -0.031399304147013578 0.071119815135241501 -0.028587636424222802 0.0049201786275465398 -0.049420425459438803 -0.036745228110389279 0.078260449033517102 0.27962053108215329 0.10852871224284173 0.026180002078915621 -0.023372099488472835 0.11516826381906867 0.068017605219672359 -0.12328820583366214 0.16702410207818386 -0.010205402448773385 0.24242180548608305 0.0056840475935202375 -0.0055039080550834058 0.03904061248561122 0.097756338149309174 0.17946827056862058 -0.040069131317238015 0.044005361137943955 -0.13854175847023728 0.11026666522599185 -0.011232300310467298 -0.0018394118547439575 0.074573260798396129 -0.061034894337796644 -0.059692354852379094 0.079565112963318835 0.061949265768795503 -0.015522816934519344 -0.021600376184762675 -0.0015540809392577083 0.10599379786140016 0.0007421817969192158 -0.023544499874114992 0.17049743026269204 -0.088672879897058021 0.09619349014634887 -0.031441200873814523 9.6219688653945929e-05 -0.087344638943672184 -0.021403382887894458 -0.16648688230376979 -0.037383607812225821 0.11374841358873151 -0.035920979932416233 0.12506968629929949 -0.098886249068638563 0.050569257626987323 0.12344544678926468 0.020722723211492263 -0.049171332418918613 -0.083099840157147914 0.11416536306164093 0.019796066236486484
leaf_weight=823 21 1170 20 789 299 405 487 371 22 26 25 20 401 411 20 41 21 23 20 20 26 62 53 50 21 30 404 20 39 26 30 46 23 82 20 127 45 340 127 62 33 40 33 20 24 96 50 25 22 39 30 31 32 34 23 88 40 31 20 36 28 157
leaf_count=823 21 1170 20 789 299 405 487 371 22 26 25 20 401 411 20 41 21 23 20 20 26 62 53 50 21 30 404 20 39 26 30 46 23 82 20 127 45 340 127 62 33 40 33 20 24 96 50 25 22 39 30 31 32 34 23 88 40 31 20 36 28 157
internal_value=-6.83345e-11 0.00200319 -0.000489033 0.00321779 -0.000871121 0.00512508 -0.00305237 -0.018275 0.0807456 0.0877316 0.157688 0.20358 -0.0087804 0.00109883 0.00881486 0.0444523 0.00157051 0.0573449 0.048431 0.113224 0.0233394 0.0494307 0.00776029 0.0128864 0.0948433 0.0390363 0.0288388 -0.0300113 0.0694287 -0.0665842 -0.0518477 0.0119592 0.0171782 0.00828874 -0.032387 0.0295653 0.0416804 -0.0134223 0.00408366 0.0288231 0.0694327 -0.00144722 0.0108219 0.0800208 0.0121633 -0.0193347 -0.0523234 0.000415061 -0.0782737 -0.114162 0.030858 0.0373255 0.0448214 0.0368485 0.0467156 0.0335273 0.0567871 -0.0302218 0.0320988 -0.0176185 0.0619336 0.000354257
internal_weight=8000 7177 6779 5573 4806 4017 3625 1588 392 370 71 45 1217 812 2037 398 92 306 283 79 204 137 2017 1624 75 409 767 67 59 46 51 363 343 297 102 195 172 393 1215 222 95 993 589 77 44 404 151 512 101 61 359 329 299 268 236 202 148 54 108 1206 54 253
internal_count=8000 7177 6779 5573 4806 4017 3625 1588 392 370 71 45 1217 812 2037 398 92 306 283 79 204 137 2017 1624 75 409 767 67 59 46 51 363 343 297 102 195 172 393 1215 222 95 993 589 77 44 404 151 512 101 61 359 329 299 268 236 202 148 54 108 1206 54 253
is_linear=0
shrinkage=0.05


Tree=139
num_leaves=63
num_cat=0
split_feature=7 7 7 7 7 7 7 7 7 3 3 3 4 8 4 6 5 5 6 6 7 7 4 6 5 4 4 3 8 5 5 4 0 6 6 8 7 7 4 3 6 3 8 5 4 4 4 4 4 0 4 8 4 3 4 3 5 4 4 5 8 5
split_gain=101.061 274.097 158.516 101.53 826.45 385.519 236.404 172.058 169.523 117.521 101.349 125.029 156.053 256.66 95.9682 94.1974 148.593 124.112 117.939 90.2445 85.9695 179.913 83.2781 124.06 83.0942 82.4755 79.4333 117.886 110.2 110.232 158.93 146.887 181.33 117.219 104.398 82.2479 79.0641 134.952 76.4294 74.6231 99.5409 95.4783 97.3253 83.8054 77.4939 87.9341 107.943 82.5728 90.7225 81.6747 73.4772 67.5659 65.7755 64.7405 64.4595 63.2719 61.2697 98.3906 79.3164 91.0392 133.571 61.6144
threshold=1.5000000000000002 2.5000000000000004 4.5000000000000009 10.500000000000002 9.5000000000000018 7.5000000000000009 14.500000000000002 6.5000000000000009 13.500000000000002 2490.5250000000033 9473.8500000000076 7700.7583333333232 17.543138405499384 0.46470200107447429 27.484548925689811 18.500000000000004 16.5849687779729 8.8938115426901199 52.500000000000007 77.500000000000014 11.500000000000002 12.500000000000002 35.493162345976423 50.500000000000007 14.406033095641453 47.957686659706511 32.207459413718908 6783.2666666666637 0.27933568952851001 25.747754652903897 22.894654473626193 19.679457118973669 3.5000000000000004 33.500000000000007 71.500000000000014 0.19927199119380154 18.500000000000004 17.500000000000004 24.110567511940779 3282.9833333333349 11.500000000000002 4201.9833333333399 0.82932370537135991 16.664651278446581 26.589831807865146 21.622964668848734 19.45262411894976 34.368534502621984 32.335760368411037 2.5000000000000004 34.069371766239996 0.66071040337422227 36.31583350425533 6325.2666666666673 29.303690975178295 7905.1166666666641 8.0836442854634516 18.223994173636104 37.388676400934749 11.824602059386583 0.79841744230046874 9.4709502508787526
decision_type=2 2 2 2 2 2 2 2 2 2 2 2 2 2 2 2 2 2 2 2 2 2 2 2 2 2 2 2 2 2 2 2 2 2 2 2 2 2 2 2 2 2 2 2 2 2 2 2 2 2 2 2 2 2 2 2 2 2 2 2 2 2
left_child=-1 26 -3 4 5 7 8 22 20 -6 11 15 -13 -14 -15 24 17 -17 -18 53 56 -22 50 -24 -11 36 28 -28 35 30 31 33 -33 -30 -35 38 37 -8 -2 43 -41 -42 44 -39 45 46 49 48 54 -43 -4 -25 -29 -19 -46 -47 57 -5 59 61 -61 -58
right_child=1 2 3 6 9 -7 25 -9 -10 10 -12 12 13 14 -16 16 18 19 -20 -21 21 -23 23 51 -26 -27 27 52 29 -31 -32 32 -34 34 -36 -37 -38 39 -40 40 41 42 -44 -45 47 55 -48 -49 -50 -51 -52 -53 -54 -55 -56 -57 58 -59 -60 60 -62 -63
leaf_value=-0.016595407958591712 -0.026854632445611062 -0.021263782684881671 0.0039795510431488729 0.093864872725680476 0.17541707732847758 -0.029829338842740874 0.0038794774550862166 0.041805092798140236 -0.046949403618796258 0.058163355219931837 -0.034907961264252663 0.015527264375624987 0.25511959342019902 0.14685197035814154 0.017076349790607178 0.093280424689874061 0.20367191289390985 -0.033033834255876991 0.071239425856620076 -0.10126845143735408 0.024871002893983168 -0.022203494165174281 -0.11562237578133744 -0.038689641632577959 -0.080885857445272547 0.10940984816406854 0.064616724308125859 -0.1171237949414977 -0.086309392154216777 0.15508102684309988 -0.073704320924090488 0.069035548661594046 0.21293628811836243 0.1226881170113172 -0.015107717309836989 -0.071971938415215569 -0.012751212523439687 -0.093424915268339903 0.11137466229498388 0.11510671966455199 0.10421735713648242 -0.029436341685835612 -0.062532668021218527 0.043076431556888256 0.11907742440700531 -0.086902781503815807 0.13967602061373849 0.0067564164729494794 0.18830792695283891 0.090412658311071856 0.085342464936447565 0.07712838881649077 -0.0017474419623613358 0.09266325831413269 0.0055349353924393661 0.022550230165538584 -0.051418941020965586 -0.020074093990454761 0.029063967543628971 -0.050364931077966774 0.072729966256767517 -0.17141483781818789
leaf_weight=823 20 807 643 24 28 789 1215 404 371 21 22 29 35 29 28 48 29 21 40 20 401 411 36 34 22 20 41 21 20 33 21 81 30 28 27 26 393 22 20 44 43 44 29 23 25 31 21 38 20 21 29 20 30 20 25 23 20 90 37 186 25 23
leaf_count=823 20 807 643 24 28 789 1215 404 371 21 22 29 35 29 28 48 29 21 40 20 401 411 36 34 22 20 41 21 20 33 21 81 30 28 27 26 393 22 20 44 43 44 29 23 25 31 21 38 20 21 29 20 30 20 25 23 20 90 37 186 25 23
internal_value=1.08168e-10 0.00190303 -0.000464581 0.00234603 0.0104483 -0.00283764 -0.00289975 0.0154269 -0.0173613 0.0767084 0.0691154 0.0758069 0.116664 0.148544 0.0831025 0.0534373 0.0694815 0.0331344 0.126899 -0.0141937 -0.00834138 0.00104389 0.0014416 -0.0437254 -0.0129781 0.00837412 0.0422297 0.00149199 0.0544776 0.0702126 0.0566828 0.071404 0.107928 0.0173489 0.0550429 -0.00274045 0.00737228 0.0122421 0.04226 0.0370845 0.0445938 0.0348983 0.0241375 -0.0236576 0.0342724 0.0097238 0.041124 0.0660945 0.0983067 0.0092841 0.00749075 0.00420593 -0.0492554 0.0282818 0.0623062 -0.0402839 -0.0271583 0.00391306 -0.0393305 -0.0492935 -0.0357802 -0.115603
internal_weight=8000 7177 6779 5972 2347 1955 3625 1166 1588 392 364 342 121 92 57 221 178 109 69 61 1217 812 762 90 43 2037 398 92 306 240 207 186 111 75 55 66 2017 1624 40 409 364 320 277 45 248 140 86 108 70 65 672 54 51 41 50 54 405 114 291 254 211 43
internal_count=8000 7177 6779 5972 2347 1955 3625 1166 1588 392 364 342 121 92 57 221 178 109 69 61 1217 812 762 90 43 2037 398 92 306 240 207 186 111 75 55 66 2017 1624 40 409 364 320 277 45 248 140 86 108 70 65 672 54 51 41 50 54 405 114 291 254 211 43
is_linear=0
shrinkage=0.05


Tree=140
num_leaves=63
num_cat=0
split_feature=2 2 2 4 4 5 6 8 7 8 1 8 4 8 7 6 6 3 5 3 8 8 8 3 0 3 4 6 7 6 6 7 7 7 4 4 5 6 0 4 3 3 4 8 5 3 4 7 6 4 5 5 4 5 3 3 0 6 5 1 8 5
split_gain=100.194 124.009 83.0372 48.7782 127.394 137.685 117.668 278.249 91.7167 89.1239 81.601 79.9472 105.445 97.7852 94.4586 89.7721 118.061 101.271 89.6167 88.1766 82.9434 77.7008 56.0527 78.7631 55.1424 53.7865 51.0393 104.891 50.4797 77.8705 96.083 112.377 121.835 64.5907 72.2336 62.8514 96.4454 99.4231 59.4012 59.1767 56.2424 112.739 125.656 94.7399 137.263 66.4738 95.7795 98.9551 95.3902 81.8973 90.6706 127.391 78.6442 131.672 110.446 99.6054 76.2826 63.363 70.9903 62.1674 57.5623 66.4142
threshold=1.0000000180025095e-35 2.5000000000000004 1.5000000000000002 28.90192627793159 29.496034879979991 13.382214895597535 37.500000000000007 0.58166151501822072 17.500000000000004 0.15508498599878684 2.5000000000000004 0.66071040337422227 36.697082371066678 0.79588335795159793 2.5000000000000004 64.500000000000014 56.500000000000007 8118.8749999999964 16.478370817626885 3841.6666666666711 0.38794306050314625 0.35359035002725631 0.87404811784961844 7101.8416666666626 2.5000000000000004 4250.9833333333381 28.214521437085185 49.500000000000007 2.5000000000000004 84.500000000000014 18.500000000000004 1.5000000000000002 1.0000000180025095e-35 3.5000000000000004 12.394723713158347 9.6502568552974495 20.577513542843537 47.500000000000007 2.5000000000000004 20.325377410104736 4907.6833333333407 3777.3833333333346 23.637710191616016 0.39772415032901748 16.478370817626885 6413.9750000000004 13.887270882230251 4.5000000000000009 45.500000000000007 27.404997772154172 11.336625680887021 9.5795869817051642 24.492538663119252 19.463736964430201 8651.2416666666886 9172.6666666666843 3.5000000000000004 25.500000000000004 2.4499644306234036 1.0000000180025095e-35 0.56111682996321954 18.255714766500919
decision_type=2 2 2 2 2 2 2 2 2 2 2 2 2 2 2 2 2 2 2 2 2 2 2 2 2 2 2 2 2 2 2 2 2 2 2 2 2 2 2 2 2 2 2 2 2 2 2 2 2 2 2 2 2 2 2 2 2 2 2 2 2 2
left_child=-1 2 -2 22 5 -5 7 9 11 -6 24 14 13 -13 18 16 20 19 -8 -17 -16 -21 26 -24 -9 -11 28 -28 29 30 -4 32 -32 -30 35 36 37 -35 -37 -33 41 43 -43 44 -36 48 -47 -48 -42 50 51 56 54 -54 59 -56 57 -49 -59 -52 -45 -62
right_child=1 -3 3 4 6 -7 8 10 -10 25 -12 12 -14 -15 15 17 -18 -19 -20 21 -22 -23 23 -25 -26 -27 27 -29 33 -31 31 39 -34 34 40 38 -38 -39 -40 -41 45 42 -44 60 -46 46 47 49 -50 -51 52 -53 53 -55 55 -57 -58 58 -60 -61 61 -63
leaf_value=-0.0097340328971703954 0.0013408535908078117 -0.0070119771757514993 -0.021005145316162419 0.020138232266022404 -0.072160664796829227 -0.14836896393034193 -0.13850609635002911 -0.063754311568207211 0.10897129692814567 0.091516543493459113 0.0038898463050524392 0.060347105633644829 0.12036670718296637 -0.073979710614075891 -0.052222605862400753 0.046628348231315619 0.15756516323789307 0.087760094170119957 0.0022741570424001951 -0.13258530962467194 0.075594999591509504 -0.017842285169495476 0.010309809219578039 0.14116243878784387 -0.14615153906917253 0.022183038251702938 0.13669965338496562 -0.0026711757536287662 -0.036174729525569889 -0.027801264032269971 0.097012314218140785 0.086823420226573952 -0.032488331943750386 -0.022511165468105384 0.0016405997673670453 -0.0068726644168297449 -0.079804802207010139 0.10849385976791381 -0.10722653565221821 0.20565823284909129 0.03318142419060071 0.045159237021985266 0.18267802802415997 -0.078285428012410799 0.16399344731041271 0.10228990377350287 0.10511756145528384 0.065794795578152973 -0.086795547740483606 -0.074572248347768821 -0.10421515188433908 0.13077000135160757 -0.039505928878982861 0.11761982616658012 0.1104002173130329 -0.028000940210544147 0.1096576326037757 0.040029490405115588 -0.059860556151555937 -0.025263528452784408 -0.035071166020792882 0.061731984159525702
leaf_weight=1987 2089 1985 31 22 20 27 20 45 33 38 24 42 41 20 22 25 23 22 26 25 30 36 23 23 37 106 27 27 63 33 42 22 32 28 30 30 21 30 29 20 30 46 26 24 23 33 28 29 37 28 33 33 24 30 26 26 20 29 46 102 37 34
leaf_count=1987 2089 1985 31 22 20 27 20 45 33 38 24 42 41 20 22 25 23 22 26 25 30 36 23 23 37 106 27 27 63 33 42 22 32 28 30 30 21 30 29 20 30 46 26 24 23 33 28 29 37 28 33 33 24 30 26 26 20 29 46 102 37 34
internal_value=2.93069e-11 0.00321662 0.00825727 0.0157087 0.00496668 -0.0727127 0.0109608 -0.0140644 0.0294726 0.0267428 -0.0771999 0.0215706 0.0581555 0.0170159 0.00511543 0.0212154 0.0632394 -0.00796782 -0.0589346 -0.0324564 0.0215183 -0.0648681 0.0215634 0.0757361 -0.100934 0.0404794 0.0195022 0.0670142 0.0172809 0.0416087 0.0571906 0.0780877 0.041012 0.0127896 0.016172 -0.0171532 0.0120076 0.0452501 -0.0561991 0.143411 0.0221137 0.0435019 0.0948188 0.018537 0.0720956 0.0136202 0.0200443 0.0140661 -0.0330745 0.00808148 0.0138963 0.0434642 -0.00536575 0.0477862 -0.0207144 0.0411996 0.0202296 0.00303191 -0.0212364 -0.0445628 -0.0113431 0.0112853
internal_weight=8000 6013 4028 1939 684 49 635 270 365 164 106 332 103 62 229 183 75 108 46 86 52 61 1255 46 82 144 1209 54 1155 180 147 116 74 975 912 138 79 58 59 42 774 220 72 148 53 554 487 454 67 426 398 157 241 54 187 52 124 104 75 135 95 71
internal_count=8000 6013 4028 1939 684 49 635 270 365 164 106 332 103 62 229 183 75 108 46 86 52 61 1255 46 82 144 1209 54 1155 180 147 116 74 975 912 138 79 58 59 42 774 220 72 148 53 554 487 454 67 426 398 157 241 54 187 52 124 104 75 135 95 71
is_linear=0
shrinkage=0.05


Tree=141
num_leaves=63
num_cat=0
split_feature=0 0 0 5 0 5 4 3 5 4 5 5 7 5 3 6 5 3 4 3 5 4 5 5 5 1 8 1 8 6 6 3 4 5 5 3 6 1 6 5 3 5 4 8 8 5 4 6 2 5 3 5 5 2 4 5 5 6 3 6 8 8
split_gain=99.2636 125.504 163.995 86.8496 67.7487 54.6205 78.4316 124.84 83.4692 149.061 75.0951 116.418 192.713 98.6792 95.6665 162.857 141.155 120.182 97.232 153.113 149.486 145.663 80.7554 73.9409 98.4734 96.0786 73.2444 72.0974 78.3894 112.714 71.1776 69.8346 64.7844 63.6059 61.0384 59.5972 59.5898 56.0792 139.989 120.926 114.928 156.893 118.252 124.937 89.1706 74.1987 95.2045 69.3995 99.3504 81.1322 112.631 69.946 59.5253 68.8474 55.8467 53.8527 74.1174 64.794 59.9938 102.422 73.1656 64.969
threshold=1.0000000180025095e-35 2.5000000000000004 3.5000000000000004 -5.3691017863632746 1.5000000000000002 15.316724472586445 35.093102870081289 9059.3833333333441 9.0023931511116135 39.444610940668646 17.60408639267602 16.77572645454455 8.5000000000000018 19.869068756485916 7924.0416666666642 62.500000000000007 24.069726550832918 8551.0583333333652 19.785676327288744 7620.7249999999976 24.069726550832918 37.581092401925737 26.632333471651169 29.93687833277928 21.607016297594871 1.0000000180025095e-35 0.63773040566032202 2.5000000000000004 0.4441708831187669 54.500000000000007 7.5000000000000009 7518.9416666666575 25.758673853556193 -2.7905560078423206 3.8719519695736229 9246.0750000000371 53.500000000000007 1.0000000180025095e-35 83.500000000000014 12.324367798902202 8891.116666666685 6.1906983981889718 22.673342382646037 0.38794306050314625 0.56111682996321954 9.1236320058785001 24.857753737290114 45.500000000000007 1.0000000180025095e-35 8.3457163739643132 7745.7916666666561 12.061095340874546 13.670280849394539 2.5000000000000004 30.239555924529984 23.0422071541112 24.629267868090452 11.500000000000002 5067.5333333333374 71.500000000000014 0.36929703460810015 0.56111682996321954
decision_type=2 2 2 2 2 2 2 2 2 2 2 2 2 2 2 2 2 2 2 2 2 2 2 2 2 2 2 2 2 2 2 2 2 2 2 2 2 2 2 2 2 2 2 2 2 2 2 2 2 2 2 2 2 2 2 2 2 2 2 2 2 2
left_child=-1 4 -3 -4 55 6 30 8 34 -10 11 12 -7 27 18 16 32 -18 20 21 -15 23 -23 24 -20 -26 -13 28 29 -12 31 -6 -16 -32 -8 37 -22 38 39 45 41 42 43 -39 -44 46 -35 52 -49 -50 51 -51 53 -43 -27 -2 -57 -58 -59 60 -60 -61
right_child=1 2 3 -5 5 10 7 -9 9 -11 13 26 -14 14 15 -17 17 -19 19 -21 36 22 -24 -25 25 54 -28 -29 -30 -31 33 -33 -34 35 -36 -37 -38 40 -40 -41 -42 47 44 -45 -46 -47 -48 48 49 50 -52 -53 -54 -55 -56 56 57 58 59 61 -62 -63
leaf_value=-0.011048539623770091 0.0073046386199814642 -0.015714031056582679 -0.087305554980412134 0.0085390819026969038 0.11720262091730548 0.099977145442052898 -0.014125792895044601 -0.1431536616384983 -0.14165038038045169 0.038532520356503404 -0.036132782772183424 0.17327704272907357 -0.063878222631619255 -0.029936244382577783 0.15972997151315213 0.1260989061036768 0.066591801136158979 -0.067898423321869059 0.037812623842374278 -0.13346128769751106 0.063661779781303759 0.1648838745802641 0.022796421572566034 0.054082198305563489 0.019044741322951659 -0.12437599003314972 0.048899739831686023 -0.085106621356680998 -0.0442508781159466 0.1261653580095457 0.069395588407115572 0.0080147448099321793 0.043554498006900151 -0.057728697864278672 0.093362357348203667 0.060498603886884196 0.16421361481365951 0.11056120502560035 -0.1261595225759915 -0.083050850313156843 -0.09835230683826883 0.051884382913610153 -0.13550027576134061 -0.039452704542449542 -0.015323452702884016 0.10551773967842262 0.074917114689014852 -0.0074685803221331698 0.008312615800288416 0.11895660334266722 0.20375814210800899 0.02357470578438527 -0.06402450961371263 -0.052863993921450206 -0.023243709988892081 -0.056413562478009251 -0.071090763161579779 -0.032082382856827713 0.05856837202314167 0.037000397647844276 -0.032931672983072903 0.14711033590581446
leaf_weight=1621 1308 1573 24 1558 32 38 28 20 24 22 20 29 34 34 20 60 26 46 38 21 41 20 20 33 28 43 20 32 44 23 42 27 30 31 25 46 23 23 28 32 23 62 33 35 29 24 24 45 31 40 21 37 24 21 20 82 30 69 31 37 74 21
leaf_count=1621 1308 1573 24 1558 32 38 28 20 24 22 20 29 34 34 20 60 26 46 38 21 41 20 20 33 28 43 20 32 44 23 42 27 30 31 25 46 23 23 28 32 23 62 33 35 29 24 24 45 31 40 21 37 24 21 20 82 30 69 31 37 74 21
internal_value=1.00757e-11 0.0028076 -0.00428197 0.00708505 0.00974544 0.0171757 0.00835221 -0.0292137 -0.00619552 -0.0554759 0.0270204 0.0630603 0.022601 0.0200094 0.0296962 0.0586551 0.025486 -0.0193325 0.0132771 -0.00496537 0.0547879 0.00839311 0.0938401 -0.0127049 -0.02979 -0.0580197 0.122511 -0.0209353 0.00266792 0.0506779 0.0146485 0.0672353 0.0900247 0.00988253 0.0365762 0.00577818 0.0997976 0.00130724 -0.0262536 -0.00105208 0.0103425 0.0165769 -0.0312819 0.0200356 -0.0792885 0.0321626 0.000153111 0.0370148 0.0565003 0.078815 0.101117 0.0731237 0.00532803 0.0253818 -0.0922705 0.00267503 -0.0149282 -0.00194427 0.00699708 0.0235399 -0.00591737 0.0768678
internal_weight=8000 6379 3155 1582 3224 1572 829 119 99 46 743 121 72 622 503 182 122 72 321 223 98 202 40 162 129 91 49 119 87 43 710 59 50 651 53 609 64 563 139 111 424 401 120 58 62 79 55 281 174 129 98 77 107 83 63 1652 344 262 232 163 105 58
internal_count=8000 6379 3155 1582 3224 1572 829 119 99 46 743 121 72 622 503 182 122 72 321 223 98 202 40 162 129 91 49 119 87 43 710 59 50 651 53 609 64 563 139 111 424 401 120 58 62 79 55 281 174 129 98 77 107 83 63 1652 344 262 232 163 105 58
is_linear=0
shrinkage=0.05


Tree=142
num_leaves=63
num_cat=0
split_feature=1 1 1 5 5 8 6 4 6 3 5 5 4 4 8 5 2 5 3 5 6 5 8 6 8 0 4 7 5 5 8 8 8 4 4 4 7 7 6 4 5 7 4 6 6 6 3 3 3 4 8 0 6 8 0 5 8 6 7 5 6 6
split_gain=95.6435 188.18 75.8859 53.7364 121.077 161.884 93.3156 89.4824 98.9812 69.6735 67.737 81.1824 79.6767 111.681 72.2347 52.5144 56.8794 48.6677 131.621 61.9893 59.9764 107.682 108.896 76.0049 78.1864 170.357 82.103 137.335 101.882 122.477 64.2495 210.498 103.696 107.28 102.912 63.6376 58.6936 71.4461 84.36 114.911 81.9606 67.5667 75.3353 58.6508 54.6047 54.3353 52.4987 125.727 54.7555 50.1842 47.502 47.1038 45.2211 44.7667 44.5898 44.4971 109.799 42.5928 142.837 51.1791 49.9957 106.988
threshold=1.0000000180025095e-35 2.5000000000000004 1.5000000000000002 32.025667118128261 24.219566657897985 0.73333085115639951 49.500000000000007 18.860081412094932 70.500000000000014 9861.1916666666821 25.116800224610561 25.899641294613406 30.742048466948308 27.213048204894772 0.44100089924750124 33.546373147794924 1.5000000000000002 5.9605579524507348 9011.6333333333459 6.3243629780832533 73.500000000000014 8.8124913880959088 0.56543910621145022 51.500000000000007 0.63380604495680337 3.5000000000000004 23.150280978113173 7.5000000000000009 18.963318150247577 12.834358606178776 0.22713380245368137 0.31942621556482037 0.38794306050314625 21.775241016660761 26.86071981977447 26.771919464643986 12.500000000000002 9.5000000000000018 31.500000000000004 26.236346065891123 1.6967293795871525 17.500000000000004 20.325377410104736 66.500000000000014 90.500000000000014 49.500000000000007 9127.8666666666832 9422.7916666666915 8790.6833333333543 27.404997772154172 0.28625221375062665 2.5000000000000004 97.500000000000014 0.88658823471916637 1.5000000000000002 33.137111370415958 0.42645370767320984 4.5000000000000009 13.500000000000002 13.05931341828944 50.500000000000007 47.500000000000007
decision_type=2 2 2 2 2 2 2 2 2 2 2 2 2 2 2 2 2 2 2 2 2 2 2 2 2 2 2 2 2 2 2 2 2 2 2 2 2 2 2 2 2 2 2 2 2 2 2 2 2 2 2 2 2 2 2 2 2 2 2 2 2 2
left_child=52 2 15 4 9 10 -7 -5 -9 17 -6 -12 13 14 -13 53 -17 18 36 -19 23 22 -22 45 26 35 50 43 29 -29 -23 -32 -33 -34 -35 -26 37 38 -4 54 -41 42 -38 -28 -36 46 48 -48 -21 -44 -25 -39 55 -2 -40 -1 -57 58 59 -3 61 -59
right_child=1 57 3 7 5 6 -8 8 -10 -11 11 12 -14 -15 -16 16 -18 19 -20 20 21 30 -24 24 25 -27 27 28 -30 -31 31 32 33 34 44 -37 41 51 39 40 -42 -43 49 -45 -46 -47 47 -49 -50 -51 -52 -53 -54 -55 -56 56 -58 60 -60 -61 -62 -63
leaf_value=-0.012022553335536972 0.0029499676740573893 -0.03233981820876184 0.044652968639275065 -0.035624693334102633 -0.065714648456284497 -0.17751147340644491 -0.030158002319790069 0.033170361816883091 0.1626763815879822 0.10605437820372375 0.10220902438529514 0.037880269001270166 0.055314336669571855 -0.11796624132742484 -0.050119722500825539 -0.090537842435221519 0.008727719938313519 0.10622559785842896 0.087625394519418476 0.019939060793626114 0.15106098930472914 -0.072531715150484274 -0.0084648354398086673 0.12018715427567561 0.00022210308627502339 0.19519515665104759 0.10476521818953402 -0.071235832958840409 -0.13050247637385673 0.093342989236116419 0.10907261620618797 -0.1102691430736471 0.040687490388751031 -0.1196407419629395 -0.038282268571684951 0.094980061434291524 0.0047465641051530841 0.014730944819748402 -0.031532357616180721 0.083043110053986319 -0.042595246511821949 0.027343802748183755 -0.15220977482588396 -0.0031417130678892142 0.048037535590784892 -0.057331639139548599 0.1490371129065752 -0.011179367786583801 -0.057310257196271176 -0.054042437163492045 0.040603236099239437 0.10870949886739255 0.044533835674979184 0.060817014206858248 -0.12400176884839312 -0.052275658702408828 0.074743390957946368 -0.0038258745675536459 0.0463582715822448 -0.12891159005024855 -0.015790553509794671 0.068784755597718891
leaf_weight=1883 1966 23 48 20 33 22 21 36 25 23 22 58 47 24 39 31 27 22 40 519 23 34 20 30 37 26 34 26 22 20 38 27 75 28 53 34 28 30 22 25 27 29 23 20 28 23 25 24 24 30 50 24 38 34 32 27 46 838 29 34 980 54
leaf_count=1883 1966 23 48 20 33 22 21 36 25 23 22 58 47 24 39 31 27 22 40 519 23 34 20 30 37 26 34 26 22 20 38 27 75 28 53 34 28 30 22 25 27 29 23 20 28 23 25 24 24 30 50 24 38 34 32 27 46 838 29 34 980 54
internal_value=-3.47864e-11 0.00315009 0.00930541 0.0162673 0.0145748 -0.0167202 -0.105548 0.0561549 0.0862466 0.0196415 0.000408007 0.0118925 6.53003e-05 -0.0213951 0.00249883 0.00257356 -0.044328 0.0184146 0.00214338 0.0230304 0.0215544 0.00314182 0.0768629 0.0281216 0.0488002 0.0856971 0.0310823 0.00526932 -0.0420048 0.000320177 -0.00805963 0.000743792 -0.0187657 -0.00533852 -0.0370078 0.0455992 -0.00860908 0.00701219 -0.0103404 -0.035243 0.0178078 -0.0381475 -0.061595 0.0647997 -0.00844332 0.0180682 0.0209975 0.0705637 0.0165247 -0.0966434 0.0704472 0.0564992 -0.00948818 0.00393371 -0.086329 -0.0105377 0.0277637 -0.00957552 -0.0439816 -0.089944 -0.0079949 0.000569836
internal_weight=8000 6006 4048 1990 1909 266 43 81 61 1643 223 190 168 121 97 2058 58 1620 358 1262 1240 326 43 914 299 97 202 122 68 46 283 249 211 184 109 71 318 208 154 106 52 110 81 54 81 615 592 49 543 53 80 54 1994 2000 54 1956 73 1958 86 57 1872 892
internal_count=8000 6006 4048 1990 1909 266 43 81 61 1643 223 190 168 121 97 2058 58 1620 358 1262 1240 326 43 914 299 97 202 122 68 46 283 249 211 184 109 71 318 208 154 106 52 110 81 54 81 615 592 49 543 53 80 54 1994 2000 54 1956 73 1958 86 57 1872 892
is_linear=0
shrinkage=0.05


Tree=143
num_leaves=63
num_cat=0
split_feature=0 0 0 5 0 4 4 4 6 5 4 4 3 8 8 6 7 7 8 3 3 3 8 4 4 4 5 4 7 6 1 5 8 3 3 7 7 3 3 3 5 6 6 6 6 1 6 3 6 7 4 8 8 3 8 4 3 1 8 8 6 7
split_gain=89.2678 113.642 147.872 77.9427 61.2766 58.3507 71.2599 57.563 71.5668 52.2235 110.33 59.1963 324.892 155.297 138.51 164.351 160.615 137.111 124.976 132.048 278.471 110.433 239.337 124.789 190.528 246.574 144.517 141.161 117.309 106.3 105.473 103.64 103.465 146.431 202.907 164.298 261.877 290.605 224.318 200.544 160.874 144.558 174.097 158.003 134.683 96.5615 93.6365 91.8754 90.9853 155.121 118.413 86.1252 194.766 158.682 106.415 99.7475 83.9143 116.436 73.1915 65.9172 63.5939 146.279
threshold=1.0000000180025095e-35 2.5000000000000004 3.5000000000000004 -5.3691017863632746 1.5000000000000002 41.562516888547314 39.444610940668646 43.636707681891416 52.500000000000007 34.293835620481936 23.725260575138282 28.522208948660971 9526.8166666666784 0.17234430247247598 0.48758133224151678 67.500000000000014 14.500000000000002 7.5000000000000009 0.33169896542094007 7373.8083333333252 4814.5583333333425 9394.2916666666915 0.62556849581191665 12.594780376395432 13.512659597817017 14.372514333208237 24.961911639672998 18.082691523678758 8.5000000000000018 58.500000000000007 1.5000000000000002 20.451220158321568 0.33169896542094007 8066.2416666666631 8406.8583333333463 2.5000000000000004 4.5000000000000009 7665.7749999999905 7298.1249999999936 6690.5083333333296 19.083978966535724 82.500000000000014 49.500000000000007 38.500000000000007 61.500000000000007 1.5000000000000002 27.500000000000004 8915.4083333333638 80.500000000000014 8.5000000000000018 10.407092788293353 0.71125269816795644 0.80170959455314295 6807.4750000000013 0.61648200052373259 24.197223922540477 8066.2416666666631 1.0000000180025095e-35 0.20269799909695976 0.48118281824620129 47.500000000000007 7.5000000000000009
decision_type=2 2 2 2 2 2 2 2 2 2 2 2 2 2 2 2 2 2 2 2 2 2 2 2 2 2 2 2 2 2 2 2 2 2 2 2 2 2 2 2 2 2 2 2 2 2 2 2 2 2 2 2 2 2 2 2 2 2 2 2 2 2
left_child=-1 4 -3 -4 -2 6 -6 -7 -9 11 -11 21 13 30 16 29 18 -17 19 20 -15 23 -23 26 -25 -26 31 28 45 56 -13 48 41 35 -35 -34 39 38 51 -37 47 42 43 58 -44 -27 -30 -36 49 -5 -51 53 -53 54 55 59 57 -16 -29 -38 -20 -62
right_child=1 2 3 9 5 7 -8 8 -10 10 -12 12 -14 14 15 17 -18 -19 60 -21 -22 22 -24 24 25 27 -28 32 46 -31 -32 -33 33 34 40 36 37 -39 -40 -41 -42 -43 44 -45 -46 -47 -48 -49 -50 50 -52 52 -54 -55 -56 -57 -58 -59 -60 -61 61 -63
leaf_value=-0.010477490814096472 0.0025401294480946672 -0.014939291502135344 -0.082709522743243724 0.075370856161628461 0.016928469995784196 -0.099098269790411003 0.093534294732155354 0.060668358292717196 -0.051816961442631093 -0.025248428753444126 0.12883949052685728 -0.014232622859654605 -0.20463866680860521 -0.10733200240702856 -0.070126104967728739 0.00020644368998932116 0.15028474648793541 -0.13671570671949446 0.014101198750237624 -0.13214348341737475 0.1501611610253652 -0.01642832704819739 0.19641682404279709 0.16316743086684835 -0.12655927024781705 0.093624048369626206 0.077479032455728611 -0.034872685479266301 0.022450298629701139 0.10770168435573578 -0.15829057432711124 -0.13688792031524438 0.11121406467581117 -0.16355827147922208 0.0048111479431390764 -0.020744199146117484 0.054028236567974092 0.14563385187051234 -0.14067339656444697 -0.22804528266191482 0.10990756725892425 0.13077295310019207 -0.13913578965390724 0.18682747680693867 0.016532833981468823 -0.036590174859655759 0.15162162070578719 -0.13705179725019706 -0.11924830079078674 -0.12699794512290249 0.031146189980208874 -0.15766141392290592 0.049879528696720417 -0.071076899781823161 0.16986344272182102 0.11045127540826799 -0.064323241299106965 0.039058112077738932 0.072273564983058633 -0.074343469068408011 0.18102861747432214 0.0011670167744159698
leaf_weight=1621 1652 1573 24 35 1464 20 31 26 31 21 26 27 20 21 31 33 30 41 36 21 21 28 25 22 30 24 26 28 20 25 24 28 37 31 25 28 20 39 26 20 20 36 24 20 33 35 47 21 22 29 20 20 26 25 21 30 42 115 37 20 26 20
leaf_count=1621 1652 1573 24 35 1464 20 31 26 31 21 26 27 20 21 31 33 30 41 36 21 21 28 25 22 30 24 26 28 20 25 24 28 37 31 25 28 20 39 26 20 20 36 24 20 33 35 47 21 22 29 20 20 26 25 21 30 42 115 37 20 26 20
internal_value=6.01387e-11 0.00266249 -0.00408374 0.00671005 0.00926434 0.0163307 0.018517 -0.0261158 -0.000507868 0.0080875 0.0599917 0.00647301 -0.00693274 0.000775093 0.00991532 -0.0114627 0.0449753 -0.0756558 0.0231871 -0.0297714 0.0214146 0.013779 0.0839703 0.00975723 0.018156 0.0138623 -0.0303994 0.0197706 0.06779 0.0108392 -0.0820246 -0.0513311 0.00946319 -0.00438507 -0.0580409 0.0122964 -0.00101254 0.0214242 -0.00434269 -0.10712 -0.00847966 0.0412831 0.0185955 0.0639322 -0.0490118 0.0163783 0.113063 -0.0599524 -0.0287311 -0.00502425 -0.0624493 0.0175375 -0.0403557 0.0404952 0.0711469 0.0415319 -0.0020415 0.0158752 0.0261183 -0.0101576 0.0638747 0.102828
internal_weight=8000 6379 3155 1582 3224 1572 1495 77 57 1558 47 1511 533 513 462 287 175 74 145 63 42 978 53 925 765 743 160 713 126 213 51 134 587 409 97 312 275 227 188 48 66 178 142 85 57 59 67 46 106 84 49 162 46 116 91 70 188 146 65 40 82 46
internal_count=8000 6379 3155 1582 3224 1572 1495 77 57 1558 47 1511 533 513 462 287 175 74 145 63 42 978 53 925 765 743 160 713 126 213 51 134 587 409 97 312 275 227 188 48 66 178 142 85 57 59 67 46 106 84 49 162 46 116 91 70 188 146 65 40 82 46
is_linear=0
shrinkage=0.05


Tree=144
num_leaves=63
num_cat=0
split_feature=7 7 7 7 7 7 7 7 7 3 3 3 4 8 4 6 5 5 6 3 4 5 7 7 3 3 2 0 2 8 3 6 3 8 5 4 8 4 4 5 4 6 6 6 4 3 6 2 5 0 0 6 5 5 5 6 6 1 1 4 4 4
split_gain=90.9955 234.536 138.769 181.433 282.577 796.561 207.863 153.091 198.177 107.358 88.6107 111.259 136.174 230.41 83.279 78.937 126.962 112.065 107.349 80.8176 74.4048 73.3235 71.3699 115.927 70.7804 100.355 76.3738 211.492 69.6275 68.4878 65.5913 89.6371 84.3804 84.8365 73.0339 66.8378 81.801 73.7464 81.2224 72.2459 86.8887 64.6083 169.525 61.0618 75.9058 59.3764 103.811 111.524 113.474 73.58 67.8418 139.278 159.538 67.419 102.445 80.6784 63.3536 62.6882 64.0755 65.494 58.6395 58.4565
threshold=1.5000000000000002 2.5000000000000004 5.5000000000000009 7.5000000000000009 9.5000000000000018 10.500000000000002 14.500000000000002 12.500000000000002 11.500000000000002 2490.5250000000033 9473.8500000000076 7700.7583333333232 17.543138405499384 0.46470200107447429 27.484548925689811 18.500000000000004 16.5849687779729 8.8938115426901199 49.500000000000007 6352.3583333333327 47.957686659706511 14.406033095641453 18.500000000000004 17.500000000000004 7905.1166666666641 9323.7083333333394 1.5000000000000002 3.5000000000000004 2.5000000000000004 0.87713229857470987 3282.9833333333349 11.500000000000002 4201.9833333333399 0.82932370537135991 17.927518552555288 26.589831807865146 0.63380604495680337 34.368534502621984 32.335760368411037 11.419214905244047 16.365090262004749 18.500000000000004 43.500000000000007 11.500000000000002 36.893416906533147 6558.7499999999991 8.5000000000000018 1.0000000180025095e-35 9.1236320058785001 1.5000000000000002 3.5000000000000004 77.500000000000014 16.664651278446581 14.777735553535285 28.475242844600121 76.500000000000014 74.500000000000014 2.5000000000000004 1.0000000180025095e-35 33.430418940153423 29.303690975178295 9.6502568552974495
decision_type=2 2 2 2 2 2 2 2 2 2 2 2 2 2 2 2 2 2 2 2 2 2 2 2 2 2 2 2 2 2 2 2 2 2 2 2 2 2 2 2 2 2 2 2 2 2 2 2 2 2 2 2 2 2 2 2 2 2 2 2 2 2
left_child=-1 24 -3 29 -5 9 7 8 61 -6 11 15 -13 -14 -15 21 17 -17 -18 -19 22 -11 23 -8 26 28 41 -28 -26 45 34 -32 -33 35 -25 36 39 38 60 -34 -41 -2 -43 -24 -45 46 -4 49 56 -48 57 52 -52 -50 55 -55 -49 58 -47 -60 -37 -7
right_child=1 2 3 4 5 6 20 -9 -10 10 -12 12 13 14 -16 16 18 19 -20 -21 -22 -23 43 30 25 -27 27 -29 -30 -31 31 32 33 -35 -36 37 -38 -39 -40 40 -42 42 -44 44 -46 50 47 48 53 -51 51 -53 -54 54 -56 -57 -58 -59 59 -61 -62 -63
leaf_value=-0.015747312991681847 0.11076680809259415 -0.015762482571514452 -0.062422892321710999 -0.028016926442811587 0.16676517533404489 -0.10480689338662408 0.0038868338271157259 -0.031930567633644664 0.024038438210519323 0.056348435509772532 -0.032103282213211064 0.015486285116138129 0.24072083506200995 0.13712298777596704 0.016231080730046546 0.088560796109959483 0.19586349503585587 -0.068352133221924308 0.068076292318957191 0.046890693055144678 0.10392738897353411 -0.07427011348984458 -0.067615124346180402 -0.081869344102839636 -0.028476123107557601 0.093576988113733633 0.052794807620346551 0.2240269948135723 0.06540970428287983 0.10865822875251373 0.10861583569468083 0.097668082388334507 -0.075950960950417964 -0.058532595762918742 0.045810774784712571 0.1119277480840683 0.068439593693105191 0.0053245492867733304 0.17700220227241517 0.093099065384139201 -0.02730068734218908 -0.095471564597553682 0.049422991550527512 0.0031602726666437042 -0.070852584716601261 -0.023645611150168826 -0.074601003287646628 -0.02554882213494979 0.14073732807724312 0.033988439578276415 0.088978766707273629 0.16536880936473608 -0.054037122695873942 0.070875636747349868 0.1698645778000355 -0.041051593990552998 0.080401387207564859 -0.040983962924737077 0.012753194267366161 0.08596228875028783 0.0036323627755045895 -0.02099545559099348
leaf_weight=823 20 1206 23 789 28 22 1215 782 401 21 22 29 35 29 28 48 27 32 42 29 20 22 44 24 94 30 100 22 25 24 44 43 33 29 21 25 41 38 20 23 43 27 80 310 39 87 26 43 44 39 39 20 39 69 20 21 21 72 141 39 25 383
leaf_count=823 20 1206 23 789 28 22 1215 782 401 21 22 29 35 29 28 48 27 32 42 29 20 22 44 24 94 30 100 22 25 24 44 43 33 29 21 25 41 38 20 23 43 27 80 310 39 87 26 43 44 39 39 20 39 69 20 21 21 72 141 39 25 383
internal_value=4.0265e-11 0.00180577 -0.000384316 0.00294353 -0.000660514 0.0047127 -0.0026091 -0.0161696 -0.000877912 0.0724206 0.0651634 0.0714203 0.109962 0.139742 0.0777375 0.0503184 0.0650056 0.0314081 0.11808 -0.0135646 0.00796236 -0.0104797 0.0070108 0.0116376 0.0391088 0.011851 0.0554198 0.0836727 -0.00875221 0.0255263 0.0346624 0.0417026 0.032502 0.022386 -0.0222853 0.0318483 0.00904993 0.0614017 0.0918435 -0.0155458 0.0146568 0.0282791 0.0128608 -0.0121085 -0.00511051 0.0228411 0.0397323 0.0480347 0.0651738 -0.00944734 0.0110133 0.0476541 0.0174708 0.088429 0.0675057 0.0447593 0.00921609 0.000420992 0.0115864 0.0286152 0.0577801 -0.0255482
internal_weight=8000 7177 6779 5573 4806 4017 3625 1588 806 392 364 342 121 92 57 221 178 109 69 61 2037 43 2017 1624 398 149 249 122 119 767 409 364 320 277 45 248 140 108 70 99 66 127 107 393 349 743 306 283 218 65 437 98 78 154 110 90 64 339 267 180 50 405
internal_count=8000 7177 6779 5573 4806 4017 3625 1588 806 392 364 342 121 92 57 221 178 109 69 61 2037 43 2017 1624 398 149 249 122 119 767 409 364 320 277 45 248 140 108 70 99 66 127 107 393 349 743 306 283 218 65 437 98 78 154 110 90 64 339 267 180 50 405
is_linear=0
shrinkage=0.05


Tree=145
num_leaves=63
num_cat=0
split_feature=1 1 7 8 8 8 4 3 4 4 4 0 3 3 4 4 4 8 5 5 6 7 4 3 0 4 3 5 0 5 4 8 4 4 8 5 8 7 6 6 5 5 7 7 5 3 7 5 8 8 3 5 5 5 4 8 5 5 4 6 5 3
split_gain=86.2077 184.601 54.0245 48.7587 103.974 98.3275 58.7799 107.42 89.8879 123.664 86.576 84.7268 84.6916 74.1152 55.2699 194.77 118.182 102.175 80.0112 77.3731 74.1012 69.6935 67.4772 66.0163 187.604 60.3508 58.1336 64.6045 87.375 88.4161 69.2237 54.6824 54.1177 118.726 87.6941 123.297 97.7053 70.9627 69.7085 90.9692 59.2971 51.742 49.8029 261.038 126.714 71.7253 60.7238 57.4386 49.0229 73.2993 50.736 51.1333 64.8558 48.443 46.9608 46.9105 46.2779 49.7357 50.8194 84.7108 63.47 48.0662
threshold=2.5000000000000004 1.5000000000000002 1.5000000000000002 0.778474041755155 0.74647391586936263 0.76048528222805201 28.393550200141025 8450.1750000000011 18.744063916108399 13.670900693646105 38.012559216175141 2.5000000000000004 7373.8083333333252 7101.8416666666626 10.171057638564834 14.080361665778629 7.5589700312841037 0.44100089924750124 32.545491547304387 9.8259649435497014 70.500000000000014 12.500000000000002 14.67491530027816 9526.8166666666784 2.5000000000000004 12.394723713158347 8696.3916666666864 17.494627851377448 3.5000000000000004 13.670280849394539 23.330905014419631 0.55384450461698864 32.207459413718908 31.267328544374923 0.58398135235541304 13.382214895597535 0.17234430247247598 7.5000000000000009 63.500000000000007 31.500000000000004 16.126280555163465 10.047492307545506 9.5000000000000018 10.500000000000002 25.899641294613406 7824.9999999999964 14.500000000000002 13.382214895597535 0.42906816225108496 0.35596296072615075 7347.8833333333268 8.4595957327844946 13.670280849394539 9.7081295696342114 22.761446887576017 0.6784287669987159 -1.6016502375946648 4.5141856999366423 13.153333425754072 87.500000000000014 23.773251869243815 8329.6083333333281
decision_type=2 2 2 2 2 2 2 2 2 2 2 2 2 2 2 2 2 2 2 2 2 2 2 2 2 2 2 2 2 2 2 2 2 2 2 2 2 2 2 2 2 2 2 2 2 2 2 2 2 2 2 2 2 2 2 2 2 2 2 2 2 2
left_child=1 2 56 4 14 -6 8 10 9 12 13 53 -5 -8 16 25 19 -18 22 -3 -20 -21 -17 26 -25 -16 32 28 29 41 -29 -32 33 42 36 -36 -34 40 39 -39 -38 -28 -24 54 45 48 47 -47 49 -45 51 -50 -53 -10 -44 -37 -1 -58 -59 60 61 -60
right_child=-2 3 -4 6 5 -7 7 -9 11 -11 -12 -13 -14 -15 15 18 17 -19 20 21 -22 -23 23 24 -26 -27 27 30 -30 -31 31 -33 34 -35 35 55 37 38 -40 -41 -42 -43 43 44 -46 46 -48 -49 50 -51 -52 52 -54 -55 -56 -57 57 58 59 -61 -62 -63
leaf_value=-0.089545783659686226 -0.0091176298082664906 -0.045603471674025065 -0.0012699464746572001 -0.037475885575016341 0.14448471736883925 0.028224568521942606 -0.086170309242841456 -0.13683924242854117 0.061431517212518633 -0.10212078147815191 0.060742905338605248 0.1042060174047947 0.091612641264994951 0.026063115677485867 0.051723648561164737 -0.06790561128694278 -0.12886493774130942 0.015198863539844752 0.021402663323614332 0.11566984085021195 0.14502227936278692 -0.0074755117995664484 -0.0044136160296240675 0.032374014464371347 -0.15770048953237989 0.13379423880860919 0.046703572788586223 0.080073884064736589 0.15897684256945338 0.13608510887250305 -0.062097381449797574 0.042095037251710897 -0.045888557285070422 -0.10275146235525608 0.05651721531415687 -0.11954154411087865 0.055736480367466291 0.072333013495573625 0.086514457652126175 -0.046670672368435639 0.13546729122216886 -0.051008434742689138 0.081412363265241899 0.028506742212443783 -0.080103508069327006 -0.0071466527879238129 0.023823262400486891 -0.12697840183973313 0.091347300646205748 -0.076733186592658376 0.1225151540203528 -0.054650395979052004 0.051728051391087083 -0.024317834055982531 0.18482903941817908 -0.018556743860244751 0.036211602864786988 0.032451124199213005 0.0057701205150990547 -0.11245426107198001 -0.062785746617352256 -0.054409793913336696
leaf_weight=23 1958 25 3656 27 31 44 38 20 28 32 30 38 24 24 48 26 32 20 27 27 22 20 392 34 21 42 42 23 21 20 34 20 26 25 34 23 58 26 34 42 39 20 21 78 38 20 34 20 30 21 22 23 38 40 23 23 40 37 158 28 68 42
leaf_count=23 1958 25 3656 27 31 44 38 20 28 32 30 38 24 24 48 26 32 20 27 27 22 20 392 34 21 42 42 23 21 20 34 20 26 25 34 23 58 26 34 42 39 20 21 78 38 20 34 20 30 21 22 23 38 40 23 23 40 37 158 28 68 42
internal_value=-1.46586e-10 0.0029547 -0.00317004 0.0154258 0.0187298 0.0762788 -0.00311385 -0.0318166 0.0138952 -0.0250724 -0.00898554 0.0444075 0.0232717 -0.0427251 0.0160556 0.0187248 -0.0160178 -0.0734558 0.0141413 0.0254651 0.0769053 0.0632676 0.0118649 0.0134302 -0.0401999 0.0900233 0.0157527 0.0420771 0.0679767 0.0446718 0.00743233 -0.0235076 0.0114056 0.00446108 0.0292792 -0.0156834 0.0452659 0.0571755 0.0280586 -0.00116926 0.0877932 0.0151836 0.00798781 0.021198 0.00567946 0.0170772 -0.0253042 -0.0670625 0.0318707 0.00618312 0.0543757 0.0379025 0.0116181 0.0109907 0.135471 -0.0690491 -0.0207123 -0.0164679 -0.0227958 -0.0297016 -0.0210558 -0.00686766
internal_weight=8000 6042 4052 1990 1689 75 301 112 189 83 92 106 51 62 1614 1490 124 52 1400 72 49 47 1351 1325 55 90 1270 180 103 82 77 54 1090 785 305 80 225 199 102 68 97 62 760 368 324 286 74 40 212 99 113 91 61 68 44 46 396 373 333 296 268 200
internal_count=8000 6042 4052 1990 1689 75 301 112 189 83 92 106 51 62 1614 1490 124 52 1400 72 49 47 1351 1325 55 90 1270 180 103 82 77 54 1090 785 305 80 225 199 102 68 97 62 760 368 324 286 74 40 212 99 113 91 61 68 44 46 396 373 333 296 268 200
is_linear=0
shrinkage=0.05


Tree=146
num_leaves=63
num_cat=0
split_feature=2 2 2 3 3 3 7 5 7 4 7 8 8 8 6 3 5 4 7 3 6 4 4 4 3 4 6 3 7 5 8 8 0 4 7 8 3 5 4 4 8 4 3 3 3 7 0 6 5 6 0 8 8 8 1 3 5 4 8 6 5 6
split_gain=84.7571 111.312 73.8672 44.5697 44.3595 54.9033 65.1479 57.8964 55.7383 52.9086 47.7432 80.0405 70.6412 59.5023 94.0508 75.6958 65.5052 57.4695 57.3775 105.392 92.8803 62.5103 68.4818 55.454 44.0198 154.608 101.878 61.1516 137.732 67.5441 67.6417 66.6965 83.0602 103.005 95.7327 75.5045 85.2283 56.8805 97.7623 108.162 149.269 92.8386 147.799 134.025 100.439 87.8929 84.9748 183.994 83.2285 226.576 103.021 128.583 120.721 106.624 79.2189 84.8745 66.7138 153.329 144.912 65.1373 62.8861 57.015
threshold=1.0000000180025095e-35 2.5000000000000004 1.5000000000000002 2442.7416666666695 3799.3500000000008 3282.9833333333349 11.500000000000002 19.083978966535724 10.500000000000002 25.144070675018177 5.5000000000000009 0.33768564694951764 0.40051476063252894 0.63100731491281647 68.500000000000014 7760.4333333333316 13.460931178040534 41.19783293951982 7.5000000000000009 8204.4166666666697 53.500000000000007 39.118844963891753 38.012559216175141 26.684292683372032 2230.2000000000016 32.042060227433296 40.500000000000007 3511.4750000000026 16.500000000000004 25.54281987860362 0.23772742260024263 0.80170959455314295 3.5000000000000004 29.712010529176705 2.5000000000000004 0.778474041755155 6783.2666666666637 17.684962880776791 33.542824531952 39.444610940668646 0.40807316457506998 24.281287799756353 7230.5583333333279 7682.9249999999911 6807.4750000000013 15.500000000000002 1.5000000000000002 42.500000000000007 14.406033095641453 61.500000000000007 3.5000000000000004 0.46848856826066226 0.58983446574602938 0.35062282604087341 2.5000000000000004 7871.0916666666626 15.316724472586445 19.320773158745595 0.52671813922503308 82.500000000000014 14.777735553535285 30.500000000000004
decision_type=2 2 2 2 2 2 2 2 2 2 2 2 2 2 2 2 2 2 2 2 2 2 2 2 2 2 2 2 2 2 2 2 2 2 2 2 2 2 2 2 2 2 2 2 2 2 2 2 2 2 2 2 2 2 2 2 2 2 2 2 2 2
left_child=3 2 24 -1 5 6 9 8 -7 -5 11 -6 -13 16 -15 -16 -14 18 19 -12 -21 22 -20 -18 25 26 -2 28 29 30 -26 35 34 -34 -33 37 -37 45 41 40 -40 42 44 -43 -39 54 -45 -48 50 -50 51 53 -53 -47 56 59 60 -58 -59 -56 -29 -44
right_child=1 -3 -4 4 10 7 -8 -9 -10 -11 17 12 13 14 15 -17 23 -19 21 20 -22 -23 -24 -25 27 -27 -28 31 -30 -31 -32 32 33 -35 -36 36 -38 38 39 -41 -42 43 61 46 -46 48 47 -49 49 -51 -52 52 -54 -55 55 -57 57 58 -60 -61 -62 -63
leaf_value=-0.040187872299510576 0.007523756132771571 -0.0067323243456965387 0.014762083923215045 0.054280284185742225 -0.051521302708001308 -0.018855363033987858 -0.057313066914988067 0.089865718930959709 0.057944600186532448 -0.026141479663932939 -0.0076699267277612129 0.056055017822497603 -0.075999570322101528 -0.02345048873884301 0.0047012552167430069 0.12004472267627718 -0.051282021860991206 -0.052383478314189595 -0.0058310768598860063 0.015734120425970659 0.15495955002307893 0.069094923028239497 -0.091443040097753212 0.038375629506566949 -0.088051140389870858 -0.078925463233497889 0.13940404807799497 0.010033537327015604 -0.13106705325621146 0.059881029522110676 -0.0066471779550839639 -0.085459604579955342 -0.018068866873228992 -0.16777896299958228 0.0099721663226025048 -0.010657062754034996 0.12448438235691615 -0.020932530239224437 0.0029980209966500599 -0.03350387915141053 0.15021926744869263 -0.00039595152707176006 -0.01444791393741122 -0.033205188081964203 -0.14009203953402383 -0.002165476474407557 -0.028712412944206823 -0.21188790669728974 0.1876867649627143 -0.031069861948490141 0.10136489671457448 0.14563520875844091 -0.001539554133226997 -0.14545652389526367 -0.021357629738215891 -0.070763202068897399 -0.042736117376221551 0.16653540625291713 -0.00051773367893128168 0.072663977503776553 -0.076588951203633446 0.046946038088450832
leaf_weight=108 27 1985 1939 43 165 54 48 35 42 39 71 37 69 117 33 25 35 59 874 23 25 27 24 34 32 21 32 440 27 29 126 32 27 20 147 20 28 112 36 36 33 94 53 46 21 37 26 29 29 20 33 22 38 20 70 65 27 34 21 25 22 132
leaf_count=108 27 1985 1939 43 165 54 48 35 42 39 71 37 69 117 33 25 35 59 874 23 25 27 24 34 32 21 32 440 27 29 126 32 27 20 147 20 28 112 36 36 33 94 53 46 21 37 26 29 29 20 33 22 38 20 70 65 27 34 21 25 22 132
internal_value=8.38772e-12 0.00295846 0.00773409 -0.00895282 -0.00715751 0.0119705 -0.0110499 0.0348151 0.0147446 0.0160309 -0.010243 -0.0228126 -0.00927852 -0.0170017 0.00235744 0.0544183 -0.0415512 -0.0043742 -0.00166104 0.0310194 0.0882474 -0.00586533 -0.00811915 -0.00710289 0.00121074 0.037583 0.0790521 -0.000237635 -0.0255021 -0.0102601 -0.0231341 0.00277439 -0.0226205 -0.0817753 -0.00708826 0.00643229 0.0681754 0.00448379 -0.00720412 0.0367526 0.0734082 -0.0162011 0.000455224 -0.0433637 -0.0397472 0.0124828 -0.0833536 -0.125296 0.041823 0.0983983 0.0233417 0.0013352 0.0524245 -0.052443 0.00418922 -0.0267378 0.0132854 0.054847 0.102751 0.0033849 0.00590866 0.0293575
internal_weight=8000 6013 4028 1987 1879 261 130 131 96 82 1618 515 350 313 175 58 138 1103 1044 119 48 925 898 69 2089 80 59 2009 214 187 158 1795 226 47 179 1569 48 1521 618 105 69 513 318 195 133 903 101 55 199 49 150 117 60 57 704 160 544 82 55 95 462 185
internal_count=8000 6013 4028 1987 1879 261 130 131 96 82 1618 515 350 313 175 58 138 1103 1044 119 48 925 898 69 2089 80 59 2009 214 187 158 1795 226 47 179 1569 48 1521 618 105 69 513 318 195 133 903 101 55 199 49 150 117 60 57 704 160 544 82 55 95 462 185
is_linear=0
shrinkage=0.05


Tree=147
num_leaves=63
num_cat=0
split_feature=1 1 1 5 5 4 4 8 7 7 5 5 8 8 8 4 0 4 4 4 3 8 4 4 4 8 5 5 8 7 4 3 0 4 3 5 0 5 4 4 8 4 4 8 5 8 7 6 3 4 5 6 4 5 4 4 4 3 6 8 8 4
split_gain=80.0652 150.899 59.8924 48.2638 58.7593 110.467 94.2211 56.6776 75.1291 81.1302 48.5449 48.286 43.9226 93.4433 87.8387 51.0586 101.573 80.1437 111.182 79.3802 75.5485 65.5103 49.8501 176.224 106.419 91.4775 72.1441 68.9001 68.0018 62.4634 60.8569 59.8286 172.107 54.5627 51.0191 57.5654 78.8186 78.898 61.3034 49.6778 48.1037 47.9278 105.742 78.4157 111.221 88.1135 63.2506 62.9891 83.4855 52.4547 46.4346 45.5945 44.5525 227.519 94.8792 45.6343 148.938 98.4793 105.9 72.58 175.078 129.227
threshold=1.0000000180025095e-35 2.5000000000000004 1.5000000000000002 28.075025625480901 25.54281987860362 26.86071981977447 17.680000866272 0.80499697494440292 15.500000000000002 9.5000000000000018 32.025667118128261 29.93687833277928 0.778474041755155 0.74647391586936263 0.76048528222805201 28.393550200141025 3.5000000000000004 18.744063916108399 13.670900693646105 20.445054081342274 7373.8083333333252 0.84867803720127599 10.171057638564834 14.080361665778629 7.5589700312841037 0.44100089924750124 32.545491547304387 9.8259649435497014 0.50427546034012349 12.500000000000002 14.67491530027816 9526.8166666666784 2.5000000000000004 12.394723713158347 8696.3916666666864 17.494627851377448 3.5000000000000004 13.670280849394539 23.330905014419631 36.512538364667634 0.55384450461698864 32.207459413718908 31.267328544374923 0.58398135235541304 13.382214895597535 0.17234430247247598 7.5000000000000009 63.500000000000007 5332.9416666666702 35.594096799764053 10.047492307545506 68.500000000000014 16.096234169673341 11.419214905244047 16.723449520198098 20.196419348538004 20.769437935978249 6509.0416666666633 68.500000000000014 0.51169483554895001 0.33169896542094007 22.320362003676383
decision_type=2 2 2 2 2 2 2 2 2 2 2 2 2 2 2 2 2 2 2 2 2 2 2 2 2 2 2 2 2 2 2 2 2 2 2 2 2 2 2 2 2 2 2 2 2 2 2 2 2 2 2 2 2 2 2 2 2 2 2 2 2 2
left_child=-1 2 3 4 -2 6 -6 8 9 10 11 -5 13 22 -15 17 39 18 20 -19 -14 -21 24 33 27 -26 30 -4 -28 -29 -25 34 -33 -24 41 36 37 50 -37 51 -40 42 52 45 -45 -43 49 48 -48 -47 -36 -17 53 -32 -54 57 -57 -56 -59 60 61 -58
right_child=1 -3 12 7 5 -7 -8 -9 -10 -11 -12 -13 15 14 -16 16 -18 19 -20 21 -22 -23 23 26 25 -27 28 29 -30 -31 31 32 -34 -35 35 38 -38 -39 40 -41 -42 43 -44 44 -46 46 47 -49 -50 -51 -52 -53 54 -55 55 56 59 58 -60 -61 -62 -63
leaf_value=-0.0086811438897263105 0.0029554978464870732 -0.0085133896638843048 -0.042980673728510742 -0.054997440826679983 0.074934975678016519 0.11871207994408906 -0.065659017065683237 0.055488371352354682 -0.092368121297122574 0.046970464929174158 -0.086448153922238452 0.040605147480964665 -0.03549506736022455 0.13673742512060749 0.026852930227125232 0.00067281248894604778 -0.12094543712834518 0.13137018157169222 -0.097016032191459101 -0.018047667581898474 0.086426504080494251 0.06982655391391171 0.049116963396469759 -0.064563037541050181 -0.12221334366477095 0.014100113995373248 0.12186909538918529 0.10936614617153451 0.0020256939902901653 -0.007216798206791282 0.17441234937445685 0.031136619299650194 -0.15091778004453296 0.12715278019507725 0.043869219387748411 0.075208486875762121 0.15042946728922071 0.12821819418226368 -0.058461408536223808 0.041327008008956917 0.039262644052505492 -0.043808471139233848 -0.096897055000066762 0.0536949592149433 -0.06556372742937959 0.12249708970387777 -0.069476919593634431 0.082143922315855683 0.043751711016748011 0.048767802968191415 -0.048695814609527592 -0.095000812471844262 -0.09134024435281754 -0.037281675282865766 -0.010487115872440054 -0.12050318138984342 -0.082988157247503608 0.032615683183074 0.16225319077139316 0.030806027139657591 -0.049233929640744668 0.041639444273777117
leaf_weight=1994 1792 1958 25 28 22 32 26 21 39 39 34 25 27 31 44 33 24 20 32 48 24 38 48 26 32 20 29 27 20 20 22 34 21 42 42 23 21 20 34 35 20 26 25 34 46 45 27 34 41 52 20 20 25 30 67 24 24 50 23 197 142 156
leaf_count=1994 1792 1958 25 28 22 32 26 21 39 39 34 25 27 31 44 33 24 20 32 48 24 38 48 26 32 20 29 27 20 20 22 34 21 42 42 23 21 20 34 35 20 26 25 34 46 45 27 34 41 52 20 20 25 30 67 24 24 50 23 197 142 156
internal_value=-3.70338e-11 0.00288215 0.00839412 0.0024136 0.00482718 0.0467528 -0.0012201 -0.0218779 -0.0317245 -0.0129539 -0.0398165 -0.00990188 0.014579 0.0177149 0.0722719 -0.0030172 -0.0297684 0.0128353 -0.0239596 0.0416465 0.0218798 0.0207805 0.0151797 0.0177146 -0.0152806 -0.0697851 0.0133548 0.0240838 0.0729534 0.0597564 0.0111932 0.0126798 -0.0383751 0.0855337 0.0148908 0.0395519 0.0639997 0.0418653 0.00684883 -0.00490191 -0.0222673 0.0108183 0.00428304 0.0276387 -0.0148788 0.042756 0.054066 0.0265768 -0.00120672 0.0829721 0.0140095 -0.0354304 0.00761134 0.0522812 0.0043305 0.00783236 0.00126985 0.0332855 0.0734604 0.00690098 -0.00772416 0.0250224
internal_weight=8000 6006 4048 2058 1872 80 48 186 165 126 87 53 1990 1689 75 301 112 189 83 106 51 86 1614 1490 124 52 1400 72 49 47 1351 1325 55 90 1270 180 103 82 77 88 54 1090 785 305 80 225 199 102 68 97 62 53 760 52 708 683 543 140 73 519 322 180
internal_count=8000 6006 4048 2058 1872 80 48 186 165 126 87 53 1990 1689 75 301 112 189 83 106 51 86 1614 1490 124 52 1400 72 49 47 1351 1325 55 90 1270 180 103 82 77 88 54 1090 785 305 80 225 199 102 68 97 62 53 760 52 708 683 543 140 73 519 322 180
is_linear=0
shrinkage=0.05


Tree=148
num_leaves=63
num_cat=0
split_feature=0 0 0 5 3 4 8 4 8 0 4 4 8 3 8 6 1 8 8 4 8 8 8 8 1 6 6 6 5 5 3 5 3 6 5 4 7 4 4 7 8 8 3 6 7 3 5 5 5 5 4 3 8 8 5 5 8 6 3 8 4 6
split_gain=79.8932 102.796 121.986 70.3175 59.4886 49.8973 56.3972 51.1856 55.3351 49.6025 52.8164 64.0918 93.2509 53.5387 75.2256 52.979 115 88.9394 55.9264 98.9061 61.1847 102.51 83.5539 84.3789 79.9504 69.3784 113.843 94.5894 64.6563 78.0222 66.3546 127.113 100.465 58.7941 53.0534 95.6141 71.1292 60.4698 153.095 136.979 150.124 125.326 88.2494 129.575 118.492 101.151 100.095 116.384 122.902 90.797 83.9297 67.3572 179.588 74.3514 58.6718 52.2236 79.313 53.2064 50.2444 49.5809 94.184 70.1587
threshold=1.0000000180025095e-35 2.5000000000000004 3.5000000000000004 -5.3691017863632746 1881.1083333333336 42.001725629616367 0.11336199433996917 38.667646585842192 0.52082400564548048 1.5000000000000002 41.562516888547314 39.118844963891753 0.56111682996321954 4288.0583333333379 0.57872006561229261 16.500000000000004 2.5000000000000004 0.23772742260024263 0.12885854621027001 26.684292683372032 0.66638883830207196 0.69574192147969127 0.54788203872086638 0.53221996429596985 2.5000000000000004 69.500000000000014 48.500000000000007 86.500000000000014 0.85972301163601206 4.3142432207112105 6196.8833333333359 11.336625680887021 4035.9333333333375 66.500000000000014 5.9605579524507348 21.885025489573305 8.5000000000000018 31.110843338745202 30.034767101762217 14.500000000000002 0.27685357249138814 0.38794306050314625 4762.9250000000093 39.500000000000007 8.5000000000000018 5229.3250000000035 8.3457163739643132 11.419214905244047 14.145231257581242 19.199527021204993 22.89825164418318 8101.8750000000036 0.40807316457506998 0.35596296072615075 17.805922612763066 18.789218178956954 0.56111682996321954 8.5000000000000018 7665.7749999999905 0.22329579719711476 45.855903595867126 54.500000000000007
decision_type=2 2 2 2 2 2 2 2 2 2 2 2 2 2 2 2 2 2 2 2 2 2 2 2 2 2 2 2 2 2 2 2 2 2 2 2 2 2 2 2 2 2 2 2 2 2 2 2 2 2 2 2 2 2 2 2 2 2 2 2 2 2
left_child=5 4 -3 -4 -2 6 -1 -8 -9 59 11 15 -13 -12 -15 16 17 -11 19 -17 22 -22 23 34 25 26 -24 -27 -23 -30 31 -31 -33 -26 35 -20 -37 38 42 40 -39 -42 43 -36 -45 -44 -47 -48 -49 50 -50 53 -53 -51 -46 56 -19 -58 -57 -6 61 -61
right_child=1 2 3 -5 9 -7 7 8 -10 10 13 12 -14 14 -16 18 -18 55 20 -21 21 28 24 -25 33 27 -28 -29 29 30 -32 32 -34 -35 37 36 -38 39 -40 -41 41 -43 45 44 54 46 47 48 49 51 -52 52 -54 -55 -56 58 57 -59 -60 60 -62 -63
leaf_value=0.071715802289545535 -0.075082251571473635 -0.013757112004556763 -0.079026824484268829 0.0072145484013746543 -0.018197836021356512 0.033008463738056333 -0.011116978504360012 -0.019602720228334269 -0.12697187781333924 0.13530249826369747 0.043427473377613796 0.0058708637598015017 0.1567272910475731 0.014343615531921386 -0.1022288544043418 -0.10752435928353897 -0.020302179718384564 -0.022943230397999288 0.049031767924316232 0.033234039647504689 -0.087535586953163158 0.087796494940465153 0.097345276109196924 -0.08374602155421268 0.038067203211156947 0.17847375896360196 -0.019202935043722391 0.047310623802520615 -0.089460872567218297 0.13808059519529345 -0.010008071733454428 -0.05059364253983778 0.090633821627125147 -0.066179250961258304 0.17450974643230441 -0.005611562029131361 -0.10921397695938746 0.11736280045543726 -0.12054984720423818 0.15912203955650331 -0.12637040004134178 0.044767487729373188 -0.10201277792453767 0.1000731846317649 0.027163712767263256 -0.082354408005873361 0.11341531571233646 -0.071517541199117102 0.031255787105432579 -0.080178157974253692 0.16536372840404512 0.1157414970371653 -0.067596270347183393 0.037788098711859099 -0.083395240511745225 0.033367198705673222 0.12934190459549427 0.0208670651110319 0.13567837750694406 -0.0057652378400199714 0.09596849600302762 0.016814901771683141
leaf_weight=20 21 1573 24 1558 231 65 1486 30 20 31 21 21 20 25 31 26 63 50 36 24 33 22 44 22 38 28 40 27 23 25 182 34 20 21 20 37 30 26 20 25 20 23 20 38 30 24 32 37 28 34 20 34 22 22 20 24 20 26 24 727 29 653
leaf_count=20 21 1573 24 1558 231 65 1486 30 20 31 21 21 20 25 31 26 63 50 36 24 33 22 44 22 38 28 40 27 23 25 182 34 20 21 20 37 30 26 20 25 20 23 20 38 30 24 32 37 28 34 20 34 22 22 20 24 20 26 24 727 29 653
internal_value=-1.70807e-11 0.00251881 -0.00389741 0.00590621 0.0087977 -0.00991208 -0.011705 -0.0127912 -0.0625504 0.00934765 0.0157213 0.0178135 0.0794594 -0.0246562 -0.0501876 0.0160644 0.0376246 0.0584782 0.0118131 -0.0399603 0.0140505 -0.00381036 0.0214524 0.0124219 0.0497299 0.0704297 0.0418461 0.114085 0.00521883 -0.00117803 0.00660168 0.0448672 0.00171283 0.000962533 0.0159599 -0.0166884 -0.0520007 0.0227533 0.0142922 0.0588482 0.0225171 -0.0348315 0.0213705 0.0596295 0.0335203 0.00623513 0.0147923 0.0249736 0.0106074 0.0295988 0.0871341 0.00494084 0.0437159 -0.0338343 -0.0170599 0.0419397 0.0206481 0.06803 0.0845228 0.00327329 0.00679339 0.00491942
internal_weight=8000 6379 3155 1582 3224 1621 1556 1536 50 3203 1563 1486 41 77 56 1445 238 175 1207 50 1157 339 818 620 198 139 84 55 306 284 261 79 54 59 598 103 67 495 401 94 69 43 381 108 88 273 253 229 197 160 48 112 56 56 50 144 96 46 48 1640 1409 1380
internal_count=8000 6379 3155 1582 3224 1621 1556 1536 50 3203 1563 1486 41 77 56 1445 238 175 1207 50 1157 339 818 620 198 139 84 55 306 284 261 79 54 59 598 103 67 495 401 94 69 43 381 108 88 273 253 229 197 160 48 112 56 56 50 144 96 46 48 1640 1409 1380
is_linear=0
shrinkage=0.05


Tree=149
num_leaves=63
num_cat=0
split_feature=2 2 4 2 8 3 1 8 7 4 4 8 4 3 5 8 0 6 6 8 3 6 3 5 8 4 7 5 6 7 8 6 5 8 4 3 7 6 6 5 0 0 5 3 8 1 6 6 5 5 8 3 1 0 1 6 4 0 4 5 4 4
split_gain=76.1172 100.171 69.967 67.3812 48.8646 81.3833 130.555 81.2634 82.5037 89.0438 74.4451 72.265 67.9466 64.359 86.4166 74.4764 64.1447 94.7748 120.753 139.659 106.697 123.529 114.806 112.208 162.321 60.8306 56.9571 74.6085 122.786 56.5146 53.4279 50.6224 48.0929 46.6438 51.0854 104.681 63.2959 82.6864 108.776 105.678 75.7837 53.6756 57.3784 54.9368 46.0768 42.8753 74.8795 118.622 58.9814 58.7955 61.4021 54.152 66.9648 62.1075 61.634 51.787 72.5723 71.3229 60.3444 53.5334 47.8105 79.1793
threshold=1.0000000180025095e-35 2.5000000000000004 2.0053613670414525 1.5000000000000002 0.65062400937924658 9526.8166666666784 1.5000000000000002 0.54420011350191844 1.5000000000000002 39.118844963891753 24.197223922540477 0.68620694248385916 15.688268860722454 4431.9333333333352 7.0043994903351381 0.58398135235541304 3.5000000000000004 88.500000000000014 66.500000000000014 0.36606472284635422 3376.6083333333349 11.500000000000002 6097.5250000000015 17.60408639267602 0.31942621556482037 24.110567511940779 4.5000000000000009 14.220934731168457 78.500000000000014 12.500000000000002 0.88658823471916637 54.500000000000007 23.0422071541112 0.86858084709962446 36.104441768219992 6438.7416666666659 13.500000000000002 82.500000000000014 45.500000000000007 10.374160752664976 1.5000000000000002 3.5000000000000004 15.514067192621365 6325.2666666666673 0.8228226387353299 1.5000000000000002 61.500000000000007 58.500000000000007 27.270864533128869 3.7227379731940711 0.35359035002725631 6558.7499999999991 1.0000000180025095e-35 1.5000000000000002 1.0000000180025095e-35 77.500000000000014 22.761446887576017 1.5000000000000002 24.281287799756353 15.264181457521644 12.803198113485559 24.765655686595153
decision_type=2 2 2 2 2 2 2 2 2 2 2 2 2 2 2 2 2 2 2 2 2 2 2 2 2 2 2 2 2 2 2 2 2 2 2 2 2 2 2 2 2 2 2 2 2 2 2 2 2 2 2 2 2 2 2 2 2 2 2 2 2 2
left_child=-1 2 -2 4 5 7 -7 16 -9 10 12 25 -10 -12 -15 -16 45 18 20 -20 -18 -22 -23 24 -24 -6 27 -13 31 -25 33 -29 -14 34 36 -36 37 38 39 -28 -40 42 43 -38 -41 49 47 48 -47 -4 60 54 53 -53 -52 58 57 -57 -48 -58 -51 -62
right_child=1 -3 3 -5 11 6 -8 8 9 -11 13 26 32 14 15 -17 17 -19 19 -21 21 22 23 29 -26 -27 30 28 -30 -31 -32 -33 -34 -35 35 -37 41 -39 40 44 -42 -43 -44 -45 -46 46 55 -49 -50 50 51 52 -54 -55 -56 56 59 -59 -60 -61 61 -63
leaf_value=-0.008484245493552714 0.077720172234943929 -0.0063894425097252398 -0.072316429836720958 0.013455854982510113 -0.10827921714746591 0.046671179216355087 -0.11432260182850502 -0.047114866082395977 0.075427619889378558 -0.058839519161265341 0.00036522105336189275 -0.068104128813784984 0.02100468178590139 0.18549047816883435 0.14831515529326031 0.033869328756224025 0.13769687541893549 0.095988321657746276 -0.14015124320983888 0.025362131895515352 -0.094892713995206934 -0.055238977418496066 0.22628097573295236 0.061569106392562391 0.031515143746915074 -0.016041586414361611 0.129630949785528 0.0078812769416606778 -0.086734922860677424 -0.050746790355160123 0.068897979011138283 0.10869215453043579 -0.067440737783908841 -0.066425918206572537 -0.037548023983836179 0.1101289741198222 0.013594589188047077 0.091086003640666602 0.015599768342716354 -0.029568001941630718 -0.092216441837640911 -0.098414233482132352 0.031996337811534221 -0.085881280127380583 0.062717990577220925 0.010507581947574035 0.11424428662567428 -0.12450893783853167 -0.060039996802806854 0.072170963644981392 0.056118058798641991 -0.048595725558698177 -0.018248182848095897 -0.16789773814380171 -0.038203965768564579 0.036165269464254378 0.093671074515829497 -0.087461103286061978 0.021823681145906451 -0.0015973331085566819 -0.033680831279718514 0.027317241812529772
leaf_weight=1987 35 1985 41 1923 33 20 34 29 40 20 20 72 51 22 21 44 21 39 25 26 21 26 20 24 23 39 23 33 26 21 30 20 22 25 20 30 23 30 28 38 39 24 39 35 21 193 33 21 35 25 29 24 50 20 43 20 30 28 38 29 99 115
leaf_count=1987 35 1985 41 1923 33 20 34 29 40 20 20 72 51 22 21 44 21 39 25 26 21 26 20 24 23 39 23 33 26 21 30 20 22 25 20 30 23 30 28 38 39 24 39 35 21 193 33 21 35 25 29 24 50 20 43 20 30 28 38 29 99 115
internal_value=-4.91244e-11 0.00280362 0.00733397 0.00671701 0.000456726 0.00552639 -0.0546953 0.00786931 0.0325446 0.0421701 0.0513528 -0.0111841 0.02305 0.0812427 0.0998352 0.0708441 0.00193754 0.024489 0.0110181 -0.0557719 0.0328533 0.0165443 0.0370722 0.064346 0.122104 -0.0583172 -0.00508057 -0.0312893 0.00226351 0.00915502 0.00469107 0.0459231 -0.0056501 -0.00044548 0.00426741 0.0510582 -0.00353105 0.0153516 0.000103073 0.0387196 -0.0471589 -0.0314649 -0.0149001 -0.046434 0.00327955 -0.00441717 0.00690736 -0.0107957 -0.00032209 -0.0152593 -0.0094831 -0.0328434 -0.0578368 -0.102824 -0.00021315 0.0316717 0.00970284 -0.0359501 0.0647797 0.0468442 0.00674207 -0.000901493
internal_weight=8000 6013 4028 3993 2070 1442 54 1388 269 240 220 628 113 107 87 65 1119 246 207 51 156 135 114 88 43 72 556 151 79 45 405 53 73 375 350 50 300 179 149 82 67 121 97 58 59 873 427 249 228 446 405 166 94 44 72 178 107 48 71 59 239 214
internal_count=8000 6013 4028 3993 2070 1442 54 1388 269 240 220 628 113 107 87 65 1119 246 207 51 156 135 114 88 43 72 556 151 79 45 405 53 73 375 350 50 300 179 149 82 67 121 97 58 59 873 427 249 228 446 405 166 94 44 72 178 107 48 71 59 239 214
is_linear=0
shrinkage=0.05


Tree=150
num_leaves=63
num_cat=0
split_feature=0 0 0 5 3 5 4 4 5 4 3 8 8 8 4 3 7 7 8 8 4 4 2 6 6 6 4 5 7 3 4 4 4 7 6 8 4 6 8 6 3 4 8 6 6 3 3 3 5 5 5 5 7 8 5 5 6 6 5 3 3 3
split_gain=72.3926 93.1821 107.278 63.418 54.0637 48.2988 98.3277 53.0605 119.727 111.838 170.02 201.398 169.57 117.721 119.777 126.428 112.727 89.687 89.0628 110.776 172.966 137.408 138.695 131.219 194.13 151.954 193.931 188.65 162.863 122.595 195.584 121.334 132.801 243.709 117.816 114.304 144.379 164.332 101.883 101.215 97.1702 93.6249 150.279 90.084 86.5686 85.0086 78.2139 76.865 115.976 289.504 122.049 92.8139 179.235 98.7737 96.1186 95.0488 88.2945 70.125 67.597 64.807 47.2878 46.6333
threshold=1.0000000180025095e-35 2.5000000000000004 3.5000000000000004 -5.3691017863632746 1881.1083333333336 34.293835620481936 23.725260575138282 22.396750306662476 29.314868924061283 14.372514333208237 6325.2666666666673 0.62872286442738001 0.76304519974231977 0.34196513307723958 11.744056720484563 8089.4333333333298 11.500000000000002 7.5000000000000009 0.15508498599878684 0.4786975148677074 39.734579574736536 24.955510642427665 2.5000000000000004 65.500000000000014 92.500000000000014 8.5000000000000018 28.522208948660971 17.494627851377448 3.5000000000000004 8077.7583333333287 31.903448193253094 25.249758145192725 27.213048204894772 14.500000000000002 37.500000000000007 0.37175865475543279 30.034767101762217 66.500000000000014 0.70376179640548497 47.500000000000007 6413.9750000000004 33.823272996990291 0.62872286442738001 40.500000000000007 62.500000000000007 7202.5916666666626 7078.0333333333256 9273.0250000000215 22.481664035562115 19.199527021204993 27.505540361807906 8.5608429970556674 2.5000000000000004 0.36929703460810015 1.4014061613018491 14.406033095641453 40.500000000000007 28.500000000000004 12.834358606178776 6921.8916666666601 4035.9333333333375 2490.5250000000033
decision_type=2 2 2 2 2 2 2 2 2 2 2 2 2 2 2 2 2 2 2 2 2 2 2 2 2 2 2 2 2 2 2 2 2 2 2 2 2 2 2 2 2 2 2 2 2 2 2 2 2 2 2 2 2 2 2 2 2 2 2 2 2 2
left_child=-1 4 60 -4 -2 7 -7 9 18 10 11 17 47 -12 16 -16 -15 -5 57 20 31 22 40 25 45 -23 27 -27 34 30 -30 43 39 35 -28 36 58 -38 -31 -33 -21 -32 -43 -20 -14 -25 -10 48 49 51 -50 54 -53 -54 -11 -55 -56 -9 -34 -37 -3 -6
right_child=1 2 3 5 61 6 -8 8 46 12 13 -13 44 14 15 -17 -18 -19 19 21 -22 23 -24 24 -26 26 28 -29 29 38 41 32 33 -35 -36 59 37 -39 -40 -41 -42 42 -44 -45 -46 -47 -48 -49 50 -51 -52 52 53 55 56 -57 -58 -59 -60 -61 -62 -63
leaf_value=-0.009435324632727303 -0.071588167832011274 0.0039651493492054921 -0.075176240119617432 0.055297753781728125 0.038470401559607126 -0.023829665780067445 0.12163601984054997 -0.13440694019198418 -0.017115025953389703 -0.02107364468276501 -0.056508735567331318 -0.20215822603287445 0.065725816817333305 0.03973072368432494 0.062009240474019733 -0.098162735524502664 0.18305421597931698 -0.069798421148995038 0.028130375125578474 -0.11788349851965906 0.16635202758368994 -0.10785670166923887 -0.1730292372081591 -0.12779785110191866 0.072500836333659086 0.18542623617287193 0.0047150535597687681 0.0010882026475408802 0.16838840504487357 -0.12256218105554582 -0.071924851391287084 0.023971091359853744 0.092540343915385639 0.14187462521450861 -0.16277065802188148 -0.0039857050610913177 -0.020250475698628943 -0.19044372452341993 0.037033200450241568 -0.11703060846243585 0.017671385899377178 -0.057095650157758172 0.10880655948168193 0.14968562655978732 0.19346574644247694 -0.029512219478122215 -0.15694872383959591 -0.063221461841693291 -0.092002141133353532 0.1967291867291486 0.049355847445818099 0.13724521525204181 0.036666330552266334 -0.11614655568390281 0.030172484517097475 -0.0035613591733731722 0.16878068118735598 -0.018201109364226059 -0.024106456146196085 0.10119841223349796 -0.017398530561496102 0.0076691180650955001
leaf_weight=1621 21 327 24 23 128 21 26 20 20 20 36 21 36 34 28 22 23 38 35 20 21 21 23 44 28 35 21 23 30 20 21 20 23 35 21 27 37 23 20 35 39 21 39 27 21 44 20 26 37 27 26 20 42 37 20 38 27 37 27 32 1246 3075
leaf_count=1621 21 327 24 23 128 21 26 20 20 20 36 21 36 34 28 22 23 38 35 20 21 21 23 44 28 35 21 23 30 20 21 20 23 35 21 27 37 23 20 35 39 21 39 27 21 44 20 26 37 27 26 20 42 37 20 38 27 37 27 32 1246 3075
internal_value=-6.40768e-11 0.00239766 -0.00371117 0.00548245 0.00837574 0.00672494 0.0566407 0.0051723 -0.0024527 0.0166858 -0.0112105 -0.0686075 0.0333348 0.0217025 0.0480165 -0.00846643 0.097563 -0.022631 0.00144048 0.00568147 0.0273311 -0.0100721 -0.06888 0.00235636 -0.0421691 0.0213452 0.0321549 0.112327 0.00806181 0.0322854 0.0593304 0.0182363 0.00319605 0.0217864 -0.0790278 -0.00308393 -0.0331993 -0.0854912 -0.0427645 -0.0657573 -0.0282794 0.0189386 0.0507408 0.0810657 0.112788 -0.078655 -0.0870319 0.0191822 0.0264696 0.0428696 -0.0336639 0.0225058 -0.0010793 -0.0247245 0.0707322 -0.0591034 0.109798 -0.0589751 0.0295511 0.0530633 -0.0129574 0.00890002
internal_weight=8000 6379 3155 1582 3224 1558 47 1511 909 602 225 82 377 143 107 50 57 61 869 812 342 470 82 388 116 272 251 58 193 151 111 321 259 204 42 169 110 60 40 55 59 81 60 62 57 88 40 320 294 231 63 204 137 117 67 75 47 57 50 59 1573 3203
internal_count=8000 6379 3155 1582 3224 1558 47 1511 909 602 225 82 377 143 107 50 57 61 869 812 342 470 82 388 116 272 251 58 193 151 111 321 259 204 42 169 110 60 40 55 59 81 60 62 57 88 40 320 294 231 63 204 137 117 67 75 47 57 50 59 1573 3203
is_linear=0
shrinkage=0.05


Tree=151
num_leaves=63
num_cat=0
split_feature=1 1 8 1 5 8 7 7 7 6 6 8 3 2 7 7 7 6 3 8 8 8 3 8 3 0 6 3 3 3 4 3 5 3 4 6 6 7 8 3 8 0 6 6 4 4 6 6 5 2 6 3 3 0 3 8 7 5 4 4 4 5
split_gain=71.4983 131.636 59.7885 52.8531 47.4939 55.1234 62.0072 60.4708 48.3228 141.412 126.247 81.2777 75.5007 67.2967 52.9056 74.5947 89.9676 163.991 91.2352 95.91 82.702 124.107 115.001 83.4902 130.67 123.827 267.231 122.885 143.057 125.109 86.1163 68.8339 67.5447 66.4918 65.6325 62.6266 57.4293 72.0699 128.983 57.6295 79.3245 57.0521 138.771 83.238 55.7387 53.1087 67.0065 92.2404 56.5712 76.967 48.902 67.9181 96.9733 58.3082 50.1564 47.7187 45.3123 44.8735 44.6196 44.598 43.5423 42.8017
threshold=1.0000000180025095e-35 2.5000000000000004 0.11049632420392036 1.5000000000000002 28.075025625480901 0.80499697494440292 15.500000000000002 9.5000000000000018 17.500000000000004 23.500000000000004 63.500000000000007 0.32894660580983381 7518.9416666666575 1.5000000000000002 12.500000000000002 9.5000000000000018 10.500000000000002 77.500000000000014 7202.5916666666626 0.42404956966340773 0.70074122418097462 0.73076627872411404 7760.4333333333316 0.48758133224151678 3484.8166666666684 3.5000000000000004 57.500000000000007 2877.4250000000015 3754.3666666666682 8450.1750000000011 16.474299599105361 4860.3583333333427 15.398699506417588 9034.3166666666675 41.19783293951982 25.500000000000004 94.500000000000014 15.500000000000002 0.16127455261865722 4624.8583333333381 0.60281298632275038 1.5000000000000002 77.500000000000014 74.500000000000014 16.723449520198098 15.508798703105917 58.500000000000007 78.500000000000014 15.316724472586445 1.5000000000000002 41.500000000000007 4956.0666666666721 7745.7916666666561 2.5000000000000004 7397.7666666666591 0.54420011350191844 4.5000000000000009 32.025667118128261 27.003264999623322 25.935990388524697 25.039074606694456 29.93687833277928
decision_type=2 2 2 2 2 2 2 2 2 2 2 2 2 2 2 2 2 2 2 2 2 2 2 2 2 2 2 2 2 2 2 2 2 2 2 2 2 2 2 2 2 2 2 2 2 2 2 2 2 2 2 2 2 2 2 2 2 2 2 2 2 2
left_child=-1 2 -2 4 8 6 7 57 14 12 11 -11 -10 -13 15 20 17 -17 19 -18 23 -22 44 27 -25 35 -27 -4 56 30 -30 -21 -31 -24 36 -26 37 38 -16 40 -40 42 -41 -43 -23 -39 48 -48 58 -50 53 -52 54 -32 -53 59 -29 61 -47 -20 -54 -6
right_child=1 -3 3 -5 5 -7 -8 -9 9 10 -12 13 -14 -15 34 16 18 -19 55 31 21 22 33 24 25 26 -28 28 29 32 50 -33 -34 -35 -36 -37 -38 45 39 41 -42 43 -44 -45 -46 46 47 -49 49 -51 51 52 60 -55 -56 -57 -58 -59 -60 -61 -62 -63
leaf_value=-0.0082035687206801801 0.067944335465024153 -0.0079197622078639278 -0.081388113451631452 0.01308759374494638 -0.051826431622196523 0.053718902844758269 -0.08736120231019763 0.037474123819878226 0.17639080981413524 -0.12597181178629399 0.053969189268199429 0.037210615024422154 0.040649268329143527 -0.074203428366909852 0.085905221553985042 0.11995342611174645 0.046931882518710513 -0.029220716986391282 0.061141700365326623 -0.012259644954591184 0.11638218177990481 0.040821537420153625 0.087381935202413136 0.044841983218987788 -0.084724632219264392 -0.0054925522343678909 -0.25802186698652807 0.045387366143139929 0.04453977842170459 0.012268398625728413 -0.025601161389865658 -0.11514253791036277 0.10593546282892163 -0.012640849749247233 0.071940682049502033 -0.01084403815623532 0.0573119695186615 0.064260535254593826 -0.15654486763477327 -0.036965359081373071 -0.04245125926457919 -0.034669015813796299 0.11337720567826182 -0.14596415007753033 -0.045106164457929601 0.029545598030090332 -0.10580040127970279 0.02719635414806279 -0.0072341761467131704 0.12502504831010647 -0.087271972859035374 0.015198252502828836 0.005407205596566201 -0.11134876125762541 0.1057930040088567 0.080985824461095035 0.1457585027360398 -0.082963783830842561 -0.076071162745356566 -0.037415749796976643 -0.092723029973701798 0.038183306097984315
leaf_weight=1994 41 1958 38 1973 28 21 39 38 21 20 69 33 20 23 20 58 33 27 22 37 33 25 54 45 38 22 20 22 52 39 55 29 38 24 22 117 25 31 25 66 39 84 20 21 77 20 32 22 22 22 23 50 20 31 22 48 23 34 20 24 26 25
leaf_count=1994 41 1958 38 1973 28 21 39 38 21 20 69 33 20 23 20 58 33 27 22 37 33 25 54 45 38 22 20 22 52 39 55 29 38 24 22 117 25 31 25 66 39 84 20 21 77 20 32 22 22 22 23 50 20 31 22 48 23 34 20 24 26 25
internal_value=7.71179e-11 0.0027236 0.00787174 0.00725707 0.00160141 -0.022553 -0.0323195 -0.0151465 0.00401816 0.0281876 0.00500489 -0.0394495 0.110175 -0.00854872 0.00131489 0.00708723 0.0297079 0.0725687 0.0108315 -0.0226665 5.30462e-05 0.0272452 0.0109034 -0.00845198 -0.0320317 -0.0495917 -0.125745 0.00454641 0.0126898 0.00207207 -0.0134995 -0.0574658 0.0584937 0.0566057 -0.0124635 -0.0289567 -0.0164227 -0.0205745 -0.0363663 -0.0459562 -0.0870191 -0.0321969 -0.00200197 -0.056928 -0.0240455 0.00512232 -0.00816236 -0.0516165 0.0197725 0.0588954 -0.0267948 -0.00867058 0.00665003 -0.0565102 0.04288 0.0461113 0.0966882 -0.0381302 -0.0232628 0.00972042 -0.0500577 -0.00936901
internal_weight=8000 6006 4048 4007 2034 185 164 125 1849 186 145 76 41 56 1663 1172 278 85 193 99 894 213 180 681 242 197 42 439 401 356 279 66 77 78 491 155 469 444 275 255 64 191 86 105 102 169 138 54 84 44 227 141 118 86 72 94 45 87 40 46 46 53
internal_count=8000 6006 4048 4007 2034 185 164 125 1849 186 145 76 41 56 1663 1172 278 85 193 99 894 213 180 681 242 197 42 439 401 356 279 66 77 78 491 155 469 444 275 255 64 191 86 105 102 169 138 54 84 44 227 141 118 86 72 94 45 87 40 46 46 53
is_linear=0
shrinkage=0.05


Tree=152
num_leaves=63
num_cat=0
split_feature=7 7 7 8 7 7 7 7 7 7 7 8 3 4 6 4 3 3 4 5 3 4 6 7 4 7 8 8 6 4 0 5 3 6 0 8 5 5 3 8 8 4 4 5 5 1 6 6 8 8 0 3 5 8 3 3 6 8 8 1 5 5
split_gain=71.3284 202.781 122.438 76.54 74.1527 237.036 624.934 172.912 142.208 174.951 134.62 109.353 92.627 86.3822 103.608 73.9177 101.558 93.8422 156.165 154.281 95.9654 69.4974 106.951 76.8957 176.664 97.965 68.4146 68.1797 68.0448 66.6915 70.1625 105.037 97.148 66.5496 74.1315 87.4136 66.975 66.0979 65.3293 62.9534 62.8065 105.683 94.9743 75.6554 72.3018 62.6012 101.012 79.756 65.0151 182.708 102.89 91.4109 83.6359 79.5487 61.387 70.0298 88.5612 63.9418 61.2735 60.7402 107.522 59.9532
threshold=1.5000000000000002 2.5000000000000004 4.5000000000000009 0.88658823471916637 7.5000000000000009 9.5000000000000018 10.500000000000002 14.500000000000002 12.500000000000002 11.500000000000002 6.5000000000000009 0.82932370537135991 2490.5250000000033 35.493162345976423 50.500000000000007 32.207459413718908 6783.2666666666637 9323.7083333333394 26.589831807865146 20.577513542843537 8170.3666666666622 42.619171490009528 75.500000000000014 18.500000000000004 36.893416906533147 17.500000000000004 0.54788203872086638 0.16394098306000052 11.500000000000002 26.684292683372032 1.5000000000000002 14.606858809432481 8137.1750000000002 34.500000000000007 1.5000000000000002 0.41948516943102249 13.264151282680176 1.0000000180025095e-35 7487.8749999999964 0.89706184473324868 0.66322591592734037 24.765655686595153 11.997549736624366 21.108882973528875 24.326684462825273 2.5000000000000004 52.500000000000007 28.500000000000004 0.26204548167075337 0.44100089924750124 3.5000000000000004 8039.0833333333294 14.67889694165765 0.70376179640548497 3511.4750000000026 4201.9833333333399 11.500000000000002 0.82932370537135991 0.42906816225108496 1.0000000180025095e-35 16.5849687779729 14.67889694165765
decision_type=2 2 2 2 2 2 2 2 2 2 2 2 2 2 2 2 2 2 2 2 2 2 2 2 2 2 2 2 2 2 2 2 2 2 2 2 2 2 2 2 2 2 2 2 2 2 2 2 2 2 2 2 2 2 2 2 2 2 2 2 2 2
left_child=-1 15 -3 4 10 -6 11 8 9 -8 13 12 -7 29 -15 17 -17 18 20 58 33 23 38 25 28 40 -22 -27 -25 37 -31 -32 -33 36 -35 -36 -2 -4 -23 -5 -9 42 -42 -44 -45 48 47 -47 -14 52 51 53 -50 -51 61 -56 -57 59 -20 60 -58 -29
right_child=1 2 3 39 5 6 7 21 -10 -11 -12 -13 45 14 -16 16 -18 -19 19 -21 26 22 -24 24 -26 27 -28 54 -30 30 31 32 -34 34 35 -37 -38 -39 -40 -41 41 -43 43 44 -46 46 -48 -49 49 50 -52 -53 -54 -55 55 56 57 -59 -60 -61 -62 -63
leaf_value=-0.013942083898300298 0.060924748629331595 -0.018717372238311727 -0.077721162191752735 0.069307839314210903 -0.026629419727671286 0.1619613229082181 -0.023890370648850374 0.0097855318779973693 -0.030704135180843747 0.023170227415821688 0.036343801610961651 -0.041393146566722709 0.12318756783665237 -0.11469899970380699 -0.00287130761821315 0.055577077471264981 -0.050115214156753879 0.14522628045600394 -0.011943927332758904 0.2199033606797457 -0.099468311409537616 0.1511686639716992 -0.035619550257582559 -0.067142043215018224 -0.14967333512461706 0.11483333862346153 0.018915358801250875 -0.09262802910059692 0.0014115854401539254 -0.0075925123355374104 0.096961005576528037 -0.029239732341840866 0.09684334573420611 0.008027770481116716 0.021835093796253206 0.14286269440844254 -0.056434048645408644 0.00036981245429541462 0.034098389710892331 -0.022623006068170071 0.031318311749824461 0.01451285228402795 -0.085369719405263694 0.063889215904055163 -0.064832051532963911 0.020772804816563926 -0.01526644168490613 0.16028718248009682 -0.065571908316304606 0.072678639367222783 0.20197422385215758 0.0064800578259652658 0.052558632169304224 0.18827676004306837 0.097790155991127614 0.097756811747377798 -0.0012097415156089343 -0.060985656127333643 0.095698902813287884 0.0090606212187989092 0.14258600416091771 0.019899893767232526
leaf_weight=823 20 807 29 73 781 26 398 837 773 392 395 23 59 34 53 41 51 23 20 20 26 26 22 41 23 23 23 20 309 82 65 50 22 42 25 37 31 413 22 25 35 152 97 20 24 21 54 20 31 46 20 31 29 22 38 37 26 25 39 173 26 29
leaf_count=823 20 807 29 73 781 26 398 837 773 392 395 23 59 34 53 41 51 23 20 20 26 26 22 41 23 23 23 20 309 82 65 50 22 42 25 37 31 413 22 25 35 152 97 20 24 21 54 20 31 46 20 31 29 22 38 37 26 25 39 173 26 29
internal_value=3.1614e-13 0.00159876 -0.000437672 0.00203247 0.00130134 -0.00145996 0.00351658 -0.00299082 -0.0154574 -0.000538783 0.0127306 0.0642978 0.0710691 0.000261123 -0.0465741 0.0362847 -0.00301321 0.0480998 0.0402061 0.0998917 0.0170925 0.00672752 0.0556703 0.00495699 -0.01544 0.00982772 -0.0439005 0.031278 -0.00661898 0.00642551 0.0289883 0.0508834 0.00928565 0.0363742 0.059317 0.0940612 -0.010411 -0.0047538 0.0975115 0.0458561 0.00251806 -0.0160273 -0.0424029 -0.0607025 -0.00632238 0.0639724 0.0296588 0.0888286 0.0776689 0.0626656 0.0985351 0.0776383 -0.00847548 0.110078 0.0261396 0.0340051 0.0255597 0.0148745 0.0592098 0.0233034 0.0706881 -0.0260299
internal_weight=8000 7177 6779 5972 5874 4731 3950 3568 1563 790 1143 382 359 748 87 398 92 306 283 79 204 2005 70 1935 373 1562 49 397 350 661 219 137 72 155 104 62 51 442 48 98 1165 328 176 141 44 333 95 41 238 179 119 99 60 68 374 325 287 250 59 225 52 49
internal_count=8000 7177 6779 5972 5874 4731 3950 3568 1563 790 1143 382 359 748 87 398 92 306 283 79 204 2005 70 1935 373 1562 49 397 350 661 219 137 72 155 104 62 51 442 48 98 1165 328 176 141 44 333 95 41 238 179 119 99 60 68 374 325 287 250 59 225 52 49
is_linear=0
shrinkage=0.05


Tree=153
num_leaves=63
num_cat=0
split_feature=2 2 2 5 6 6 3 5 3 4 6 3 7 3 3 4 8 8 3 8 7 4 3 5 1 7 4 6 6 0 7 7 7 8 4 4 3 8 8 3 8 7 5 5 1 8 7 8 8 8 5 5 5 8 8 8 4 5 4 3 6 7
split_gain=67.0483 88.8761 63.4609 41.8782 69.3472 108.42 96.8918 65.0157 52.8396 89.2944 57.5879 49.9419 129.127 81.2566 101.959 147.566 98.7124 125.444 101.983 115.456 119.697 91.0789 89.5225 84.5334 84.2115 63.3653 100.621 66.3909 60.9683 115.584 84.6954 69.8614 118.834 55.8588 65.5274 185.699 98.1534 80.6358 128.46 98.4565 178.633 105.739 85.0504 62.437 59.4428 136.075 58.315 70.9895 75.988 54.4033 54.0896 63.3327 63.3238 62.3341 53.8391 51.935 51.1983 49.0499 81.9096 63.7027 45.8794 47.32
threshold=1.0000000180025095e-35 2.5000000000000004 1.5000000000000002 1.4014061613018491 75.500000000000014 31.500000000000004 6535.1916666666657 -0.50745733834420104 2230.2000000000016 26.86071981977447 42.500000000000007 3511.4750000000026 16.500000000000004 6535.1916666666657 6352.3583333333327 20.325377410104736 0.30336687005417695 0.17557990916412211 7230.5583333333279 0.46095783411512625 16.500000000000004 22.761446887576017 6882.2416666666604 22.894654473626193 1.5000000000000002 7.5000000000000009 14.994503507318401 76.500000000000014 67.500000000000014 3.5000000000000004 15.500000000000002 11.500000000000002 9.5000000000000018 0.32894660580983381 20.846679056640635 19.679457118973669 9496.6666666666806 0.80170959455314295 0.70074122418097462 8253.3583333333318 0.61171447410772839 13.500000000000002 15.264181457521644 9.2614600063034533 2.5000000000000004 0.59318740218297827 14.500000000000002 0.47156957415038325 0.41064590489498837 0.67433744312750277 25.54281987860362 21.327804638931017 17.805922612763066 0.44691663713053958 0.14572877899366513 0.38395314025173866 34.069371766239996 15.599615696481029 30.47008413662466 8406.8583333333463 75.500000000000014 8.5000000000000018
decision_type=2 2 2 2 2 2 2 2 2 2 2 2 2 2 2 2 2 2 2 2 2 2 2 2 2 2 2 2 2 2 2 2 2 2 2 2 2 2 2 2 2 2 2 2 2 2 2 2 2 2 2 2 2 2 2 2 2 2 2 2 2 2
left_child=-1 2 3 4 5 6 -2 -7 9 10 -5 12 50 14 28 -16 17 23 19 21 22 -18 24 54 -21 27 -27 -19 30 60 31 32 49 -20 35 37 43 38 39 40 42 -41 -35 -36 46 -46 47 48 -45 -13 51 52 53 -10 -15 -33 -48 58 -28 -59 -30 -62
right_child=1 -3 -4 8 -6 7 -8 -9 11 -11 -12 13 -14 16 15 -17 18 25 33 20 -22 -23 -24 -25 -26 26 57 -29 29 -31 -32 55 -34 34 36 -37 -38 -39 -40 41 -42 -43 -44 44 45 -47 56 -49 -50 -51 -52 -53 -54 -55 -56 -57 -58 59 -60 -61 61 -63
leaf_value=-0.0079627928462876491 -0.061594577161595221 -0.0060279600253922193 0.013412768011163421 0.031483947428996149 0.038792484390521145 -0.044939761405641383 0.088881971849047614 -0.14466732344522967 -0.070569338940265708 -0.023450644388794902 0.14337275288999082 0.025667399832958817 -0.12888841021060946 -0.012616419958833017 -0.0061951697424606038 0.1493810672419412 -0.19056896595727832 0.051073319352460358 -0.066562717295054238 -0.049503621791622474 0.084733639860695056 -0.047985259536653758 -0.086586226843064662 0.053719469428062439 0.084829263817518957 0.11371008718013764 0.080391540233459735 0.15612249487922306 -0.054679995313996366 -0.10845575274692641 0.076818401138148001 -0.094130561066170543 0.11449001595498093 0.01646706417880275 0.032034364610575565 0.14424945839025358 -0.098788904597361893 -0.053571049824519004 0.12117790361797368 0.0040079664172870772 -0.082780223917216067 -0.11800732483657508 0.1441752323647961 -0.010115719004534186 0.021672615948422205 -0.12478639130081451 0.06508424871439196 0.00092058482763617228 -0.1218620634798346 -0.046723640254802176 0.0549954433764877 -0.100092628265598 0.068635655226914782 0.010268813358587132 -0.099913449991833089 0.0069569966307392837 -0.030740121081471446 -0.078163634871523224 -0.042066940868442711 0.036292258594185112 0.075299927982832165 -0.0089748251769277785
leaf_weight=1987 20 1985 1939 23 33 44 23 26 41 30 23 93 25 38 27 35 21 53 33 28 22 24 56 25 20 25 36 21 21 27 62 24 31 22 89 27 30 46 27 56 20 26 32 32 29 35 46 147 29 36 29 21 23 57 33 27 20 31 22 20 31 36
leaf_count=1987 20 1985 1939 23 33 44 23 26 41 30 23 93 25 38 27 35 21 53 33 28 22 24 56 25 20 25 36 21 21 27 62 24 31 22 89 27 30 46 27 56 20 26 32 32 29 35 46 147 29 36 29 21 23 57 33 27 20 31 22 20 31 36
internal_value=1.93611e-11 0.00263131 0.0068986 0.000852184 -0.0249737 -0.0435956 0.0188929 -0.0819814 0.00279278 0.0436603 0.0874284 0.00112918 -0.0227484 0.0039299 0.0220919 0.0816301 -0.00276369 0.0219277 -0.0109493 -0.0457766 -0.0212238 -0.114524 -0.0436379 -0.0253498 0.00646841 0.0437481 0.0232399 0.0808846 0.012578 -0.0179598 0.025442 0.0103456 0.0265888 -0.00296608 -2.26169e-05 0.0202297 -0.0113675 0.00560729 0.0204827 0.00305471 0.0448686 -0.0346798 0.092146 -0.00522544 -0.0150365 -0.0584222 -0.00490257 -0.017896 -0.063241 0.00546525 -0.00723086 -0.0199391 -0.0060281 -0.0235512 -0.0531911 -0.0406136 0.0360466 0.00248986 0.0339418 -0.033279 0.00980596 0.030018
internal_weight=8000 6013 4028 2089 146 113 43 70 1943 76 46 1867 196 1671 450 62 1221 304 917 171 126 45 104 96 48 208 134 74 388 115 273 211 160 746 713 256 457 229 183 156 74 82 54 427 338 64 274 208 61 129 171 142 121 98 71 51 66 109 58 51 88 67
internal_count=8000 6013 4028 2089 146 113 43 70 1943 76 46 1867 196 1671 450 62 1221 304 917 171 126 45 104 96 48 208 134 74 388 115 273 211 160 746 713 256 457 229 183 156 74 82 54 427 338 64 274 208 61 129 171 142 121 98 71 51 66 109 58 51 88 67
is_linear=0
shrinkage=0.05


Tree=154
num_leaves=63
num_cat=0
split_feature=0 0 0 5 0 4 8 6 6 4 4 4 1 4 3 5 4 6 4 8 6 4 8 8 4 8 3 1 4 4 4 6 7 5 6 5 3 4 6 3 1 4 6 5 3 3 3 4 8 5 5 4 6 8 5 5 6 5 5 5 4 5
split_gain=66.0841 83.6736 96.7468 55.2789 51.195 48.8671 56.613 51.1515 90.2497 184.363 247.106 128.271 72.2259 52.3801 65.2194 83.5677 79.5481 70.2237 72.7693 167.737 100.921 125.264 69.2986 95.6161 86.7188 104.561 143.274 113.14 68.2363 106.833 67.6836 71.0961 77.8977 66.8646 66.3614 63.6062 63.3213 62.5134 62.2837 61.2461 115.435 67.5597 55.3608 54.6604 51.823 50.3779 49.274 45.7501 47.6547 45.3289 63.2101 59.6255 61.692 54.6804 54.2018 51.1079 52.7885 62.2864 44.2014 94.5806 48.9713 107.503
threshold=1.0000000180025095e-35 2.5000000000000004 3.5000000000000004 -5.3691017863632746 1.5000000000000002 7.5589700312841037 0.69893833483748646 96.500000000000014 88.500000000000014 21.983324435089688 34.696464491046385 28.729264729217277 1.5000000000000002 20.445054081342274 9104.2333333333463 14.524363245710111 27.584252552225678 17.500000000000004 24.680379696554059 0.27933568952851001 66.500000000000014 21.775241016660761 0.26973490998911359 0.23088029755175862 25.144070675018177 0.52671813922503308 6535.1916666666657 1.0000000180025095e-35 28.214521437085185 29.59513223175156 26.589831807865146 39.500000000000007 7.5000000000000009 6.3243629780832533 29.500000000000004 14.406033095641453 4578.2083333333385 31.267328544374923 36.500000000000007 7839.8333333333294 1.0000000180025095e-35 37.814163457200088 13.500000000000002 16.664651278446581 9447.4500000000135 6733.3999999999969 7888.1166666666641 42.001725629616367 0.11336199433996917 23.0422071541112 24.629267868090452 27.484548925689811 59.500000000000007 0.48758133224151678 28.250522562135654 25.747754652903897 15.500000000000002 29.314868924061283 34.293835620481936 36.698492704197712 22.396750306662476 29.314868924061283
decision_type=2 2 2 2 2 2 2 2 2 2 2 2 2 2 2 2 2 2 2 2 2 2 2 2 2 2 2 2 2 2 2 2 2 2 2 2 2 2 2 2 2 2 2 2 2 2 2 2 2 2 2 2 2 2 2 2 2 2 2 2 2 2
left_child=47 4 -3 -4 49 6 -6 8 13 12 11 46 -10 -7 17 16 -16 33 19 -19 21 -21 23 36 -24 26 27 -26 35 -30 -28 -32 -33 -15 -31 -27 -20 -38 -23 40 -36 43 -35 -42 -17 -9 -11 48 -1 -2 -51 55 53 -53 -54 -52 -57 -58 60 -60 -5 -62
right_child=1 2 3 58 5 7 -8 45 9 10 -12 -13 -14 14 15 44 -18 18 22 20 -22 38 24 -25 25 28 30 -29 29 34 31 32 -34 42 39 -37 37 -39 -40 -41 41 -43 -44 -45 -46 -47 -48 -49 -50 50 51 52 54 -55 -56 56 57 -59 59 -61 61 -63
leaf_value=0.065951273143291481 0.0060569172995471165 -0.012278621726028199 -0.070072373660514137 0.015968415872394989 0.094611565625438321 0.030447908494717037 -0.004295562296781851 0.010920135378837586 -0.1684964851786693 0.06709795661625409 -0.13482224842577817 0.15743102522000024 -0.04450387691512056 -0.012488352443622903 0.0020642368495464324 0.063763050569428339 -0.12667008111874264 -0.12573143251793226 0.08708864585045846 -0.13563466424122453 0.074495973118713921 0.073432834802762331 0.10679387211799624 0.14262880357829008 0.017878034133464098 -0.079320893968854639 -0.068553763180971158 -0.12205737852133239 0.13069990916320912 -0.050079114873100211 -0.037403057397089226 0.0079343860564024555 0.13953660022128711 0.046875784626389125 -0.091503907479345808 0.030404847860336304 -0.039668814437463881 0.055811728589857626 -0.031901026434368561 0.091180305265718034 0.067663933975355958 0.12227653644979 0.13666963924964268 -0.046416627225421725 -0.025446658572409211 0.12180123682178201 -0.038835164944074407 0.032083318393964035 -0.011730150596287105 -0.052652077299610869 0.050931325483889817 -0.049102959657708806 0.13281051114201545 0.046842069123630176 0.021359909822543464 -0.10578113210697969 -0.062472663409247689 0.011702773804818073 0.13655606627464295 -0.0069014047962371958 0.0012712541805801033 -0.082563102832064028
leaf_weight=20 1308 1573 24 602 39 390 23 20 24 21 21 23 23 39 20 27 30 32 31 20 35 23 20 22 20 28 20 52 26 27 22 23 22 94 20 25 40 30 36 36 21 20 21 21 41 21 23 65 1536 82 21 33 20 27 24 21 49 67 20 27 869 40
leaf_count=20 1308 1573 24 602 39 390 23 20 24 21 21 23 23 39 20 27 30 32 31 20 35 23 20 22 20 28 20 52 26 27 22 23 22 94 20 25 40 30 36 36 21 20 21 21 41 21 23 65 1536 82 21 33 20 27 24 21 49 67 20 27 869 40
internal_value=-6.1673e-11 0.00229081 -0.00349795 0.00523276 0.00795568 0.0144147 0.0579202 0.0126284 0.0110909 -0.0278667 0.0148352 0.0617427 -0.107819 0.0150334 0.00866516 -0.0261062 -0.0751764 0.0136325 0.00665343 -0.0245769 0.0038174 -0.0274959 0.0153219 0.0481722 0.00529564 -4.52932e-06 -0.031013 -0.0831864 0.022006 0.0373696 0.012165 0.0362601 0.0722732 0.0440866 0.0206345 -0.0275635 0.0275975 0.00125142 0.00916133 0.0368147 0.0129469 0.0466407 0.0632729 0.0106237 0.00997484 0.0677129 0.0117238 -0.00901485 -0.0107317 0.00180947 -0.0143407 -0.00235013 0.0270499 -0.0059277 0.0720193 -0.021702 -0.0328356 -0.01963 0.00639279 0.0541443 0.00490747 -0.00241783
internal_weight=8000 6379 3155 1582 3224 1572 62 1510 1469 135 88 67 47 1334 944 118 50 826 672 146 114 79 526 123 403 383 159 72 224 171 87 67 45 154 145 53 101 70 59 118 82 62 115 42 68 41 44 1621 1556 1652 344 262 104 60 44 158 137 116 1558 47 1511 909
internal_count=8000 6379 3155 1582 3224 1572 62 1510 1469 135 88 67 47 1334 944 118 50 826 672 146 114 79 526 123 403 383 159 72 224 171 87 67 45 154 145 53 101 70 59 118 82 62 115 42 68 41 44 1621 1556 1652 344 262 104 60 44 158 137 116 1558 47 1511 909
is_linear=0
shrinkage=0.05


Tree=155
num_leaves=63
num_cat=0
split_feature=1 1 8 1 4 5 2 5 5 4 4 8 6 4 3 3 4 4 6 3 5 3 8 6 8 4 8 5 7 7 5 2 0 7 8 7 7 4 4 3 7 4 3 7 4 4 8 4 8 8 8 5 5 5 5 6 6 8 3 8 4 4
split_gain=64.1119 118.287 50.2718 46.5771 43.5357 46.6193 58.4109 42.2872 120.164 152.853 218.366 195.914 124.454 127.774 90.4534 138.079 85.9751 72.1769 65.3278 63.5572 42.8971 109.738 52.8141 138.853 87.8756 74.2285 73.2319 52.4596 53.0787 107.892 109.894 94.0899 102.485 60.9529 110.681 145.866 194.787 87.2132 98.7251 104.104 84.991 91.7362 79.289 66.7905 84.8278 75.5031 64.9114 56.4496 54.1376 54.1053 71.2034 47.8459 47.4359 46.9878 49.8725 46.4261 51.0208 47.9523 89.6625 46.2519 42.2834 101.681
threshold=1.0000000180025095e-35 2.5000000000000004 0.11049632420392036 1.5000000000000002 3.0490853699152827 33.546373147794924 1.5000000000000002 24.219566657897985 25.116800224610561 30.742048466948308 27.584252552225678 0.43817431902028797 31.500000000000004 21.402223616559727 8186.8166666666702 3799.3500000000008 24.955510642427665 38.667646585842192 45.500000000000007 9861.1916666666821 5.9605579524507348 9011.6333333333459 0.37725880972585107 42.500000000000007 0.44691663713053958 25.935990388524697 0.23772742260024263 6.3243629780832533 16.500000000000004 18.500000000000004 14.67889694165765 1.5000000000000002 1.5000000000000002 7.5000000000000009 0.85489688404067843 9.5000000000000018 10.500000000000002 9.8644158430700664 14.080361665778629 7603.0499999999984 6.5000000000000009 14.552471108178461 7078.0333333333256 11.500000000000002 28.214521437085185 23.239453947011814 0.36230060666116554 26.928470138722648 0.51169483554895001 0.36929703460810015 0.61648200052373259 22.353523270324875 16.664651278446581 17.684962880776791 11.419214905244047 78.500000000000014 90.500000000000014 0.74348028605094929 5067.5333333333374 0.55384450461698864 25.039074606694456 30.034767101762217
decision_type=2 2 2 2 2 2 2 2 2 2 2 2 2 2 2 2 2 2 2 2 2 2 2 2 2 2 2 2 2 2 2 2 2 2 2 2 2 2 2 2 2 2 2 2 2 2 2 2 2 2 2 2 2 2 2 2 2 2 2 2 2 2
left_child=-1 2 -2 4 -4 60 -7 19 16 10 11 14 -13 -14 15 -10 -9 -11 -17 20 21 22 23 26 -24 -25 -5 -22 33 31 -31 47 -33 40 35 49 48 -38 -39 42 41 46 -40 -41 45 -45 -29 -30 -37 -35 52 -43 -51 54 -42 57 -57 58 -26 -60 -6 -62
right_child=1 -3 3 7 5 6 -8 8 9 17 -12 12 13 -15 -16 18 -18 -19 -20 -21 27 -23 24 25 55 -27 -28 28 29 30 -32 32 -34 34 -36 36 37 38 39 43 53 51 -44 44 -46 -47 -48 -49 -50 50 -52 -53 -54 -55 -56 56 -58 -59 59 -61 61 -63
leaf_value=-0.0077682731018766929 0.062543741659056851 -0.0075102116212506136 0.06350243091583252 0.088879992845265765 -0.0053730653713879748 -0.091866926103830349 0.0095036687156944376 -0.01459438240324909 0.13751236484164284 0.1005227000153852 -0.13486251905560495 -0.13075954094529152 -0.063598454211439406 0.07022945752006865 0.14871434538879177 0.041160962698252312 -0.15783117771148683 0.0012809008626001222 -0.07935650646686554 0.098260655999183655 0.095431644875894894 0.077222624048590663 0.094277726362148928 -0.14333909476296075 -0.075852934457361701 -0.033012868861357368 -0.032531356383804923 0.0066183947381519143 0.069355997939904532 0.048828046256676319 -0.089563660724804955 0.048772957921028141 0.18785450414375024 0.014050871180370451 -0.099138490683757352 0.071136128565957468 -0.075194008025372849 0.10873785998958807 0.016956354264837149 -0.10669698735529727 0.056183888018131262 0.0038217065317358552 0.10814042096507961 -0.0070617689240363339 0.035722240532748403 -0.13166856640949845 0.11723161244557963 -0.023696151189506055 0.17664981663227083 -0.061140754433541472 -0.011457271821414814 0.075366862207651153 -0.16123460724949837 0.018235131589851031 0.15725989383847819 0.09009884890507569 -0.01014855527629455 -0.067553036225338786 -0.0182007277905941 0.07196093319745904 0.029895289415798221 -0.0032857151338968904
leaf_weight=1994 41 1958 28 23 970 30 27 22 21 53 32 28 42 31 22 23 20 28 22 23 22 40 24 31 28 30 27 21 39 32 26 26 27 32 26 31 29 26 134 22 26 358 29 31 50 20 36 28 20 29 39 25 20 24 23 22 30 42 25 33 373 606
leaf_count=1994 41 1958 28 23 970 30 27 22 21 53 32 28 42 31 22 23 20 28 22 23 22 40 24 31 28 30 27 21 39 32 26 26 27 32 26 31 29 26 134 22 26 358 29 31 50 20 36 28 20 29 39 25 20 24 23 22 30 42 25 33 373 606
internal_value=-4.02404e-11 0.00257908 0.00745922 0.00689559 0.00158633 0.000722092 -0.0438493 0.012369 -0.00356014 0.00746031 -0.0140749 0.0063759 -0.0411415 -0.00676742 0.0609129 0.0316457 -0.0828024 0.0662169 -0.0177587 0.0157328 0.0145509 -0.000789108 -0.0106954 -0.0384505 0.0044067 -0.0890803 0.0233179 0.018904 0.0175341 0.0427832 -0.0132096 0.0698463 0.119626 0.0132578 0.00149983 0.00661037 0.0213763 0.00774567 0.0154548 0.00697453 0.0255888 0.0172992 0.0331793 -0.0277521 -0.0105562 -0.0559272 0.0764794 0.0304685 0.112514 -0.0416248 -0.0618705 0.00849176 -0.101995 0.0755534 0.103628 -0.00757611 0.0322638 -0.0237611 -0.0023743 0.0330981 0.00202562 0.00935628
internal_weight=8000 6006 4048 4007 2034 2006 57 1973 344 302 221 189 101 73 88 66 42 81 45 1629 1606 355 315 111 204 61 50 1251 1229 178 58 120 53 1051 538 512 392 341 312 286 513 440 163 123 101 51 57 67 51 120 88 383 49 73 49 180 52 128 86 58 1949 979
internal_count=8000 6006 4048 4007 2034 2006 57 1973 344 302 221 189 101 73 88 66 42 81 45 1629 1606 355 315 111 204 61 50 1251 1229 178 58 120 53 1051 538 512 392 341 312 286 513 440 163 123 101 51 57 67 51 120 88 383 49 73 49 180 52 128 86 58 1949 979
is_linear=0
shrinkage=0.05


Tree=156
num_leaves=63
num_cat=0
split_feature=7 7 7 7 7 7 7 7 3 5 5 4 0 4 6 6 6 7 7 4 7 3 3 3 2 3 2 3 8 4 7 7 3 5 3 6 6 4 4 0 4 8 3 4 4 4 5 5 7 0 8 2 1 1 3 6 8 8 5 4 6 4
split_gain=63.1284 179.745 112.131 131.961 208.494 601.881 155.781 124.526 87.1635 74.0695 175.741 76.1329 186.08 122.33 70.2129 120.064 112.795 68.2766 121.685 63.8647 58.959 58.7716 74.574 71.1369 67.8964 89.9003 58.8786 80.9853 58.3414 57.4013 67.6775 88.4155 56.0353 55.5804 55.5732 88.5012 66.8534 71.9659 113.132 84.3457 82.5683 83.6257 75.386 58.0649 73.8082 171.389 167.224 57.6482 56.7702 128.857 110.753 109.638 60.5151 82.6945 54.8917 54.7027 56.488 85.5842 54.4336 58.3505 54.0769 60.1995
threshold=1.5000000000000002 2.5000000000000004 5.5000000000000009 7.5000000000000009 9.5000000000000018 10.500000000000002 14.500000000000002 13.500000000000002 2490.5250000000033 30.89605516607471 27.270864533128869 15.959152364461689 3.5000000000000004 26.771919464643986 88.500000000000014 94.500000000000014 85.500000000000014 11.500000000000002 12.500000000000002 47.957686659706511 1.0000000180025095e-35 7978.2999999999956 9323.7083333333394 8840.1583333333565 1.5000000000000002 7255.3166666666611 2.5000000000000004 4624.8583333333381 0.87713229857470987 3.0490853699152827 18.500000000000004 17.500000000000004 3777.3833333333346 16.5849687779729 7129.483333333329 8.5000000000000018 18.500000000000004 23.821238525577183 27.113505777815366 1.5000000000000002 19.679457118973669 0.72026710090673618 5176.3000000000029 38.667646585842192 32.990941181343189 31.583666481493406 9.8259649435497014 17.60408639267602 6.5000000000000009 3.5000000000000004 0.74647391586936263 1.0000000180025095e-35 1.5000000000000002 1.0000000180025095e-35 3580.358333333334 35.500000000000007 0.35359035002725631 0.4441708831187669 32.545491547304387 6.1200192445087636 11.500000000000002 36.893416906533147
decision_type=2 2 2 2 2 2 2 2 2 2 2 2 2 2 2 2 2 2 2 2 2 2 2 2 2 2 2 2 2 2 2 2 2 2 2 2 2 2 2 2 2 2 2 2 2 2 2 2 2 2 2 2 2 2 2 2 2 2 2 2 2 2
left_child=20 14 58 28 -5 8 7 17 -6 10 11 -10 -13 -14 16 -16 21 -7 -19 29 -1 24 23 -23 25 32 27 -26 34 -8 31 -31 -2 -34 35 -4 -37 40 -39 47 41 -38 -41 44 45 48 -46 -40 50 -50 51 -36 53 -53 -20 56 -9 -58 59 -3 -32 -62
right_child=1 2 3 4 5 6 19 55 9 -11 -12 12 13 -15 15 -17 -18 18 54 -21 -22 22 -24 -25 26 -27 -28 -29 -30 30 60 -33 33 -35 43 36 37 38 39 42 -42 -43 -44 -45 46 -47 -48 -49 49 -51 -52 52 -54 -55 -56 -57 57 -59 -60 -61 61 -63
leaf_value=0.00021781895544208571 0.050991166057065135 0.056458646828929586 -0.05728610625118017 -0.023993813884013698 0.14798450618982315 -0.023022316936863425 -0.067786341533064842 0.032955130497210251 0.0071052308676057847 0.13169395620624225 -0.09403238203842193 0.051128324095372837 0.24378267137900644 0.076869820271219524 -0.080914454144658532 0.068853248752977533 0.15484589909513791 0.021706401521428269 -0.059555874502984808 0.095815626159310344 -0.026547846250497262 0.012795699695530145 0.089372338625517758 -0.087141873252888524 0.046384906147917113 0.11280925998633558 0.039128912161005308 0.16872473325460191 0.098564847535453748 0.0047108151222492118 -0.064599501365405876 0.031759510751243676 0.021947187247375648 -0.082627942385496922 0.055468557660396281 0.10562975713184902 0.06282657360268841 0.13488574236631395 -0.060612938900788629 0.029313808632023791 -0.043594789848877838 -0.053679077820852399 0.13414739475206092 -0.067569671630859376 -0.053067271281033758 -0.1329927327280695 0.12638164196868201 0.045946646422486415 0.013701418914164591 0.14596508863297375 0.068995797371163098 -0.10534372329711915 -0.11612575410399587 0.023161079836708884 -0.0091606522060498612 -0.054375478103554448 -0.12806044203112835 -0.01212462168186903 -0.074794791452586648 -0.014184849412219289 0.0022876105468465375 -0.063660617764943681
leaf_weight=413 32 30 25 789 28 405 26 43 58 30 20 212 23 21 32 23 21 401 64 20 410 69 22 24 24 22 47 31 24 1198 43 404 24 27 26 35 67 35 30 47 52 20 27 25 20 22 37 22 113 22 34 21 32 31 347 230 20 78 36 1140 307 39
leaf_count=413 32 30 25 789 28 405 26 43 58 30 20 212 23 21 32 23 21 401 64 20 410 69 22 24 24 22 47 31 24 1198 43 404 24 27 26 35 67 35 30 47 52 20 27 25 20 22 37 22 113 22 34 21 32 31 347 230 20 78 36 1140 307 39
internal_value=1.00561e-11 0.00150406 -0.00041322 0.00257821 -0.000495443 0.00412 -0.00224449 -0.0139838 0.0629753 0.0564361 0.0496764 0.0588299 0.0705487 0.16412 0.0341605 -0.0182843 0.04257 -0.00625316 0.00211077 0.00690723 -0.0131162 0.0352477 0.00658861 -0.0129946 0.0511694 0.0229457 0.0802232 0.11534 0.0218376 0.00602564 0.00698953 0.0115321 -0.00087355 -0.0334161 0.0193592 0.0334637 0.0402361 0.0326068 0.0553613 0.0332712 0.00625086 0.0360437 0.0675639 0.00610177 0.0112464 0.00136692 0.0634171 -0.01553 0.0119616 0.0352555 -0.00987645 -0.0342551 -0.0620268 -0.0287351 -0.0170081 -0.0393429 -0.0148217 -0.035785 -0.0142368 -0.0123735 -0.0117179 -0.00514586
internal_weight=8000 7177 6779 5573 4806 4017 3625 1588 392 364 334 314 256 44 398 55 343 1217 812 2037 823 322 115 93 207 105 102 55 767 2017 1991 1602 83 51 743 360 335 300 161 126 139 87 74 383 358 301 57 52 279 135 144 110 84 52 411 371 141 98 1206 1170 389 346
internal_count=8000 7177 6779 5573 4806 4017 3625 1588 392 364 334 314 256 44 398 55 343 1217 812 2037 823 322 115 93 207 105 102 55 767 2017 1991 1602 83 51 743 360 335 300 161 126 139 87 74 383 358 301 57 52 279 135 144 110 84 52 411 371 141 98 1206 1170 389 346
is_linear=0
shrinkage=0.05


Tree=157
num_leaves=63
num_cat=0
split_feature=2 2 4 2 8 3 3 8 8 3 3 3 6 1 3 4 5 5 5 5 6 0 8 4 4 6 4 5 3 5 6 4 4 0 6 8 6 3 5 5 4 5 7 8 4 3 4 3 0 4 4 3 5 3 3 3 5 4 7 0 6 5
split_gain=59.9145 78.5045 59.7223 52.5368 40.9697 71.1278 116.68 65.2716 69.7704 148.727 119.461 93.0351 94.7895 82.6111 72.7473 66.3929 62.8742 77.2845 122.357 91.697 68.8162 52.6707 84.0243 320.879 158.471 117.159 125.275 138.302 76.6662 69.3993 52.3104 73.0741 77.0581 75.3684 60.3535 59.5927 54.9963 53.3973 53.0058 51.4416 48.2353 47.9796 70.6648 47.4055 40.8732 39.9168 39.5445 39.3685 50.0566 126.381 107.535 46.7221 38.9297 92.5993 49.0101 47.4971 76.3398 134.084 109.818 76.6269 130.507 116.742
threshold=1.0000000180025095e-35 2.5000000000000004 2.0053613670414525 1.5000000000000002 0.65062400937924658 9526.8166666666784 9861.1916666666821 0.54420011350191844 0.57872006561229261 6196.8833333333359 6690.5083333333296 7347.8833333333268 66.500000000000014 1.5000000000000002 5017.4333333333389 25.367512069119588 1.4014061613018491 23.61836524305976 25.54281987860362 22.105860108145887 54.500000000000007 3.5000000000000004 0.43171374718931871 25.468732434457731 12.972626487913375 88.500000000000014 29.090867104276555 18.485191952430316 6997.974999999994 14.057718170146698 85.500000000000014 34.239697543477746 26.86071981977447 3.5000000000000004 25.500000000000004 0.74647391586936263 29.500000000000004 6761.6833333333307 13.569446874300329 8.8124913880959088 18.545623380065098 30.51152224850803 9.5000000000000018 0.80170959455314295 24.680379696554059 2442.7416666666695 39.734579574736536 3886.4416666666716 3.5000000000000004 21.402223616559727 30.847203905311101 2787.3250000000035 3.8719519695736229 5017.4333333333389 9728.2833333333419 8483.9916666666832 14.606858809432481 40.087910112306595 18.500000000000004 3.5000000000000004 47.500000000000007 9.917371963105543
decision_type=2 2 2 2 2 2 2 2 2 2 2 2 2 2 2 2 2 2 2 2 2 2 2 2 2 2 2 2 2 2 2 2 2 2 2 2 2 2 2 2 2 2 2 2 2 2 2 2 2 2 2 2 2 2 2 2 2 2 2 2 2 2
left_child=45 2 -2 4 5 7 -7 21 9 -9 14 -12 13 -13 15 -10 20 19 -19 30 -6 -4 24 -24 -23 26 27 28 -26 -28 31 32 33 34 -18 -32 -33 38 -36 -34 -39 42 -20 -43 -11 -1 -38 48 51 -50 -51 -47 53 -3 55 56 57 59 -58 -54 -61 -62
right_child=1 52 3 -5 16 6 -8 8 10 44 11 12 -14 -15 -16 -17 17 18 41 -21 -22 22 23 -25 25 -27 29 -29 -30 -31 35 36 39 -35 37 -37 46 40 -40 -41 -42 43 -44 -45 -46 47 -48 -49 49 50 -52 -53 54 -55 -56 -57 58 -59 -60 60 61 -63
leaf_value=-0.037087013144735941 0.071527284298624316 -0.067591886640321924 -0.0038420077367447843 0.01187838976936707 -0.12025712664024189 -0.10988793711770664 0.040876459543194091 -0.046460381969809533 0.094246971574814431 0.067238214855583817 -0.10922024111602119 0.082693741926866612 -0.065549204470307543 -0.028721009035195623 0.14359569414740517 -0.022374404891608999 0.039141740214269041 -0.13483494268385349 -0.10728057753294706 0.08827930773297947 0.0014365335305531822 -0.12305229235263099 0.16888610067378199 -0.078338067481915158 -0.036823454104802193 0.12021648264848268 -0.0034878003597259527 -0.11571196673377869 0.074901287630200389 0.11675439511736235 -0.1061190610358608 -0.013347611718234563 0.013069095624646601 0.079035789344240645 0.060033846338247432 -0.0064590263715945187 0.12826950292413433 -0.10274780535006099 -0.039314213573932652 -0.071346721217288814 -0.015765859951844086 0.081718687526881703 0.0049119990784674888 -0.025841493869111654 0.15357284170800245 -0.050579269480352344 0.033073440417647364 -0.0088695113730817548 -0.051778792483466007 0.17236320726249532 0.017739434100010179 0.010494735640253914 0.00029335762871537669 -0.0046796714947513291 0.05262551972499261 -0.022424174751126277 -0.0057285060075583406 0.12274842291242548 -0.089709401803045749 -0.019621658490763774 0.18110816168785096 0.025019734547190045
leaf_weight=108 35 82 873 1923 26 33 21 20 23 26 22 41 33 28 21 26 59 27 25 30 21 21 35 21 34 26 20 31 28 30 24 21 26 34 29 40 24 28 25 59 37 20 32 21 29 38 20 1597 21 23 22 178 447 204 39 291 770 27 41 36 25 23
leaf_count=108 35 82 873 1923 26 33 21 20 23 26 22 41 33 28 21 26 59 27 25 30 21 21 35 21 34 26 20 31 28 30 24 21 26 34 29 40 24 28 25 59 37 20 32 21 29 38 20 1597 21 23 22 178 447 204 39 291 770 27 41 36 25 23
internal_value=1.90512e-11 0.00248739 0.00649797 0.00592797 0.000400115 0.0050422 -0.0512573 0.00723253 0.029347 0.0703013 0.0135141 -0.0159654 0.00414835 0.037482 0.0657351 0.0323662 -0.010259 -0.00575921 -0.0405894 0.00378853 -0.0658834 0.00191637 0.0223516 0.076177 0.00648723 0.0225839 0.00483247 -0.0294821 0.0136329 0.0686575 -0.00216153 0.00520555 -0.0053038 0.0108228 -0.00220667 -0.0438315 0.0532252 -0.0227071 0.0140394 -0.0455254 -0.053235 -0.0146238 -0.0442953 0.0266269 0.11276 -0.00752727 0.0849986 -0.00582826 0.0113947 0.049504 0.0967694 -0.000249765 -0.00565096 -0.0227174 -0.00277808 -0.00407973 -0.000180364 0.014054 -0.00997415 0.00852714 0.0523426 0.106316
internal_weight=8000 6013 4028 3993 2070 1442 54 1388 269 75 194 124 102 69 70 49 628 581 125 456 47 1119 246 56 190 169 143 93 62 50 426 362 297 212 178 64 65 119 54 85 65 98 57 41 55 1987 44 1879 282 66 45 216 1985 286 1699 1660 1369 558 811 531 84 48
internal_count=8000 6013 4028 3993 2070 1442 54 1388 269 75 194 124 102 69 70 49 628 581 125 456 47 1119 246 56 190 169 143 93 62 50 426 362 297 212 178 64 65 119 54 85 65 98 57 41 55 1987 44 1879 282 66 45 216 1985 286 1699 1660 1369 558 811 531 84 48
is_linear=0
shrinkage=0.05


Tree=158
num_leaves=63
num_cat=0
split_feature=1 1 1 5 5 8 6 5 6 3 4 5 7 3 5 3 5 8 4 8 4 4 3 6 7 6 7 7 5 5 0 7 5 8 6 6 4 4 4 6 4 4 4 3 4 0 4 3 8 0 0 8 0 8 4 6 2 5 5 8 4 4
split_gain=58.0575 105.147 44.8106 38.6905 83.666 123.88 81.7775 77.3653 79.4613 55.9723 52.3727 52.552 50.4451 64.1192 45.4276 97.6663 63.3427 57.1944 47.418 106.218 96.6433 95.5029 92.5991 71.766 60.7382 59.3998 57.1789 227.547 235.106 69.9313 59.9613 58.9301 112 54.8109 52.0817 45.6235 42.6569 87.3814 75.2444 69.3867 62.5895 148.398 177.738 95.6184 116.846 152.143 121.91 134.836 89.4087 82.5324 80.2066 60.176 57.8443 55.7042 70.4846 55.2678 53.9123 51.5079 113.024 80.5157 59.3056 53.1252
threshold=1.0000000180025095e-35 2.5000000000000004 1.5000000000000002 32.025667118128261 24.219566657897985 0.73333085115639951 49.500000000000007 34.935723605708084 68.500000000000014 9861.1916666666821 14.080361665778629 25.116800224610561 12.500000000000002 6248.0250000000042 22.353523270324875 6352.3583333333327 21.824858616025338 0.48390964918273899 9.2979935219329253 0.568506131483697 14.080361665778629 7.1674217941371632 9526.8166666666784 4.5000000000000009 9.5000000000000018 59.500000000000007 17.500000000000004 18.500000000000004 16.126280555163465 13.569446874300329 1.5000000000000002 16.500000000000004 8.686627486439134 0.74348028605094929 30.500000000000004 77.500000000000014 20.196419348538004 22.497591760248707 23.042446603614202 7.5000000000000009 26.86071981977447 25.144070675018177 24.680379696554059 3025.3250000000016 30.611014452690934 3.5000000000000004 32.207459413718908 3729.6416666666687 0.76304519974231977 2.5000000000000004 3.5000000000000004 0.73691734733602998 2.5000000000000004 0.38067746805206043 21.290969574703656 37.500000000000007 1.5000000000000002 15.173802492556131 9.4709502508787526 0.38067746805206043 16.619358809137129 16.096234169673341
decision_type=2 2 2 2 2 2 2 2 2 2 2 2 2 2 2 2 2 2 2 2 2 2 2 2 2 2 2 2 2 2 2 2 2 2 2 2 2 2 2 2 2 2 2 2 2 2 2 2 2 2 2 2 2 2 2 2 2 2 2 2 2 2
left_child=-1 2 -2 4 9 10 -7 -5 -9 14 -6 -12 -13 -14 16 -16 18 -17 19 21 25 -4 23 24 -22 34 31 28 30 -29 -28 36 -33 -21 -20 -27 57 53 -39 -40 41 42 49 -42 45 51 52 -48 -49 -41 56 55 -46 -38 -55 -45 -43 58 61 -60 -59 -25
right_child=1 -3 3 7 5 6 -8 8 -10 -11 11 12 13 -15 15 17 -18 -19 20 33 22 -23 -24 26 -26 35 27 29 -30 -31 -32 32 -34 -35 -36 -37 37 38 39 40 43 50 -44 44 46 -47 47 48 -50 -51 -52 -53 -54 54 -56 -57 -58 60 59 -61 -62 -63
leaf_value=-0.0073923802376301391 0.001882362789414608 -0.0070581109192755336 -0.01096527765194575 0.099538667369130501 0.063882995343634064 -0.1601180949163708 -0.022174927084484982 -0.065751532600684601 0.068633676828308551 0.092632623081621915 -0.075420668226881676 0.020424777246080342 -0.10424324859949677 0.0046889083433364126 -0.026938459893752788 0.13707713101591384 -0.072178585014560009 0.039919746057553725 0.075068043286187783 0.092377884581219413 0.13512467579408124 -0.14811914576725527 -0.068537841652120873 0.11393906199932098 0.021212949544191364 0.15899681917258673 -0.019442855460303173 0.012459328347309069 0.24498204489549003 -0.10602795641869307 0.097415117141993149 -0.11828656571988877 0.019570342495160944 -0.020554029143282346 -0.0094057600844550792 0.054772349606667249 -0.095973725964625681 0.1025291945531287 -0.078771636770530187 -0.054041356788027683 -0.046792210621060808 0.011259124358184637 0.1526640860956501 0.078710824251174927 -0.010257113250819121 0.17057587686512207 0.14083461436358366 0.026208325732288137 -0.052017781568898094 0.052983089464326061 -0.1406832465281089 0.1132164253488831 -0.12491500125774607 0.04073533466266048 -0.064259819821877923 -9.6080942104940557e-05 -0.086736405286937962 0.0063047453628054684 0.018100989492876189 -0.092553055995414343 0.1131733680034385 0.02886649479792602
leaf_weight=1994 2058 1958 30 37 28 22 21 22 22 23 26 112 22 35 29 28 22 33 36 22 22 22 35 25 25 21 21 33 21 20 23 26 34 21 37 21 30 22 22 43 48 32 22 32 22 27 22 194 45 31 24 23 22 31 33 73 25 21 35 31 34 69
leaf_count=1994 2058 1958 30 37 28 22 21 22 22 23 26 112 22 35 29 28 22 33 36 22 22 22 35 25 25 21 21 33 21 20 23 26 34 21 37 21 30 22 22 43 48 32 22 32 22 27 22 194 45 31 24 23 22 31 33 73 25 21 35 31 34 69
internal_value=3.10765e-11 0.00245428 0.00705538 0.0124052 0.0109691 -0.0150457 -0.0927505 0.0462511 0.00144107 0.0151808 -6.22338e-05 -0.00924411 0.000936896 -0.0373551 0.0140812 0.0486033 0.0120505 0.0845166 0.0132793 -0.0209147 0.0155783 -0.0689919 0.011686 0.0139092 0.0745333 0.0595095 0.011566 0.0446396 0.107336 -0.0322529 0.041642 0.00801164 -0.0401677 0.0372251 0.0322526 0.106885 0.0107966 0.00561591 0.0114662 0.00863259 0.0114397 -0.014165 0.0278886 0.0203611 0.0273684 0.0627178 0.0094039 0.0223831 0.0114796 -0.00920679 -0.0640064 0.0399665 -0.0675861 -0.0397552 -0.0134028 0.0239213 -0.0317214 0.0306277 0.0162791 -0.0338729 0.072369 0.0514922
internal_weight=8000 6006 4048 1990 1909 266 43 81 44 1643 223 195 169 57 1620 90 1530 61 1508 95 1413 52 1298 1263 47 115 1216 118 65 53 44 1098 60 43 73 42 1038 823 729 707 685 177 96 508 460 155 305 261 239 74 81 128 44 94 64 105 57 215 160 66 55 94
internal_count=8000 6006 4048 1990 1909 266 43 81 44 1643 223 195 169 57 1620 90 1530 61 1508 95 1413 52 1298 1263 47 115 1216 118 65 53 44 1098 60 43 73 42 1038 823 729 707 685 177 96 508 460 155 305 261 239 74 81 128 44 94 64 105 57 215 160 66 55 94
is_linear=0
shrinkage=0.05


Tree=159
num_leaves=63
num_cat=0
split_feature=0 0 0 5 3 3 3 3 3 4 4 8 2 6 2 5 4 8 4 6 8 6 4 3 3 6 8 2 6 3 8 5 1 6 8 5 5 6 6 3 5 8 6 5 4 4 8 8 3 1 6 7 5 3 8 1 3 7 8 8 3 3
split_gain=56.8752 81.2408 78.5478 50.1115 47.0434 42.7519 41.4891 49.3822 44.5856 42.735 57.6014 40.7059 40.4501 59.0327 86.8886 40.1564 85.4353 46.9076 102.363 66.112 151.156 207.367 190.306 125.436 205.867 282.703 147.143 148.69 132.596 151.971 125.212 134.33 134.619 123.044 115.93 309.08 169.084 138.632 284.787 146.415 116.689 117.077 139.469 114.425 113.197 142.559 181.122 148.14 133.741 126.42 106.992 137.647 106.923 107.145 108.478 106.048 100.332 114.186 93.9735 87.1345 85.5649 87.5928
threshold=1.0000000180025095e-35 2.5000000000000004 3.5000000000000004 -5.3691017863632746 1881.1083333333336 2490.5250000000033 2877.4250000000015 4956.0666666666721 4673.2666666666746 28.022844480552834 23.931914805466246 0.50427546034012349 1.0000000180025095e-35 39.500000000000007 2.5000000000000004 34.293835620481936 23.725260575138282 0.14900414161807826 29.388980389954288 49.500000000000007 0.34749648769975111 11.500000000000002 7.5589700312841037 7760.4333333333316 6733.3999999999969 93.500000000000014 0.46848856826066226 1.5000000000000002 57.500000000000007 9621.291666666677 0.78130157617348561 12.502347072591666 1.5000000000000002 45.500000000000007 0.65781911223710365 3.2912153526170091 15.700067359730076 30.500000000000004 17.500000000000004 6733.3999999999969 13.986782817452077 0.53536273279129232 31.500000000000004 4.676180657803501 37.388676400934749 33.316592313935281 0.72026710090673618 0.30974071199794823 4431.9333333333352 2.5000000000000004 18.500000000000004 8.5000000000000018 16.015849121328408 7682.9249999999911 0.73691734733602998 1.0000000180025095e-35 9034.3166666666675 12.500000000000002 0.39772415032901748 0.61923412664913602 8329.6083333333281 6997.974999999994
decision_type=2 2 2 2 2 2 2 2 2 2 2 2 2 2 2 2 2 2 2 2 2 2 2 2 2 2 2 2 2 2 2 2 2 2 2 2 2 2 2 2 2 2 2 2 2 2 2 2 2 2 2 2 2 2 2 2 2 2 2 2 2 2
left_child=6 4 -3 -4 -2 12 -1 8 9 10 -8 -11 -6 -14 -15 17 -17 18 -5 20 21 -19 -22 24 44 26 -26 59 -25 30 31 32 55 50 35 -24 40 38 39 -38 41 42 -37 -36 45 46 47 -21 -48 -49 -23 -52 53 54 -45 -30 57 58 -33 -28 61 -54
right_child=1 2 3 15 5 -7 7 -9 -10 11 -12 -13 13 14 -16 16 -18 19 -20 23 22 33 34 28 25 -27 27 -29 29 -31 -32 56 -34 -35 43 36 37 -39 -40 -41 -42 -43 -44 52 -46 -47 48 49 -50 -51 51 -53 60 -55 -56 -57 -58 -59 -60 -61 -62 -63
leaf_value=-0.033788418066799518 -0.066884573158763713 -0.011490595038418967 -0.067411081252309185 0.018504552720961246 -0.0093083524491105758 0.0070176095611006939 0.0057710034785779206 -0.010517576660554952 0.061277121659368272 0.016373508521600775 0.080952712124393839 -0.051435846132489874 0.0024715847841330942 0.13611432126011044 0.011857489620645841 -0.024102878925346197 0.1114913380677955 -0.052329659312963489 -0.094333647755352232 -0.052679500173438677 0.15492335926741363 0.16279416954652831 0.13295411996800324 -0.12246683572019851 -0.042736261049285532 0.23794878199696542 0.096518788821995272 0.17499768057465553 -0.075633848868310455 0.11020793994622571 0.048879611105658118 -0.008366120040416718 -0.024012358328609758 0.18939394296511361 -0.056925321859972823 0.040788282702366514 0.12008357142719131 0.053516637380160985 -0.15663492712466157 -0.048214649601972533 -0.19246883151121438 -0.121338182836771 -0.12161234810948372 0.13229030478745699 0.08436416295068018 -0.11544180491610485 -0.022110660978265712 0.072307790152262894 -0.17366205186893544 -0.035306285648933941 -0.033680557123826525 0.087937693450755139 0.026982253254988254 0.15446792226284745 -0.013682653659156392 -0.23471522053534333 -0.11025643780827524 -0.067420471211274466 0.1287276455052197 -0.047680562599138783 0.088275788821603945 -0.085618182439957891
leaf_weight=146 21 1573 24 44 35 3075 143 1170 40 38 31 53 35 34 24 21 26 35 37 55 20 22 29 35 40 20 20 25 20 21 40 25 33 23 35 39 24 63 34 28 20 45 20 20 29 34 37 104 24 37 38 60 39 32 35 22 20 27 25 22 23 31
leaf_count=146 21 1573 24 44 35 3075 143 1170 40 38 31 53 35 34 24 21 26 35 37 55 20 22 29 35 40 20 20 25 20 21 40 25 33 23 35 39 24 63 34 28 20 45 20 20 29 34 37 104 24 37 38 60 39 32 35 22 20 27 25 22 23 31
internal_value=4.44415e-12 0.00212521 -0.00357878 0.00428803 0.00770712 0.00819617 -0.00836318 -0.00584651 0.012072 0.00464483 0.0191654 -0.0231199 0.0365092 0.0537524 0.0846977 0.00539251 0.0509067 0.00397678 -0.0330388 0.00607347 0.0168243 0.056755 0.00358842 -0.00467737 0.0115385 0.0654006 0.0331486 0.0784529 -0.0317241 -0.0180932 -0.0308023 -0.0493329 -0.0995843 0.0834541 -0.00226593 -0.0222433 -0.0387295 -0.00283251 -0.0441115 0.0294615 -0.0818637 -0.0605935 -0.0142628 0.0257953 -0.00983794 -0.0192258 -0.0064968 0.0169199 -0.0817374 0.0440686 0.0631489 0.0407796 0.0418799 0.0817228 0.0393984 -0.158962 -0.0104788 0.0154375 0.0601808 0.0209858 0.00460739 -0.0228837
internal_weight=8000 6379 3155 1582 3224 3203 1621 1475 305 265 174 91 128 93 58 1558 47 1511 81 1430 715 178 537 715 447 127 107 67 268 233 212 172 75 143 517 302 273 149 86 52 124 104 59 215 320 291 257 196 61 141 120 98 180 87 55 42 97 77 50 42 93 70
internal_count=8000 6379 3155 1582 3224 3203 1621 1475 305 265 174 91 128 93 58 1558 47 1511 81 1430 715 178 537 715 447 127 107 67 268 233 212 172 75 143 517 302 273 149 86 52 124 104 59 215 320 291 257 196 61 141 120 98 180 87 55 42 97 77 50 42 93 70
is_linear=0
shrinkage=0.05


Tree=160
num_leaves=63
num_cat=0
split_feature=7 7 7 7 7 7 7 7 3 0 4 6 4 3 8 6 0 1 5 8 4 5 5 3 7 7 4 6 8 4 5 6 5 2 4 4 8 8 3 6 3 5 6 8 4 7 7 8 4 5 5 7 5 8 3 6 2 5 0 5 5 6
split_gain=55.4322 159.297 100.31 117.335 186.396 536.696 139.611 108.424 81.1549 110.066 87.6405 116.736 64.1812 90.4929 80.0729 87.2835 87.5215 116.359 80.7856 68.0409 64.8487 64.6932 63.9206 72.4004 68.6039 110.662 59.0274 56.3585 80.6374 57.1853 93.3387 68.4672 56.2972 77.3083 55.5391 54.4245 64.2968 89.0944 75.0151 69.1196 59.4016 56.6246 54.1329 56.5362 53.923 55.2834 74.3199 52.4135 70.7071 54.8263 67.7412 52.0483 52.032 51.354 51.5003 80.2987 83.5167 106.918 58.7254 55.6677 85.303 70.8835
threshold=1.5000000000000002 2.5000000000000004 5.5000000000000009 7.5000000000000009 9.5000000000000018 10.500000000000002 14.500000000000002 13.500000000000002 9473.8500000000076 3.5000000000000004 22.761446887576017 49.500000000000007 32.207459413718908 6712.6333333333323 0.27933568952851001 21.500000000000004 3.5000000000000004 1.5000000000000002 27.104393014282838 0.19927199119380154 24.110567511940779 13.264151282680176 31.255101965518396 7397.7666666666591 11.500000000000002 12.500000000000002 36.31583350425533 78.500000000000014 0.61648200052373259 19.004326603541735 15.700067359730076 51.500000000000007 10.374160752664976 1.5000000000000002 47.957686659706511 11.744056720484563 0.35359035002725631 0.39452026785034949 3680.9000000000019 56.500000000000007 7953.7583333333232 23.463980991730121 65.500000000000014 0.80499697494440292 3.0490853699152827 18.500000000000004 17.500000000000004 0.14220022679772329 14.080361665778629 26.309372077372668 23.773251869243815 1.0000000180025095e-35 15.398699506417588 0.87713229857470987 6558.7499999999991 8.5000000000000018 1.0000000180025095e-35 9.1236320058785001 1.5000000000000002 14.777735553535285 28.475242844600121 76.500000000000014
decision_type=2 2 2 2 2 2 2 2 2 2 2 2 2 2 2 2 2 2 2 2 2 2 2 2 2 2 2 2 2 2 2 2 2 2 2 2 2 2 2 2 2 2 2 2 2 2 2 2 2 2 2 2 2 2 2 2 2 2 2 2 2 2
left_child=51 12 -3 53 -5 8 7 22 9 -6 -11 -12 14 -14 19 21 18 -18 -17 20 -2 -16 24 -24 27 -26 -15 28 29 30 -7 -31 -29 -34 44 -9 38 -38 -37 -39 -41 52 43 -30 -8 46 -46 -47 -49 50 -50 -1 -40 54 55 -4 58 -58 -57 -59 61 -61
right_child=1 2 3 4 5 6 34 35 -10 10 11 -13 13 26 15 16 17 -19 -20 -21 -22 -23 23 -25 25 -27 -28 32 42 31 -32 -33 33 -35 -36 36 37 39 41 40 -42 -43 -44 -45 45 47 -48 48 49 -51 -52 -53 -54 -55 -56 56 57 59 -60 60 -62 -63
leaf_value=0.00023752428189858108 -0.028345715943723915 -0.013470162946891479 -0.055844331014415494 -0.022682660813773133 0.051734930703285643 0.10952010575843894 -0.065809530535569566 0.026535208168770037 -0.033821921346878468 0.047904674107065573 0.24555381265553564 0.084451155299725744 0.054647565392875352 -0.11159579008817673 0.056383512133643746 0.038979538392863777 0.051565483845770359 0.22212249986827373 0.1404663284673639 -0.068580943890489063 0.098981287293136128 -0.064997846220174557 -0.12393354065716267 0.00020882204660902854 0.023874894853372495 -0.013793273970439232 -0.0043631089456153639 0.072298787457161937 -0.072634032142884816 -0.0027635349446613038 -0.028756355207699997 -0.076707142364719649 0.042113878881489791 -0.082630903217131679 0.089464171128347522 -0.095567135614427659 -0.15386723174967551 -0.023483153354345251 0.01852399990691439 -0.051106828726160361 -0.13915278116861982 0.079351222506236468 -0.13371965312822298 0.01014805758992831 0.004517018851112397 -0.083456338164599048 0.029316045056583619 0.053054213937785893 -0.013043902472800049 -0.070261450366754283 0.082410701761255048 -0.024910646629883206 -0.068915115931519763 0.092580603482201707 0.0072539046107316114 -0.06664757820276114 0.0018168676062487066 0.12623893317173829 0.030363340484790315 0.063418286706766358 0.15309813521802426 -0.041494763491763953
leaf_weight=413 20 1206 23 789 299 23 26 31 22 26 22 23 38 21 21 133 20 20 23 26 20 23 24 23 386 394 33 29 66 98 26 46 27 23 20 22 22 119 46 53 30 21 22 30 1198 23 404 45 263 38 20 410 27 24 437 26 64 44 39 69 20 21
leaf_count=413 20 1206 23 789 299 23 26 31 22 26 22 23 38 21 21 133 20 20 23 26 20 23 24 23 386 394 33 29 66 98 26 46 27 23 20 22 22 119 46 53 30 21 22 30 1198 23 404 45 263 38 20 410 27 24 437 26 64 44 39 69 20 21
internal_value=9.41327e-12 0.0014094 -0.000395533 0.00243382 -0.000464489 0.0038995 -0.00211047 -0.0132238 0.0594764 0.0650239 0.120987 0.163212 0.0321522 -0.00446616 0.0431617 0.0565744 0.070861 0.136844 0.0539423 -0.00561202 0.0353178 -0.00706583 -0.00601028 -0.063183 -0.0037136 0.00484764 -0.0460647 -0.0208361 -0.0304157 -0.0105081 0.0361489 -0.0263844 0.0168763 -0.0152687 0.00655326 -0.0368866 -0.0426692 -0.0583162 -0.0124544 -0.0479096 -0.0829307 0.00699757 -0.0629766 -0.0467646 0.00573114 0.00666537 0.010771 -0.0102425 -0.00564161 -0.01387 -0.00629799 -0.0122907 -0.0138165 0.0205946 0.0182693 0.0340005 0.0413023 0.0561341 -0.00844103 0.0787075 0.0596949 0.0389386
internal_weight=8000 7177 6779 5573 4806 4017 3625 1588 392 370 71 45 398 92 306 240 196 40 156 66 40 44 1217 47 1170 780 54 390 311 193 49 144 79 50 2037 371 340 224 116 202 83 94 118 96 2017 1991 1602 389 366 321 283 823 73 767 743 306 283 218 65 154 110 90
internal_count=8000 7177 6779 5573 4806 4017 3625 1588 392 370 71 45 398 92 306 240 196 40 156 66 40 44 1217 47 1170 780 54 390 311 193 49 144 79 50 2037 371 340 224 116 202 83 94 118 96 2017 1991 1602 389 366 321 283 823 73 767 743 306 283 218 65 154 110 90
is_linear=0
shrinkage=0.05


Tree=161
num_leaves=63
num_cat=0
split_feature=2 2 4 2 3 4 6 5 8 5 5 8 8 8 6 6 1 7 7 3 6 4 5 4 3 3 6 6 4 3 4 8 7 4 4 6 3 8 1 4 7 4 8 4 6 5 6 3 5 5 6 6 4 5 5 8 4 4 3 6 4 8
split_gain=51.7999 68.8011 53.6634 47.9078 38.373 149.868 45.8267 118.863 40.4908 37.5805 89.7709 168.42 75.3409 66.2585 92.2185 129.16 82.2439 98.0029 76.592 105.327 94.0513 71.5203 64.9562 63.7408 59.7669 58.3374 81.5691 53.1716 199.874 141.496 140.409 73.4504 46.6692 65.0904 73.2441 68.654 94.5613 57.291 53.4467 100.473 145.376 112.63 93.4843 71.9439 95.6867 112.209 157.783 67.4156 60.848 136.955 57.3263 54.49 54.3542 45.0582 73.7903 88.3727 71.1114 120.749 68.3979 64.026 43.1321 60.2957
threshold=1.0000000180025095e-35 2.5000000000000004 2.0053613670414525 1.5000000000000002 9776.0916666666762 27.404997772154172 96.500000000000014 10.374160752664976 0.88658823471916637 30.51152224850803 28.075025625480901 0.53879397571083276 0.53536273279129232 0.61923412664913602 5.5000000000000009 14.500000000000002 1.0000000180025095e-35 17.500000000000004 13.500000000000002 9218.2416666666741 49.500000000000007 24.281287799756353 33.546373147794924 33.316592313935281 7152.4666666666626 7653.2166666666635 41.500000000000007 83.500000000000014 26.236346065891123 4907.6833333333407 20.961592593712314 0.38794306050314625 11.500000000000002 15.843761188351928 11.511910428790765 58.500000000000007 7966.9500000000035 0.15804025164997038 1.5000000000000002 33.542824531952 9.5000000000000018 29.933332502579997 0.30336687005417695 27.213048204894772 34.500000000000007 11.707373762862183 50.500000000000007 8815.3750000000346 24.961911639672998 18.963318150247577 13.500000000000002 52.500000000000007 19.004326603541735 14.406033095641453 19.083978966535724 0.78986643674075896 24.857753737290114 33.688567897461198 7326.9416666666593 64.500000000000014 19.561970909367755 0.34531657573079327
decision_type=2 2 2 2 2 2 2 2 2 2 2 2 2 2 2 2 2 2 2 2 2 2 2 2 2 2 2 2 2 2 2 2 2 2 2 2 2 2 2 2 2 2 2 2 2 2 2 2 2 2 2 2 2 2 2 2 2 2 2 2 2 2
left_child=-1 2 -2 -4 6 -6 8 -8 9 10 13 -12 25 27 -15 -16 23 18 19 53 -20 -22 -14 24 -17 26 -11 32 29 -29 -31 -30 38 34 -34 37 -37 -35 39 40 41 43 -41 44 52 -46 -47 48 49 50 -40 -52 -5 56 -55 -56 58 59 -18 -58 -39 -62
right_child=1 -3 3 4 5 -7 7 -9 -10 12 11 -13 22 14 15 16 17 -19 20 -21 21 -23 -24 -25 -26 -27 -28 28 31 30 -32 -33 33 35 -36 36 -38 60 47 42 -42 -43 -44 -45 45 46 -48 -49 -50 -51 51 -53 -54 54 55 -57 57 -59 -60 -61 61 -63
leaf_value=-0.0069990024139866078 0.067709817630904057 -0.0053059744678479641 0.00024834225910069286 -0.073733003154910853 0.056646575690025382 -0.13459898475557566 0.050802879848263482 -0.10576366221325265 0.082557260936924393 0.11798319861292839 0.034579395586624741 -0.13296152011801798 0.055489044563601847 0.1168210311068429 -0.052833239956257438 0.018567688908766616 0.12582033281077576 0.1303795341273834 0.060526572887239782 -0.052690561488270761 -0.11956673460927876 0.0052424622854838768 -0.05986369277995366 0.072541635997755372 -0.054184201340480104 0.1474965387582779 -0.020083275874671732 0.092552378170547039 0.14784608754244719 0.0042391577735543251 -0.14655315406047381 0.04763076711536908 -0.030822679524620374 -0.078491871118545539 0.083974504154739962 -0.092770020807943041 0.025937000402937768 -0.06043020595485965 0.080682015391411621 0.041333693563938144 0.16186674130572515 0.12150014252574355 -0.10128989327285026 -0.077473299014382074 -0.0023800455033779148 0.21201806777999518 0.027748947179553885 -0.077606716546519058 0.080429034315697534 -0.0887524900585413 -0.023383442406646082 0.036966618453152481 0.018246907492478689 0.13413901303599521 0.0011803190868634444 0.12160534548759461 0.01047753845491717 0.09748813337087632 0.016875171780586243 -0.10105302191593431 0.045074143797822604 -0.016233420891038488
leaf_weight=1987 35 1985 2070 29 21 20 22 27 21 20 30 30 23 27 52 55 34 29 29 24 22 24 26 23 58 20 23 21 33 38 26 41 24 25 33 62 23 24 27 20 22 27 27 20 42 21 26 29 23 40 90 64 36 41 39 25 31 25 25 22 73 89
leaf_count=1987 35 1985 2070 29 21 20 22 27 21 20 30 30 23 27 52 55 34 29 29 24 22 24 26 23 58 20 23 21 33 38 26 41 24 25 33 62 23 24 27 20 22 27 27 20 42 21 26 29 23 40 90 64 36 41 39 25 31 25 25 22 73 89
internal_value=5.15657e-11 0.00231283 0.00606737 0.00552706 0.0112093 -0.0366439 0.0122518 -0.0354685 0.0135275 0.0127274 0.0108792 -0.0491911 0.040781 0.0130769 0.0265733 0.0222065 0.029918 0.0421393 0.034635 0.0472177 -0.00999171 -0.0544489 -0.00571853 -0.00333091 -0.018774 0.0769473 0.0441337 0.00559312 0.0322395 -0.020067 -0.0570202 0.0923214 0.000864572 -0.0132883 0.0356388 -0.02271 -0.0606493 -0.00742646 0.0100652 0.0258388 0.0398414 0.0264854 -0.040599 0.0117417 0.0233281 0.05701 0.110082 -0.00553501 0.00303089 -0.00502412 0.0134794 0.0016971 -0.0227903 0.0571259 0.0817701 0.0482213 0.038238 0.00690821 0.0796571 -0.0358182 0.00212534 0.0113928
internal_weight=8000 6013 4028 3993 1923 41 1882 49 1833 1812 1700 60 112 1640 585 558 506 370 341 266 75 46 49 136 113 63 43 1055 159 85 64 74 896 353 57 296 85 211 543 270 223 201 47 174 154 89 47 273 244 221 181 154 65 242 105 64 137 78 59 53 186 162
internal_count=8000 6013 4028 3993 1923 41 1882 49 1833 1812 1700 60 112 1640 585 558 506 370 341 266 75 46 49 136 113 63 43 1055 159 85 64 74 896 353 57 296 85 211 543 270 223 201 47 174 154 89 47 273 244 221 181 154 65 242 105 64 137 78 59 53 186 162
is_linear=0
shrinkage=0.05


Tree=162
num_leaves=63
num_cat=0
split_feature=0 0 0 5 0 4 4 4 6 6 8 5 5 8 4 5 8 5 3 5 3 8 7 7 5 4 3 3 1 4 4 7 6 6 4 8 8 3 4 6 6 1 4 4 4 5 5 5 8 7 8 4 1 7 5 8 7 7 5 4 2 8
split_gain=50.6056 76.3532 67.7318 45.2022 44.4448 47.3076 54.6339 47.0401 64.4947 42.2976 67.2092 62.0518 133.513 69.0834 58.4701 56.7585 48.6117 47.4056 107.647 74.4944 44.2318 43.0983 42.2785 91.5957 84.7763 63.1303 53.3223 51.2158 68.9462 41.6515 41.3735 56.1987 53.9687 72.9153 170.605 102.18 65.2017 49.7254 48.1603 52.2522 78.0865 101.73 68.2206 62.2991 94.7602 60.6778 59.3305 58.0754 60.3852 108.905 118.382 88.7131 94.0326 81.0053 79.4807 101.035 68.5939 68.1402 60.5884 59.6881 57.0413 56.8293
threshold=1.0000000180025095e-35 2.5000000000000004 3.5000000000000004 -5.3691017863632746 1.5000000000000002 41.562516888547314 39.444610940668646 43.636707681891416 52.500000000000007 54.500000000000007 0.22329579719711476 1.1627528348611282 5.0486333254021734 0.47156957415038325 36.697082371066678 13.782333149782962 0.29957017534878227 21.001646945361454 4716.9500000000071 24.629267868090452 7745.7916666666561 0.4441708831187669 16.500000000000004 13.500000000000002 13.460931178040534 21.622964668848734 8390.1083333333318 6509.0416666666633 1.5000000000000002 42.001725629616367 7.5589700312841037 6.5000000000000009 95.500000000000014 88.500000000000014 23.239453947011814 0.64558504796099314 0.59318740218297827 6733.3999999999969 20.445054081342274 75.500000000000014 19.500000000000004 2.5000000000000004 21.516668058063811 30.847203905311101 26.423008674166301 10.988875656363296 21.734978391458867 33.137111370415958 0.48390964918273899 8.5000000000000018 0.39154343414282217 32.481216907892353 1.0000000180025095e-35 17.500000000000004 3.8719519695736229 0.66638883830207196 4.5000000000000009 8.5000000000000018 14.318913464289169 26.684292683372032 1.0000000180025095e-35 0.39452026785034949
decision_type=2 2 2 2 2 2 2 2 2 2 2 2 2 2 2 2 2 2 2 2 2 2 2 2 2 2 2 2 2 2 2 2 2 2 2 2 2 2 2 2 2 2 2 2 2 2 2 2 2 2 2 2 2 2 2 2 2 2 2 2 2 2
left_child=29 4 -3 -4 9 6 30 -7 -9 -2 15 13 -13 -12 16 -11 20 22 -19 -20 -14 -16 23 26 -25 -24 27 28 -18 -1 31 -6 33 38 36 -36 -35 -34 -32 40 41 43 -42 44 61 -45 60 48 49 50 56 52 -51 54 -50 57 -44 59 -54 -56 -41 -40
right_child=1 2 3 -5 5 7 -8 8 -10 10 11 12 14 -15 21 -17 17 18 19 -21 -22 -23 25 24 -26 -27 -28 -29 -30 -31 32 -33 37 34 35 -37 -38 -39 39 46 42 -43 47 45 -46 -47 -48 -49 53 51 -52 -53 58 -55 55 -57 -58 -59 -60 -61 -62 -63
leaf_value=-0.0095268841616991621 -0.0057135974087667712 -0.010872016409417947 -0.064316441910341388 0.0048290181585150596 0.11388173637290795 -0.090760545283555982 0.081088271616928054 0.056438891589641577 -0.05034406390641967 -0.075454245625923455 0.03201152630474257 0.094067698751937975 0.08784535006817544 -0.080871880573756771 -0.00081696003351522525 0.0037042637045184772 -0.016040400211368839 -0.086674774562319132 -0.043909429658103634 0.050937120751180544 -0.00032534446194767952 0.082425462397926225 0.10814710235079894 -0.13868509639054535 0.0006989194390674432 0.0052902667224407202 0.062963774117330715 -0.023225750117230097 0.089412669897560151 0.031325313552067829 0.028346432706651589 0.016150942047763812 0.01238569451868534 -0.14547722817494954 0.079610405701237758 -0.054593291214626777 -0.029792588736329763 0.11114717337947627 -0.026774845822629609 -0.0089728146679699423 -0.077166856227047526 -0.033892993165387048 0.0034235503654493843 -0.053932384672490036 0.13977451496240165 0.064890012553050408 -0.020660902521408658 0.071327546417713161 -0.074976671040058146 -0.0037714282395663089 -0.066631097247933632 0.013355365937406367 -0.074091064969175738 0.095664166152477262 -0.055998195707798008 -0.019990452429003741 0.098458766260677399 0.095192583584123192 -0.17205082923173906 0.062107065514377925 0.07868976082407042 0.079794167958456896
leaf_weight=1556 890 1573 24 1558 24 20 31 26 31 39 23 56 33 33 23 54 31 45 37 47 25 48 26 20 24 35 48 84 31 65 390 38 25 29 37 23 21 26 22 25 33 45 43 22 36 21 34 25 30 27 34 33 38 25 20 108 34 45 27 23 72 29
leaf_count=1556 890 1573 24 1558 24 20 31 26 31 39 23 56 33 33 23 54 31 45 37 47 25 48 26 20 24 35 48 84 31 65 390 38 25 29 37 23 21 26 22 25 33 45 43 22 36 21 34 25 30 27 34 33 38 25 20 108 34 45 27 23 72 29
internal_value=-5.87545e-11 0.00200465 -0.00352509 0.00378004 0.00741605 0.0134342 0.0154027 -0.0247853 -0.00163605 0.00168936 0.0103359 0.0158724 0.0204749 -0.0345091 0.013076 -0.0294912 0.00688413 0.00106291 -0.0242711 0.00915947 0.0498407 0.0554596 0.011993 0.00247441 -0.0626575 0.0491309 0.0172466 0.00221628 0.0366861 -0.00788876 0.0140118 0.0539822 0.0122442 0.0103382 -0.0286777 0.0281657 -0.0968897 0.0627347 0.0137965 0.00712848 0.0018437 0.0309021 -0.00748697 0.0533311 0.0776651 0.00409716 0.0361746 -0.00299588 -0.00681125 -0.0249686 0.0110753 -0.0569755 -0.0822028 0.010261 0.000813698 0.0124143 0.0453872 0.0521837 -0.114782 0.00717439 0.0560963 0.0338232
internal_weight=8000 6379 3155 1582 3224 1572 1495 77 57 1652 762 669 613 56 557 93 486 428 129 84 58 71 299 238 44 61 194 146 62 1621 1464 62 1402 1351 110 60 50 51 1241 851 720 175 545 130 87 43 131 512 487 236 111 125 92 251 226 196 77 88 65 43 97 51
internal_count=8000 6379 3155 1582 3224 1572 1495 77 57 1652 762 669 613 56 557 93 486 428 129 84 58 71 299 238 44 61 194 146 62 1621 1464 62 1402 1351 110 60 50 51 1241 851 720 175 545 130 87 43 131 512 487 236 111 125 92 251 226 196 77 88 65 43 97 51
is_linear=0
shrinkage=0.05


Tree=163
num_leaves=63
num_cat=0
split_feature=1 1 8 1 5 8 7 3 7 8 5 4 4 6 8 4 5 6 5 0 5 6 0 2 3 4 4 8 4 8 8 6 8 4 5 4 8 8 6 7 3 5 4 4 7 4 3 0 4 4 6 6 6 4 8 3 3 4 7 4 2 6
split_gain=50.7708 90.9001 43.5166 37.3873 41.854 50.8232 53.5854 56.3467 81.9995 56.9955 42.8991 101.939 78.1405 35.5288 44.0841 135.848 100.535 37.01 57.1767 80.8692 52.9475 64.796 81.4119 39.7216 38.7985 71.6651 50.7212 66.7569 51.809 49.5455 43.2305 35.0808 73.0469 52.529 43.1177 64.39 96.894 170.985 43.4576 41.3496 40.2203 38.5164 42.3095 81.6731 86.916 95.8275 65.9407 124.478 108.21 110.281 69.9714 65.0104 78.2792 61.1033 67.1497 56.383 52.9772 52.9011 51.1742 58.3697 61.5708 60.1211
threshold=1.0000000180025095e-35 2.5000000000000004 0.11049632420392036 1.5000000000000002 28.075025625480901 0.80499697494440292 15.500000000000002 7700.7583333333232 6.5000000000000009 0.43171374718931871 25.54281987860362 25.656248743491226 17.680000866272 97.500000000000014 0.87127326132447391 32.60487682314124 15.599615696481029 5.5000000000000009 11.336625680887021 1.5000000000000002 34.935723605708084 10.500000000000002 2.5000000000000004 1.0000000180025095e-35 6997.974999999994 24.955510642427665 24.600653644508466 0.63380604495680337 17.253774518175046 0.51517862228261835 0.6784287669987159 16.500000000000004 0.58721759511758786 45.207857022558422 25.332857824820522 16.096234169673341 0.30638243548534588 0.70673408331846954 56.500000000000007 9.5000000000000018 7440.7333333333254 23.773251869243815 23.330905014419631 31.267328544374923 2.5000000000000004 24.389712228185214 7792.6499999999969 3.5000000000000004 20.668057409610512 15.843761188351928 59.500000000000007 60.500000000000007 88.500000000000014 15.169580053767339 0.32894660580983381 2787.3250000000035 7856.3249999999962 25.367512069119588 17.500000000000004 37.388676400934749 2.5000000000000004 57.500000000000007
decision_type=2 2 2 2 2 2 2 2 2 2 2 2 2 2 2 2 2 2 2 2 2 2 2 2 2 2 2 2 2 2 2 2 2 2 2 2 2 2 2 2 2 2 2 2 2 2 2 2 2 2 2 2 2 2 2 2 2 2 2 2 2 2
left_child=13 2 -2 4 10 6 7 8 -6 -9 -4 12 -12 14 17 16 -16 18 -1 -20 21 22 -19 24 25 -23 28 29 -26 -28 -27 32 40 34 41 -36 38 -38 -37 -34 -25 42 46 44 -44 -46 47 53 49 -48 -50 57 56 54 -33 -45 -53 -47 59 60 61 -57
right_child=1 -3 3 -5 5 -7 -8 9 -10 -11 11 -13 -14 -15 15 -17 -18 20 19 -21 -22 23 -24 31 26 30 27 -29 -30 -31 -32 33 39 -35 35 36 37 -39 -40 -41 -42 -43 43 55 45 51 48 -49 50 -51 -52 52 -54 -55 -56 58 -58 -59 -60 -61 -62 -63
leaf_value=-0.025101631356252208 0.057823307257963391 -0.0065494011196297322 0.0019623994606272027 0.010952569005160978 -0.041003176538894577 0.051853550460544379 -0.081928235865556281 0.00083006274556585906 0.064301706767199859 -0.1050680109748134 0.057269705832004553 0.10320745715073176 -0.077571071007035003 0.04097109235038883 0.046848688062487376 -0.15340423598175956 -0.086977260656978778 -0.012265274340573413 -0.012452436453447893 0.1046891324879492 0.046875220597829934 0.027917751710820983 -0.11176503550480395 0.027428690838101118 -0.020382570056244734 -0.014212443673562621 -0.013860855150078214 0.046269865759781433 -0.090075418920799469 -0.10034141777591273 -0.094475354059882791 0.044150252196760408 0.029349547837461742 0.06989115055488504 0.073460445801417029 0.11503539513796568 -0.080583696626126772 0.076679668575525287 0.012051263957151346 -0.071105830520391475 0.12313607760838099 -0.059082672424996513 0.023575102331518546 -0.075360797792673115 -0.13189442242185276 0.055590415519216785 -0.0020637558834230314 0.087025418023596396 -0.014297989431930625 -0.10066234260656924 0.11357698544859887 -0.14573043909040281 -0.0008563515730202198 0.022285013983404281 -0.059733889456838378 -0.034178124231153302 -0.049642910464451864 -0.028668924016647557 0.082856119602270753 0.043338956999913109 -0.061292170138752211 0.057851415732875472
leaf_weight=37 41 1958 1771 1973 36 21 39 24 38 27 21 35 22 38 36 21 23 52 26 34 43 91 34 23 48 62 67 35 60 22 23 21 21 23 39 20 56 25 21 20 21 39 51 20 30 23 61 53 23 53 20 32 28 133 60 35 26 98 23 61 47 36
leaf_count=37 41 1958 1771 1973 36 21 39 24 38 27 21 35 22 38 36 21 23 52 26 34 43 91 34 23 48 62 67 35 60 22 23 21 21 23 39 20 56 25 21 20 21 39 51 20 30 23 61 53 23 53 20 32 28 133 60 35 26 98 23 61 47 36
internal_value=-7.0947e-11 0.0022951 0.00657315 0.00604875 0.001292 -0.0213829 -0.0307608 -0.0147965 0.0130723 -0.0552336 0.00356072 0.0398508 -0.0117186 -0.00691293 -0.00784319 -0.0441927 -0.00532075 -0.00629311 0.0237825 0.0539278 -0.00793298 -0.00929056 -0.0516024 -0.00708521 -0.0206206 -0.00291812 -0.0340501 -0.0122318 -0.0591008 -0.0352381 -0.0359306 -0.00263879 0.028364 -0.00491644 -0.0064337 0.0175345 -0.000343532 -0.0320456 0.0622874 -0.0196531 0.0731072 -0.0103997 -0.00836685 -0.01807 -0.0356373 -0.0483792 0.00330441 0.0184246 -0.0224096 -0.0479034 0.0451787 -0.0362756 -0.0695124 0.00143471 -0.032801 0.00471998 -0.102657 -0.0126527 0.0126488 0.00362772 -0.016901 0.0124847
internal_weight=8000 6006 4048 4007 2034 185 164 125 74 51 1849 78 43 1994 1956 80 59 1876 97 60 1779 1736 86 1650 408 176 232 124 108 89 85 1242 85 1157 1134 161 122 81 41 41 44 973 934 510 288 237 424 267 157 114 43 207 86 214 81 222 58 121 202 179 118 71
internal_count=8000 6006 4048 4007 2034 185 164 125 74 51 1849 78 43 1994 1956 80 59 1876 97 60 1779 1736 86 1650 408 176 232 124 108 89 85 1242 85 1157 1134 161 122 81 41 41 44 973 934 510 288 237 424 267 157 114 43 207 86 214 81 222 58 121 202 179 118 71
is_linear=0
shrinkage=0.05


Tree=164
num_leaves=63
num_cat=0
split_feature=7 7 7 8 6 6 6 8 7 7 7 7 7 7 7 8 4 6 5 3 4 6 3 8 3 3 6 6 3 8 4 4 6 8 0 8 1 3 4 5 4 4 6 5 6 6 5 5 5 5 8 4 8 3 3 3 3 6 4 4 8 3
split_gain=51.1562 142.057 89.9061 65.8012 60.1478 105.92 95.9774 56.5943 51.2867 165.595 430.173 121.225 99.4503 96.9066 125.087 94.4164 78.4787 91.4574 98.6608 73.3199 58.9551 95.4092 57.3543 57.0184 87.3231 85.2745 84.889 84.2628 75.3673 126.27 69.7566 112.379 104.87 65.8942 60.7603 87.101 59.9941 66.9019 56.1432 54.285 67.0463 89.2119 139.331 55.0843 68.1104 65.1701 69.3627 63.0878 54.1904 74.5922 81.8139 74.213 55.6433 67.4822 60.5538 50.4157 61.7547 72.3526 50.3534 68.1088 69.6875 90.2156
threshold=1.5000000000000002 2.5000000000000004 4.5000000000000009 0.88658823471916637 88.500000000000014 94.500000000000014 85.500000000000014 0.89706184473324868 7.5000000000000009 9.5000000000000018 10.500000000000002 14.500000000000002 6.5000000000000009 12.500000000000002 11.500000000000002 0.82932370537135991 35.493162345976423 27.500000000000004 12.939078426292427 2490.5250000000033 42.619171490009528 75.500000000000014 7487.8749999999964 0.63100731491281647 5017.4333333333389 6151.5000000000027 69.500000000000014 62.500000000000007 8017.0583333333243 0.23448195652315992 23.637710191616016 18.744063916108399 50.500000000000007 0.23448195652315992 2.5000000000000004 0.41414475575680526 1.0000000180025095e-35 4431.9333333333352 26.03038213530489 0.2993073483191076 25.656248743491226 12.394723713158347 80.500000000000014 10.800132981654654 18.500000000000004 53.500000000000007 21.207376750743933 20.319472070340176 8.8124913880959088 11.605623532447035 0.79841744230046874 33.925797768160891 0.47494982857576706 8577.3416666666835 5380.541666666667 3702.4166666666683 8891.116666666685 33.500000000000007 45.855903595867126 23.330905014419631 0.2967543486855207 3511.4750000000026
decision_type=2 2 2 2 2 2 2 2 2 2 2 2 2 2 2 2 2 2 2 2 2 2 2 2 2 2 2 2 2 2 2 2 2 2 2 2 2 2 2 2 2 2 2 2 2 2 2 2 2 2 2 2 2 2 2 2 2 2 2 2 2 2
left_child=-1 4 58 8 6 -6 -2 -5 12 -10 15 13 16 14 48 19 23 -18 -19 -11 -13 22 -22 24 30 -26 28 36 29 -27 31 32 -4 -30 35 -35 -25 -38 -29 -14 41 -41 55 -42 -45 47 -47 -46 51 -50 52 -12 54 -54 -51 -43 57 -57 59 -3 -61 -62
right_child=1 2 3 7 5 -7 -8 -9 9 10 11 20 39 -15 -16 -17 17 18 -20 -21 21 -23 -24 27 25 26 -28 38 33 -31 -32 -33 -34 34 -36 -37 37 -39 -40 40 43 42 -44 44 45 46 -48 -49 49 50 -52 -53 53 -55 -56 56 -58 -59 -60 60 61 -63
leaf_value=-0.011807169024806732 0.031414629633014918 -0.0023876491826210345 -0.031247195811010899 0.06463513931591218 -0.076980542205274116 0.063689596756644873 0.14173710796804656 -0.022529054298996928 -0.02224549039571979 0.14053806387461151 0.029457867562608875 0.0040588638335177602 0.10219766238331796 -0.025472025700120735 0.019476815685629846 -0.044828062180591668 -0.13859551146160812 -0.084138623078664154 0.037877767694157523 0.053357558892501447 0.14056228333367751 -0.035455854338678448 0.030870118026028983 -0.0068815440790993831 -0.11838884002994746 0.051584161818027496 0.027903018875788617 -0.062267735004425055 -0.073142491249988478 -0.088878172831609856 0.067397214315133167 -0.074334846640704208 0.1287317924556278 0.057051537211984395 0.079238979107347035 -0.07135010925786836 0.0010754394172518343 0.092545451577027135 0.030133063580480315 -0.022087516434289314 -0.040044434756040581 0.10380159920012509 0.17498854995549967 0.10655241377651692 0.01258717228472233 -0.0026805525992152305 0.099570068247892246 -0.10655458845198154 -0.097526575173986593 0.045380197382635545 0.063478818416595459 -0.063508882699534294 -0.084343634020179914 0.0081733173035361158 -0.032859087084667594 0.056613870166443495 0.10483185514807701 -0.04039500376209617 0.058590954491360626 0.0024680744267043171 -0.11310365672518569 -0.033463761203838933
leaf_weight=823 322 367 20 73 32 23 21 25 781 26 92 1935 25 773 392 23 20 30 37 333 26 22 22 35 20 20 93 35 24 80 64 32 21 25 29 28 27 77 31 37 50 27 24 20 25 43 27 20 38 36 25 28 73 27 79 37 20 40 22 109 41 268
leaf_count=823 322 367 20 73 32 23 21 25 781 26 92 1935 25 773 392 23 20 30 37 333 26 22 22 35 20 20 93 35 24 80 64 32 21 25 29 28 27 77 31 37 50 27 24 20 25 43 27 20 38 36 25 28 73 27 79 37 20 40 22 109 41 268
internal_value=3.64767e-11 0.00135395 -0.00035052 0.00176618 0.0303856 -0.0181548 0.0381691 0.0423994 0.00108827 -0.00120816 0.00295137 -0.00244761 0.0105934 -0.0128859 -0.000570682 0.0533796 -0.000124191 -0.0447654 -0.0167564 0.0596715 0.00568959 0.0507676 0.0902867 0.00575143 -0.00409483 -0.0184338 -0.0117478 0.0276534 -0.0296484 -0.0607857 0.0292929 -0.00411358 0.0506933 -0.000273623 0.0210539 -0.0107833 0.0497423 0.0687984 -0.0188674 0.030889 0.0260709 0.047355 0.0647157 0.00478671 0.0213908 0.00658014 0.036759 -0.0403647 -0.020316 -0.0324375 -0.0221317 0.00776563 -0.0320864 -0.0593641 -0.00836679 0.0433725 0.0265521 0.00621965 -0.0160146 -0.0181055 -0.0319055 -0.0440309
internal_weight=8000 7177 6779 5972 398 55 343 98 5874 4731 3950 3568 1143 1563 790 382 748 87 67 359 2005 70 48 661 456 319 299 205 206 100 137 73 41 106 82 53 139 104 66 395 370 185 148 185 135 115 70 45 398 278 240 120 215 100 115 124 97 77 807 785 418 309
internal_count=8000 7177 6779 5972 398 55 343 98 5874 4731 3950 3568 1143 1563 790 382 748 87 67 359 2005 70 48 661 456 319 299 205 206 100 137 73 41 106 82 53 139 104 66 395 370 185 148 185 135 115 70 45 398 278 240 120 215 100 115 124 97 77 807 785 418 309
is_linear=0
shrinkage=0.05


Tree=165
num_leaves=63
num_cat=0
split_feature=7 7 7 7 7 7 7 7 3 0 3 3 5 3 7 7 4 3 3 4 5 6 6 4 5 5 4 8 4 8 8 6 7 7 8 8 6 3 3 3 5 6 3 8 8 4 4 3 3 8 0 8 6 8 6 5 4 4 5 6 6 8
split_gain=46.1685 128.207 81.4885 93.8346 152.082 432.026 114.868 87.6777 72.5743 97.3176 83.4687 86.7309 61.7976 63.1082 57.9255 86.4422 57.0495 81.9397 74.599 129.782 130.248 74.453 105.483 63.9618 62.4221 65.8726 51.2103 50.72 50.7031 50.3109 153.369 74.569 49.2825 72.1064 56.1998 88.2066 93.0609 67.7824 82.4423 60.855 65.2799 86.7388 55.7302 54.3141 51.3819 66.2111 51 59.3571 84.9669 50.3313 71.3334 74.6046 104.226 77.1301 54.3114 49.245 48.9274 89.9876 62.5858 60.0969 63.4323 53.1351
threshold=1.5000000000000002 2.5000000000000004 5.5000000000000009 7.5000000000000009 9.5000000000000018 10.500000000000002 14.500000000000002 13.500000000000002 9473.8500000000076 3.5000000000000004 7129.483333333329 4250.9833333333381 31.255101965518396 7397.7666666666591 11.500000000000002 12.500000000000002 32.207459413718908 6712.6333333333323 9323.7083333333394 26.589831807865146 20.577513542843537 34.500000000000007 69.500000000000014 21.516668058063811 11.419214905244047 19.199527021204993 3.0490853699152827 0.42906816225108496 36.31583350425533 0.71422941428671083 0.78698474576030064 27.500000000000004 18.500000000000004 17.500000000000004 0.86115495368074746 0.66322591592734037 22.500000000000004 6151.5000000000027 8301.1499999999978 3178.2333333333368 9.0023931511116135 85.500000000000014 6807.4750000000013 0.16394098306000052 0.24174019396162019 38.667646585842192 34.368534502621984 3434.3083333333352 4035.9333333333375 0.81391952268720302 3.5000000000000004 0.70673408331846954 64.500000000000014 0.35359035002725631 39.500000000000007 32.545491547304387 9.8644158430700664 18.744063916108399 15.700067359730076 76.500000000000014 54.500000000000007 0.65062400937924658
decision_type=2 2 2 2 2 2 2 2 2 2 2 2 2 2 2 2 2 2 2 2 2 2 2 2 2 2 2 2 2 2 2 2 2 2 2 2 2 2 2 2 2 2 2 2 2 2 2 2 2 2 2 2 2 2 2 2 2 2 2 2 2 2
left_child=-1 16 55 -4 29 8 7 12 9 -6 11 -11 14 -14 56 -16 18 -18 19 21 27 24 23 -23 -2 -26 -8 -21 -19 -5 -31 -32 33 34 35 -28 37 -37 -39 -38 -41 -42 -36 -35 -45 46 47 -46 -49 50 51 52 53 -50 -55 -3 -7 58 -58 60 61 -59
right_child=1 2 3 4 5 6 26 -9 -10 10 -12 -13 13 -15 15 -17 17 28 -20 20 -22 22 -24 -25 25 -27 32 -29 -30 30 31 -33 -34 43 42 36 39 38 -40 40 41 -43 -44 44 45 -47 -48 48 49 -51 -52 -53 -54 54 -56 -57 57 59 -60 -61 -62 -63
leaf_value=-0.011216810592455861 0.039372181856916072 -0.010345066751942486 0.018457713580782607 -0.027283385700782856 0.046181280124873353 -0.091325396976687692 -0.063688787588706386 -0.033184405332249201 -0.03479739636267451 0.13719885736703871 0.17288109678174221 -0.010051726624369622 -0.11835226391752561 -0.0024499066740922308 0.021522894805240556 -0.011769000654047367 0.050593072639190051 -0.10597635422434126 0.12584355658163196 -0.015497051179409027 0.19688774291425945 0.043356727805264575 -0.015993245642992756 0.14619490177858444 -0.13288543658331037 -0.012187566851767209 0.010189465785240418 0.082438068767675232 -0.0065921030261299821 0.06415659136497058 -0.099750520295153078 -0.0079169547379327309 -0.0089972879212406823 0.10029419112205505 0.11272593166517175 0.10390129401570275 -0.11100350026786328 -0.061590417833239944 0.070500846118444496 -0.071611621667786202 0.011329947548263053 -0.087424194573291716 0.014592952032883964 -0.034449738499653694 -0.034532484123783729 0.10834391111135483 -0.032220017951395778 0.12629710674285888 -0.040426642295311802 -0.0259736794339759 0.10169541054480785 0.093235085136257112 -0.053579590155018703 0.032420321935787803 0.127561791970705 -0.069716939198163658 0.067566576242751017 -0.0025029978754051102 -0.025107472287169821 0.015385315817547963 -0.083065363407501439 -0.061931758977729706
leaf_weight=823 21 1170 767 610 299 22 26 371 22 20 31 20 24 23 386 394 38 21 23 20 20 54 62 21 20 26 857 39 33 65 30 84 391 25 23 21 25 27 21 60 108 28 39 34 31 25 36 25 22 35 37 32 45 40 24 36 49 107 29 64 61 58
leaf_count=823 21 1170 767 610 299 22 26 371 22 20 31 20 24 23 386 394 38 21 23 20 20 54 62 21 20 26 857 39 33 65 30 84 391 25 23 21 25 27 21 60 108 28 39 34 31 25 36 25 22 35 37 32 45 40 24 36 49 107 29 64 61 58
internal_value=-3.28931e-11 0.00128625 -0.000332994 0.00221715 -0.000374718 0.00356717 -0.00182499 -0.0119056 0.0534309 0.0586769 0.111299 0.0635736 -0.00541878 -0.0616341 -0.00316056 0.00470622 0.0288663 -0.00565767 0.0392461 0.0322081 0.086619 0.0111373 0.0322611 0.0721514 -0.0320563 -0.0646649 0.00603362 0.0492397 -0.0452415 -0.0204439 0.0028639 -0.0320837 0.00693505 0.0107805 0.00463 0.00212367 -0.0217122 0.0289783 -0.00380049 -0.0375386 -0.0281681 -0.00900179 0.0509971 0.0288727 0.0242469 0.0299165 0.0239205 0.0308657 0.0386632 0.0293404 0.0390204 0.0247936 0.00807502 0.0403362 0.0680984 -0.0121174 -0.0188941 -0.014564 0.0331108 -0.0273869 -0.0394993 -0.0233931
internal_weight=8000 7177 6779 5573 4806 4017 3625 1588 392 370 71 40 1217 47 1170 780 398 92 306 283 79 204 137 75 67 46 2037 59 54 789 179 114 2011 1620 1209 1147 290 69 48 221 196 136 62 411 386 352 327 291 260 235 200 163 131 86 64 1206 390 368 78 290 226 165
internal_count=8000 7177 6779 5573 4806 4017 3625 1588 392 370 71 40 1217 47 1170 780 398 92 306 283 79 204 137 75 67 46 2037 59 54 789 179 114 2011 1620 1209 1147 290 69 48 221 196 136 62 411 386 352 327 291 260 235 200 163 131 86 64 1206 390 368 78 290 226 165
is_linear=0
shrinkage=0.05


end of trees

feature_importances:
Operator_encoded=3040
Weather_encoded=1352
Temperature=951
SoilType_encoded=888
WindSpeed=882
OperatorFatigueScore=861
EngineHours=818
ShiftNumber=783
TaskType_encoded=717

parameters:
[boosting: gbdt]
[objective: regression]
[metric: rmse]
[tree_learner: serial]
[device_type: cpu]
[data_sample_strategy: bagging]
[data: ]
[valid: ]
[num_iterations: 300]
[learning_rate: 0.05]
[num_leaves: 63]
[num_threads: 0]
[seed: 0]
[deterministic: 0]
[force_col_wise: 0]
[force_row_wise: 0]
[histogram_pool_size: -1]
[max_depth: -1]
[min_data_in_leaf: 20]
[min_sum_hessian_in_leaf: 0.001]
[bagging_fraction: 1]
[pos_bagging_fraction: 1]
[neg_bagging_fraction: 1]
[bagging_freq: 0]
[bagging_seed: 3]
[bagging_by_query: 0]
[feature_fraction: 1]
[feature_fraction_bynode: 1]
[feature_fraction_seed: 2]
[extra_trees: 0]
[extra_seed: 6]
[early_stopping_round: 0]
[early_stopping_min_delta: 0]
[first_metric_only: 0]
[max_delta_step: 0]
[lambda_l1: 0]
[lambda_l2: 0]
[linear_lambda: 0]
[min_gain_to_split: 0]
[drop_rate: 0.1]
[max_drop: 50]
[skip_drop: 0.5]
[xgboost_dart_mode: 0]
[uniform_drop: 0]
[drop_seed: 4]
[top_rate: 0.2]
[other_rate: 0.1]
[min_data_per_group: 100]
[max_cat_threshold: 32]
[cat_l2: 10]
[cat_smooth: 10]
[max_cat_to_onehot: 4]
[top_k: 20]
[monotone_constraints: ]
[monotone_constraints_method: basic]
[monotone_penalty: 0]
[feature_contri: ]
[forcedsplits_filename: ]
[refit_decay_rate: 0.9]
[cegb_tradeoff: 1]
[cegb_penalty_split: 0]
[cegb_penalty_feature_lazy: ]
[cegb_penalty_feature_coupled: ]
[path_smooth: 0]
[interaction_constraints: ]
[verbosity: -1]
[saved_feature_importance_type: 0]
[use_quantized_grad: 0]
[num_grad_quant_bins: 4]
[quant_train_renew_leaf: 0]
[stochastic_rounding: 1]
[linear_tree: 0]
[max_bin: 255]
[max_bin_by_feature: ]
[min_data_in_bin: 3]
[bin_construct_sample_cnt: 200000]
[data_random_seed: 1]
[is_enable_sparse: 1]
[enable_bundle: 1]
[use_missing: 1]
[zero_as_missing: 0]
[feature_pre_filter: 1]
[pre_partition: 0]
[two_round: 0]
[header: 0]
[label_column: ]
[weight_column: ]
[group_column: ]
[ignore_column: ]
[categorical_feature: ]
[forcedbins_filename: ]
[precise_float_parser: 0]
[parser_config_file: ]
[objective_seed: 5]
[num_class: 1]
[is_unbalance: 0]
[scale_pos_weight: 1]
[sigmoid: 1]
[boost_from_average: 1]
[reg_sqrt: 0]
[alpha: 0.9]
[fair_c: 1]
[poisson_max_delta_step: 0.7]
[tweedie_variance_power: 1.5]
[lambdarank_truncation_level: 30]
[lambdarank_norm: 1]
[label_gain: ]
[lambdarank_position_bias_regularization: 0]
[eval_at: ]
[multi_error_top_k: 1]
[auc_mu_weights: ]
[num_machines: 1]
[local_listen_port: 12400]
[time_out: 120]
[machine_list_filename: ]
[machines: ]
[gpu_platform_id: -1]
[gpu_device_id: -1]
[gpu_device_id_list: ]
[gpu_use_dp: 0]
[num_gpu: 1]

end of parameters

pandas_categorical:[]
