log_id,fuel_level_pct,fuel_available_l,engine_load_pct,temperature_c,ground_condition,task_type,task_duration_est_min,consumption_l_per_hour,fuel_needed_l,fuel_after_task_l,fuel_after_task_pct,range_km,distance_to_station_km,can_complete_task,can_reach_station,risk_level
1,78.5,321.9,65.5,39.3,Dry,Compaction,46.4,20.61,15.9,306.0,74.6,132.8,48.79,1,1,LOW
2,79.7,326.8,47.4,23.0,Muddy,Material Loading,279.5,23.05,107.4,219.4,53.5,120.5,32.37,1,1,LOW
3,47.1,193.1,53.2,27.2,Frozen,Earth Excavation,251.7,25.42,106.6,86.5,21.1,64.6,31.77,1,1,LOW
4,38.7,158.7,96.3,40.7,Muddy,Compaction,74.5,28.49,35.4,123.3,30.1,47.3,23.6,1,1,LOW
5,19.7,80.8,79.6,34.8,Wet,Demolition,111.2,32.22,59.7,21.1,5.1,21.3,18.84,0,1,HIGH
6,23.0,94.3,47.5,24.0,Wet,Trenching,207.5,25.2,87.2,7.1,1.7,31.8,22.14,0,1,HIGH
7,84.1,344.8,86.7,20.5,Frozen,Trenching,211.1,31.8,111.9,232.9,56.8,92.2,7.42,1,1,LOW
8,5.7,23.4,85.6,31.6,Wet,Compaction,238.6,23.3,92.7,0.0,0.0,8.5,23.22,0,0,CRITICAL
9,18.3,75.0,46.6,31.7,Muddy,Material Loading,178.3,22.47,66.8,8.2,2.0,28.4,38.37,0,0,CRITICAL
10,57.6,236.2,72.4,17.2,Muddy,Earth Excavation,142.3,29.55,70.1,166.1,40.5,67.9,11.12,1,1,LOW
11,86.1,353.0,53.6,7.3,Frozen,Trenching,102.2,26.51,45.2,307.8,75.1,113.2,33.26,1,1,LOW
12,79.5,325.9,78.5,21.3,Wet,Compaction,66.8,22.66,25.2,300.7,73.3,122.2,1.62,1,1,LOW
13,73.6,301.8,66.8,11.5,Frozen,Grading,62.6,25.21,26.3,275.5,67.2,101.8,34.97,1,1,LOW
14,41.2,168.9,57.5,30.2,Muddy,Material Loading,44.5,23.25,17.2,151.7,37.0,61.7,6.34,1,1,LOW
15,91.3,374.3,80.6,15.6,Frozen,Demolition,238.1,32.78,130.1,244.2,59.6,97.1,35.99,1,1,LOW
16,30.9,126.7,45.6,41.1,Dry,Material Loading,76.7,19.91,25.5,101.2,24.7,54.1,15.64,1,1,LOW
17,21.8,89.4,89.7,35.3,Wet,Compaction,141.0,24.92,58.6,30.8,7.5,30.5,31.55,0,0,CRITICAL
18,66.7,273.5,44.9,21.6,Frozen,Earth Excavation,158.3,24.55,64.8,208.7,50.9,94.7,16.83,1,1,LOW
19,14.8,60.7,74.1,11.8,Wet,Demolition,182.7,31.4,95.6,0.0,0.0,16.4,17.67,0,0,CRITICAL
20,7.2,29.5,95.6,24.3,Wet,Compaction,43.2,26.16,18.8,10.7,2.6,9.6,24.59,0,0,CRITICAL
21,94.1,385.8,73.2,23.9,Frozen,Trenching,112.8,29.22,54.9,330.9,80.7,112.2,26.27,1,1,LOW
22,7.1,29.1,87.9,40.8,Muddy,Earth Excavation,175.1,33.11,96.6,0.0,0.0,7.5,5.87,0,1,HIGH
23,31.7,130.0,78.2,34.1,Frozen,Compaction,50.2,23.08,19.3,110.7,27.0,47.9,45.84,1,1,LOW
24,8.6,35.3,72.2,19.8,Wet,Compaction,246.3,22.64,92.9,0.0,0.0,13.3,16.2,0,0,CRITICAL
25,32.6,133.7,69.9,15.2,Frozen,Demolition,66.1,30.97,34.1,99.6,24.3,36.7,2.72,1,1,LOW
26,99.3,407.1,91.7,34.9,Frozen,Demolition,270.2,35.62,160.4,246.7,60.2,97.1,26.18,1,1,LOW
27,78.3,321.0,78.4,19.9,Frozen,Earth Excavation,229.1,28.34,108.2,212.8,51.9,96.3,13.49,1,1,LOW
28,27.9,114.4,47.1,38.2,Frozen,Earth Excavation,70.2,24.75,29.0,85.4,20.8,39.3,30.17,1,1,LOW
29,34.5,141.4,85.1,43.9,Wet,Grading,60.3,28.75,28.9,112.5,27.4,41.8,1.19,1,1,LOW
30,17.5,71.8,79.3,9.9,Wet,Grading,214.4,25.05,89.5,0.0,0.0,24.4,29.27,0,0,CRITICAL
31,81.4,333.7,81.5,34.6,Frozen,Earth Excavation,54.7,29.14,26.6,307.1,74.9,97.3,46.41,1,1,LOW
32,33.6,137.8,68.3,31.5,Wet,Demolition,100.2,30.1,50.3,87.5,21.3,38.9,46.28,1,0,LOW
33,57.7,236.6,76.8,9.2,Muddy,Earth Excavation,137.4,31.21,71.5,165.1,40.3,64.4,48.33,1,1,LOW
34,93.6,383.8,86.7,23.7,Muddy,Compaction,25.0,25.57,10.7,373.1,91.0,127.6,5.9,1,1,LOW
35,80.7,330.9,53.5,26.2,Frozen,Grading,263.0,22.96,100.6,230.3,56.2,122.5,30.35,1,1,LOW
36,40.5,166.1,64.7,31.1,Frozen,Demolition,147.1,30.13,73.9,92.2,22.5,46.9,12.77,1,1,LOW
37,75.9,311.2,87.4,9.2,Frozen,Earth Excavation,186.4,31.05,96.5,214.7,52.4,85.2,7.74,1,1,LOW
38,34.5,141.4,48.3,41.8,Muddy,Earth Excavation,99.7,26.91,44.7,96.7,23.6,44.7,8.1,1,1,LOW
39,7.0,28.7,43.2,12.0,Frozen,Earth Excavation,185.5,24.22,74.9,0.0,0.0,10.1,34.2,0,0,CRITICAL
40,35.2,144.3,69.3,40.0,Frozen,Demolition,32.2,34.16,18.3,126.0,30.7,35.9,9.48,1,1,LOW
41,28.7,117.7,73.1,21.7,Wet,Earth Excavation,124.6,26.67,55.4,62.3,15.2,37.5,26.43,1,1,LOW
42,84.2,345.2,43.0,42.0,Muddy,Earth Excavation,256.2,26.27,112.2,233.0,56.8,111.7,45.18,1,1,LOW
43,81.2,332.9,85.2,30.7,Muddy,Compaction,57.7,25.84,24.8,308.1,75.1,109.5,27.04,1,1,LOW
44,86.5,354.6,66.8,20.4,Muddy,Grading,94.6,25.34,40.0,314.6,76.7,118.9,7.42,1,1,LOW
45,44.6,182.9,53.5,19.7,Muddy,Material Loading,111.7,22.72,42.3,140.6,34.3,68.4,19.28,1,1,LOW
46,33.2,136.1,95.0,41.7,Frozen,Material Loading,111.9,29.28,54.6,81.5,19.9,39.5,27.0,1,1,LOW
47,67.0,274.7,86.7,26.3,Frozen,Grading,100.7,26.77,44.9,229.8,56.0,87.2,36.88,1,1,LOW
48,71.0,291.1,89.9,10.3,Frozen,Grading,46.6,28.12,21.8,269.3,65.7,88.0,36.42,1,1,LOW
49,93.9,385.0,48.0,43.4,Dry,Compaction,186.2,18.98,58.9,326.1,79.5,172.4,39.24,1,1,LOW
50,94.9,389.1,54.7,28.6,Dry,Earth Excavation,192.5,23.54,75.5,313.6,76.5,140.5,8.98,1,1,LOW
51,59.4,243.5,67.0,25.9,Muddy,Compaction,243.8,22.58,91.8,151.7,37.0,91.7,24.86,1,1,LOW
52,93.5,383.4,46.9,9.7,Muddy,Earth Excavation,204.2,25.68,87.4,296.0,72.2,126.9,21.22,1,1,LOW
53,68.8,282.1,59.4,40.9,Frozen,Compaction,95.7,22.51,35.9,246.2,60.0,106.5,18.53,1,1,LOW
54,20.0,82.0,48.6,42.4,Muddy,Material Loading,127.3,23.61,50.1,31.9,7.8,29.5,36.62,0,0,CRITICAL
55,93.9,385.0,85.3,24.2,Dry,Material Loading,296.3,23.48,116.0,269.0,65.6,139.4,36.03,1,1,LOW
56,16.3,66.8,89.3,30.5,Dry,Earth Excavation,184.7,27.24,83.9,0.0,0.0,20.8,34.46,0,0,CRITICAL
57,48.2,197.6,87.9,16.8,Frozen,Material Loading,143.8,26.39,63.2,134.4,32.8,63.6,15.45,1,1,LOW
58,79.2,324.7,46.4,44.9,Dry,Demolition,99.5,27.26,45.2,279.5,68.2,101.2,41.93,1,1,LOW
59,99.9,409.6,78.6,31.0,Muddy,Earth Excavation,271.2,30.18,136.4,273.2,66.6,115.4,1.94,1,1,LOW
60,18.6,76.3,85.1,12.9,Dry,Demolition,203.8,30.25,102.7,0.0,0.0,21.4,2.29,0,1,HIGH
61,9.9,40.6,75.1,37.1,Frozen,Trenching,257.8,30.67,131.8,0.0,0.0,11.3,3.33,0,1,HIGH
62,93.1,381.7,84.8,32.9,Frozen,Demolition,31.2,34.57,18.0,363.7,88.7,93.9,10.49,1,1,LOW
63,64.9,266.1,89.4,11.2,Frozen,Compaction,74.1,25.32,31.3,234.8,57.3,89.3,13.9,1,1,LOW
64,98.1,402.2,75.5,7.2,Dry,Grading,31.9,22.27,11.8,390.4,95.2,153.5,44.27,1,1,LOW
65,21.4,87.7,45.3,12.3,Wet,Demolition,148.4,26.67,66.0,21.7,5.3,28.0,39.31,0,0,CRITICAL
66,59.4,243.5,48.4,42.8,Muddy,Trenching,181.8,28.92,87.6,155.9,38.0,71.6,35.14,1,1,LOW
67,94.4,387.0,48.6,25.3,Muddy,Material Loading,152.8,22.67,57.7,329.3,80.3,145.1,6.4,1,1,LOW
68,31.4,128.7,57.7,22.1,Frozen,Grading,197.7,23.33,76.9,51.8,12.6,46.9,20.88,1,1,LOW
69,25.7,105.4,74.1,17.7,Frozen,Earth Excavation,137.2,28.92,66.1,39.3,9.6,31.0,23.97,0,1,HIGH
70,59.4,243.5,72.8,33.1,Muddy,Grading,202.7,26.83,90.6,152.9,37.3,77.1,16.15,1,1,LOW
71,57.2,234.5,65.0,30.0,Muddy,Material Loading,163.6,24.72,67.4,167.1,40.8,80.6,36.97,1,1,LOW
72,92.5,379.2,69.2,25.8,Wet,Compaction,108.0,22.18,39.9,339.3,82.8,145.3,41.95,1,1,LOW
73,85.0,348.5,43.2,16.2,Muddy,Material Loading,68.4,21.05,24.0,324.5,79.1,140.7,16.04,1,1,LOW
74,6.4,26.2,88.0,39.3,Wet,Material Loading,63.0,25.32,26.6,0.0,0.0,8.8,30.24,0,0,CRITICAL
75,39.7,162.8,95.6,44.8,Wet,Compaction,107.1,25.86,46.2,116.6,28.4,53.5,34.54,1,1,LOW
76,41.8,171.4,77.2,5.4,Muddy,Trenching,167.0,31.37,87.3,84.1,20.5,46.4,8.61,1,1,LOW
77,84.4,346.0,97.4,27.2,Dry,Demolition,297.3,32.72,162.1,183.9,44.9,89.9,7.51,1,1,LOW
78,42.3,173.4,44.6,35.2,Dry,Material Loading,151.4,18.32,46.2,127.2,31.0,80.5,7.96,1,1,LOW
79,91.2,373.9,42.6,14.3,Dry,Trenching,157.3,21.26,55.7,318.2,77.6,149.5,29.53,1,1,LOW
80,13.0,53.3,54.1,38.7,Frozen,Grading,201.8,23.91,80.4,0.0,0.0,18.9,33.68,0,0,CRITICAL
81,10.5,43.0,61.3,26.6,Frozen,Material Loading,256.5,23.14,98.9,0.0,0.0,15.8,24.39,0,0,CRITICAL
82,85.9,352.2,69.3,41.4,Wet,Grading,258.1,25.09,107.9,244.3,59.6,119.3,17.36,1,1,LOW
83,42.9,175.9,93.2,30.2,Wet,Trenching,114.9,31.15,59.7,116.2,28.3,48.0,9.98,1,1,LOW
84,93.1,381.7,66.0,17.3,Dry,Grading,22.0,21.68,7.9,373.8,91.2,149.7,14.26,1,1,LOW
85,65.2,267.3,96.9,29.8,Frozen,Material Loading,233.2,25.99,101.0,166.3,40.6,87.4,45.21,1,1,LOW
86,96.5,395.6,85.4,39.7,Dry,Earth Excavation,225.1,27.29,102.4,293.2,71.5,123.2,22.28,1,1,LOW
87,67.1,275.1,96.2,44.4,Dry,Trenching,225.5,31.29,117.6,157.5,38.4,74.7,37.62,1,1,LOW
88,16.8,68.9,42.4,36.1,Frozen,Material Loading,296.0,20.05,98.9,0.0,0.0,29.2,23.52,0,1,HIGH
89,44.1,180.8,86.0,8.4,Dry,Grading,244.6,24.73,100.8,80.0,19.5,62.1,46.27,1,1,LOW
90,8.5,34.9,61.6,6.9,Wet,Earth Excavation,209.1,25.93,90.4,0.0,0.0,11.4,35.81,0,0,CRITICAL
91,87.2,357.5,82.9,37.0,Wet,Earth Excavation,85.7,28.75,41.1,316.4,77.2,105.7,31.28,1,1,LOW
92,5.4,22.1,69.8,32.1,Muddy,Earth Excavation,132.4,29.95,66.1,0.0,0.0,6.3,44.83,0,0,CRITICAL
93,27.6,113.2,89.5,18.9,Frozen,Demolition,103.7,34.47,59.6,53.6,13.1,27.9,29.72,1,0,LOW
94,31.1,127.5,91.4,12.5,Muddy,Earth Excavation,115.7,32.73,63.1,64.4,15.7,33.1,36.02,1,0,LOW
95,99.9,409.6,57.2,21.3,Muddy,Earth Excavation,181.0,26.82,80.9,328.7,80.2,129.8,49.88,1,1,LOW
96,61.5,252.2,62.8,41.6,Dry,Material Loading,57.6,21.22,20.4,231.8,56.5,101.0,18.59,1,1,LOW
97,24.2,99.2,41.0,23.1,Frozen,Grading,116.1,20.83,40.3,58.9,14.4,40.5,21.31,1,1,MEDIUM
98,76.4,313.2,71.4,16.4,Wet,Demolition,85.8,30.92,44.2,269.0,65.6,86.1,16.6,1,1,LOW
99,55.3,226.7,83.1,28.6,Muddy,Grading,103.8,28.77,49.8,176.9,43.1,67.0,12.45,1,1,LOW
100,19.8,81.2,90.7,16.3,Dry,Grading,241.8,25.28,101.9,0.0,0.0,27.3,39.3,0,0,CRITICAL
101,50.2,205.8,97.7,32.0,Wet,Compaction,272.7,24.69,112.2,93.6,22.8,70.9,39.49,1,1,LOW
102,58.4,239.4,45.9,31.1,Wet,Demolition,163.6,27.33,74.5,164.9,40.2,74.5,21.93,1,1,LOW
103,96.2,394.4,46.0,6.6,Dry,Trenching,38.3,22.79,14.5,379.9,92.7,147.1,23.03,1,1,LOW
104,34.7,142.3,43.0,9.5,Muddy,Material Loading,36.9,21.49,13.2,129.1,31.5,56.3,35.06,1,1,LOW
105,33.7,138.2,62.9,21.7,Dry,Earth Excavation,51.4,23.95,20.5,117.7,28.7,49.0,43.21,1,1,LOW
106,53.3,218.5,68.4,18.3,Wet,Material Loading,238.6,22.93,91.2,127.3,31.0,81.0,42.14,1,1,LOW
107,35.6,146.0,54.1,24.2,Frozen,Compaction,83.9,21.36,29.9,116.1,28.3,58.1,16.87,1,1,LOW
108,9.6,39.4,66.7,33.5,Dry,Earth Excavation,33.3,24.56,13.6,25.8,6.3,13.6,7.34,0,1,HIGH
109,5.9,24.2,50.9,6.3,Dry,Earth Excavation,193.6,23.09,74.5,0.0,0.0,8.9,12.46,0,0,CRITICAL
110,61.1,250.5,89.3,5.2,Wet,Demolition,193.4,33.18,107.0,143.5,35.0,64.2,8.56,1,1,LOW
111,86.3,353.8,54.7,41.8,Muddy,Material Loading,189.0,25.24,79.5,274.3,66.9,119.1,49.24,1,1,LOW
112,82.3,337.4,58.5,37.0,Dry,Grading,80.6,22.0,29.6,307.8,75.1,130.4,20.99,1,1,LOW
113,12.4,50.8,41.7,18.9,Wet,Earth Excavation,66.3,23.92,26.4,24.4,6.0,18.1,36.4,0,0,CRITICAL
114,75.2,308.3,58.4,40.6,Dry,Grading,55.3,21.69,20.0,288.3,70.3,120.8,7.61,1,1,LOW
115,21.4,87.7,69.4,44.7,Wet,Earth Excavation,24.6,29.26,12.0,75.7,18.5,25.5,49.66,1,0,MEDIUM
116,17.1,70.1,92.0,40.2,Wet,Grading,194.1,27.76,89.8,0.0,0.0,21.5,14.02,0,1,HIGH
117,61.5,252.2,57.1,31.5,Frozen,Demolition,25.1,30.12,12.6,239.6,58.4,71.2,29.99,1,1,LOW
118,88.0,360.8,54.7,29.4,Dry,Grading,130.9,21.52,46.9,313.9,76.6,142.5,34.04,1,1,LOW
119,58.9,241.5,84.0,44.3,Dry,Material Loading,164.1,24.33,66.5,175.0,42.7,84.4,1.12,1,1,LOW
120,54.4,223.0,63.7,8.8,Frozen,Demolition,130.6,30.76,67.0,156.0,38.0,61.6,34.29,1,1,LOW
121,96.3,394.8,50.3,13.0,Frozen,Demolition,275.5,27.48,126.2,268.6,65.5,122.1,11.0,1,1,LOW
122,74.7,306.3,90.9,20.2,Wet,Grading,227.7,27.08,102.8,203.5,49.6,96.1,36.69,1,1,LOW
123,59.1,242.3,46.1,41.2,Muddy,Demolition,243.5,31.55,128.0,114.3,27.9,65.3,5.44,1,1,LOW
124,75.6,310.0,41.3,44.2,Frozen,Material Loading,221.4,22.21,82.0,228.0,55.6,118.6,44.43,1,1,LOW
125,35.3,144.7,75.3,28.2,Wet,Material Loading,188.5,23.52,73.9,70.8,17.3,52.3,46.8,1,1,LOW
126,23.7,97.2,61.9,20.8,Frozen,Earth Excavation,65.6,25.73,28.1,69.1,16.9,32.1,34.39,1,0,MEDIUM
127,95.7,392.4,54.1,9.0,Wet,Compaction,266.7,20.64,91.7,300.7,73.3,161.6,14.27,1,1,LOW
128,22.6,92.7,70.3,23.7,Wet,Trenching,32.6,28.44,15.5,77.2,18.8,27.7,24.33,1,1,MEDIUM
129,67.0,274.7,68.7,9.4,Dry,Trenching,102.5,25.78,44.0,230.7,56.3,90.6,38.36,1,1,LOW
130,90.7,371.9,97.1,44.3,Wet,Demolition,40.1,37.72,25.2,346.7,84.6,83.8,7.32,1,1,LOW
131,57.5,235.7,45.6,38.8,Muddy,Grading,171.9,24.17,69.2,166.5,40.6,82.9,8.68,1,1,LOW
132,20.2,82.8,89.4,28.4,Muddy,Compaction,102.9,26.45,45.4,37.4,9.1,26.6,18.88,0,1,HIGH
133,77.2,316.5,84.8,13.3,Muddy,Demolition,53.8,35.08,31.5,285.0,69.5,76.7,44.86,1,1,LOW
134,30.1,123.4,89.1,12.2,Muddy,Material Loading,146.0,28.17,68.5,54.9,13.4,37.2,12.64,1,1,LOW
135,85.9,352.2,90.7,18.6,Muddy,Grading,89.6,29.18,43.6,308.6,75.3,102.6,12.62,1,1,LOW
136,94.3,386.6,91.5,36.1,Wet,Grading,157.4,27.4,71.9,314.7,76.8,119.9,26.72,1,1,LOW
137,46.3,189.8,47.6,10.0,Dry,Demolition,155.0,25.26,65.3,124.5,30.4,63.9,47.68,1,1,LOW
138,57.7,236.6,52.0,15.1,Frozen,Earth Excavation,53.3,25.79,22.9,213.7,52.1,78.0,45.88,1,1,LOW
139,62.8,257.5,67.0,21.0,Muddy,Grading,72.4,26.43,31.9,225.6,55.0,82.8,49.44,1,1,LOW
140,75.5,309.6,67.2,11.1,Frozen,Demolition,115.6,31.85,61.4,248.2,60.5,82.6,2.98,1,1,LOW
141,80.5,330.1,76.1,35.0,Muddy,Compaction,79.3,24.19,32.0,298.1,72.7,116.0,46.23,1,1,LOW
142,65.7,269.4,40.1,44.7,Wet,Trenching,37.4,25.78,16.1,253.3,61.8,88.8,23.18,1,1,LOW
143,19.5,80.0,76.7,20.7,Dry,Demolition,109.4,29.69,54.1,25.9,6.3,22.9,36.45,0,0,CRITICAL
144,67.7,277.6,74.8,23.9,Muddy,Demolition,116.0,34.44,66.6,211.0,51.5,68.5,9.27,1,1,LOW
145,85.4,350.1,42.3,23.0,Wet,Demolition,229.9,26.17,100.3,249.8,60.9,113.7,49.59,1,1,LOW
146,67.7,277.6,57.5,42.9,Muddy,Material Loading,226.8,25.42,96.1,181.5,44.3,92.8,20.46,1,1,LOW
147,73.4,300.9,69.5,41.3,Wet,Material Loading,201.2,24.06,80.7,220.2,53.7,106.3,17.45,1,1,LOW
148,46.8,191.9,47.3,8.7,Wet,Compaction,203.5,19.68,66.7,125.2,30.5,82.9,33.31,1,1,LOW
149,36.0,147.6,51.5,36.1,Frozen,Demolition,89.1,29.0,43.1,104.5,25.5,43.3,33.56,1,1,LOW
150,31.1,127.5,48.0,16.3,Wet,Compaction,274.9,19.87,91.0,36.5,8.9,54.5,10.52,0,1,HIGH
151,71.6,293.6,95.3,29.4,Muddy,Trenching,195.1,35.03,113.9,179.7,43.8,71.2,16.36,1,1,LOW
152,43.0,176.3,79.8,5.9,Muddy,Material Loading,265.0,26.24,115.9,60.4,14.7,57.1,30.71,1,1,LOW
153,93.9,385.0,89.5,17.9,Frozen,Grading,157.2,27.32,71.6,313.4,76.4,119.8,31.79,1,1,LOW
154,28.2,115.6,92.9,42.0,Wet,Demolition,293.9,35.7,174.9,0.0,0.0,27.5,37.38,0,0,CRITICAL
155,77.4,317.3,67.9,23.3,Muddy,Trenching,200.5,30.37,101.5,215.8,52.6,88.8,14.82,1,1,LOW
156,60.7,248.9,63.8,13.8,Muddy,Compaction,261.0,23.21,101.0,147.9,36.1,91.2,8.8,1,1,LOW
157,36.9,151.3,86.3,38.6,Dry,Earth Excavation,236.8,27.47,108.4,42.9,10.5,46.8,6.23,1,1,LOW
158,99.9,409.6,51.2,11.2,Dry,Material Loading,193.5,20.18,65.1,344.5,84.0,172.5,46.68,1,1,LOW
159,11.6,47.6,48.0,36.6,Dry,Trenching,267.8,22.74,101.5,0.0,0.0,17.8,33.34,0,0,CRITICAL
160,84.1,344.8,50.2,21.9,Muddy,Grading,160.2,24.13,64.4,280.4,68.4,121.5,34.47,1,1,LOW
161,99.2,406.7,98.0,25.7,Dry,Earth Excavation,223.8,28.87,107.7,299.0,72.9,119.7,48.84,1,1,LOW
162,48.8,200.1,64.6,7.1,Wet,Compaction,118.9,20.68,41.0,159.1,38.8,82.2,39.48,1,1,LOW
163,83.0,340.3,64.2,17.9,Dry,Compaction,244.4,19.61,79.9,260.4,63.5,147.5,24.82,1,1,LOW
164,18.7,76.7,91.0,8.8,Wet,Earth Excavation,169.5,29.81,84.2,0.0,0.0,21.9,3.84,0,1,HIGH
165,5.0,20.5,65.3,36.0,Dry,Earth Excavation,202.6,24.4,82.4,0.0,0.0,7.1,41.24,0,0,CRITICAL
166,19.0,77.9,89.9,37.9,Muddy,Grading,249.4,29.83,124.0,0.0,0.0,22.2,5.09,0,1,HIGH
167,75.1,307.9,54.9,35.1,Dry,Grading,230.1,19.75,75.7,232.2,56.6,132.5,23.5,1,1,LOW
168,25.8,105.8,52.1,35.1,Frozen,Earth Excavation,44.1,25.89,19.0,86.8,21.2,34.7,9.23,1,1,LOW
169,83.2,341.1,63.1,44.6,Frozen,Earth Excavation,203.0,28.98,98.0,243.1,59.3,100.0,22.71,1,1,LOW
170,88.1,361.2,96.6,39.9,Wet,Trenching,81.8,32.81,44.7,316.5,77.2,93.6,32.98,1,1,LOW
171,74.8,306.7,72.9,27.0,Wet,Compaction,218.9,22.07,80.5,226.2,55.2,118.1,1.82,1,1,LOW
172,62.1,254.6,68.2,15.4,Wet,Material Loading,232.2,22.57,87.3,167.3,40.8,95.9,41.42,1,1,LOW
173,41.6,170.6,55.7,25.9,Dry,Trenching,177.9,24.45,72.5,98.1,23.9,59.3,33.99,1,1,LOW
174,5.1,20.9,52.3,40.8,Frozen,Grading,68.1,24.91,28.3,0.0,0.0,7.1,44.57,0,0,CRITICAL
175,50.2,205.8,94.3,7.4,Wet,Trenching,184.0,30.92,94.8,111.0,27.1,56.6,10.18,1,1,LOW
176,25.3,103.7,45.8,13.3,Dry,Material Loading,69.3,18.56,21.4,82.3,20.1,47.5,7.17,1,1,LOW
177,35.4,145.1,60.9,7.2,Muddy,Material Loading,94.1,23.92,37.5,107.6,26.2,51.6,30.72,1,1,LOW
178,89.4,366.5,93.9,9.0,Frozen,Earth Excavation,52.3,30.48,26.6,339.9,82.9,102.2,31.17,1,1,LOW
179,86.0,352.6,83.7,37.8,Muddy,Grading,299.1,29.33,146.2,206.4,50.3,102.2,2.69,1,1,LOW
180,35.8,146.8,95.0,28.1,Frozen,Compaction,67.7,24.96,28.2,118.6,28.9,50.0,48.94,1,1,LOW
181,51.9,212.8,96.3,20.2,Frozen,Material Loading,183.7,27.41,83.9,128.9,31.4,66.0,6.84,1,1,LOW
182,23.4,95.9,46.0,39.6,Dry,Grading,120.4,21.16,42.5,53.4,13.0,38.5,20.73,1,1,MEDIUM
183,65.1,266.9,93.8,42.3,Muddy,Material Loading,112.2,30.67,57.4,209.5,51.1,74.0,22.83,1,1,LOW
184,48.9,200.5,78.2,27.2,Wet,Trenching,116.8,30.03,58.5,142.0,34.6,56.8,19.24,1,1,LOW
185,20.8,85.3,81.9,20.6,Frozen,Trenching,177.5,30.71,90.9,0.0,0.0,23.6,37.9,0,0,CRITICAL
186,83.5,342.3,93.8,28.9,Dry,Compaction,34.7,22.5,13.0,329.3,80.3,129.3,47.3,1,1,LOW
187,92.8,380.5,73.6,5.2,Muddy,Earth Excavation,210.5,29.71,104.2,276.3,67.4,108.9,28.35,1,1,LOW
188,75.6,310.0,89.4,24.9,Dry,Material Loading,21.5,22.82,8.2,301.8,73.6,115.5,39.44,1,1,LOW
189,88.5,362.9,61.6,27.6,Dry,Trenching,65.0,23.82,25.8,337.1,82.2,129.5,38.86,1,1,LOW
190,56.0,229.6,96.0,43.5,Frozen,Demolition,72.5,38.09,46.0,183.6,44.8,51.2,29.92,1,1,LOW
191,40.6,166.5,45.9,37.4,Muddy,Material Loading,178.0,22.23,65.9,100.6,24.5,63.7,49.12,1,1,LOW
192,45.4,186.1,61.5,21.7,Dry,Earth Excavation,242.5,23.99,97.0,89.1,21.7,65.9,41.97,1,1,LOW
193,33.9,139.0,90.7,6.0,Frozen,Grading,149.8,27.47,68.6,70.4,17.2,43.0,34.66,1,1,LOW
194,68.5,280.9,61.9,29.7,Dry,Earth Excavation,149.3,23.04,57.3,223.6,54.5,103.6,26.35,1,1,LOW
195,18.3,75.0,50.9,18.8,Dry,Earth Excavation,285.2,22.7,107.9,0.0,0.0,28.1,20.55,0,1,HIGH
196,97.6,400.2,44.7,31.1,Frozen,Demolition,197.6,27.88,91.8,308.4,75.2,122.0,21.74,1,1,LOW
197,8.4,34.4,71.0,44.7,Wet,Demolition,31.3,33.45,17.4,17.0,4.1,8.7,35.44,0,0,CRITICAL
198,90.8,372.3,42.6,42.4,Frozen,Demolition,52.9,29.92,26.4,345.9,84.4,105.8,3.46,1,1,LOW
199,19.8,81.2,71.0,41.6,Frozen,Grading,131.2,27.2,59.5,21.7,5.3,25.4,22.53,0,1,HIGH
200,97.0,397.7,58.0,12.6,Muddy,Trenching,290.0,29.44,142.3,255.4,62.3,114.8,5.17,1,1,LOW
201,72.2,296.0,88.1,44.0,Muddy,Demolition,284.1,39.05,184.9,111.1,27.1,64.4,6.78,1,1,LOW
202,56.8,232.9,71.5,41.0,Dry,Demolition,217.4,29.63,107.4,125.5,30.6,66.8,24.41,1,1,LOW
203,41.7,171.0,61.0,20.7,Dry,Earth Excavation,41.7,23.27,16.2,154.8,37.8,62.5,39.1,1,1,LOW
204,93.4,382.9,75.5,6.4,Wet,Earth Excavation,77.6,27.84,36.0,346.9,84.6,116.9,48.8,1,1,LOW
205,54.0,221.4,94.3,44.1,Dry,Trenching,33.8,30.93,17.4,204.0,49.8,60.8,8.1,1,1,LOW
206,23.5,96.3,73.0,41.5,Wet,Grading,195.3,25.81,84.0,12.3,3.0,31.7,10.49,0,1,HIGH
207,63.7,261.2,90.1,43.0,Dry,Material Loading,45.4,25.57,19.3,241.9,59.0,86.8,11.68,1,1,LOW
208,94.8,388.7,61.9,35.8,Dry,Grading,71.2,21.9,26.0,362.7,88.5,150.9,16.38,1,1,LOW
209,68.9,282.5,65.2,14.1,Frozen,Compaction,67.3,21.75,24.4,258.1,63.0,110.4,46.87,1,1,LOW
210,15.2,62.3,68.9,25.8,Dry,Grading,142.3,21.82,51.7,10.6,2.6,24.3,49.74,0,0,CRITICAL
211,50.4,206.6,64.5,7.7,Muddy,Grading,83.8,26.06,36.4,170.2,41.5,67.4,32.06,1,1,LOW
212,98.2,402.6,67.2,40.9,Wet,Material Loading,36.9,23.86,14.7,387.9,94.6,143.4,41.2,1,1,LOW
213,79.3,325.1,64.8,30.5,Dry,Demolition,196.7,27.67,90.7,234.4,57.2,99.9,17.71,1,1,LOW
214,68.8,282.1,95.7,19.8,Muddy,Material Loading,247.4,27.86,114.9,167.2,40.8,86.1,25.54,1,1,LOW
215,48.7,199.7,52.5,34.8,Wet,Earth Excavation,75.6,23.38,29.5,170.2,41.5,72.6,31.53,1,1,LOW
216,90.0,369.0,55.8,9.4,Dry,Demolition,63.2,26.47,27.9,341.1,83.2,118.5,10.28,1,1,LOW
217,55.3,226.7,91.2,35.4,Dry,Compaction,69.1,21.82,25.1,201.6,49.2,88.3,18.21,1,1,LOW
218,19.0,77.9,55.9,17.3,Wet,Earth Excavation,174.1,24.78,71.9,6.0,1.5,26.7,35.4,0,0,CRITICAL
219,50.7,207.9,85.4,34.9,Dry,Compaction,145.5,21.54,52.2,155.7,38.0,82.0,41.12,1,1,LOW
220,39.3,161.1,50.2,23.7,Wet,Material Loading,87.5,21.9,31.9,129.2,31.5,62.5,37.71,1,1,LOW
221,30.9,126.7,47.6,22.6,Muddy,Trenching,123.4,27.36,56.3,70.4,17.2,39.4,12.18,1,1,LOW
222,93.4,382.9,68.9,30.7,Dry,Demolition,299.7,27.94,139.6,243.3,59.3,116.5,30.87,1,1,LOW
223,91.3,374.3,85.9,23.4,Frozen,Earth Excavation,24.4,30.29,12.3,362.0,88.3,105.0,24.12,1,1,LOW
224,43.7,179.2,73.0,27.1,Muddy,Demolition,50.4,34.16,28.7,150.5,36.7,44.6,11.65,1,1,LOW
225,85.5,350.6,97.7,39.9,Dry,Demolition,108.0,33.26,59.9,290.7,70.9,89.6,20.38,1,1,LOW
226,62.6,256.7,94.5,18.8,Frozen,Grading,103.0,27.54,47.3,209.4,51.1,79.2,8.91,1,1,LOW
227,10.5,43.0,95.1,21.1,Dry,Demolition,210.8,32.08,112.7,0.0,0.0,11.4,10.0,0,1,HIGH
228,82.1,336.6,55.4,41.5,Frozen,Earth Excavation,209.8,26.68,93.3,243.3,59.3,107.2,40.82,1,1,LOW
229,31.2,127.9,95.9,15.6,Dry,Material Loading,141.1,24.06,56.6,71.3,17.4,45.2,13.03,1,1,LOW
230,78.3,321.0,61.9,38.4,Frozen,Trenching,21.2,27.56,9.7,311.3,75.9,99.0,28.77,1,1,LOW
231,8.7,35.7,52.1,25.8,Muddy,Compaction,44.9,21.05,15.8,19.9,4.9,14.4,20.06,0,0,CRITICAL
232,40.3,165.2,51.0,12.8,Muddy,Material Loading,154.2,22.85,58.7,106.5,26.0,61.5,43.16,1,1,LOW
233,70.6,289.5,97.0,21.5,Muddy,Material Loading,278.5,28.13,130.6,158.9,38.8,87.5,12.67,1,1,LOW
234,76.7,314.5,45.7,23.7,Dry,Trenching,71.9,23.11,27.7,286.8,70.0,115.7,23.46,1,1,LOW
235,80.6,330.5,92.6,37.1,Muddy,Trenching,96.8,34.64,55.9,274.6,67.0,81.1,13.11,1,1,LOW
236,94.7,388.3,63.3,14.0,Wet,Demolition,131.8,29.75,65.4,322.9,78.8,110.9,2.24,1,1,LOW
237,65.7,269.4,85.4,13.4,Wet,Demolition,258.3,33.57,144.5,124.9,30.5,68.2,42.49,1,1,LOW
238,9.8,40.2,90.3,17.2,Dry,Grading,232.8,24.96,96.8,0.0,0.0,13.7,6.85,0,1,HIGH
239,94.2,386.2,82.2,22.6,Dry,Demolition,167.7,30.16,84.3,301.9,73.6,108.8,37.37,1,1,LOW
240,76.2,312.4,56.7,9.7,Frozen,Trenching,160.8,27.75,74.4,238.0,58.0,95.7,25.51,1,1,LOW
241,42.5,174.2,85.6,41.5,Frozen,Trenching,226.2,32.81,123.7,50.5,12.3,45.1,34.06,1,1,LOW
242,22.9,93.9,86.1,43.4,Dry,Compaction,277.0,22.84,105.4,0.0,0.0,34.9,49.22,0,0,CRITICAL
243,65.6,269.0,67.5,44.5,Dry,Earth Excavation,135.5,26.53,59.9,209.1,51.0,86.2,43.84,1,1,LOW
244,79.8,327.2,62.2,44.2,Wet,Demolition,104.4,30.65,53.3,273.9,66.8,90.7,38.62,1,1,LOW
245,62.6,256.7,78.2,38.2,Frozen,Earth Excavation,81.6,29.4,40.0,216.7,52.9,74.2,35.74,1,1,LOW
246,52.1,213.6,43.2,18.9,Frozen,Demolition,28.6,27.87,13.3,200.3,48.9,65.1,20.12,1,1,LOW
247,9.8,40.2,83.5,15.3,Muddy,Demolition,228.9,34.88,133.1,0.0,0.0,9.8,44.34,0,0,CRITICAL
248,55.5,227.6,85.2,14.8,Frozen,Trenching,27.6,31.0,14.3,213.3,52.0,62.4,47.95,1,1,LOW
249,65.4,268.1,83.2,26.3,Dry,Material Loading,145.9,23.35,56.8,211.3,51.5,97.6,32.2,1,1,LOW
250,89.4,366.5,87.1,19.0,Frozen,Grading,59.5,27.47,27.2,339.3,82.8,113.4,48.63,1,1,LOW
251,92.6,379.7,59.3,11.8,Wet,Trenching,45.2,26.23,19.8,359.9,87.8,123.0,6.45,1,1,LOW
252,99.0,405.9,44.3,10.3,Muddy,Compaction,182.5,20.96,63.8,342.1,83.4,164.6,38.83,1,1,LOW
253,88.8,364.1,77.0,25.9,Frozen,Compaction,145.3,22.85,55.3,308.8,75.3,135.4,17.63,1,1,LOW
254,21.1,86.5,86.2,15.4,Wet,Earth Excavation,89.0,28.29,42.0,44.5,10.9,26.0,42.18,1,0,MEDIUM
255,70.2,287.8,89.7,8.1,Frozen,Compaction,106.1,24.57,43.4,244.4,59.6,99.6,11.22,1,1,LOW
256,91.4,374.7,57.1,27.8,Dry,Trenching,175.2,25.44,74.3,300.4,73.3,125.2,31.28,1,1,LOW
257,64.2,263.2,47.8,32.7,Muddy,Compaction,211.1,20.83,73.3,189.9,46.3,107.4,4.17,1,1,LOW
258,43.9,180.0,45.0,13.9,Wet,Material Loading,228.0,20.15,76.6,103.4,25.2,75.9,12.23,1,1,LOW
259,56.9,233.3,84.1,23.9,Muddy,Material Loading,193.5,26.38,85.1,148.2,36.1,75.2,46.43,1,1,LOW
260,55.2,226.3,74.9,34.5,Dry,Earth Excavation,164.4,24.93,68.3,158.0,38.5,77.2,24.34,1,1,LOW
261,51.9,212.8,67.2,43.5,Muddy,Material Loading,70.6,25.82,30.4,182.4,44.5,70.1,11.24,1,1,LOW
262,5.1,20.9,65.1,35.8,Muddy,Compaction,29.0,23.47,11.3,9.6,2.3,7.6,28.71,0,0,CRITICAL
263,94.4,387.0,49.7,30.1,Dry,Trenching,199.6,23.41,77.9,309.1,75.4,140.5,20.91,1,1,LOW
264,26.9,110.3,92.5,25.0,Dry,Compaction,257.9,21.57,92.7,17.6,4.3,43.5,49.94,0,0,CRITICAL
265,32.3,132.4,54.5,15.5,Muddy,Grading,298.2,24.84,123.5,8.9,2.2,45.3,49.52,0,0,CRITICAL
266,65.7,269.4,89.9,42.3,Wet,Trenching,168.0,32.91,92.1,177.3,43.2,69.6,41.73,1,1,LOW
267,46.8,191.9,97.2,44.4,Frozen,Demolition,243.6,37.96,154.1,37.8,9.2,43.0,13.82,0,1,HIGH
268,57.0,233.7,72.5,25.2,Muddy,Grading,134.3,26.51,59.3,174.4,42.5,74.9,37.58,1,1,LOW
269,36.4,149.2,47.4,12.5,Muddy,Demolition,145.0,29.61,71.6,77.6,18.9,42.8,11.78,1,1,LOW
270,57.6,236.2,41.2,17.7,Dry,Trenching,203.6,22.62,76.8,159.4,38.9,88.8,14.11,1,1,LOW
271,10.2,41.8,73.7,5.9,Dry,Demolition,63.5,29.05,30.7,11.1,2.7,12.2,30.53,0,0,CRITICAL
272,47.1,193.1,44.2,37.1,Muddy,Demolition,23.1,29.89,11.5,181.6,44.3,54.9,9.34,1,1,LOW
273,57.2,234.5,48.7,13.1,Frozen,Grading,222.9,22.1,82.1,152.4,37.2,90.2,30.17,1,1,LOW
274,51.9,212.8,57.4,24.1,Frozen,Material Loading,82.8,23.24,32.1,180.7,44.1,77.8,2.78,1,1,LOW
275,72.6,297.7,41.1,22.6,Muddy,Grading,190.9,22.07,70.2,227.5,55.5,114.7,38.94,1,1,LOW
276,72.6,297.7,46.0,24.0,Muddy,Grading,88.8,23.2,34.3,263.4,64.2,109.1,2.61,1,1,LOW
277,48.2,197.6,64.0,12.1,Dry,Compaction,279.2,20.02,93.2,104.4,25.5,83.9,10.47,1,1,LOW
278,6.7,27.5,93.6,43.1,Muddy,Earth Excavation,233.6,35.03,136.4,0.0,0.0,6.7,48.52,0,0,CRITICAL
279,97.2,398.5,71.9,8.1,Dry,Demolition,191.9,28.17,90.1,308.4,75.2,120.2,30.93,1,1,LOW
280,59.3,243.1,48.9,34.6,Muddy,Earth Excavation,224.3,26.82,100.3,142.8,34.8,77.0,42.52,1,1,LOW
281,53.4,218.9,58.1,43.8,Dry,Compaction,123.3,19.61,40.3,178.6,43.6,94.9,9.15,1,1,LOW
282,49.1,201.3,94.7,34.4,Dry,Trenching,260.7,28.53,124.0,77.3,18.9,60.0,19.22,1,1,LOW
283,28.0,114.8,75.9,42.1,Dry,Trenching,214.0,28.04,100.0,14.8,3.6,34.8,49.37,0,0,CRITICAL
284,13.4,54.9,79.1,18.6,Wet,Earth Excavation,153.1,28.14,71.8,0.0,0.0,16.6,37.81,0,0,CRITICAL
285,36.8,150.9,89.1,25.8,Wet,Demolition,145.0,33.19,80.2,70.7,17.2,38.6,47.67,1,0,LOW
286,16.0,65.6,91.3,24.6,Wet,Earth Excavation,62.8,29.86,31.3,34.3,8.4,18.7,34.53,0,0,CRITICAL
287,32.2,132.0,48.1,22.6,Muddy,Material Loading,166.1,22.63,62.6,69.4,16.9,49.6,14.34,1,1,LOW
288,63.4,259.9,61.7,31.1,Frozen,Earth Excavation,23.9,26.92,10.7,249.2,60.8,82.1,12.79,1,1,LOW
289,42.4,173.8,87.0,20.1,Frozen,Grading,186.2,27.49,85.3,88.5,21.6,53.7,1.58,1,1,LOW
290,37.8,155.0,64.4,9.0,Dry,Compaction,283.9,20.24,95.8,59.2,14.4,65.1,1.6,1,1,LOW
291,77.6,318.2,56.5,36.5,Muddy,Grading,280.2,24.94,116.5,201.7,49.2,108.4,49.06,1,1,LOW
292,47.3,193.9,71.7,10.9,Frozen,Material Loading,296.5,23.66,116.9,77.0,18.8,69.7,1.3,1,1,LOW
293,85.1,348.9,58.8,24.2,Dry,Demolition,153.0,26.74,68.2,280.7,68.5,110.9,6.98,1,1,LOW
294,52.9,216.9,45.3,21.9,Dry,Demolition,160.7,24.85,66.6,150.3,36.7,74.2,48.57,1,1,LOW
295,52.9,216.9,89.9,22.9,Dry,Trenching,259.5,28.26,122.2,94.7,23.1,65.2,19.8,1,1,LOW
296,97.8,401.0,50.8,17.1,Dry,Earth Excavation,129.7,22.25,48.1,352.9,86.1,153.2,10.41,1,1,LOW
297,22.2,91.0,79.1,15.5,Muddy,Material Loading,117.7,26.05,51.1,39.9,9.7,29.7,35.98,0,0,CRITICAL
298,39.3,161.1,89.5,27.9,Wet,Trenching,272.0,31.1,141.0,20.1,4.9,44.0,17.46,0,1,HIGH
299,52.0,213.2,47.2,14.5,Muddy,Compaction,56.6,21.04,19.8,193.4,47.2,86.1,40.44,1,1,LOW
300,62.6,256.7,81.2,33.5,Muddy,Demolition,115.6,35.31,68.0,188.7,46.0,61.8,8.56,1,1,LOW
301,55.7,228.4,50.3,29.5,Wet,Earth Excavation,279.7,24.04,112.1,116.3,28.4,80.8,13.6,1,1,LOW
302,15.3,62.7,53.9,16.0,Frozen,Earth Excavation,98.2,25.59,41.9,20.8,5.1,20.8,10.05,0,1,HIGH
303,41.6,170.6,59.7,18.1,Wet,Earth Excavation,27.1,25.53,11.5,159.1,38.8,56.8,10.5,1,1,LOW
304,99.1,406.3,93.9,25.2,Frozen,Grading,108.1,28.35,51.1,355.2,86.6,121.8,38.81,1,1,LOW
305,85.2,349.3,91.9,22.4,Dry,Compaction,245.8,22.1,90.5,258.8,63.1,134.3,15.77,1,1,LOW
306,14.0,57.4,97.7,35.8,Dry,Earth Excavation,203.7,28.25,95.9,0.0,0.0,17.3,2.19,0,1,HIGH
307,80.9,331.7,74.9,39.3,Wet,Earth Excavation,97.3,28.65,46.5,285.2,69.6,98.4,21.0,1,1,LOW
308,47.6,195.2,55.4,20.7,Frozen,Material Loading,266.2,22.4,99.4,95.8,23.4,74.1,13.88,1,1,LOW
309,45.5,186.6,59.0,25.1,Dry,Material Loading,92.1,20.38,31.3,155.3,37.9,77.8,25.38,1,1,LOW
310,38.4,157.4,72.8,21.5,Wet,Compaction,91.9,22.05,33.8,123.6,30.1,60.7,48.5,1,1,LOW
311,96.9,397.3,88.6,10.7,Frozen,Grading,67.6,28.22,31.8,365.5,89.1,119.7,41.0,1,1,LOW
312,30.0,123.0,93.9,9.6,Wet,Grading,221.9,26.77,99.0,24.0,5.9,39.1,3.41,0,1,HIGH
313,82.5,338.2,43.9,25.5,Wet,Trenching,205.6,23.9,81.9,256.3,62.5,120.3,6.37,1,1,LOW
314,90.0,369.0,50.8,17.9,Dry,Grading,221.1,20.18,74.4,294.6,71.9,155.4,22.41,1,1,LOW
315,14.9,61.1,98.0,23.2,Wet,Demolition,155.1,35.29,91.2,0.0,0.0,14.7,46.16,0,0,CRITICAL
316,15.8,64.8,93.9,42.9,Wet,Trenching,119.4,33.16,66.0,0.0,0.0,16.6,22.9,0,0,CRITICAL
317,23.1,94.7,92.1,15.1,Wet,Compaction,38.8,24.14,15.6,79.1,19.3,33.3,2.42,1,1,MEDIUM
318,37.2,152.5,78.0,8.8,Frozen,Demolition,229.6,32.78,125.4,27.1,6.6,39.5,43.88,0,0,CRITICAL
319,35.4,145.1,61.4,26.5,Wet,Trenching,37.0,26.86,16.6,128.5,31.3,45.9,18.76,1,1,LOW
320,41.7,171.0,51.4,15.5,Wet,Grading,128.7,21.88,46.9,124.1,30.3,66.4,17.6,1,1,LOW
321,78.3,321.0,62.0,28.5,Wet,Demolition,166.2,29.49,81.7,239.3,58.4,92.5,45.53,1,1,LOW
322,10.6,43.5,64.9,32.9,Muddy,Demolition,148.3,32.02,79.1,0.0,0.0,11.5,5.09,0,1,HIGH
323,17.0,69.7,83.6,25.3,Dry,Compaction,263.4,21.29,93.5,0.0,0.0,27.8,31.63,0,0,CRITICAL
324,76.7,314.5,88.9,39.8,Dry,Earth Excavation,175.7,29.27,85.7,228.8,55.8,91.3,11.21,1,1,LOW
325,66.6,273.1,64.4,12.5,Frozen,Material Loading,217.1,22.83,82.6,190.5,46.5,101.7,10.62,1,1,LOW
326,89.4,366.5,84.3,13.0,Wet,Trenching,292.2,29.31,142.7,223.8,54.6,106.3,35.56,1,1,LOW
327,34.2,140.2,57.3,6.6,Dry,Compaction,32.1,19.63,10.5,129.7,31.6,60.7,0.74,1,1,LOW
328,95.1,389.9,83.9,23.9,Dry,Material Loading,142.1,23.07,54.6,335.3,81.8,143.7,16.57,1,1,LOW
329,46.0,188.6,74.7,40.9,Muddy,Demolition,42.0,35.57,24.9,163.7,39.9,45.1,19.54,1,1,LOW
330,38.5,157.8,56.7,12.0,Dry,Compaction,159.0,19.19,50.9,106.9,26.1,69.9,46.0,1,1,LOW
331,11.4,46.7,63.4,8.2,Wet,Trenching,296.1,28.07,138.5,0.0,0.0,14.1,10.84,0,1,HIGH
332,59.5,243.9,68.9,28.2,Dry,Material Loading,251.5,21.55,90.3,153.6,37.5,96.2,7.36,1,1,LOW
333,70.5,289.1,90.4,19.8,Muddy,Grading,39.4,29.88,19.6,269.5,65.7,82.2,8.93,1,1,LOW
334,74.1,303.8,56.7,33.9,Dry,Earth Excavation,261.5,22.95,100.0,203.8,49.7,112.5,41.86,1,1,LOW
335,7.3,29.9,43.3,39.1,Muddy,Trenching,173.5,27.23,78.7,0.0,0.0,9.3,21.6,0,0,CRITICAL
336,51.4,210.7,69.0,44.6,Wet,Earth Excavation,252.6,29.41,123.8,86.9,21.2,60.9,3.06,1,1,LOW
337,89.2,365.7,78.6,32.4,Frozen,Trenching,137.2,30.16,69.0,296.7,72.4,103.1,18.65,1,1,LOW
338,48.9,200.5,59.0,17.2,Frozen,Trenching,122.2,26.39,53.7,146.8,35.8,64.6,7.92,1,1,LOW
339,62.2,255.0,47.8,32.8,Frozen,Demolition,86.5,28.13,40.6,214.4,52.3,77.1,7.95,1,1,LOW
340,9.5,39.0,84.2,44.5,Wet,Earth Excavation,229.5,31.61,120.9,0.0,0.0,10.5,4.06,0,1,HIGH
341,76.8,314.9,60.8,5.4,Wet,Grading,297.5,22.93,113.7,201.2,49.1,116.7,13.25,1,1,LOW
342,16.8,68.9,72.2,28.9,Dry,Compaction,230.9,19.94,76.7,0.0,0.0,29.4,44.68,0,0,CRITICAL
343,28.5,116.8,72.2,16.9,Frozen,Trenching,280.9,28.89,135.3,0.0,0.0,34.4,34.25,0,1,HIGH
344,44.6,182.9,71.2,24.5,Wet,Earth Excavation,86.3,26.53,38.2,144.7,35.3,58.6,26.62,1,1,LOW
345,93.5,383.4,47.2,12.9,Frozen,Compaction,47.1,18.98,14.9,368.5,89.9,171.7,45.06,1,1,LOW
346,11.5,47.1,80.1,30.3,Wet,Compaction,251.9,22.26,93.5,0.0,0.0,18.0,36.06,0,0,CRITICAL
347,35.6,146.0,80.4,43.3,Dry,Grading,206.0,25.28,86.8,59.2,14.4,49.1,22.14,1,1,LOW
348,99.8,409.2,49.3,13.1,Muddy,Grading,154.8,23.7,61.1,348.1,84.9,146.8,28.79,1,1,LOW
349,43.4,177.9,73.8,28.4,Wet,Grading,221.7,24.48,90.5,87.4,21.3,61.8,32.26,1,1,LOW
350,64.4,264.0,71.2,29.2,Frozen,Earth Excavation,96.5,26.78,43.1,220.9,53.9,83.8,26.61,1,1,LOW
351,69.5,284.9,45.2,28.7,Dry,Trenching,225.5,23.47,88.2,196.7,48.0,103.2,41.46,1,1,LOW
352,61.2,250.9,59.6,22.9,Frozen,Demolition,222.5,30.76,114.1,136.8,33.4,69.3,26.23,1,1,LOW
353,9.8,40.2,48.3,12.7,Dry,Material Loading,284.4,20.06,95.1,0.0,0.0,17.0,25.51,0,0,CRITICAL
354,15.0,61.5,59.6,37.6,Frozen,Material Loading,236.3,22.77,89.7,0.0,0.0,23.0,40.23,0,0,CRITICAL
355,43.2,177.1,43.0,41.9,Frozen,Demolition,166.2,29.28,81.1,96.0,23.4,51.4,27.84,1,1,LOW
356,82.8,339.5,68.9,6.4,Muddy,Compaction,286.1,23.57,112.4,227.1,55.4,122.4,41.54,1,1,LOW
357,10.1,41.4,94.5,42.5,Dry,Grading,199.8,26.5,88.2,0.0,0.0,13.3,23.4,0,0,CRITICAL
358,16.3,66.8,45.6,14.3,Wet,Demolition,60.8,26.46,26.8,40.0,9.8,21.5,11.72,0,1,HIGH
359,25.4,104.1,49.5,27.5,Frozen,Material Loading,195.3,21.38,69.6,34.5,8.4,41.4,45.65,0,0,CRITICAL
360,91.8,376.4,92.3,38.2,Wet,Grading,193.6,28.12,90.7,285.7,69.7,113.8,32.14,1,1,LOW
361,6.6,27.1,95.6,28.4,Dry,Compaction,125.6,22.81,47.7,0.0,0.0,10.1,1.11,0,1,HIGH
362,53.2,218.1,65.3,18.6,Frozen,Trenching,167.7,28.81,80.5,137.6,33.6,64.3,19.08,1,1,LOW
363,21.4,87.7,58.5,16.8,Muddy,Grading,159.8,24.03,64.0,23.7,5.8,31.0,32.37,0,0,CRITICAL
364,32.1,131.6,80.2,6.0,Dry,Trenching,149.8,27.87,69.6,62.0,15.1,40.1,2.03,1,1,LOW
365,69.4,284.5,83.3,25.7,Muddy,Grading,130.9,29.23,63.8,220.7,53.8,82.7,2.54,1,1,LOW
366,67.2,275.5,97.7,5.6,Muddy,Grading,230.3,30.54,117.2,158.3,38.6,76.7,41.43,1,1,LOW
367,63.9,262.0,80.4,39.4,Frozen,Earth Excavation,279.3,29.36,136.7,125.3,30.6,75.9,1.79,1,1,LOW
368,12.3,50.4,51.3,5.2,Muddy,Material Loading,113.6,23.55,44.6,5.8,1.4,18.2,8.72,0,1,HIGH
369,43.2,177.1,84.5,40.7,Frozen,Grading,54.8,27.88,25.5,151.6,37.0,54.0,15.12,1,1,LOW
370,13.4,54.9,63.6,42.7,Muddy,Demolition,135.1,34.62,78.0,0.0,0.0,13.5,33.54,0,0,CRITICAL
371,76.6,314.1,41.8,10.8,Wet,Grading,85.1,20.16,28.6,285.5,69.6,132.4,33.47,1,1,LOW
372,89.2,365.7,87.5,24.7,Wet,Compaction,95.9,24.25,38.8,326.9,79.7,128.2,24.97,1,1,LOW
373,86.8,355.9,87.7,41.1,Wet,Demolition,288.7,35.3,169.9,186.0,45.4,85.7,11.8,1,1,LOW
374,59.3,243.1,64.5,27.4,Wet,Material Loading,100.8,22.85,38.4,204.7,49.9,90.4,12.45,1,1,LOW
375,52.2,214.0,91.5,30.2,Muddy,Grading,140.0,30.08,70.2,143.8,35.1,60.5,23.49,1,1,LOW
376,83.2,341.1,51.5,33.7,Frozen,Compaction,181.0,21.18,63.9,277.2,67.6,136.9,43.21,1,1,LOW
377,88.8,364.1,82.3,36.9,Dry,Grading,257.0,24.53,105.1,259.0,63.2,126.2,49.66,1,1,LOW
378,82.3,337.4,83.2,23.1,Frozen,Demolition,130.4,34.17,74.3,263.1,64.2,83.9,28.49,1,1,LOW
379,26.4,108.2,88.8,20.9,Frozen,Material Loading,88.9,25.74,38.1,70.1,17.1,35.7,24.83,1,1,LOW
380,90.0,369.0,44.1,28.0,Wet,Material Loading,192.0,20.01,64.0,305.0,74.4,156.7,22.64,1,1,LOW
381,49.8,204.2,73.8,25.0,Dry,Material Loading,249.0,21.5,89.2,115.0,28.0,80.7,37.41,1,1,LOW
382,81.1,332.5,89.5,11.1,Dry,Grading,99.9,25.47,42.4,290.1,70.8,111.0,37.09,1,1,LOW
383,68.8,282.1,54.8,25.4,Dry,Demolition,126.8,26.67,56.4,225.7,55.0,89.9,43.85,1,1,LOW
384,88.1,361.2,49.6,37.8,Muddy,Earth Excavation,130.1,26.65,57.8,303.4,74.0,115.2,43.6,1,1,LOW
385,55.6,228.0,62.5,37.5,Muddy,Compaction,151.2,24.37,61.4,166.6,40.6,79.5,44.68,1,1,LOW
386,21.2,86.9,77.3,43.9,Dry,Trenching,89.9,29.45,44.1,42.8,10.4,25.1,7.41,1,1,MEDIUM
387,26.5,108.7,69.2,44.6,Wet,Earth Excavation,175.8,28.98,84.9,23.8,5.8,31.9,25.86,0,1,HIGH
388,38.8,159.1,63.8,11.7,Wet,Compaction,239.7,21.07,84.2,74.9,18.3,64.2,7.26,1,1,LOW
389,89.8,368.2,40.2,17.0,Dry,Grading,113.5,19.5,36.9,331.3,80.8,160.5,13.97,1,1,LOW
390,22.2,91.0,70.7,33.3,Dry,Grading,46.1,23.26,17.9,73.1,17.8,33.3,42.3,1,0,MEDIUM
391,77.7,318.6,60.9,36.3,Dry,Trenching,72.3,24.93,30.0,288.6,70.4,108.6,25.1,1,1,LOW
392,26.4,108.2,82.0,38.5,Dry,Earth Excavation,267.0,27.73,123.4,0.0,0.0,33.2,39.98,0,0,CRITICAL
393,71.4,292.7,79.1,26.0,Wet,Grading,277.4,24.91,115.2,177.5,43.3,99.9,5.48,1,1,LOW
394,11.9,48.8,94.8,22.8,Dry,Compaction,255.5,22.94,97.7,0.0,0.0,18.1,49.55,0,0,CRITICAL
395,81.0,332.1,91.5,7.0,Dry,Compaction,119.3,22.49,44.7,287.4,70.1,125.5,32.61,1,1,LOW
396,29.7,121.8,47.8,9.7,Frozen,Earth Excavation,198.6,23.9,79.1,42.7,10.4,43.3,17.89,1,1,LOW
397,70.7,289.9,79.8,26.6,Muddy,Demolition,127.9,34.26,73.0,216.9,52.9,71.9,41.88,1,1,LOW
398,75.3,308.7,97.3,38.9,Dry,Grading,195.5,25.93,84.5,224.2,54.7,101.2,17.99,1,1,LOW
399,78.2,320.6,97.9,24.7,Muddy,Earth Excavation,186.8,32.43,101.0,219.6,53.6,84.0,6.39,1,1,LOW
400,36.2,148.4,82.4,12.4,Frozen,Earth Excavation,32.6,28.98,15.7,132.7,32.4,43.5,43.73,1,0,LOW
401,8.8,36.1,41.6,27.3,Muddy,Trenching,187.1,26.67,83.2,0.0,0.0,11.5,22.01,0,0,CRITICAL
402,32.3,132.4,79.4,7.2,Frozen,Demolition,294.6,33.5,164.5,0.0,0.0,33.6,37.08,0,0,CRITICAL
403,25.9,106.2,87.1,34.5,Dry,Trenching,146.3,28.62,69.8,36.4,8.9,31.5,23.41,0,1,HIGH
404,70.0,287.0,77.3,31.0,Wet,Trenching,124.1,28.81,59.6,227.4,55.5,84.7,2.76,1,1,LOW
405,46.1,189.0,65.4,14.8,Frozen,Trenching,184.6,28.6,88.0,101.0,24.6,56.2,12.01,1,1,LOW
406,77.9,319.4,61.8,20.2,Wet,Material Loading,248.2,22.17,91.7,227.7,55.5,122.5,16.38,1,1,LOW
407,94.3,386.6,78.3,22.3,Dry,Compaction,148.2,21.01,51.9,334.7,81.6,156.4,21.01,1,1,LOW
408,35.2,144.3,46.0,21.6,Frozen,Earth Excavation,134.9,24.1,54.2,90.1,22.0,50.9,28.07,1,1,LOW
409,8.4,34.4,76.0,23.3,Dry,Earth Excavation,89.9,25.24,37.8,0.0,0.0,11.6,6.37,0,1,HIGH
410,31.1,127.5,63.3,26.2,Muddy,Earth Excavation,65.3,28.72,31.3,96.2,23.5,37.7,5.13,1,1,LOW
411,36.3,148.8,71.8,13.9,Wet,Earth Excavation,283.6,27.06,127.9,20.9,5.1,46.7,5.86,0,1,HIGH
412,18.9,77.5,96.9,29.7,Muddy,Grading,296.3,30.65,151.4,0.0,0.0,21.5,4.88,0,1,HIGH
413,24.4,100.0,76.1,21.8,Dry,Material Loading,280.7,22.68,106.1,0.0,0.0,37.5,7.89,0,1,HIGH
414,41.0,168.1,77.6,43.7,Muddy,Earth Excavation,278.4,31.98,148.4,19.7,4.8,44.7,28.61,0,1,HIGH
415,19.2,78.7,70.9,31.9,Dry,Material Loading,63.4,22.22,23.5,55.2,13.5,30.1,12.58,1,1,MEDIUM
416,8.3,34.0,81.1,45.0,Muddy,Earth Excavation,65.1,32.92,35.7,0.0,0.0,8.8,33.87,0,0,CRITICAL
417,61.0,250.1,79.7,28.5,Wet,Material Loading,215.2,24.52,87.9,162.2,39.6,86.7,29.92,1,1,LOW
418,58.5,239.8,91.2,31.7,Frozen,Material Loading,110.0,25.57,46.9,192.9,47.0,79.7,4.75,1,1,LOW
419,6.1,25.0,97.2,13.9,Dry,Compaction,67.2,23.18,26.0,0.0,0.0,9.2,14.54,0,0,CRITICAL
420,35.8,146.8,86.3,43.3,Muddy,Demolition,63.0,38.42,40.3,106.5,26.0,32.5,38.95,1,0,LOW
421,91.8,376.4,70.0,18.5,Muddy,Earth Excavation,23.3,28.98,11.3,365.1,89.0,110.4,12.77,1,1,LOW
422,80.7,330.9,96.2,9.0,Muddy,Grading,92.0,30.47,46.7,284.2,69.3,92.3,27.38,1,1,LOW
423,31.9,130.8,73.3,12.3,Wet,Material Loading,202.2,24.1,81.2,49.6,12.1,46.1,6.85,1,1,LOW
424,53.0,217.3,87.5,31.2,Muddy,Compaction,220.5,24.91,91.5,125.8,30.7,74.1,43.82,1,1,LOW
425,31.4,128.7,45.8,29.3,Dry,Earth Excavation,87.6,21.51,31.4,97.3,23.7,50.9,3.51,1,1,LOW
426,20.2,82.8,75.4,36.6,Frozen,Compaction,106.7,23.79,42.3,40.5,9.9,29.6,27.67,0,1,HIGH
427,49.9,204.6,78.0,13.4,Frozen,Demolition,47.5,32.46,25.7,178.9,43.6,53.6,41.55,1,1,LOW
428,28.3,116.0,83.2,8.4,Wet,Compaction,185.2,23.99,74.0,42.0,10.2,41.1,5.98,1,1,LOW
429,76.3,312.8,57.0,40.6,Wet,Compaction,215.5,21.82,78.4,234.4,57.2,121.9,14.29,1,1,LOW
430,95.1,389.9,45.3,18.0,Wet,Trenching,130.1,23.56,51.1,338.8,82.6,140.7,37.25,1,1,LOW
431,59.2,242.7,58.2,10.7,Wet,Trenching,260.7,26.39,114.7,128.0,31.2,78.2,30.32,1,1,LOW
432,80.0,328.0,43.7,15.2,Wet,Trenching,295.9,25.42,125.4,202.6,49.4,109.7,35.45,1,1,LOW
433,5.5,22.6,50.7,30.4,Frozen,Material Loading,278.8,21.89,101.7,0.0,0.0,8.8,38.35,0,0,CRITICAL
434,76.2,312.4,96.6,23.4,Wet,Grading,277.2,27.52,127.1,185.3,45.2,96.5,12.81,1,1,LOW
435,14.3,58.6,77.6,36.3,Muddy,Grading,158.7,28.02,74.1,0.0,0.0,17.8,31.06,0,0,CRITICAL
436,25.5,104.5,55.7,28.9,Frozen,Material Loading,88.5,23.52,34.7,69.8,17.0,37.8,44.2,1,0,LOW
437,47.4,194.3,63.8,12.3,Dry,Compaction,145.6,20.32,49.3,145.0,35.4,81.3,1.3,1,1,LOW
438,82.5,338.2,82.0,39.8,Dry,Demolition,114.5,31.55,60.2,278.0,67.8,91.1,30.74,1,1,LOW
439,30.4,124.6,52.9,9.6,Dry,Grading,238.7,21.17,84.2,40.4,9.9,50.0,38.17,0,1,HIGH
440,24.5,100.5,66.3,26.9,Frozen,Demolition,265.0,30.0,132.5,0.0,0.0,28.5,45.84,0,0,CRITICAL
441,96.6,396.1,67.0,6.9,Wet,Earth Excavation,129.3,26.15,56.4,339.7,82.9,128.8,13.26,1,1,LOW
442,95.6,392.0,51.3,43.4,Muddy,Compaction,199.5,22.61,75.2,316.8,77.3,147.4,33.96,1,1,LOW
443,66.4,272.2,50.8,42.5,Wet,Trenching,91.5,26.87,41.0,231.2,56.4,86.1,35.7,1,1,LOW
444,47.9,196.4,76.7,11.4,Frozen,Compaction,95.8,23.74,37.9,158.5,38.7,70.3,14.01,1,1,LOW
445,36.6,150.1,59.2,23.2,Dry,Trenching,74.0,24.54,30.3,119.8,29.2,52.0,27.32,1,1,LOW
446,70.4,288.6,94.7,22.1,Dry,Demolition,47.5,32.23,25.5,263.1,64.2,76.1,2.63,1,1,LOW
447,77.3,316.9,88.9,7.3,Dry,Compaction,125.4,22.42,46.9,270.0,65.9,120.1,15.52,1,1,LOW
448,99.6,408.4,43.7,38.1,Wet,Grading,225.8,22.38,84.2,324.2,79.1,155.1,35.73,1,1,LOW
449,22.5,92.2,40.0,28.9,Wet,Material Loading,54.7,19.19,17.5,74.7,18.2,40.8,9.71,1,1,MEDIUM
450,11.7,48.0,43.3,41.6,Wet,Trenching,295.0,25.71,126.4,0.0,0.0,15.9,48.24,0,0,CRITICAL
451,72.9,298.9,74.8,32.6,Dry,Earth Excavation,72.8,24.85,30.2,268.7,65.5,102.2,4.29,1,1,LOW
452,98.7,404.7,79.0,33.4,Muddy,Demolition,209.8,35.15,122.9,281.8,68.7,97.9,2.49,1,1,LOW
453,39.6,162.4,40.3,25.3,Muddy,Demolition,92.1,28.02,43.0,119.4,29.1,49.3,24.83,1,1,LOW
454,10.5,43.0,44.7,34.1,Dry,Demolition,60.1,24.37,24.4,18.6,4.5,15.0,14.77,0,1,HIGH
455,7.6,31.2,72.1,33.0,Dry,Grading,128.7,23.08,49.5,0.0,0.0,11.5,27.97,0,0,CRITICAL
456,19.7,80.8,94.0,35.5,Wet,Demolition,276.7,34.54,159.3,0.0,0.0,19.9,32.64,0,0,CRITICAL
457,44.6,182.9,40.2,7.5,Dry,Earth Excavation,46.7,21.72,16.9,166.0,40.5,71.6,17.91,1,1,LOW
458,80.1,328.4,74.2,10.9,Frozen,Compaction,119.3,23.35,46.4,282.0,68.8,119.5,1.14,1,1,LOW
459,36.4,149.2,55.9,37.5,Dry,Compaction,214.8,19.42,69.5,79.7,19.4,65.3,7.38,1,1,LOW
460,69.3,284.1,51.3,30.9,Wet,Material Loading,143.0,20.9,49.8,234.3,57.1,115.5,6.05,1,1,LOW
461,14.5,59.4,49.5,10.3,Wet,Demolition,99.8,27.08,45.0,14.4,3.5,18.6,18.08,0,1,HIGH
462,90.3,370.2,72.7,41.8,Frozen,Trenching,52.2,31.4,27.3,342.9,83.6,100.2,28.03,1,1,LOW
463,81.2,332.9,91.0,23.9,Dry,Demolition,174.8,31.44,91.6,241.3,58.9,90.0,13.91,1,1,LOW
464,8.5,34.9,86.6,9.1,Frozen,Trenching,178.3,30.76,91.4,0.0,0.0,9.6,2.63,0,1,HIGH
465,71.1,291.5,44.2,24.1,Frozen,Material Loading,83.9,21.01,29.4,262.1,63.9,117.9,9.84,1,1,LOW
466,95.4,391.1,48.1,43.4,Wet,Grading,199.7,23.0,76.6,314.5,76.7,144.5,35.64,1,1,LOW
467,82.9,339.9,68.0,26.3,Dry,Trenching,49.5,25.94,21.4,318.5,77.7,111.4,33.4,1,1,LOW
468,31.2,127.9,45.5,12.6,Frozen,Grading,196.0,21.72,71.0,56.9,13.9,50.1,21.34,1,1,LOW
469,46.2,189.4,60.5,33.8,Muddy,Grading,157.6,26.1,68.6,120.8,29.5,61.7,24.61,1,1,LOW
470,76.8,314.9,68.8,24.2,Dry,Earth Excavation,283.9,24.65,116.6,198.3,48.4,108.6,16.3,1,1,LOW
471,99.9,409.6,81.7,6.9,Frozen,Earth Excavation,27.1,28.87,13.0,396.6,96.7,120.6,30.18,1,1,LOW
472,93.7,384.2,94.3,26.8,Frozen,Grading,101.7,27.72,47.0,337.2,82.2,117.8,3.67,1,1,LOW
473,14.7,60.3,45.0,17.4,Wet,Earth Excavation,141.5,23.09,54.5,5.8,1.4,22.2,35.53,0,0,CRITICAL
474,62.4,255.8,89.1,21.3,Dry,Demolition,161.8,31.35,84.5,171.3,41.8,69.4,11.54,1,1,LOW
475,31.1,127.5,41.5,14.7,Wet,Material Loading,118.4,19.96,39.4,88.1,21.5,54.3,26.47,1,1,LOW
476,32.8,134.5,70.2,18.6,Muddy,Compaction,64.1,23.97,25.6,108.9,26.6,47.7,5.62,1,1,LOW
477,68.8,282.1,86.1,28.6,Frozen,Compaction,130.0,23.59,51.1,231.0,56.3,101.6,2.13,1,1,LOW
478,8.7,35.7,59.1,24.8,Wet,Material Loading,177.0,22.3,65.8,0.0,0.0,13.6,24.29,0,0,CRITICAL
479,68.4,280.4,58.4,18.8,Wet,Grading,187.0,22.78,71.0,209.4,51.1,104.6,16.08,1,1,LOW
480,70.9,290.7,77.5,10.4,Wet,Material Loading,270.0,24.32,109.4,181.3,44.2,101.6,2.3,1,1,LOW
481,20.5,84.0,69.4,22.0,Muddy,Earth Excavation,276.3,29.68,136.7,0.0,0.0,24.1,23.02,0,1,HIGH
482,32.2,132.0,90.2,41.9,Muddy,Grading,76.7,30.67,39.2,92.8,22.6,36.6,34.42,1,1,LOW
483,94.7,388.3,65.5,15.7,Frozen,Earth Excavation,215.6,27.11,97.4,290.9,71.0,121.7,48.72,1,1,LOW
484,75.3,308.7,93.8,8.0,Muddy,Earth Excavation,213.7,33.11,117.9,190.8,46.5,79.2,32.57,1,1,LOW
485,84.3,345.6,70.4,41.3,Dry,Demolition,247.5,29.7,122.5,223.1,54.4,98.9,26.04,1,1,LOW
486,53.1,217.7,45.8,31.4,Frozen,Earth Excavation,163.1,24.74,67.3,150.4,36.7,74.8,3.19,1,1,LOW
487,27.0,110.7,76.0,36.5,Muddy,Earth Excavation,258.1,29.79,128.1,0.0,0.0,31.6,43.11,0,0,CRITICAL
488,67.6,277.2,63.4,11.2,Wet,Grading,44.2,23.79,17.5,259.7,63.3,99.0,43.98,1,1,LOW
489,83.1,340.7,72.6,27.3,Frozen,Demolition,89.4,31.74,47.3,293.4,71.6,91.2,4.26,1,1,LOW
490,36.2,148.4,58.7,5.3,Muddy,Grading,93.9,25.4,39.8,108.6,26.5,49.7,9.8,1,1,LOW
491,39.6,162.4,91.0,18.5,Dry,Compaction,231.8,21.64,83.6,78.8,19.2,63.8,16.74,1,1,LOW
492,70.7,289.9,72.4,5.0,Dry,Earth Excavation,297.4,24.64,122.1,167.8,40.9,100.0,39.22,1,1,LOW
493,90.7,371.9,41.2,36.7,Wet,Material Loading,241.1,20.36,81.8,290.1,70.8,155.3,0.83,1,1,LOW
494,76.4,313.2,86.0,29.8,Wet,Trenching,106.9,29.84,53.2,260.0,63.4,89.2,48.35,1,1,LOW
495,47.5,194.8,72.0,21.4,Wet,Grading,141.1,24.37,57.3,137.5,33.5,67.9,41.42,1,1,LOW
496,93.6,383.8,72.7,22.7,Wet,Compaction,254.7,22.58,95.9,287.9,70.2,144.5,28.37,1,1,LOW
497,76.2,312.4,79.2,34.8,Frozen,Trenching,159.5,30.37,80.7,231.7,56.5,87.4,29.62,1,1,LOW
498,86.3,353.8,75.4,10.2,Muddy,Compaction,220.8,24.66,90.7,263.1,64.2,122.0,38.04,1,1,LOW
499,86.1,353.0,64.0,27.8,Wet,Earth Excavation,200.6,25.53,85.4,267.6,65.3,117.5,36.05,1,1,LOW
500,52.2,214.0,87.0,32.3,Wet,Trenching,288.5,29.57,142.2,71.8,17.5,61.5,35.51,1,1,LOW
501,97.3,398.9,93.3,35.2,Frozen,Grading,68.2,28.27,32.1,366.8,89.5,119.9,27.4,1,1,LOW
502,54.5,223.5,90.4,9.4,Muddy,Material Loading,161.7,28.39,76.5,147.0,35.9,66.9,21.9,1,1,LOW
503,19.6,80.4,88.6,24.4,Wet,Earth Excavation,24.6,29.62,12.1,68.3,16.7,23.1,23.94,1,0,MEDIUM
504,72.0,295.2,86.1,14.1,Muddy,Grading,63.2,28.63,30.2,265.0,64.6,87.6,15.53,1,1,LOW
505,56.7,232.5,91.4,14.0,Dry,Trenching,151.9,29.72,75.2,157.3,38.4,66.5,24.26,1,1,LOW
506,15.9,65.2,89.4,39.5,Muddy,Grading,116.3,30.77,59.6,5.6,1.4,18.0,26.2,0,0,CRITICAL
507,80.9,331.7,68.9,42.0,Muddy,Grading,164.0,27.98,76.5,255.2,62.2,100.8,35.7,1,1,LOW
508,90.9,372.7,50.7,43.9,Wet,Compaction,261.0,21.64,94.1,278.6,68.0,146.4,24.4,1,1,LOW
509,34.1,139.8,84.2,10.6,Dry,Trenching,144.8,27.89,67.3,72.5,17.7,42.6,16.45,1,1,LOW
510,82.9,339.9,54.9,34.8,Dry,Earth Excavation,234.4,22.86,89.3,250.6,61.1,126.4,39.71,1,1,LOW
511,73.6,301.8,93.1,37.0,Frozen,Material Loading,155.6,27.39,71.0,230.8,56.3,93.7,39.08,1,1,LOW
512,81.4,333.7,59.0,37.2,Wet,Earth Excavation,32.4,25.99,14.0,319.7,78.0,109.1,49.88,1,1,LOW
513,46.6,191.1,56.6,10.2,Dry,Grading,81.6,21.1,28.7,162.4,39.6,77.0,46.81,1,1,LOW
514,18.6,76.3,54.3,13.0,Wet,Trenching,203.7,25.1,85.2,0.0,0.0,25.8,16.71,0,1,HIGH
515,89.6,367.4,74.9,32.8,Wet,Material Loading,64.7,23.05,24.9,342.5,83.5,135.5,16.37,1,1,LOW
516,64.1,262.8,56.1,23.0,Dry,Demolition,207.2,26.21,90.5,172.3,42.0,85.2,28.25,1,1,LOW
517,68.9,282.5,77.3,12.6,Dry,Earth Excavation,290.2,26.0,125.8,156.7,38.2,92.4,30.14,1,1,LOW
518,61.0,250.1,43.6,37.9,Dry,Trenching,245.3,23.0,94.0,156.1,38.1,92.4,26.95,1,1,LOW
519,7.9,32.4,87.3,12.1,Wet,Earth Excavation,231.6,29.01,112.0,0.0,0.0,9.5,17.83,0,0,CRITICAL
520,28.5,116.8,89.8,16.9,Frozen,Trenching,106.6,32.26,57.3,59.5,14.5,30.8,10.56,1,1,LOW
521,12.9,52.9,49.2,21.7,Muddy,Demolition,36.0,30.06,18.0,34.9,8.5,15.0,11.03,0,1,HIGH
522,89.6,367.4,79.4,14.6,Wet,Material Loading,79.1,24.2,31.9,335.5,81.8,129.0,6.87,1,1,LOW
523,59.7,244.8,60.9,29.4,Muddy,Trenching,116.8,29.23,56.9,187.9,45.8,71.2,39.64,1,1,LOW
524,35.6,146.0,73.1,16.1,Frozen,Earth Excavation,226.6,27.94,105.5,40.5,9.9,44.4,8.96,0,1,HIGH
525,51.3,210.3,50.7,8.8,Muddy,Material Loading,286.6,22.93,109.5,100.8,24.6,78.0,30.95,1,1,LOW
526,8.7,35.7,74.8,8.7,Frozen,Grading,230.5,25.49,97.9,0.0,0.0,11.9,21.47,0,0,CRITICAL
527,9.5,39.0,41.4,22.2,Muddy,Demolition,88.3,29.2,43.0,0.0,0.0,11.4,28.92,0,0,CRITICAL
528,10.8,44.3,48.9,18.3,Dry,Compaction,142.9,18.73,44.6,0.0,0.0,20.1,36.84,0,0,CRITICAL
529,77.0,315.7,97.6,35.2,Frozen,Demolition,253.1,36.31,153.2,162.5,39.6,73.9,36.65,1,1,LOW
530,93.8,384.6,67.6,30.5,Muddy,Grading,258.3,26.99,116.2,268.4,65.5,121.1,21.85,1,1,LOW
531,80.9,331.7,95.8,15.0,Muddy,Compaction,231.9,26.87,103.9,227.8,55.6,104.9,46.85,1,1,LOW
532,59.5,243.9,73.6,11.7,Muddy,Demolition,91.4,34.01,51.8,192.1,46.9,61.0,36.37,1,1,LOW
533,46.9,192.3,52.2,12.6,Dry,Demolition,163.0,25.29,68.7,123.6,30.1,64.6,4.96,1,1,LOW
534,28.8,118.1,90.8,17.4,Muddy,Trenching,43.8,32.97,24.1,94.0,22.9,30.4,25.82,1,1,LOW
535,76.4,313.2,66.9,18.8,Wet,Trenching,97.9,27.89,45.5,267.7,65.3,95.5,46.43,1,1,LOW
536,98.9,405.5,59.0,8.5,Wet,Trenching,36.4,26.56,16.1,389.4,95.0,129.8,39.61,1,1,LOW
537,37.0,151.7,78.4,30.2,Muddy,Demolition,289.2,34.06,164.2,0.0,0.0,37.9,34.19,0,1,HIGH
538,80.3,329.2,68.5,33.2,Muddy,Earth Excavation,232.2,28.42,110.0,219.2,53.5,98.5,48.11,1,1,LOW
539,84.4,346.0,94.1,14.0,Wet,Grading,279.8,27.24,127.0,219.0,53.4,108.0,48.03,1,1,LOW
540,38.2,156.6,80.5,13.9,Muddy,Trenching,26.5,32.51,14.4,142.2,34.7,40.9,8.1,1,1,LOW
541,67.0,274.7,77.6,36.1,Muddy,Material Loading,96.6,26.09,42.0,232.7,56.8,89.5,1.27,1,1,LOW
542,34.7,142.3,50.3,5.8,Dry,Earth Excavation,206.5,22.77,78.4,63.9,15.6,53.1,31.66,1,1,LOW
543,80.8,331.3,72.9,10.5,Frozen,Grading,37.2,25.78,16.0,315.3,76.9,109.2,21.83,1,1,LOW
544,45.6,187.0,56.2,32.4,Frozen,Demolition,235.2,29.23,114.6,72.4,17.7,54.4,31.57,1,1,LOW
545,8.0,32.8,81.9,26.8,Wet,Trenching,111.8,28.82,53.7,0.0,0.0,9.7,46.81,0,0,CRITICAL
546,50.2,205.8,76.0,21.5,Muddy,Material Loading,101.3,26.7,45.1,160.7,39.2,65.5,22.27,1,1,LOW
547,8.8,36.1,86.1,16.3,Wet,Compaction,200.0,23.58,78.6,0.0,0.0,13.0,32.81,0,0,CRITICAL
548,74.6,305.9,80.9,14.5,Dry,Trenching,138.7,27.64,63.9,242.0,59.0,94.1,14.25,1,1,LOW
549,42.1,172.6,75.0,13.8,Wet,Compaction,142.5,22.26,52.9,119.7,29.2,65.9,35.46,1,1,LOW
550,49.6,203.4,41.6,32.0,Dry,Material Loading,285.8,18.68,89.0,114.4,27.9,92.6,16.54,1,1,LOW
551,29.5,120.9,76.0,23.7,Dry,Material Loading,77.0,22.99,29.5,91.4,22.3,44.7,6.02,1,1,LOW
552,99.9,409.6,63.9,5.1,Dry,Demolition,25.6,28.14,12.0,397.6,97.0,123.7,21.22,1,1,LOW
553,91.9,376.8,81.3,23.5,Wet,Demolition,31.0,31.64,16.3,360.5,87.9,101.2,49.35,1,1,LOW
554,93.2,382.1,54.8,10.7,Frozen,Grading,164.4,23.88,65.4,316.7,77.2,136.0,26.4,1,1,LOW
555,63.9,262.0,58.0,21.0,Frozen,Earth Excavation,73.8,26.01,32.0,230.0,56.1,85.6,7.6,1,1,LOW
556,72.0,295.2,70.8,20.0,Muddy,Compaction,247.6,24.16,99.7,195.5,47.7,103.9,44.12,1,1,LOW
557,82.9,339.9,69.7,24.0,Frozen,Demolition,128.2,31.39,67.1,272.8,66.5,92.0,20.1,1,1,LOW
558,54.3,222.6,71.6,31.4,Frozen,Material Loading,81.0,25.28,34.1,188.5,46.0,74.8,43.41,1,1,LOW
559,92.7,380.1,52.0,27.4,Dry,Grading,252.0,20.41,85.7,294.4,71.8,158.3,7.37,1,1,LOW
560,55.5,227.6,74.0,25.4,Muddy,Earth Excavation,159.2,28.71,76.2,151.4,36.9,67.4,13.55,1,1,LOW
561,66.7,273.5,68.9,8.7,Wet,Earth Excavation,72.0,25.99,31.2,242.3,59.1,89.4,9.95,1,1,LOW
562,21.9,89.8,91.1,13.4,Muddy,Earth Excavation,265.2,32.53,143.8,0.0,0.0,23.5,15.12,0,1,HIGH
563,96.1,394.0,94.8,33.6,Dry,Earth Excavation,186.1,28.06,87.0,307.0,74.9,119.4,49.46,1,1,LOW
564,15.1,61.9,63.0,17.6,Muddy,Earth Excavation,214.5,27.68,99.0,0.0,0.0,19.0,14.06,0,1,HIGH
565,13.6,55.8,68.9,11.3,Dry,Material Loading,60.1,21.47,21.5,34.3,8.4,22.1,47.72,0,0,CRITICAL
566,54.6,223.9,51.4,8.1,Muddy,Trenching,35.3,27.34,16.1,207.8,50.7,69.6,7.4,1,1,LOW
567,66.9,274.3,45.1,22.6,Dry,Grading,85.6,19.28,27.5,246.8,60.2,120.9,18.92,1,1,LOW
568,25.9,106.2,67.1,44.6,Wet,Demolition,294.3,32.66,160.2,0.0,0.0,27.6,21.44,0,1,HIGH
569,35.7,146.4,53.8,5.6,Muddy,Earth Excavation,146.9,26.44,64.7,81.7,19.9,47.1,17.31,1,1,LOW
570,73.0,299.3,60.7,39.1,Wet,Trenching,170.8,26.51,75.5,223.8,54.6,96.0,9.61,1,1,LOW
571,19.5,80.0,49.4,29.5,Wet,Trenching,68.3,25.03,28.5,51.5,12.6,27.2,46.52,1,0,MEDIUM
572,58.7,240.7,71.8,15.0,Frozen,Material Loading,44.6,23.51,17.5,223.2,54.4,87.0,36.2,1,1,LOW
573,23.4,95.9,58.3,41.1,Muddy,Compaction,285.1,23.8,113.1,0.0,0.0,34.2,32.77,0,1,HIGH
574,50.6,207.5,92.5,25.4,Dry,Material Loading,199.3,23.4,77.7,129.8,31.7,75.4,27.53,1,1,LOW
575,34.8,142.7,89.1,20.2,Dry,Compaction,143.9,22.2,53.2,89.5,21.8,54.6,37.8,1,1,LOW
576,92.8,380.5,67.9,15.4,Muddy,Trenching,94.2,29.31,46.0,334.5,81.6,110.3,18.65,1,1,LOW
577,95.2,390.3,78.8,26.9,Wet,Material Loading,251.9,24.42,102.5,287.8,70.2,135.9,42.56,1,1,LOW
578,95.6,392.0,62.9,37.0,Wet,Demolition,217.0,29.36,106.2,285.8,69.7,113.5,8.5,1,1,LOW
579,16.3,66.8,85.8,16.3,Muddy,Compaction,274.8,25.99,119.0,0.0,0.0,21.8,9.46,0,1,HIGH
580,66.5,272.7,64.3,12.0,Dry,Earth Excavation,133.8,23.45,52.3,220.4,53.8,98.8,32.64,1,1,LOW
581,19.8,81.2,66.1,19.8,Wet,Trenching,224.2,27.64,103.3,0.0,0.0,25.0,15.83,0,1,HIGH
582,92.7,380.1,71.3,29.7,Dry,Earth Excavation,69.9,24.86,29.0,351.1,85.6,130.0,5.5,1,1,LOW
583,84.4,346.0,50.8,13.8,Dry,Trenching,185.5,24.22,74.9,271.1,66.1,121.4,31.28,1,1,LOW
584,91.0,373.1,57.1,31.4,Wet,Grading,105.6,22.96,40.4,332.7,81.1,138.1,45.42,1,1,LOW
585,72.6,297.7,82.2,41.6,Wet,Grading,110.1,27.04,49.6,248.1,60.5,93.6,41.47,1,1,LOW
586,52.5,215.2,84.5,15.7,Frozen,Grading,262.3,26.6,116.3,98.9,24.1,68.8,16.24,1,1,LOW
587,95.3,390.7,86.3,40.5,Wet,Material Loading,299.0,26.41,131.6,259.1,63.2,125.7,8.05,1,1,LOW
588,50.5,207.1,86.3,41.3,Muddy,Compaction,195.5,27.11,88.3,118.8,29.0,64.9,21.66,1,1,LOW
589,53.4,218.9,41.2,25.1,Dry,Demolition,218.6,24.13,87.9,131.0,32.0,77.1,39.89,1,1,LOW
590,55.3,226.7,41.9,20.3,Muddy,Material Loading,91.5,21.53,32.8,193.9,47.3,89.5,2.05,1,1,LOW
591,46.3,189.8,64.1,15.0,Wet,Grading,142.6,23.96,56.9,132.9,32.4,67.3,23.96,1,1,LOW
592,5.6,23.0,92.6,7.8,Muddy,Material Loading,78.1,28.32,36.9,0.0,0.0,6.9,26.43,0,0,CRITICAL
593,86.7,355.5,63.0,30.6,Dry,Trenching,25.4,24.98,10.6,344.9,84.1,121.0,20.51,1,1,LOW
594,48.7,199.7,95.8,33.3,Wet,Demolition,102.6,34.08,58.3,141.4,34.5,49.8,39.56,1,1,LOW
595,63.1,258.7,97.2,31.2,Muddy,Demolition,223.2,37.33,138.9,119.8,29.2,58.9,6.81,1,1,LOW
596,51.0,209.1,93.3,37.3,Muddy,Earth Excavation,57.5,32.66,31.3,177.8,43.4,54.4,3.95,1,1,LOW
597,12.7,52.1,82.0,27.1,Muddy,Demolition,98.3,35.54,58.2,0.0,0.0,12.5,26.2,0,0,CRITICAL
598,89.0,364.9,50.2,9.1,Muddy,Trenching,245.7,28.28,115.8,249.1,60.8,109.7,5.74,1,1,LOW
599,75.9,311.2,83.6,12.6,Muddy,Earth Excavation,145.7,30.85,74.9,236.3,57.6,85.7,10.52,1,1,LOW
600,38.9,159.5,66.1,9.5,Muddy,Grading,71.9,26.49,31.7,127.8,31.2,51.2,34.11,1,1,LOW
601,97.7,400.6,79.7,12.3,Wet,Earth Excavation,113.6,27.99,53.0,347.6,84.8,121.7,8.06,1,1,LOW
602,87.9,360.4,75.0,12.1,Frozen,Grading,91.6,25.6,39.1,321.3,78.4,119.7,48.82,1,1,LOW
603,74.6,305.9,84.8,7.7,Muddy,Trenching,127.6,32.75,69.6,236.3,57.6,79.4,43.47,1,1,LOW
604,67.3,275.9,85.4,38.1,Dry,Material Loading,162.5,23.58,63.9,212.0,51.7,99.5,36.04,1,1,LOW
605,86.2,353.4,41.2,12.8,Muddy,Compaction,115.3,20.29,39.0,314.4,76.7,148.0,7.92,1,1,LOW
606,55.4,227.1,89.1,7.8,Frozen,Earth Excavation,150.2,30.68,76.8,150.3,36.7,62.9,47.83,1,1,LOW
607,96.1,394.0,91.5,16.3,Muddy,Compaction,212.0,26.76,94.6,299.4,73.0,125.1,25.84,1,1,LOW
608,82.5,338.2,86.0,35.3,Muddy,Demolition,154.0,35.46,91.0,247.2,60.3,81.1,40.44,1,1,LOW
609,25.1,102.9,42.4,21.2,Frozen,Demolition,100.9,27.35,46.0,56.9,13.9,32.0,35.15,1,0,LOW
610,38.8,159.1,75.7,10.2,Dry,Demolition,63.8,28.64,30.5,128.6,31.4,47.2,45.53,1,1,LOW
611,99.5,407.9,75.1,8.4,Wet,Earth Excavation,41.0,27.06,18.5,389.4,95.0,128.1,29.7,1,1,LOW
612,43.3,177.5,65.8,28.6,Frozen,Grading,212.7,25.03,88.7,88.8,21.7,60.3,23.85,1,1,LOW
613,99.7,408.8,60.3,5.5,Dry,Earth Excavation,175.0,23.47,68.5,340.3,83.0,148.1,17.54,1,1,LOW
614,64.6,264.9,70.2,36.9,Dry,Trenching,249.5,27.07,112.6,152.3,37.1,83.2,0.65,1,1,LOW
615,93.8,384.6,85.7,39.1,Frozen,Material Loading,250.8,28.35,118.5,266.1,64.9,115.3,27.77,1,1,LOW
616,10.6,43.5,51.7,27.0,Wet,Earth Excavation,227.6,24.85,94.3,0.0,0.0,14.9,42.08,0,0,CRITICAL
617,14.7,60.3,94.5,7.7,Frozen,Material Loading,255.3,27.01,114.9,0.0,0.0,19.0,3.98,0,1,HIGH
618,7.4,30.3,69.7,37.5,Frozen,Earth Excavation,54.9,27.9,25.5,4.8,1.2,9.2,28.64,0,0,CRITICAL
619,74.4,305.0,95.1,35.6,Wet,Demolition,165.5,34.08,94.0,211.0,51.5,76.1,41.7,1,1,LOW
620,11.5,47.1,78.0,7.1,Wet,Demolition,213.6,32.16,114.5,0.0,0.0,12.4,47.63,0,0,CRITICAL
621,51.2,209.9,83.0,14.7,Frozen,Grading,204.7,26.66,91.0,118.9,29.0,66.9,48.95,1,1,LOW
622,50.2,205.8,74.1,10.9,Muddy,Material Loading,99.5,25.72,42.7,163.1,39.8,68.0,6.38,1,1,LOW
623,20.7,84.9,74.3,11.8,Wet,Compaction,74.7,22.79,28.4,56.5,13.8,31.7,44.87,1,0,MEDIUM
624,54.6,223.9,58.6,14.0,Dry,Material Loading,255.8,20.01,85.3,138.6,33.8,95.1,45.81,1,1,LOW
625,19.7,80.8,81.8,28.3,Muddy,Trenching,232.9,32.18,124.9,0.0,0.0,21.3,26.19,0,0,CRITICAL
626,39.1,160.3,65.5,12.2,Wet,Compaction,64.0,21.12,22.5,137.8,33.6,64.5,39.03,1,1,LOW
627,75.9,311.2,41.1,15.9,Frozen,Material Loading,186.8,20.61,64.2,247.0,60.2,128.3,46.0,1,1,LOW
628,88.1,361.2,49.5,19.9,Muddy,Earth Excavation,227.9,26.36,100.1,261.1,63.7,116.5,7.96,1,1,LOW
629,78.6,322.3,71.0,5.6,Wet,Earth Excavation,163.0,26.67,72.5,249.8,60.9,102.7,15.6,1,1,LOW
630,63.3,259.5,53.2,28.7,Wet,Material Loading,72.3,20.78,25.0,234.5,57.2,106.1,7.34,1,1,LOW
631,7.8,32.0,57.9,41.1,Frozen,Compaction,124.2,21.84,45.2,0.0,0.0,12.5,29.0,0,0,CRITICAL
632,83.7,343.2,53.7,16.9,Wet,Trenching,31.4,25.8,13.5,329.7,80.4,113.1,16.08,1,1,LOW
633,91.6,375.6,46.4,23.3,Muddy,Material Loading,157.0,22.54,59.0,316.6,77.2,141.6,27.96,1,1,LOW
634,85.0,348.5,96.5,31.1,Frozen,Grading,167.8,28.62,80.0,268.5,65.5,103.5,17.05,1,1,LOW
635,60.5,248.0,42.6,38.0,Muddy,Material Loading,136.1,23.39,53.1,194.9,47.5,90.1,16.69,1,1,LOW
636,21.6,88.6,48.8,11.6,Wet,Grading,297.7,22.06,109.5,0.0,0.0,34.1,12.16,0,1,HIGH
637,31.5,129.2,77.6,6.6,Frozen,Material Loading,203.3,25.8,87.4,41.8,10.2,42.6,27.05,1,1,LOW
638,83.7,343.2,96.3,23.4,Frozen,Grading,241.3,29.52,118.7,224.5,54.8,98.8,12.45,1,1,LOW
639,31.6,129.6,85.0,9.5,Frozen,Trenching,169.4,31.52,89.0,40.6,9.9,34.9,26.48,0,1,HIGH
640,99.6,408.4,46.2,15.9,Dry,Material Loading,154.1,18.35,47.1,361.3,88.1,189.2,24.95,1,1,LOW
641,78.2,320.6,41.1,23.2,Frozen,Grading,148.9,21.45,53.2,267.4,65.2,127.0,6.97,1,1,LOW
642,44.1,180.8,50.9,35.3,Dry,Trenching,184.9,23.55,72.6,108.2,26.4,65.3,26.03,1,1,LOW
643,16.6,68.1,46.6,17.0,Muddy,Material Loading,103.6,21.96,37.9,30.2,7.4,26.4,38.28,0,0,CRITICAL
644,13.1,53.7,64.0,35.9,Frozen,Demolition,225.3,30.18,113.3,0.0,0.0,15.1,28.12,0,0,CRITICAL
645,69.7,285.8,53.6,27.0,Muddy,Compaction,108.8,21.29,38.6,247.2,60.3,114.1,32.87,1,1,LOW
646,52.8,216.5,45.2,31.6,Wet,Demolition,59.6,27.18,27.0,189.5,46.2,67.7,18.62,1,1,LOW
647,7.8,32.0,97.4,24.7,Dry,Material Loading,97.0,24.31,39.3,0.0,0.0,11.2,49.01,0,0,CRITICAL
648,73.9,303.0,56.5,7.8,Wet,Compaction,20.5,20.48,7.0,296.0,72.2,125.8,33.95,1,1,LOW
649,75.9,311.2,84.6,34.0,Wet,Earth Excavation,217.0,28.43,102.8,208.4,50.8,93.0,49.51,1,1,LOW
650,31.1,127.5,87.2,11.4,Muddy,Grading,231.4,28.58,110.2,17.3,4.2,37.9,2.34,0,1,HIGH
651,59.7,244.8,57.6,40.1,Frozen,Earth Excavation,122.0,27.32,55.6,189.2,46.1,76.2,42.51,1,1,LOW
652,83.0,340.3,44.6,24.6,Muddy,Earth Excavation,209.8,25.38,88.7,251.6,61.4,114.0,39.63,1,1,LOW
653,98.2,402.6,79.0,35.8,Dry,Grading,275.6,23.75,109.1,293.5,71.6,144.1,32.37,1,1,LOW
654,27.4,112.3,68.8,34.2,Dry,Trenching,79.2,25.35,33.5,78.8,19.2,37.7,48.91,1,0,LOW
655,22.3,91.4,59.2,20.9,Wet,Grading,278.4,23.2,107.6,0.0,0.0,33.5,49.34,0,0,CRITICAL
656,71.5,293.1,58.7,39.3,Frozen,Trenching,49.8,29.2,24.2,268.9,65.6,85.3,48.68,1,1,LOW
657,33.8,138.6,79.2,23.7,Frozen,Trenching,100.3,31.02,51.9,86.7,21.1,38.0,7.23,1,1,LOW
658,47.4,194.3,69.7,13.6,Muddy,Demolition,198.8,32.37,107.3,87.0,21.2,51.0,45.03,1,1,LOW
659,64.2,263.2,89.3,18.2,Wet,Trenching,94.2,31.21,49.0,214.2,52.2,71.7,14.01,1,1,LOW
660,36.0,147.6,55.7,30.9,Frozen,Earth Excavation,115.3,26.0,50.0,97.6,23.8,48.3,34.64,1,1,LOW
661,26.0,106.6,51.6,5.0,Dry,Material Loading,30.9,18.95,9.8,96.8,23.6,47.8,14.01,1,1,LOW
662,92.2,378.0,52.5,17.4,Frozen,Material Loading,256.4,21.96,93.8,284.2,69.3,146.3,40.23,1,1,LOW
663,16.8,68.9,64.2,39.8,Wet,Demolition,50.1,30.4,25.4,43.5,10.6,19.3,28.93,1,0,MEDIUM
664,70.2,287.8,93.2,23.2,Dry,Earth Excavation,182.2,28.06,85.2,202.6,49.4,87.2,20.72,1,1,LOW
665,37.3,152.9,90.7,15.9,Muddy,Earth Excavation,105.8,32.16,56.7,96.2,23.5,40.4,2.23,1,1,LOW
666,67.7,277.6,48.3,9.5,Wet,Earth Excavation,41.7,23.5,16.3,261.3,63.7,100.4,43.79,1,1,LOW
667,9.4,38.5,84.1,34.5,Frozen,Demolition,117.4,34.01,66.5,0.0,0.0,9.6,14.63,0,0,CRITICAL
668,86.4,354.2,82.3,23.9,Muddy,Trenching,223.6,32.3,120.4,233.8,57.0,93.2,42.8,1,1,LOW
669,68.5,280.9,63.2,24.1,Dry,Grading,237.2,22.57,89.2,191.7,46.8,105.8,48.89,1,1,LOW
670,37.5,153.8,61.7,10.4,Frozen,Trenching,44.2,27.74,20.4,133.4,32.5,47.1,21.68,1,1,LOW
671,37.9,155.4,86.0,14.8,Wet,Grading,272.3,26.88,122.0,33.4,8.1,49.1,28.56,0,1,HIGH
672,37.8,155.0,74.2,25.3,Wet,Earth Excavation,145.1,27.46,66.4,88.6,21.6,48.0,27.38,1,1,LOW
673,63.2,259.1,44.1,18.5,Muddy,Compaction,92.6,20.7,31.9,227.2,55.4,106.4,30.46,1,1,LOW
674,35.1,143.9,93.1,18.7,Muddy,Trenching,274.6,34.4,157.4,0.0,0.0,35.6,37.42,0,0,CRITICAL
675,9.7,39.8,47.6,30.5,Muddy,Trenching,83.2,26.98,37.4,2.4,0.6,12.5,39.07,0,0,CRITICAL
676,11.8,48.4,42.1,22.7,Muddy,Grading,263.3,22.39,98.3,0.0,0.0,18.4,5.98,0,1,HIGH
677,55.3,226.7,61.1,24.3,Frozen,Demolition,172.6,30.97,89.1,137.6,33.6,62.2,21.05,1,1,LOW
678,11.2,45.9,94.1,25.1,Frozen,Grading,278.2,27.89,129.3,0.0,0.0,14.0,25.61,0,0,CRITICAL
679,30.9,126.7,78.2,27.8,Muddy,Trenching,218.6,31.94,116.4,10.3,2.5,33.7,32.38,0,1,HIGH
680,5.4,22.1,65.9,5.2,Frozen,Earth Excavation,140.6,27.07,63.4,0.0,0.0,6.9,4.56,0,1,HIGH
681,67.3,275.9,57.9,44.9,Frozen,Demolition,183.9,33.0,101.1,174.8,42.6,71.1,48.36,1,1,LOW
682,35.3,144.7,83.5,10.5,Dry,Compaction,157.5,21.8,57.2,87.5,21.3,56.4,1.33,1,1,LOW
683,95.8,392.8,58.3,12.3,Frozen,Trenching,154.2,27.45,70.5,322.3,78.6,121.6,42.21,1,1,LOW
684,46.5,190.7,52.1,6.8,Wet,Material Loading,248.1,21.02,86.9,103.8,25.3,77.1,36.62,1,1,LOW
685,61.5,252.2,65.3,28.2,Dry,Grading,210.7,22.23,78.1,174.1,42.5,96.4,25.63,1,1,LOW
686,45.7,187.4,40.9,14.5,Muddy,Grading,171.4,21.91,62.6,124.8,30.4,72.7,27.84,1,1,LOW
687,31.1,127.5,78.6,33.2,Frozen,Material Loading,132.6,25.31,55.9,71.6,17.5,42.8,9.36,1,1,LOW
688,79.7,326.8,92.7,28.7,Dry,Trenching,211.0,29.29,103.0,223.8,54.6,94.8,37.14,1,1,LOW
689,83.5,342.3,44.3,5.4,Frozen,Earth Excavation,63.7,24.11,25.6,316.7,77.2,120.7,44.01,1,1,LOW
690,31.1,127.5,64.9,20.8,Dry,Trenching,58.6,25.23,24.6,102.9,25.1,43.0,32.97,1,1,LOW
691,78.7,322.7,51.7,34.3,Dry,Compaction,55.1,18.93,17.4,305.3,74.5,144.9,4.79,1,1,LOW
692,49.0,200.9,76.6,5.9,Muddy,Trenching,161.5,31.53,84.9,116.0,28.3,54.2,44.37,1,1,LOW
693,78.6,322.3,78.4,9.6,Muddy,Trenching,86.6,32.02,46.2,276.1,67.3,85.6,22.41,1,1,LOW
694,46.2,189.4,54.2,32.8,Dry,Grading,165.4,20.32,56.0,133.4,32.5,79.2,27.94,1,1,LOW
695,69.6,285.4,62.5,19.5,Muddy,Earth Excavation,187.1,28.4,88.6,196.8,48.0,85.4,30.33,1,1,LOW
696,86.7,355.5,89.0,9.4,Dry,Compaction,130.3,23.13,50.2,305.3,74.5,130.6,49.99,1,1,LOW
697,31.6,129.6,65.6,15.7,Muddy,Compaction,154.7,23.41,60.4,69.2,16.9,47.1,11.43,1,1,LOW
698,89.4,366.5,86.0,25.0,Muddy,Trenching,70.4,32.26,37.9,328.6,80.1,96.6,43.98,1,1,LOW
699,59.4,243.5,91.0,9.9,Dry,Compaction,80.7,22.78,30.6,212.9,51.9,90.9,6.47,1,1,LOW
700,41.8,171.4,94.6,18.0,Dry,Compaction,229.7,22.55,86.3,85.1,20.8,64.6,33.56,1,1,LOW
701,43.8,179.6,62.6,11.4,Muddy,Trenching,266.3,29.28,130.0,49.6,12.1,52.1,23.98,1,1,LOW
702,25.5,104.5,68.1,33.7,Wet,Trenching,232.2,27.58,106.7,0.0,0.0,32.2,31.67,0,1,HIGH
703,28.8,118.1,76.6,11.1,Frozen,Material Loading,222.8,25.08,93.1,25.0,6.1,40.0,31.77,0,1,HIGH
704,86.5,354.6,43.1,28.8,Muddy,Demolition,168.8,28.56,80.3,274.3,66.9,105.5,40.13,1,1,LOW
705,79.4,325.5,78.0,32.6,Muddy,Trenching,227.7,31.29,118.7,206.8,50.4,88.4,12.28,1,1,LOW
706,26.6,109.1,53.7,39.3,Muddy,Trenching,121.1,29.34,59.2,49.9,12.2,31.6,35.87,1,0,LOW
707,20.1,82.4,68.2,14.7,Dry,Trenching,22.6,26.18,9.9,72.5,17.7,26.8,18.84,1,1,MEDIUM
708,8.0,32.8,76.0,30.1,Frozen,Earth Excavation,108.8,27.75,50.3,0.0,0.0,10.0,43.7,0,0,CRITICAL
709,44.1,180.8,67.0,13.3,Frozen,Compaction,275.9,21.62,99.4,81.4,19.9,71.1,45.58,1,1,LOW
710,34.5,141.4,49.3,17.3,Dry,Trenching,197.3,23.15,76.1,65.3,15.9,51.9,9.89,1,1,LOW
711,14.8,60.7,40.4,39.2,Wet,Compaction,119.5,18.85,37.5,23.2,5.7,27.4,29.98,0,0,CRITICAL
712,21.0,86.1,67.3,19.1,Muddy,Grading,81.1,26.41,35.7,50.4,12.3,27.7,33.31,1,0,MEDIUM
713,20.8,85.3,42.5,22.6,Muddy,Compaction,202.2,20.64,69.6,15.7,3.8,35.1,35.24,0,0,CRITICAL
714,27.3,111.9,70.8,13.2,Frozen,Compaction,75.2,22.79,28.6,83.3,20.3,41.7,14.92,1,1,LOW
715,51.2,209.9,74.8,22.5,Muddy,Demolition,255.2,34.09,145.0,64.9,15.8,52.3,44.02,1,1,LOW
716,65.3,267.7,75.3,22.4,Wet,Trenching,185.8,28.72,88.9,178.8,43.6,79.2,1.76,1,1,LOW
717,85.9,352.2,42.7,26.0,Wet,Grading,75.5,20.24,25.5,326.7,79.7,147.9,44.84,1,1,LOW
718,89.0,364.9,84.3,14.6,Dry,Earth Excavation,108.5,25.92,46.9,318.0,77.6,119.7,20.2,1,1,LOW
719,99.9,409.6,53.3,38.2,Frozen,Earth Excavation,294.5,26.52,130.2,279.4,68.1,131.3,11.66,1,1,LOW
720,58.1,238.2,47.0,37.7,Muddy,Trenching,173.8,26.91,77.9,160.3,39.1,75.2,27.71,1,1,LOW
721,10.3,42.2,49.8,11.4,Frozen,Trenching,60.6,26.1,26.4,15.8,3.9,13.7,46.14,0,0,CRITICAL
722,64.2,263.2,60.7,16.0,Dry,Grading,102.4,21.12,36.0,227.2,55.4,105.9,17.51,1,1,LOW
723,53.0,217.3,97.1,13.9,Wet,Material Loading,61.9,26.55,27.4,189.9,46.3,69.6,17.82,1,1,LOW
724,21.6,88.6,73.7,21.7,Wet,Earth Excavation,281.3,27.36,128.3,0.0,0.0,27.5,20.97,0,1,HIGH
725,44.5,182.4,94.4,16.6,Frozen,Material Loading,232.5,27.39,106.1,76.3,18.6,56.6,17.51,1,1,LOW
726,99.5,407.9,72.2,32.6,Frozen,Grading,251.8,25.2,105.8,302.1,73.7,137.6,43.16,1,1,LOW
727,33.0,135.3,41.3,29.6,Muddy,Compaction,146.2,20.78,50.6,84.7,20.7,55.3,8.65,1,1,LOW
728,53.4,218.9,88.5,11.9,Wet,Grading,230.9,26.25,101.0,117.9,28.8,70.9,46.83,1,1,LOW
729,93.0,381.3,74.9,35.7,Frozen,Earth Excavation,161.7,28.51,76.8,304.5,74.3,113.7,31.32,1,1,LOW
730,46.0,188.6,72.1,27.1,Muddy,Earth Excavation,143.1,29.81,71.1,117.5,28.7,53.8,11.08,1,1,LOW
731,97.8,401.0,57.4,12.0,Muddy,Trenching,153.8,28.73,73.6,327.4,79.9,118.6,43.79,1,1,LOW
732,10.3,42.2,42.3,14.1,Wet,Demolition,194.0,25.93,83.8,0.0,0.0,13.8,28.37,0,0,CRITICAL
733,93.3,382.5,59.2,38.4,Dry,Demolition,155.3,27.36,70.8,311.7,76.0,118.8,44.77,1,1,LOW
734,67.6,277.2,45.1,24.0,Muddy,Trenching,37.6,27.38,17.2,260.0,63.4,86.1,0.68,1,1,LOW
735,61.0,250.1,66.4,17.1,Frozen,Demolition,283.1,30.63,144.5,105.6,25.8,69.4,6.72,1,1,LOW
736,66.6,273.1,82.5,19.7,Wet,Compaction,54.8,22.76,20.8,252.3,61.5,102.0,16.92,1,1,LOW
737,64.4,264.0,88.6,6.9,Muddy,Trenching,33.6,33.44,18.7,245.3,59.8,67.1,10.01,1,1,LOW
738,52.9,216.9,70.6,31.3,Muddy,Material Loading,20.9,25.78,9.0,207.9,50.7,71.5,33.86,1,1,LOW
739,87.3,357.9,41.3,26.2,Wet,Demolition,180.3,25.83,77.6,280.3,68.4,117.8,30.62,1,1,LOW
740,16.6,68.1,79.1,40.2,Dry,Demolition,144.1,30.72,73.8,0.0,0.0,18.8,17.55,0,1,HIGH
741,56.6,232.1,54.9,11.9,Frozen,Trenching,148.6,26.96,66.8,165.3,40.3,73.2,8.92,1,1,LOW
742,9.9,40.6,93.9,7.9,Muddy,Earth Excavation,146.3,33.75,82.3,0.0,0.0,10.2,12.63,0,0,CRITICAL
743,91.5,375.2,63.5,22.9,Dry,Material Loading,30.6,21.29,10.9,364.3,88.9,149.8,15.0,1,1,LOW
744,14.7,60.3,72.5,9.0,Wet,Earth Excavation,154.5,27.08,69.7,0.0,0.0,18.9,22.39,0,0,CRITICAL
745,5.4,22.1,51.2,14.4,Frozen,Compaction,276.3,20.55,94.6,0.0,0.0,9.1,20.59,0,0,CRITICAL
746,72.7,298.1,76.4,12.4,Wet,Earth Excavation,142.5,27.56,65.5,232.6,56.7,91.9,28.46,1,1,LOW
747,32.9,134.9,57.7,15.5,Frozen,Material Loading,202.9,22.31,75.4,59.5,14.5,51.4,25.71,1,1,LOW
748,14.8,60.7,87.7,24.2,Muddy,Earth Excavation,92.3,31.85,49.0,11.7,2.9,16.2,40.3,0,0,CRITICAL
749,88.2,361.6,74.9,21.9,Frozen,Material Loading,74.3,24.3,30.1,331.5,80.9,126.5,32.71,1,1,LOW
750,19.7,80.8,91.4,19.7,Wet,Earth Excavation,111.8,29.69,55.3,25.5,6.2,23.1,43.56,0,0,CRITICAL
751,51.6,211.6,95.5,40.0,Muddy,Compaction,260.7,28.08,122.0,89.6,21.9,64.1,19.4,1,1,LOW
752,59.8,245.2,81.7,12.1,Muddy,Compaction,288.1,24.29,116.6,128.6,31.4,85.8,15.48,1,1,LOW
753,40.9,167.7,51.6,9.5,Dry,Compaction,175.4,17.53,51.2,116.5,28.4,81.3,15.7,1,1,LOW
754,36.5,149.7,66.0,39.5,Wet,Compaction,233.5,21.8,84.8,64.9,15.8,58.4,29.38,1,1,LOW
755,27.9,114.4,55.2,8.7,Muddy,Grading,191.7,24.36,77.8,36.6,8.9,39.9,36.44,0,1,HIGH
756,6.2,25.4,76.7,44.9,Muddy,Trenching,71.5,34.45,41.1,0.0,0.0,6.3,14.45,0,0,CRITICAL
757,28.8,118.1,60.1,30.5,Muddy,Material Loading,130.9,24.23,52.9,65.2,15.9,41.4,2.48,1,1,LOW
758,43.7,179.2,59.0,8.5,Frozen,Grading,261.9,23.8,103.9,75.3,18.4,64.0,2.54,1,1,LOW
759,18.9,77.5,74.9,41.8,Frozen,Material Loading,116.3,25.2,48.8,28.7,7.0,26.1,38.41,0,0,CRITICAL
760,28.4,116.4,49.3,19.3,Wet,Compaction,214.6,19.49,69.7,46.7,11.4,50.8,33.46,1,1,LOW
761,31.3,128.3,59.7,6.7,Muddy,Demolition,183.1,32.07,97.9,30.4,7.4,34.0,15.26,0,1,HIGH
762,73.7,302.2,83.4,31.6,Frozen,Trenching,275.7,30.85,141.8,160.4,39.1,83.3,37.78,1,1,LOW
763,66.8,273.9,92.5,42.1,Muddy,Grading,136.7,30.95,70.5,203.4,49.6,75.2,18.5,1,1,LOW
764,66.2,271.4,44.5,10.7,Frozen,Demolition,267.7,27.29,121.8,149.6,36.5,84.5,47.62,1,1,LOW
765,79.5,325.9,88.0,17.6,Muddy,Earth Excavation,299.2,32.42,161.7,164.2,40.0,85.4,2.0,1,1,LOW
766,66.8,273.9,79.5,15.2,Muddy,Compaction,80.6,25.48,34.2,239.7,58.5,91.4,41.54,1,1,LOW
767,71.2,291.9,85.4,12.6,Wet,Trenching,238.1,30.61,121.5,170.4,41.6,81.1,4.76,1,1,LOW
768,48.3,198.0,94.0,27.5,Wet,Material Loading,293.9,26.26,128.6,69.4,16.9,64.1,23.45,1,1,LOW
769,44.1,180.8,58.1,18.0,Wet,Compaction,31.4,19.73,10.3,170.5,41.6,77.9,34.25,1,1,LOW
770,41.5,170.2,48.5,27.1,Wet,Compaction,119.3,19.12,38.0,132.2,32.2,75.7,8.59,1,1,LOW
771,82.7,339.1,55.5,36.0,Muddy,Trenching,72.8,29.56,35.9,303.2,74.0,97.5,36.5,1,1,LOW
772,8.0,32.8,95.7,10.9,Dry,Material Loading,127.7,23.78,50.6,0.0,0.0,11.7,24.73,0,0,CRITICAL
773,5.6,23.0,94.1,30.8,Frozen,Demolition,248.9,35.94,149.1,0.0,0.0,5.4,46.43,0,0,CRITICAL
774,38.9,159.5,65.7,31.3,Wet,Material Loading,224.9,22.18,83.1,76.4,18.6,61.1,5.05,1,1,LOW
775,24.4,100.0,94.7,11.2,Dry,Earth Excavation,247.3,28.51,117.5,0.0,0.0,29.8,41.03,0,0,CRITICAL
776,96.3,394.8,55.7,38.1,Wet,Material Loading,170.5,22.07,62.7,332.1,81.0,152.1,22.56,1,1,LOW
777,59.6,244.4,83.4,12.0,Frozen,Demolition,168.5,33.88,95.1,149.3,36.4,61.3,9.32,1,1,LOW
778,23.2,95.1,43.7,32.4,Muddy,Earth Excavation,49.7,25.66,21.3,73.8,18.0,31.5,37.13,1,0,MEDIUM
779,81.9,335.8,86.2,10.7,Frozen,Grading,47.1,26.96,21.2,314.6,76.7,105.9,31.81,1,1,LOW
780,94.7,388.3,52.0,32.3,Dry,Earth Excavation,78.7,23.12,30.3,358.0,87.3,142.8,22.82,1,1,LOW
781,99.9,409.6,41.5,5.0,Wet,Material Loading,122.5,19.7,40.2,369.4,90.1,176.7,44.25,1,1,LOW
782,88.6,363.3,48.3,21.5,Muddy,Compaction,107.5,22.41,40.2,323.1,78.8,137.8,33.33,1,1,LOW
783,35.7,146.4,89.9,15.0,Frozen,Demolition,105.8,34.66,61.1,85.3,20.8,35.9,1.66,1,1,LOW
784,21.3,87.3,69.4,9.5,Wet,Grading,265.0,24.15,106.7,0.0,0.0,30.7,18.44,0,1,HIGH
785,43.0,176.3,85.6,28.7,Wet,Earth Excavation,170.4,29.63,84.1,92.2,22.5,50.6,23.67,1,1,LOW
786,15.5,63.5,96.9,12.0,Wet,Trenching,60.8,31.03,31.4,32.1,7.8,17.4,28.72,0,0,CRITICAL
787,28.7,117.7,64.9,31.9,Dry,Trenching,276.3,25.89,119.2,0.0,0.0,38.6,15.66,0,1,HIGH
788,37.6,154.2,88.8,25.8,Frozen,Material Loading,255.1,26.35,112.0,42.2,10.3,49.7,37.73,1,1,LOW
789,62.6,256.7,61.4,5.0,Dry,Demolition,173.9,27.66,80.2,176.5,43.0,78.9,30.12,1,1,LOW
790,57.3,234.9,56.8,43.9,Muddy,Grading,207.9,26.55,92.0,142.9,34.9,75.2,23.01,1,1,LOW
791,11.1,45.5,60.3,12.0,Dry,Grading,266.1,21.18,93.9,0.0,0.0,18.3,15.49,0,1,HIGH
792,68.7,281.7,48.7,42.2,Wet,Material Loading,48.3,21.38,17.2,264.5,64.5,112.0,9.15,1,1,LOW
793,28.5,116.8,78.4,11.2,Muddy,Trenching,266.2,32.13,142.6,0.0,0.0,30.9,7.83,0,1,HIGH
794,52.6,215.7,90.0,18.0,Dry,Earth Excavation,295.0,26.47,130.1,85.6,20.9,69.3,34.0,1,1,LOW
795,76.5,313.6,80.5,20.4,Muddy,Trenching,220.7,31.69,116.6,197.0,48.0,84.1,35.98,1,1,LOW
796,59.0,241.9,57.1,24.6,Frozen,Grading,139.5,23.95,55.7,186.2,45.4,85.9,39.66,1,1,LOW
797,5.9,24.2,73.1,30.3,Muddy,Demolition,135.8,34.54,78.2,0.0,0.0,6.0,28.94,0,0,CRITICAL
798,55.5,227.6,43.9,40.9,Wet,Demolition,173.5,27.95,80.8,146.8,35.8,69.2,28.05,1,1,LOW
799,61.8,253.4,64.9,33.4,Muddy,Earth Excavation,219.0,28.29,103.3,150.1,36.6,76.1,14.7,1,1,LOW
800,64.6,264.9,53.2,22.6,Dry,Demolition,189.6,25.39,80.2,184.7,45.0,88.7,3.9,1,1,LOW
801,34.6,141.9,77.2,29.6,Frozen,Earth Excavation,190.2,28.97,91.8,50.1,12.2,41.6,36.88,1,1,LOW
802,10.6,43.5,57.6,21.9,Muddy,Trenching,137.8,28.21,64.8,0.0,0.0,13.1,4.02,0,1,HIGH
803,68.5,280.9,55.2,33.5,Wet,Earth Excavation,177.6,25.07,74.2,206.7,50.4,95.2,19.88,1,1,LOW
804,79.5,325.9,61.8,29.9,Frozen,Trenching,182.5,27.69,84.2,241.7,59.0,100.0,4.52,1,1,LOW
805,22.4,91.8,91.2,22.8,Muddy,Grading,120.9,29.73,59.9,31.9,7.8,26.2,14.79,0,1,HIGH
806,91.6,375.6,86.4,10.3,Frozen,Compaction,137.2,24.47,56.0,319.6,78.0,130.5,1.26,1,1,LOW
807,17.4,71.3,52.2,32.8,Frozen,Trenching,269.7,25.95,116.6,0.0,0.0,23.4,33.03,0,0,CRITICAL
808,63.4,259.9,90.4,19.5,Muddy,Grading,164.4,29.61,81.1,178.8,43.6,74.6,45.24,1,1,LOW
809,59.9,245.6,83.8,19.8,Frozen,Demolition,124.4,33.24,68.9,176.7,43.1,62.8,9.08,1,1,LOW
810,45.0,184.5,40.9,7.8,Muddy,Trenching,235.4,26.37,103.5,81.0,19.8,59.5,44.66,1,1,LOW
811,15.0,61.5,71.0,39.2,Dry,Compaction,101.5,21.32,36.1,25.4,6.2,24.5,6.63,0,1,HIGH
812,86.1,353.0,43.1,37.9,Dry,Earth Excavation,37.7,22.14,13.9,339.1,82.7,135.5,38.05,1,1,LOW
813,44.4,182.0,92.4,38.6,Frozen,Earth Excavation,192.5,31.96,102.5,79.5,19.4,48.4,38.73,1,1,LOW
814,98.4,403.4,79.8,9.2,Wet,Trenching,251.3,28.86,120.9,282.5,68.9,118.8,49.84,1,1,LOW
815,14.5,59.4,84.3,7.6,Wet,Earth Excavation,268.9,28.73,128.8,0.0,0.0,17.6,40.12,0,0,CRITICAL
816,66.8,273.9,58.7,41.3,Wet,Trenching,97.1,27.45,44.4,229.5,56.0,84.8,44.38,1,1,LOW
817,90.1,369.4,49.0,43.1,Frozen,Grading,207.0,24.09,83.1,286.3,69.8,130.3,45.75,1,1,LOW
818,73.4,300.9,77.1,36.5,Wet,Demolition,210.4,31.57,110.7,190.2,46.4,81.0,3.85,1,1,LOW
819,95.6,392.0,96.2,43.7,Dry,Earth Excavation,127.1,29.99,63.5,328.5,80.1,111.1,38.1,1,1,LOW
820,13.2,54.1,75.4,10.7,Muddy,Material Loading,87.1,26.59,38.6,15.5,3.8,17.3,3.13,0,1,HIGH
821,91.5,375.2,83.2,42.3,Frozen,Material Loading,135.7,26.07,59.0,316.2,77.1,122.3,18.24,1,1,LOW
822,38.4,157.4,83.3,37.1,Dry,Demolition,88.0,31.14,45.7,111.7,27.2,43.0,26.59,1,1,LOW
823,8.6,35.3,81.1,27.0,Wet,Compaction,44.5,23.7,17.6,17.7,4.3,12.7,49.78,0,0,CRITICAL
824,49.2,201.7,90.2,14.7,Dry,Compaction,266.2,21.62,95.9,105.8,25.8,79.3,40.83,1,1,LOW
825,49.0,200.9,87.6,32.6,Wet,Earth Excavation,52.0,29.14,25.3,175.6,42.8,58.6,38.71,1,1,LOW
826,54.3,222.6,92.6,31.4,Muddy,Material Loading,135.9,28.07,63.6,159.0,38.8,67.4,30.46,1,1,LOW
827,58.6,240.3,69.5,34.1,Frozen,Compaction,252.5,22.71,95.6,144.7,35.3,89.9,3.6,1,1,LOW
828,53.8,220.6,44.3,32.2,Muddy,Compaction,166.6,21.36,59.3,161.3,39.3,87.8,39.79,1,1,LOW
829,24.2,99.2,60.3,21.4,Muddy,Compaction,256.7,23.59,100.9,0.0,0.0,35.7,36.19,0,0,CRITICAL
830,39.8,163.2,49.2,32.5,Muddy,Trenching,167.1,28.21,78.6,84.6,20.6,49.2,39.7,1,1,LOW
831,33.3,136.5,59.3,31.1,Muddy,Grading,47.0,25.09,19.7,116.8,28.5,46.2,43.76,1,1,LOW
832,50.0,205.0,51.5,20.1,Frozen,Trenching,95.8,26.64,42.5,162.5,39.6,65.4,28.59,1,1,LOW
833,89.5,366.9,94.6,13.8,Muddy,Earth Excavation,239.9,32.09,128.3,238.6,58.2,97.2,49.75,1,1,LOW
834,7.3,29.9,54.6,6.7,Muddy,Compaction,182.8,22.55,68.7,0.0,0.0,11.3,25.93,0,0,CRITICAL
835,29.0,118.9,74.9,6.2,Wet,Grading,225.6,25.54,96.0,22.9,5.6,39.6,33.81,0,1,HIGH
836,83.5,342.3,81.5,10.1,Dry,Trenching,198.4,26.49,87.6,254.7,62.1,109.8,14.83,1,1,LOW
837,19.7,80.8,49.6,24.1,Muddy,Grading,69.4,24.25,28.0,52.8,12.9,28.3,35.77,1,0,MEDIUM
838,34.6,141.9,53.0,36.4,Muddy,Demolition,157.9,30.78,81.0,60.9,14.9,39.2,2.58,1,1,LOW
839,20.0,82.0,88.9,8.4,Dry,Demolition,184.8,30.41,93.7,0.0,0.0,22.9,26.13,0,0,CRITICAL
840,7.6,31.2,85.1,9.7,Dry,Demolition,168.2,31.27,87.7,0.0,0.0,8.5,3.53,0,1,HIGH
841,7.6,31.2,48.0,36.9,Frozen,Material Loading,266.8,22.34,99.3,0.0,0.0,11.9,31.95,0,0,CRITICAL
842,32.8,134.5,47.8,43.4,Muddy,Earth Excavation,168.1,27.94,78.3,56.2,13.7,40.9,13.99,1,1,LOW
843,61.5,252.2,86.3,36.1,Frozen,Demolition,102.0,34.4,58.5,193.7,47.2,62.3,23.55,1,1,LOW
844,76.0,311.6,57.5,27.5,Wet,Trenching,249.4,26.32,109.4,202.2,49.3,100.6,40.95,1,1,LOW
845,9.4,38.5,97.6,14.9,Frozen,Trenching,89.8,33.12,49.6,0.0,0.0,9.9,13.74,0,0,CRITICAL
846,27.8,114.0,62.8,31.2,Frozen,Demolition,214.0,30.32,108.1,5.9,1.4,32.0,29.92,0,1,HIGH
847,82.5,338.2,42.2,15.6,Dry,Earth Excavation,206.9,21.67,74.7,263.5,64.3,132.7,18.73,1,1,LOW
848,38.0,155.8,66.4,23.3,Frozen,Earth Excavation,140.5,27.53,64.5,91.3,22.3,48.1,32.23,1,1,LOW
849,12.2,50.0,78.7,17.4,Frozen,Earth Excavation,63.6,29.25,31.0,19.0,4.6,14.5,25.13,0,0,CRITICAL
850,71.0,291.1,54.0,35.9,Dry,Trenching,193.8,24.19,78.1,213.0,52.0,102.3,40.06,1,1,LOW
851,9.4,38.5,71.1,44.8,Dry,Demolition,81.9,29.88,40.8,0.0,0.0,11.0,37.91,0,0,CRITICAL
852,20.2,82.8,78.6,25.0,Dry,Grading,251.7,24.01,100.7,0.0,0.0,29.3,17.16,0,1,HIGH
853,39.8,163.2,42.5,20.1,Muddy,Demolition,155.3,28.06,72.6,90.6,22.1,49.4,5.86,1,1,LOW
854,96.5,395.6,92.7,27.9,Dry,Material Loading,182.6,24.43,74.3,321.3,78.4,137.6,40.89,1,1,LOW
855,82.8,339.5,66.4,9.8,Muddy,Grading,63.8,25.34,26.9,312.6,76.2,113.9,3.52,1,1,LOW
856,67.3,275.9,89.5,36.3,Dry,Demolition,232.8,31.33,121.6,154.3,37.6,74.9,35.31,1,1,LOW
857,64.5,264.4,47.0,7.3,Frozen,Earth Excavation,250.5,25.24,105.4,159.0,38.8,89.0,37.32,1,1,LOW
858,98.0,401.8,91.8,10.3,Muddy,Demolition,254.8,37.04,157.3,244.5,59.6,92.2,43.62,1,1,LOW
859,16.1,66.0,93.6,12.0,Wet,Material Loading,147.7,25.72,63.3,2.7,0.7,21.8,6.66,0,1,HIGH
860,99.4,407.5,90.8,41.5,Dry,Trenching,81.6,30.33,41.2,366.3,89.3,114.2,21.58,1,1,LOW
861,5.5,22.6,85.2,44.9,Frozen,Grading,128.7,30.18,64.7,0.0,0.0,6.4,19.94,0,0,CRITICAL
862,30.3,124.2,69.1,22.3,Dry,Grading,257.7,22.57,96.9,27.3,6.7,46.8,11.65,0,1,HIGH
863,8.6,35.3,47.8,27.8,Dry,Compaction,268.3,18.32,81.9,0.0,0.0,16.4,31.94,0,0,CRITICAL
864,19.7,80.8,63.3,18.3,Frozen,Demolition,156.3,30.08,78.4,2.4,0.6,22.8,11.7,0,1,HIGH
865,18.0,73.8,93.3,7.0,Wet,Earth Excavation,71.2,29.76,35.3,38.5,9.4,21.1,40.64,0,0,CRITICAL
866,64.5,264.4,60.7,7.7,Dry,Demolition,73.7,27.23,33.4,231.0,56.3,82.5,2.14,1,1,LOW
867,12.9,52.9,45.6,37.0,Muddy,Material Loading,87.6,23.04,33.6,19.3,4.7,19.5,17.76,0,1,HIGH
868,11.3,46.3,46.8,29.7,Dry,Grading,292.3,19.69,95.9,0.0,0.0,20.0,19.04,0,1,HIGH
869,56.1,230.0,77.0,10.6,Muddy,Grading,75.4,28.17,35.4,194.6,47.5,69.4,42.31,1,1,LOW
870,45.8,187.8,96.1,44.2,Dry,Earth Excavation,123.0,29.68,60.8,127.0,31.0,53.8,30.22,1,1,LOW
871,41.4,169.7,55.1,43.1,Muddy,Material Loading,233.5,24.94,97.1,72.6,17.7,57.8,19.64,1,1,LOW
872,87.0,356.7,40.0,7.2,Muddy,Material Loading,212.3,21.19,75.0,281.7,68.7,143.1,17.41,1,1,LOW
873,35.2,144.3,54.2,5.2,Frozen,Grading,52.7,23.23,20.4,123.9,30.2,52.8,14.73,1,1,LOW
874,73.9,303.0,55.3,18.2,Frozen,Trenching,287.9,26.81,128.6,174.4,42.5,96.1,9.93,1,1,LOW
875,47.3,193.9,51.0,11.3,Frozen,Earth Excavation,199.2,25.32,84.1,109.8,26.8,65.1,30.8,1,1,LOW
876,78.5,321.9,58.9,41.7,Frozen,Compaction,245.3,21.95,89.7,232.2,56.6,124.7,36.19,1,1,LOW
877,31.9,130.8,64.5,8.9,Muddy,Material Loading,32.1,24.18,12.9,117.9,28.8,46.0,0.7,1,1,LOW
878,70.5,289.1,72.6,18.6,Dry,Grading,269.6,22.0,98.9,190.2,46.4,111.7,32.79,1,1,LOW
879,48.7,199.7,60.1,32.9,Muddy,Demolition,138.9,31.35,72.6,127.1,31.0,54.1,19.91,1,1,LOW
880,45.4,186.1,97.5,33.3,Muddy,Material Loading,124.0,28.57,59.0,127.1,31.0,55.4,21.82,1,1,LOW
881,55.1,225.9,87.1,31.4,Muddy,Trenching,223.8,33.17,123.7,102.2,24.9,57.9,36.11,1,1,LOW
882,64.2,263.2,75.4,38.6,Dry,Earth Excavation,74.6,26.64,33.1,230.1,56.1,84.0,24.56,1,1,LOW
883,44.5,182.4,85.7,10.9,Frozen,Material Loading,297.1,26.19,129.7,52.7,12.9,59.2,25.54,1,1,LOW
884,19.0,77.9,79.3,20.8,Dry,Trenching,28.8,27.22,13.1,64.8,15.8,24.3,42.38,1,0,MEDIUM
885,76.2,312.4,62.2,28.9,Frozen,Trenching,63.5,28.31,30.0,282.4,68.9,93.8,26.9,1,1,LOW
886,23.6,96.8,65.3,22.8,Frozen,Trenching,178.2,28.44,84.5,12.3,3.0,28.9,7.72,0,1,HIGH
887,15.8,64.8,68.2,17.5,Dry,Material Loading,141.4,20.15,47.5,17.3,4.2,27.3,45.44,0,0,CRITICAL
888,82.8,339.5,53.1,19.1,Dry,Earth Excavation,137.8,23.67,54.4,285.1,69.5,121.9,33.6,1,1,LOW
889,58.8,241.1,77.1,12.1,Wet,Earth Excavation,241.7,28.26,113.8,127.3,31.0,72.5,8.77,1,1,LOW
890,94.1,385.8,95.9,29.7,Dry,Material Loading,253.3,23.89,100.9,284.9,69.5,137.3,10.63,1,1,LOW
891,38.9,159.5,92.9,41.8,Frozen,Grading,51.0,29.29,24.9,134.6,32.8,46.3,24.37,1,1,LOW
892,89.1,365.3,48.0,7.2,Wet,Compaction,146.9,18.91,46.3,319.0,77.8,164.2,42.0,1,1,LOW
893,81.1,332.5,42.2,6.1,Frozen,Material Loading,82.0,20.6,28.2,304.3,74.2,137.2,29.89,1,1,LOW
894,8.4,34.4,82.2,13.4,Muddy,Grading,230.0,28.13,107.8,0.0,0.0,10.4,3.44,0,1,HIGH
895,30.5,125.0,62.6,8.5,Frozen,Demolition,177.0,29.92,88.3,36.7,9.0,35.5,25.48,0,1,HIGH
896,36.8,150.9,91.7,33.8,Frozen,Demolition,274.2,34.95,159.7,0.0,0.0,36.7,49.56,0,0,CRITICAL
897,80.6,330.5,86.7,30.8,Frozen,Trenching,290.2,31.14,150.6,179.9,43.9,90.2,10.62,1,1,LOW
898,73.6,301.8,45.2,32.7,Wet,Demolition,117.8,26.58,52.2,249.6,60.9,96.5,35.62,1,1,LOW
899,85.4,350.1,95.2,11.1,Dry,Compaction,161.6,23.64,63.7,286.4,69.9,125.9,26.81,1,1,LOW
900,51.4,210.7,74.8,14.2,Dry,Material Loading,262.3,21.02,91.9,118.8,29.0,85.2,5.94,1,1,LOW
901,22.5,92.2,89.1,28.2,Wet,Material Loading,90.0,24.95,37.4,54.8,13.4,31.4,22.12,1,1,MEDIUM
902,53.4,218.9,67.2,34.9,Frozen,Material Loading,139.7,23.49,54.7,164.2,40.0,79.2,17.18,1,1,LOW
903,72.8,298.5,90.6,41.2,Dry,Demolition,146.5,32.53,79.4,219.1,53.4,78.0,14.56,1,1,LOW
904,95.7,392.4,82.2,24.8,Muddy,Compaction,236.3,25.34,99.8,292.6,71.4,131.6,46.0,1,1,LOW
905,46.2,189.4,55.9,25.0,Wet,Trenching,284.0,26.83,127.0,62.4,15.2,60.0,25.64,1,1,LOW
906,38.1,156.2,77.1,25.8,Wet,Earth Excavation,263.4,27.36,120.1,36.1,8.8,48.5,18.27,0,1,HIGH
907,24.5,100.5,72.1,33.1,Wet,Demolition,34.5,31.28,18.0,82.5,20.1,27.3,48.68,1,0,MEDIUM
908,32.0,131.2,51.9,16.8,Muddy,Demolition,101.6,29.98,50.8,80.4,19.6,37.2,23.41,1,1,LOW
909,87.8,360.0,78.2,35.1,Muddy,Trenching,265.7,31.87,141.1,218.9,53.4,96.0,14.15,1,1,LOW
910,97.7,400.6,51.7,10.5,Muddy,Grading,109.3,25.14,45.8,354.8,86.5,135.4,7.1,1,1,LOW
911,77.1,316.1,86.0,11.2,Dry,Grading,247.8,24.91,102.9,213.2,52.0,107.9,8.47,1,1,LOW
912,5.2,21.3,70.4,12.8,Dry,Compaction,289.4,20.11,97.0,0.0,0.0,9.0,10.83,0,0,CRITICAL
913,25.1,102.9,41.0,35.3,Muddy,Material Loading,285.1,21.85,103.8,0.0,0.0,40.0,26.95,0,1,HIGH
914,47.7,195.6,51.8,40.1,Muddy,Compaction,115.5,22.95,44.2,151.4,36.9,72.4,26.63,1,1,LOW
915,79.4,325.5,44.6,5.9,Wet,Earth Excavation,130.6,23.42,51.0,274.5,67.0,118.1,23.6,1,1,LOW
916,44.1,180.8,65.6,9.4,Muddy,Demolition,187.8,32.51,101.8,79.0,19.3,47.3,19.73,1,1,LOW
917,34.8,142.7,89.6,28.0,Muddy,Material Loading,275.0,28.05,128.6,14.1,3.4,43.2,41.98,0,1,HIGH
918,26.4,108.2,48.9,32.6,Muddy,Material Loading,211.4,22.25,78.4,29.8,7.3,41.3,38.15,0,1,HIGH
919,32.0,131.2,68.5,15.9,Wet,Compaction,229.1,21.15,80.8,50.4,12.3,52.7,23.87,1,1,LOW
920,53.5,219.4,81.3,14.0,Dry,Compaction,220.2,20.9,76.7,142.7,34.8,89.2,13.7,1,1,LOW
921,86.3,353.8,54.5,34.4,Muddy,Demolition,262.5,31.39,137.3,216.5,52.8,95.8,20.38,1,1,LOW
922,99.2,406.7,73.0,9.6,Dry,Earth Excavation,241.3,26.07,104.8,301.9,73.6,132.6,21.47,1,1,LOW
923,38.0,155.8,83.9,23.6,Frozen,Demolition,225.8,33.63,126.6,29.2,7.1,39.4,48.71,0,0,CRITICAL
924,29.2,119.7,78.2,5.8,Wet,Demolition,93.1,32.21,50.0,69.7,17.0,31.6,33.41,1,0,LOW
925,20.2,82.8,89.2,5.5,Muddy,Material Loading,152.2,26.77,67.9,14.9,3.6,26.3,19.02,0,1,HIGH
926,91.9,376.8,59.0,28.2,Muddy,Demolition,236.4,31.8,125.3,251.5,61.3,100.7,2.52,1,1,LOW
927,9.4,38.5,74.1,28.0,Frozen,Compaction,61.6,23.21,23.8,14.7,3.6,14.1,9.38,0,1,HIGH
928,19.2,78.7,67.2,34.3,Frozen,Grading,79.0,25.33,33.4,45.3,11.0,26.4,15.55,1,1,MEDIUM
929,47.6,195.2,42.6,13.8,Dry,Material Loading,299.9,18.42,92.1,103.1,25.1,90.1,15.48,1,1,LOW
930,53.7,220.2,44.8,16.0,Wet,Demolition,217.3,27.5,99.6,120.6,29.4,68.1,3.01,1,1,LOW
931,21.3,87.3,47.1,28.5,Dry,Grading,228.0,19.14,72.7,14.6,3.6,38.8,44.67,0,0,CRITICAL
932,92.7,380.1,70.0,15.4,Dry,Demolition,29.9,27.63,13.8,366.3,89.3,116.9,28.2,1,1,LOW
933,31.6,129.6,90.1,14.6,Dry,Demolition,42.0,30.97,21.7,107.9,26.3,35.6,8.42,1,1,LOW
934,86.1,353.0,48.4,40.0,Muddy,Trenching,146.7,27.84,68.1,284.9,69.5,107.8,17.96,1,1,LOW
935,94.7,388.3,65.4,32.6,Muddy,Grading,160.5,25.94,69.4,318.9,77.8,127.2,31.02,1,1,LOW
936,71.4,292.7,70.9,30.8,Wet,Grading,141.3,24.93,58.7,234.0,57.1,99.8,31.43,1,1,LOW
937,77.0,315.7,96.2,43.4,Wet,Compaction,188.5,26.36,82.8,232.9,56.8,101.8,37.59,1,1,LOW
938,50.5,207.1,54.9,5.1,Dry,Demolition,261.9,26.09,113.9,93.2,22.7,67.5,25.93,1,1,LOW
939,70.8,290.3,65.2,37.1,Frozen,Demolition,117.7,31.24,61.3,229.0,55.9,79.0,12.6,1,1,LOW
940,13.9,57.0,62.9,5.7,Frozen,Earth Excavation,96.1,27.29,43.7,13.3,3.2,17.8,8.41,0,1,HIGH
941,15.0,61.5,90.2,13.8,Muddy,Earth Excavation,22.8,32.16,12.2,49.3,12.0,16.3,35.9,1,0,MEDIUM
942,53.4,218.9,46.5,44.4,Muddy,Earth Excavation,135.3,28.26,63.7,155.2,37.9,65.8,42.66,1,1,LOW
943,30.4,124.6,86.9,15.9,Dry,Earth Excavation,139.8,27.02,63.0,61.6,15.0,39.2,1.12,1,1,LOW
944,66.0,270.6,73.8,13.1,Wet,Compaction,209.6,22.39,78.2,192.4,46.9,102.7,3.49,1,1,LOW
945,60.0,246.0,86.0,15.5,Wet,Earth Excavation,216.7,29.05,104.9,141.1,34.4,72.0,39.8,1,1,LOW
946,7.3,29.9,87.5,13.2,Muddy,Material Loading,195.9,27.21,88.8,0.0,0.0,9.3,5.45,0,1,HIGH
947,7.4,30.3,93.2,17.5,Muddy,Grading,297.0,29.39,145.5,0.0,0.0,8.8,33.64,0,0,CRITICAL
948,54.5,223.5,61.9,29.0,Frozen,Demolition,240.7,29.79,119.5,104.0,25.4,63.8,21.5,1,1,LOW
949,88.9,364.5,47.9,39.0,Frozen,Trenching,220.4,27.85,102.3,262.2,64.0,111.2,40.41,1,1,LOW
950,23.3,95.5,89.0,19.7,Dry,Trenching,162.8,28.1,76.2,19.3,4.7,28.9,22.04,0,1,HIGH
951,18.0,73.8,65.3,40.7,Muddy,Earth Excavation,148.1,29.85,73.7,0.1,0.0,21.0,33.2,0,0,CRITICAL
952,61.4,251.7,87.8,13.9,Wet,Material Loading,283.8,25.72,121.7,130.0,31.7,83.2,44.36,1,1,LOW
953,50.2,205.8,66.2,7.4,Dry,Demolition,249.1,27.87,115.7,90.1,22.0,62.8,23.08,1,1,LOW
954,37.6,154.2,47.1,33.9,Muddy,Grading,85.5,22.91,32.6,121.6,29.7,57.2,31.34,1,1,LOW
955,16.6,68.1,66.6,24.8,Wet,Trenching,168.8,27.89,78.5,0.0,0.0,20.8,30.5,0,0,CRITICAL
956,19.7,80.8,89.7,17.5,Dry,Grading,195.5,23.34,76.0,4.8,1.2,29.4,42.04,0,0,CRITICAL
957,84.9,348.1,76.3,23.0,Frozen,Material Loading,126.1,24.79,52.1,296.0,72.2,119.4,21.21,1,1,LOW
958,45.3,185.7,62.6,6.4,Wet,Trenching,230.5,27.24,104.6,81.1,19.8,57.9,29.11,1,1,LOW
959,56.6,232.1,89.5,36.8,Wet,Earth Excavation,293.6,29.19,142.8,89.3,21.8,67.6,1.23,1,1,LOW
960,80.3,329.2,59.2,28.9,Dry,Material Loading,37.0,20.6,12.7,316.5,77.2,135.8,0.92,1,1,LOW
961,14.3,58.6,75.4,26.0,Frozen,Material Loading,213.7,24.86,88.5,0.0,0.0,20.0,1.33,0,1,HIGH
962,78.9,323.5,92.8,22.5,Frozen,Earth Excavation,243.6,31.12,126.3,197.2,48.1,88.4,44.32,1,1,LOW
963,28.1,115.2,42.6,28.6,Muddy,Demolition,209.8,28.73,100.5,14.7,3.6,34.1,16.2,0,1,HIGH
964,84.0,344.4,67.6,37.8,Wet,Material Loading,117.6,23.76,46.6,297.8,72.6,123.2,29.36,1,1,LOW
965,97.8,401.0,70.0,20.4,Frozen,Material Loading,173.4,23.47,67.8,333.2,81.3,145.2,18.07,1,1,LOW
966,41.2,168.9,62.3,29.7,Wet,Earth Excavation,203.5,26.35,89.4,79.5,19.4,54.5,25.5,1,1,LOW
967,73.3,300.5,84.0,38.9,Wet,Material Loading,111.6,25.17,46.8,253.7,61.9,101.5,35.86,1,1,LOW
968,65.0,266.5,72.2,35.9,Frozen,Trenching,175.6,29.42,86.1,180.4,44.0,77.0,8.33,1,1,LOW
969,68.1,279.2,68.6,20.2,Dry,Demolition,236.4,28.39,111.9,167.3,40.8,83.6,26.55,1,1,LOW
970,45.3,185.7,85.7,11.7,Muddy,Trenching,114.7,33.0,63.1,122.6,29.9,47.8,5.74,1,1,LOW
971,23.3,95.5,76.8,12.6,Dry,Earth Excavation,291.3,25.24,122.5,0.0,0.0,32.2,33.08,0,0,CRITICAL
972,51.5,211.2,41.9,28.0,Wet,Grading,24.2,20.1,8.1,203.1,49.5,89.3,43.13,1,1,LOW
973,75.7,310.4,68.6,29.7,Dry,Trenching,292.7,25.57,124.7,185.7,45.3,103.2,20.34,1,1,LOW
974,10.3,42.2,76.9,44.3,Frozen,Demolition,216.6,34.28,123.8,0.0,0.0,10.5,49.53,0,0,CRITICAL
975,37.2,152.5,74.9,8.2,Muddy,Trenching,136.9,32.25,73.6,78.9,19.2,40.2,10.49,1,1,LOW
976,99.6,408.4,61.5,33.4,Wet,Material Loading,59.1,22.6,22.3,386.1,94.2,153.6,17.18,1,1,LOW
977,36.2,148.4,52.5,9.5,Wet,Trenching,273.6,25.93,118.2,30.2,7.4,48.6,4.72,0,1,HIGH
978,55.2,226.3,60.6,25.7,Muddy,Earth Excavation,201.6,27.55,92.6,133.7,32.6,69.8,28.39,1,1,LOW
979,58.9,241.5,65.4,19.0,Dry,Trenching,160.0,25.2,67.2,174.3,42.5,81.5,1.79,1,1,LOW
980,69.4,284.5,46.3,7.5,Frozen,Grading,131.4,21.84,47.8,236.7,57.7,110.7,40.19,1,1,LOW
981,95.9,393.2,64.7,15.6,Frozen,Grading,195.9,25.18,82.2,311.0,75.9,132.7,31.31,1,1,LOW
982,11.1,45.5,52.2,11.2,Dry,Earth Excavation,279.4,23.57,109.8,0.0,0.0,16.4,1.19,0,1,HIGH
983,95.0,389.5,60.9,26.1,Muddy,Compaction,108.8,23.23,42.1,347.4,84.7,142.5,24.14,1,1,LOW
984,75.8,310.8,86.9,44.5,Muddy,Material Loading,229.2,29.1,111.2,199.6,48.7,90.8,30.34,1,1,LOW
985,75.3,308.7,83.5,40.4,Frozen,Material Loading,203.0,27.05,91.5,217.2,53.0,97.0,14.37,1,1,LOW
986,76.4,313.2,85.9,21.8,Wet,Grading,113.5,26.25,49.7,263.5,64.3,101.4,8.87,1,1,LOW
987,91.7,376.0,57.9,44.0,Muddy,Trenching,222.5,30.68,113.8,262.2,64.0,104.2,28.91,1,1,LOW
988,66.2,271.4,81.0,41.2,Frozen,Grading,39.0,28.85,18.8,252.6,61.6,80.0,13.91,1,1,LOW
989,51.9,212.8,71.8,28.9,Frozen,Material Loading,236.7,24.77,97.7,115.1,28.1,73.0,36.31,1,1,LOW
990,73.0,299.3,91.6,28.8,Muddy,Demolition,53.4,36.25,32.3,267.0,65.1,70.2,31.78,1,1,LOW
991,50.3,206.2,56.7,27.0,Dry,Material Loading,274.6,19.73,90.3,115.9,28.3,88.8,18.16,1,1,LOW
992,59.8,245.2,63.0,8.8,Frozen,Grading,170.6,25.37,72.1,173.1,42.2,82.2,9.07,1,1,LOW
993,58.9,241.5,84.9,19.5,Muddy,Trenching,286.3,32.81,156.6,84.9,20.7,62.6,28.28,1,1,LOW
994,83.0,340.3,51.4,36.4,Dry,Compaction,291.3,18.47,89.7,250.6,61.1,156.6,48.3,1,1,LOW
995,77.8,319.0,58.4,30.2,Dry,Grading,35.3,21.01,12.4,306.6,74.8,129.1,0.76,1,1,LOW
996,17.2,70.5,54.9,41.3,Wet,Grading,243.1,24.23,98.2,0.0,0.0,24.7,42.0,0,0,CRITICAL
997,42.2,173.0,90.1,34.7,Wet,Compaction,272.4,23.99,108.9,64.1,15.6,61.3,30.13,1,1,LOW
998,89.6,367.4,66.4,37.5,Dry,Earth Excavation,20.4,24.62,8.4,359.0,87.6,126.8,26.65,1,1,LOW
999,97.8,401.0,40.3,33.7,Muddy,Trenching,290.9,25.99,126.0,275.0,67.1,131.1,19.39,1,1,LOW
1000,7.6,31.2,72.1,44.5,Muddy,Demolition,114.4,37.13,70.8,0.0,0.0,7.1,24.39,0,0,CRITICAL
1001,28.9,118.5,75.5,41.0,Frozen,Earth Excavation,84.1,31.05,43.5,75.0,18.3,32.4,10.89,1,1,LOW
1002,20.8,85.3,76.3,9.1,Frozen,Compaction,268.4,23.7,106.0,0.0,0.0,30.6,46.37,0,0,CRITICAL
1003,23.8,97.6,44.9,14.3,Dry,Demolition,289.5,25.31,122.1,0.0,0.0,32.8,19.4,0,1,HIGH
1004,53.5,219.4,56.9,44.2,Wet,Trenching,123.4,28.16,57.9,161.5,39.4,66.2,21.75,1,1,LOW
1005,41.4,169.7,89.7,10.6,Frozen,Grading,133.9,27.81,62.1,107.6,26.2,51.9,8.94,1,1,LOW
1006,31.0,127.1,43.6,20.1,Dry,Compaction,221.5,16.98,62.7,64.4,15.7,63.6,47.4,1,1,LOW
1007,72.2,296.0,78.6,13.7,Muddy,Trenching,168.4,31.41,88.2,207.8,50.7,80.1,39.93,1,1,LOW
1008,26.6,109.1,97.6,9.6,Wet,Demolition,246.5,34.99,143.8,0.0,0.0,26.5,42.03,0,0,CRITICAL
1009,24.8,101.7,76.7,35.3,Dry,Compaction,96.0,21.38,34.2,67.5,16.5,40.4,9.47,1,1,MEDIUM
1010,50.6,207.5,73.3,38.5,Wet,Compaction,209.3,22.27,77.7,129.8,31.7,79.2,13.54,1,1,LOW
1011,36.9,151.3,53.6,5.4,Frozen,Material Loading,91.7,21.4,32.7,118.6,28.9,60.1,28.81,1,1,LOW
1012,30.7,125.9,42.6,30.7,Frozen,Grading,114.5,21.97,41.9,84.0,20.5,48.7,7.79,1,1,LOW
1013,60.5,248.0,79.4,26.3,Frozen,Compaction,271.0,23.39,105.6,142.4,34.7,90.1,19.44,1,1,LOW
1014,26.8,109.9,77.8,21.0,Muddy,Earth Excavation,287.5,30.8,147.6,0.0,0.0,30.3,43.49,0,0,CRITICAL
1015,99.8,409.2,58.4,23.4,Frozen,Demolition,105.3,29.69,52.1,357.1,87.1,117.2,22.8,1,1,LOW
1016,17.4,71.3,64.5,17.4,Wet,Compaction,58.1,22.21,21.5,49.8,12.1,27.3,12.02,1,1,MEDIUM
1017,19.8,81.2,64.5,33.5,Dry,Compaction,46.6,20.96,16.3,64.9,15.8,32.9,42.67,1,0,MEDIUM
1018,37.2,152.5,84.3,34.1,Wet,Grading,176.4,25.16,74.0,78.5,19.1,51.5,36.87,1,1,LOW
1019,60.0,246.0,86.9,34.8,Wet,Demolition,287.3,32.78,157.0,89.0,21.7,63.8,10.06,1,1,LOW
1020,60.7,248.9,66.1,27.8,Wet,Compaction,280.9,20.91,97.9,151.0,36.8,101.2,21.16,1,1,LOW
1021,23.7,97.2,71.0,5.9,Dry,Grading,172.7,22.53,64.8,32.4,7.9,36.7,36.9,0,0,CRITICAL
1022,39.0,159.9,40.3,9.6,Frozen,Demolition,278.3,26.88,124.7,35.2,8.6,50.6,16.59,0,1,HIGH
1023,46.5,190.7,80.0,19.3,Dry,Earth Excavation,132.8,25.32,56.0,134.7,32.9,64.0,13.4,1,1,LOW
1024,20.5,84.0,78.2,26.1,Wet,Trenching,175.1,29.41,85.8,0.0,0.0,24.3,24.89,0,0,CRITICAL
1025,95.8,392.8,47.6,40.4,Wet,Compaction,213.9,19.61,69.9,322.9,78.8,170.3,19.03,1,1,LOW
1026,5.5,22.6,97.0,29.3,Frozen,Material Loading,172.3,27.11,77.9,0.0,0.0,7.1,2.51,0,1,HIGH
1027,64.2,263.2,69.8,36.5,Frozen,Grading,188.4,25.15,79.0,184.2,44.9,89.0,40.86,1,1,LOW
1028,70.6,289.5,81.5,16.0,Dry,Trenching,79.9,27.21,36.2,253.3,61.8,90.4,10.31,1,1,LOW
1029,17.9,73.4,78.2,9.2,Muddy,Earth Excavation,109.4,31.36,57.2,16.2,4.0,19.9,10.0,0,1,HIGH
1030,33.8,138.6,52.9,12.9,Muddy,Material Loading,189.6,23.92,75.6,63.0,15.4,49.3,39.21,1,1,LOW
1031,64.5,264.4,68.0,38.9,Frozen,Grading,101.2,26.03,43.9,220.5,53.8,86.3,35.33,1,1,LOW
1032,49.2,201.7,97.3,40.2,Dry,Trenching,240.3,30.48,122.1,79.6,19.4,56.2,30.25,1,1,LOW
1033,53.8,220.6,89.5,29.4,Muddy,Grading,33.7,29.35,16.5,204.1,49.8,63.9,22.69,1,1,LOW
1034,72.6,297.7,43.0,40.4,Wet,Compaction,173.1,19.5,56.3,241.4,58.9,129.8,1.61,1,1,LOW
1035,10.2,41.8,58.6,30.2,Wet,Demolition,120.2,28.49,57.1,0.0,0.0,12.5,43.07,0,0,CRITICAL
1036,7.0,28.7,53.9,33.4,Dry,Compaction,129.9,19.32,41.8,0.0,0.0,12.6,33.01,0,0,CRITICAL
1037,75.3,308.7,81.7,8.4,Muddy,Earth Excavation,57.2,31.15,29.7,279.0,68.0,84.2,46.66,1,1,LOW
1038,80.8,331.3,46.8,28.0,Frozen,Trenching,123.1,25.01,51.3,280.0,68.3,112.6,13.72,1,1,LOW
1039,18.7,76.7,77.5,44.4,Muddy,Compaction,42.2,26.81,18.9,57.8,14.1,24.3,45.44,1,0,MEDIUM
1040,48.3,198.0,78.3,40.2,Frozen,Material Loading,168.8,25.65,72.2,125.8,30.7,65.6,22.9,1,1,LOW
1041,79.8,327.2,47.3,20.8,Dry,Material Loading,98.4,20.3,33.3,293.9,71.7,137.0,20.42,1,1,LOW
1042,34.6,141.9,50.0,39.8,Dry,Demolition,148.4,25.96,64.2,77.7,19.0,46.5,16.69,1,1,LOW
1043,8.5,34.9,62.8,42.2,Frozen,Compaction,117.8,23.43,46.0,0.0,0.0,12.7,48.42,0,0,CRITICAL
1044,31.3,128.3,64.7,13.5,Dry,Demolition,121.1,27.58,55.7,72.6,17.7,39.5,33.07,1,1,LOW
1045,90.7,371.9,77.3,24.5,Dry,Earth Excavation,272.5,25.89,117.6,254.3,62.0,122.1,27.57,1,1,LOW
1046,88.4,362.4,43.2,17.6,Muddy,Grading,115.1,23.05,44.2,318.2,77.6,133.6,24.1,1,1,LOW
1047,17.4,71.3,42.1,11.3,Muddy,Demolition,181.1,28.67,86.5,0.0,0.0,21.1,24.7,0,0,CRITICAL
1048,72.3,296.4,48.2,16.0,Wet,Grading,154.1,21.86,56.1,240.3,58.6,115.3,38.62,1,1,LOW
1049,83.2,341.1,50.7,8.7,Frozen,Trenching,239.4,25.77,102.8,238.3,58.1,112.5,45.73,1,1,LOW
1050,33.3,136.5,88.7,26.4,Dry,Compaction,173.5,21.68,62.7,73.8,18.0,53.5,7.72,1,1,LOW
1051,95.9,393.2,64.7,19.0,Muddy,Material Loading,126.1,24.23,50.9,342.3,83.5,137.9,47.28,1,1,LOW
1052,16.3,66.8,85.8,27.0,Frozen,Earth Excavation,29.6,30.06,14.8,52.0,12.7,18.9,11.6,1,1,MEDIUM
1053,6.4,26.2,52.5,34.5,Frozen,Demolition,271.5,28.44,128.7,0.0,0.0,7.8,19.8,0,0,CRITICAL
1054,100.0,410.0,84.6,26.5,Wet,Trenching,110.0,29.65,54.4,355.6,86.7,117.5,26.01,1,1,LOW
1055,6.3,25.8,95.6,28.0,Frozen,Grading,79.2,28.99,38.3,0.0,0.0,7.6,38.37,0,0,CRITICAL
1056,14.0,57.4,74.5,31.3,Wet,Demolition,77.7,32.06,41.5,15.9,3.9,15.2,43.94,0,0,CRITICAL
1057,14.2,58.2,46.1,12.9,Dry,Trenching,159.0,23.14,61.3,0.0,0.0,21.4,37.56,0,0,CRITICAL
1058,99.3,407.1,49.4,29.0,Frozen,Demolition,253.1,27.91,117.7,289.4,70.6,124.0,32.57,1,1,LOW
1059,17.7,72.6,40.6,22.4,Frozen,Earth Excavation,120.2,23.27,46.6,26.0,6.3,26.5,11.58,0,1,HIGH
1060,88.6,363.3,87.5,33.6,Muddy,Earth Excavation,33.5,31.55,17.6,345.7,84.3,97.9,32.87,1,1,LOW
1061,40.1,164.4,67.4,24.6,Muddy,Trenching,108.0,30.57,55.0,109.4,26.7,45.7,21.21,1,1,LOW
1062,95.8,392.8,71.2,34.2,Muddy,Compaction,51.8,23.74,20.5,372.3,90.8,140.6,32.83,1,1,LOW
1063,59.4,243.5,42.2,41.2,Muddy,Demolition,21.0,30.44,10.7,232.8,56.8,68.0,11.03,1,1,LOW
1064,79.2,324.7,74.7,12.1,Frozen,Compaction,119.0,23.18,46.0,278.7,68.0,119.1,23.31,1,1,LOW
1065,54.5,223.5,67.8,16.0,Wet,Material Loading,274.3,22.94,104.9,118.6,28.9,82.8,25.39,1,1,LOW
1066,78.0,319.8,57.0,36.6,Wet,Trenching,25.5,26.74,11.4,308.4,75.2,101.7,8.46,1,1,LOW
1067,95.0,389.5,98.0,35.5,Dry,Earth Excavation,271.7,29.17,132.1,257.4,62.8,113.5,37.32,1,1,LOW
1068,52.7,216.1,78.4,6.0,Dry,Grading,225.1,23.03,86.4,129.7,31.6,79.8,9.82,1,1,LOW
1069,55.6,228.0,82.7,43.6,Muddy,Demolition,194.0,38.5,124.5,103.5,25.2,50.3,29.39,1,1,LOW
1070,56.8,232.9,43.4,32.9,Wet,Compaction,163.5,18.89,51.5,181.4,44.2,104.8,43.58,1,1,LOW
1071,39.5,162.0,41.1,7.4,Muddy,Material Loading,149.4,21.19,52.8,109.2,26.6,65.0,8.76,1,1,LOW
1072,26.9,110.3,85.3,35.9,Muddy,Material Loading,68.3,28.04,31.9,78.4,19.1,33.4,5.99,1,1,LOW
1073,42.2,173.0,42.6,18.3,Muddy,Demolition,162.1,28.83,77.9,95.1,23.2,51.0,41.22,1,1,LOW
1074,30.5,125.0,94.9,20.3,Dry,Grading,293.3,25.05,122.5,2.5,0.6,42.4,27.76,0,1,HIGH
1075,55.5,227.6,43.2,9.5,Muddy,Earth Excavation,267.6,25.67,114.5,113.1,27.6,75.4,33.73,1,1,LOW
1076,26.0,106.6,79.6,41.8,Dry,Trenching,110.0,28.56,52.4,54.2,13.2,31.7,42.78,1,0,LOW
1077,91.8,376.4,57.0,9.8,Dry,Material Loading,102.8,19.67,33.7,342.7,83.6,162.7,44.25,1,1,LOW
1078,65.2,267.3,92.6,44.1,Dry,Grading,286.0,26.2,124.9,142.4,34.7,86.7,4.25,1,1,LOW
1079,5.8,23.8,96.9,41.1,Muddy,Earth Excavation,25.1,34.8,14.6,9.2,2.2,5.8,18.66,0,0,CRITICAL
1080,20.2,82.8,85.9,27.2,Frozen,Material Loading,60.8,25.15,25.5,57.3,14.0,28.0,49.89,1,0,MEDIUM
1081,46.7,191.5,61.5,41.2,Frozen,Compaction,247.1,23.0,94.7,96.8,23.6,70.8,31.0,1,1,LOW
1082,33.4,136.9,80.8,21.2,Wet,Grading,299.5,25.56,127.6,9.3,2.3,45.5,49.23,0,0,CRITICAL
1083,59.5,243.9,92.0,44.4,Muddy,Compaction,38.3,28.66,18.3,225.6,55.0,72.3,16.47,1,1,LOW
1084,78.0,319.8,83.0,31.7,Wet,Material Loading,132.9,24.28,53.8,266.0,64.9,112.0,40.54,1,1,LOW
1085,70.1,287.4,82.1,38.8,Muddy,Trenching,227.7,33.49,127.1,160.3,39.1,72.9,5.77,1,1,LOW
1086,44.6,182.9,43.2,42.9,Muddy,Demolition,33.7,30.67,17.2,165.7,40.4,50.7,42.0,1,1,LOW
1087,71.7,294.0,91.4,28.1,Wet,Earth Excavation,20.7,29.08,10.0,284.0,69.3,85.9,25.1,1,1,LOW
1088,59.4,243.5,61.6,6.2,Muddy,Demolition,111.6,31.59,58.8,184.7,45.0,65.5,35.39,1,1,LOW
1089,29.1,119.3,43.7,20.4,Frozen,Trenching,216.1,24.51,88.3,31.0,7.6,41.4,41.08,0,1,HIGH
1090,55.2,226.3,42.4,13.6,Dry,Compaction,242.2,17.74,71.6,154.7,37.7,108.4,38.93,1,1,LOW
1091,57.3,234.9,64.5,44.7,Frozen,Grading,281.9,25.32,119.0,115.9,28.3,78.9,7.69,1,1,LOW
1092,78.3,321.0,61.3,30.3,Muddy,Grading,297.7,25.66,127.3,193.7,47.2,106.3,9.11,1,1,LOW
1093,43.1,176.7,67.1,26.1,Wet,Trenching,289.8,27.0,130.4,46.3,11.3,55.6,45.62,1,1,LOW
1094,99.7,408.8,78.8,23.1,Muddy,Demolition,26.7,33.84,15.1,393.7,96.0,102.7,41.8,1,1,LOW
1095,69.0,282.9,61.7,19.7,Dry,Earth Excavation,138.7,23.45,54.2,228.7,55.8,102.5,20.71,1,1,LOW
1096,28.5,116.8,73.9,17.7,Muddy,Compaction,51.2,24.58,21.0,95.8,23.4,40.4,29.09,1,1,LOW
1097,55.2,226.3,72.0,30.7,Dry,Material Loading,162.7,20.9,56.7,169.6,41.4,92.0,9.46,1,1,LOW
1098,40.4,165.6,78.6,22.4,Wet,Compaction,139.3,22.64,52.6,113.0,27.6,62.2,12.17,1,1,LOW
1099,9.3,38.1,71.3,38.2,Frozen,Compaction,142.6,24.26,57.7,0.0,0.0,13.3,10.21,0,1,HIGH
1100,10.4,42.6,63.2,39.3,Frozen,Material Loading,53.0,23.52,20.8,21.8,5.3,15.4,13.66,0,1,HIGH
1101,19.4,79.5,78.0,22.5,Dry,Material Loading,87.5,22.17,32.3,47.2,11.5,30.5,41.25,1,0,MEDIUM
1102,75.2,308.3,65.5,8.7,Dry,Material Loading,162.2,21.34,57.7,250.6,61.1,122.8,23.16,1,1,LOW
1103,91.5,375.2,85.6,28.3,Dry,Grading,200.5,24.0,80.2,295.0,72.0,132.9,14.75,1,1,LOW
1104,86.4,354.2,55.5,41.1,Muddy,Demolition,138.9,33.06,76.5,277.7,67.7,91.1,45.5,1,1,LOW
1105,7.7,31.6,60.2,27.6,Frozen,Material Loading,283.8,22.76,107.7,0.0,0.0,11.8,13.11,0,0,CRITICAL
1106,65.3,267.7,40.2,34.1,Dry,Material Loading,293.8,18.63,91.2,176.5,43.0,122.1,34.73,1,1,LOW
1107,13.8,56.6,45.1,43.1,Wet,Compaction,139.7,21.49,50.0,6.6,1.6,22.4,10.42,0,1,HIGH
1108,24.1,98.8,81.0,35.5,Dry,Trenching,161.4,27.46,73.9,24.9,6.1,30.6,11.54,0,1,HIGH
1109,96.7,396.5,80.2,38.9,Muddy,Grading,86.9,28.84,41.8,354.7,86.5,116.9,35.79,1,1,LOW
1110,21.8,89.4,63.9,30.4,Dry,Compaction,88.1,19.66,28.9,60.5,14.8,38.7,43.86,1,0,MEDIUM
1111,30.8,126.3,51.3,37.2,Frozen,Material Loading,155.4,22.61,58.6,67.7,16.5,47.5,11.53,1,1,LOW
1112,79.2,324.7,59.7,42.8,Frozen,Earth Excavation,57.2,27.63,26.3,298.4,72.8,99.9,29.64,1,1,LOW
1113,28.8,118.1,72.1,17.7,Dry,Grading,204.6,21.88,74.6,43.5,10.6,45.9,48.65,1,0,LOW
1114,66.6,273.1,73.5,17.7,Wet,Trenching,296.6,28.31,139.9,133.2,32.5,82.0,10.74,1,1,LOW
1115,18.9,77.5,86.7,12.4,Dry,Demolition,212.1,31.14,110.1,0.0,0.0,21.2,4.96,0,1,HIGH
1116,62.3,255.4,59.6,15.4,Wet,Compaction,227.6,20.81,78.9,176.5,43.0,104.3,16.7,1,1,LOW
1117,30.5,125.0,44.1,29.0,Muddy,Earth Excavation,97.5,25.68,41.7,83.3,20.3,41.4,25.61,1,1,LOW
1118,25.4,104.1,80.8,26.9,Muddy,Demolition,182.7,34.99,106.5,0.0,0.0,25.3,24.43,0,1,HIGH
1119,80.2,328.8,51.4,14.7,Muddy,Demolition,227.5,29.94,113.5,215.3,52.5,93.3,30.84,1,1,LOW
1120,17.1,70.1,69.0,34.9,Muddy,Material Loading,24.8,24.98,10.3,59.8,14.6,23.9,9.62,1,1,MEDIUM
1121,71.0,291.1,41.9,6.7,Frozen,Trenching,43.4,24.29,17.6,273.5,66.7,101.9,27.33,1,1,LOW
1122,66.6,273.1,85.1,43.8,Muddy,Demolition,96.5,37.71,60.7,212.4,51.8,61.6,1.96,1,1,LOW
1123,72.3,296.4,43.5,19.4,Frozen,Trenching,81.4,25.61,34.7,261.7,63.8,98.4,35.45,1,1,LOW
1124,55.9,229.2,92.8,9.1,Muddy,Earth Excavation,127.4,33.46,71.0,158.2,38.6,58.2,32.97,1,1,LOW
1125,12.0,49.2,95.6,17.2,Wet,Material Loading,194.6,25.72,83.4,0.0,0.0,16.3,47.29,0,0,CRITICAL
1126,95.7,392.4,50.9,29.8,Frozen,Compaction,162.5,19.96,54.1,338.3,82.5,167.1,18.43,1,1,LOW
1127,18.4,75.4,63.8,39.9,Frozen,Demolition,294.5,32.58,159.9,0.0,0.0,19.7,44.3,0,0,CRITICAL
1128,93.3,382.5,64.8,31.1,Muddy,Material Loading,247.8,25.41,104.9,277.6,67.7,128.0,29.01,1,1,LOW
1129,23.4,95.9,50.7,22.6,Dry,Earth Excavation,214.0,22.75,81.1,14.8,3.6,35.8,15.15,0,1,HIGH
1130,11.7,48.0,49.9,29.9,Dry,Trenching,80.1,22.74,30.4,17.6,4.3,17.9,11.83,0,1,HIGH
1131,64.2,263.2,49.7,19.5,Dry,Compaction,163.8,18.28,49.9,213.3,52.0,122.4,30.07,1,1,LOW
1132,93.6,383.8,64.0,16.5,Wet,Demolition,203.5,29.64,100.5,283.3,69.1,110.1,30.89,1,1,LOW
1133,10.6,43.5,88.6,32.1,Wet,Material Loading,91.8,24.55,37.6,5.9,1.4,15.1,5.69,0,1,HIGH
1134,18.5,75.8,55.0,32.6,Frozen,Compaction,65.0,21.03,22.8,53.0,12.9,30.6,40.8,1,0,MEDIUM
1135,85.6,351.0,45.1,6.7,Wet,Grading,62.0,21.3,22.0,329.0,80.2,140.1,26.48,1,1,LOW
1136,79.1,324.3,92.2,38.6,Muddy,Demolition,272.9,37.82,172.0,152.3,37.1,72.9,22.48,1,1,LOW
1137,90.1,369.4,93.8,43.9,Muddy,Compaction,76.6,28.08,35.8,333.6,81.4,111.8,47.28,1,1,LOW
1138,68.3,280.0,89.7,27.4,Frozen,Demolition,46.3,34.94,27.0,253.0,61.7,68.1,43.27,1,1,LOW
1139,37.2,152.5,47.8,24.2,Dry,Trenching,286.6,23.32,111.4,41.1,10.0,55.6,28.19,1,1,LOW
1140,31.4,128.7,41.5,36.0,Dry,Compaction,172.7,17.29,49.8,78.9,19.2,63.3,40.86,1,1,LOW
1141,60.9,249.7,96.0,33.8,Dry,Compaction,121.2,23.41,47.3,202.4,49.4,90.7,0.61,1,1,LOW
1142,77.6,318.2,81.2,18.2,Muddy,Grading,74.7,28.68,35.7,282.5,68.9,94.3,13.55,1,1,LOW
1143,44.3,181.6,54.2,24.5,Muddy,Material Loading,224.3,22.74,85.0,96.6,23.6,67.9,48.12,1,1,LOW
1144,61.2,250.9,61.2,27.6,Frozen,Trenching,20.3,27.72,9.4,241.5,58.9,76.9,43.37,1,1,LOW
1145,51.7,212.0,44.8,38.5,Muddy,Trenching,135.0,27.88,62.7,149.3,36.4,64.6,42.09,1,1,LOW
1146,93.5,383.4,52.1,33.6,Dry,Demolition,173.9,25.82,74.8,308.6,75.3,126.2,34.76,1,1,LOW
1147,76.4,313.2,92.7,33.1,Frozen,Demolition,184.8,34.95,107.6,205.6,50.1,76.2,29.07,1,1,LOW
1148,72.4,296.8,91.2,30.9,Dry,Trenching,172.4,29.19,83.9,212.9,51.9,86.4,37.92,1,1,LOW
1149,19.9,81.6,47.4,21.5,Frozen,Earth Excavation,294.5,24.97,122.6,0.0,0.0,27.8,21.5,0,1,HIGH
1150,26.6,109.1,66.0,44.4,Dry,Material Loading,22.5,22.02,8.3,100.8,24.6,42.1,12.51,1,1,LOW
1151,99.0,405.9,52.2,29.6,Wet,Earth Excavation,181.7,24.23,73.4,332.5,81.1,142.4,6.73,1,1,LOW
1152,94.3,386.6,50.0,23.5,Dry,Earth Excavation,115.0,22.28,42.7,343.9,83.9,147.5,3.72,1,1,LOW
1153,99.1,406.3,42.6,39.4,Wet,Earth Excavation,168.1,24.39,68.3,338.0,82.4,141.6,22.88,1,1,LOW
1154,23.9,98.0,50.4,34.9,Dry,Compaction,215.8,18.27,65.7,32.3,7.9,45.6,1.79,0,1,HIGH
1155,84.8,347.7,74.8,29.1,Muddy,Trenching,92.8,32.49,50.3,297.4,72.5,91.0,47.35,1,1,LOW
1156,17.1,70.1,94.4,28.3,Frozen,Material Loading,131.2,26.9,58.8,11.3,2.8,22.2,36.41,0,0,CRITICAL
1157,60.0,246.0,81.2,12.8,Frozen,Demolition,119.7,32.97,65.8,180.2,44.0,63.4,21.26,1,1,LOW
1158,62.8,257.5,65.5,31.0,Frozen,Demolition,244.1,30.85,125.5,132.0,32.2,70.9,41.3,1,1,LOW
1159,44.8,183.7,72.1,6.8,Wet,Compaction,110.6,22.19,40.9,142.8,34.8,70.4,14.49,1,1,LOW
1160,31.9,130.8,59.6,29.2,Muddy,Grading,91.6,25.07,38.3,92.5,22.6,44.3,10.72,1,1,LOW
1161,13.8,56.6,69.7,25.8,Muddy,Grading,268.0,25.82,115.3,0.0,0.0,18.6,31.38,0,0,CRITICAL
1162,87.8,360.0,52.5,14.6,Wet,Material Loading,129.6,20.75,44.8,315.2,76.9,147.5,27.87,1,1,LOW
1163,26.1,107.0,62.1,31.9,Frozen,Compaction,293.3,21.8,106.6,0.4,0.1,41.7,10.52,0,1,HIGH
1164,96.6,396.1,80.0,28.7,Dry,Grading,41.1,23.68,16.2,379.9,92.7,142.2,44.72,1,1,LOW
1165,59.3,243.1,71.3,20.7,Frozen,Trenching,231.5,29.07,112.2,130.9,31.9,71.1,25.72,1,1,LOW
1166,42.9,175.9,93.9,20.0,Muddy,Material Loading,194.7,28.02,90.9,85.0,20.7,53.4,40.18,1,1,LOW
1167,85.8,351.8,46.6,42.0,Frozen,Demolition,165.4,29.41,81.1,270.7,66.0,101.7,31.42,1,1,LOW
1168,47.6,195.2,51.8,5.9,Dry,Demolition,92.6,25.59,39.5,155.7,38.0,64.8,29.86,1,1,LOW
1169,40.2,164.8,63.1,18.4,Frozen,Grading,289.1,25.0,120.5,44.3,10.8,56.0,21.72,1,1,LOW
1170,68.4,280.4,75.2,14.5,Dry,Earth Excavation,258.5,25.83,111.3,169.1,41.2,92.3,28.91,1,1,LOW
1171,82.1,336.6,58.0,36.3,Wet,Trenching,277.8,26.72,123.7,212.9,51.9,107.1,13.76,1,1,LOW
1172,71.3,292.3,49.4,43.0,Wet,Grading,84.6,23.24,32.8,259.5,63.3,106.9,10.84,1,1,LOW
1173,62.7,257.1,91.8,9.4,Frozen,Demolition,165.6,33.95,93.7,163.4,39.9,64.4,33.59,1,1,LOW
1174,10.6,43.5,95.6,44.8,Wet,Material Loading,284.3,28.3,134.1,0.0,0.0,13.1,8.8,0,1,HIGH
1175,11.9,48.8,62.7,7.1,Muddy,Material Loading,58.7,25.02,24.5,24.3,5.9,16.6,36.66,0,0,CRITICAL
1176,70.3,288.2,51.6,35.7,Muddy,Trenching,232.7,28.65,111.1,177.1,43.2,85.5,28.59,1,1,LOW
1177,12.9,52.9,88.0,42.6,Frozen,Grading,290.1,29.88,144.5,0.0,0.0,15.0,46.74,0,0,CRITICAL
1178,74.5,305.4,60.3,24.5,Wet,Earth Excavation,292.9,25.5,124.5,180.9,44.1,101.8,36.44,1,1,LOW
1179,40.3,165.2,64.5,34.9,Frozen,Demolition,110.0,30.15,55.3,109.9,26.8,46.6,23.89,1,1,LOW
1180,42.4,173.8,69.2,9.2,Muddy,Trenching,132.3,31.11,68.6,105.2,25.7,47.5,45.79,1,1,LOW
1181,28.7,117.7,83.1,43.0,Dry,Material Loading,22.4,23.96,8.9,108.8,26.5,41.8,34.56,1,1,LOW
1182,69.0,282.9,56.1,5.1,Dry,Material Loading,217.3,19.37,70.2,212.7,51.9,124.1,19.96,1,1,LOW
1183,49.1,201.3,83.6,9.8,Wet,Compaction,206.9,22.99,79.3,122.0,29.8,74.4,18.85,1,1,LOW
1184,90.0,369.0,58.3,6.2,Dry,Trenching,77.3,24.73,31.9,337.1,82.2,126.8,27.59,1,1,LOW
1185,87.7,359.6,57.7,22.1,Frozen,Earth Excavation,172.4,25.73,73.9,285.7,69.7,118.8,3.64,1,1,LOW
1186,87.4,358.3,52.4,33.0,Dry,Grading,244.4,20.21,82.3,276.0,67.3,150.7,24.04,1,1,LOW
1187,65.8,269.8,44.7,28.4,Dry,Trenching,211.8,23.06,81.4,188.4,46.0,99.4,41.49,1,1,LOW
1188,43.0,176.3,82.5,11.5,Dry,Grading,208.1,23.31,80.8,95.5,23.3,64.3,18.06,1,1,LOW
1189,53.5,219.4,76.4,10.6,Dry,Earth Excavation,34.2,25.52,14.5,204.9,50.0,73.1,45.24,1,1,LOW
1190,81.7,335.0,51.6,26.0,Muddy,Compaction,208.9,21.82,76.0,259.0,63.2,130.5,6.22,1,1,LOW
1191,21.3,87.3,92.3,24.4,Wet,Material Loading,175.0,26.24,76.5,10.8,2.6,28.3,49.08,0,0,CRITICAL
1192,76.9,315.3,59.4,9.7,Wet,Material Loading,173.7,21.79,63.1,252.2,61.5,123.0,10.7,1,1,LOW
1193,65.4,268.1,73.4,33.9,Dry,Demolition,134.6,29.6,66.4,201.7,49.2,77.0,21.44,1,1,LOW
1194,58.8,241.1,46.3,17.5,Muddy,Trenching,128.0,27.94,59.6,181.5,44.3,73.3,48.68,1,1,LOW
1195,45.8,187.8,72.8,31.8,Dry,Material Loading,145.4,21.46,52.0,135.8,33.1,74.4,35.22,1,1,LOW
1196,56.3,230.8,71.7,35.3,Frozen,Demolition,242.8,32.12,130.0,100.8,24.6,61.1,25.44,1,1,LOW
1197,60.9,249.7,88.4,42.3,Frozen,Compaction,72.9,26.3,32.0,217.7,53.1,80.7,35.77,1,1,LOW
1198,69.7,285.8,79.8,25.0,Wet,Grading,102.4,24.91,42.5,243.3,59.3,97.5,4.9,1,1,LOW
1199,94.6,387.9,89.7,18.4,Dry,Earth Excavation,98.4,26.92,44.1,343.8,83.9,122.5,42.22,1,1,LOW
1200,96.8,396.9,59.9,27.1,Muddy,Compaction,85.5,22.44,32.0,364.9,89.0,150.3,48.22,1,1,LOW
1201,5.8,23.8,41.5,40.3,Wet,Grading,233.7,21.7,84.5,0.0,0.0,9.3,39.31,0,0,CRITICAL
1202,80.9,331.7,94.4,11.9,Muddy,Compaction,106.2,27.05,47.9,283.8,69.2,104.2,16.41,1,1,LOW
1203,87.1,357.1,41.3,22.4,Muddy,Compaction,50.9,20.02,17.0,340.1,83.0,151.6,39.72,1,1,LOW
1204,13.6,55.8,48.9,44.0,Muddy,Trenching,42.1,29.32,20.6,35.2,8.6,16.2,47.63,0,0,CRITICAL
1205,67.3,275.9,72.0,41.8,Wet,Grading,204.4,26.08,88.8,187.1,45.6,89.9,42.26,1,1,LOW
1206,52.8,216.5,62.6,25.1,Muddy,Grading,121.0,25.49,51.4,165.1,40.3,72.2,22.68,1,1,LOW
1207,44.6,182.9,41.5,16.3,Wet,Trenching,242.2,23.95,96.7,86.2,21.0,64.9,22.74,1,1,LOW
1208,82.0,336.2,41.1,12.0,Muddy,Compaction,174.2,20.38,59.2,277.0,67.6,140.2,38.8,1,1,LOW
1209,94.5,387.4,43.7,37.0,Dry,Compaction,78.0,18.2,23.7,363.7,88.7,180.9,46.62,1,1,LOW
1210,89.3,366.1,75.1,26.1,Dry,Earth Excavation,276.0,25.41,116.9,249.2,60.8,122.5,28.05,1,1,LOW
1211,6.7,27.5,85.1,11.5,Frozen,Grading,210.7,27.31,95.9,0.0,0.0,8.6,14.33,0,0,CRITICAL
1212,27.8,114.0,94.9,39.4,Wet,Trenching,168.1,31.93,89.5,24.5,6.0,30.3,25.28,0,1,HIGH
1213,42.4,173.8,72.6,42.1,Dry,Earth Excavation,174.1,25.36,73.6,100.2,24.4,58.3,5.73,1,1,LOW
1214,39.7,162.8,96.1,21.6,Wet,Earth Excavation,253.5,29.97,126.6,36.2,8.8,46.2,41.13,0,1,HIGH
1215,76.1,312.0,55.4,30.7,Wet,Earth Excavation,75.1,24.29,30.4,281.6,68.7,109.2,46.65,1,1,LOW
1216,26.9,110.3,46.5,43.0,Muddy,Earth Excavation,92.0,27.52,42.2,68.1,16.6,34.1,9.54,1,1,LOW
1217,34.8,142.7,96.5,18.7,Muddy,Grading,228.9,29.19,111.4,31.3,7.6,41.6,27.78,0,1,HIGH
1218,67.9,278.4,75.3,31.0,Wet,Compaction,218.9,22.34,81.5,196.9,48.0,105.9,39.69,1,1,LOW
1219,69.4,284.5,82.7,17.0,Frozen,Demolition,105.3,34.47,60.5,224.0,54.6,70.2,12.57,1,1,LOW
1220,28.5,116.8,64.1,19.7,Muddy,Demolition,147.5,32.44,79.7,37.1,9.0,30.6,34.87,0,0,CRITICAL
1221,64.7,265.3,94.7,37.1,Muddy,Material Loading,286.2,28.62,136.5,128.8,31.4,78.8,26.47,1,1,LOW
1222,29.7,121.8,76.1,11.3,Wet,Grading,121.2,25.12,50.7,71.1,17.3,41.2,26.95,1,1,LOW
1223,85.6,351.0,61.0,10.6,Dry,Material Loading,156.1,20.66,53.8,297.2,72.5,144.4,32.05,1,1,LOW
1224,9.1,37.3,90.5,23.3,Dry,Earth Excavation,236.4,27.22,107.2,0.0,0.0,11.6,33.18,0,0,CRITICAL
1225,45.6,187.0,63.8,26.5,Frozen,Earth Excavation,103.7,27.34,47.3,139.7,34.1,58.1,49.4,1,1,LOW
1226,44.8,183.7,52.9,34.8,Muddy,Trenching,65.5,28.42,31.0,152.7,37.2,54.9,8.15,1,1,LOW
1227,66.1,271.0,44.0,9.6,Frozen,Grading,179.9,21.66,64.9,206.1,50.3,106.3,34.46,1,1,LOW
1228,74.0,303.4,94.3,29.0,Dry,Trenching,210.3,29.27,102.6,200.8,49.0,88.1,17.48,1,1,LOW
1229,33.7,138.2,92.5,21.4,Frozen,Demolition,162.4,35.12,95.1,43.1,10.5,33.4,26.09,1,1,LOW
1230,65.5,268.6,46.3,24.1,Muddy,Trenching,129.9,26.97,58.4,210.2,51.3,84.7,27.09,1,1,LOW
1231,32.0,131.2,97.4,7.3,Dry,Trenching,110.0,28.96,53.1,78.1,19.0,38.5,19.28,1,1,LOW
1232,28.5,116.8,66.7,30.8,Wet,Trenching,285.7,27.94,133.0,0.0,0.0,35.5,48.99,0,0,CRITICAL
1233,37.7,154.6,52.1,12.5,Muddy,Material Loading,177.9,22.93,68.0,86.6,21.1,57.3,21.57,1,1,LOW
1234,31.5,129.2,97.5,41.9,Frozen,Earth Excavation,203.8,33.38,113.4,15.8,3.9,32.9,23.12,0,1,HIGH
1235,61.7,253.0,91.6,7.7,Dry,Material Loading,295.9,23.73,117.0,136.0,33.2,90.6,9.52,1,1,LOW
1236,74.3,304.6,85.1,31.9,Frozen,Compaction,214.2,23.62,84.3,220.3,53.7,109.6,7.22,1,1,LOW
1237,78.8,323.1,90.2,14.8,Muddy,Earth Excavation,238.7,32.3,128.5,194.6,47.5,85.0,13.2,1,1,LOW
1238,83.4,341.9,69.3,18.1,Dry,Earth Excavation,29.9,23.83,11.9,330.0,80.5,122.0,39.73,1,1,LOW
1239,19.2,78.7,60.8,11.6,Dry,Earth Excavation,97.4,24.2,39.3,39.4,9.6,27.6,27.7,0,0,CRITICAL
1240,37.6,154.2,67.7,21.8,Muddy,Earth Excavation,30.9,28.24,14.5,139.7,34.1,46.4,2.26,1,1,LOW
1241,73.3,300.5,47.6,36.5,Dry,Compaction,21.1,17.71,6.2,294.3,71.8,144.2,1.82,1,1,LOW
1242,10.3,42.2,70.8,6.6,Wet,Compaction,158.0,22.03,58.0,0.0,0.0,16.3,36.53,0,0,CRITICAL
1243,53.1,217.7,93.7,44.6,Muddy,Material Loading,55.2,31.2,28.7,189.0,46.1,59.3,18.48,1,1,LOW
1244,55.4,227.1,61.9,24.2,Frozen,Compaction,96.7,22.21,35.8,191.3,46.7,86.9,27.1,1,1,LOW
1245,79.6,326.4,77.1,5.3,Muddy,Grading,67.6,28.17,31.7,294.7,71.9,98.5,36.36,1,1,LOW
1246,43.1,176.7,80.3,39.3,Dry,Compaction,172.7,21.69,62.4,114.3,27.9,69.2,36.27,1,1,LOW
1247,80.0,328.0,88.1,10.5,Frozen,Trenching,95.6,31.51,50.2,277.8,67.8,88.5,8.72,1,1,LOW
1248,23.3,95.5,74.5,9.1,Frozen,Trenching,206.3,29.47,101.3,0.0,0.0,27.5,20.23,0,1,HIGH
1249,80.8,331.3,97.1,27.6,Muddy,Earth Excavation,48.8,33.26,27.1,304.2,74.2,84.7,48.44,1,1,LOW
1250,76.5,313.6,79.2,12.2,Muddy,Material Loading,243.5,25.94,105.3,208.3,50.8,102.8,43.38,1,1,LOW
1251,61.6,252.6,49.1,43.3,Dry,Trenching,223.5,23.93,89.1,163.5,39.9,89.7,11.94,1,1,LOW
1252,67.6,277.2,59.0,37.8,Frozen,Demolition,259.4,30.2,130.6,146.6,35.8,78.0,16.87,1,1,LOW
1253,58.2,238.6,74.4,24.1,Muddy,Grading,58.0,27.14,26.2,212.4,51.8,74.7,20.74,1,1,LOW
1254,31.6,129.6,47.4,13.5,Wet,Compaction,174.0,19.91,57.7,71.9,17.5,55.3,1.67,1,1,LOW
1255,91.4,374.7,91.1,37.9,Wet,Demolition,184.2,34.24,105.1,269.6,65.8,93.0,48.15,1,1,LOW
1256,34.8,142.7,90.1,36.7,Dry,Compaction,271.0,22.46,101.4,41.3,10.1,54.0,19.52,1,1,LOW
1257,65.8,269.8,82.8,40.2,Muddy,Demolition,222.0,36.76,136.0,133.8,32.6,62.4,47.87,1,1,LOW
1258,95.3,390.7,43.7,27.2,Muddy,Earth Excavation,179.0,26.21,78.2,312.5,76.2,126.7,19.81,1,1,LOW
1259,66.6,273.1,82.4,12.0,Muddy,Compaction,70.1,25.54,29.8,243.3,59.3,90.9,7.3,1,1,LOW
1260,61.9,253.8,85.2,28.9,Muddy,Compaction,185.6,24.84,76.8,177.0,43.2,86.8,39.97,1,1,LOW
1261,42.1,172.6,48.7,10.4,Muddy,Grading,173.2,23.79,68.7,103.9,25.3,61.7,9.62,1,1,LOW
1262,95.9,393.2,54.7,13.3,Muddy,Trenching,128.5,27.54,59.0,334.2,81.5,121.4,42.73,1,1,LOW
1263,11.4,46.7,67.4,8.6,Frozen,Material Loading,133.0,24.01,53.2,0.0,0.0,16.5,32.59,0,0,CRITICAL
1264,88.1,361.2,40.9,36.0,Wet,Earth Excavation,105.2,23.53,41.3,319.9,78.0,130.5,44.04,1,1,LOW
1265,21.3,87.3,68.5,33.9,Wet,Demolition,197.6,28.82,94.9,0.0,0.0,25.7,1.72,0,1,HIGH
1266,9.5,39.0,74.7,36.1,Muddy,Earth Excavation,239.4,30.22,120.6,0.0,0.0,11.0,35.47,0,0,CRITICAL
1267,28.2,115.6,62.8,9.8,Muddy,Trenching,104.8,29.07,50.8,64.8,15.8,33.8,16.31,1,1,LOW
1268,22.9,93.9,92.3,36.4,Muddy,Material Loading,285.3,28.22,134.2,0.0,0.0,28.3,12.33,0,1,HIGH
1269,82.3,337.4,65.7,14.4,Frozen,Material Loading,160.2,23.21,62.0,275.4,67.2,123.6,31.22,1,1,LOW
1270,46.0,188.6,55.3,26.4,Frozen,Trenching,262.9,26.68,116.9,71.7,17.5,60.1,37.49,1,1,LOW
1271,76.0,311.6,40.4,18.8,Muddy,Material Loading,151.5,22.32,56.4,255.2,62.2,118.7,37.56,1,1,LOW
1272,41.1,168.5,60.3,29.4,Frozen,Trenching,59.6,28.03,27.8,140.7,34.3,51.1,48.1,1,1,LOW
1273,96.1,394.0,52.6,5.7,Muddy,Material Loading,281.4,23.61,110.7,283.3,69.1,141.8,7.35,1,1,LOW
1274,11.6,47.6,84.4,36.4,Wet,Compaction,34.9,23.48,13.7,33.9,8.3,17.2,36.3,0,0,CRITICAL
1275,20.0,82.0,57.1,25.0,Wet,Trenching,291.5,25.18,122.3,0.0,0.0,27.7,24.0,0,1,HIGH
1276,69.0,282.9,77.7,5.1,Muddy,Grading,88.3,28.63,42.1,240.8,58.7,84.0,19.07,1,1,LOW
1277,58.0,237.8,61.4,11.7,Frozen,Grading,109.4,23.86,43.5,194.3,47.4,84.7,45.69,1,1,LOW
1278,87.3,357.9,62.6,38.1,Frozen,Earth Excavation,103.5,27.68,47.7,310.2,75.7,109.9,4.37,1,1,LOW
1279,92.3,378.4,81.6,30.0,Frozen,Grading,179.5,25.97,77.7,300.7,73.3,123.9,32.12,1,1,LOW
1280,61.7,253.0,83.4,16.2,Frozen,Demolition,28.9,33.65,16.2,236.8,57.8,63.9,19.64,1,1,LOW
1281,22.1,90.6,48.2,19.6,Dry,Material Loading,281.4,19.99,93.8,0.0,0.0,38.5,41.89,0,0,CRITICAL
1282,97.4,399.3,77.3,39.9,Dry,Trenching,156.9,28.02,73.3,326.0,79.5,121.1,1.97,1,1,LOW
1283,72.0,295.2,46.9,26.9,Frozen,Compaction,29.0,20.57,9.9,285.3,69.6,122.0,22.71,1,1,LOW
1284,89.5,366.9,57.4,44.0,Dry,Demolition,202.2,28.55,96.2,270.7,66.0,109.2,19.9,1,1,LOW
1285,82.5,338.2,57.6,44.7,Muddy,Demolition,155.9,33.46,86.9,251.3,61.3,85.9,36.28,1,1,LOW
1286,77.3,316.9,88.0,5.9,Muddy,Earth Excavation,114.2,31.75,60.4,256.5,62.6,84.8,45.92,1,1,LOW
1287,89.3,366.1,66.8,16.6,Muddy,Demolition,177.0,33.11,97.7,268.4,65.5,94.0,18.34,1,1,LOW
1288,15.5,63.5,48.1,19.6,Muddy,Grading,106.1,23.83,42.1,21.4,5.2,22.7,3.74,0,1,HIGH
1289,43.8,179.6,97.6,20.7,Wet,Earth Excavation,182.7,30.85,93.9,85.7,20.9,49.5,46.02,1,1,LOW
1290,84.4,346.0,93.8,30.5,Dry,Demolition,29.3,32.13,15.7,330.3,80.6,91.5,41.82,1,1,LOW
1291,92.1,377.6,67.7,36.5,Wet,Trenching,188.9,28.52,89.8,287.8,70.2,112.5,18.25,1,1,LOW
1292,69.2,283.7,60.1,13.6,Dry,Trenching,205.9,25.72,88.3,195.4,47.7,93.8,34.01,1,1,LOW
1293,17.0,69.7,87.5,32.5,Muddy,Earth Excavation,114.0,32.55,61.8,7.9,1.9,18.2,23.6,0,0,CRITICAL
1294,16.2,66.4,52.0,6.0,Dry,Earth Excavation,94.6,22.4,35.3,31.1,7.6,25.2,41.09,0,0,CRITICAL
1295,45.3,185.7,78.4,26.7,Wet,Earth Excavation,82.3,28.17,38.6,147.1,35.9,56.0,11.51,1,1,LOW
1296,48.9,200.5,62.5,27.3,Wet,Demolition,108.0,29.71,53.5,147.0,35.9,57.4,26.25,1,1,LOW
1297,73.1,299.7,82.4,34.2,Wet,Trenching,145.7,29.69,72.1,227.6,55.5,85.8,40.65,1,1,LOW
1298,98.5,403.9,61.2,24.9,Frozen,Material Loading,141.4,23.07,54.4,349.5,85.2,148.8,42.36,1,1,LOW
1299,58.9,241.5,75.9,39.0,Muddy,Grading,288.8,27.64,133.0,108.5,26.5,74.3,43.67,1,1,LOW
1300,86.7,355.5,95.6,15.3,Wet,Grading,98.9,26.9,44.3,311.2,75.9,112.3,32.65,1,1,LOW
1301,74.7,306.3,64.3,28.5,Dry,Earth Excavation,214.7,24.13,86.3,220.0,53.7,107.9,25.05,1,1,LOW
1302,35.0,143.5,48.5,22.4,Dry,Demolition,83.8,25.06,35.0,108.5,26.5,48.7,33.95,1,1,LOW
1303,73.2,300.1,53.8,23.1,Dry,Material Loading,51.6,18.47,15.9,284.2,69.3,138.1,17.61,1,1,LOW
1304,54.6,223.9,96.4,23.8,Dry,Demolition,149.2,31.69,78.8,145.1,35.4,60.1,5.82,1,1,LOW
1305,43.7,179.2,58.9,39.6,Dry,Compaction,181.9,20.17,61.1,118.1,28.8,75.5,24.82,1,1,LOW
1306,63.2,259.1,47.2,11.5,Muddy,Trenching,67.9,27.09,30.7,228.4,55.7,81.3,34.02,1,1,LOW
1307,20.2,82.8,92.4,44.9,Dry,Material Loading,158.7,25.54,67.6,15.2,3.7,27.6,38.78,0,0,CRITICAL
1308,45.6,187.0,45.8,21.0,Muddy,Demolition,231.0,28.77,110.8,76.2,18.6,55.2,49.26,1,1,LOW
1309,62.8,257.5,83.7,31.4,Muddy,Material Loading,101.9,27.1,46.0,211.5,51.6,80.8,26.25,1,1,LOW
1310,51.2,209.9,48.5,27.6,Wet,Trenching,102.2,24.57,41.9,168.0,41.0,72.6,25.2,1,1,LOW
1311,96.4,395.2,65.9,19.1,Dry,Earth Excavation,256.1,24.77,105.7,289.5,70.6,135.6,31.48,1,1,LOW
1312,28.3,116.0,83.2,42.8,Frozen,Material Loading,57.8,27.22,26.2,89.8,21.9,36.2,5.91,1,1,LOW
1313,75.7,310.4,96.9,44.7,Dry,Compaction,65.4,23.94,26.1,284.3,69.3,110.2,48.9,1,1,LOW
1314,36.7,150.5,79.9,7.0,Frozen,Compaction,299.2,23.66,118.0,32.5,7.9,54.1,38.87,0,1,HIGH
1315,42.1,172.6,43.8,36.7,Frozen,Grading,274.6,22.54,103.2,69.4,16.9,65.1,6.24,1,1,LOW
1316,39.3,161.1,79.6,36.5,Muddy,Demolition,102.7,35.31,60.4,100.7,24.6,38.8,24.94,1,1,LOW
1317,40.5,166.1,74.4,23.8,Frozen,Material Loading,194.7,25.22,81.8,84.3,20.6,56.0,41.52,1,1,LOW
1318,37.6,154.2,80.9,36.1,Wet,Compaction,78.6,23.37,30.6,123.6,30.1,56.1,27.19,1,1,LOW
1319,42.2,173.0,64.9,44.4,Wet,Earth Excavation,217.6,27.94,101.3,71.7,17.5,52.6,42.58,1,1,LOW
1320,72.9,298.9,67.2,39.1,Wet,Demolition,264.3,30.98,136.5,162.4,39.6,82.0,3.69,1,1,LOW
1321,92.5,379.2,76.0,29.0,Dry,Earth Excavation,259.7,26.02,112.6,266.6,65.0,123.9,2.8,1,1,LOW
1322,93.0,381.3,95.1,44.7,Wet,Material Loading,69.7,28.28,32.9,348.4,85.0,114.6,24.65,1,1,LOW
1323,87.9,360.4,72.5,21.2,Dry,Earth Excavation,133.5,24.79,55.2,305.2,74.4,123.6,43.38,1,1,LOW
1324,12.8,52.5,49.3,20.7,Frozen,Earth Excavation,281.5,24.69,115.8,0.0,0.0,18.1,32.79,0,0,CRITICAL
1325,79.9,327.6,61.4,14.8,Frozen,Grading,23.7,23.32,9.2,318.4,77.7,119.4,23.54,1,1,LOW
1326,93.2,382.1,59.9,30.7,Frozen,Trenching,176.9,28.35,83.6,298.5,72.8,114.6,13.07,1,1,LOW
1327,21.3,87.3,94.6,40.5,Frozen,Material Loading,237.5,27.42,108.5,0.0,0.0,27.1,5.23,0,1,HIGH
1328,31.8,130.4,47.9,32.1,Frozen,Material Loading,168.4,21.87,61.4,69.0,16.8,50.7,26.27,1,1,LOW
1329,9.9,40.6,74.9,30.0,Wet,Earth Excavation,126.0,27.66,58.1,0.0,0.0,12.5,30.84,0,0,CRITICAL
1330,83.7,343.2,64.4,26.9,Dry,Grading,107.4,21.93,39.3,303.9,74.1,133.0,3.16,1,1,LOW
1331,84.4,346.0,51.6,30.2,Dry,Grading,131.9,20.02,44.0,302.0,73.7,146.9,41.76,1,1,LOW
1332,7.2,29.5,85.0,25.3,Muddy,Material Loading,223.5,27.65,103.0,0.0,0.0,9.1,34.46,0,0,CRITICAL
1333,98.4,403.4,77.6,29.2,Frozen,Earth Excavation,98.2,28.89,47.3,356.1,86.9,118.7,22.63,1,1,LOW
1334,53.7,220.2,84.3,15.5,Wet,Compaction,248.6,23.58,97.7,122.5,29.9,79.4,38.37,1,1,LOW
1335,89.4,366.5,44.9,32.9,Dry,Demolition,180.6,25.35,76.3,290.2,70.8,122.9,11.26,1,1,LOW
1336,21.6,88.6,59.5,11.9,Frozen,Material Loading,137.3,23.24,53.2,35.4,8.6,32.4,24.82,0,1,HIGH
1337,50.4,206.6,69.8,40.5,Wet,Compaction,87.1,22.85,33.2,173.4,42.3,76.9,1.14,1,1,LOW
1338,85.3,349.7,72.1,13.4,Dry,Compaction,207.5,21.31,73.7,276.0,67.3,139.5,28.47,1,1,LOW
1339,79.5,325.9,78.7,31.6,Muddy,Grading,167.0,27.5,76.5,249.4,60.8,100.7,23.46,1,1,LOW
1340,63.0,258.3,68.4,10.1,Wet,Compaction,200.9,22.59,75.6,182.7,44.6,97.2,17.44,1,1,LOW
1341,28.4,116.4,95.8,39.4,Frozen,Grading,132.5,29.33,64.8,51.6,12.6,33.7,36.97,1,0,LOW
1342,97.7,400.6,43.2,6.4,Wet,Grading,76.9,20.94,26.8,373.8,91.2,162.6,30.41,1,1,LOW
1343,18.1,74.2,65.6,32.5,Wet,Demolition,159.0,29.1,77.1,0.0,0.0,21.7,10.7,0,1,HIGH
1344,48.2,197.6,84.8,27.2,Frozen,Trenching,231.2,30.73,118.4,79.2,19.3,54.7,26.13,1,1,LOW
1345,58.5,239.8,95.0,33.2,Wet,Trenching,219.0,31.69,115.7,124.1,30.3,64.3,14.49,1,1,LOW
1346,55.0,225.5,54.3,18.9,Dry,Demolition,90.2,26.39,39.7,185.8,45.3,72.6,40.15,1,1,LOW
1347,55.6,228.0,48.0,13.2,Dry,Trenching,184.3,23.14,71.1,156.9,38.3,83.8,48.68,1,1,LOW
1348,7.4,30.3,55.9,11.3,Wet,Demolition,86.0,28.07,40.2,0.0,0.0,9.2,10.47,0,0,CRITICAL
1349,57.8,237.0,53.1,31.8,Frozen,Earth Excavation,25.4,24.69,10.5,226.5,55.2,81.6,4.58,1,1,LOW
1350,97.6,400.2,71.7,35.2,Muddy,Trenching,221.4,30.16,111.3,288.9,70.5,112.8,48.33,1,1,LOW
1351,99.9,409.6,77.0,34.9,Frozen,Trenching,200.1,29.65,98.9,310.7,75.8,117.4,25.79,1,1,LOW
1352,90.9,372.7,63.0,42.9,Dry,Demolition,185.3,28.88,89.2,283.5,69.1,109.7,4.56,1,1,LOW
1353,12.3,50.4,46.3,44.1,Wet,Trenching,213.4,26.55,94.4,0.0,0.0,16.1,32.01,0,0,CRITICAL
1354,24.6,100.9,73.6,30.0,Wet,Grading,72.1,23.99,28.8,72.1,17.6,35.8,36.29,1,0,MEDIUM
1355,61.2,250.9,65.3,15.0,Dry,Compaction,69.2,19.79,22.8,228.1,55.6,107.8,46.68,1,1,LOW
1356,39.3,161.1,57.7,10.5,Frozen,Demolition,195.7,29.61,96.6,64.5,15.7,46.2,2.07,1,1,LOW
1357,13.2,54.1,73.3,25.4,Dry,Earth Excavation,248.4,25.6,106.0,0.0,0.0,18.0,13.48,0,1,HIGH
1358,65.7,269.4,95.8,24.8,Dry,Demolition,119.4,30.86,61.4,208.0,50.7,74.2,42.94,1,1,LOW
1359,72.2,296.0,45.1,44.4,Frozen,Demolition,143.8,28.88,69.2,226.8,55.3,87.1,26.43,1,1,LOW
1360,31.1,127.5,79.1,32.9,Wet,Grading,61.4,24.5,25.1,102.4,25.0,44.2,46.0,1,0,LOW
1361,64.8,265.7,46.0,10.8,Dry,Earth Excavation,121.7,21.79,44.2,221.5,54.0,103.6,32.16,1,1,LOW
1362,69.1,283.3,79.2,10.6,Muddy,Earth Excavation,195.1,30.32,98.6,184.7,45.0,79.4,32.83,1,1,LOW
1363,28.3,116.0,87.0,8.0,Dry,Grading,53.7,24.3,21.7,94.3,23.0,40.6,32.9,1,1,LOW
1364,73.2,300.1,43.0,27.2,Muddy,Earth Excavation,211.1,25.07,88.2,211.9,51.7,101.7,6.44,1,1,LOW
1365,72.7,298.1,43.7,14.0,Muddy,Compaction,246.7,21.24,87.3,210.8,51.4,119.3,42.78,1,1,LOW
1366,55.2,226.3,84.9,10.5,Frozen,Compaction,47.3,24.33,19.2,207.1,50.5,79.1,45.71,1,1,LOW
1367,51.9,212.8,68.1,12.3,Frozen,Material Loading,223.6,23.84,88.8,124.0,30.2,75.9,27.28,1,1,LOW
1368,23.5,96.3,80.0,20.7,Frozen,Trenching,284.3,30.35,143.8,0.0,0.0,27.0,25.59,0,1,HIGH
1369,98.2,402.6,61.3,42.7,Dry,Compaction,197.3,20.16,66.3,336.3,82.0,169.7,12.1,1,1,LOW
1370,46.6,191.1,40.6,7.8,Dry,Grading,222.9,19.63,72.9,118.2,28.8,82.7,8.81,1,1,LOW
1371,95.2,390.3,83.1,36.4,Dry,Compaction,82.9,21.35,29.5,360.8,88.0,155.4,18.36,1,1,LOW
1372,67.8,278.0,85.8,43.7,Muddy,Trenching,110.1,35.2,64.6,213.4,52.0,67.1,32.42,1,1,LOW
1373,59.3,243.1,86.9,29.4,Frozen,Trenching,222.7,31.37,116.4,126.7,30.9,65.9,7.73,1,1,LOW
1374,14.6,59.9,90.1,24.9,Muddy,Material Loading,160.2,27.15,72.5,0.0,0.0,18.8,10.41,0,1,HIGH
1375,85.7,351.4,86.5,11.5,Muddy,Compaction,259.9,26.26,113.7,237.7,58.0,113.7,41.08,1,1,LOW
1376,9.6,39.4,94.0,20.8,Muddy,Material Loading,232.7,27.57,106.9,0.0,0.0,12.1,13.57,0,0,CRITICAL
1377,12.2,50.0,83.0,43.6,Frozen,Demolition,278.7,35.65,165.6,0.0,0.0,11.9,43.6,0,0,CRITICAL
1378,96.8,396.9,93.8,26.4,Dry,Material Loading,50.6,24.61,20.8,376.1,91.7,137.1,29.74,1,1,LOW
1379,43.4,177.9,63.5,27.9,Wet,Earth Excavation,288.2,26.09,125.3,52.6,12.8,58.0,14.85,1,1,LOW
1380,5.5,22.6,89.7,39.5,Wet,Earth Excavation,62.6,30.09,31.4,0.0,0.0,6.4,22.67,0,0,CRITICAL
1381,74.9,307.1,43.4,27.0,Wet,Material Loading,150.2,19.99,50.0,257.1,62.7,130.6,21.53,1,1,LOW
1382,25.9,106.2,43.8,9.6,Dry,Demolition,98.3,24.56,40.2,66.0,16.1,36.8,15.7,1,1,LOW
1383,76.7,314.5,93.6,36.6,Wet,Grading,247.7,26.97,111.3,203.2,49.6,99.1,20.51,1,1,LOW
1384,80.9,331.7,40.1,24.5,Dry,Trenching,44.1,22.01,16.2,315.5,77.0,128.1,42.39,1,1,LOW
1385,74.4,305.0,97.3,24.3,Dry,Material Loading,189.6,25.23,79.7,225.3,55.0,102.8,40.33,1,1,LOW
1386,28.8,118.1,75.2,42.6,Muddy,Trenching,125.5,33.48,70.0,48.1,11.7,30.0,49.67,1,0,LOW
1387,12.3,50.4,74.2,6.0,Wet,Trenching,194.2,28.66,92.8,0.0,0.0,14.9,33.15,0,0,CRITICAL
1388,41.5,170.2,73.4,30.7,Muddy,Compaction,242.0,24.25,97.8,72.4,17.7,59.7,33.41,1,1,LOW
1389,84.6,346.9,47.7,43.3,Frozen,Demolition,109.9,29.23,53.5,293.4,71.6,100.9,1.5,1,1,LOW
1390,46.6,191.1,83.5,26.0,Frozen,Earth Excavation,88.5,29.97,44.2,146.9,35.8,54.2,44.18,1,1,LOW
1391,75.0,307.5,56.9,23.1,Dry,Grading,90.0,20.84,31.3,276.2,67.4,125.4,32.77,1,1,LOW
1392,13.1,53.7,61.7,34.8,Dry,Compaction,172.5,20.06,57.7,0.0,0.0,22.8,38.99,0,0,CRITICAL
1393,16.2,66.4,78.1,32.7,Wet,Compaction,70.7,22.6,26.6,39.8,9.7,25.0,26.08,0,0,CRITICAL
1394,26.3,107.8,70.0,30.5,Wet,Trenching,125.2,27.9,58.2,49.6,12.1,32.8,11.21,1,1,LOW
1395,27.5,112.8,47.0,6.4,Frozen,Earth Excavation,73.6,24.54,30.1,82.7,20.2,39.1,30.61,1,1,LOW
1396,32.2,132.0,43.4,21.1,Wet,Earth Excavation,190.1,23.97,75.9,56.1,13.7,46.8,34.58,1,1,LOW
1397,26.3,107.8,90.4,32.6,Dry,Earth Excavation,143.4,27.85,66.6,41.2,10.0,32.9,38.5,1,0,LOW
1398,41.2,168.9,76.5,7.2,Wet,Demolition,68.9,31.43,36.1,132.8,32.4,45.7,1.82,1,1,LOW
1399,43.0,176.3,91.3,37.8,Frozen,Demolition,169.5,35.67,100.8,75.5,18.4,42.0,22.71,1,1,LOW
1400,9.4,38.5,92.8,24.8,Frozen,Material Loading,164.2,27.07,74.1,0.0,0.0,12.1,39.81,0,0,CRITICAL
1401,72.4,296.8,81.2,39.0,Wet,Earth Excavation,67.7,29.59,33.4,263.4,64.2,85.3,23.82,1,1,LOW
1402,96.7,396.5,74.5,13.5,Frozen,Trenching,199.0,29.87,99.1,297.4,72.5,112.8,10.9,1,1,LOW
1403,84.3,345.6,62.6,20.1,Dry,Earth Excavation,91.1,22.56,34.3,311.3,75.9,130.2,35.06,1,1,LOW
1404,20.0,82.0,46.1,8.8,Frozen,Grading,191.5,22.31,71.2,10.8,2.6,31.2,26.17,0,1,HIGH
1405,19.5,80.0,69.0,7.4,Wet,Demolition,36.2,30.33,18.3,61.7,15.0,22.4,21.46,1,1,MEDIUM
1406,79.7,326.8,49.6,42.0,Frozen,Earth Excavation,249.8,25.85,107.6,219.2,53.5,107.5,33.0,1,1,LOW
1407,39.0,159.9,88.0,39.5,Muddy,Trenching,119.0,34.91,69.2,90.7,22.1,38.9,12.26,1,1,LOW
1408,26.4,108.2,90.2,34.9,Muddy,Compaction,31.0,26.97,13.9,94.3,23.0,34.1,45.8,1,0,LOW
1409,52.9,216.9,40.6,40.9,Wet,Grading,251.0,21.45,89.7,127.2,31.0,86.0,32.95,1,1,LOW
1410,70.8,290.3,93.4,14.0,Wet,Trenching,219.5,32.71,119.7,170.6,41.6,75.4,25.32,1,1,LOW
1411,72.3,296.4,71.8,36.5,Muddy,Trenching,260.5,31.19,135.4,161.0,39.3,80.8,5.83,1,1,LOW
1412,89.6,367.4,54.7,18.1,Wet,Trenching,178.0,24.9,73.9,293.5,71.6,125.4,20.94,1,1,LOW
1413,89.7,367.8,51.9,26.4,Muddy,Grading,31.4,23.97,12.5,355.3,86.7,130.4,5.24,1,1,LOW
1414,68.1,279.2,41.9,36.8,Wet,Grading,41.1,22.01,15.1,264.1,64.4,107.8,34.2,1,1,LOW
1415,24.5,100.5,90.9,16.7,Dry,Trenching,96.4,28.27,45.4,55.1,13.4,30.2,38.49,1,0,MEDIUM
1416,90.8,372.3,53.3,36.5,Wet,Grading,106.4,23.06,40.9,331.4,80.8,137.2,2.25,1,1,LOW
1417,27.9,114.4,76.6,27.0,Frozen,Earth Excavation,298.4,27.68,137.7,0.0,0.0,35.1,40.81,0,0,CRITICAL
1418,69.6,285.4,67.6,34.8,Dry,Earth Excavation,145.0,25.7,62.1,223.3,54.5,94.4,17.11,1,1,LOW
1419,47.8,196.0,48.3,44.1,Muddy,Earth Excavation,22.8,29.49,11.2,184.8,45.1,56.5,18.99,1,1,LOW
1420,22.1,90.6,70.9,33.9,Muddy,Earth Excavation,295.6,29.53,145.5,0.0,0.0,26.1,17.17,0,1,HIGH
1421,15.5,63.5,81.2,38.6,Dry,Earth Excavation,55.2,26.82,24.7,38.8,9.5,20.1,14.41,0,1,HIGH
1422,98.7,404.7,74.7,29.3,Frozen,Demolition,253.0,33.2,140.0,264.7,64.6,103.6,40.81,1,1,LOW
1423,36.8,150.9,56.9,18.9,Muddy,Material Loading,59.2,24.13,23.8,127.1,31.0,53.2,18.12,1,1,LOW
1424,34.4,141.0,49.6,19.9,Wet,Material Loading,221.8,21.42,79.2,61.8,15.1,56.0,35.71,1,1,LOW
1425,8.5,34.9,57.6,11.3,Wet,Material Loading,294.2,20.92,102.6,0.0,0.0,14.2,9.46,0,1,HIGH
1426,73.9,303.0,69.5,6.8,Dry,Earth Excavation,281.9,24.85,116.8,186.2,45.4,103.6,5.61,1,1,LOW
1427,80.3,329.2,55.4,34.0,Muddy,Trenching,99.7,27.52,45.7,283.5,69.1,101.7,15.94,1,1,LOW
1428,25.4,104.1,47.5,42.0,Dry,Earth Excavation,266.2,22.69,100.7,3.4,0.8,39.0,32.7,0,1,HIGH
1429,76.4,313.2,82.1,9.4,Muddy,Demolition,283.7,34.54,163.3,149.9,36.6,77.1,44.88,1,1,LOW
1430,54.7,224.3,71.1,5.6,Dry,Material Loading,194.7,20.81,67.5,156.8,38.2,91.6,33.11,1,1,LOW
1431,49.8,204.2,76.9,22.1,Frozen,Demolition,217.5,32.53,117.9,86.3,21.0,53.4,0.56,1,1,LOW
1432,70.6,289.5,63.9,38.6,Wet,Trenching,23.9,29.51,11.8,277.7,67.7,83.4,19.71,1,1,LOW
1433,97.3,398.9,91.3,24.4,Frozen,Compaction,39.7,24.91,16.5,382.4,93.3,136.1,28.83,1,1,LOW
1434,42.7,175.1,95.7,13.8,Wet,Earth Excavation,166.9,30.48,84.8,90.3,22.0,48.8,45.41,1,1,LOW
1435,81.0,332.1,49.8,34.8,Dry,Grading,69.0,20.99,24.1,308.0,75.1,134.5,36.05,1,1,LOW
1436,54.0,221.4,53.1,10.3,Dry,Demolition,203.6,26.15,88.7,132.7,32.4,72.0,40.56,1,1,LOW
1437,83.8,343.6,49.4,24.9,Muddy,Compaction,48.9,21.62,17.6,326.0,79.5,135.1,7.92,1,1,LOW
1438,87.5,358.8,78.3,6.4,Frozen,Demolition,59.1,33.53,33.0,325.8,79.5,91.0,12.01,1,1,LOW
1439,78.2,320.6,94.3,37.3,Frozen,Grading,99.7,29.23,48.6,272.0,66.3,93.2,16.68,1,1,LOW
1440,86.8,355.9,60.9,19.9,Wet,Trenching,111.3,26.89,49.9,306.0,74.6,112.5,43.1,1,1,LOW
1441,46.4,190.2,94.7,26.7,Wet,Material Loading,107.5,25.45,45.6,144.6,35.3,63.5,4.16,1,1,LOW
1442,13.6,55.8,47.3,11.5,Dry,Trenching,23.1,24.04,9.3,46.5,11.3,19.7,47.53,1,0,MEDIUM
1443,41.4,169.7,91.0,9.3,Wet,Material Loading,256.5,26.09,111.5,58.2,14.2,55.3,28.07,1,1,LOW
1444,74.9,307.1,79.5,19.5,Frozen,Earth Excavation,22.2,28.49,10.5,296.6,72.3,91.6,41.36,1,1,LOW
1445,18.1,74.2,70.1,41.8,Frozen,Earth Excavation,35.7,28.84,17.2,57.0,13.9,21.9,21.14,1,1,MEDIUM
1446,50.2,205.8,92.1,6.8,Dry,Material Loading,118.4,23.3,46.0,159.8,39.0,75.1,17.34,1,1,LOW
1447,80.1,328.4,58.4,34.8,Dry,Earth Excavation,177.0,23.47,69.2,259.2,63.2,118.9,19.07,1,1,LOW
1448,15.2,62.3,95.3,41.2,Wet,Compaction,270.0,25.87,116.4,0.0,0.0,20.5,7.76,0,1,HIGH
1449,35.2,144.3,91.5,12.6,Dry,Trenching,212.3,28.19,99.7,44.6,10.9,43.5,4.9,1,1,LOW
1450,30.5,125.0,78.3,39.9,Wet,Grading,79.6,26.28,34.9,90.1,22.0,40.4,2.93,1,1,LOW
1451,13.4,54.9,73.6,18.9,Wet,Trenching,81.4,29.76,40.4,14.5,3.5,15.7,47.45,0,0,CRITICAL
1452,34.0,139.4,67.3,5.0,Wet,Demolition,47.7,30.02,23.9,115.5,28.2,39.5,34.28,1,1,LOW
1453,81.9,335.8,77.8,35.8,Dry,Material Loading,156.8,22.95,60.0,275.8,67.3,124.4,35.23,1,1,LOW
1454,53.6,219.8,51.9,15.3,Dry,Material Loading,22.6,19.52,7.4,212.4,51.8,95.7,21.16,1,1,LOW
1455,58.7,240.7,80.8,27.5,Dry,Compaction,20.0,21.85,7.3,233.4,56.9,93.6,3.44,1,1,LOW
1456,81.3,333.3,81.6,31.5,Frozen,Compaction,227.1,23.78,90.0,243.3,59.3,119.1,36.36,1,1,LOW
1457,12.0,49.2,43.7,19.4,Wet,Grading,233.5,21.13,82.2,0.0,0.0,19.8,17.07,0,1,HIGH
1458,79.2,324.7,54.5,37.8,Dry,Trenching,120.7,24.93,50.2,274.5,67.0,110.7,20.35,1,1,LOW
1459,5.3,21.7,53.7,18.5,Dry,Trenching,240.0,23.78,95.1,0.0,0.0,7.8,2.84,0,1,HIGH
1460,8.6,35.3,94.0,36.6,Dry,Demolition,274.8,31.36,143.6,0.0,0.0,9.6,16.13,0,0,CRITICAL
1461,34.1,139.8,91.5,21.4,Wet,Material Loading,275.9,25.34,116.5,23.3,5.7,46.9,41.92,0,1,HIGH
1462,11.3,46.3,54.1,17.0,Frozen,Material Loading,152.5,22.41,57.0,0.0,0.0,17.6,14.93,0,1,HIGH
1463,26.2,107.4,80.4,39.1,Frozen,Grading,119.2,27.49,54.6,52.8,12.9,33.2,9.8,1,1,LOW
1464,75.7,310.4,67.2,6.9,Frozen,Demolition,208.0,31.69,109.9,200.5,48.9,83.3,42.29,1,1,LOW
1465,95.8,392.8,51.6,12.4,Wet,Demolition,269.7,27.71,124.6,268.2,65.4,120.5,25.2,1,1,LOW
1466,34.0,139.4,83.7,38.8,Frozen,Material Loading,37.1,26.58,16.4,123.0,30.0,44.6,33.45,1,1,LOW
1467,60.4,247.6,97.3,14.8,Dry,Grading,191.1,25.22,80.3,167.3,40.8,83.4,27.68,1,1,LOW
1468,62.5,256.2,69.5,9.9,Dry,Compaction,57.0,19.39,18.4,237.8,58.0,112.3,1.82,1,1,LOW
1469,59.4,243.5,97.9,33.5,Dry,Demolition,117.0,31.31,61.1,182.4,44.5,66.1,25.69,1,1,LOW
1470,44.7,183.3,86.8,26.0,Frozen,Trenching,182.5,31.44,95.6,87.7,21.4,49.6,11.29,1,1,LOW
1471,27.4,112.3,51.2,19.8,Dry,Demolition,128.6,25.99,55.7,56.6,13.8,36.7,42.34,1,0,LOW
1472,5.7,23.4,50.9,42.3,Muddy,Grading,280.3,25.03,116.9,0.0,0.0,7.9,15.85,0,0,CRITICAL
1473,78.3,321.0,96.6,5.7,Frozen,Demolition,129.6,35.54,76.8,244.2,59.6,76.8,41.98,1,1,LOW
1474,58.6,240.3,60.8,38.1,Wet,Trenching,157.8,27.07,71.2,169.1,41.2,75.5,28.23,1,1,LOW
1475,49.8,204.2,79.5,24.4,Wet,Grading,208.8,26.03,90.6,113.6,27.7,66.7,35.62,1,1,LOW
1476,56.4,231.2,51.2,32.2,Muddy,Earth Excavation,81.3,26.93,36.5,194.7,47.5,73.0,39.71,1,1,LOW
1477,52.3,214.4,97.3,14.4,Frozen,Earth Excavation,51.2,30.62,26.1,188.3,45.9,59.5,12.6,1,1,LOW
1478,78.7,322.7,72.8,15.2,Frozen,Grading,24.2,26.04,10.5,312.2,76.1,105.3,34.25,1,1,LOW
1479,7.1,29.1,87.4,35.5,Dry,Trenching,197.9,28.38,93.6,0.0,0.0,8.7,30.27,0,0,CRITICAL
1480,23.4,95.9,79.6,42.3,Muddy,Grading,179.0,30.04,89.6,6.3,1.5,27.1,32.51,0,0,CRITICAL
1481,10.1,41.4,63.0,41.0,Muddy,Compaction,279.7,24.23,113.0,0.0,0.0,14.5,8.07,0,1,HIGH
1482,60.5,248.0,52.2,13.0,Dry,Compaction,208.1,18.43,63.9,184.1,44.9,114.4,32.54,1,1,LOW
1483,53.1,217.7,41.3,10.2,Muddy,Grading,106.7,23.41,41.6,176.1,43.0,79.0,48.3,1,1,LOW
1484,12.9,52.9,41.0,34.0,Frozen,Trenching,72.6,24.87,30.1,22.8,5.6,18.1,21.48,0,0,CRITICAL
1485,63.6,260.8,68.2,9.5,Muddy,Compaction,139.2,23.72,55.0,205.8,50.2,93.5,30.74,1,1,LOW
1486,64.5,264.4,56.4,24.8,Frozen,Trenching,299.0,26.74,133.3,131.1,32.0,84.0,11.93,1,1,LOW
1487,92.2,378.0,64.4,17.2,Muddy,Material Loading,297.0,25.12,124.3,253.7,61.9,127.9,31.13,1,1,LOW
1488,8.4,34.4,89.2,8.4,Dry,Earth Excavation,97.0,27.1,43.8,0.0,0.0,10.8,24.05,0,0,CRITICAL
1489,80.1,328.4,51.5,19.9,Muddy,Compaction,167.6,21.55,60.2,268.2,65.4,129.5,9.14,1,1,LOW
1490,64.5,264.4,96.4,31.5,Dry,Earth Excavation,217.4,27.58,99.9,164.5,40.1,81.5,12.92,1,1,LOW
1491,41.5,170.2,51.6,23.7,Muddy,Trenching,86.0,27.99,40.1,130.1,31.7,51.7,28.88,1,1,LOW
1492,84.3,345.6,63.1,7.7,Wet,Material Loading,141.5,22.47,53.0,292.6,71.4,130.7,10.25,1,1,LOW
1493,97.5,399.8,43.0,36.8,Frozen,Grading,93.2,22.21,34.5,365.3,89.1,153.0,31.94,1,1,LOW
1494,11.6,47.6,97.6,30.5,Frozen,Trenching,146.0,32.65,79.4,0.0,0.0,12.4,47.53,0,0,CRITICAL
1495,90.5,371.1,90.4,18.8,Dry,Compaction,204.9,23.35,79.7,291.4,71.1,135.1,38.67,1,1,LOW
1496,10.0,41.0,49.9,29.7,Frozen,Compaction,231.7,20.72,80.0,0.0,0.0,16.8,29.39,0,0,CRITICAL
1497,6.6,27.1,85.4,27.0,Wet,Compaction,65.6,23.38,25.6,1.5,0.4,9.9,20.67,0,0,CRITICAL
1498,21.3,87.3,43.6,31.1,Wet,Grading,286.6,19.75,94.3,0.0,0.0,37.6,45.37,0,0,CRITICAL
1499,50.6,207.5,92.0,22.3,Muddy,Demolition,202.7,36.97,124.9,82.6,20.1,47.7,5.92,1,1,LOW
1500,71.1,291.5,43.8,18.8,Wet,Compaction,64.0,19.61,20.9,270.6,66.0,126.4,17.74,1,1,LOW
1501,78.7,322.7,70.1,43.3,Muddy,Demolition,152.6,35.4,90.0,232.7,56.8,77.5,8.43,1,1,LOW
1502,28.1,115.2,88.9,28.5,Dry,Material Loading,175.8,23.17,67.9,47.3,11.5,42.3,26.87,1,1,LOW
1503,25.4,104.1,93.8,6.3,Dry,Compaction,277.5,23.25,107.5,0.0,0.0,38.1,20.01,0,1,HIGH
1504,81.4,333.7,88.9,18.5,Frozen,Grading,246.7,27.61,113.5,220.2,53.7,102.7,10.01,1,1,LOW
1505,45.9,188.2,50.1,38.3,Frozen,Trenching,281.6,26.74,125.5,62.7,15.3,59.8,28.66,1,1,LOW
1506,45.2,185.3,63.2,37.7,Muddy,Compaction,236.6,23.74,93.6,91.7,22.4,66.3,21.34,1,1,LOW
1507,13.3,54.5,85.0,21.6,Wet,Grading,151.4,25.93,65.4,0.0,0.0,17.9,21.84,0,0,CRITICAL
1508,62.8,257.5,96.4,10.6,Frozen,Grading,37.7,29.45,18.5,239.0,58.3,74.3,40.49,1,1,LOW
1509,45.7,187.4,86.5,23.2,Frozen,Trenching,152.3,31.32,79.5,107.9,26.3,50.9,4.01,1,1,LOW
1510,74.4,305.0,84.1,40.0,Wet,Compaction,140.9,23.45,55.1,249.9,61.0,110.6,6.37,1,1,LOW
1511,93.7,384.2,95.0,35.7,Muddy,Trenching,74.4,34.52,42.8,341.4,83.3,94.6,44.05,1,1,LOW
1512,60.5,248.0,61.9,17.1,Dry,Compaction,288.7,20.6,99.1,148.9,36.3,102.3,38.99,1,1,LOW
1513,46.9,192.3,92.6,28.1,Frozen,Material Loading,211.2,26.4,92.9,99.4,24.2,61.9,12.24,1,1,LOW
1514,86.2,353.4,75.2,11.6,Frozen,Trenching,297.2,29.89,148.1,205.3,50.1,100.5,31.9,1,1,LOW
1515,11.9,48.8,96.2,40.7,Frozen,Grading,106.6,29.58,52.6,0.0,0.0,14.0,35.05,0,0,CRITICAL
1516,79.7,326.8,96.7,30.5,Dry,Trenching,159.4,29.23,77.7,249.1,60.8,95.0,40.91,1,1,LOW
1517,27.0,110.7,82.0,22.8,Dry,Compaction,60.2,21.66,21.7,89.0,21.7,43.4,17.12,1,1,LOW
1518,71.3,292.3,84.0,23.2,Dry,Material Loading,57.0,22.06,21.0,271.3,66.2,112.6,35.24,1,1,LOW
1519,78.9,323.5,52.9,29.9,Muddy,Trenching,28.4,28.57,13.5,310.0,75.6,96.2,9.4,1,1,LOW
1520,23.6,96.8,86.1,16.7,Dry,Compaction,285.7,22.44,106.9,0.0,0.0,36.7,28.93,0,1,HIGH
1521,76.3,312.8,45.6,22.1,Muddy,Material Loading,252.7,21.95,92.4,220.4,53.8,121.1,40.8,1,1,LOW
1522,71.3,292.3,70.8,38.1,Muddy,Demolition,154.5,33.85,87.2,205.1,50.0,73.4,49.29,1,1,LOW
1523,26.3,107.8,85.0,9.4,Wet,Material Loading,189.4,24.46,77.2,30.6,7.5,37.5,43.98,0,0,CRITICAL
1524,77.6,318.2,63.6,10.7,Wet,Compaction,70.8,21.77,25.7,292.5,71.3,124.2,28.29,1,1,LOW
1525,57.3,234.9,77.4,32.1,Dry,Compaction,141.8,21.21,50.1,184.8,45.1,94.1,25.13,1,1,LOW
1526,63.4,259.9,57.2,25.3,Muddy,Compaction,24.9,23.04,9.6,250.3,61.0,95.9,28.41,1,1,LOW
1527,31.5,129.2,42.0,11.8,Wet,Demolition,299.6,26.76,133.6,0.0,0.0,41.0,36.13,0,1,HIGH
1528,78.8,323.1,92.0,25.8,Muddy,Earth Excavation,218.6,32.52,118.5,204.6,49.9,84.5,49.24,1,1,LOW
1529,49.0,200.9,61.0,20.6,Dry,Compaction,126.0,19.32,40.6,160.3,39.1,88.4,47.08,1,1,LOW
1530,7.6,31.2,87.5,35.9,Frozen,Grading,159.1,27.9,74.0,0.0,0.0,9.5,41.86,0,0,CRITICAL
1531,20.1,82.4,58.1,15.6,Frozen,Compaction,70.1,21.97,25.7,56.7,13.8,31.9,32.42,1,0,MEDIUM
1532,84.8,347.7,68.1,42.2,Wet,Demolition,71.9,31.14,37.3,310.4,75.7,94.9,34.47,1,1,LOW
1533,83.2,341.1,76.9,16.8,Muddy,Trenching,140.3,32.34,75.6,265.5,64.8,89.7,40.14,1,1,LOW
1534,8.2,33.6,57.5,21.9,Frozen,Grading,61.9,23.77,24.5,9.1,2.2,12.0,17.1,0,0,CRITICAL
1535,50.3,206.2,83.2,24.4,Frozen,Material Loading,194.1,26.29,85.0,121.2,29.6,66.7,13.34,1,1,LOW
1536,75.1,307.9,48.0,6.2,Frozen,Trenching,282.6,25.87,121.8,186.1,45.4,101.2,40.91,1,1,LOW
1537,97.0,397.7,48.5,27.4,Frozen,Trenching,105.8,25.35,44.7,353.0,86.1,133.4,47.04,1,1,LOW
1538,14.7,60.3,54.5,28.8,Dry,Earth Excavation,174.0,22.77,66.0,0.0,0.0,22.5,29.43,0,0,CRITICAL
1539,32.8,134.5,53.3,42.4,Muddy,Material Loading,183.9,25.1,76.9,57.6,14.0,45.5,15.43,1,1,LOW
1540,14.6,59.9,44.2,34.8,Dry,Compaction,94.2,17.15,26.9,33.0,8.0,29.7,18.07,0,1,HIGH
1541,14.9,61.1,50.6,22.2,Muddy,Trenching,201.7,27.48,92.4,0.0,0.0,18.9,34.68,0,0,CRITICAL
1542,63.1,258.7,65.1,35.4,Wet,Earth Excavation,107.6,25.97,46.6,212.1,51.7,84.7,34.38,1,1,LOW
1543,12.5,51.2,60.0,33.5,Frozen,Earth Excavation,222.9,26.47,98.3,0.0,0.0,16.4,38.89,0,0,CRITICAL
1544,28.2,115.6,86.7,13.6,Muddy,Demolition,217.9,36.17,131.4,0.0,0.0,27.2,3.21,0,1,HIGH
1545,53.1,217.7,66.3,21.8,Dry,Grading,222.9,21.98,81.7,136.0,33.2,84.2,44.85,1,1,LOW
1546,64.9,266.1,79.8,32.0,Dry,Material Loading,129.5,22.35,48.2,217.9,53.1,101.2,38.24,1,1,LOW
1547,24.8,101.7,71.7,15.7,Dry,Earth Excavation,34.4,24.57,14.1,87.6,21.4,35.2,34.9,1,1,MEDIUM
1548,48.2,197.6,48.5,37.7,Muddy,Trenching,298.8,27.25,135.7,61.9,15.1,61.6,28.38,1,1,LOW
1549,52.1,213.6,59.5,36.2,Frozen,Earth Excavation,260.0,27.15,117.6,96.0,23.4,66.9,38.48,1,1,LOW
1550,90.0,369.0,53.3,25.8,Frozen,Demolition,125.7,28.5,59.7,309.3,75.4,110.1,3.49,1,1,LOW
1551,28.0,114.8,90.5,23.6,Dry,Compaction,289.4,22.44,108.2,6.6,1.6,43.5,15.31,0,1,HIGH
1552,7.2,29.5,46.0,11.5,Muddy,Trenching,132.8,25.85,57.2,0.0,0.0,9.7,24.11,0,0,CRITICAL
1553,11.3,46.3,79.3,5.9,Frozen,Compaction,280.2,24.76,115.6,0.0,0.0,15.9,35.66,0,0,CRITICAL
1554,67.4,276.3,77.8,42.3,Dry,Demolition,139.5,30.71,71.4,204.9,50.0,76.5,31.05,1,1,LOW
1555,5.1,20.9,70.6,31.1,Dry,Compaction,123.3,20.14,41.4,0.0,0.0,8.8,15.13,0,0,CRITICAL
1556,58.0,237.8,93.3,40.8,Frozen,Material Loading,92.2,28.49,43.8,194.0,47.3,70.9,39.55,1,1,LOW
1557,53.0,217.3,62.6,10.0,Frozen,Compaction,192.9,22.28,71.6,145.7,35.5,82.9,19.16,1,1,LOW
1558,67.7,277.6,93.9,24.0,Muddy,Material Loading,282.4,28.9,136.0,141.6,34.5,81.6,48.01,1,1,LOW
1559,82.8,339.5,66.8,13.4,Dry,Material Loading,282.7,21.16,99.7,239.8,58.5,136.4,18.5,1,1,LOW
1560,92.7,380.1,96.3,42.9,Muddy,Grading,157.7,32.54,85.5,294.6,71.9,99.3,49.39,1,1,LOW
1561,22.8,93.5,95.9,32.6,Frozen,Grading,57.0,28.24,26.8,66.7,16.3,28.1,25.91,1,1,MEDIUM
1562,62.3,255.4,63.5,27.0,Wet,Demolition,275.6,29.03,133.3,122.1,29.8,74.8,20.3,1,1,LOW
1563,31.5,129.2,66.2,13.8,Wet,Grading,181.9,23.7,71.9,57.3,14.0,46.3,17.22,1,1,LOW
1564,19.3,79.1,48.1,33.5,Frozen,Trenching,53.0,25.85,22.8,56.3,13.7,26.0,49.94,1,0,MEDIUM
1565,90.1,369.4,75.3,33.6,Muddy,Grading,70.6,26.67,31.4,338.0,82.4,117.7,42.43,1,1,LOW
1566,38.2,156.6,84.3,26.7,Dry,Demolition,244.8,30.21,123.3,33.3,8.1,44.1,2.53,0,1,HIGH
1567,97.0,397.7,83.0,9.8,Wet,Compaction,201.3,23.31,78.2,319.5,77.9,145.0,17.27,1,1,LOW
1568,58.7,240.7,89.5,31.8,Frozen,Trenching,293.0,31.9,155.8,84.9,20.7,64.1,28.76,1,1,LOW
1569,43.3,177.5,47.9,32.4,Muddy,Material Loading,281.7,22.73,106.7,70.8,17.3,66.4,48.27,1,1,LOW
1570,28.0,114.8,81.5,5.8,Frozen,Compaction,158.2,24.02,63.3,51.5,12.6,40.6,46.87,1,0,LOW
1571,30.0,123.0,97.7,26.2,Dry,Demolition,275.1,31.45,144.2,0.0,0.0,33.2,26.16,0,1,HIGH
1572,57.5,235.7,89.2,43.6,Wet,Trenching,226.8,33.71,127.4,108.3,26.4,59.4,14.63,1,1,LOW
1573,81.5,334.1,91.4,22.9,Dry,Material Loading,91.0,24.63,37.4,296.7,72.4,115.3,7.1,1,1,LOW
1574,87.8,360.0,64.3,17.7,Frozen,Compaction,80.4,21.84,29.3,330.7,80.7,140.1,13.19,1,1,LOW
1575,12.8,52.5,64.0,28.1,Dry,Trenching,98.7,24.81,40.8,11.7,2.9,18.0,11.48,0,1,HIGH
1576,90.4,370.6,65.0,21.7,Muddy,Material Loading,290.0,24.15,116.7,253.9,61.9,130.4,6.31,1,1,LOW
1577,36.1,148.0,95.5,17.6,Frozen,Earth Excavation,165.6,31.29,86.4,61.6,15.0,40.2,11.78,1,1,LOW
1578,67.4,276.3,79.8,12.7,Muddy,Compaction,107.2,24.83,44.4,231.9,56.6,94.6,49.93,1,1,LOW
1579,61.1,250.5,90.3,28.6,Muddy,Grading,86.4,29.04,41.8,208.7,50.9,73.3,34.07,1,1,LOW
1580,82.5,338.2,43.0,31.9,Muddy,Earth Excavation,141.1,24.99,58.8,279.4,68.1,115.0,43.03,1,1,LOW
1581,68.4,280.4,75.5,39.7,Dry,Trenching,243.9,28.18,114.6,165.8,40.4,84.6,22.78,1,1,LOW
1582,39.4,161.5,62.4,25.8,Muddy,Earth Excavation,139.0,28.53,66.1,95.4,23.3,48.1,32.77,1,1,LOW
1583,39.5,162.0,65.7,31.8,Muddy,Demolition,174.1,33.61,97.5,64.5,15.7,41.0,33.98,1,1,LOW
1584,95.7,392.4,58.3,19.2,Dry,Trenching,43.7,23.81,17.3,375.1,91.5,140.1,39.61,1,1,LOW
1585,31.9,130.8,50.5,44.0,Wet,Compaction,280.4,21.48,100.4,30.4,7.4,51.8,43.16,0,1,HIGH
1586,50.5,207.1,49.9,18.1,Dry,Trenching,220.8,23.27,85.6,121.5,29.6,75.6,1.77,1,1,LOW
1587,69.9,286.6,47.2,6.9,Dry,Earth Excavation,213.4,22.11,78.6,208.0,50.7,110.2,7.4,1,1,LOW
1588,26.9,110.3,83.6,13.0,Dry,Earth Excavation,273.6,26.1,119.0,0.0,0.0,35.9,43.88,0,0,CRITICAL
1589,30.2,123.8,50.9,33.8,Wet,Trenching,280.8,25.95,121.4,2.4,0.6,40.6,41.47,0,0,CRITICAL
1590,5.8,23.8,91.3,34.1,Wet,Compaction,40.1,24.52,16.4,7.4,1.8,8.3,35.57,0,0,CRITICAL
1591,95.9,393.2,73.7,25.3,Frozen,Material Loading,216.4,24.82,89.5,303.7,74.1,134.7,46.08,1,1,LOW
1592,26.6,109.1,41.0,29.8,Dry,Demolition,38.5,23.98,15.4,93.7,22.9,38.7,20.18,1,1,LOW
1593,52.7,216.1,52.8,19.1,Dry,Material Loading,52.8,18.89,16.6,199.5,48.7,97.2,33.21,1,1,LOW
1594,66.5,272.7,75.4,5.7,Wet,Trenching,66.4,27.8,30.8,241.9,59.0,83.4,5.35,1,1,LOW
1595,16.4,67.2,78.8,12.1,Wet,Earth Excavation,65.5,27.94,30.5,36.7,9.0,20.4,25.67,0,0,CRITICAL
1596,82.1,336.6,47.5,29.6,Frozen,Compaction,107.5,19.91,35.7,300.9,73.4,143.7,4.45,1,1,LOW
1597,13.7,56.2,91.5,20.1,Wet,Grading,235.2,26.86,105.3,0.0,0.0,17.8,18.89,0,0,CRITICAL
1598,12.3,50.4,67.9,8.9,Wet,Trenching,102.1,27.41,46.6,3.8,0.9,15.6,36.02,0,0,CRITICAL
1599,76.0,311.6,43.6,44.8,Muddy,Earth Excavation,251.2,28.01,117.3,194.3,47.4,94.6,37.14,1,1,LOW
1600,46.7,191.5,83.9,34.6,Muddy,Earth Excavation,241.9,31.29,126.2,65.3,15.9,52.0,4.39,1,1,LOW
1601,66.3,271.8,87.7,23.5,Frozen,Trenching,157.4,31.74,83.3,188.5,46.0,72.8,12.89,1,1,LOW
1602,48.9,200.5,85.3,14.6,Frozen,Trenching,152.8,31.52,80.3,120.2,29.3,54.1,3.0,1,1,LOW
1603,38.6,158.3,68.3,15.8,Muddy,Grading,266.0,26.55,117.7,40.6,9.9,50.7,27.41,0,1,HIGH
1604,10.9,44.7,47.9,27.4,Muddy,Compaction,33.9,21.52,12.2,32.5,7.9,17.7,9.68,0,1,HIGH
1605,35.4,145.1,95.6,13.2,Wet,Earth Excavation,118.8,30.2,59.8,85.3,20.8,40.8,7.15,1,1,LOW
1606,43.7,179.2,57.8,8.7,Wet,Grading,160.5,23.88,63.9,115.3,28.1,63.8,4.32,1,1,LOW
1607,32.0,131.2,95.8,42.3,Frozen,Material Loading,84.0,28.18,39.5,91.7,22.4,39.6,41.83,1,0,LOW
1608,20.5,84.0,72.0,24.6,Muddy,Demolition,224.2,33.0,123.3,0.0,0.0,21.6,43.87,0,0,CRITICAL
1609,66.0,270.6,69.0,44.5,Muddy,Demolition,257.7,35.37,151.9,118.7,29.0,65.0,38.88,1,1,LOW
1610,29.7,121.8,90.8,5.4,Dry,Trenching,133.0,28.33,62.8,59.0,14.4,36.5,29.51,1,1,LOW
1611,21.7,89.0,46.1,13.9,Dry,Material Loading,23.9,18.19,7.2,81.8,20.0,41.6,34.78,1,1,MEDIUM
1612,38.4,157.4,59.4,25.5,Muddy,Demolition,61.8,31.76,32.7,124.7,30.4,42.1,17.37,1,1,LOW
1613,9.2,37.7,88.1,43.5,Frozen,Grading,287.8,29.25,140.3,0.0,0.0,11.0,20.95,0,0,CRITICAL
1614,15.1,61.9,42.1,14.8,Muddy,Material Loading,162.2,22.37,60.5,1.4,0.3,23.5,11.27,0,1,HIGH
1615,22.2,91.0,58.9,12.8,Wet,Compaction,164.6,20.42,56.0,35.0,8.5,37.9,36.94,0,1,HIGH
1616,45.4,186.1,96.1,7.1,Muddy,Material Loading,31.3,27.76,14.5,171.6,41.9,57.0,7.76,1,1,LOW
1617,20.0,82.0,70.1,41.9,Wet,Trenching,50.0,30.05,25.0,57.0,13.9,23.2,41.35,1,0,MEDIUM
1618,88.8,364.1,57.8,30.1,Muddy,Demolition,68.1,31.23,35.4,328.7,80.2,99.1,40.14,1,1,LOW
1619,82.2,337.0,49.9,22.4,Frozen,Earth Excavation,288.8,24.72,119.0,218.0,53.2,115.9,3.6,1,1,LOW
1620,90.3,370.2,57.4,28.9,Dry,Trenching,201.7,24.56,82.6,287.6,70.1,128.1,10.03,1,1,LOW
1621,55.7,228.4,59.4,15.1,Wet,Earth Excavation,217.7,25.65,93.1,135.3,33.0,75.7,8.83,1,1,LOW
1622,37.0,151.7,66.4,33.1,Frozen,Material Loading,263.9,24.42,107.4,44.3,10.8,52.8,34.15,1,1,LOW
1623,73.1,299.7,48.6,44.1,Frozen,Compaction,180.4,22.05,66.3,233.4,56.9,115.5,8.68,1,1,LOW
1624,63.4,259.9,64.1,32.0,Muddy,Material Loading,163.6,24.33,66.3,193.6,47.2,90.8,9.8,1,1,LOW
1625,12.2,50.0,87.5,27.2,Dry,Demolition,229.9,30.71,117.7,0.0,0.0,13.8,38.55,0,0,CRITICAL
1626,82.5,338.2,94.6,33.9,Frozen,Earth Excavation,202.3,30.71,103.5,234.7,57.2,93.6,6.46,1,1,LOW
1627,70.8,290.3,88.4,11.4,Wet,Earth Excavation,268.2,29.09,130.0,160.3,39.1,84.8,7.04,1,1,LOW
1628,73.5,301.4,89.2,25.6,Muddy,Grading,114.3,29.17,55.6,245.8,60.0,87.8,12.3,1,1,LOW
1629,85.7,351.4,58.6,16.0,Muddy,Trenching,34.2,28.76,16.4,335.0,81.7,103.9,14.41,1,1,LOW
1630,79.9,327.6,54.8,32.6,Wet,Grading,254.5,21.04,89.2,238.4,58.1,132.3,48.04,1,1,LOW
1631,13.4,54.9,83.5,5.9,Frozen,Trenching,34.9,30.98,18.0,36.9,9.0,15.1,44.96,0,0,CRITICAL
1632,51.8,212.4,64.6,31.1,Muddy,Trenching,264.6,29.6,130.5,81.9,20.0,61.0,36.85,1,1,LOW
1633,39.0,159.9,87.3,35.3,Wet,Material Loading,115.6,25.57,49.3,110.6,27.0,53.2,2.42,1,1,LOW
1634,10.1,41.4,41.4,11.1,Frozen,Demolition,243.5,26.39,107.1,0.0,0.0,13.3,42.36,0,0,CRITICAL
1635,64.3,263.6,47.2,33.0,Muddy,Trenching,165.4,26.55,73.2,190.4,46.4,84.4,47.76,1,1,LOW
1636,27.2,111.5,82.7,9.2,Muddy,Earth Excavation,27.9,30.37,14.1,97.4,23.8,31.2,8.93,1,1,LOW
1637,39.5,162.0,40.9,44.5,Wet,Grading,130.3,22.2,48.2,113.8,27.8,62.0,26.18,1,1,LOW
1638,49.7,203.8,75.6,40.4,Dry,Trenching,156.4,27.68,72.2,131.6,32.1,62.6,0.68,1,1,LOW
1639,30.8,126.3,97.9,28.4,Dry,Earth Excavation,94.3,28.04,44.1,82.2,20.0,38.3,17.98,1,1,LOW
1640,45.9,188.2,53.3,27.8,Dry,Material Loading,35.4,19.52,11.5,176.7,43.1,82.0,43.12,1,1,LOW
1641,90.4,370.6,85.9,8.0,Dry,Compaction,235.9,21.83,85.8,284.8,69.5,144.3,30.31,1,1,LOW
1642,10.7,43.9,82.2,9.2,Wet,Trenching,159.7,30.05,80.0,0.0,0.0,12.4,8.63,0,1,HIGH
1643,81.7,335.0,88.8,7.0,Wet,Material Loading,257.1,25.69,110.1,224.9,54.9,110.8,18.48,1,1,LOW
1644,61.0,250.1,60.1,16.1,Wet,Grading,57.4,23.1,22.1,228.0,55.6,92.0,43.08,1,1,LOW
1645,15.6,64.0,80.8,22.2,Muddy,Trenching,289.1,31.47,151.6,0.0,0.0,17.3,36.12,0,0,CRITICAL
1646,85.6,351.0,71.5,22.7,Wet,Trenching,62.9,27.55,28.9,322.1,78.6,108.3,21.88,1,1,LOW
1647,74.7,306.3,65.6,28.7,Dry,Compaction,298.1,20.11,99.9,206.4,50.3,129.5,16.47,1,1,LOW
1648,81.6,334.6,43.9,18.4,Frozen,Trenching,206.0,25.02,85.9,248.7,60.7,113.7,27.99,1,1,LOW
1649,77.5,317.8,59.3,20.3,Frozen,Demolition,292.2,31.12,151.6,166.2,40.5,86.8,38.93,1,1,LOW
1650,15.7,64.4,52.1,21.9,Dry,Trenching,272.3,23.5,106.7,0.0,0.0,23.3,33.7,0,0,CRITICAL
1651,31.0,127.1,62.1,24.0,Muddy,Compaction,45.0,23.06,17.3,109.8,26.8,46.8,42.52,1,1,LOW
1652,29.9,122.6,97.6,12.6,Frozen,Earth Excavation,198.8,31.14,103.2,19.4,4.7,33.5,19.96,0,1,HIGH
1653,5.4,22.1,44.6,25.9,Dry,Trenching,237.7,22.54,89.3,0.0,0.0,8.3,42.95,0,0,CRITICAL
1654,37.0,151.7,48.5,16.5,Muddy,Trenching,240.3,26.81,107.4,44.3,10.8,48.1,17.6,1,1,LOW
1655,69.0,282.9,87.7,17.0,Wet,Trenching,294.0,30.74,150.6,132.3,32.3,78.2,16.35,1,1,LOW
1656,69.4,284.5,69.8,14.1,Frozen,Earth Excavation,156.4,27.53,71.8,212.7,51.9,87.8,25.79,1,1,LOW
1657,72.4,296.8,92.9,43.8,Wet,Compaction,41.4,25.03,17.3,279.5,68.2,100.8,20.55,1,1,LOW
1658,61.1,250.5,50.5,28.3,Wet,Material Loading,114.9,21.45,41.1,209.4,51.1,99.3,41.78,1,1,LOW
1659,55.1,225.9,72.6,27.5,Frozen,Trenching,187.8,29.23,91.5,134.4,32.8,65.7,17.06,1,1,LOW
1660,18.8,77.1,97.7,35.9,Dry,Material Loading,104.4,24.77,43.1,34.0,8.3,26.5,19.7,0,1,HIGH
1661,67.3,275.9,80.7,40.6,Wet,Material Loading,207.5,25.55,88.4,187.5,45.7,91.8,22.35,1,1,LOW
1662,50.1,205.4,85.0,5.2,Muddy,Trenching,103.0,32.93,56.5,148.9,36.3,53.0,47.3,1,1,LOW
1663,39.6,162.4,63.5,23.1,Dry,Demolition,289.5,26.33,127.0,35.4,8.6,52.4,42.29,0,1,HIGH
1664,23.9,98.0,55.6,28.8,Wet,Grading,76.8,21.97,28.1,69.9,17.0,37.9,37.44,1,1,MEDIUM
1665,30.0,123.0,57.8,38.8,Frozen,Compaction,168.6,21.12,59.3,63.7,15.5,49.5,41.08,1,1,LOW
1666,42.0,172.2,85.3,13.2,Frozen,Grading,53.1,27.12,24.0,148.2,36.1,54.0,21.63,1,1,LOW
1667,12.6,51.7,66.8,31.1,Dry,Grading,35.2,21.59,12.7,39.0,9.5,20.4,5.22,0,1,HIGH
1668,85.1,348.9,90.4,17.4,Wet,Compaction,181.7,23.71,71.8,277.1,67.6,125.1,49.18,1,1,LOW
1669,57.0,233.7,74.4,17.3,Wet,Earth Excavation,34.6,27.68,16.0,217.7,53.1,71.8,22.95,1,1,LOW
1670,71.5,293.1,50.5,39.3,Frozen,Material Loading,290.0,21.9,105.8,187.3,45.7,113.8,6.35,1,1,LOW
1671,81.8,335.4,61.0,33.5,Dry,Grading,138.9,21.44,49.6,285.8,69.7,133.0,49.66,1,1,LOW
1672,44.2,181.2,92.4,16.6,Dry,Earth Excavation,106.8,28.95,51.5,129.7,31.6,53.2,38.09,1,1,LOW
1673,15.9,65.2,76.1,27.7,Wet,Compaction,207.9,22.04,76.4,0.0,0.0,25.1,47.99,0,0,CRITICAL
1674,33.5,137.3,73.7,22.2,Frozen,Material Loading,39.4,24.2,15.9,121.4,29.6,48.2,7.84,1,1,LOW
1675,11.5,47.1,74.2,35.2,Muddy,Earth Excavation,82.4,29.99,41.2,5.9,1.4,13.3,19.17,0,0,CRITICAL
1676,37.5,153.8,77.6,14.1,Muddy,Earth Excavation,20.4,30.79,10.5,143.3,35.0,42.5,17.6,1,1,LOW
1677,95.1,389.9,42.6,26.2,Frozen,Grading,215.8,21.82,78.5,311.4,76.0,151.9,32.12,1,1,LOW
1678,65.0,266.5,58.7,35.9,Dry,Trenching,220.5,24.48,90.0,176.5,43.0,92.5,31.46,1,1,LOW
1679,21.7,89.0,78.8,34.5,Wet,Material Loading,115.3,23.92,46.0,43.0,10.5,31.6,8.74,1,1,MEDIUM
1680,77.6,318.2,63.7,33.1,Frozen,Compaction,208.8,22.99,80.0,238.2,58.1,117.6,33.84,1,1,LOW
1681,54.3,222.6,51.5,38.7,Muddy,Demolition,150.6,31.82,79.9,142.7,34.8,59.5,46.7,1,1,LOW
1682,51.2,209.9,82.0,30.8,Dry,Trenching,33.2,27.85,15.4,194.5,47.4,64.1,22.94,1,1,LOW
1683,35.9,147.2,85.5,31.2,Dry,Compaction,100.0,22.44,37.4,109.8,26.8,55.8,23.77,1,1,LOW
1684,28.4,116.4,45.2,10.1,Frozen,Trenching,182.5,25.4,77.3,39.1,9.5,39.0,22.34,0,1,HIGH
1685,86.8,355.9,70.5,41.9,Dry,Grading,24.4,24.25,9.9,346.0,84.4,124.7,45.72,1,1,LOW
1686,65.4,268.1,71.0,23.1,Muddy,Material Loading,235.4,25.71,100.9,167.2,40.8,88.6,25.9,1,1,LOW
1687,10.5,43.0,47.3,15.1,Dry,Material Loading,269.9,19.92,89.6,0.0,0.0,18.3,12.33,0,1,HIGH
1688,26.2,107.4,71.7,29.7,Frozen,Grading,286.5,25.86,123.5,0.0,0.0,35.3,49.77,0,0,CRITICAL
1689,81.5,334.1,61.2,28.2,Frozen,Material Loading,239.6,22.42,89.5,244.6,59.7,126.7,9.01,1,1,LOW
1690,8.7,35.7,75.3,32.5,Wet,Earth Excavation,163.0,26.95,73.2,0.0,0.0,11.3,19.16,0,0,CRITICAL
1691,8.7,35.7,42.8,29.8,Wet,Grading,252.7,21.45,90.3,0.0,0.0,14.1,29.82,0,0,CRITICAL
1692,34.9,143.1,63.1,44.1,Frozen,Earth Excavation,242.9,29.36,118.9,24.2,5.9,41.4,1.07,0,1,HIGH
1693,19.6,80.4,74.7,36.9,Frozen,Earth Excavation,65.9,28.92,31.8,48.6,11.9,23.6,17.46,1,1,MEDIUM
1694,41.4,169.7,95.2,9.0,Muddy,Material Loading,148.0,28.32,69.9,99.8,24.3,50.9,14.38,1,1,LOW
1695,72.9,298.9,75.8,37.5,Dry,Material Loading,189.9,23.08,73.0,225.9,55.1,110.1,44.73,1,1,LOW
1696,92.4,378.8,55.6,44.4,Muddy,Compaction,242.5,24.91,100.7,278.1,67.8,129.3,33.55,1,1,LOW
1697,46.9,192.3,83.0,33.0,Frozen,Compaction,230.4,23.5,90.2,102.1,24.9,69.6,9.94,1,1,LOW
1698,42.3,173.4,83.4,33.6,Dry,Demolition,240.8,30.2,121.2,52.2,12.7,48.8,30.0,1,1,LOW
1699,65.4,268.1,91.4,30.7,Dry,Demolition,299.7,30.67,153.2,114.9,28.0,74.3,18.28,1,1,LOW
1700,56.3,230.8,66.4,14.6,Wet,Trenching,71.8,27.38,32.8,198.0,48.3,71.7,31.76,1,1,LOW
1701,46.0,188.6,70.4,22.5,Frozen,Demolition,144.1,31.59,75.9,112.7,27.5,50.7,4.6,1,1,LOW
1702,76.9,315.3,47.4,35.6,Wet,Trenching,156.9,25.01,65.4,249.9,61.0,107.2,9.31,1,1,LOW
1703,28.4,116.4,54.7,9.4,Frozen,Compaction,102.8,21.98,37.7,78.7,19.2,45.0,26.15,1,1,LOW
1704,78.6,322.3,53.1,42.6,Dry,Trenching,49.1,24.85,20.3,302.0,73.7,110.2,12.4,1,1,LOW
1705,49.5,202.9,54.5,40.4,Muddy,Grading,85.3,25.12,35.7,167.2,40.8,68.7,22.84,1,1,LOW
1706,22.0,90.2,57.4,9.3,Muddy,Trenching,282.7,28.55,134.5,0.0,0.0,26.9,33.51,0,0,CRITICAL
1707,29.4,120.5,89.7,19.5,Dry,Earth Excavation,245.3,26.91,110.0,10.5,2.6,38.1,3.45,0,1,HIGH
1708,82.8,339.5,75.8,25.7,Muddy,Material Loading,41.0,25.53,17.4,322.1,78.6,113.0,49.55,1,1,LOW
1709,29.3,120.1,53.7,41.3,Dry,Compaction,148.1,19.33,47.7,72.4,17.7,52.8,47.79,1,1,LOW
1710,89.9,368.6,43.5,20.6,Wet,Earth Excavation,299.7,23.86,119.2,249.4,60.8,131.3,45.76,1,1,LOW
1711,25.7,105.4,56.1,23.0,Muddy,Trenching,26.0,27.62,12.0,93.4,22.8,32.4,32.98,1,0,LOW
1712,90.9,372.7,67.7,18.8,Frozen,Grading,74.5,25.06,31.1,341.6,83.3,126.4,31.46,1,1,LOW
1713,19.6,80.4,58.5,39.7,Wet,Grading,168.9,23.77,66.9,13.5,3.3,28.8,36.26,0,0,CRITICAL
1714,11.6,47.6,86.6,41.9,Wet,Earth Excavation,53.9,29.9,26.9,20.7,5.0,13.5,35.25,0,0,CRITICAL
1715,41.3,169.3,71.3,33.1,Wet,Grading,59.3,24.23,23.9,145.4,35.5,59.4,4.93,1,1,LOW
1716,92.7,380.1,72.4,19.3,Frozen,Demolition,128.8,32.61,70.0,310.1,75.6,99.1,25.7,1,1,LOW
1717,75.1,307.9,80.6,36.8,Dry,Trenching,142.1,26.84,63.6,244.3,59.6,97.5,8.83,1,1,LOW
1718,13.2,54.1,77.6,33.2,Muddy,Earth Excavation,122.3,30.15,61.5,0.0,0.0,15.3,2.63,0,1,HIGH
1719,99.5,407.9,64.9,44.6,Dry,Earth Excavation,129.9,26.05,56.4,351.5,85.7,133.1,45.15,1,1,LOW
1720,35.7,146.4,79.4,40.4,Dry,Compaction,196.0,21.41,69.9,76.5,18.7,58.1,8.05,1,1,LOW
1721,63.4,259.9,69.0,14.5,Muddy,Trenching,129.8,30.57,66.1,193.8,47.3,72.3,25.03,1,1,LOW
1722,41.8,171.4,46.7,39.6,Wet,Grading,60.9,22.28,22.6,148.8,36.3,65.4,21.48,1,1,LOW
1723,62.1,254.6,75.3,30.8,Dry,Compaction,48.9,21.01,17.1,237.5,57.9,103.0,15.59,1,1,LOW
1724,48.2,197.6,64.9,34.4,Wet,Trenching,196.8,27.27,89.4,108.2,26.4,61.6,15.68,1,1,LOW
1725,73.3,300.5,44.1,18.7,Muddy,Material Loading,220.4,22.62,83.1,217.4,53.0,112.9,10.36,1,1,LOW
1726,99.8,409.2,87.5,17.0,Dry,Grading,43.3,24.65,17.8,391.4,95.5,141.1,43.63,1,1,LOW
1727,21.8,89.4,59.0,37.0,Dry,Demolition,165.5,27.12,74.8,14.6,3.6,28.0,24.28,0,1,HIGH
1728,83.5,342.3,84.4,20.4,Muddy,Grading,260.1,28.6,124.0,218.3,53.2,101.7,8.01,1,1,LOW
1729,10.4,42.6,63.7,35.9,Frozen,Trenching,171.7,28.22,80.8,0.0,0.0,12.8,2.31,0,1,HIGH
1730,82.9,339.9,70.4,33.2,Muddy,Earth Excavation,256.7,28.58,122.3,217.6,53.1,101.1,35.91,1,1,LOW
1731,98.2,402.6,41.3,30.1,Frozen,Trenching,221.4,26.04,96.1,306.5,74.8,131.4,3.99,1,1,LOW
1732,49.3,202.1,97.7,16.1,Wet,Grading,165.2,27.52,75.8,126.3,30.8,62.4,42.18,1,1,LOW
1733,57.7,236.6,95.1,18.3,Wet,Material Loading,268.9,26.05,116.7,119.9,29.2,77.2,16.96,1,1,LOW
1734,33.9,139.0,87.0,42.2,Dry,Grading,194.6,25.82,83.7,55.3,13.5,45.8,19.81,1,1,LOW
1735,21.5,88.2,48.6,9.6,Wet,Grading,58.2,21.77,21.1,67.1,16.4,34.4,4.74,1,1,MEDIUM
1736,28.7,117.7,48.5,10.8,Muddy,Trenching,170.3,27.0,76.6,41.1,10.0,37.1,38.03,1,0,LOW
1737,76.4,313.2,76.4,41.3,Wet,Grading,197.3,27.62,90.8,222.4,54.2,96.4,20.88,1,1,LOW
1738,36.5,149.7,48.6,36.9,Wet,Earth Excavation,208.9,24.01,83.6,66.1,16.1,53.0,43.29,1,1,LOW
1739,11.7,48.0,64.8,18.7,Wet,Demolition,213.6,29.79,106.1,0.0,0.0,13.7,36.21,0,0,CRITICAL
1740,72.4,296.8,81.9,7.7,Muddy,Trenching,23.6,32.41,12.7,284.1,69.3,77.8,25.74,1,1,LOW
1741,62.9,257.9,69.0,42.0,Muddy,Trenching,40.9,32.39,22.1,235.8,57.5,67.7,45.91,1,1,LOW
1742,69.9,286.6,54.3,43.8,Dry,Compaction,208.7,20.14,70.1,216.5,52.8,121.0,11.53,1,1,LOW
1743,83.1,340.7,89.9,27.5,Wet,Grading,215.4,27.09,97.3,243.4,59.4,106.9,26.65,1,1,LOW
1744,13.1,53.7,47.3,35.4,Frozen,Earth Excavation,34.6,25.33,14.6,39.1,9.5,18.0,45.28,0,0,CRITICAL
1745,5.4,22.1,58.1,35.5,Muddy,Material Loading,151.3,24.37,61.5,0.0,0.0,7.7,23.21,0,0,CRITICAL
1746,73.5,301.4,46.0,25.3,Muddy,Trenching,33.0,26.37,14.5,286.9,70.0,97.2,7.59,1,1,LOW
1747,21.7,89.0,56.1,10.5,Wet,Compaction,144.7,20.23,48.8,40.2,9.8,37.4,47.21,0,0,CRITICAL
1748,55.5,227.6,78.1,6.6,Frozen,Demolition,287.8,32.89,157.8,69.8,17.0,58.8,14.17,1,1,LOW
1749,24.2,99.2,71.8,35.8,Dry,Demolition,115.0,28.33,54.3,44.9,11.0,29.8,34.83,1,0,MEDIUM
1750,26.0,106.6,76.5,31.2,Wet,Compaction,300.0,22.07,110.3,0.0,0.0,41.1,2.49,0,1,HIGH
1751,18.8,77.1,49.0,23.2,Frozen,Demolition,145.6,28.32,68.7,8.4,2.0,23.1,33.59,0,0,CRITICAL
1752,35.4,145.1,88.4,31.2,Muddy,Material Loading,276.0,27.86,128.2,16.9,4.1,44.3,25.18,0,1,HIGH
1753,50.9,208.7,79.1,19.7,Dry,Demolition,169.3,28.43,80.2,128.5,31.3,62.4,23.65,1,1,LOW
1754,49.0,200.9,64.0,9.1,Frozen,Material Loading,131.2,23.59,51.6,149.3,36.4,72.4,9.44,1,1,LOW
1755,18.7,76.7,53.0,27.4,Muddy,Trenching,199.1,28.56,94.8,0.0,0.0,22.8,34.68,0,0,CRITICAL
1756,13.3,54.5,68.4,8.7,Frozen,Grading,223.3,23.59,87.8,0.0,0.0,19.6,31.21,0,0,CRITICAL
1757,88.6,363.3,86.4,21.8,Frozen,Earth Excavation,63.6,29.47,31.2,332.1,81.0,104.8,46.13,1,1,LOW
1758,88.0,360.8,69.2,23.5,Frozen,Grading,80.2,24.89,33.3,327.5,79.9,123.2,21.7,1,1,LOW
1759,27.6,113.2,93.5,44.8,Dry,Earth Excavation,168.8,31.01,87.2,26.0,6.3,31.0,9.01,0,1,HIGH
1760,99.0,405.9,92.0,42.0,Frozen,Trenching,171.8,33.81,96.8,309.1,75.4,102.0,12.12,1,1,LOW
1761,23.2,95.1,48.9,5.5,Muddy,Trenching,73.1,26.65,32.5,62.6,15.3,30.3,4.34,1,1,MEDIUM
1762,79.1,324.3,54.8,36.3,Dry,Material Loading,237.1,19.65,77.7,246.6,60.1,140.3,16.49,1,1,LOW
1763,41.3,169.3,50.9,28.4,Muddy,Compaction,230.9,21.8,83.9,85.4,20.8,66.0,18.14,1,1,LOW
1764,77.6,318.2,43.2,7.9,Dry,Material Loading,82.6,18.8,25.9,292.3,71.3,143.9,19.04,1,1,LOW
1765,61.2,250.9,79.0,36.7,Wet,Grading,131.0,24.94,54.5,196.4,47.9,85.5,46.78,1,1,LOW
1766,55.1,225.9,52.0,31.0,Muddy,Grading,211.3,24.54,86.4,139.5,34.0,78.2,39.17,1,1,LOW
1767,95.2,390.3,76.6,43.6,Muddy,Demolition,20.7,36.63,12.6,377.7,92.1,90.6,32.06,1,1,LOW
1768,33.0,135.3,57.3,24.3,Dry,Earth Excavation,86.0,23.57,33.8,101.5,24.8,48.8,1.94,1,1,LOW
1769,89.5,366.9,97.9,22.9,Dry,Trenching,258.9,28.82,124.4,242.5,59.1,108.2,6.1,1,1,LOW
1770,72.9,298.9,69.2,8.9,Frozen,Earth Excavation,172.5,27.33,78.6,220.3,53.7,93.0,20.99,1,1,LOW
1771,66.0,270.6,65.0,14.0,Dry,Material Loading,65.6,20.35,22.2,248.4,60.6,113.0,33.52,1,1,LOW
1772,82.0,336.2,66.1,16.1,Wet,Demolition,213.5,29.57,105.2,231.0,56.3,96.6,35.48,1,1,LOW
1773,88.2,361.6,53.2,21.1,Wet,Compaction,57.2,19.29,18.4,343.2,83.7,159.3,40.5,1,1,LOW
1774,16.9,69.3,44.6,38.7,Muddy,Compaction,100.7,22.26,37.4,31.9,7.8,26.5,6.26,0,1,HIGH
1775,25.2,103.3,82.5,13.6,Muddy,Trenching,29.0,32.82,15.9,87.4,21.3,26.8,30.04,1,0,LOW
1776,67.1,275.1,73.0,43.6,Wet,Material Loading,260.8,24.7,107.4,167.7,40.9,94.7,32.48,1,1,LOW
1777,82.0,336.2,73.9,31.1,Frozen,Trenching,142.5,28.87,68.6,267.6,65.3,99.0,44.09,1,1,LOW
1778,5.0,20.5,54.9,24.5,Frozen,Compaction,200.1,20.94,69.8,0.0,0.0,8.3,45.99,0,0,CRITICAL
1779,42.1,172.6,53.4,13.7,Frozen,Compaction,42.5,20.95,14.8,157.8,38.5,70.0,12.51,1,1,LOW
1780,59.8,245.2,42.7,33.2,Frozen,Grading,259.3,21.93,94.8,150.4,36.7,95.0,34.28,1,1,LOW
1781,24.5,100.5,55.0,33.1,Wet,Grading,229.3,22.38,85.5,15.0,3.7,38.2,25.89,0,1,HIGH
1782,14.8,60.7,51.8,21.0,Frozen,Grading,282.8,22.76,107.3,0.0,0.0,22.7,12.37,0,1,HIGH
1783,19.5,80.0,81.4,5.5,Muddy,Grading,65.7,28.81,31.5,48.5,11.8,23.6,9.43,1,1,MEDIUM
1784,40.7,166.9,67.3,17.4,Muddy,Demolition,101.4,32.54,55.0,111.9,27.3,43.6,27.33,1,1,LOW
1785,68.1,279.2,58.7,27.1,Dry,Earth Excavation,172.8,23.41,67.4,211.8,51.7,101.4,21.85,1,1,LOW
1786,85.6,351.0,51.6,8.3,Muddy,Material Loading,169.6,23.02,65.1,285.9,69.7,129.6,19.15,1,1,LOW
1787,53.0,217.3,94.3,21.4,Frozen,Earth Excavation,104.5,31.18,54.3,163.0,39.8,59.2,30.49,1,1,LOW
1788,30.6,125.5,59.7,34.8,Dry,Demolition,118.1,26.49,52.1,73.4,17.9,40.3,10.18,1,1,LOW
1789,38.4,157.4,97.4,23.6,Dry,Compaction,275.9,23.92,110.0,47.4,11.6,55.9,31.64,1,1,LOW
1790,62.7,257.1,63.3,21.9,Dry,Demolition,98.0,26.95,44.0,213.1,52.0,81.1,23.71,1,1,LOW
1791,22.0,90.2,75.0,35.0,Wet,Grading,112.2,25.43,47.6,42.6,10.4,30.1,3.45,1,1,MEDIUM
1792,52.9,216.9,84.7,30.6,Frozen,Demolition,239.2,33.95,135.3,81.6,19.9,54.3,18.61,1,1,LOW
1793,76.0,311.6,95.5,21.9,Muddy,Grading,129.9,30.16,65.3,246.3,60.1,87.8,37.02,1,1,LOW
1794,92.3,378.4,49.1,13.2,Frozen,Compaction,196.7,19.93,65.3,313.1,76.4,161.4,45.3,1,1,LOW
1795,85.6,351.0,79.7,12.8,Frozen,Earth Excavation,216.8,28.72,103.8,247.2,60.3,103.9,8.34,1,1,LOW
1796,57.9,237.4,67.7,16.0,Muddy,Demolition,222.2,33.01,122.2,115.2,28.1,61.1,39.01,1,1,LOW
1797,60.5,248.0,94.5,28.4,Wet,Grading,96.6,27.96,45.0,203.0,49.5,75.4,14.45,1,1,LOW
1798,36.8,150.9,82.3,43.1,Frozen,Material Loading,47.3,27.2,21.4,129.5,31.6,47.2,33.49,1,1,LOW
1799,79.8,327.2,70.5,24.6,Muddy,Grading,164.6,26.85,73.7,253.5,61.8,103.6,16.53,1,1,LOW
1800,44.5,182.4,91.9,10.4,Muddy,Trenching,73.8,34.02,41.8,140.6,34.3,45.6,21.64,1,1,LOW
1801,77.3,316.9,46.0,31.6,Dry,Trenching,152.2,22.73,57.7,259.2,63.2,118.5,10.4,1,1,LOW
1802,95.1,389.9,52.9,43.1,Muddy,Trenching,176.2,29.41,86.4,303.5,74.0,112.7,35.23,1,1,LOW
1803,47.3,193.9,43.9,32.9,Dry,Material Loading,269.7,18.37,82.6,111.3,27.1,89.7,14.06,1,1,LOW
1804,18.4,75.4,75.2,17.3,Dry,Trenching,46.3,27.52,21.2,54.2,13.2,23.3,32.95,1,0,MEDIUM
1805,59.4,243.5,96.8,17.6,Frozen,Earth Excavation,60.0,31.02,31.0,212.5,51.8,66.7,6.41,1,1,LOW
1806,75.7,310.4,57.2,10.8,Muddy,Grading,104.3,24.14,42.0,268.4,65.5,109.3,28.97,1,1,LOW
1807,32.7,134.1,69.7,37.3,Dry,Compaction,230.4,20.31,78.0,56.1,13.7,56.1,38.74,1,1,LOW
1808,55.9,229.2,81.7,32.9,Wet,Compaction,127.0,22.34,47.3,181.9,44.4,87.2,41.51,1,1,LOW
1809,19.8,81.2,60.0,15.2,Dry,Grading,84.7,21.51,30.4,50.8,12.4,32.1,33.0,1,0,MEDIUM
1810,19.5,80.0,55.0,25.9,Frozen,Compaction,131.5,20.96,45.9,34.1,8.3,32.4,12.03,0,1,HIGH
1811,14.0,57.4,41.5,43.9,Dry,Earth Excavation,55.0,23.16,21.2,36.2,8.8,21.1,43.61,0,0,CRITICAL
1812,46.4,190.2,77.6,42.4,Muddy,Earth Excavation,88.2,32.43,47.7,142.5,34.8,49.9,43.08,1,1,LOW
1813,99.5,407.9,58.2,42.8,Wet,Material Loading,220.2,23.29,85.5,322.4,78.6,148.9,44.2,1,1,LOW
1814,24.5,100.5,73.7,38.8,Frozen,Earth Excavation,258.2,28.68,123.4,0.0,0.0,29.8,17.48,0,1,HIGH
1815,37.3,152.9,92.9,10.2,Muddy,Grading,61.5,29.78,30.5,122.4,29.9,43.6,46.47,1,0,LOW
1816,27.2,111.5,57.3,20.3,Muddy,Material Loading,248.9,24.06,99.8,11.7,2.9,39.4,28.44,0,1,HIGH
1817,73.3,300.5,66.6,10.1,Dry,Earth Excavation,111.3,24.33,45.1,255.4,62.3,105.0,30.34,1,1,LOW
1818,57.3,234.9,55.6,32.8,Dry,Earth Excavation,151.3,23.46,59.2,175.7,42.9,85.1,3.09,1,1,LOW
1819,6.5,26.7,67.2,35.7,Muddy,Earth Excavation,225.9,29.02,109.3,0.0,0.0,7.8,29.42,0,0,CRITICAL
1820,62.0,254.2,59.5,33.4,Frozen,Compaction,237.9,21.35,84.7,169.5,41.3,101.2,13.84,1,1,LOW
1821,19.1,78.3,68.7,5.1,Frozen,Trenching,196.9,29.34,96.3,0.0,0.0,22.7,43.78,0,0,CRITICAL
1822,58.1,238.2,76.9,42.3,Dry,Grading,48.8,24.77,20.1,218.1,53.2,81.7,7.76,1,1,LOW
1823,25.5,104.5,93.8,41.8,Muddy,Demolition,102.0,39.1,66.5,38.0,9.3,22.7,35.99,0,0,CRITICAL
1824,8.4,34.4,55.4,13.3,Muddy,Material Loading,286.9,23.88,114.2,0.0,0.0,12.2,42.36,0,0,CRITICAL
1825,55.4,227.1,51.2,16.1,Muddy,Earth Excavation,199.9,27.12,90.4,136.7,33.3,71.2,33.02,1,1,LOW
1826,87.8,360.0,49.3,34.7,Muddy,Earth Excavation,124.6,26.04,54.1,305.9,74.6,117.5,26.02,1,1,LOW
1827,19.9,81.6,55.7,10.1,Wet,Demolition,100.7,26.85,45.1,36.5,8.9,25.8,25.31,0,1,HIGH
1828,58.8,241.1,63.9,42.2,Muddy,Trenching,70.3,31.05,36.4,204.7,49.9,66.0,27.0,1,1,LOW
1829,80.7,330.9,42.4,29.7,Muddy,Compaction,292.1,20.77,101.1,229.8,56.0,135.4,7.72,1,1,LOW
1830,8.6,35.3,44.5,36.4,Dry,Grading,178.3,19.36,57.5,0.0,0.0,15.5,44.05,0,0,CRITICAL
1831,20.2,82.8,75.6,40.3,Dry,Trenching,210.8,28.01,98.4,0.0,0.0,25.1,8.04,0,1,HIGH
1832,90.6,371.5,46.8,6.0,Frozen,Compaction,121.5,20.43,41.4,330.1,80.5,154.6,20.13,1,1,LOW
1833,22.1,90.6,77.7,17.5,Wet,Earth Excavation,212.5,29.01,102.7,0.0,0.0,26.5,16.27,0,1,HIGH
1834,92.3,378.4,89.2,17.9,Wet,Trenching,270.0,31.39,141.3,237.1,57.8,102.5,22.92,1,1,LOW
1835,83.6,342.8,56.1,9.8,Dry,Grading,185.3,20.62,63.7,279.1,68.1,141.3,13.87,1,1,LOW
1836,80.1,328.4,60.3,14.7,Dry,Compaction,240.0,19.18,76.7,251.7,61.4,145.5,47.74,1,1,LOW
1837,89.5,366.9,84.4,33.1,Wet,Trenching,26.2,29.66,13.0,353.9,86.3,105.1,25.62,1,1,LOW
1838,32.5,133.2,93.8,11.1,Dry,Demolition,161.1,31.17,83.7,49.5,12.1,36.3,41.99,1,0,LOW
1839,65.2,267.3,72.3,42.0,Muddy,Trenching,77.3,33.57,43.2,224.1,54.7,67.7,47.47,1,1,LOW
1840,65.3,267.7,43.5,8.1,Muddy,Grading,174.4,24.1,70.1,197.6,48.2,94.4,28.86,1,1,LOW
1841,75.5,309.6,97.5,16.0,Wet,Trenching,110.5,30.85,56.8,252.8,61.7,85.3,38.28,1,1,LOW
1842,69.3,284.1,65.9,29.3,Dry,Compaction,163.9,19.74,53.9,230.2,56.1,122.3,24.02,1,1,LOW
1843,54.0,221.4,55.2,38.7,Frozen,Material Loading,56.2,22.78,21.3,200.1,48.8,82.6,12.38,1,1,LOW
1844,92.0,377.2,57.4,15.6,Wet,Material Loading,291.0,21.6,104.8,272.4,66.4,148.4,42.34,1,1,LOW
1845,63.3,259.5,85.9,35.7,Frozen,Material Loading,224.9,27.15,101.8,157.7,38.5,81.2,29.39,1,1,LOW
1846,10.3,42.2,61.4,7.5,Wet,Material Loading,252.1,22.34,93.9,0.0,0.0,16.1,42.29,0,0,CRITICAL
1847,11.6,47.6,78.9,25.0,Dry,Earth Excavation,245.5,25.08,102.6,0.0,0.0,16.1,11.22,0,1,HIGH
1848,76.2,312.4,75.3,20.8,Wet,Compaction,275.2,22.52,103.3,209.1,51.0,117.9,2.19,1,1,LOW
1849,25.7,105.4,67.5,22.0,Wet,Material Loading,73.3,22.88,28.0,77.4,18.9,39.2,40.23,1,0,LOW
1850,89.3,366.1,60.6,38.6,Muddy,Grading,128.0,25.97,55.4,310.7,75.8,119.8,35.35,1,1,LOW
1851,50.9,208.7,64.7,28.1,Wet,Grading,139.1,23.86,55.3,153.4,37.4,74.3,38.0,1,1,LOW
1852,48.0,196.8,75.1,44.5,Wet,Trenching,84.9,30.29,42.9,153.9,37.5,55.2,9.26,1,1,LOW
1853,47.7,195.6,62.5,13.2,Dry,Demolition,144.1,27.74,66.6,129.0,31.5,59.9,30.58,1,1,LOW
1854,15.3,62.7,43.9,19.7,Dry,Material Loading,88.5,18.72,27.6,35.1,8.6,28.5,17.81,0,1,HIGH
1855,38.4,157.4,46.9,10.1,Muddy,Earth Excavation,215.0,25.22,90.4,67.0,16.3,53.0,46.6,1,1,LOW
1856,14.1,57.8,97.4,44.0,Muddy,Material Loading,50.2,31.65,26.5,31.3,7.6,15.5,36.18,0,0,CRITICAL
1857,79.0,323.9,76.2,29.4,Muddy,Demolition,40.5,33.85,22.8,301.1,73.4,81.3,7.9,1,1,LOW
1858,18.8,77.1,62.2,16.3,Wet,Trenching,27.2,26.85,12.2,64.9,15.8,24.4,28.53,1,0,MEDIUM
1859,57.4,235.3,57.7,42.7,Wet,Grading,289.1,24.34,117.3,118.0,28.8,82.2,17.83,1,1,LOW
1860,79.2,324.7,88.0,7.3,Dry,Grading,205.1,24.8,84.8,239.9,58.5,111.3,7.71,1,1,LOW
1861,28.1,115.2,41.0,39.7,Dry,Material Loading,238.9,19.81,78.9,36.3,8.9,49.4,36.28,0,1,HIGH
1862,46.6,191.1,64.8,16.3,Frozen,Grading,156.1,25.08,65.2,125.9,30.7,64.8,36.57,1,1,LOW
1863,17.4,71.3,90.0,38.1,Muddy,Material Loading,213.3,28.44,101.1,0.0,0.0,21.3,24.87,0,0,CRITICAL
1864,42.1,172.6,71.1,7.3,Muddy,Trenching,238.9,31.01,123.5,49.1,12.0,47.3,19.39,1,1,LOW
1865,20.9,85.7,63.9,33.7,Dry,Material Loading,228.7,21.47,81.8,3.9,1.0,33.9,42.97,0,0,CRITICAL
1866,81.0,332.1,47.4,21.6,Wet,Earth Excavation,34.7,24.25,14.0,318.1,77.6,116.4,3.69,1,1,LOW
1867,84.4,346.0,71.5,42.9,Wet,Grading,196.0,26.3,85.9,260.1,63.4,111.8,9.63,1,1,LOW
1868,41.6,170.6,94.0,42.4,Frozen,Trenching,193.6,34.83,112.4,58.2,14.2,41.6,32.09,1,1,LOW
1869,16.8,68.9,77.9,37.0,Dry,Material Loading,164.1,22.91,62.7,6.2,1.5,25.6,6.26,0,1,HIGH
1870,15.4,63.1,52.1,16.9,Muddy,Compaction,216.2,21.59,77.8,0.0,0.0,24.8,0.85,0,1,HIGH
1871,76.3,312.8,63.4,6.0,Wet,Demolition,62.3,28.67,29.8,283.0,69.0,92.7,25.77,1,1,LOW
1872,75.1,307.9,85.1,20.9,Dry,Grading,274.5,24.1,110.3,197.6,48.2,108.6,40.83,1,1,LOW
1873,46.9,192.3,91.4,6.4,Dry,Earth Excavation,77.6,27.22,35.2,157.1,38.3,60.0,41.47,1,1,LOW
1874,32.1,131.6,76.5,12.4,Muddy,Trenching,150.7,32.6,81.9,49.7,12.1,34.3,11.79,1,1,LOW
1875,20.5,84.0,89.3,23.8,Muddy,Earth Excavation,53.2,33.02,29.3,54.7,13.3,21.6,25.26,1,0,MEDIUM
1876,27.3,111.9,95.6,23.5,Dry,Demolition,65.9,32.58,35.8,76.1,18.6,29.2,9.58,1,1,LOW
1877,30.6,125.5,50.7,8.8,Muddy,Earth Excavation,230.9,26.08,100.4,25.1,6.1,40.9,14.47,0,1,HIGH
1878,22.4,91.8,60.6,20.0,Frozen,Grading,263.8,24.17,106.3,0.0,0.0,32.3,41.82,0,0,CRITICAL
1879,43.9,180.0,88.0,5.0,Muddy,Grading,92.7,28.79,44.5,135.5,33.0,53.1,20.93,1,1,LOW
1880,42.2,173.0,91.7,26.5,Muddy,Demolition,223.5,37.63,140.2,32.8,8.0,39.1,17.88,0,1,HIGH
1881,42.0,172.2,88.1,12.5,Frozen,Demolition,182.5,34.29,104.3,67.9,16.6,42.7,30.78,1,1,LOW
1882,57.7,236.6,78.7,31.2,Dry,Trenching,183.1,26.98,82.3,154.3,37.6,74.5,18.05,1,1,LOW
1883,57.0,233.7,50.4,34.4,Frozen,Material Loading,174.4,21.47,62.4,171.3,41.8,92.5,33.8,1,1,LOW
1884,76.1,312.0,52.0,9.4,Wet,Compaction,86.1,19.98,28.7,283.3,69.1,132.7,6.17,1,1,LOW
1885,34.7,142.3,97.5,11.3,Muddy,Trenching,277.8,33.99,157.4,0.0,0.0,35.6,48.18,0,0,CRITICAL
1886,88.6,363.3,48.1,35.5,Muddy,Earth Excavation,133.9,26.83,59.9,303.4,74.0,115.1,12.74,1,1,LOW
1887,6.5,26.7,67.0,32.9,Dry,Earth Excavation,271.3,24.73,111.8,0.0,0.0,9.2,18.38,0,0,CRITICAL
1888,26.4,108.2,59.7,12.9,Dry,Grading,197.2,21.09,69.3,38.9,9.5,43.6,21.95,0,1,HIGH
1889,79.3,325.1,57.5,29.9,Muddy,Demolition,82.0,31.52,43.1,282.0,68.8,87.7,31.19,1,1,LOW
1890,55.3,226.7,96.7,17.4,Wet,Grading,107.1,26.42,47.2,179.5,43.8,72.9,0.68,1,1,LOW
1891,27.8,114.0,96.4,31.1,Dry,Demolition,290.8,31.98,155.0,0.0,0.0,30.3,28.61,0,1,HIGH
1892,67.2,275.5,51.3,5.4,Frozen,Trenching,141.8,26.49,62.6,212.9,51.9,88.4,11.79,1,1,LOW
1893,67.5,276.8,78.0,40.8,Frozen,Demolition,269.4,34.68,155.7,121.1,29.5,67.8,31.2,1,1,LOW
1894,94.6,387.9,50.1,11.1,Muddy,Trenching,180.6,27.69,83.3,304.6,74.3,119.1,34.23,1,1,LOW
1895,78.9,323.5,50.2,16.9,Frozen,Trenching,113.1,26.6,50.1,273.4,66.7,103.4,38.14,1,1,LOW
1896,23.7,97.2,41.3,36.1,Muddy,Demolition,204.7,28.63,97.7,0.0,0.0,28.9,29.71,0,0,CRITICAL
1897,29.2,119.7,43.9,25.4,Muddy,Trenching,146.3,26.31,64.2,55.5,13.5,38.7,23.09,1,1,LOW
1898,51.2,209.9,62.0,9.5,Frozen,Demolition,216.4,30.93,111.6,98.3,24.0,57.7,2.54,1,1,LOW
1899,14.2,58.2,43.6,7.4,Frozen,Earth Excavation,257.4,24.33,104.4,0.0,0.0,20.3,41.5,0,0,CRITICAL
1900,63.4,259.9,82.0,34.5,Frozen,Demolition,225.1,34.11,128.0,131.9,32.2,64.8,36.95,1,1,LOW
1901,57.9,237.4,52.4,8.4,Wet,Material Loading,45.7,21.1,16.1,221.3,54.0,95.6,8.88,1,1,LOW
1902,33.5,137.3,96.3,20.2,Frozen,Trenching,133.0,32.51,72.1,65.2,15.9,35.9,15.42,1,1,LOW
1903,65.3,267.7,41.6,25.5,Muddy,Earth Excavation,209.7,25.1,87.7,180.0,43.9,90.7,46.82,1,1,LOW
1904,24.5,100.5,83.1,36.7,Wet,Demolition,92.7,33.33,51.5,49.0,12.0,25.6,22.82,1,1,MEDIUM
1905,7.3,29.9,78.2,22.3,Muddy,Trenching,257.2,31.34,134.3,0.0,0.0,8.1,25.04,0,0,CRITICAL
1906,80.4,329.6,90.4,35.9,Frozen,Earth Excavation,38.2,30.68,19.5,310.1,75.6,91.3,45.8,1,1,LOW
1907,42.2,173.0,75.4,13.5,Dry,Trenching,150.5,26.25,65.8,107.2,26.1,56.0,18.36,1,1,LOW
1908,12.1,49.6,68.3,12.0,Wet,Grading,52.5,24.35,21.3,28.3,6.9,17.3,10.28,0,1,HIGH
1909,27.3,111.9,82.7,15.9,Muddy,Trenching,103.8,32.63,56.4,55.5,13.5,29.1,44.11,1,0,LOW
1910,28.2,115.6,71.1,20.4,Frozen,Compaction,297.3,22.42,111.1,4.5,1.1,43.8,26.57,0,1,HIGH
1911,37.6,154.2,96.5,24.3,Dry,Trenching,291.4,29.62,143.9,10.3,2.5,44.3,48.06,0,0,CRITICAL
1912,38.1,156.2,79.5,38.2,Dry,Material Loading,112.6,23.22,43.6,112.6,27.5,57.2,15.42,1,1,LOW
1913,16.2,66.4,85.2,9.2,Wet,Material Loading,253.8,24.71,104.5,0.0,0.0,22.8,20.5,0,1,HIGH
1914,95.1,389.9,47.3,40.4,Wet,Earth Excavation,135.8,25.4,57.5,332.4,81.1,130.5,31.77,1,1,LOW
1915,55.8,228.8,51.8,27.8,Wet,Earth Excavation,242.9,25.31,102.5,126.3,30.8,76.8,29.4,1,1,LOW
1916,10.2,41.8,69.0,27.5,Muddy,Trenching,209.7,29.93,104.6,0.0,0.0,11.9,4.3,0,1,HIGH
1917,75.1,307.9,48.5,14.8,Muddy,Grading,224.1,23.83,89.0,218.9,53.4,109.8,3.05,1,1,LOW
1918,47.4,194.3,74.4,23.2,Wet,Grading,231.7,24.55,94.8,99.5,24.3,67.3,47.5,1,1,LOW
1919,20.5,84.0,55.3,10.9,Frozen,Material Loading,264.3,22.35,98.5,0.0,0.0,31.9,17.68,0,1,HIGH
1920,54.7,224.3,97.5,12.5,Dry,Compaction,250.5,24.05,100.4,123.9,30.2,79.3,20.37,1,1,LOW
1921,46.1,189.0,55.2,22.0,Wet,Earth Excavation,217.9,24.59,89.3,99.7,24.3,65.3,41.55,1,1,LOW
1922,58.8,241.1,53.5,10.1,Dry,Grading,57.6,20.57,19.7,221.4,54.0,99.6,39.21,1,1,LOW
1923,82.8,339.5,61.4,19.8,Wet,Compaction,162.9,20.4,55.4,284.1,69.3,141.5,10.45,1,1,LOW
1924,37.3,152.9,46.0,21.6,Frozen,Grading,190.8,22.1,70.3,82.6,20.1,58.8,41.86,1,1,LOW
1925,26.3,107.8,55.2,9.0,Muddy,Compaction,49.7,21.8,18.1,89.7,21.9,42.0,30.49,1,1,LOW
1926,79.6,326.4,44.3,13.1,Frozen,Demolition,180.2,28.13,84.5,241.9,59.0,98.6,23.16,1,1,LOW
1927,90.7,371.9,55.3,41.1,Dry,Earth Excavation,293.8,23.98,117.4,254.5,62.1,131.8,8.66,1,1,LOW
1928,14.2,58.2,86.6,44.4,Frozen,Trenching,111.2,33.91,62.8,0.0,0.0,14.6,14.31,0,1,HIGH
1929,79.8,327.2,43.5,43.7,Frozen,Demolition,53.2,28.64,25.4,301.8,73.6,97.1,26.71,1,1,LOW
1930,86.0,352.6,81.5,5.9,Muddy,Earth Excavation,242.3,30.69,123.9,228.7,55.8,97.7,19.13,1,1,LOW
1931,75.2,308.3,64.5,10.7,Wet,Material Loading,263.9,21.96,96.6,211.7,51.6,119.3,16.89,1,1,LOW
1932,96.1,394.0,79.5,26.6,Frozen,Compaction,135.1,24.47,55.1,338.9,82.7,136.9,49.26,1,1,LOW
1933,31.7,130.0,61.5,16.0,Frozen,Grading,199.0,23.65,78.4,51.6,12.6,46.7,26.36,1,1,LOW
1934,49.9,204.6,85.5,31.3,Dry,Grading,31.8,24.38,12.9,191.7,46.8,71.3,33.05,1,1,LOW
1935,16.9,69.3,86.2,23.7,Frozen,Trenching,250.7,29.96,125.2,0.0,0.0,19.7,17.5,0,1,HIGH
1936,63.7,261.2,43.1,21.9,Dry,Trenching,75.9,22.48,28.4,232.8,56.8,98.8,32.92,1,1,LOW
1937,97.1,398.1,62.9,17.0,Frozen,Demolition,156.3,29.88,77.8,320.3,78.1,113.2,30.91,1,1,LOW
1938,87.8,360.0,47.5,8.3,Wet,Demolition,22.5,26.12,9.8,350.2,85.4,117.2,35.56,1,1,LOW
1939,57.5,235.7,85.6,44.7,Frozen,Earth Excavation,192.1,31.75,101.7,134.0,32.7,63.1,35.98,1,1,LOW
1940,89.8,368.2,66.5,11.6,Wet,Demolition,284.0,29.94,141.7,226.5,55.2,104.5,5.43,1,1,LOW
1941,25.4,104.1,40.4,15.4,Wet,Demolition,59.5,25.39,25.2,78.9,19.2,34.9,6.97,1,1,LOW
1942,43.6,178.8,48.6,14.2,Dry,Compaction,194.5,17.24,55.9,122.9,30.0,88.2,38.17,1,1,LOW
1943,48.5,198.8,86.2,15.6,Dry,Trenching,126.9,28.49,60.3,138.5,33.8,59.3,17.0,1,1,LOW
1944,95.6,392.0,68.0,29.3,Wet,Earth Excavation,190.8,26.2,83.3,308.7,75.3,127.2,27.99,1,1,LOW
1945,44.2,181.2,85.4,17.2,Frozen,Grading,279.6,27.79,129.5,51.7,12.6,55.4,31.44,1,1,LOW
1946,88.2,361.6,93.7,13.3,Dry,Trenching,174.1,28.12,81.6,280.0,68.3,109.3,49.78,1,1,LOW
1947,36.4,149.2,71.2,7.6,Dry,Trenching,61.7,27.22,28.0,121.2,29.6,46.6,1.88,1,1,LOW
1948,35.9,147.2,49.8,25.5,Muddy,Trenching,130.0,27.63,59.9,87.3,21.3,45.3,16.12,1,1,LOW
1949,70.4,288.6,46.4,13.8,Frozen,Trenching,112.8,26.31,49.5,239.1,58.3,93.2,8.43,1,1,LOW
1950,28.1,115.2,43.6,39.8,Wet,Trenching,46.7,24.23,18.9,96.3,23.5,40.4,26.32,1,1,LOW
1951,78.4,321.4,43.6,23.6,Frozen,Demolition,64.5,27.97,30.1,291.3,71.0,97.7,10.47,1,1,LOW
1952,98.1,402.2,62.4,30.9,Wet,Earth Excavation,199.6,25.28,84.1,318.1,77.6,135.2,13.01,1,1,LOW
1953,13.4,54.9,70.4,14.5,Dry,Compaction,229.3,19.47,74.4,0.0,0.0,24.0,42.48,0,0,CRITICAL
1954,48.6,199.3,78.9,5.7,Dry,Demolition,192.4,29.64,95.0,104.3,25.4,57.2,21.36,1,1,LOW
1955,77.0,315.7,88.3,37.3,Muddy,Grading,123.9,29.51,60.9,254.8,62.1,90.9,47.3,1,1,LOW
1956,56.6,232.1,74.7,30.2,Frozen,Compaction,174.9,22.62,65.9,166.2,40.5,87.2,43.83,1,1,LOW
1957,47.0,192.7,49.8,28.1,Frozen,Grading,166.5,23.62,65.5,127.2,31.0,69.3,44.58,1,1,LOW
1958,32.3,132.4,90.2,42.6,Wet,Material Loading,73.9,26.13,32.2,100.2,24.4,43.1,21.31,1,1,LOW
1959,54.4,223.0,55.9,17.5,Wet,Grading,194.1,22.7,73.4,149.6,36.5,83.5,33.27,1,1,LOW
1960,37.0,151.7,60.4,43.0,Frozen,Material Loading,189.7,24.35,77.0,74.7,18.2,53.0,26.38,1,1,LOW
1961,40.1,164.4,65.2,38.7,Wet,Earth Excavation,186.4,26.68,82.9,81.5,19.9,52.4,20.3,1,1,LOW
1962,73.5,301.4,40.6,38.6,Muddy,Compaction,177.1,21.21,62.6,238.8,58.2,120.8,12.19,1,1,LOW
1963,64.7,265.3,65.5,39.5,Muddy,Trenching,198.5,31.09,102.9,162.4,39.6,72.5,12.82,1,1,LOW
1964,9.6,39.4,62.7,11.9,Wet,Grading,108.7,23.12,41.9,0.0,0.0,14.5,38.69,0,0,CRITICAL
1965,57.8,237.0,74.4,5.9,Dry,Earth Excavation,106.3,26.01,46.1,190.9,46.6,77.5,30.65,1,1,LOW
1966,13.6,55.8,80.8,32.7,Wet,Compaction,164.5,23.09,63.3,0.0,0.0,20.5,48.36,0,0,CRITICAL
1967,84.6,346.9,55.2,37.3,Dry,Demolition,274.8,27.03,123.8,223.1,54.4,109.1,15.55,1,1,LOW
1968,14.0,57.4,79.3,18.7,Muddy,Grading,135.4,28.69,64.7,0.0,0.0,17.0,0.95,0,1,HIGH
1969,9.0,36.9,64.8,38.6,Wet,Compaction,240.9,21.73,87.2,0.0,0.0,14.4,40.46,0,0,CRITICAL
1970,53.3,218.5,46.6,28.9,Dry,Compaction,191.1,18.75,59.7,158.8,38.7,99.1,37.43,1,1,LOW
1971,77.3,316.9,52.1,40.1,Wet,Trenching,157.8,26.57,69.9,247.0,60.2,101.4,24.62,1,1,LOW
1972,39.4,161.5,50.8,27.8,Dry,Demolition,108.7,26.86,48.7,112.8,27.5,51.1,25.65,1,1,LOW
1973,48.0,196.8,88.2,22.9,Frozen,Material Loading,64.0,25.57,27.3,169.5,41.3,65.4,6.69,1,1,LOW
1974,83.6,342.8,47.9,41.4,Dry,Material Loading,139.1,20.06,46.5,296.3,72.3,145.3,44.78,1,1,LOW
1975,54.9,225.1,56.1,11.9,Frozen,Trenching,238.6,27.54,109.5,115.6,28.2,69.5,16.57,1,1,LOW
1976,23.5,96.3,67.8,19.1,Muddy,Grading,179.6,26.23,78.5,17.8,4.3,31.2,49.55,0,0,CRITICAL
1977,71.1,291.5,48.9,41.8,Muddy,Demolition,268.3,31.61,141.3,150.2,36.6,78.4,24.21,1,1,LOW
1978,76.7,314.5,62.5,18.8,Frozen,Material Loading,176.5,22.41,65.9,248.6,60.6,119.3,17.01,1,1,LOW
1979,66.5,272.7,69.5,7.2,Dry,Demolition,135.3,28.45,64.2,208.5,50.9,81.5,22.75,1,1,LOW
1980,39.7,162.8,79.1,5.6,Dry,Demolition,48.7,29.5,23.9,138.9,33.9,46.9,49.99,1,0,LOW
1981,11.3,46.3,72.6,18.3,Dry,Demolition,231.5,28.18,108.7,0.0,0.0,14.0,25.6,0,0,CRITICAL
1982,99.6,408.4,78.7,25.6,Frozen,Material Loading,110.9,25.87,47.8,360.6,88.0,134.2,35.42,1,1,LOW
1983,85.6,351.0,72.1,28.3,Frozen,Material Loading,233.5,24.73,96.2,254.8,62.1,120.6,21.04,1,1,LOW
1984,36.1,148.0,80.2,40.7,Frozen,Compaction,115.9,24.78,47.9,100.1,24.4,50.8,35.46,1,1,LOW
1985,10.5,43.0,85.9,37.3,Muddy,Earth Excavation,285.4,31.86,151.5,0.0,0.0,11.5,22.57,0,0,CRITICAL
1986,79.9,327.6,92.2,38.3,Frozen,Demolition,196.1,35.86,117.2,210.4,51.3,77.7,11.75,1,1,LOW
1987,76.4,313.2,49.1,42.2,Muddy,Trenching,265.3,28.83,127.5,185.7,45.3,92.3,24.44,1,1,LOW
1988,96.0,393.6,64.5,32.9,Dry,Trenching,244.2,25.35,103.2,290.4,70.8,132.0,41.09,1,1,LOW
1989,7.3,29.9,65.0,11.8,Frozen,Compaction,93.1,21.43,33.3,0.0,0.0,11.9,47.21,0,0,CRITICAL
1990,91.3,374.3,74.8,15.7,Dry,Compaction,216.4,20.78,74.9,299.4,73.0,153.1,48.87,1,1,LOW
1991,10.6,43.5,97.9,38.5,Muddy,Trenching,223.2,36.36,135.3,0.0,0.0,10.2,0.53,0,1,HIGH
1992,39.5,162.0,62.1,14.8,Muddy,Trenching,147.3,30.25,74.3,87.7,21.4,45.5,12.78,1,1,LOW
1993,59.8,245.2,81.2,32.1,Frozen,Trenching,31.0,31.44,16.2,229.0,55.9,66.3,41.72,1,1,LOW
1994,98.0,401.8,95.7,30.4,Dry,Demolition,145.4,30.93,75.0,326.8,79.7,110.4,39.47,1,1,LOW
1995,80.6,330.5,64.1,20.1,Muddy,Trenching,122.8,29.36,60.1,270.4,66.0,95.7,41.12,1,1,LOW
1996,28.7,117.7,81.3,20.2,Wet,Grading,123.7,26.65,54.9,62.8,15.3,37.5,26.32,1,1,LOW
1997,74.5,305.4,83.7,20.6,Wet,Compaction,86.8,22.73,32.9,272.5,66.5,114.2,24.13,1,1,LOW
1998,70.2,287.8,92.9,17.2,Dry,Demolition,107.1,31.92,57.0,230.8,56.3,76.6,27.82,1,1,LOW
1999,73.7,302.2,90.0,37.6,Wet,Trenching,298.0,31.18,154.9,147.3,35.9,82.4,46.88,1,1,LOW
2000,9.5,39.0,57.6,38.4,Wet,Demolition,252.9,30.02,126.5,0.0,0.0,11.0,20.14,0,0,CRITICAL
2001,54.2,222.2,61.8,9.9,Frozen,Earth Excavation,62.9,26.7,28.0,194.2,47.4,70.7,10.69,1,1,LOW
2002,41.3,169.3,65.3,28.9,Wet,Demolition,231.8,29.14,112.6,56.7,13.8,49.4,32.46,1,1,LOW
2003,73.3,300.5,80.0,24.9,Dry,Grading,149.2,23.62,58.7,241.8,59.0,108.1,20.05,1,1,LOW
2004,38.7,158.7,64.9,28.2,Muddy,Material Loading,50.2,24.66,20.6,138.1,33.7,54.7,17.33,1,1,LOW
2005,72.2,296.0,59.3,5.3,Dry,Earth Excavation,159.2,21.58,57.3,238.7,58.2,116.6,9.83,1,1,LOW
2006,67.3,275.9,41.8,20.2,Wet,Compaction,93.0,18.76,29.1,246.8,60.2,125.0,46.29,1,1,LOW
2007,13.8,56.6,54.0,41.3,Muddy,Demolition,261.6,32.16,140.2,0.0,0.0,15.0,16.37,0,0,CRITICAL
2008,26.1,107.0,62.3,32.9,Frozen,Demolition,143.0,29.35,70.0,37.0,9.0,31.0,25.04,0,1,HIGH
2009,43.3,177.5,43.7,39.3,Muddy,Earth Excavation,211.4,26.03,91.7,85.8,20.9,58.0,14.02,1,1,LOW
2010,31.7,130.0,63.2,26.9,Wet,Grading,283.3,22.73,107.3,22.7,5.5,48.6,16.94,0,1,HIGH
2011,90.7,371.9,56.8,39.6,Dry,Demolition,257.3,28.69,123.0,248.9,60.7,110.2,28.71,1,1,LOW
2012,50.7,207.9,74.6,44.0,Dry,Trenching,241.9,28.81,116.2,91.7,22.4,61.3,25.56,1,1,LOW
2013,66.1,271.0,86.0,27.8,Frozen,Demolition,122.4,33.94,69.2,201.8,49.2,67.9,45.73,1,1,LOW
2014,81.3,333.3,55.8,22.8,Wet,Demolition,34.3,28.54,16.3,317.0,77.3,99.3,20.5,1,1,LOW
2015,75.7,310.4,89.4,34.6,Frozen,Demolition,159.5,35.65,94.8,215.6,52.6,74.0,31.4,1,1,LOW
2016,71.7,294.0,45.9,19.7,Frozen,Grading,231.3,22.18,85.5,208.5,50.9,112.7,27.41,1,1,LOW
2017,84.6,346.9,55.4,29.6,Muddy,Grading,83.6,24.58,34.2,312.7,76.3,120.0,24.75,1,1,LOW
2018,82.6,338.7,66.7,8.2,Dry,Material Loading,254.6,21.56,91.5,247.2,60.3,133.5,28.78,1,1,LOW
2019,92.5,379.2,49.0,18.1,Dry,Material Loading,226.6,18.66,70.5,308.7,75.3,172.7,41.87,1,1,LOW
2020,80.2,328.8,81.8,40.8,Muddy,Demolition,237.7,36.19,143.4,185.4,45.2,77.2,9.92,1,1,LOW
2021,94.0,385.4,74.7,26.6,Muddy,Demolition,264.8,34.01,150.1,235.3,57.4,96.3,36.51,1,1,LOW
2022,15.8,64.8,83.9,43.6,Dry,Earth Excavation,82.5,28.16,38.7,26.1,6.4,19.6,39.8,0,0,CRITICAL
2023,13.2,54.1,55.5,18.0,Wet,Trenching,265.7,26.7,118.2,0.0,0.0,17.2,33.27,0,0,CRITICAL
2024,6.3,25.8,64.8,17.7,Wet,Demolition,287.1,28.98,138.7,0.0,0.0,7.6,21.46,0,0,CRITICAL
2025,6.4,26.2,58.9,36.0,Dry,Material Loading,277.9,20.28,93.9,0.0,0.0,11.0,11.31,0,0,CRITICAL
2026,24.2,99.2,51.4,22.8,Muddy,Demolition,183.9,30.17,92.5,6.7,1.6,27.9,31.93,0,0,CRITICAL
2027,10.4,42.6,43.9,37.8,Frozen,Trenching,112.1,25.24,47.2,0.0,0.0,14.3,30.69,0,0,CRITICAL
2028,44.0,180.4,40.2,23.0,Dry,Compaction,85.9,17.39,24.9,155.5,37.9,88.2,35.56,1,1,LOW
2029,91.3,374.3,95.1,5.1,Frozen,Material Loading,135.9,26.51,60.0,314.3,76.7,120.0,42.17,1,1,LOW
2030,63.1,258.7,51.7,8.1,Wet,Compaction,193.8,20.67,66.8,191.9,46.8,106.4,41.7,1,1,LOW
2031,64.9,266.1,71.2,41.6,Frozen,Compaction,267.1,24.34,108.4,157.7,38.5,92.9,49.79,1,1,LOW
2032,73.1,299.7,79.9,12.0,Frozen,Grading,139.9,27.2,63.4,236.3,57.6,93.7,22.81,1,1,LOW
2033,75.8,310.8,80.5,26.3,Frozen,Earth Excavation,175.9,28.68,84.1,226.7,55.3,92.1,5.46,1,1,LOW
2034,40.4,165.6,91.2,21.6,Wet,Grading,264.9,26.99,119.2,46.4,11.3,52.2,21.58,1,1,LOW
2035,18.0,73.8,61.2,8.8,Dry,Grading,288.0,21.6,103.7,0.0,0.0,29.0,33.02,0,0,CRITICAL
2036,31.4,128.7,94.0,23.9,Frozen,Trenching,296.6,33.41,165.2,0.0,0.0,32.7,21.44,0,1,HIGH
2037,8.3,34.0,50.3,37.4,Dry,Material Loading,287.4,18.46,88.4,0.0,0.0,15.7,4.65,0,1,HIGH
2038,73.4,300.9,76.0,26.2,Dry,Grading,213.1,23.38,83.0,217.9,53.1,109.4,43.23,1,1,LOW
2039,48.7,199.7,76.9,17.6,Wet,Trenching,290.5,28.27,136.9,62.8,15.3,60.0,10.14,1,1,LOW
2040,63.8,261.6,44.5,6.4,Frozen,Earth Excavation,54.5,24.64,22.4,239.2,58.3,90.2,21.75,1,1,LOW
2041,37.5,153.8,64.8,29.0,Muddy,Trenching,141.1,29.98,70.5,83.3,20.3,43.6,19.62,1,1,LOW
2042,41.9,171.8,40.6,40.5,Frozen,Demolition,261.5,28.22,123.0,48.8,11.9,51.7,0.78,1,1,LOW
2043,59.4,243.5,45.5,42.3,Muddy,Compaction,60.7,22.32,22.6,220.9,53.9,92.7,48.22,1,1,LOW
2044,48.2,197.6,49.2,11.0,Dry,Demolition,180.2,25.09,75.4,122.2,29.8,66.9,13.33,1,1,LOW
2045,88.1,361.2,93.2,42.3,Muddy,Demolition,198.9,38.92,129.0,232.2,56.6,78.9,17.45,1,1,LOW
2046,16.6,68.1,49.8,22.4,Frozen,Trenching,192.4,25.43,81.5,0.0,0.0,22.8,45.31,0,0,CRITICAL
2047,57.6,236.2,64.5,33.3,Muddy,Earth Excavation,33.6,28.16,15.8,220.4,53.8,71.3,32.25,1,1,LOW
2048,43.7,179.2,59.4,7.1,Muddy,Compaction,138.0,22.59,52.0,127.2,31.0,67.4,22.54,1,1,LOW
2049,75.1,307.9,52.7,31.3,Muddy,Earth Excavation,74.3,26.81,33.2,274.7,67.0,97.6,35.85,1,1,LOW
2050,31.6,129.6,92.1,34.5,Dry,Demolition,266.9,31.3,139.2,0.0,0.0,35.2,15.97,0,1,HIGH
2051,41.0,168.1,80.4,18.9,Dry,Earth Excavation,46.3,25.91,20.0,148.1,36.1,55.1,38.67,1,1,LOW
2052,61.9,253.8,89.8,34.6,Muddy,Material Loading,78.4,27.29,35.7,218.1,53.2,79.1,46.17,1,1,LOW
2053,43.5,178.3,94.6,13.6,Frozen,Material Loading,50.4,26.79,22.5,155.8,38.0,56.6,6.68,1,1,LOW
2054,71.5,293.1,59.7,32.6,Wet,Compaction,265.7,20.89,92.5,200.6,48.9,119.3,2.71,1,1,LOW
2055,19.0,77.9,80.5,19.9,Frozen,Compaction,79.9,23.93,31.9,46.0,11.2,27.7,32.43,1,0,MEDIUM
2056,21.1,86.5,75.6,18.5,Muddy,Compaction,211.8,24.08,85.0,1.5,0.4,30.5,31.27,0,0,CRITICAL
2057,80.4,329.6,92.9,8.2,Muddy,Grading,229.7,29.83,114.2,215.4,52.5,93.9,11.24,1,1,LOW
2058,30.4,124.6,73.2,19.6,Frozen,Grading,190.9,25.7,81.8,42.8,10.4,41.2,33.03,1,1,LOW
2059,77.9,319.4,78.5,10.2,Muddy,Trenching,104.3,32.19,56.0,263.4,64.2,84.3,46.83,1,1,LOW
2060,6.9,28.3,48.2,6.3,Dry,Material Loading,243.2,19.44,78.8,0.0,0.0,12.4,22.8,0,0,CRITICAL
2061,9.5,39.0,67.2,36.5,Muddy,Compaction,258.8,23.93,103.2,0.0,0.0,13.9,14.05,0,0,CRITICAL
2062,69.3,284.1,49.8,37.6,Frozen,Trenching,46.1,25.48,19.6,264.5,64.5,94.8,38.4,1,1,LOW
2063,88.9,364.5,91.7,16.1,Wet,Grading,299.8,26.49,132.4,232.1,56.6,117.0,12.57,1,1,LOW
2064,91.5,375.2,46.0,42.1,Dry,Material Loading,270.1,19.88,89.5,285.7,69.7,160.4,31.26,1,1,LOW
2065,78.4,321.4,43.9,30.1,Frozen,Demolition,287.7,27.69,132.8,188.6,46.0,98.7,48.43,1,1,LOW
2066,65.2,267.3,72.0,29.3,Wet,Grading,31.9,24.09,12.8,254.5,62.1,94.3,4.9,1,1,LOW
2067,34.9,143.1,57.5,12.7,Muddy,Compaction,290.0,22.25,107.5,35.6,8.7,54.7,31.57,0,1,HIGH
2068,89.0,364.9,52.6,11.1,Dry,Trenching,46.9,23.91,18.7,346.2,84.4,129.7,29.35,1,1,LOW
2069,91.7,376.0,75.6,19.4,Muddy,Demolition,286.9,34.04,162.8,213.2,52.0,93.9,39.04,1,1,LOW
2070,97.8,401.0,74.8,40.2,Dry,Earth Excavation,175.1,26.67,77.8,323.2,78.8,127.8,25.37,1,1,LOW
2071,13.3,54.5,41.3,16.8,Muddy,Earth Excavation,138.5,24.42,56.4,0.0,0.0,19.0,40.73,0,0,CRITICAL
2072,69.0,282.9,41.8,38.6,Wet,Earth Excavation,104.7,23.22,40.5,242.4,59.1,103.6,26.08,1,1,LOW
2073,99.8,409.2,85.4,34.2,Dry,Grading,206.4,24.41,84.0,325.2,79.3,142.5,7.65,1,1,LOW
2074,98.5,403.9,96.8,17.9,Frozen,Trenching,84.3,34.12,47.9,356.0,86.8,100.6,24.5,1,1,LOW
2075,66.6,273.1,44.3,9.1,Frozen,Trenching,237.7,25.79,102.2,170.9,41.7,90.0,16.5,1,1,LOW
2076,67.4,276.3,85.7,17.3,Wet,Compaction,100.1,23.31,38.9,237.4,57.9,100.8,32.4,1,1,LOW
2077,93.0,381.3,97.0,36.0,Dry,Demolition,58.2,31.7,30.7,350.6,85.5,102.2,32.9,1,1,LOW
2078,31.3,128.3,70.3,34.7,Frozen,Compaction,263.4,22.22,97.5,30.8,7.5,49.1,28.18,0,1,HIGH
2079,89.3,366.1,89.2,14.2,Wet,Grading,226.1,26.62,100.3,265.8,64.8,116.9,48.82,1,1,LOW
2080,36.1,148.0,59.9,16.5,Wet,Compaction,32.6,20.12,10.9,137.1,33.4,62.5,18.29,1,1,LOW
2081,43.6,178.8,48.4,29.4,Frozen,Grading,294.9,24.03,118.1,60.7,14.8,63.2,37.55,1,1,LOW
2082,22.7,93.1,84.2,27.1,Dry,Compaction,150.9,22.06,55.5,37.6,9.2,35.9,11.01,0,1,HIGH
2083,84.6,346.9,87.3,11.5,Muddy,Grading,226.6,28.3,106.9,240.0,58.5,104.2,28.1,1,1,LOW
2084,88.7,363.7,77.3,33.8,Wet,Grading,222.0,24.85,91.9,271.8,66.3,124.4,7.68,1,1,LOW
2085,32.2,132.0,88.5,40.7,Frozen,Grading,187.5,29.23,91.3,40.7,9.9,38.4,5.9,0,1,HIGH
2086,63.1,258.7,44.7,9.5,Frozen,Demolition,113.0,27.67,52.1,206.6,50.4,79.5,17.81,1,1,LOW
2087,66.4,272.2,67.4,36.6,Dry,Grading,24.3,22.5,9.1,263.1,64.2,102.8,24.39,1,1,LOW
2088,83.5,342.3,46.6,13.7,Dry,Material Loading,74.7,18.73,23.3,319.0,77.8,155.3,27.19,1,1,LOW
2089,95.5,391.6,45.1,28.1,Wet,Compaction,55.7,19.95,18.5,373.1,91.0,166.8,32.0,1,1,LOW
2090,73.5,301.4,62.9,41.8,Frozen,Trenching,183.4,30.14,92.1,209.3,51.0,85.0,38.4,1,1,LOW
2091,92.1,377.6,44.9,34.0,Wet,Trenching,238.2,24.35,96.7,280.9,68.5,131.8,35.18,1,1,LOW
2092,84.1,344.8,66.8,26.8,Muddy,Demolition,203.9,32.73,111.2,233.6,57.0,89.5,29.63,1,1,LOW
2093,23.9,98.0,41.5,18.3,Wet,Material Loading,168.5,20.29,57.0,41.0,10.0,41.1,34.64,1,1,MEDIUM
2094,62.2,255.0,93.2,12.4,Dry,Grading,32.8,24.44,13.4,241.6,58.9,88.7,26.79,1,1,LOW
2095,8.2,33.6,59.4,40.1,Frozen,Trenching,222.4,28.84,106.9,0.0,0.0,9.9,30.81,0,0,CRITICAL
2096,75.5,309.6,70.9,9.5,Frozen,Demolition,157.7,30.81,81.0,228.6,55.8,85.4,37.38,1,1,LOW
2097,18.0,73.8,83.0,32.0,Wet,Trenching,229.0,30.4,116.0,0.0,0.0,20.6,25.5,0,0,CRITICAL
2098,79.8,327.2,75.8,25.3,Frozen,Compaction,172.6,23.66,68.1,259.1,63.2,117.5,46.96,1,1,LOW
2099,39.0,159.9,67.0,43.3,Frozen,Demolition,73.5,33.93,41.6,118.3,28.9,40.1,14.08,1,1,LOW
2100,88.6,363.3,93.8,37.1,Dry,Trenching,268.4,29.83,133.4,229.9,56.1,103.5,2.13,1,1,LOW
2101,40.9,167.7,71.0,27.4,Wet,Trenching,77.3,28.24,36.4,131.3,32.0,50.5,40.28,1,1,LOW
2102,23.2,95.1,58.5,16.1,Frozen,Compaction,147.7,21.99,54.1,41.0,10.0,36.8,15.32,1,1,MEDIUM
2103,13.2,54.1,84.4,14.9,Wet,Demolition,21.6,31.56,11.4,42.7,10.4,14.6,28.05,1,0,MEDIUM
2104,59.8,245.2,87.3,9.5,Dry,Material Loading,261.8,23.97,104.6,140.6,34.3,87.0,44.49,1,1,LOW
2105,58.0,237.8,84.3,36.2,Muddy,Demolition,256.3,36.04,154.0,83.8,20.4,56.1,21.01,1,1,LOW
2106,50.9,208.7,46.8,37.9,Frozen,Grading,36.2,22.54,13.6,195.1,47.6,78.7,34.0,1,1,LOW
2107,11.6,47.6,75.2,34.3,Frozen,Grading,21.6,25.99,9.4,38.2,9.3,15.6,29.06,0,0,CRITICAL
2108,93.0,381.3,55.5,39.8,Muddy,Earth Excavation,47.2,28.32,22.3,359.0,87.6,114.4,22.84,1,1,LOW
2109,94.5,387.4,70.2,19.2,Frozen,Earth Excavation,183.4,27.66,84.5,302.9,73.9,119.0,19.31,1,1,LOW
2110,50.6,207.5,84.4,38.9,Dry,Earth Excavation,143.4,27.59,65.9,141.6,34.5,63.9,44.74,1,1,LOW
2111,58.7,240.7,90.6,14.3,Wet,Demolition,131.2,34.23,74.8,165.9,40.5,59.8,29.86,1,1,LOW
2112,55.1,225.9,42.9,7.6,Wet,Material Loading,113.8,20.34,38.6,187.3,45.7,94.4,30.98,1,1,LOW
2113,20.9,85.7,52.2,22.6,Frozen,Trenching,58.5,27.32,26.6,59.1,14.4,26.7,30.08,1,0,MEDIUM
2114,70.1,287.4,56.0,39.2,Muddy,Grading,192.1,25.0,80.0,207.4,50.6,97.7,11.04,1,1,LOW
2115,50.1,205.4,53.8,32.5,Dry,Trenching,62.5,23.9,24.9,180.5,44.0,73.1,8.0,1,1,LOW
2116,46.8,191.9,40.2,26.7,Dry,Trenching,174.7,22.67,66.0,125.9,30.7,72.0,46.8,1,1,LOW
2117,59.8,245.2,64.2,32.9,Wet,Demolition,157.1,29.52,77.3,167.9,41.0,70.6,5.42,1,1,LOW
2118,6.0,24.6,84.3,8.4,Dry,Earth Excavation,238.9,26.87,107.0,0.0,0.0,7.8,34.63,0,0,CRITICAL
2119,83.0,340.3,89.4,23.3,Frozen,Demolition,120.1,35.04,70.1,270.2,65.9,82.5,8.99,1,1,LOW
2120,44.5,182.4,90.7,7.4,Dry,Earth Excavation,31.3,27.61,14.4,168.0,41.0,56.2,30.3,1,1,LOW
2121,43.3,177.5,45.3,19.9,Frozen,Material Loading,200.2,22.07,73.6,103.9,25.3,68.4,32.78,1,1,LOW
2122,44.9,184.1,77.3,15.4,Wet,Material Loading,191.8,23.7,75.8,108.3,26.4,66.0,20.44,1,1,LOW
2123,26.1,107.0,85.0,14.9,Wet,Compaction,150.7,23.37,58.7,48.3,11.8,38.9,23.91,1,1,LOW
2124,41.4,169.7,53.8,9.2,Dry,Compaction,151.6,19.39,49.0,120.7,29.4,74.4,40.57,1,1,LOW
2125,44.4,182.0,57.3,13.0,Muddy,Compaction,46.7,22.18,17.3,164.7,40.2,69.7,45.16,1,1,LOW
2126,54.6,223.9,43.4,36.2,Dry,Trenching,178.5,22.96,68.3,155.6,38.0,82.9,45.86,1,1,LOW
2127,21.9,89.8,86.2,22.7,Wet,Earth Excavation,156.3,29.37,76.5,13.3,3.2,26.0,40.72,0,0,CRITICAL
2128,77.1,316.1,80.9,23.3,Dry,Trenching,223.4,27.54,102.5,213.6,52.1,97.6,18.76,1,1,LOW
2129,35.5,145.5,90.9,16.3,Dry,Trenching,57.4,28.29,27.1,118.4,28.9,43.7,3.23,1,1,LOW
2130,56.0,229.6,82.3,35.9,Dry,Material Loading,243.7,22.36,90.8,138.8,33.9,87.3,48.09,1,1,LOW
2131,72.6,297.7,65.1,38.7,Frozen,Earth Excavation,229.9,27.39,104.9,192.8,47.0,92.4,18.42,1,1,LOW
2132,89.8,368.2,75.1,6.0,Wet,Compaction,280.1,22.98,107.3,260.9,63.6,136.2,32.28,1,1,LOW
2133,83.4,341.9,90.0,18.8,Frozen,Material Loading,257.4,26.55,113.9,228.0,55.6,109.5,45.56,1,1,LOW
2134,22.2,91.0,60.1,35.8,Dry,Demolition,182.5,27.42,83.4,7.6,1.9,28.2,6.11,0,1,HIGH
2135,86.4,354.2,60.2,9.1,Dry,Trenching,245.9,24.2,99.2,255.0,62.2,124.4,24.93,1,1,LOW
2136,34.7,142.3,95.3,22.3,Wet,Material Loading,62.9,25.63,26.9,115.4,28.1,47.2,15.58,1,1,LOW
2137,79.7,326.8,65.3,40.7,Frozen,Material Loading,262.0,23.47,102.5,224.3,54.7,118.4,2.06,1,1,LOW
2138,86.2,353.4,92.3,35.3,Wet,Compaction,248.3,24.43,101.1,252.3,61.5,123.0,35.52,1,1,LOW
2139,49.3,202.1,78.3,28.5,Wet,Demolition,152.7,31.25,79.5,122.6,29.9,55.0,9.31,1,1,LOW
2140,85.4,350.1,40.5,39.8,Muddy,Earth Excavation,129.7,25.5,55.1,295.0,72.0,116.7,40.11,1,1,LOW
2141,83.1,340.7,45.8,25.5,Dry,Grading,269.4,19.65,88.2,252.5,61.6,147.4,5.13,1,1,LOW
2142,67.6,277.2,96.8,38.9,Dry,Demolition,164.8,33.87,93.0,184.2,44.9,69.6,28.43,1,1,LOW
2143,87.6,359.2,86.5,37.7,Frozen,Demolition,51.9,34.27,29.6,329.6,80.4,89.1,14.99,1,1,LOW
2144,56.8,232.9,50.2,25.1,Dry,Grading,251.9,20.48,86.0,146.9,35.8,96.7,40.7,1,1,LOW
2145,48.1,197.2,41.2,40.5,Frozen,Trenching,195.0,26.05,84.7,112.5,27.4,64.3,28.75,1,1,LOW
2146,58.5,239.8,81.5,30.0,Muddy,Earth Excavation,122.7,31.23,63.9,175.9,42.9,65.3,27.56,1,1,LOW
2147,77.2,316.5,58.4,38.1,Frozen,Earth Excavation,235.4,27.08,106.2,210.3,51.3,99.3,9.58,1,1,LOW
2148,35.4,145.1,77.0,13.5,Muddy,Compaction,180.6,25.62,77.1,68.0,16.6,48.1,47.89,1,1,LOW
2149,62.7,257.1,88.1,13.8,Dry,Grading,129.3,24.74,53.3,203.8,49.7,88.3,37.32,1,1,LOW
2150,45.6,187.0,77.8,23.4,Frozen,Trenching,150.0,29.67,74.2,112.8,27.5,53.6,42.56,1,1,LOW
2151,39.9,163.6,97.4,41.5,Muddy,Earth Excavation,168.5,34.51,96.9,66.7,16.3,40.3,3.74,1,1,LOW
2152,46.9,192.3,64.3,15.9,Dry,Grading,60.6,21.2,21.4,170.9,41.7,77.1,40.05,1,1,LOW
2153,58.8,241.1,88.8,12.4,Frozen,Trenching,137.8,31.37,72.0,169.1,41.2,65.3,39.41,1,1,LOW
2154,80.5,330.1,69.0,27.5,Dry,Grading,35.7,22.49,13.4,316.7,77.2,124.8,12.86,1,1,LOW
2155,44.2,181.2,72.5,42.8,Muddy,Earth Excavation,145.9,30.68,74.6,106.6,26.0,50.2,18.38,1,1,LOW
2156,95.3,390.7,95.8,17.5,Wet,Demolition,29.8,33.95,16.9,373.8,91.2,97.8,49.05,1,1,LOW
2157,25.4,104.1,74.8,36.9,Dry,Trenching,119.1,26.9,53.4,50.7,12.4,32.9,31.63,1,1,LOW
2158,16.2,66.4,54.5,34.7,Dry,Material Loading,162.1,19.27,52.1,14.3,3.5,29.3,10.17,0,1,HIGH
2159,66.8,273.9,46.3,31.7,Wet,Material Loading,208.0,19.86,68.8,205.1,50.0,117.2,19.4,1,1,LOW
2160,10.3,42.2,91.8,15.7,Muddy,Earth Excavation,177.5,32.92,97.4,0.0,0.0,10.9,11.61,0,0,CRITICAL
2161,81.2,332.9,85.9,29.0,Wet,Demolition,149.9,32.11,80.2,252.7,61.6,88.1,2.45,1,1,LOW
2162,26.0,106.6,50.2,7.8,Wet,Trenching,111.3,25.04,46.4,60.2,14.7,36.2,15.49,1,1,LOW
2163,76.4,313.2,94.4,8.8,Wet,Earth Excavation,185.2,30.83,95.2,218.0,53.2,86.4,5.36,1,1,LOW
2164,64.3,263.6,85.3,13.7,Frozen,Compaction,200.8,24.01,80.4,183.2,44.7,93.3,43.05,1,1,LOW
2165,76.3,312.8,83.6,14.6,Frozen,Grading,209.0,26.66,92.9,219.9,53.6,99.7,14.08,1,1,LOW
2166,46.4,190.2,84.9,5.0,Muddy,Grading,71.6,28.94,34.5,155.7,38.0,55.9,32.52,1,1,LOW
2167,52.6,215.7,71.4,17.6,Muddy,Trenching,228.6,30.76,117.2,98.5,24.0,59.6,7.02,1,1,LOW
2168,67.2,275.5,91.3,15.4,Wet,Grading,30.9,27.34,14.1,261.4,63.8,85.7,45.67,1,1,LOW
2169,64.2,263.2,82.5,16.4,Muddy,Grading,244.3,27.78,113.1,150.1,36.6,80.5,4.97,1,1,LOW
2170,89.7,367.8,95.9,37.3,Frozen,Trenching,182.8,33.35,101.6,266.2,64.9,93.7,6.45,1,1,LOW
2171,19.6,80.4,90.3,14.6,Muddy,Earth Excavation,39.9,32.74,21.8,58.6,14.3,20.9,35.71,1,0,MEDIUM
2172,23.8,97.6,49.8,17.2,Dry,Demolition,156.3,25.18,65.6,32.0,7.8,32.9,13.41,0,1,HIGH
2173,6.8,27.9,61.2,9.4,Frozen,Earth Excavation,48.8,26.61,21.6,6.3,1.5,8.9,16.27,0,0,CRITICAL
2174,11.4,46.7,79.4,29.8,Frozen,Demolition,71.5,33.93,40.4,6.3,1.5,11.7,39.82,0,0,CRITICAL
2175,97.8,401.0,86.9,10.0,Muddy,Demolition,248.2,36.56,151.2,249.8,60.9,93.2,11.01,1,1,LOW
2176,94.0,385.4,49.0,36.1,Wet,Material Loading,222.7,21.8,80.9,304.5,74.3,150.3,5.05,1,1,LOW
2177,53.6,219.8,92.2,12.5,Muddy,Earth Excavation,74.9,32.34,40.4,179.4,43.8,57.8,4.39,1,1,LOW
2178,16.7,68.5,51.6,37.4,Muddy,Trenching,82.2,28.31,38.8,29.7,7.2,20.6,33.78,0,0,CRITICAL
2179,84.4,346.0,77.0,16.5,Wet,Grading,262.6,24.41,106.8,239.2,58.3,120.5,18.54,1,1,LOW
2180,44.5,182.4,71.5,34.3,Wet,Earth Excavation,147.4,26.55,65.2,117.2,28.6,58.4,5.21,1,1,LOW
2181,62.7,257.1,59.0,8.1,Frozen,Demolition,108.2,29.62,53.4,203.7,49.7,73.8,14.13,1,1,LOW
2182,59.8,245.2,55.4,38.7,Wet,Compaction,21.1,20.35,7.2,238.0,58.0,102.4,28.5,1,1,LOW
2183,6.5,26.7,75.9,13.2,Dry,Demolition,180.5,28.64,86.2,0.0,0.0,7.9,10.85,0,0,CRITICAL
2184,56.9,233.3,49.6,25.7,Muddy,Demolition,138.8,29.27,67.7,165.6,40.4,67.8,21.55,1,1,LOW
2185,31.6,129.6,49.4,28.2,Frozen,Demolition,226.0,28.58,107.7,21.9,5.3,38.5,5.26,0,1,HIGH
2186,5.5,22.6,57.9,31.8,Frozen,Trenching,255.4,26.99,114.9,0.0,0.0,7.1,24.13,0,0,CRITICAL
2187,89.0,364.9,79.6,40.9,Muddy,Compaction,178.8,26.5,79.0,285.9,69.7,117.0,15.21,1,1,LOW
2188,88.2,361.6,43.1,42.7,Muddy,Trenching,226.9,28.59,108.1,253.5,61.8,107.5,16.84,1,1,LOW
2189,8.5,34.9,60.5,39.7,Frozen,Trenching,97.2,28.99,47.0,0.0,0.0,10.2,44.99,0,0,CRITICAL
2190,15.0,61.5,73.7,13.9,Wet,Trenching,192.3,29.32,94.0,0.0,0.0,17.8,6.63,0,1,HIGH
2191,29.3,120.1,89.5,27.2,Wet,Trenching,279.4,30.67,142.8,0.0,0.0,33.3,41.23,0,0,CRITICAL
2192,96.3,394.8,55.5,16.7,Dry,Material Loading,66.1,19.72,21.7,373.1,91.0,170.2,34.51,1,1,LOW
2193,90.0,369.0,54.0,11.8,Dry,Material Loading,60.9,19.16,19.4,349.6,85.3,163.7,47.33,1,1,LOW
2194,80.6,330.5,83.4,14.7,Wet,Earth Excavation,140.2,27.79,64.9,265.6,64.8,101.1,41.54,1,1,LOW
2195,5.9,24.2,78.3,13.0,Muddy,Grading,24.2,27.65,11.2,13.0,3.2,7.4,25.69,0,0,CRITICAL
2196,88.6,363.3,81.9,6.4,Dry,Compaction,241.5,22.02,88.6,274.7,67.0,140.2,33.34,1,1,LOW
2197,81.3,333.3,52.7,20.3,Wet,Material Loading,161.4,21.83,58.7,274.6,67.0,129.8,47.71,1,1,LOW
2198,34.7,142.3,94.6,33.0,Wet,Trenching,273.8,31.34,143.0,0.0,0.0,38.6,17.54,0,1,HIGH
2199,50.5,207.1,93.6,15.6,Wet,Trenching,204.8,30.83,105.2,101.9,24.9,57.1,44.39,1,1,LOW
2200,24.9,102.1,95.0,36.1,Wet,Material Loading,120.1,25.95,51.9,50.2,12.2,33.4,23.74,1,1,MEDIUM
2201,58.3,239.0,85.0,7.2,Dry,Compaction,36.3,22.27,13.5,225.5,55.0,91.2,44.11,1,1,LOW
2202,17.1,70.1,50.5,13.9,Muddy,Material Loading,203.5,22.76,77.2,0.0,0.0,26.2,44.68,0,0,CRITICAL
2203,55.6,228.0,58.5,37.0,Wet,Earth Excavation,104.3,25.29,44.0,184.0,44.9,76.6,5.3,1,1,LOW
2204,60.7,248.9,47.3,9.0,Muddy,Compaction,53.1,21.92,19.4,229.5,56.0,96.5,30.6,1,1,LOW
2205,90.2,369.8,81.0,7.4,Dry,Demolition,135.9,29.95,67.8,302.0,73.7,105.0,15.26,1,1,LOW
2206,73.2,300.1,57.6,19.1,Muddy,Earth Excavation,186.2,27.17,84.3,215.8,52.6,93.9,47.87,1,1,LOW
2207,99.6,408.4,50.2,36.8,Wet,Demolition,212.7,28.45,100.9,307.5,75.0,122.0,5.91,1,1,LOW
2208,13.1,53.7,74.9,44.9,Frozen,Material Loading,65.6,26.17,28.6,25.1,6.1,17.4,13.8,0,1,HIGH
2209,59.1,242.3,53.3,35.0,Muddy,Earth Excavation,194.5,26.87,87.1,155.2,37.9,76.6,21.57,1,1,LOW
2210,65.3,267.7,79.0,22.6,Dry,Compaction,162.6,21.52,58.3,209.4,51.1,105.7,14.64,1,1,LOW
2211,94.7,388.3,45.5,42.8,Frozen,Compaction,49.9,21.43,17.8,370.5,90.4,154.0,26.21,1,1,LOW
2212,60.9,249.7,94.1,19.7,Wet,Grading,83.7,26.76,37.3,212.4,51.8,79.3,27.28,1,1,LOW
2213,25.4,104.1,72.1,19.2,Frozen,Compaction,216.6,22.96,82.9,21.2,5.2,38.5,35.09,0,1,HIGH
2214,61.9,253.8,77.8,32.2,Wet,Grading,262.7,25.78,112.9,140.9,34.4,83.7,12.82,1,1,LOW
2215,96.4,395.2,43.5,41.1,Dry,Grading,277.2,21.4,98.9,296.3,72.3,157.0,28.47,1,1,LOW
2216,73.5,301.4,70.5,19.5,Wet,Earth Excavation,90.3,26.99,40.6,260.8,63.6,94.9,47.61,1,1,LOW
2217,76.4,313.2,69.5,17.3,Muddy,Demolition,33.2,33.89,18.8,294.4,71.8,78.6,29.31,1,1,LOW
2218,12.3,50.4,52.4,32.8,Dry,Earth Excavation,244.3,22.02,89.7,0.0,0.0,19.5,31.44,0,0,CRITICAL
2219,32.2,132.0,48.0,36.9,Dry,Grading,20.8,21.65,7.5,124.5,30.4,51.8,27.37,1,1,LOW
2220,66.1,271.0,42.0,6.4,Muddy,Material Loading,212.8,21.7,77.0,194.0,47.3,106.2,33.49,1,1,LOW
2221,25.5,104.5,79.6,6.1,Muddy,Grading,138.7,27.98,64.7,39.8,9.7,31.7,12.33,0,1,HIGH
2222,25.6,105.0,72.7,11.0,Muddy,Material Loading,162.9,26.5,71.9,33.1,8.1,33.7,2.07,0,1,HIGH
2223,76.3,312.8,95.5,13.1,Dry,Trenching,105.4,29.52,51.9,260.9,63.6,90.1,44.59,1,1,LOW
2224,33.7,138.2,83.0,6.5,Muddy,Grading,146.1,28.06,68.3,69.9,17.0,41.9,31.43,1,1,LOW
2225,35.9,147.2,76.9,26.0,Wet,Earth Excavation,266.9,27.83,123.8,23.4,5.7,45.0,37.85,0,1,HIGH
2226,73.4,300.9,54.2,22.2,Dry,Material Loading,30.0,18.97,9.5,291.4,71.1,134.8,20.82,1,1,LOW
2227,5.4,22.1,89.1,10.8,Frozen,Grading,239.7,27.44,109.6,0.0,0.0,6.8,30.42,0,0,CRITICAL
2228,63.7,261.2,83.9,39.2,Frozen,Trenching,29.5,30.92,15.2,246.0,60.0,71.8,30.59,1,1,LOW
2229,79.2,324.7,79.4,35.9,Dry,Demolition,183.7,29.58,90.6,234.1,57.1,93.3,45.26,1,1,LOW
2230,22.3,91.4,86.4,32.7,Muddy,Demolition,88.2,35.88,52.7,38.7,9.4,21.7,16.99,0,1,HIGH
2231,11.0,45.1,76.7,26.4,Dry,Trenching,66.2,26.66,29.4,15.7,3.8,14.4,40.6,0,0,CRITICAL
2232,75.9,311.2,82.5,31.0,Dry,Material Loading,27.9,22.76,10.6,300.6,73.3,116.2,40.19,1,1,LOW
2233,31.7,130.0,94.9,17.1,Frozen,Trenching,292.5,32.82,160.0,0.0,0.0,33.7,4.75,0,1,HIGH
2234,46.6,191.1,85.7,40.4,Muddy,Compaction,293.3,26.24,128.3,62.8,15.3,61.9,1.33,1,1,LOW
2235,16.1,66.0,92.8,42.4,Frozen,Trenching,251.8,34.92,146.5,0.0,0.0,16.1,31.7,0,0,CRITICAL
2236,62.3,255.4,96.6,17.3,Dry,Earth Excavation,293.5,28.35,138.7,116.7,28.5,76.6,20.99,1,1,LOW
2237,72.7,298.1,75.1,17.1,Dry,Earth Excavation,251.7,24.91,104.5,193.6,47.2,101.7,24.43,1,1,LOW
2238,86.7,355.5,41.0,39.4,Frozen,Compaction,285.1,19.75,93.8,261.7,63.8,153.0,12.06,1,1,LOW
2239,67.8,278.0,93.7,44.7,Wet,Material Loading,171.0,27.59,78.6,199.4,48.6,85.6,8.94,1,1,LOW
2240,84.6,346.9,86.3,18.8,Frozen,Demolition,53.7,34.59,31.0,315.9,77.0,85.2,24.95,1,1,LOW
2241,56.0,229.6,84.0,29.4,Muddy,Earth Excavation,70.4,31.6,37.1,192.5,47.0,61.8,26.85,1,1,LOW
2242,53.8,220.6,60.6,7.0,Dry,Compaction,159.2,19.75,52.4,168.2,41.0,94.9,27.17,1,1,LOW
2243,30.2,123.8,56.0,7.5,Wet,Compaction,96.1,20.94,33.5,90.3,22.0,50.3,15.28,1,1,LOW
2244,41.7,171.0,69.6,20.5,Frozen,Trenching,21.6,29.64,10.7,160.3,39.1,49.0,42.82,1,1,LOW
2245,73.4,300.9,95.6,5.1,Frozen,Compaction,53.2,26.07,23.1,277.8,67.8,98.1,23.17,1,1,LOW
2246,11.8,48.4,97.4,28.2,Dry,Material Loading,25.5,23.34,9.9,38.5,9.4,17.6,29.55,0,0,CRITICAL
2247,25.5,104.5,68.4,5.5,Wet,Demolition,113.0,29.84,56.2,48.3,11.8,29.8,24.27,1,1,LOW
2248,72.7,298.1,91.5,42.7,Dry,Trenching,129.3,30.06,64.8,233.3,56.9,84.3,34.5,1,1,LOW
2249,73.1,299.7,40.3,41.6,Muddy,Compaction,178.3,22.14,65.8,233.9,57.0,115.1,21.73,1,1,LOW
2250,75.0,307.5,86.8,38.0,Dry,Earth Excavation,35.3,27.65,16.3,291.2,71.0,94.5,10.32,1,1,LOW
2251,64.3,263.6,58.9,43.9,Frozen,Earth Excavation,237.5,28.32,112.1,151.5,37.0,79.1,24.3,1,1,LOW
2252,7.4,30.3,82.2,35.9,Muddy,Trenching,164.7,32.0,87.8,0.0,0.0,8.0,30.52,0,0,CRITICAL
2253,63.5,260.4,65.2,40.1,Wet,Compaction,50.9,23.03,19.5,240.9,58.8,96.1,40.08,1,1,LOW
2254,93.9,385.0,75.0,6.1,Frozen,Compaction,56.6,23.96,22.6,362.4,88.4,136.6,43.92,1,1,LOW
2255,71.0,291.1,70.9,29.1,Dry,Material Loading,43.4,22.25,16.1,275.0,67.1,111.2,46.48,1,1,LOW
2256,34.7,142.3,51.1,44.7,Wet,Demolition,117.8,29.16,57.3,85.0,20.7,41.5,13.37,1,1,LOW
2257,45.1,184.9,96.1,41.0,Frozen,Compaction,45.2,26.29,19.8,165.1,40.3,59.8,35.26,1,1,LOW
2258,40.5,166.1,91.1,21.3,Frozen,Demolition,203.0,35.86,121.3,44.8,10.9,39.4,5.28,1,1,LOW
2259,9.7,39.8,62.9,41.6,Wet,Trenching,286.2,28.21,134.6,0.0,0.0,12.0,5.45,0,1,HIGH
2260,96.7,396.5,77.9,41.0,Frozen,Demolition,199.7,34.51,114.9,281.6,68.7,97.7,39.22,1,1,LOW
2261,45.6,187.0,56.7,38.0,Muddy,Compaction,192.0,23.41,74.9,112.1,27.3,67.9,46.61,1,1,LOW
2262,95.6,392.0,45.8,18.9,Frozen,Grading,115.6,22.1,42.6,349.4,85.2,150.8,34.29,1,1,LOW
2263,83.7,343.2,50.4,12.3,Dry,Earth Excavation,157.4,22.01,57.7,285.5,69.6,132.5,7.31,1,1,LOW
2264,84.8,347.7,95.0,37.9,Wet,Earth Excavation,179.0,30.81,91.9,255.8,62.4,95.9,8.75,1,1,LOW
2265,45.7,187.4,94.7,30.3,Frozen,Trenching,200.0,32.8,109.3,78.1,19.0,48.6,47.62,1,1,LOW
2266,82.5,338.2,52.6,11.1,Dry,Demolition,20.5,25.15,8.6,329.6,80.4,114.3,37.18,1,1,LOW
2267,63.7,261.2,76.0,39.5,Dry,Compaction,211.8,21.21,74.9,186.3,45.4,104.7,19.34,1,1,LOW
2268,65.4,268.1,68.8,8.1,Frozen,Demolition,108.0,31.16,56.1,212.0,51.7,73.1,0.61,1,1,LOW
2269,59.8,245.2,82.5,11.1,Muddy,Material Loading,200.6,26.21,87.6,157.6,38.4,79.5,12.92,1,1,LOW
2270,27.2,111.5,52.1,5.5,Frozen,Trenching,89.1,26.07,38.7,72.8,17.8,36.4,38.34,1,0,LOW
2271,21.9,89.8,73.0,14.0,Dry,Material Loading,268.7,21.54,96.5,0.0,0.0,35.4,36.1,0,0,CRITICAL
2272,31.7,130.0,47.2,35.1,Wet,Grading,194.4,22.49,72.9,57.1,13.9,49.1,48.77,1,1,LOW
2273,81.1,332.5,72.4,14.4,Dry,Earth Excavation,192.5,24.83,79.7,252.8,61.7,113.8,15.23,1,1,LOW
2274,71.6,293.6,66.4,26.5,Dry,Grading,151.2,21.59,54.4,239.2,58.3,115.6,43.93,1,1,LOW
2275,98.1,402.2,41.9,13.3,Dry,Compaction,43.8,17.34,12.7,389.5,95.0,197.2,13.48,1,1,LOW
2276,73.7,302.2,73.6,7.6,Frozen,Material Loading,78.4,24.17,31.6,270.6,66.0,106.3,48.4,1,1,LOW
2277,61.8,253.4,67.9,28.1,Muddy,Demolition,115.6,32.6,62.8,190.6,46.5,66.1,37.56,1,1,LOW
2278,67.8,278.0,61.2,14.1,Frozen,Earth Excavation,48.5,26.26,21.2,256.8,62.6,90.0,47.99,1,1,LOW
2279,28.3,116.0,70.7,33.6,Muddy,Material Loading,143.2,24.72,59.0,57.0,13.9,39.9,36.06,1,1,LOW
2280,55.0,225.5,52.2,5.1,Frozen,Compaction,218.0,20.16,73.2,152.3,37.1,95.1,49.79,1,1,LOW
2281,75.3,308.7,95.0,30.8,Muddy,Demolition,298.4,38.39,190.9,117.8,28.7,68.3,40.18,1,1,LOW
2282,64.5,264.4,68.8,41.7,Wet,Compaction,50.8,22.93,19.4,245.0,59.8,98.0,15.48,1,1,LOW
2283,86.2,353.4,53.5,17.2,Muddy,Grading,41.3,23.79,16.4,337.0,82.2,126.3,48.08,1,1,LOW
2284,23.1,94.7,55.7,36.9,Frozen,Grading,150.1,24.01,60.1,34.6,8.4,33.5,16.91,0,1,HIGH
2285,78.4,321.4,81.7,22.8,Muddy,Demolition,218.8,35.6,129.8,191.6,46.7,76.7,21.47,1,1,LOW
2286,90.1,369.4,82.9,35.7,Frozen,Material Loading,162.1,25.08,67.8,301.6,73.6,125.2,9.98,1,1,LOW
2287,40.1,164.4,60.2,42.9,Wet,Earth Excavation,252.4,26.74,112.5,51.9,12.7,52.3,14.43,1,1,LOW
2288,8.8,36.1,64.9,23.2,Dry,Trenching,207.3,25.18,87.0,0.0,0.0,12.2,24.52,0,0,CRITICAL
2289,38.1,156.2,45.9,7.5,Frozen,Trenching,216.2,26.62,95.9,60.3,14.7,49.9,34.95,1,1,LOW
2290,76.9,315.3,71.1,17.5,Muddy,Earth Excavation,201.2,29.45,98.8,216.5,52.8,91.0,14.84,1,1,LOW
2291,97.6,400.2,50.1,6.3,Wet,Demolition,105.7,27.71,48.8,351.4,85.7,122.8,19.97,1,1,LOW
2292,43.4,177.9,96.4,32.8,Muddy,Material Loading,106.1,29.73,52.6,125.3,30.6,50.9,18.62,1,1,LOW
2293,29.2,119.7,48.8,32.8,Muddy,Demolition,272.4,30.05,136.4,0.0,0.0,33.9,42.15,0,0,CRITICAL
2294,79.9,327.6,93.7,5.9,Frozen,Material Loading,77.2,26.6,34.2,293.4,71.6,104.7,49.84,1,1,LOW
2295,81.2,332.9,57.2,43.1,Wet,Earth Excavation,72.7,27.19,32.9,300.0,73.2,104.1,31.04,1,1,LOW
2296,88.9,364.5,57.4,20.6,Muddy,Material Loading,27.6,23.59,10.9,353.6,86.2,131.3,43.27,1,1,LOW
2297,23.9,98.0,63.7,33.4,Dry,Demolition,80.3,27.61,37.0,61.0,14.9,30.2,9.04,1,1,MEDIUM
2298,57.3,234.9,61.2,13.0,Frozen,Demolition,221.4,30.45,112.4,122.5,29.9,65.6,11.29,1,1,LOW
2299,23.9,98.0,54.4,9.4,Muddy,Trenching,52.7,29.39,25.8,72.2,17.6,28.3,19.2,1,1,MEDIUM
2300,48.3,198.0,88.1,15.2,Dry,Demolition,274.3,30.92,141.4,56.6,13.8,54.4,48.01,1,1,LOW
2301,28.3,116.0,76.2,10.6,Muddy,Earth Excavation,40.6,29.76,20.1,95.9,23.4,33.1,30.5,1,1,LOW
2302,29.6,121.4,94.1,36.7,Frozen,Earth Excavation,134.0,32.08,71.6,49.8,12.1,32.2,3.87,1,1,LOW
2303,75.6,310.0,79.8,32.3,Dry,Trenching,281.4,26.47,124.1,185.9,45.3,99.5,46.18,1,1,LOW
2304,49.5,202.9,42.7,6.1,Wet,Earth Excavation,186.8,22.73,70.8,132.1,32.2,75.9,40.01,1,1,LOW
2305,21.7,89.0,56.0,7.2,Frozen,Demolition,238.7,28.91,115.0,0.0,0.0,26.2,24.3,0,1,HIGH
2306,58.4,239.4,54.8,12.4,Muddy,Trenching,89.2,28.55,42.4,197.0,48.0,71.3,28.1,1,1,LOW
2307,74.2,304.2,72.9,26.3,Muddy,Demolition,110.3,33.77,62.1,242.1,59.0,76.6,31.95,1,1,LOW
2308,75.0,307.5,69.1,13.3,Wet,Earth Excavation,217.9,26.78,97.3,210.2,51.3,97.6,33.3,1,1,LOW
2309,46.6,191.1,77.1,27.9,Frozen,Trenching,165.3,29.43,81.1,110.0,26.8,55.2,25.97,1,1,LOW
2310,46.2,189.4,65.3,44.4,Wet,Demolition,87.8,31.89,46.7,142.7,34.8,50.5,45.56,1,1,LOW
2311,86.1,353.0,50.6,22.0,Dry,Demolition,47.2,24.88,19.6,333.4,81.3,120.6,42.07,1,1,LOW
2312,15.5,63.5,95.2,27.0,Muddy,Demolition,263.3,37.51,164.6,0.0,0.0,14.4,1.22,0,1,HIGH
2313,37.0,151.7,71.0,7.9,Muddy,Material Loading,248.1,24.83,102.7,49.0,12.0,51.9,9.07,1,1,LOW
2314,48.7,199.7,44.1,12.1,Muddy,Earth Excavation,193.5,26.18,84.4,115.3,28.1,64.8,4.82,1,1,LOW
2315,81.6,334.6,44.6,40.5,Frozen,Demolition,32.2,28.76,15.4,319.2,77.9,98.9,47.54,1,1,LOW
2316,68.2,279.6,50.1,37.7,Dry,Demolition,293.9,26.1,127.8,151.8,37.0,91.1,49.63,1,1,LOW
2317,67.5,276.8,55.8,10.0,Dry,Earth Excavation,282.2,23.69,111.4,165.4,40.3,99.3,34.34,1,1,LOW
2318,98.5,403.9,86.9,17.4,Frozen,Material Loading,223.4,25.45,94.8,309.1,75.4,134.9,33.96,1,1,LOW
2319,53.7,220.2,42.5,25.0,Muddy,Material Loading,99.8,21.82,36.3,183.9,44.9,85.8,13.85,1,1,LOW
2320,45.8,187.8,64.7,11.4,Frozen,Demolition,82.7,31.32,43.2,144.6,35.3,51.0,20.6,1,1,LOW
2321,71.8,294.4,65.3,21.5,Muddy,Demolition,232.7,31.44,121.9,172.5,42.1,79.6,26.23,1,1,LOW
2322,96.2,394.4,95.5,33.2,Wet,Compaction,271.7,24.1,109.1,285.3,69.6,139.1,48.23,1,1,LOW
2323,99.7,408.8,80.8,28.7,Dry,Material Loading,114.2,22.37,42.6,366.2,89.3,155.3,40.31,1,1,LOW
2324,24.1,98.8,75.4,10.6,Dry,Material Loading,183.4,21.92,67.0,31.8,7.8,38.3,31.97,0,1,HIGH
2325,14.1,57.8,55.0,29.3,Wet,Demolition,238.2,28.82,114.4,0.0,0.0,17.0,37.41,0,0,CRITICAL
2326,15.6,64.0,91.7,25.0,Wet,Earth Excavation,169.8,30.12,85.2,0.0,0.0,18.1,33.93,0,0,CRITICAL
2327,5.9,24.2,76.1,6.6,Dry,Material Loading,250.9,22.4,93.7,0.0,0.0,9.2,49.94,0,0,CRITICAL
2328,6.9,28.3,68.6,16.1,Dry,Demolition,219.2,28.07,102.5,0.0,0.0,8.6,20.51,0,0,CRITICAL
2329,37.4,153.3,70.3,41.9,Muddy,Trenching,107.7,31.82,57.1,96.2,23.5,41.0,44.34,1,0,LOW
2330,35.2,144.3,42.2,21.8,Muddy,Grading,133.8,23.43,52.2,92.1,22.5,52.3,14.23,1,1,LOW
2331,66.0,270.6,91.7,31.0,Wet,Grading,248.7,27.21,112.8,157.8,38.5,84.5,8.67,1,1,LOW
2332,9.8,40.2,60.3,45.0,Wet,Trenching,260.7,29.43,127.9,0.0,0.0,11.6,4.75,0,1,HIGH
2333,38.4,157.4,51.7,19.9,Dry,Grading,157.3,20.37,53.4,104.0,25.4,65.7,42.29,1,1,LOW
2334,50.8,208.3,96.9,7.9,Dry,Trenching,136.7,29.53,67.3,141.0,34.4,60.0,29.34,1,1,LOW
2335,59.0,241.9,92.0,16.1,Frozen,Compaction,176.2,25.0,73.4,168.5,41.1,82.2,24.78,1,1,LOW
2336,33.9,139.0,62.5,35.5,Dry,Material Loading,63.1,20.49,21.5,117.5,28.7,57.7,38.11,1,1,LOW
2337,95.2,390.3,70.7,31.2,Wet,Material Loading,210.6,23.27,81.7,308.6,75.3,142.6,22.09,1,1,LOW
2338,98.7,404.7,81.8,29.3,Muddy,Material Loading,219.2,26.95,98.5,306.2,74.7,127.6,6.78,1,1,LOW
2339,16.8,68.9,47.3,5.9,Wet,Compaction,83.6,19.21,26.8,42.1,10.3,30.5,41.68,1,0,MEDIUM
2340,21.0,86.1,81.1,23.4,Wet,Demolition,155.6,31.87,82.6,3.5,0.9,23.0,19.25,0,1,HIGH
2341,90.8,372.3,53.1,38.1,Muddy,Trenching,200.2,29.59,98.7,273.6,66.7,106.9,22.83,1,1,LOW
2342,17.0,69.7,56.3,35.7,Wet,Compaction,77.4,20.22,26.1,43.6,10.6,29.3,24.07,1,1,MEDIUM
2343,73.0,299.3,86.0,40.7,Dry,Demolition,114.6,32.08,61.3,238.0,58.0,79.3,13.1,1,1,LOW
2344,18.9,77.5,43.4,17.6,Frozen,Compaction,214.4,20.44,73.0,4.5,1.1,32.2,49.36,0,0,CRITICAL
2345,31.2,127.9,61.9,36.3,Muddy,Trenching,285.4,29.66,141.1,0.0,0.0,36.7,25.87,0,1,HIGH
2346,83.6,342.8,67.8,34.7,Wet,Material Loading,247.1,23.31,96.0,246.8,60.2,125.0,41.28,1,1,LOW
2347,25.7,105.4,96.3,42.9,Wet,Grading,295.5,29.27,144.2,0.0,0.0,30.6,25.39,0,1,HIGH
2348,48.7,199.7,42.7,27.0,Frozen,Grading,50.7,22.42,18.9,180.8,44.1,75.7,13.15,1,1,LOW
2349,80.4,329.6,97.2,15.1,Wet,Demolition,68.2,35.67,40.5,289.1,70.5,78.5,6.98,1,1,LOW
2350,47.4,194.3,86.0,16.3,Frozen,Trenching,173.7,31.56,91.4,102.9,25.1,52.3,6.21,1,1,LOW
2351,20.8,85.3,58.6,35.6,Muddy,Earth Excavation,191.3,28.02,89.3,0.0,0.0,25.9,29.45,0,0,CRITICAL
2352,51.0,209.1,78.5,39.1,Wet,Earth Excavation,248.0,28.17,116.4,92.7,22.6,63.1,3.54,1,1,LOW
2353,53.6,219.8,51.5,8.6,Muddy,Earth Excavation,30.4,26.77,13.6,206.2,50.3,69.8,28.89,1,1,LOW
2354,81.8,335.4,92.1,16.7,Dry,Earth Excavation,134.7,27.3,61.3,274.1,66.9,104.4,44.14,1,1,LOW
2355,15.3,62.7,97.1,25.0,Frozen,Material Loading,270.2,26.5,119.3,0.0,0.0,20.1,46.41,0,0,CRITICAL
2356,34.1,139.8,68.0,13.8,Wet,Material Loading,84.2,23.08,32.4,107.4,26.2,51.5,31.3,1,1,LOW
2357,97.1,398.1,88.9,8.4,Muddy,Trenching,168.9,33.59,94.6,303.5,74.0,100.7,13.25,1,1,LOW
2358,76.7,314.5,60.8,7.6,Frozen,Grading,293.6,23.92,117.0,197.5,48.2,111.8,34.09,1,1,LOW
2359,53.9,221.0,92.3,7.2,Muddy,Grading,222.0,29.73,110.0,111.0,27.1,63.2,35.35,1,1,LOW
2360,91.2,373.9,58.7,7.1,Frozen,Earth Excavation,148.1,26.12,64.5,309.4,75.5,121.7,2.48,1,1,LOW
2361,87.3,357.9,40.8,37.4,Wet,Demolition,28.5,27.83,13.2,344.7,84.1,109.3,36.39,1,1,LOW
2362,80.7,330.9,69.3,40.4,Muddy,Compaction,101.9,24.96,42.4,288.5,70.4,112.7,11.6,1,1,LOW
2363,40.4,165.6,59.1,12.1,Wet,Demolition,217.4,29.48,106.8,58.8,14.3,47.7,16.9,1,1,LOW
2364,17.2,70.5,46.5,30.0,Dry,Earth Excavation,288.9,21.77,104.8,0.0,0.0,27.5,14.32,0,1,HIGH
2365,86.3,353.8,61.3,18.7,Wet,Earth Excavation,204.9,26.33,89.9,263.9,64.4,114.2,18.26,1,1,LOW
2366,64.9,266.1,91.0,29.9,Dry,Compaction,215.0,22.14,79.3,186.8,45.6,102.2,23.4,1,1,LOW
2367,68.0,278.8,40.4,32.9,Muddy,Trenching,171.7,25.95,74.3,204.5,49.9,91.3,6.01,1,1,LOW
2368,6.4,26.2,49.2,5.8,Muddy,Earth Excavation,176.6,26.84,79.0,0.0,0.0,8.3,20.31,0,0,CRITICAL
2369,81.8,335.4,48.5,21.7,Frozen,Material Loading,121.4,21.22,42.9,292.5,71.3,134.3,25.03,1,1,LOW
2370,65.9,270.2,60.7,33.2,Frozen,Trenching,253.9,27.91,118.1,152.1,37.1,82.3,48.24,1,1,LOW
2371,79.5,325.9,87.2,24.6,Frozen,Earth Excavation,240.1,30.47,121.9,204.0,49.8,90.9,20.67,1,1,LOW
2372,64.5,264.4,65.3,8.5,Muddy,Demolition,88.5,32.65,48.2,216.2,52.7,68.8,25.79,1,1,LOW
2373,15.9,65.2,82.9,30.9,Dry,Material Loading,167.9,22.86,64.0,1.2,0.3,24.2,47.76,0,0,CRITICAL
2374,15.6,64.0,61.4,25.7,Wet,Demolition,248.6,29.11,120.6,0.0,0.0,18.7,19.63,0,0,CRITICAL
2375,40.9,167.7,55.7,29.4,Muddy,Material Loading,194.3,23.18,75.1,92.6,22.6,61.5,20.78,1,1,LOW
2376,95.7,392.4,55.7,25.4,Frozen,Compaction,64.4,21.4,23.0,369.4,90.1,155.9,39.9,1,1,LOW
2377,19.2,78.7,90.4,22.1,Muddy,Trenching,74.7,34.11,42.5,36.2,8.8,19.6,39.38,0,0,CRITICAL
2378,40.9,167.7,44.6,9.0,Frozen,Grading,123.8,21.6,44.6,123.1,30.0,66.0,21.59,1,1,LOW
2379,49.2,201.7,77.3,26.6,Wet,Earth Excavation,157.6,27.91,73.3,128.4,31.3,61.4,23.3,1,1,LOW
2380,15.5,63.5,48.9,26.2,Frozen,Trenching,196.1,26.67,87.2,0.0,0.0,20.2,18.95,0,1,HIGH
2381,67.4,276.3,62.8,11.3,Muddy,Compaction,140.9,23.64,55.5,220.8,53.9,99.3,45.8,1,1,LOW
2382,88.3,362.0,87.3,9.2,Muddy,Grading,203.0,29.0,98.1,263.9,64.4,106.1,25.03,1,1,LOW
2383,94.7,388.3,80.6,43.6,Frozen,Demolition,248.8,35.4,146.8,241.5,58.9,93.2,36.42,1,1,LOW
2384,89.3,366.1,75.6,8.0,Frozen,Grading,48.8,26.1,21.2,344.9,84.1,119.2,47.49,1,1,LOW
2385,57.8,237.0,51.5,25.6,Wet,Material Loading,209.1,20.45,71.3,165.7,40.4,98.5,30.42,1,1,LOW
2386,54.9,225.1,66.8,39.1,Muddy,Demolition,232.6,34.19,132.5,92.6,22.6,56.0,16.32,1,1,LOW
2387,92.9,380.9,97.5,10.1,Frozen,Compaction,139.0,26.59,61.6,319.3,77.9,121.8,7.85,1,1,LOW
2388,93.7,384.2,97.0,10.8,Wet,Material Loading,270.8,26.6,120.1,264.1,64.4,122.8,33.92,1,1,LOW
2389,54.1,221.8,42.2,29.5,Dry,Demolition,20.8,24.54,8.5,213.3,52.0,76.8,8.42,1,1,LOW
2390,58.3,239.0,59.9,6.1,Muddy,Compaction,88.0,23.13,33.9,205.1,50.0,87.8,32.41,1,1,LOW
2391,45.9,188.2,74.2,32.8,Frozen,Grading,176.1,26.15,76.8,111.4,27.2,61.2,22.09,1,1,LOW
2392,51.6,211.6,66.2,22.6,Frozen,Trenching,223.0,28.86,107.3,104.3,25.4,62.3,7.08,1,1,LOW
2393,64.4,264.0,42.8,31.4,Dry,Material Loading,280.3,19.68,91.9,172.1,42.0,114.0,46.84,1,1,LOW
2394,58.9,241.5,93.3,31.0,Dry,Demolition,64.8,31.3,33.8,207.7,50.7,65.6,45.26,1,1,LOW
2395,33.8,138.6,97.9,32.5,Wet,Demolition,21.6,34.79,12.5,126.1,30.8,33.9,27.84,1,1,LOW
2396,6.3,25.8,84.2,31.1,Wet,Trenching,212.9,30.54,108.4,0.0,0.0,7.2,6.98,0,1,HIGH
2397,87.3,357.9,68.2,25.3,Dry,Material Loading,116.7,21.19,41.2,316.7,77.2,143.6,43.71,1,1,LOW
2398,43.3,177.5,57.4,31.3,Frozen,Compaction,66.0,20.99,23.1,154.4,37.7,71.9,13.11,1,1,LOW
2399,20.2,82.8,63.6,36.0,Muddy,Grading,34.9,26.19,15.2,67.6,16.5,26.9,31.44,1,0,MEDIUM
2400,42.4,173.8,54.2,35.6,Muddy,Earth Excavation,248.4,27.22,112.7,61.1,14.9,54.3,40.31,1,1,LOW
2401,13.5,55.4,46.2,39.9,Frozen,Material Loading,129.9,21.66,46.9,8.5,2.1,21.7,28.88,0,0,CRITICAL
2402,66.2,271.4,94.8,32.0,Dry,Material Loading,289.0,23.37,112.6,158.8,38.7,98.7,34.58,1,1,LOW
2403,68.7,281.7,43.5,17.3,Dry,Grading,80.4,20.95,28.1,253.6,61.9,114.3,2.39,1,1,LOW
2404,32.2,132.0,70.9,15.4,Muddy,Compaction,270.8,23.81,107.5,24.5,6.0,47.1,4.78,0,1,HIGH
2405,19.8,81.2,59.1,19.3,Muddy,Trenching,41.1,29.11,19.9,61.3,15.0,23.7,38.54,1,0,MEDIUM
2406,99.7,408.8,94.2,22.4,Dry,Earth Excavation,23.0,27.06,10.4,398.4,97.2,128.4,26.81,1,1,LOW
2407,30.5,125.0,51.5,22.6,Frozen,Demolition,146.5,28.24,69.0,56.0,13.7,37.6,36.27,1,1,LOW
2408,40.4,165.6,65.6,35.7,Frozen,Compaction,140.9,22.48,52.8,112.8,27.5,62.6,13.75,1,1,LOW
2409,5.1,20.9,46.6,11.6,Muddy,Compaction,249.0,22.3,92.5,0.0,0.0,8.0,36.98,0,0,CRITICAL
2410,99.5,407.9,95.8,15.8,Frozen,Earth Excavation,62.9,31.99,33.5,374.4,91.3,108.4,44.83,1,1,LOW
2411,37.3,152.9,70.8,29.5,Muddy,Grading,240.2,27.5,110.1,42.8,10.4,47.3,28.8,1,1,LOW
2412,13.0,53.3,89.8,28.6,Muddy,Trenching,293.8,34.23,167.6,0.0,0.0,13.2,47.02,0,0,CRITICAL
2413,91.6,375.6,62.2,14.1,Dry,Trenching,264.7,25.82,113.9,261.7,63.8,123.6,41.42,1,1,LOW
2414,85.6,351.0,76.7,10.7,Dry,Earth Excavation,152.6,25.92,65.9,285.1,69.5,115.1,38.51,1,1,LOW
2415,92.0,377.2,79.7,17.5,Wet,Demolition,187.6,32.04,100.2,277.0,67.6,100.1,36.79,1,1,LOW
2416,42.4,173.8,40.7,26.5,Frozen,Compaction,291.3,19.23,93.4,80.4,19.6,76.8,44.67,1,1,LOW
2417,98.1,402.2,48.7,6.6,Wet,Compaction,273.6,20.11,91.7,310.5,75.7,170.0,47.51,1,1,LOW
2418,24.5,100.5,48.9,7.4,Wet,Grading,156.4,22.17,57.8,42.7,10.4,38.5,5.91,1,1,MEDIUM
2419,58.9,241.5,81.9,21.6,Frozen,Trenching,206.4,30.97,106.5,135.0,32.9,66.3,34.37,1,1,LOW
2420,6.9,28.3,94.9,35.2,Muddy,Trenching,178.4,34.42,102.3,0.0,0.0,7.0,29.95,0,0,CRITICAL
2421,23.2,95.1,95.5,25.3,Wet,Trenching,243.3,31.44,127.5,0.0,0.0,25.7,23.79,0,1,HIGH
2422,33.3,136.5,43.4,11.6,Frozen,Demolition,194.6,27.63,89.6,46.9,11.4,42.0,41.64,1,1,LOW
2423,77.7,318.6,68.1,31.6,Muddy,Material Loading,193.8,25.2,81.4,237.2,57.9,107.5,2.26,1,1,LOW
2424,80.9,331.7,47.2,5.6,Dry,Demolition,94.3,25.83,40.6,291.1,71.0,109.2,29.33,1,1,LOW
2425,75.9,311.2,42.7,27.4,Dry,Grading,118.0,19.01,37.4,273.8,66.8,139.1,37.8,1,1,LOW
2426,19.0,77.9,48.4,34.4,Wet,Material Loading,242.7,20.45,82.7,0.0,0.0,32.4,7.48,0,1,HIGH
2427,71.3,292.3,97.7,8.8,Frozen,Demolition,127.9,35.96,76.7,215.6,52.6,69.1,1.33,1,1,LOW
2428,31.5,129.2,80.2,16.5,Muddy,Material Loading,76.2,26.09,33.1,96.1,23.4,42.1,41.49,1,1,LOW
2429,43.3,177.5,66.0,44.3,Frozen,Earth Excavation,246.4,29.27,120.2,57.3,14.0,51.5,28.58,1,1,LOW
2430,32.8,134.5,57.2,18.0,Muddy,Earth Excavation,67.6,28.27,31.9,102.6,25.0,40.4,49.73,1,0,LOW
2431,6.9,28.3,56.2,21.3,Muddy,Grading,39.2,24.24,15.8,12.5,3.0,9.9,39.63,0,0,CRITICAL
2432,25.3,103.7,86.3,19.5,Muddy,Material Loading,282.2,27.33,128.5,0.0,0.0,32.3,44.65,0,0,CRITICAL
2433,51.4,210.7,56.6,25.6,Muddy,Compaction,45.9,22.53,17.2,193.5,47.2,79.5,46.03,1,1,LOW
2434,14.2,58.2,90.4,34.7,Frozen,Trenching,166.0,32.59,90.2,0.0,0.0,15.2,43.08,0,0,CRITICAL
2435,31.7,130.0,77.7,39.4,Frozen,Demolition,39.8,32.89,21.8,108.2,26.4,33.6,25.43,1,1,LOW
2436,5.3,21.7,65.4,28.4,Frozen,Grading,225.2,24.57,92.2,0.0,0.0,7.5,3.74,0,1,HIGH
2437,31.9,130.8,87.8,21.8,Dry,Earth Excavation,289.9,26.55,128.3,2.5,0.6,41.9,39.14,0,1,HIGH
2438,30.7,125.9,74.2,44.5,Dry,Trenching,285.5,28.87,137.4,0.0,0.0,37.1,16.85,0,1,HIGH
2439,41.3,169.3,44.9,42.4,Dry,Earth Excavation,284.5,23.28,110.4,58.9,14.4,61.8,5.61,1,1,LOW
2440,92.5,379.2,78.2,12.6,Frozen,Grading,70.5,26.81,31.5,347.7,84.8,120.2,43.78,1,1,LOW
2441,55.3,226.7,43.7,32.8,Frozen,Demolition,252.7,28.13,118.5,108.2,26.4,68.5,18.9,1,1,LOW
2442,16.5,67.7,90.7,8.2,Muddy,Grading,122.8,29.38,60.1,7.6,1.9,19.6,49.79,0,0,CRITICAL
2443,57.1,234.1,93.2,43.8,Dry,Grading,242.9,27.15,109.9,124.2,30.3,73.3,31.92,1,1,LOW
2444,10.4,42.6,81.6,33.0,Muddy,Earth Excavation,84.4,30.74,43.2,0.0,0.0,11.8,36.74,0,0,CRITICAL
2445,70.6,289.5,81.6,19.1,Dry,Trenching,124.5,27.75,57.6,231.9,56.6,88.7,18.28,1,1,LOW
2446,75.7,310.4,90.0,6.2,Frozen,Compaction,108.0,25.67,46.2,264.2,64.4,102.8,42.01,1,1,LOW
2447,57.4,235.3,71.8,18.1,Muddy,Demolition,49.9,33.65,28.0,207.3,50.6,59.4,7.25,1,1,LOW
2448,53.9,221.0,55.3,17.2,Muddy,Earth Excavation,263.0,26.14,114.6,106.4,26.0,71.9,28.69,1,1,LOW
2449,42.4,173.8,92.6,40.5,Wet,Earth Excavation,203.1,30.66,103.8,70.0,17.1,48.2,8.07,1,1,LOW
2450,87.1,357.1,91.9,8.3,Wet,Demolition,224.0,33.31,124.4,232.7,56.8,91.1,38.9,1,1,LOW
2451,53.2,218.1,94.9,13.0,Wet,Grading,109.2,27.94,50.9,167.2,40.8,66.4,41.21,1,1,LOW
2452,46.2,189.4,84.9,17.5,Wet,Trenching,93.5,30.04,46.8,142.6,34.8,53.6,35.82,1,1,LOW
2453,43.3,177.5,71.6,42.6,Wet,Compaction,71.9,22.69,27.2,150.3,36.7,66.5,44.21,1,1,LOW
2454,75.8,310.8,70.0,7.8,Muddy,Compaction,165.1,23.93,65.8,245.0,59.8,110.4,15.83,1,1,LOW
2455,26.9,110.3,75.1,9.5,Dry,Grading,249.5,23.43,97.4,12.9,3.1,40.0,16.25,0,1,HIGH
2456,18.3,75.0,60.8,37.5,Muddy,Grading,263.0,25.13,110.2,0.0,0.0,25.4,49.72,0,0,CRITICAL
2457,71.0,291.1,67.1,24.7,Wet,Trenching,115.9,27.17,52.5,238.6,58.2,91.1,33.98,1,1,LOW
2458,35.3,144.7,46.9,28.1,Wet,Compaction,176.4,19.67,57.8,86.9,21.2,62.5,0.68,1,1,LOW
2459,79.0,323.9,83.1,5.4,Dry,Material Loading,142.4,22.52,53.4,270.5,66.0,122.3,32.79,1,1,LOW
2460,40.3,165.2,59.6,6.1,Dry,Earth Excavation,280.8,23.54,110.2,55.0,13.4,59.7,48.79,1,1,LOW
2461,90.6,371.5,50.1,27.5,Muddy,Compaction,120.5,21.65,43.5,328.0,80.0,145.9,26.68,1,1,LOW
2462,23.4,95.9,97.7,13.2,Muddy,Earth Excavation,284.4,33.51,158.8,0.0,0.0,24.3,21.74,0,1,HIGH
2463,31.2,127.9,41.5,15.6,Frozen,Material Loading,165.7,20.7,57.2,70.7,17.2,52.5,23.15,1,1,LOW
2464,91.6,375.6,58.4,43.4,Wet,Demolition,279.7,31.01,144.6,231.0,56.3,103.0,35.46,1,1,LOW
2465,23.5,96.3,92.7,25.3,Wet,Demolition,221.8,33.84,125.1,0.0,0.0,24.2,11.02,0,1,HIGH
2466,96.9,397.3,41.1,33.6,Frozen,Demolition,49.2,26.99,22.1,375.2,91.5,125.1,13.96,1,1,LOW
2467,85.2,349.3,69.4,7.4,Wet,Earth Excavation,125.3,27.45,57.3,292.0,71.2,108.2,16.47,1,1,LOW
2468,84.8,347.7,41.6,38.2,Dry,Demolition,196.4,24.76,81.0,266.7,65.0,119.4,31.45,1,1,LOW
2469,59.0,241.9,61.8,14.2,Dry,Grading,20.3,21.94,7.4,234.5,57.2,93.7,14.18,1,1,LOW
2470,48.2,197.6,48.4,5.1,Wet,Trenching,173.7,25.1,72.7,124.9,30.5,66.9,26.96,1,1,LOW
2471,63.3,259.5,97.9,28.4,Frozen,Grading,194.3,29.23,94.7,164.8,40.2,75.5,44.04,1,1,LOW
2472,8.9,36.5,51.9,9.6,Muddy,Compaction,32.8,21.72,11.9,24.6,6.0,14.3,45.18,0,0,CRITICAL
2473,62.2,255.0,56.0,23.8,Dry,Material Loading,229.7,19.52,74.7,180.3,44.0,111.0,25.08,1,1,LOW
2474,74.4,305.0,93.7,36.8,Muddy,Compaction,156.6,27.78,72.5,232.5,56.7,93.3,45.06,1,1,LOW
2475,93.4,382.9,86.6,11.0,Dry,Earth Excavation,227.4,26.15,99.1,283.8,69.2,124.5,34.45,1,1,LOW
2476,97.7,400.6,71.6,18.9,Muddy,Grading,28.0,26.96,12.6,388.0,94.6,126.3,29.17,1,1,LOW
2477,5.4,22.1,89.0,37.1,Wet,Earth Excavation,257.1,30.71,131.6,0.0,0.0,6.1,38.3,0,0,CRITICAL
2478,28.3,116.0,56.7,29.5,Dry,Trenching,111.1,23.94,44.3,71.7,17.5,41.2,46.58,1,0,LOW
2479,74.9,307.1,95.4,5.2,Muddy,Trenching,204.2,35.28,120.1,187.0,45.6,74.0,22.19,1,1,LOW
2480,79.2,324.7,42.7,26.8,Dry,Grading,198.1,19.44,64.2,260.5,63.5,142.0,16.12,1,1,LOW
2481,89.5,366.9,93.9,24.3,Dry,Earth Excavation,182.6,27.59,84.0,282.9,69.0,113.0,16.14,1,1,LOW
2482,21.1,86.5,50.4,18.2,Frozen,Trenching,254.2,26.91,114.0,0.0,0.0,27.3,25.02,0,1,HIGH
2483,18.9,77.5,90.8,7.2,Muddy,Trenching,194.0,33.32,107.7,0.0,0.0,19.8,35.26,0,0,CRITICAL
2484,44.0,180.4,60.1,16.5,Wet,Grading,117.6,23.11,45.3,135.1,33.0,66.4,16.74,1,1,LOW
2485,95.1,389.9,43.5,15.8,Wet,Demolition,225.9,26.4,99.4,290.5,70.9,125.5,29.12,1,1,LOW
2486,14.2,58.2,86.9,15.0,Frozen,Demolition,84.8,33.95,48.0,10.2,2.5,14.6,31.46,0,0,CRITICAL
2487,18.6,76.3,61.0,36.3,Wet,Trenching,289.6,27.06,130.6,0.0,0.0,24.0,15.13,0,1,HIGH
2488,63.8,261.6,67.3,31.2,Frozen,Compaction,193.3,23.64,76.2,185.4,45.2,94.1,28.22,1,1,LOW
2489,43.2,177.1,44.1,11.4,Dry,Grading,279.6,19.81,92.3,84.8,20.7,76.0,1.77,1,1,LOW
2490,28.9,118.5,72.6,35.0,Wet,Compaction,223.0,22.37,83.1,35.4,8.6,45.0,39.06,0,1,HIGH
2491,53.4,218.9,55.2,41.9,Wet,Compaction,50.1,21.97,18.3,200.6,48.9,84.7,12.54,1,1,LOW
2492,96.5,395.6,46.4,27.7,Muddy,Material Loading,201.0,21.63,72.5,323.1,78.8,155.5,32.61,1,1,LOW
2493,79.7,326.8,45.3,37.7,Wet,Trenching,185.1,26.05,80.4,246.4,60.1,106.6,17.69,1,1,LOW
2494,30.4,124.6,73.0,5.3,Wet,Material Loading,251.4,24.06,100.8,23.8,5.8,44.0,23.42,0,1,HIGH
2495,46.2,189.4,90.3,21.1,Frozen,Demolition,265.5,35.49,157.0,32.4,7.9,45.4,21.34,0,1,HIGH
2496,69.3,284.1,83.8,12.4,Muddy,Trenching,61.0,33.48,34.0,250.1,61.0,72.1,38.15,1,1,LOW
2497,23.0,94.3,71.1,35.6,Frozen,Demolition,70.0,31.64,36.9,57.4,14.0,25.3,15.56,1,1,MEDIUM
2498,64.4,264.0,47.9,12.7,Dry,Compaction,171.8,18.03,51.6,212.4,51.8,124.5,8.44,1,1,LOW
2499,17.8,73.0,61.0,21.0,Wet,Earth Excavation,36.8,25.76,15.8,57.2,14.0,24.1,44.14,1,0,MEDIUM
2500,5.2,21.3,77.2,8.7,Muddy,Compaction,266.3,25.57,113.5,0.0,0.0,7.1,31.02,0,0,CRITICAL
2501,40.3,165.2,54.5,25.0,Muddy,Earth Excavation,208.2,26.4,91.6,73.6,18.0,53.2,23.77,1,1,LOW
2502,60.9,249.7,86.1,28.6,Dry,Grading,257.4,25.46,109.2,140.5,34.3,83.4,1.03,1,1,LOW
2503,43.9,180.0,51.2,44.2,Frozen,Material Loading,113.9,22.11,42.0,138.0,33.7,69.2,8.87,1,1,LOW
2504,86.3,353.8,44.1,27.6,Dry,Earth Excavation,220.4,20.43,75.0,278.8,68.0,147.2,24.46,1,1,LOW
2505,57.9,237.4,92.8,18.6,Frozen,Earth Excavation,284.7,30.47,144.6,92.8,22.6,66.2,7.52,1,1,LOW
2506,56.7,232.5,53.8,12.1,Dry,Earth Excavation,39.6,23.12,15.3,217.2,53.0,85.5,25.65,1,1,LOW
2507,17.0,69.7,80.6,21.5,Wet,Earth Excavation,170.1,27.45,77.8,0.0,0.0,21.6,12.97,0,1,HIGH
2508,38.2,156.6,78.7,41.7,Muddy,Trenching,283.2,32.62,154.0,2.6,0.6,40.8,10.61,0,1,HIGH
2509,23.3,95.5,87.3,32.1,Dry,Demolition,218.8,30.49,111.2,0.0,0.0,26.6,20.93,0,1,HIGH
2510,96.0,393.6,85.9,27.3,Frozen,Compaction,70.1,25.38,29.7,363.9,88.8,131.8,45.07,1,1,LOW
2511,23.6,96.8,48.4,43.4,Dry,Demolition,229.6,26.89,102.9,0.0,0.0,30.6,47.48,0,0,CRITICAL
2512,89.3,366.1,49.4,12.3,Wet,Grading,113.1,22.06,41.6,324.5,79.1,141.1,21.91,1,1,LOW
2513,10.1,41.4,81.8,8.5,Wet,Demolition,76.5,32.91,42.0,0.0,0.0,10.7,36.88,0,0,CRITICAL
2514,41.6,170.6,55.5,7.3,Muddy,Material Loading,76.1,22.81,28.9,141.7,34.6,63.6,7.23,1,1,LOW
2515,25.2,103.3,52.9,18.6,Frozen,Material Loading,163.8,21.7,59.2,44.1,10.8,40.5,33.4,1,1,LOW
2516,50.8,208.3,62.8,15.6,Frozen,Compaction,108.9,21.42,38.9,169.4,41.3,82.7,42.55,1,1,LOW
2517,65.2,267.3,69.5,42.1,Wet,Material Loading,139.6,23.87,55.5,211.8,51.7,95.2,44.7,1,1,LOW
2518,47.7,195.6,55.2,14.8,Wet,Compaction,98.3,20.24,33.2,162.4,39.6,82.1,0.78,1,1,LOW
2519,97.9,401.4,72.5,24.6,Muddy,Demolition,118.5,34.38,67.9,333.5,81.3,99.2,39.85,1,1,LOW
2520,50.3,206.2,84.9,43.6,Wet,Trenching,24.9,32.05,13.3,192.9,47.0,54.7,41.16,1,1,LOW
2521,56.7,232.5,52.9,38.7,Wet,Compaction,286.9,20.41,97.6,134.9,32.9,96.8,24.02,1,1,LOW
2522,53.5,219.4,76.0,32.0,Frozen,Material Loading,177.6,25.57,75.7,143.7,35.0,72.9,11.55,1,1,LOW
2523,71.7,294.0,42.3,33.0,Muddy,Trenching,96.1,25.21,40.4,253.6,61.9,99.1,34.83,1,1,LOW
2524,96.4,395.2,97.5,23.3,Wet,Material Loading,42.1,26.51,18.6,376.6,91.9,126.7,39.02,1,1,LOW
2525,93.6,383.8,97.5,9.9,Muddy,Compaction,150.5,26.85,67.3,316.5,77.2,121.5,27.29,1,1,LOW
2526,73.7,302.2,49.7,40.4,Frozen,Material Loading,197.8,22.91,75.5,226.7,55.3,112.1,46.13,1,1,LOW
2527,56.4,231.2,63.4,23.5,Frozen,Material Loading,284.9,22.87,108.6,122.6,29.9,85.9,13.02,1,1,LOW
2528,78.9,323.5,61.1,40.5,Frozen,Trenching,28.8,29.04,13.9,309.6,75.5,94.7,31.62,1,1,LOW
2529,93.6,383.8,64.5,10.4,Wet,Trenching,130.1,27.13,58.8,325.0,79.3,120.2,29.37,1,1,LOW
2530,57.3,234.9,92.7,21.9,Muddy,Grading,84.1,29.66,41.6,193.3,47.1,67.3,40.17,1,1,LOW
2531,60.1,246.4,57.4,7.7,Wet,Trenching,79.4,26.23,34.7,211.7,51.6,79.8,44.69,1,1,LOW
2532,97.6,400.2,68.6,13.8,Wet,Material Loading,71.4,23.62,28.1,372.1,90.8,144.0,41.77,1,1,LOW
2533,88.0,360.8,42.7,17.0,Muddy,Earth Excavation,211.9,24.97,88.2,272.6,66.5,122.8,25.86,1,1,LOW
2534,39.8,163.2,42.4,35.5,Wet,Grading,251.7,20.13,84.4,78.8,19.2,68.9,21.59,1,1,LOW
2535,21.3,87.3,98.0,11.9,Frozen,Compaction,79.5,25.19,33.4,53.9,13.1,29.5,39.23,1,0,MEDIUM
2536,88.3,362.0,67.6,22.2,Muddy,Demolition,182.3,34.3,104.2,257.8,62.9,89.7,31.25,1,1,LOW
2537,47.4,194.3,61.4,31.6,Frozen,Trenching,133.6,27.42,61.1,133.2,32.5,60.2,42.51,1,1,LOW
2538,90.1,369.4,53.5,22.6,Dry,Grading,132.2,20.49,45.1,324.3,79.1,153.2,34.38,1,1,LOW
2539,54.3,222.6,48.0,30.2,Frozen,Compaction,25.6,19.79,8.4,214.2,52.2,95.6,23.12,1,1,LOW
2540,73.4,300.9,44.3,21.2,Muddy,Compaction,169.0,20.55,57.9,243.0,59.3,124.5,37.62,1,1,LOW
2541,92.4,378.8,44.5,8.6,Frozen,Grading,151.8,22.84,57.8,321.0,78.3,141.0,32.1,1,1,LOW
2542,26.5,108.7,83.4,16.7,Dry,Compaction,199.4,20.81,69.2,39.5,9.6,44.4,4.62,0,1,HIGH
2543,88.6,363.3,87.4,5.4,Dry,Grading,275.7,24.8,114.0,249.3,60.8,124.5,30.14,1,1,LOW
2544,23.5,96.3,79.7,35.9,Dry,Demolition,273.6,29.45,134.3,0.0,0.0,27.8,17.29,0,1,HIGH
2545,14.6,59.9,45.5,7.9,Muddy,Demolition,62.7,29.06,30.4,29.5,7.2,17.5,24.38,0,0,CRITICAL
2546,35.9,147.2,71.2,5.1,Muddy,Material Loading,154.2,25.76,66.2,81.0,19.8,48.6,40.26,1,1,LOW
2547,85.7,351.4,61.8,10.6,Wet,Material Loading,289.7,21.44,103.5,247.9,60.5,139.3,11.11,1,1,LOW
2548,94.7,388.3,95.1,11.0,Dry,Compaction,140.3,22.36,52.3,336.0,82.0,147.6,24.86,1,1,LOW
2549,78.4,321.4,40.3,30.1,Muddy,Grading,231.0,22.73,87.5,233.9,57.0,120.2,46.34,1,1,LOW
2550,74.6,305.9,54.7,44.7,Dry,Material Loading,136.9,21.24,48.5,257.4,62.8,122.4,25.34,1,1,LOW
2551,61.4,251.7,60.3,14.6,Dry,Demolition,279.8,26.34,122.8,128.9,31.4,81.2,25.06,1,1,LOW
2552,44.5,182.4,62.5,41.7,Dry,Grading,233.5,22.56,87.8,94.6,23.1,68.7,20.93,1,1,LOW
2553,12.9,52.9,96.1,14.1,Frozen,Material Loading,52.1,27.27,23.7,29.2,7.1,16.5,32.52,0,0,CRITICAL
2554,77.9,319.4,70.6,10.2,Dry,Earth Excavation,79.5,25.72,34.1,285.3,69.6,105.6,36.36,1,1,LOW
2555,37.4,153.3,71.1,14.6,Muddy,Demolition,290.3,32.94,159.4,0.0,0.0,39.6,37.77,0,1,HIGH
2556,46.5,190.7,97.4,14.2,Wet,Compaction,282.8,25.77,121.5,69.2,16.9,62.9,38.77,1,1,LOW
2557,53.1,217.7,93.9,20.8,Wet,Demolition,140.7,34.25,80.3,137.4,33.5,54.0,37.95,1,1,LOW
2558,57.3,234.9,58.0,7.0,Dry,Compaction,194.2,19.1,61.8,173.1,42.2,104.5,13.52,1,1,LOW
2559,92.4,378.8,91.5,29.1,Muddy,Demolition,264.9,36.15,159.6,219.2,53.5,89.1,5.66,1,1,LOW
2560,57.1,234.1,93.4,35.4,Muddy,Grading,111.5,30.03,55.8,178.3,43.5,66.3,1.84,1,1,LOW
2561,70.2,287.8,90.1,5.1,Frozen,Trenching,208.5,31.99,111.2,176.6,43.1,76.5,14.54,1,1,LOW
2562,12.8,52.5,77.0,28.8,Wet,Demolition,108.2,31.01,55.9,0.0,0.0,14.4,7.27,0,1,HIGH
2563,98.9,405.5,60.9,39.6,Muddy,Compaction,275.2,24.5,112.4,293.1,71.5,140.7,21.51,1,1,LOW
2564,16.2,66.4,84.3,39.5,Dry,Material Loading,36.7,24.4,14.9,51.5,12.6,23.1,3.8,1,1,MEDIUM
2565,92.3,378.4,63.2,31.0,Frozen,Grading,269.1,25.01,112.2,266.2,64.9,128.6,41.7,1,1,LOW
2566,69.4,284.5,89.2,42.2,Muddy,Grading,69.3,31.11,35.9,248.6,60.6,77.7,28.13,1,1,LOW
2567,30.9,126.7,96.4,14.2,Frozen,Demolition,139.1,35.95,83.3,43.4,10.6,30.0,0.53,1,1,LOW
2568,64.7,265.3,90.4,26.6,Frozen,Earth Excavation,279.5,30.69,143.0,122.3,29.8,73.5,28.49,1,1,LOW
2569,90.4,370.6,47.0,8.9,Frozen,Grading,195.0,22.93,74.5,296.1,72.2,137.4,25.79,1,1,LOW
2570,30.0,123.0,97.4,5.8,Muddy,Earth Excavation,72.0,33.71,40.5,82.5,20.1,31.0,4.44,1,1,LOW
2571,87.2,357.5,87.6,34.8,Frozen,Earth Excavation,262.4,31.02,135.7,221.8,54.1,98.0,20.13,1,1,LOW
2572,74.1,303.8,50.3,25.6,Frozen,Demolition,93.7,28.74,44.9,258.9,63.1,89.9,35.89,1,1,LOW
2573,39.3,161.1,62.5,23.1,Dry,Compaction,143.0,19.97,47.6,113.5,27.7,68.6,24.57,1,1,LOW
2574,98.9,405.5,91.8,29.0,Frozen,Demolition,212.4,34.84,123.3,282.2,68.8,98.9,47.98,1,1,LOW
2575,26.4,108.2,91.3,21.8,Frozen,Material Loading,231.2,26.02,100.3,7.9,1.9,35.3,31.7,0,1,HIGH
2576,42.8,175.5,63.7,10.1,Muddy,Trenching,170.5,29.78,84.6,90.9,22.2,50.1,39.2,1,1,LOW
2577,41.4,169.7,77.7,11.3,Wet,Material Loading,78.3,24.75,32.3,137.4,33.5,58.3,32.76,1,1,LOW
2578,47.5,194.8,74.6,38.3,Muddy,Compaction,284.0,25.77,122.0,72.8,17.8,64.3,34.15,1,1,LOW
2579,27.0,110.7,43.3,16.1,Dry,Earth Excavation,123.4,21.18,43.6,67.1,16.4,44.4,35.28,1,1,LOW
2580,35.2,144.3,69.5,13.7,Frozen,Grading,162.8,25.16,68.3,76.0,18.5,48.8,15.41,1,1,LOW
2581,98.1,402.2,71.2,27.5,Dry,Earth Excavation,70.9,25.62,30.3,371.9,90.7,133.4,18.15,1,1,LOW
2582,21.6,88.6,57.6,44.6,Muddy,Material Loading,109.2,24.95,45.4,43.2,10.5,30.2,31.9,1,0,MEDIUM
2583,96.0,393.6,44.8,36.6,Wet,Trenching,245.9,25.9,106.1,287.5,70.1,129.2,42.46,1,1,LOW
2584,87.3,357.9,81.7,10.7,Muddy,Earth Excavation,115.4,30.59,58.8,299.1,73.0,99.4,25.01,1,1,LOW
2585,75.5,309.6,81.9,43.9,Wet,Material Loading,240.0,26.66,106.6,203.0,49.5,98.7,37.19,1,1,LOW
2586,78.5,321.9,56.4,5.6,Muddy,Demolition,220.5,30.75,113.0,208.9,51.0,89.0,40.72,1,1,LOW
2587,74.9,307.1,83.6,42.2,Frozen,Demolition,126.2,35.97,75.7,231.4,56.4,72.6,2.03,1,1,LOW
2588,47.4,194.3,88.4,38.9,Dry,Material Loading,104.5,24.35,42.4,151.9,37.0,67.8,25.58,1,1,LOW
2589,65.5,268.6,48.1,19.5,Dry,Grading,170.7,19.79,56.3,212.3,51.8,115.4,41.62,1,1,LOW
2590,14.5,59.4,53.0,20.7,Wet,Trenching,134.3,25.3,56.6,2.8,0.7,20.0,2.52,0,1,HIGH
2591,84.6,346.9,45.9,38.0,Muddy,Trenching,106.6,27.57,49.0,297.9,72.7,107.0,5.49,1,1,LOW
2592,38.8,159.1,88.5,41.8,Wet,Earth Excavation,28.7,30.75,14.7,144.4,35.2,44.0,8.36,1,1,LOW
2593,24.5,100.5,53.4,40.6,Dry,Demolition,207.7,27.1,93.8,6.7,1.6,31.5,8.62,0,1,HIGH
2594,27.4,112.3,79.0,36.2,Muddy,Earth Excavation,271.4,31.19,141.1,0.0,0.0,30.6,23.41,0,1,HIGH
2595,9.9,40.6,60.9,5.6,Dry,Compaction,42.2,19.61,13.8,26.8,6.5,17.6,17.25,0,1,HIGH
2596,76.2,312.4,77.1,32.8,Wet,Grading,199.6,25.4,84.5,227.9,55.6,104.5,17.81,1,1,LOW
2597,47.0,192.7,42.6,23.8,Frozen,Material Loading,70.0,20.52,23.9,168.8,41.2,79.8,39.32,1,1,LOW
2598,58.2,238.6,93.7,16.5,Muddy,Trenching,71.4,33.65,40.0,198.6,48.4,60.3,27.45,1,1,LOW
2599,87.5,358.8,57.6,24.6,Wet,Grading,106.1,23.15,40.9,317.9,77.5,131.7,37.05,1,1,LOW
2600,77.3,316.9,75.1,23.4,Wet,Material Loading,220.6,23.4,86.0,230.9,56.3,115.1,19.16,1,1,LOW
2601,20.5,84.0,79.4,8.1,Wet,Demolition,60.2,32.64,32.7,51.3,12.5,21.9,19.46,1,1,MEDIUM
2602,32.6,133.7,58.7,33.7,Frozen,Trenching,93.9,27.05,42.3,91.4,22.3,42.0,5.51,1,1,LOW
2603,94.4,387.0,62.0,36.1,Dry,Material Loading,145.9,20.9,50.8,336.2,82.0,157.4,41.29,1,1,LOW
2604,87.2,357.5,68.1,19.0,Dry,Demolition,115.2,27.74,53.3,304.2,74.2,109.5,48.9,1,1,LOW
2605,30.5,125.0,59.8,37.5,Dry,Trenching,224.9,24.73,92.7,32.3,7.9,43.0,6.89,0,1,HIGH
2606,52.5,215.2,83.3,34.6,Dry,Grading,96.2,23.14,37.1,178.1,43.4,79.0,21.06,1,1,LOW
2607,31.3,128.3,58.7,29.0,Dry,Trenching,31.9,24.77,13.2,115.1,28.1,44.0,34.78,1,1,LOW
2608,97.2,398.5,60.3,5.3,Dry,Demolition,187.9,26.67,83.5,315.0,76.8,127.0,40.96,1,1,LOW
2609,38.6,158.3,78.0,21.2,Wet,Grading,97.8,24.78,40.4,117.9,28.8,54.3,16.97,1,1,LOW
2610,79.2,324.7,60.2,44.0,Wet,Trenching,153.0,28.93,73.8,250.9,61.2,95.4,15.62,1,1,LOW
2611,81.8,335.4,68.2,19.7,Dry,Compaction,73.6,19.89,24.4,311.0,75.9,143.3,30.17,1,1,LOW
2612,30.6,125.5,78.0,34.4,Muddy,Earth Excavation,110.7,30.14,55.6,69.9,17.0,35.4,20.61,1,1,LOW
2613,58.9,241.5,66.1,17.8,Wet,Earth Excavation,25.7,25.17,10.8,230.7,56.3,81.6,12.4,1,1,LOW
2614,16.4,67.2,75.0,29.2,Frozen,Earth Excavation,186.3,28.47,88.4,0.0,0.0,20.1,7.72,0,1,HIGH
2615,99.0,405.9,70.3,6.4,Wet,Material Loading,207.9,23.64,81.9,324.0,79.0,145.9,11.62,1,1,LOW
2616,45.4,186.1,41.2,26.6,Wet,Compaction,147.7,19.01,46.8,139.3,34.0,83.2,46.44,1,1,LOW
2617,18.2,74.6,44.6,17.5,Dry,Grading,188.4,19.36,60.8,13.8,3.4,32.8,13.95,0,1,HIGH
2618,34.2,140.2,86.6,38.3,Dry,Earth Excavation,85.1,28.06,39.8,100.4,24.5,42.5,11.15,1,1,LOW
2619,38.4,157.4,88.5,24.1,Frozen,Material Loading,273.0,25.35,115.3,42.1,10.3,52.8,22.32,1,1,LOW
2620,45.3,185.7,45.9,7.1,Frozen,Trenching,222.2,25.38,94.0,91.7,22.4,62.2,19.0,1,1,LOW
2621,14.7,60.3,76.1,37.1,Wet,Grading,295.7,25.68,126.6,0.0,0.0,20.0,1.31,0,1,HIGH
2622,52.5,215.2,55.5,32.5,Wet,Compaction,48.7,20.03,16.3,198.9,48.5,91.3,45.91,1,1,LOW
2623,70.4,288.6,62.3,31.7,Dry,Earth Excavation,282.4,23.99,112.9,175.7,42.9,102.3,46.9,1,1,LOW
2624,53.4,218.9,76.8,28.2,Wet,Grading,185.0,24.51,75.6,143.3,35.0,75.9,43.0,1,1,LOW
2625,23.6,96.8,93.0,13.6,Muddy,Earth Excavation,299.2,32.27,160.9,0.0,0.0,25.5,11.06,0,1,HIGH
2626,58.4,239.4,88.0,7.4,Dry,Material Loading,39.2,22.75,14.9,224.5,54.8,89.4,21.72,1,1,LOW
2627,18.0,73.8,94.0,30.4,Muddy,Demolition,273.7,38.01,173.4,0.0,0.0,16.5,46.54,0,0,CRITICAL
2628,34.2,140.2,88.1,25.8,Dry,Trenching,128.0,27.7,59.1,81.1,19.8,43.0,15.41,1,1,LOW
2629,79.2,324.7,68.1,15.7,Wet,Earth Excavation,259.6,25.93,112.2,212.5,51.8,106.4,21.16,1,1,LOW
2630,77.6,318.2,89.3,25.4,Wet,Grading,87.0,27.1,39.3,278.9,68.0,99.8,46.79,1,1,LOW
2631,73.4,300.9,46.6,30.5,Wet,Material Loading,146.0,20.3,49.4,251.5,61.3,126.0,34.27,1,1,LOW
2632,38.2,156.6,90.6,13.8,Frozen,Grading,62.4,27.78,28.9,127.7,31.1,47.9,14.82,1,1,LOW
2633,6.1,25.0,93.1,18.1,Dry,Compaction,45.7,22.42,17.1,7.9,1.9,9.5,32.24,0,0,CRITICAL
2634,57.7,236.6,61.0,36.7,Muddy,Compaction,53.0,23.34,20.6,216.0,52.7,86.2,33.45,1,1,LOW
2635,76.4,313.2,58.3,21.1,Muddy,Demolition,180.6,31.95,96.2,217.0,52.9,83.3,25.67,1,1,LOW
2636,26.8,109.9,63.1,35.4,Wet,Compaction,290.7,21.46,104.0,5.9,1.4,43.5,32.89,0,1,HIGH
2637,42.8,175.5,45.2,41.9,Muddy,Earth Excavation,172.8,27.22,78.4,97.1,23.7,54.8,20.37,1,1,LOW
2638,32.8,134.5,76.7,6.3,Dry,Demolition,274.5,30.31,138.7,0.0,0.0,37.7,4.69,0,1,HIGH
2639,36.2,148.4,43.9,17.2,Frozen,Compaction,206.4,18.99,65.3,83.1,20.3,66.4,12.31,1,1,LOW
2640,72.2,296.0,83.1,26.6,Dry,Compaction,199.6,21.97,73.1,222.9,54.4,114.5,6.71,1,1,LOW
2641,35.8,146.8,80.9,32.0,Dry,Material Loading,65.3,23.01,25.0,121.8,29.7,54.2,34.9,1,1,LOW
2642,84.6,346.9,76.3,14.1,Dry,Trenching,231.3,27.45,105.8,241.1,58.8,107.4,20.84,1,1,LOW
2643,34.4,141.0,40.4,29.1,Frozen,Grading,195.7,21.97,71.7,69.3,16.9,54.6,13.78,1,1,LOW
2644,51.3,210.3,84.2,29.4,Wet,Material Loading,210.3,24.69,86.5,123.8,30.2,72.4,28.96,1,1,LOW
2645,66.6,273.1,45.0,41.4,Wet,Material Loading,82.9,20.83,28.8,244.3,59.6,111.4,38.7,1,1,LOW
2646,99.6,408.4,64.4,16.9,Dry,Earth Excavation,31.7,24.18,12.8,395.6,96.5,143.6,5.21,1,1,LOW
2647,36.1,148.0,58.0,22.2,Frozen,Trenching,37.6,27.53,17.3,130.7,31.9,45.7,4.02,1,1,LOW
2648,35.1,143.9,48.6,19.6,Wet,Demolition,93.2,27.22,42.3,101.6,24.8,44.9,8.84,1,1,LOW
2649,51.6,211.6,42.7,36.5,Muddy,Compaction,293.6,20.7,101.3,110.3,26.9,86.9,46.95,1,1,LOW
2650,70.2,287.8,63.8,40.5,Dry,Grading,111.2,22.09,40.9,246.9,60.2,110.7,0.97,1,1,LOW
2651,54.9,225.1,87.1,12.5,Muddy,Compaction,24.3,25.86,10.5,214.6,52.3,74.0,29.57,1,1,LOW
2652,36.5,149.7,65.1,13.9,Wet,Trenching,245.4,27.69,113.3,36.4,8.9,46.0,11.77,0,1,HIGH
2653,72.6,297.7,41.9,40.2,Muddy,Compaction,242.9,21.94,88.8,208.9,51.0,115.3,40.55,1,1,LOW
2654,99.4,407.5,50.4,7.9,Frozen,Compaction,102.3,20.68,35.3,372.2,90.8,167.5,30.61,1,1,LOW
2655,36.7,150.5,91.8,10.7,Dry,Trenching,207.0,28.35,97.8,52.7,12.9,45.1,39.24,1,1,LOW
2656,27.0,110.7,91.2,29.4,Muddy,Compaction,39.2,26.3,17.2,93.5,22.8,35.8,18.17,1,1,LOW
2657,59.8,245.2,45.7,26.5,Dry,Grading,121.2,20.01,40.4,204.8,50.0,104.2,25.29,1,1,LOW
2658,87.7,359.6,74.8,27.1,Frozen,Demolition,206.2,32.24,110.8,248.8,60.7,94.8,14.35,1,1,LOW
2659,96.4,395.2,41.4,30.1,Frozen,Earth Excavation,248.6,24.3,100.7,294.5,71.8,138.2,32.21,1,1,LOW
2660,68.6,281.3,41.0,25.4,Muddy,Demolition,85.0,27.86,39.5,241.8,59.0,85.8,4.6,1,1,LOW
2661,52.7,216.1,42.8,16.2,Muddy,Trenching,207.0,26.91,92.8,123.3,30.1,68.3,23.84,1,1,LOW
2662,81.6,334.6,56.1,31.9,Muddy,Material Loading,137.1,23.7,54.2,280.4,68.4,120.0,28.02,1,1,LOW
2663,94.8,388.7,55.6,9.1,Muddy,Material Loading,173.1,23.59,68.1,320.6,78.2,140.1,11.79,1,1,LOW
2664,80.9,331.7,68.6,23.0,Dry,Earth Excavation,170.3,24.76,70.3,261.4,63.8,113.9,29.99,1,1,LOW
2665,52.6,215.7,49.1,12.2,Wet,Earth Excavation,282.8,24.33,114.7,101.0,24.6,75.4,39.77,1,1,LOW
2666,84.8,347.7,45.5,33.1,Muddy,Compaction,83.0,20.83,28.8,318.9,77.8,141.9,24.79,1,1,LOW
2667,90.2,369.8,46.4,40.7,Frozen,Demolition,278.6,29.9,138.8,231.0,56.3,105.1,0.74,1,1,LOW
2668,70.7,289.9,58.7,7.4,Muddy,Compaction,28.0,22.24,10.4,279.5,68.2,110.8,22.58,1,1,LOW
2669,46.8,191.9,92.9,21.4,Muddy,Material Loading,50.1,27.47,22.9,169.0,41.2,59.4,18.23,1,1,LOW
2670,85.4,350.1,93.4,5.9,Frozen,Earth Excavation,200.1,31.13,103.8,246.3,60.1,95.6,24.49,1,1,LOW
2671,29.7,121.8,53.0,26.0,Muddy,Earth Excavation,226.9,27.29,103.2,18.6,4.5,37.9,15.37,0,1,HIGH
2672,55.1,225.9,52.3,40.3,Frozen,Compaction,263.7,22.04,96.9,129.0,31.5,87.1,24.03,1,1,LOW
2673,27.5,112.8,71.6,28.7,Dry,Material Loading,60.7,21.51,21.8,91.0,22.2,44.6,14.02,1,1,LOW
2674,35.3,144.7,73.7,43.2,Muddy,Trenching,35.5,33.51,19.8,124.9,30.5,36.7,15.17,1,1,LOW
2675,71.1,291.5,40.3,44.2,Muddy,Demolition,157.4,30.54,80.1,211.4,51.6,81.1,46.09,1,1,LOW
2676,99.4,407.5,56.1,44.9,Frozen,Trenching,119.0,28.36,56.2,351.3,85.7,122.1,46.8,1,1,LOW
2677,24.9,102.1,43.5,11.0,Frozen,Material Loading,137.9,21.08,48.4,53.7,13.1,41.2,27.35,1,1,MEDIUM
2678,6.3,25.8,88.8,28.1,Wet,Compaction,232.0,24.52,94.8,0.0,0.0,8.9,45.21,0,0,CRITICAL
2679,59.3,243.1,92.7,33.8,Dry,Earth Excavation,191.9,27.72,88.7,154.4,37.7,74.5,40.09,1,1,LOW
2680,65.1,266.9,88.7,26.0,Frozen,Trenching,173.9,31.56,91.5,175.4,42.8,71.9,29.61,1,1,LOW
2681,69.6,285.4,65.1,40.1,Muddy,Compaction,245.3,23.84,97.5,187.9,45.8,101.8,26.54,1,1,LOW
2682,73.8,302.6,44.0,25.7,Wet,Earth Excavation,168.0,23.67,66.3,236.3,57.6,108.7,34.45,1,1,LOW
2683,44.6,182.9,47.1,17.1,Wet,Material Loading,261.8,21.15,92.3,90.6,22.1,73.5,44.95,1,1,LOW
2684,14.5,59.4,57.2,23.5,Dry,Grading,216.8,20.16,72.8,0.0,0.0,25.0,39.41,0,0,CRITICAL
2685,57.9,237.4,95.7,14.6,Muddy,Compaction,219.3,27.43,100.3,137.1,33.4,73.6,7.43,1,1,LOW
2686,86.3,353.8,85.2,10.1,Wet,Earth Excavation,211.3,29.05,102.3,251.5,61.3,103.5,5.81,1,1,LOW
2687,43.0,176.3,40.3,33.9,Frozen,Grading,41.9,21.96,15.3,161.0,39.3,68.2,27.41,1,1,LOW
2688,11.7,48.0,68.2,25.0,Dry,Material Loading,194.1,20.64,66.8,0.0,0.0,19.8,19.67,0,1,HIGH
2689,38.2,156.6,81.5,28.2,Muddy,Earth Excavation,212.2,30.55,108.0,48.6,11.9,43.6,39.3,1,1,LOW
2690,62.9,257.9,85.8,9.6,Dry,Demolition,136.1,30.6,69.4,188.5,46.0,71.6,37.02,1,1,LOW
2691,99.0,405.9,73.9,33.2,Muddy,Trenching,101.2,31.14,52.5,353.4,86.2,110.8,42.61,1,1,LOW
2692,83.1,340.7,42.9,13.7,Wet,Trenching,167.6,23.84,66.6,274.1,66.9,121.5,4.49,1,1,LOW
2693,98.7,404.7,86.1,35.4,Wet,Earth Excavation,122.1,29.11,59.2,345.5,84.3,118.2,34.19,1,1,LOW
2694,46.2,189.4,93.9,8.3,Wet,Demolition,74.5,34.41,42.7,146.7,35.8,46.8,9.86,1,1,LOW
2695,93.5,383.4,75.0,35.0,Dry,Material Loading,264.5,21.49,94.7,288.7,70.4,151.6,29.31,1,1,LOW
2696,76.5,313.6,84.9,32.3,Frozen,Earth Excavation,262.7,28.58,125.1,188.5,46.0,93.3,13.41,1,1,LOW
2697,41.6,170.6,47.0,17.6,Wet,Grading,129.6,21.03,45.4,125.2,30.5,69.0,41.52,1,1,LOW
2698,25.3,103.7,71.3,36.5,Dry,Demolition,130.6,28.55,62.1,41.6,10.1,30.9,46.26,1,0,LOW
2699,69.3,284.1,85.4,22.0,Dry,Earth Excavation,212.4,27.0,95.6,188.5,46.0,89.4,17.46,1,1,LOW
2700,19.9,81.6,84.6,12.5,Muddy,Material Loading,291.7,27.38,133.1,0.0,0.0,25.3,38.06,0,0,CRITICAL
2701,55.2,226.3,49.7,22.9,Muddy,Earth Excavation,43.4,26.15,18.9,207.4,50.6,73.6,5.9,1,1,LOW
2702,23.4,95.9,48.7,39.7,Frozen,Earth Excavation,217.6,25.18,91.3,4.6,1.1,32.4,21.14,0,1,HIGH
2703,7.2,29.5,40.0,37.7,Frozen,Material Loading,40.0,20.87,13.9,15.6,3.8,12.0,17.5,0,0,CRITICAL
2704,17.9,73.4,71.7,26.2,Wet,Grading,246.9,24.52,100.9,0.0,0.0,25.4,20.93,0,1,HIGH
2705,50.1,205.4,66.5,31.2,Wet,Grading,23.2,24.63,9.5,195.9,47.8,70.9,49.13,1,1,LOW
2706,31.7,130.0,72.4,35.8,Muddy,Demolition,184.1,33.6,103.1,26.9,6.6,32.9,1.44,0,1,HIGH
2707,13.8,56.6,78.9,28.5,Wet,Grading,73.0,26.54,32.3,24.3,5.9,18.1,24.93,0,0,CRITICAL
2708,33.5,137.3,50.5,13.9,Dry,Demolition,150.1,25.44,63.6,73.7,18.0,45.9,33.22,1,1,LOW
2709,84.2,345.2,69.5,8.7,Frozen,Trenching,23.7,29.2,11.5,333.7,81.4,100.5,41.66,1,1,LOW
2710,77.1,316.1,81.5,38.0,Dry,Demolition,203.0,31.09,105.2,210.9,51.4,86.4,12.99,1,1,LOW
2711,61.0,250.1,84.7,27.5,Wet,Trenching,221.5,29.85,110.2,139.9,34.1,71.2,22.67,1,1,LOW
2712,84.9,348.1,73.4,16.3,Dry,Trenching,180.1,26.31,79.0,269.1,65.6,112.5,21.43,1,1,LOW
2713,63.0,258.3,80.0,5.0,Frozen,Grading,181.6,27.1,82.0,176.3,43.0,81.0,16.94,1,1,LOW
2714,35.2,144.3,65.8,37.5,Dry,Material Loading,298.2,21.78,108.2,36.1,8.8,56.3,19.12,0,1,HIGH
2715,57.2,234.5,84.2,40.5,Frozen,Grading,158.5,27.88,73.6,160.9,39.2,71.5,47.16,1,1,LOW
2716,99.7,408.8,49.1,5.1,Muddy,Material Loading,225.3,23.41,87.9,320.9,78.3,148.4,4.11,1,1,LOW
2717,60.2,246.8,52.3,34.2,Wet,Trenching,255.4,24.59,104.7,142.1,34.7,85.3,17.74,1,1,LOW
2718,56.7,232.5,57.2,22.6,Frozen,Demolition,173.5,29.09,84.1,148.4,36.2,67.9,3.25,1,1,LOW
2719,22.3,91.4,68.2,23.7,Dry,Material Loading,28.7,21.15,10.1,81.3,19.8,36.7,13.98,1,1,MEDIUM
2720,44.4,182.0,76.0,31.2,Muddy,Earth Excavation,53.3,30.39,27.0,155.0,37.8,50.9,33.24,1,1,LOW
2721,84.2,345.2,51.9,9.8,Dry,Material Loading,198.4,19.17,63.4,281.8,68.7,153.1,24.56,1,1,LOW
2722,11.8,48.4,79.3,16.9,Wet,Compaction,102.6,23.35,39.9,8.5,2.1,17.6,16.08,0,1,HIGH
2723,98.5,403.9,40.9,10.1,Dry,Demolition,58.7,24.07,23.5,380.4,92.8,142.6,14.39,1,1,LOW
2724,71.2,291.9,63.8,38.6,Frozen,Compaction,168.7,22.9,64.4,227.5,55.5,108.3,12.83,1,1,LOW
2725,87.3,357.9,88.5,7.1,Frozen,Compaction,217.1,24.89,90.1,267.8,65.3,122.2,47.18,1,1,LOW
2726,79.7,326.8,80.0,40.1,Wet,Compaction,258.7,24.21,104.4,222.4,54.2,114.7,18.3,1,1,LOW
2727,39.5,162.0,87.3,10.3,Muddy,Grading,296.5,29.27,144.6,17.4,4.2,47.0,44.8,0,1,HIGH
2728,80.3,329.2,46.8,25.0,Wet,Grading,239.2,22.17,88.4,240.8,58.7,126.2,14.49,1,1,LOW
2729,85.0,348.5,67.9,38.9,Muddy,Grading,239.2,27.22,108.5,240.0,58.5,108.8,36.18,1,1,LOW
2730,34.4,141.0,92.2,14.2,Dry,Compaction,60.6,21.81,22.0,119.0,29.0,55.0,37.88,1,1,LOW
2731,61.4,251.7,72.7,13.1,Wet,Material Loading,266.2,23.81,105.6,146.1,35.6,89.9,34.19,1,1,LOW
2732,79.5,325.9,77.3,27.5,Dry,Demolition,167.6,29.89,83.5,242.4,59.1,92.7,20.43,1,1,LOW
2733,94.3,386.6,67.8,10.5,Frozen,Grading,227.4,26.08,98.8,287.8,70.2,126.0,18.99,1,1,LOW
2734,55.4,227.1,57.5,30.2,Frozen,Material Loading,240.3,22.82,91.4,135.7,33.1,84.6,0.65,1,1,LOW
2735,34.1,139.8,95.7,35.4,Dry,Trenching,294.1,29.55,144.8,0.0,0.0,40.2,25.23,0,1,HIGH
2736,91.4,374.7,93.3,32.9,Muddy,Demolition,112.1,37.42,69.9,304.8,74.3,85.1,12.0,1,1,LOW
2737,37.9,155.4,75.0,17.2,Wet,Grading,33.5,24.44,13.6,141.8,34.6,54.0,18.03,1,1,LOW
2738,14.9,61.1,81.5,35.5,Frozen,Grading,268.1,27.07,121.0,0.0,0.0,19.2,47.75,0,0,CRITICAL
2739,69.5,284.9,53.8,21.3,Muddy,Grading,219.4,24.21,88.5,196.4,47.9,100.0,42.09,1,1,LOW
2740,78.9,323.5,74.7,9.7,Muddy,Earth Excavation,168.3,29.3,82.2,241.3,58.9,93.8,35.92,1,1,LOW
2741,45.8,187.8,54.9,27.7,Muddy,Material Loading,76.4,23.07,29.4,158.4,38.6,69.2,0.72,1,1,LOW
2742,54.0,221.4,93.9,14.1,Muddy,Grading,178.6,30.0,89.3,132.1,32.2,62.7,32.64,1,1,LOW
2743,14.5,59.4,93.4,43.1,Frozen,Material Loading,182.6,29.14,88.7,0.0,0.0,17.3,1.94,0,1,HIGH
2744,12.3,50.4,82.8,14.1,Muddy,Trenching,22.3,32.42,12.0,38.4,9.4,13.2,1.63,0,1,HIGH
2745,56.5,231.6,73.6,23.3,Wet,Material Loading,230.9,22.82,87.8,143.8,35.1,86.3,14.83,1,1,LOW
2746,86.2,353.4,80.0,24.1,Frozen,Trenching,58.2,31.61,30.7,322.7,78.7,95.0,2.35,1,1,LOW
2747,61.4,251.7,42.7,11.3,Frozen,Trenching,93.7,25.26,39.4,212.3,51.8,84.7,27.65,1,1,LOW
2748,88.8,364.1,81.7,41.4,Wet,Demolition,278.0,34.54,160.0,204.1,49.8,89.6,49.01,1,1,LOW
2749,24.9,102.1,49.6,30.1,Wet,Compaction,44.6,19.45,14.5,87.6,21.4,44.6,41.14,1,1,MEDIUM
2750,64.7,265.3,65.3,11.1,Frozen,Grading,64.6,24.16,26.0,239.3,58.4,93.3,30.45,1,1,LOW
2751,28.5,116.8,65.6,28.2,Dry,Material Loading,289.8,21.23,102.5,14.3,3.5,46.8,0.79,0,1,HIGH
2752,5.1,20.9,52.6,44.9,Dry,Compaction,200.5,19.93,66.6,0.0,0.0,8.9,36.44,0,0,CRITICAL
2753,79.5,325.9,49.0,36.8,Frozen,Demolition,260.2,28.86,125.2,200.7,49.0,96.0,37.11,1,1,LOW
2754,54.5,223.5,62.9,39.6,Muddy,Grading,141.8,27.1,64.0,159.5,38.9,70.1,39.35,1,1,LOW
2755,82.2,337.0,87.0,14.1,Muddy,Earth Excavation,219.8,30.8,112.8,224.2,54.7,93.0,10.39,1,1,LOW
2756,5.9,24.2,53.3,6.7,Frozen,Compaction,182.0,21.48,65.2,0.0,0.0,9.6,42.5,0,0,CRITICAL
2757,63.0,258.3,53.4,8.7,Frozen,Demolition,88.6,29.03,42.9,215.4,52.5,75.6,44.73,1,1,LOW
2758,64.6,264.9,75.0,43.0,Wet,Compaction,211.3,25.2,88.7,176.2,43.0,89.4,22.07,1,1,LOW
2759,41.9,171.8,94.9,30.5,Wet,Compaction,30.4,24.85,12.6,159.2,38.8,58.8,42.7,1,1,LOW
2760,75.0,307.5,42.3,40.8,Muddy,Grading,148.1,24.33,60.1,247.4,60.3,107.4,15.53,1,1,LOW
2761,33.8,138.6,47.6,23.6,Dry,Material Loading,135.3,19.22,43.3,95.3,23.2,61.3,35.3,1,1,LOW
2762,13.5,55.4,89.4,22.0,Muddy,Grading,280.4,29.38,137.3,0.0,0.0,16.0,38.49,0,0,CRITICAL
2763,56.8,232.9,89.3,37.9,Frozen,Trenching,195.4,32.18,104.8,128.1,31.2,61.5,43.35,1,1,LOW
2764,16.8,68.9,65.3,25.7,Wet,Trenching,210.3,27.7,97.1,0.0,0.0,21.1,24.07,0,0,CRITICAL
2765,37.0,151.7,89.7,39.6,Muddy,Compaction,275.9,28.0,128.8,22.9,5.6,46.1,47.64,0,0,CRITICAL
2766,14.2,58.2,86.4,30.3,Muddy,Material Loading,293.1,27.13,132.5,0.0,0.0,18.2,17.26,0,1,HIGH
2767,61.3,251.3,42.1,39.4,Wet,Compaction,199.9,20.36,67.8,183.5,44.8,104.9,30.92,1,1,LOW
2768,25.4,104.1,41.7,11.2,Frozen,Material Loading,171.4,20.31,58.0,46.1,11.2,43.6,6.98,1,1,LOW
2769,30.0,123.0,54.7,42.9,Dry,Demolition,247.2,27.42,113.0,10.0,2.4,38.1,3.19,0,1,HIGH
2770,22.0,90.2,73.0,40.7,Wet,Material Loading,280.1,24.96,116.5,0.0,0.0,30.7,35.56,0,0,CRITICAL
2771,14.0,57.4,87.3,23.3,Wet,Earth Excavation,48.9,29.5,24.0,33.4,8.1,16.5,48.36,0,0,CRITICAL
2772,96.8,396.9,79.5,17.0,Wet,Material Loading,237.6,24.74,98.0,298.9,72.9,136.4,22.05,1,1,LOW
2773,26.8,109.9,89.9,32.8,Wet,Grading,88.7,27.03,40.0,69.9,17.0,34.6,23.99,1,1,LOW
2774,12.7,52.1,97.7,39.4,Muddy,Trenching,263.8,35.72,157.0,0.0,0.0,12.4,34.24,0,0,CRITICAL
2775,18.3,75.0,92.5,23.0,Wet,Compaction,103.9,23.94,41.5,33.5,8.2,26.6,15.75,0,1,HIGH
2776,52.2,214.0,43.5,38.4,Muddy,Trenching,266.1,26.77,118.7,95.3,23.2,67.9,45.86,1,1,LOW
2777,60.3,247.2,96.9,42.2,Dry,Grading,210.5,27.65,97.0,150.2,36.6,76.0,30.41,1,1,LOW
2778,67.0,274.7,59.3,18.5,Frozen,Material Loading,258.6,22.76,98.1,176.6,43.1,102.6,12.3,1,1,LOW
2779,5.7,23.4,49.0,44.1,Muddy,Material Loading,74.6,24.45,30.4,0.0,0.0,8.1,48.3,0,0,CRITICAL
2780,51.0,209.1,86.7,35.9,Dry,Trenching,218.2,28.2,102.6,106.5,26.0,63.0,31.3,1,1,LOW
2781,30.3,124.2,87.0,27.4,Dry,Compaction,283.1,21.79,102.8,21.4,5.2,48.4,42.85,0,1,HIGH
2782,32.5,133.2,43.1,28.0,Frozen,Earth Excavation,220.0,23.76,87.1,46.1,11.2,47.7,36.97,1,1,LOW
2783,21.0,86.1,90.8,28.8,Muddy,Grading,178.9,30.13,89.8,0.0,0.0,24.3,4.6,0,1,HIGH
2784,10.8,44.3,73.5,11.8,Dry,Trenching,85.3,26.37,37.5,6.8,1.7,14.3,1.21,0,1,HIGH
2785,81.4,333.7,41.8,7.3,Muddy,Compaction,21.9,19.62,7.2,326.5,79.6,144.6,23.72,1,1,LOW
2786,61.2,250.9,97.9,11.9,Dry,Demolition,262.3,31.83,139.2,111.7,27.2,67.0,49.3,1,1,LOW
2787,86.4,354.2,74.5,39.7,Dry,Earth Excavation,227.7,26.55,100.8,253.4,61.8,113.4,31.62,1,1,LOW
2788,32.7,134.1,52.5,21.2,Frozen,Trenching,97.0,25.81,41.7,92.4,22.5,44.2,15.15,1,1,LOW
2789,17.8,73.0,54.0,17.7,Muddy,Material Loading,30.7,23.16,11.9,61.1,14.9,26.8,49.96,1,0,MEDIUM
2790,32.3,132.4,72.2,39.2,Wet,Material Loading,89.7,22.51,33.7,98.7,24.1,50.0,28.51,1,1,LOW
2791,45.2,185.3,97.1,44.8,Wet,Grading,39.0,30.54,19.9,165.4,40.3,51.6,28.56,1,1,LOW
2792,92.9,380.9,52.5,12.6,Frozen,Earth Excavation,249.5,25.72,107.0,273.9,66.8,125.9,24.76,1,1,LOW
2793,35.9,147.2,56.0,40.3,Dry,Material Loading,88.3,20.88,30.7,116.5,28.4,59.9,35.67,1,1,LOW
2794,73.0,299.3,87.7,9.0,Wet,Earth Excavation,34.2,29.33,16.7,282.6,68.9,86.7,35.49,1,1,LOW
2795,36.5,149.7,85.3,34.2,Muddy,Demolition,151.8,35.91,90.9,58.8,14.3,35.4,8.72,1,1,LOW
2796,82.8,339.5,81.0,39.5,Dry,Material Loading,213.3,22.91,81.4,258.1,63.0,126.0,13.56,1,1,LOW
2797,28.0,114.8,49.0,6.4,Muddy,Compaction,265.1,21.0,92.8,22.0,5.4,46.5,16.06,0,1,HIGH
2798,5.3,21.7,63.9,16.3,Muddy,Grading,274.4,25.4,116.2,0.0,0.0,7.3,25.55,0,0,CRITICAL
2799,72.0,295.2,48.8,18.9,Wet,Earth Excavation,143.4,25.01,59.8,235.4,57.4,100.3,44.42,1,1,LOW
2800,48.3,198.0,52.1,17.4,Wet,Demolition,104.8,28.06,49.0,149.0,36.3,60.0,36.7,1,1,LOW
2801,17.2,70.5,58.1,41.1,Frozen,Trenching,223.5,29.35,109.3,0.0,0.0,20.4,8.79,0,1,HIGH
2802,60.7,248.9,76.1,16.5,Wet,Earth Excavation,268.2,27.16,121.4,127.5,31.1,77.9,28.69,1,1,LOW
2803,44.3,181.6,43.9,24.0,Frozen,Material Loading,57.2,20.85,19.9,161.7,39.4,74.0,22.5,1,1,LOW
2804,93.2,382.1,80.8,25.1,Wet,Compaction,98.4,23.16,38.0,344.1,83.9,140.2,33.6,1,1,LOW
2805,11.9,48.8,76.2,12.7,Frozen,Compaction,198.3,23.62,78.1,0.0,0.0,17.6,3.65,0,1,HIGH
2806,63.2,259.1,81.4,37.6,Frozen,Trenching,254.3,31.27,132.5,126.6,30.9,70.4,18.04,1,1,LOW
2807,63.0,258.3,54.0,10.0,Muddy,Trenching,251.8,29.15,122.3,136.0,33.2,75.3,45.74,1,1,LOW
2808,33.8,138.6,66.4,37.1,Wet,Trenching,127.8,29.13,62.0,76.6,18.7,40.4,12.25,1,1,LOW
2809,67.6,277.2,58.5,6.0,Wet,Compaction,192.6,20.87,67.0,210.2,51.3,112.9,11.34,1,1,LOW
2810,95.9,393.2,76.6,28.8,Frozen,Grading,287.2,26.38,126.3,266.9,65.1,126.7,17.32,1,1,LOW
2811,40.8,167.3,86.5,9.8,Muddy,Trenching,83.9,32.98,46.1,121.2,29.6,43.1,32.0,1,1,LOW
2812,40.3,165.2,56.0,35.2,Wet,Earth Excavation,226.8,25.13,95.0,70.2,17.1,55.9,10.91,1,1,LOW
2813,44.3,181.6,77.3,9.8,Wet,Trenching,216.2,29.19,105.2,76.4,18.6,52.9,27.74,1,1,LOW
2814,58.5,239.8,73.0,39.3,Frozen,Material Loading,270.6,25.7,115.9,123.9,30.2,79.3,18.92,1,1,LOW
2815,79.0,323.9,40.7,11.9,Wet,Earth Excavation,163.4,22.92,62.4,261.5,63.8,120.1,31.59,1,1,LOW
2816,20.3,83.2,57.5,16.8,Wet,Earth Excavation,68.4,24.67,28.1,55.1,13.4,28.7,42.43,1,0,MEDIUM
2817,33.1,135.7,55.3,8.2,Muddy,Material Loading,131.5,23.98,52.6,83.1,20.3,48.1,45.26,1,1,LOW
2818,50.5,207.1,47.8,31.2,Dry,Demolition,41.9,25.24,17.6,189.5,46.2,69.7,42.51,1,1,LOW
2819,71.6,293.6,50.7,29.0,Frozen,Trenching,171.7,26.82,76.7,216.9,52.9,93.0,30.21,1,1,LOW
2820,69.9,286.6,44.0,33.1,Muddy,Earth Excavation,209.6,26.05,91.0,195.6,47.7,93.5,6.64,1,1,LOW
2821,41.7,171.0,96.1,30.2,Muddy,Earth Excavation,216.2,32.91,118.6,52.4,12.8,44.2,10.11,1,1,LOW
2822,41.0,168.1,85.0,42.8,Dry,Demolition,67.8,32.65,36.9,131.2,32.0,43.8,3.49,1,1,LOW
2823,32.4,132.8,73.8,44.1,Wet,Trenching,125.0,30.71,64.0,68.8,16.8,36.8,43.45,1,0,LOW
2824,94.1,385.8,76.6,17.1,Wet,Compaction,232.6,23.35,90.5,295.3,72.0,140.4,46.71,1,1,LOW
2825,52.8,216.5,58.8,15.8,Frozen,Demolition,293.6,29.22,143.0,73.5,17.9,63.0,26.72,1,1,LOW
2826,38.8,159.1,89.3,30.4,Wet,Compaction,221.1,25.02,92.2,66.9,16.3,54.1,31.97,1,1,LOW
2827,42.2,173.0,89.3,12.3,Wet,Trenching,220.9,30.45,112.1,60.9,14.9,48.3,37.63,1,1,LOW
2828,31.1,127.5,43.3,25.3,Muddy,Demolition,292.0,30.1,146.5,0.0,0.0,36.0,42.96,0,0,CRITICAL
2829,87.0,356.7,52.4,41.8,Wet,Grading,129.0,23.35,50.2,306.5,74.8,129.8,29.29,1,1,LOW
2830,27.8,114.0,45.9,34.3,Frozen,Demolition,198.4,27.73,91.7,22.3,5.4,34.9,7.56,0,1,HIGH
2831,16.1,66.0,57.6,6.3,Dry,Material Loading,110.0,20.63,37.8,28.2,6.9,27.2,5.33,0,1,HIGH
2832,66.5,272.7,56.8,10.7,Dry,Grading,230.9,20.67,79.5,193.2,47.1,112.1,41.59,1,1,LOW
2833,72.6,297.7,88.3,31.9,Frozen,Grading,36.8,28.14,17.3,280.4,68.4,89.9,14.86,1,1,LOW
2834,42.5,174.2,95.2,13.4,Frozen,Grading,297.5,28.94,143.5,30.7,7.5,51.2,31.13,0,1,HIGH
2835,96.2,394.4,59.5,6.9,Frozen,Material Loading,87.4,23.66,34.5,359.9,87.8,141.7,41.03,1,1,LOW
2836,82.9,339.9,42.1,42.2,Muddy,Earth Excavation,282.8,26.06,122.8,217.1,53.0,110.9,4.15,1,1,LOW
2837,84.0,344.4,74.5,6.4,Dry,Grading,193.0,23.04,74.1,270.3,65.9,127.1,28.08,1,1,LOW
2838,97.0,397.7,97.7,25.8,Dry,Earth Excavation,57.5,28.82,27.6,370.1,90.3,117.3,36.16,1,1,LOW
2839,46.4,190.2,45.7,19.1,Frozen,Material Loading,299.0,21.54,107.3,82.9,20.2,75.1,34.49,1,1,LOW
2840,37.0,151.7,42.8,31.1,Muddy,Compaction,36.1,20.82,12.5,139.2,34.0,61.9,17.11,1,1,LOW
2841,83.5,342.3,73.3,24.4,Dry,Demolition,222.2,28.24,104.6,237.7,58.0,103.0,47.66,1,1,LOW
2842,25.2,103.3,41.8,39.7,Muddy,Compaction,69.7,22.09,25.7,77.6,18.9,39.7,48.72,1,0,LOW
2843,26.3,107.8,77.5,31.7,Wet,Earth Excavation,212.9,27.42,97.3,10.5,2.6,33.4,11.46,0,1,HIGH
2844,84.7,347.3,92.5,35.3,Wet,Earth Excavation,121.0,29.51,59.5,287.8,70.2,100.0,35.59,1,1,LOW
2845,72.5,297.2,59.5,12.1,Frozen,Grading,212.1,24.04,85.0,212.2,51.8,105.1,26.1,1,1,LOW
2846,46.6,191.1,85.1,31.0,Wet,Grading,141.9,26.53,62.7,128.4,31.3,61.2,27.02,1,1,LOW
2847,68.3,280.0,51.9,39.4,Wet,Compaction,167.8,20.54,57.4,222.6,54.3,115.9,42.43,1,1,LOW
2848,18.4,75.4,83.0,44.8,Frozen,Earth Excavation,88.6,32.01,47.3,28.1,6.9,20.0,30.09,0,0,CRITICAL
2849,65.6,269.0,74.0,36.5,Dry,Earth Excavation,143.4,26.24,62.7,206.3,50.3,87.1,43.07,1,1,LOW
2850,52.9,216.9,41.3,14.0,Frozen,Material Loading,131.7,20.99,46.1,170.8,41.7,87.8,35.88,1,1,LOW
2851,88.6,363.3,89.6,14.6,Wet,Earth Excavation,259.3,28.66,123.9,239.4,58.4,107.7,16.79,1,1,LOW
2852,20.0,82.0,80.2,16.2,Frozen,Trenching,160.9,30.56,82.0,0.0,0.0,22.8,37.65,0,0,CRITICAL
2853,73.6,301.8,66.8,21.2,Frozen,Material Loading,60.8,23.6,23.9,277.9,67.8,108.7,16.97,1,1,LOW
2854,14.7,60.3,95.6,9.3,Frozen,Material Loading,189.8,27.19,86.0,0.0,0.0,18.9,41.97,0,0,CRITICAL
2855,18.4,75.4,76.4,16.7,Frozen,Grading,249.8,26.76,111.4,0.0,0.0,23.9,4.31,0,1,HIGH
2856,8.6,35.3,92.1,44.0,Dry,Compaction,295.6,24.56,121.0,0.0,0.0,12.2,41.19,0,0,CRITICAL
2857,5.4,22.1,41.2,23.1,Muddy,Grading,154.8,23.09,59.6,0.0,0.0,8.1,34.02,0,0,CRITICAL
2858,9.0,36.9,53.1,44.7,Frozen,Material Loading,110.9,22.76,42.1,0.0,0.0,13.8,8.06,0,1,HIGH
2859,26.9,110.3,77.5,6.7,Muddy,Earth Excavation,220.7,30.19,111.0,0.0,0.0,31.1,31.94,0,0,CRITICAL
2860,26.9,110.3,97.1,27.3,Frozen,Demolition,66.0,36.45,40.1,70.2,17.1,25.7,20.55,1,1,LOW
2861,76.7,314.5,83.4,24.5,Dry,Earth Excavation,69.1,25.96,29.9,284.6,69.4,103.0,2.99,1,1,LOW
2862,32.5,133.2,46.8,19.2,Wet,Earth Excavation,294.1,24.17,118.5,14.7,3.6,46.8,16.09,0,1,HIGH
2863,69.9,286.6,72.8,24.0,Muddy,Compaction,212.2,24.13,85.3,201.3,49.1,101.0,1.02,1,1,LOW
2864,40.0,164.0,60.5,21.3,Wet,Compaction,125.3,20.57,43.0,121.0,29.5,67.8,19.0,1,1,LOW
2865,44.6,182.9,48.7,39.2,Wet,Material Loading,289.0,21.46,103.4,79.5,19.4,72.4,34.38,1,1,LOW
2866,95.0,389.5,53.9,27.7,Wet,Earth Excavation,48.2,24.8,19.9,369.6,90.1,133.5,18.65,1,1,LOW
2867,84.0,344.4,54.9,35.0,Dry,Trenching,21.7,24.6,8.9,335.5,81.8,119.0,3.19,1,1,LOW
2868,52.2,214.0,55.7,5.3,Frozen,Grading,248.9,24.39,101.2,112.8,27.5,74.6,3.89,1,1,LOW
2869,65.3,267.7,67.8,6.9,Frozen,Demolition,153.7,32.49,83.2,184.5,45.0,70.0,20.28,1,1,LOW
2870,85.3,349.7,82.2,38.2,Frozen,Earth Excavation,233.1,31.12,120.9,228.8,55.8,95.5,16.74,1,1,LOW
2871,40.2,164.8,43.1,21.6,Dry,Compaction,160.3,17.78,47.5,117.3,28.6,78.8,38.3,1,1,LOW
2872,21.8,89.4,72.7,20.4,Muddy,Compaction,289.5,23.93,115.5,0.0,0.0,31.8,33.16,0,0,CRITICAL
2873,56.5,231.6,92.9,31.9,Muddy,Compaction,104.4,26.73,46.5,185.1,45.1,73.6,37.34,1,1,LOW
2874,76.2,312.4,91.1,41.0,Wet,Earth Excavation,252.4,31.71,133.4,179.0,43.7,83.7,5.94,1,1,LOW
2875,69.8,286.2,68.1,18.6,Frozen,Compaction,205.0,22.87,78.1,208.1,50.8,106.4,29.35,1,1,LOW
2876,72.0,295.2,63.4,7.8,Wet,Grading,222.6,23.46,87.0,208.2,50.8,107.0,15.31,1,1,LOW
2877,91.6,375.6,90.1,29.7,Frozen,Compaction,291.3,25.89,125.7,249.9,61.0,123.3,28.68,1,1,LOW
2878,65.7,269.4,93.0,32.6,Frozen,Earth Excavation,276.8,31.31,144.4,125.0,30.5,73.1,37.81,1,1,LOW
2879,98.8,405.1,81.9,38.0,Muddy,Demolition,31.1,36.01,18.7,386.4,94.2,95.6,38.83,1,1,LOW
2880,87.6,359.2,91.0,38.1,Wet,Compaction,242.4,24.55,99.2,260.0,63.4,124.4,15.18,1,1,LOW
2881,15.9,65.2,88.2,30.8,Dry,Grading,88.9,25.24,37.4,27.8,6.8,22.0,30.94,0,0,CRITICAL
2882,99.6,408.4,90.1,26.0,Frozen,Compaction,66.1,24.97,27.5,380.9,92.9,139.0,5.52,1,1,LOW
2883,74.0,303.4,43.1,13.0,Dry,Grading,37.6,19.92,12.5,290.9,71.0,129.5,21.49,1,1,LOW
2884,92.6,379.7,58.3,11.7,Muddy,Earth Excavation,54.1,28.08,25.3,354.4,86.4,114.9,37.67,1,1,LOW
2885,23.9,98.0,94.1,36.5,Dry,Earth Excavation,95.3,28.33,45.0,53.0,12.9,29.4,42.55,1,0,MEDIUM
2886,94.8,388.7,44.4,36.0,Dry,Earth Excavation,114.3,21.12,40.2,348.5,85.0,156.4,37.66,1,1,LOW
2887,5.2,21.3,51.7,36.1,Dry,Earth Excavation,111.4,22.42,41.6,0.0,0.0,8.1,9.6,0,0,CRITICAL
2888,84.5,346.4,43.6,26.4,Muddy,Compaction,36.1,21.45,12.9,333.5,81.3,137.3,31.85,1,1,LOW
2889,84.2,345.2,86.3,36.8,Muddy,Material Loading,250.3,27.71,115.6,229.6,56.0,105.9,31.68,1,1,LOW
2890,12.7,52.1,43.9,15.1,Muddy,Trenching,279.7,26.83,125.1,0.0,0.0,16.5,50.0,0,0,CRITICAL
2891,94.6,387.9,81.0,24.9,Frozen,Demolition,219.8,33.52,122.8,265.1,64.7,98.4,29.89,1,1,LOW
2892,28.2,115.6,92.9,13.6,Frozen,Earth Excavation,94.5,30.96,48.8,66.8,16.3,31.7,24.29,1,1,LOW
2893,93.9,385.0,64.3,40.6,Muddy,Grading,166.8,26.94,74.9,310.1,75.6,121.5,8.43,1,1,LOW
2894,87.4,358.3,85.2,22.9,Frozen,Demolition,249.4,34.28,142.5,215.8,52.6,88.8,6.05,1,1,LOW
2895,80.9,331.7,86.9,8.7,Wet,Trenching,135.7,31.06,70.2,261.5,63.8,90.8,12.96,1,1,LOW
2896,64.7,265.3,69.4,11.2,Frozen,Grading,37.4,24.74,15.4,249.9,61.0,91.1,19.46,1,1,LOW
2897,89.6,367.4,54.2,39.4,Muddy,Demolition,189.9,33.03,104.5,262.9,64.1,94.5,49.12,1,1,LOW
2898,11.6,47.6,88.9,24.6,Wet,Material Loading,35.5,25.03,14.8,32.8,8.0,16.2,3.7,0,1,HIGH
2899,22.4,91.8,96.3,16.3,Muddy,Compaction,25.4,27.26,11.5,80.3,19.6,28.6,16.43,1,1,MEDIUM
2900,22.6,92.7,56.5,38.1,Wet,Earth Excavation,34.9,25.86,15.0,77.7,19.0,30.5,48.32,1,0,MEDIUM
2901,67.5,276.8,47.4,13.8,Dry,Material Loading,209.0,19.0,66.2,210.6,51.4,123.8,15.02,1,1,LOW
2902,79.2,324.7,72.0,23.4,Muddy,Grading,224.9,26.68,100.0,224.7,54.8,103.4,7.18,1,1,LOW
2903,51.5,211.2,94.2,43.2,Muddy,Earth Excavation,127.7,34.68,73.8,137.4,33.5,51.8,26.55,1,1,LOW
2904,83.1,340.7,48.2,29.9,Dry,Demolition,299.1,25.48,127.0,213.7,52.1,113.7,1.0,1,1,LOW
2905,16.6,68.1,71.1,14.9,Dry,Grading,30.4,22.97,11.6,56.5,13.8,25.2,12.3,1,1,MEDIUM
2906,92.0,377.2,73.9,33.3,Frozen,Compaction,129.8,23.98,51.9,325.3,79.3,133.7,1.19,1,1,LOW
2907,48.6,199.3,94.6,15.0,Frozen,Compaction,251.4,25.88,108.4,90.9,22.2,65.5,45.39,1,1,LOW
2908,93.5,383.4,75.3,25.3,Wet,Compaction,86.8,22.67,32.8,350.6,85.5,143.8,40.72,1,1,LOW
2909,80.9,331.7,89.6,29.7,Muddy,Earth Excavation,103.4,32.14,55.4,276.3,67.4,87.7,43.96,1,1,LOW
2910,89.6,367.4,62.3,25.2,Frozen,Demolition,233.4,30.56,118.9,248.5,60.6,102.2,19.19,1,1,LOW
2911,88.6,363.3,85.6,23.0,Dry,Grading,77.2,24.2,31.1,332.2,81.0,127.6,20.9,1,1,LOW
2912,25.0,102.5,89.1,19.5,Wet,Compaction,152.7,23.44,59.7,42.8,10.4,37.2,4.0,1,1,LOW
2913,20.0,82.0,80.2,41.5,Dry,Compaction,238.0,22.58,89.6,0.0,0.0,30.9,43.16,0,0,CRITICAL
2914,59.0,241.9,81.4,21.6,Wet,Earth Excavation,217.6,29.03,105.3,136.6,33.3,70.8,36.22,1,1,LOW
2915,95.6,392.0,43.0,34.4,Dry,Demolition,106.6,24.91,44.3,347.7,84.8,133.8,45.67,1,1,LOW
2916,75.7,310.4,95.3,31.2,Wet,Material Loading,209.2,26.44,92.2,218.2,53.2,99.8,20.89,1,1,LOW
2917,12.8,52.5,61.9,37.1,Dry,Demolition,293.0,27.14,132.5,0.0,0.0,16.4,10.72,0,1,HIGH
2918,59.7,244.8,50.2,28.3,Wet,Material Loading,283.9,20.6,97.5,147.3,35.9,101.0,13.13,1,1,LOW
2919,90.2,369.8,82.7,13.6,Muddy,Trenching,291.9,32.92,160.2,209.6,51.1,95.5,4.25,1,1,LOW
2920,98.0,401.8,85.1,34.9,Muddy,Earth Excavation,156.9,30.86,80.7,321.1,78.3,110.7,42.12,1,1,LOW
2921,23.3,95.5,40.6,29.9,Frozen,Trenching,261.8,25.06,109.3,0.0,0.0,32.4,14.53,0,1,HIGH
2922,96.2,394.4,96.0,32.4,Muddy,Demolition,65.3,38.22,41.6,352.8,86.0,87.7,23.29,1,1,LOW
2923,50.5,207.1,85.9,38.8,Dry,Earth Excavation,129.1,26.97,58.0,149.1,36.4,65.3,49.71,1,1,LOW
2924,33.1,135.7,62.6,17.9,Muddy,Material Loading,144.5,24.99,60.2,75.5,18.4,46.2,25.59,1,1,LOW
2925,54.0,221.4,41.6,7.2,Dry,Material Loading,267.8,19.14,85.4,136.0,33.2,98.3,39.65,1,1,LOW
2926,52.0,213.2,75.1,24.2,Muddy,Compaction,299.2,24.49,122.1,91.1,22.2,74.0,5.28,1,1,LOW
2927,53.7,220.2,72.6,11.7,Wet,Grading,32.4,24.9,13.4,206.8,50.4,75.2,37.19,1,1,LOW
2928,36.4,149.2,97.4,38.2,Muddy,Grading,297.3,31.07,154.0,0.0,0.0,40.8,41.59,0,0,CRITICAL
2929,61.2,250.9,73.7,31.1,Wet,Demolition,157.8,30.08,79.1,171.8,41.9,70.9,4.33,1,1,LOW
2930,79.8,327.2,60.8,6.1,Frozen,Trenching,211.0,27.76,97.6,229.6,56.0,100.2,4.76,1,1,LOW
2931,17.6,72.2,67.6,10.7,Muddy,Earth Excavation,215.4,29.22,104.9,0.0,0.0,21.0,8.32,0,1,HIGH
2932,61.3,251.3,42.5,6.3,Dry,Material Loading,122.2,20.0,40.7,210.6,51.4,106.8,27.46,1,1,LOW
2933,46.3,189.8,73.4,41.8,Muddy,Material Loading,238.7,27.02,107.5,82.3,20.1,59.7,27.66,1,1,LOW
2934,93.6,383.8,40.0,41.0,Frozen,Material Loading,189.9,21.42,67.8,316.0,77.1,152.3,22.78,1,1,LOW
2935,11.3,46.3,94.8,30.0,Wet,Demolition,101.4,33.51,56.6,0.0,0.0,11.7,14.26,0,0,CRITICAL
2936,26.9,110.3,68.9,42.4,Frozen,Demolition,158.6,34.17,90.3,20.0,4.9,27.4,17.76,0,1,HIGH
2937,63.2,259.1,79.7,26.4,Muddy,Earth Excavation,41.3,31.05,21.4,237.7,58.0,70.9,48.7,1,1,LOW
2938,95.1,389.9,59.7,26.4,Wet,Trenching,274.5,26.09,119.4,270.5,66.0,127.0,14.74,1,1,LOW
2939,21.6,88.6,46.1,11.2,Frozen,Grading,256.5,23.29,99.6,0.0,0.0,32.3,49.96,0,0,CRITICAL
2940,55.7,228.4,85.6,7.5,Wet,Compaction,232.3,23.4,90.6,137.8,33.6,83.0,26.71,1,1,LOW
2941,24.2,99.2,61.4,42.6,Frozen,Grading,162.8,25.51,69.2,30.0,7.3,33.1,24.68,0,1,HIGH
2942,35.7,146.4,45.5,32.1,Frozen,Trenching,111.2,26.39,48.9,97.5,23.8,47.2,23.01,1,1,LOW
2943,92.6,379.7,89.1,44.6,Frozen,Demolition,108.0,37.91,68.2,311.5,76.0,85.1,19.34,1,1,LOW
2944,6.5,26.7,97.6,5.4,Muddy,Grading,207.2,30.35,104.8,0.0,0.0,7.5,45.75,0,0,CRITICAL
2945,61.7,253.0,57.4,28.6,Dry,Compaction,164.4,18.66,51.1,201.9,49.2,115.2,39.09,1,1,LOW
2946,36.9,151.3,95.7,17.9,Dry,Grading,165.6,25.35,70.0,81.3,19.8,50.7,46.86,1,1,LOW
2947,33.4,136.9,90.0,31.6,Dry,Grading,130.6,25.23,54.9,82.0,20.0,46.1,20.86,1,1,LOW
2948,68.8,282.1,93.9,43.9,Frozen,Grading,190.8,29.61,94.2,187.9,45.8,81.0,32.99,1,1,LOW
2949,67.6,277.2,46.6,42.7,Wet,Grading,263.6,22.36,98.2,179.0,43.7,105.4,21.52,1,1,LOW
2950,70.4,288.6,85.0,8.1,Wet,Material Loading,235.6,24.75,97.2,191.4,46.7,99.1,49.62,1,1,LOW
2951,30.2,123.8,67.0,13.9,Wet,Earth Excavation,171.1,26.63,75.9,47.9,11.7,39.5,32.65,1,1,LOW
2952,40.1,164.4,97.2,24.1,Muddy,Compaction,100.4,26.67,44.6,119.8,29.2,52.4,41.59,1,1,LOW
2953,30.4,124.6,78.0,32.3,Muddy,Material Loading,236.7,26.96,106.4,18.2,4.4,39.3,15.69,0,1,HIGH
2954,99.1,406.3,50.4,10.9,Frozen,Earth Excavation,299.5,25.18,125.7,280.6,68.4,137.2,8.42,1,1,LOW
2955,77.2,316.5,70.6,44.3,Muddy,Earth Excavation,193.8,31.88,103.0,213.5,52.1,84.4,30.52,1,1,LOW
2956,90.4,370.6,72.1,14.9,Wet,Earth Excavation,50.0,27.09,22.6,348.0,84.9,116.3,44.92,1,1,LOW
2957,91.2,373.9,47.0,44.4,Muddy,Demolition,52.5,32.05,28.0,345.9,84.4,99.2,4.76,1,1,LOW
2958,12.4,50.8,55.2,37.0,Muddy,Demolition,234.9,30.81,120.6,0.0,0.0,14.0,44.55,0,0,CRITICAL
2959,79.1,324.3,60.0,36.4,Dry,Compaction,181.0,18.96,57.2,267.1,65.1,145.4,49.62,1,1,LOW
2960,63.8,261.6,69.6,15.4,Wet,Trenching,294.1,27.6,135.3,126.3,30.8,80.6,19.91,1,1,LOW
2961,58.9,241.5,91.6,35.3,Dry,Earth Excavation,119.5,27.33,54.4,187.1,45.6,75.1,35.74,1,1,LOW
2962,52.8,216.5,58.4,7.6,Muddy,Demolition,280.2,32.23,150.5,66.0,16.1,57.1,37.5,1,1,LOW
2963,98.9,405.5,76.6,43.6,Wet,Earth Excavation,68.6,29.27,33.5,372.0,90.7,117.8,34.02,1,1,LOW
2964,21.7,89.0,58.4,28.5,Muddy,Demolition,243.9,31.9,129.7,0.0,0.0,23.7,46.22,0,0,CRITICAL
2965,88.4,362.4,69.4,10.0,Dry,Compaction,188.4,20.33,63.8,298.6,72.8,151.5,24.52,1,1,LOW
2966,79.5,325.9,87.6,19.6,Frozen,Demolition,123.5,34.45,70.9,255.0,62.2,80.4,5.82,1,1,LOW
2967,52.0,213.2,44.6,33.7,Muddy,Compaction,173.9,20.34,59.0,154.2,37.6,89.1,44.72,1,1,LOW
2968,47.5,194.8,45.2,14.3,Dry,Grading,133.6,19.96,44.4,150.4,36.7,83.0,34.41,1,1,LOW
2969,62.5,256.2,49.2,16.4,Wet,Material Loading,250.8,20.82,87.0,169.2,41.3,104.6,34.27,1,1,LOW
2970,68.9,282.5,69.2,6.6,Wet,Trenching,59.3,28.47,28.1,254.4,62.0,84.3,3.67,1,1,LOW
2971,79.8,327.2,46.7,9.5,Wet,Earth Excavation,95.6,23.65,37.7,289.5,70.6,117.6,10.51,1,1,LOW
2972,31.3,128.3,97.8,18.5,Wet,Trenching,158.8,31.11,82.3,46.0,11.2,35.1,11.85,1,1,LOW
2973,43.1,176.7,92.0,42.1,Wet,Compaction,80.4,26.17,35.1,141.6,34.5,57.4,23.96,1,1,LOW
2974,80.8,331.3,41.7,31.5,Wet,Trenching,154.7,23.11,59.6,271.7,66.3,121.9,16.49,1,1,LOW
2975,69.1,283.3,74.5,14.8,Frozen,Earth Excavation,259.7,29.15,126.2,157.1,38.3,82.6,24.87,1,1,LOW
2976,51.4,210.7,75.9,30.1,Wet,Earth Excavation,169.3,28.37,80.1,130.6,31.9,63.1,25.35,1,1,LOW
2977,75.9,311.2,53.7,7.2,Dry,Compaction,262.2,18.93,82.7,228.5,55.7,139.7,12.41,1,1,LOW
2978,5.5,22.6,81.8,23.6,Frozen,Compaction,130.0,23.59,51.1,0.0,0.0,8.1,17.88,0,0,CRITICAL
2979,8.7,35.7,50.9,21.5,Muddy,Grading,21.4,24.15,8.6,27.1,6.6,12.6,28.97,0,0,CRITICAL
2980,64.9,266.1,92.6,22.6,Dry,Grading,149.6,25.31,63.1,203.0,49.5,89.4,6.37,1,1,LOW
2981,89.1,365.3,87.1,42.9,Muddy,Material Loading,202.7,30.42,102.8,262.5,64.0,102.1,8.83,1,1,LOW
2982,60.2,246.8,55.2,37.2,Frozen,Grading,285.9,23.84,113.6,133.2,32.5,88.0,38.61,1,1,LOW
2983,56.9,233.3,70.0,35.3,Wet,Earth Excavation,35.1,26.66,15.6,217.7,53.1,74.4,49.19,1,1,LOW
2984,95.8,392.8,43.6,15.8,Muddy,Demolition,45.1,29.65,22.3,370.5,90.4,112.6,22.85,1,1,LOW
2985,88.6,363.3,70.0,16.6,Wet,Grading,51.5,24.95,21.4,341.9,83.4,123.8,36.69,1,1,LOW
2986,62.1,254.6,65.4,16.8,Wet,Earth Excavation,285.2,26.97,128.2,126.4,30.8,80.2,21.12,1,1,LOW
2987,40.7,166.9,97.3,36.8,Muddy,Earth Excavation,190.3,33.9,107.5,59.4,14.5,41.8,24.49,1,1,LOW
2988,99.7,408.8,83.2,39.6,Wet,Grading,124.6,27.77,57.7,351.1,85.6,125.1,32.34,1,1,LOW
2989,26.6,109.1,69.2,9.6,Wet,Trenching,266.9,27.99,124.5,0.0,0.0,33.1,7.66,0,1,HIGH
2990,40.4,165.6,78.5,41.4,Wet,Compaction,251.3,23.03,96.5,69.1,16.9,61.1,13.43,1,1,LOW
2991,74.6,305.9,85.1,36.6,Muddy,Compaction,84.9,26.46,37.4,268.5,65.5,98.3,14.81,1,1,LOW
2992,57.6,236.2,83.8,29.0,Wet,Demolition,263.3,32.59,143.0,93.2,22.7,61.6,13.44,1,1,LOW
2993,33.5,137.3,65.6,39.0,Frozen,Trenching,101.4,28.26,47.8,89.5,21.8,41.3,33.6,1,1,LOW
2994,71.6,293.6,70.6,21.4,Muddy,Compaction,175.4,23.01,67.3,226.3,55.2,108.5,39.99,1,1,LOW
2995,98.6,404.3,87.0,7.7,Dry,Compaction,201.9,21.27,71.6,332.7,81.1,161.6,4.94,1,1,LOW
2996,76.3,312.8,51.4,22.4,Muddy,Grading,135.7,24.53,55.5,257.3,62.8,108.4,43.86,1,1,LOW
2997,78.3,321.0,85.1,22.9,Dry,Grading,63.0,24.54,25.8,295.2,72.0,111.2,10.16,1,1,LOW
2998,26.3,107.8,86.8,29.6,Wet,Earth Excavation,120.2,28.8,57.7,50.1,12.2,31.8,42.99,1,0,LOW
2999,73.4,300.9,45.4,42.2,Frozen,Material Loading,157.6,21.56,56.6,244.3,59.6,118.6,28.71,1,1,LOW
3000,73.9,303.0,40.8,11.5,Frozen,Trenching,197.9,24.19,79.8,223.2,54.4,106.5,44.58,1,1,LOW
