log_id,machine_id,operator_id,timestamp,engine_hours,rpm,hydraulic_pressure,fuel_level,fuel_used_l,idle_time_min,active_time_min,speed_kph,tilt_angle,temperature_c,engine_load_pct,seatbelt,proximity_alert,fault_codes,weather,ground_condition,shift
1,EXC004,OP008,2024-01-01 00:00:00,9542.1,1833,177.7,10.3,1.58,0,20,15.9,7.5,49.8,43.6,fastened,0,NONE,Rainy,Muddy,day
2,EXC002,OP003,2024-01-01 00:30:00,466.3,638,192.5,59.7,17.56,32,58,8.5,13.1,46.4,71.7,fastened,0,NONE,Cloudy,Muddy,day
3,EXC004,OP007,2024-01-01 01:00:00,5929.4,1766,131.2,44.7,15.2,57,87,3.0,17.8,87.5,96.8,fastened,0,NONE,Cloudy,Muddy,day
4,EXC004,OP006,2024-01-01 01:30:00,3260.1,1420,269.6,40.1,12.26,83,85,10.4,20.8,105.4,85.2,fastened,0,NONE,Sunny,Dry,day
5,EXC003,OP001,2024-01-01 02:00:00,6725.0,817,185.6,73.8,11.77,13,98,13.5,9.2,82.2,51.7,unfastened,0,NONE,Cloudy,Frozen,day
6,EXC005,OP008,2024-01-01 02:30:00,2661.0,1192,242.0,89.1,10.59,57,74,15.6,10.8,51.3,52.8,fastened,0,NONE,Sunny,Wet,night
7,EXC005,OP002,2024-01-01 03:00:00,4250.1,673,193.9,23.7,2.15,72,25,6.8,3.4,62.0,58.5,fastened,1,NONE,Windy,Wet,day
8,EXC002,OP005,2024-01-01 03:30:00,6445.8,613,135.7,80.5,6.09,79,106,5.1,7.7,49.3,41.0,fastened,0,NONE,Windy,Dry,day
9,EXC001,OP001,2024-01-01 04:00:00,8927.5,2063,254.1,21.1,6.44,25,102,12.3,21.8,35.6,44.3,fastened,0,NONE,Rainy,Wet,day
10,EXC005,OP003,2024-01-01 04:30:00,11357.0,2168,191.8,59.8,14.39,3,39,4.5,20.6,91.4,81.7,fastened,0,NONE,Windy,Wet,day
11,EXC005,OP010,2024-01-01 05:00:00,2993.2,2087,140.8,85.6,11.09,86,104,4.4,9.1,38.4,71.7,fastened,0,P0562,Rainy,Frozen,night
12,EXC005,OP006,2024-01-01 05:30:00,5846.7,821,305.4,91.1,7.47,78,69,3.3,4.9,81.9,80.4,unfastened,0,NONE,Cloudy,Frozen,day
13,EXC001,OP008,2024-01-01 06:00:00,4248.9,1652,296.5,34.3,6.24,22,52,6.6,12.6,64.3,81.5,fastened,0,NONE,Rainy,Muddy,day
14,EXC004,OP003,2024-01-01 06:30:00,7311.8,1734,260.0,82.8,15.44,12,25,7.9,9.3,35.8,44.3,fastened,0,NONE,Rainy,Dry,day
15,EXC005,OP001,2024-01-01 07:00:00,4461.1,2221,297.2697028800378,88.5,14.25,48,112,13.0,16.6,54.1,94.9,fastened,0,NONE,Cloudy,Wet,night
16,EXC002,OP007,2024-01-01 07:30:00,1253.9,620,237.5,21.4,14.73,65,80,1.9,13.9,36.0,96.2,unfastened,0,NONE,Rainy,Dry,day
17,EXC004,OP003,2024-01-01 08:00:00,7411.3,1088,179.2,41.5,7.42,50,58,7.7,14.5,80.3,42.0,fastened,1,NONE,Windy,Muddy,day
18,EXC003,OP002,2024-01-01 08:30:00,523.2,753,157.8,78.7,8.89,88,93,11.8,8.2,83.4,43.9,fastened,0,P0100,Windy,Frozen,day
19,EXC003,OP005,2024-01-01 09:00:00,612.2,1044,230.3,6.4,10.53,83,95,9.8,13.6,101.6,87.5,unfastened,0,P0217,Windy,Frozen,night
20,EXC004,OP005,2024-01-01 09:30:00,10622.2,1056,262.8,64.4,3.86,37,66,14.2,15.2,52.9,75.3,fastened,0,NONE,Rainy,Muddy,night
21,EXC003,OP002,2024-01-01 10:00:00,10456.3,1980,208.9,44.4,6.84,12,33,16.1,14.3,44.1,97.5,fastened,1,NONE,Rainy,Dry,night
22,EXC004,OP006,2024-01-01 10:30:00,6796.3,1023,297.0,54.2,9.09,18,59,3.8,15.3,68.0,54.3,fastened,0,NONE,Windy,Frozen,day
23,EXC002,OP005,2024-01-01 11:00:00,314.2,2222,185.4,44.7,12.23,59,77,16.4,19.6,95.2,86.1,fastened,0,NONE,Cloudy,Muddy,night
24,EXC002,OP010,2024-01-01 11:30:00,4183.0,1728,182.8,23.6,8.37,66,30,15.9,5.9,106.09924149682713,70.4,fastened,0,P0217,Sunny,Dry,day
25,EXC004,OP001,2024-01-01 12:00:00,4220.6,837,193.6,38.1,3.21,64,23,6.5,3.4,105.5,72.2,fastened,0,P0562,Sunny,Dry,night
26,EXC003,OP005,2024-01-01 12:30:00,8678.6,1604,254.9,86.8,7.94,67,112,14.6,0.8,37.1,52.1,fastened,0,NONE,Cloudy,Frozen,night
27,EXC002,OP008,2024-01-01 13:00:00,9761.7,2335,106.0,63.0,9.8,84,74,9.3,15.4,87.5,75.2,fastened,0,NONE,Sunny,Dry,day
28,EXC005,OP005,2024-01-01 13:30:00,4315.5,2061,177.8,50.3,11.89,26,76,14.6,7.4,83.0,63.8,fastened,0,NONE,Windy,Frozen,night
29,EXC002,OP003,2024-01-01 14:00:00,5118.7,2051,263.4,72.1,15.44,55,58,13.5,11.1,49.5,52.8,fastened,0,NONE,Sunny,Dry,night
30,EXC003,OP010,2024-01-01 14:30:00,2773.5,601,222.0,22.5,4.57,75,99,17.3,1.6,46.6,88.5,fastened,0,NONE,Sunny,Dry,night
31,EXC002,OP004,2024-01-01 15:00:00,8762.2,2043,168.2,12.9,10.3,84,50,4.0,20.4,60.6,52.4,fastened,0,NONE,Cloudy,Dry,day
32,EXC003,OP010,2024-01-01 15:30:00,4254.9,1141,301.11152916168504,57.1,7.8,14,12,13.2,12.9,55.8,57.4,fastened,0,NONE,Cloudy,Wet,night
33,EXC003,OP009,2024-01-01 16:00:00,8495.2,732,298.2,6.1,12.52,81,94,0.3,2.7,56.8,45.0,fastened,0,P0562,Rainy,Frozen,day
34,EXC002,OP007,2024-01-01 16:30:00,8512.1,609,211.1,19.1,15.8,3,37,16.6,8.9,102.2524934259468,79.2,fastened,0,NONE,Windy,Wet,day
35,EXC004,OP008,2024-01-01 17:00:00,1958.9,708,262.6,73.1,8.85,49,93,3.6,6.9,37.2,56.5,fastened,1,P0562,Rainy,Wet,day
36,EXC001,OP006,2024-01-01 17:30:00,10637.2,833,310.57361688579624,90.7,15.27,79,63,6.7,19.1,89.9,95.6,fastened,1,NONE,Windy,Frozen,day
37,EXC004,OP007,2024-01-01 18:00:00,9911.8,717,204.1,32.1,0.54,10,49,15.2,19.3,70.0,83.0,fastened,0,NONE,Rainy,Muddy,day
38,EXC001,OP003,2024-01-01 18:30:00,7037.8,1185,292.03836365962263,41.3,16.46,22,68,8.6,17.4,43.9,92.3,fastened,0,NONE,Sunny,Muddy,day
39,EXC002,OP001,2024-01-01 19:00:00,1127.3,1434,318.4,69.7,14.3,14,58,11.9,8.5,83.6,51.4,unfastened,0,NONE,Sunny,Muddy,day
40,EXC003,OP007,2024-01-01 19:30:00,2090.3,2275,148.1,81.5,2.84,4,54,6.5,20.7,59.9,77.1,fastened,1,NONE,Cloudy,Muddy,day
41,EXC003,OP009,2024-01-01 20:00:00,1196.9,1929,308.4,29.7,12.32,27,39,10.0,6.1,40.6,91.0,unfastened,0,NONE,Cloudy,Dry,day
42,EXC004,OP009,2024-01-01 20:30:00,5617.0,1688,189.9,83.5,9.5,9,47,15.2,14.6,77.0,95.8,fastened,0,NONE,Cloudy,Frozen,day
43,EXC005,OP008,2024-01-01 21:00:00,3259.6,1778,209.6,97.4,17.49,34,46,16.1,11.5,55.6,77.7,fastened,0,NONE,Sunny,Muddy,night
44,EXC004,OP010,2024-01-01 21:30:00,9986.5,1053,215.3,13.4,5.83,27,59,8.2,9.6,52.7,95.0,fastened,0,NONE,Sunny,Wet,day
45,EXC003,OP006,2024-01-01 22:00:00,5287.9,639,153.2,26.3,11.16,46,116,13.0,4.1,68.2,48.6,fastened,0,NONE,Cloudy,Muddy,day
46,EXC001,OP002,2024-01-01 22:30:00,5480.0,702,152.6,74.0,9.65,76,50,8.4,5.3,71.6,42.4,fastened,0,NONE,Cloudy,Dry,day
47,EXC005,OP003,2024-01-01 23:00:00,11070.9,1051,182.7,8.5,4.37,12,78,16.9,18.1,103.6281324749451,67.0,fastened,0,NONE,Rainy,Frozen,day
48,EXC002,OP003,2024-01-01 23:30:00,6975.5,1025,263.9,32.0,14.74,76,14,13.1,14.7,69.4,58.4,fastened,1,NONE,Sunny,Wet,night
49,EXC004,OP010,2024-01-02 00:00:00,4709.4,1704,254.2,85.2,13.5,48,10,7.8,20.5,72.7,93.7,fastened,1,P0217,Rainy,Dry,night
50,EXC005,OP009,2024-01-02 00:30:00,11803.1,2129,319.5,69.8,10.02,89,86,9.0,15.0,75.6,40.9,unfastened,0,P0100,Windy,Frozen,day
51,EXC004,OP008,2024-01-02 01:00:00,5603.0,618,119.4,65.9,17.02,84,83,3.3,1.3,104.2,58.4,fastened,0,P0562,Cloudy,Wet,day
52,EXC001,OP009,2024-01-02 01:30:00,6998.2,1671,267.0,63.1,16.72,8,94,16.9,2.6,38.1,60.3,fastened,0,NONE,Rainy,Muddy,day
53,EXC002,OP004,2024-01-02 02:00:00,4645.8,2252,142.9,52.7,14.81,18,71,4.6,15.9,102.15058351706388,81.4,fastened,0,NONE,Sunny,Frozen,night
54,EXC005,OP008,2024-01-02 02:30:00,8063.6,1448,319.05399564083547,77.8,3.17,0,44,3.3,5.5,33.0,40.1,fastened,0,NONE,Sunny,Dry,day
55,EXC004,OP002,2024-01-02 03:00:00,9332.1,969,143.2,87.2,16.15,77,20,8.1,5.5,50.7,89.3,fastened,0,NONE,Sunny,Wet,day
56,EXC004,OP002,2024-01-02 03:30:00,7580.8,1484,305.9,80.6,5.85,50,116,13.1,8.9,93.3,94.2,unfastened,0,NONE,Cloudy,Frozen,night
57,EXC003,OP007,2024-01-02 04:00:00,3056.2,714,211.6,50.9,10.48,79,30,12.3,16.4,58.9,68.1,fastened,0,NONE,Cloudy,Muddy,day
58,EXC005,OP008,2024-01-02 04:30:00,11313.3,2394,203.3,79.0,17.56,54,118,4.6,14.1,32.1,46.3,fastened,0,NONE,Sunny,Muddy,day
59,EXC004,OP006,2024-01-02 05:00:00,6189.4,2243,167.6,76.8,4.54,84,40,4.8,4.3,71.1,42.9,fastened,0,NONE,Cloudy,Frozen,day
60,EXC004,OP005,2024-01-02 05:30:00,9929.7,656,198.8,48.3,4.0,21,72,4.2,19.7,65.0,55.0,fastened,0,NONE,Windy,Wet,day
61,EXC005,OP007,2024-01-02 06:00:00,205.0,1077,124.4,36.7,15.41,29,20,10.9,21.4,104.1,47.8,fastened,0,NONE,Windy,Wet,day
62,EXC005,OP004,2024-01-02 06:30:00,6261.4,890,250.5,44.0,0.73,71,97,17.2,17.4,105.4,69.2,fastened,1,NONE,Rainy,Wet,day
63,EXC005,OP003,2024-01-02 07:00:00,11233.4,2175,225.5,51.9,3.55,73,54,16.0,4.2,52.3,63.8,fastened,0,NONE,Windy,Frozen,night
64,EXC004,OP003,2024-01-02 07:30:00,8289.7,2157,121.9,19.0,6.23,86,70,9.1,17.5,95.6,51.1,fastened,0,NONE,Rainy,Muddy,night
65,EXC002,OP004,2024-01-02 08:00:00,1458.8,1216,122.5,25.8,13.42,79,24,6.8,11.5,71.2,88.3,fastened,0,NONE,Cloudy,Muddy,night
66,EXC002,OP004,2024-01-02 08:30:00,8548.7,1562,164.5,14.7,8.91,29,38,7.1,0.6,73.2,74.8,fastened,0,P0562,Rainy,Frozen,day
67,EXC001,OP002,2024-01-02 09:00:00,278.7,1766,204.1,11.9,7.38,60,54,14.5,14.7,39.1,76.3,fastened,0,P0217,Windy,Dry,night
68,EXC005,OP006,2024-01-02 09:30:00,4487.3,2391,149.0,58.8,16.58,85,17,11.7,21.5,96.9,79.6,fastened,0,P0217,Cloudy,Wet,day
69,EXC002,OP005,2024-01-02 10:00:00,2916.8,2079,128.9,71.3,13.73,23,91,0.7,9.5,78.5,90.2,fastened,0,NONE,Cloudy,Muddy,day
70,EXC002,OP002,2024-01-02 10:30:00,3097.5,1831,121.2,63.3,11.57,9,47,1.4,1.4,106.4,79.1,fastened,0,NONE,Cloudy,Muddy,night
71,EXC004,OP010,2024-01-02 11:00:00,593.6,1418,167.1,74.1,6.45,45,90,8.7,5.1,92.6,47.7,fastened,0,P0217,Rainy,Dry,day
72,EXC003,OP006,2024-01-02 11:30:00,7443.9,1902,238.5,43.6,15.53,42,30,9.6,12.3,67.3,62.2,fastened,0,NONE,Sunny,Dry,night
73,EXC002,OP002,2024-01-02 12:00:00,8928.7,2382,249.2,80.9,4.93,62,13,17.3,17.4,98.6,70.3,fastened,0,NONE,Rainy,Wet,night
74,EXC002,OP001,2024-01-02 12:30:00,3572.8,1643,162.2,76.0,17.05,17,111,2.5,4.1,55.5,50.7,unfastened,0,NONE,Sunny,Wet,night
75,EXC003,OP001,2024-01-02 13:00:00,7083.5,725,196.9,72.5,5.06,75,34,14.5,4.8,99.0,94.5,unfastened,0,P0100,Cloudy,Wet,day
76,EXC004,OP005,2024-01-02 13:30:00,6019.0,631,238.3,77.8,14.85,52,116,16.1,20.3,39.3,54.6,fastened,1,NONE,Sunny,Frozen,day
77,EXC001,OP003,2024-01-02 14:00:00,11918.5,1532,179.2,27.0,16.5,52,86,6.8,19.4,56.9,84.8,fastened,0,P0562,Windy,Dry,day
78,EXC004,OP010,2024-01-02 14:30:00,9766.8,2234,315.3,59.1,4.46,6,68,2.9,20.1,99.5,95.2,fastened,1,NONE,Sunny,Frozen,night
79,EXC001,OP005,2024-01-02 15:00:00,11357.9,2389,252.4,78.6,4.52,9,79,4.4,3.9,31.9,55.9,fastened,0,NONE,Sunny,Frozen,night
80,EXC005,OP008,2024-01-02 15:30:00,9909.5,1541,227.3,14.4,1.88,45,71,11.9,20.5,99.5,66.4,unfastened,0,NONE,Rainy,Frozen,day
81,EXC001,OP003,2024-01-02 16:00:00,7926.3,2340,209.5,28.5,6.47,33,51,1.3,7.5,33.2,54.4,unfastened,0,NONE,Cloudy,Frozen,night
82,EXC002,OP001,2024-01-02 16:30:00,946.9,616,208.2,51.6,9.25,15,112,15.9,11.4,82.7,87.7,fastened,0,P0562,Sunny,Dry,night
83,EXC002,OP004,2024-01-02 17:00:00,10308.9,2079,164.2,44.3,2.0,72,16,13.6,10.0,81.0,86.1,fastened,0,NONE,Rainy,Muddy,night
84,EXC005,OP007,2024-01-02 17:30:00,9156.1,977,117.0,91.9,3.06,37,92,14.3,21.5,101.1308725032963,91.8,fastened,0,NONE,Sunny,Wet,day
85,EXC002,OP008,2024-01-02 18:00:00,3457.7,1242,284.3,76.3,7.89,52,77,13.3,5.8,97.1,43.6,fastened,0,NONE,Cloudy,Frozen,night
86,EXC005,OP002,2024-01-02 18:30:00,3305.7,1230,299.2,8.9,3.65,61,27,2.3,21.1,36.9,82.9,fastened,1,NONE,Sunny,Muddy,day
87,EXC002,OP003,2024-01-02 19:00:00,6338.6,1004,314.4,49.2,14.04,65,83,13.2,21.1,98.1,73.6,fastened,1,P0562,Rainy,Dry,night
88,EXC002,OP005,2024-01-02 19:30:00,3467.7,1115,188.9,77.4,6.14,30,114,10.8,20.2,108.7,64.6,fastened,1,P0100,Cloudy,Dry,day
89,EXC003,OP004,2024-01-02 20:00:00,11650.4,1583,308.2,68.6,1.31,2,42,0.9,7.9,83.8,91.6,fastened,0,NONE,Rainy,Muddy,night
90,EXC001,OP003,2024-01-02 20:30:00,2403.5,886,254.5,56.1,3.2,85,72,5.1,8.3,104.4,90.3,fastened,0,NONE,Sunny,Muddy,night
91,EXC001,OP010,2024-01-02 21:00:00,1925.2,989,192.9,13.1,5.88,21,51,7.6,4.5,80.0,80.6,fastened,1,NONE,Sunny,Wet,night
92,EXC002,OP010,2024-01-02 21:30:00,617.9,1104,302.1,91.9,3.05,87,12,9.8,10.5,108.5,50.0,fastened,0,NONE,Sunny,Wet,night
93,EXC004,OP004,2024-01-02 22:00:00,6675.8,756,313.1,44.4,4.27,80,16,3.2,5.5,93.7,55.1,unfastened,0,P0217,Windy,Frozen,day
94,EXC001,OP001,2024-01-02 22:30:00,8909.9,2213,217.5,18.8,4.12,78,31,9.5,13.8,84.3,49.1,fastened,0,NONE,Windy,Dry,day
95,EXC005,OP004,2024-01-02 23:00:00,7077.5,1388,271.5,13.0,7.83,70,79,17.2,19.1,109.1,54.9,fastened,0,NONE,Sunny,Dry,night
96,EXC004,OP009,2024-01-02 23:30:00,2578.5,1659,270.9,79.6,9.67,89,97,6.4,20.9,68.7,84.8,fastened,0,P0217,Sunny,Dry,night
97,EXC002,OP009,2024-01-03 00:00:00,11088.8,1648,233.9,63.2,11.4,86,18,2.7,9.6,68.7,59.3,fastened,0,NONE,Sunny,Muddy,day
98,EXC001,OP008,2024-01-03 00:30:00,4613.6,1188,193.0,28.9,16.41,15,24,8.4,9.5,98.1,56.4,fastened,0,NONE,Rainy,Wet,night
99,EXC003,OP007,2024-01-03 01:00:00,1775.5,1085,129.6,55.6,12.54,55,104,8.1,11.3,83.9,54.4,unfastened,0,NONE,Windy,Frozen,day
100,EXC003,OP004,2024-01-03 01:30:00,2373.6,758,319.5,94.9,3.98,44,103,16.5,20.1,41.5,42.9,fastened,0,P0100,Windy,Dry,day
101,EXC001,OP005,2024-01-03 02:00:00,5314.7,2077,115.8,51.8,8.36,2,68,8.3,1.7,54.6,59.7,fastened,1,NONE,Sunny,Wet,day
102,EXC004,OP009,2024-01-03 02:30:00,6578.1,1952,129.7,42.1,13.27,70,96,4.4,6.7,76.8,45.5,fastened,0,NONE,Windy,Wet,day
103,EXC005,OP003,2024-01-03 03:00:00,7257.2,1779,182.5,34.2,10.21,9,33,4.0,4.3,31.3,72.6,fastened,0,NONE,Cloudy,Frozen,day
104,EXC003,OP005,2024-01-03 03:30:00,971.5,1893,187.7,22.3,3.46,83,13,0.6,17.1,70.8,50.7,fastened,0,NONE,Cloudy,Frozen,night
105,EXC003,OP009,2024-01-03 04:00:00,10423.2,2051,158.8,91.5,14.28,62,109,13.3,8.3,48.7,55.8,fastened,1,NONE,Windy,Dry,day
106,EXC005,OP007,2024-01-03 04:30:00,4103.5,604,117.2,21.3,3.94,21,46,4.8,21.2,48.9,67.7,fastened,0,NONE,Cloudy,Wet,night
107,EXC002,OP002,2024-01-03 05:00:00,3186.8,1808,297.9,10.2,6.53,3,49,14.2,21.5,101.6,62.1,fastened,0,NONE,Rainy,Muddy,night
108,EXC002,OP008,2024-01-03 05:30:00,8282.1,2388,212.9,18.6,13.34,88,65,9.9,19.4,52.6,58.6,fastened,1,P0100,Cloudy,Muddy,day
109,EXC005,OP001,2024-01-03 06:00:00,7401.4,2090,313.4,22.3,17.46,72,76,12.8,11.2,101.9,95.5,unfastened,1,NONE,Windy,Dry,night
110,EXC003,OP003,2024-01-03 06:30:00,11914.6,1078,293.2,45.4,16.08,39,18,3.7,20.5,72.7,43.4,fastened,0,NONE,Rainy,Wet,day
111,EXC005,OP010,2024-01-03 07:00:00,4983.2,1661,208.7,91.4,17.47,72,74,2.8,8.3,104.2,91.1,fastened,0,P0217,Windy,Muddy,night
112,EXC005,OP001,2024-01-03 07:30:00,2280.7,1072,185.4,17.8,7.44,69,73,7.5,8.6,88.3,93.9,fastened,0,NONE,Cloudy,Dry,day
113,EXC005,OP002,2024-01-03 08:00:00,11675.9,833,156.1,18.9,8.13,55,91,6.4,10.4,100.16581911747957,96.1,fastened,1,NONE,Cloudy,Muddy,day
114,EXC002,OP009,2024-01-03 08:30:00,5836.0,1141,318.5,46.5,3.35,46,117,9.1,15.3,32.8,90.0,fastened,0,NONE,Cloudy,Frozen,night
115,EXC004,OP007,2024-01-03 09:00:00,7972.2,1222,233.1,90.9,8.77,3,88,13.5,1.4,101.3,87.0,fastened,0,NONE,Rainy,Frozen,night
116,EXC003,OP003,2024-01-03 09:30:00,603.5,2331,285.0,93.1,14.16,26,76,16.4,11.8,86.6,53.7,fastened,0,NONE,Windy,Muddy,day
117,EXC004,OP004,2024-01-03 10:00:00,4097.0,1442,316.6,95.3,1.71,27,107,10.7,21.2,40.8,50.4,fastened,0,P0217,Sunny,Wet,night
118,EXC005,OP010,2024-01-03 10:30:00,11848.0,2113,149.3,17.1,6.08,9,64,4.1,1.5,104.8,75.0,fastened,0,NONE,Cloudy,Wet,day
119,EXC004,OP007,2024-01-03 11:00:00,11576.1,2317,303.5,72.0,16.7,63,15,5.3,1.9,69.1,71.1,unfastened,0,P0100,Sunny,Frozen,night
120,EXC003,OP004,2024-01-03 11:30:00,11811.4,1747,274.8,66.5,3.69,14,105,16.3,20.8,32.4,81.8,unfastened,0,NONE,Sunny,Dry,night
121,EXC005,OP002,2024-01-03 12:00:00,9904.8,1485,200.0,7.9,5.7,23,116,3.8,18.3,53.7,46.8,fastened,0,NONE,Rainy,Muddy,night
122,EXC005,OP005,2024-01-03 12:30:00,6056.1,681,308.7,68.9,16.86,74,116,1.7,0.0,98.8,56.6,fastened,1,NONE,Windy,Muddy,night
123,EXC002,OP004,2024-01-03 13:00:00,6907.0,2013,229.8,71.2,6.53,46,110,16.6,9.9,63.5,79.0,fastened,0,NONE,Windy,Dry,night
124,EXC005,OP005,2024-01-03 13:30:00,990.7,1188,186.6,67.4,15.04,49,109,0.5,6.8,94.6,75.5,fastened,0,P0562,Rainy,Wet,night
125,EXC003,OP001,2024-01-03 14:00:00,9540.0,1418,135.2,25.5,5.52,76,85,13.5,3.7,62.2,60.2,fastened,0,P0562,Sunny,Wet,night
126,EXC002,OP005,2024-01-03 14:30:00,9013.9,1203,260.1,36.6,5.0,38,14,2.6,1.1,40.7,48.6,fastened,0,NONE,Windy,Wet,day
127,EXC002,OP003,2024-01-03 15:00:00,8528.7,1065,270.3,57.6,3.77,55,92,12.0,5.5,45.6,89.8,fastened,0,NONE,Rainy,Muddy,night
128,EXC004,OP010,2024-01-03 15:30:00,4652.5,2294,145.5,18.1,1.6,71,20,3.4,14.4,100.5,88.2,fastened,0,P0562,Cloudy,Wet,night
129,EXC002,OP003,2024-01-03 16:00:00,3263.6,778,311.0010358991402,20.1,7.77,11,26,16.1,6.7,44.5,48.5,fastened,1,NONE,Windy,Dry,night
130,EXC004,OP003,2024-01-03 16:30:00,9738.0,2152,301.4171469738524,71.4,12.98,45,77,0.9,6.8,104.8,83.5,fastened,0,NONE,Sunny,Wet,night
131,EXC003,OP004,2024-01-03 17:00:00,11697.0,2165,222.6,20.7,9.34,49,111,5.5,5.8,53.1,48.2,fastened,0,NONE,Rainy,Frozen,day
132,EXC005,OP007,2024-01-03 17:30:00,5139.5,2309,232.0,6.6,7.63,12,34,14.1,2.1,107.7,66.2,fastened,0,NONE,Sunny,Frozen,day
133,EXC001,OP008,2024-01-03 18:00:00,760.6,1956,286.6,22.6,4.08,11,28,10.2,13.0,37.7,67.0,fastened,0,NONE,Rainy,Wet,day
134,EXC003,OP003,2024-01-03 18:30:00,10818.7,1332,105.8,12.2,12.46,23,67,7.6,16.1,73.9,63.3,fastened,0,NONE,Windy,Wet,day
135,EXC002,OP007,2024-01-03 19:00:00,8304.4,1549,126.3,31.8,4.92,38,48,7.8,21.6,32.8,59.8,fastened,0,P0217,Rainy,Wet,night
136,EXC004,OP002,2024-01-03 19:30:00,8089.9,2388,106.9,77.2,1.06,38,102,9.0,5.0,107.37758342092893,67.1,fastened,0,NONE,Windy,Wet,night
137,EXC005,OP002,2024-01-03 20:00:00,11336.7,700,307.8,79.7,17.38,20,31,17.9,3.6,98.4,81.3,fastened,0,NONE,Windy,Wet,night
138,EXC002,OP003,2024-01-03 20:30:00,8078.9,850,212.8,11.8,16.99,81,113,12.1,15.6,45.0,59.2,fastened,0,NONE,Windy,Muddy,day
139,EXC005,OP007,2024-01-03 21:00:00,7448.4,2085,154.1,59.2,4.25,26,38,8.8,7.1,101.3,73.6,fastened,0,P0217,Windy,Muddy,night
140,EXC004,OP006,2024-01-03 21:30:00,8550.3,677,104.2,13.4,4.68,86,46,5.8,11.2,77.2,60.8,fastened,0,NONE,Rainy,Wet,day
141,EXC001,OP005,2024-01-03 22:00:00,5858.9,2365,121.2,22.8,10.65,59,83,9.1,15.6,88.1,96.3,fastened,0,NONE,Cloudy,Muddy,night
142,EXC004,OP007,2024-01-03 22:30:00,3515.1,1262,258.4,79.5,7.98,84,103,16.6,9.2,58.8,79.7,unfastened,0,NONE,Rainy,Frozen,night
143,EXC003,OP002,2024-01-03 23:00:00,3096.3,1873,205.7,97.3,16.04,58,62,3.9,8.2,108.8,89.4,unfastened,1,NONE,Sunny,Muddy,day
144,EXC005,OP003,2024-01-03 23:30:00,8742.3,2367,261.6,30.8,7.97,48,65,6.2,9.7,96.1,65.1,fastened,0,NONE,Cloudy,Dry,night
145,EXC003,OP008,2024-01-04 00:00:00,2987.0,1633,158.3,78.8,2.88,44,80,1.2,10.1,102.9,54.9,fastened,0,NONE,Cloudy,Wet,night
146,EXC002,OP010,2024-01-04 00:30:00,11180.8,643,196.7,37.5,10.07,23,82,11.3,0.0,41.7,44.6,fastened,1,NONE,Cloudy,Dry,day
147,EXC001,OP001,2024-01-04 01:00:00,4895.7,1547,237.2,79.5,2.48,16,96,13.8,4.1,51.3,87.4,unfastened,0,NONE,Cloudy,Wet,night
148,EXC001,OP004,2024-01-04 01:30:00,7639.5,745,146.7,59.2,8.33,71,23,11.4,13.4,97.3,80.5,fastened,1,NONE,Sunny,Muddy,day
149,EXC004,OP009,2024-01-04 02:00:00,609.3,2295,163.3,56.9,10.6,35,115,14.6,0.4,83.6,87.6,fastened,1,NONE,Windy,Frozen,day
150,EXC005,OP009,2024-01-04 02:30:00,5442.4,1214,131.2,81.8,17.04,16,16,13.9,6.1,60.8,79.4,fastened,0,NONE,Rainy,Muddy,day
151,EXC004,OP003,2024-01-04 03:00:00,4854.8,2320,256.6,71.1,5.63,37,35,17.5,9.7,67.1,42.2,unfastened,0,NONE,Cloudy,Dry,day
152,EXC004,OP001,2024-01-04 03:30:00,9080.4,2377,228.1,97.2,11.86,44,95,8.1,9.7,65.1,64.6,fastened,0,NONE,Windy,Wet,night
153,EXC001,OP006,2024-01-04 04:00:00,759.5,1176,197.8,39.5,0.5,60,40,1.5,1.1,74.6,59.2,fastened,0,NONE,Windy,Muddy,night
154,EXC001,OP007,2024-01-04 04:30:00,4888.0,1218,224.8,95.7,15.75,89,75,9.6,19.3,69.1,65.1,unfastened,0,NONE,Rainy,Dry,day
155,EXC003,OP003,2024-01-04 05:00:00,10311.8,2165,137.4,83.6,6.05,87,27,13.9,2.0,66.4,78.7,fastened,1,NONE,Cloudy,Dry,day
156,EXC003,OP004,2024-01-04 05:30:00,8055.1,1820,278.8,51.9,4.71,78,100,7.3,19.3,56.2,72.8,fastened,0,NONE,Cloudy,Dry,night
157,EXC003,OP007,2024-01-04 06:00:00,9351.4,1504,266.2,52.6,2.29,74,43,8.1,21.8,65.9,76.9,fastened,0,P0562,Cloudy,Frozen,day
158,EXC005,OP006,2024-01-04 06:30:00,9182.9,2155,140.0,90.7,14.24,83,22,13.3,3.9,44.2,52.2,fastened,0,NONE,Cloudy,Dry,night
159,EXC002,OP003,2024-01-04 07:00:00,7977.2,1062,294.9,60.8,1.49,64,22,0.3,1.6,45.3,68.8,fastened,0,P0100,Windy,Wet,day
160,EXC005,OP009,2024-01-04 07:30:00,4756.4,1807,186.7,37.1,11.31,8,28,11.8,2.7,85.1,53.6,fastened,1,P0217,Cloudy,Wet,day
161,EXC002,OP010,2024-01-04 08:00:00,4852.8,1224,202.0,8.9,6.02,21,90,12.7,18.8,107.2,69.6,fastened,1,NONE,Cloudy,Muddy,night
162,EXC002,OP008,2024-01-04 08:30:00,709.1,761,216.9,33.5,12.94,41,16,17.5,21.4,47.0,57.1,fastened,0,NONE,Cloudy,Muddy,night
163,EXC002,OP010,2024-01-04 09:00:00,2420.5,726,274.4,25.6,17.4,62,75,13.1,13.0,103.0,52.6,fastened,0,NONE,Cloudy,Wet,day
164,EXC004,OP004,2024-01-04 09:30:00,6741.2,867,136.1,17.3,5.31,69,81,2.4,20.8,80.0,94.5,fastened,1,NONE,Windy,Muddy,day
165,EXC002,OP002,2024-01-04 10:00:00,10751.4,2389,158.3,68.9,11.35,79,46,9.0,16.9,106.2,55.5,fastened,1,NONE,Windy,Frozen,night
166,EXC003,OP008,2024-01-04 10:30:00,7385.5,2291,306.0,42.6,6.98,14,77,7.3,12.5,61.6,76.3,fastened,0,NONE,Rainy,Muddy,day
167,EXC001,OP006,2024-01-04 11:00:00,4705.9,2277,306.3,14.0,9.42,53,42,7.2,20.1,85.2,76.3,fastened,0,NONE,Rainy,Wet,day
168,EXC002,OP005,2024-01-04 11:30:00,10000.0,874,278.0,36.1,1.96,74,56,14.1,10.3,73.5,73.4,fastened,0,NONE,Cloudy,Dry,day
169,EXC001,OP003,2024-01-04 12:00:00,5440.4,1263,137.1,18.3,4.08,35,13,10.5,9.1,108.2,81.7,fastened,0,NONE,Sunny,Muddy,day
170,EXC004,OP001,2024-01-04 12:30:00,3192.6,2043,230.9,61.9,14.4,30,24,13.2,15.8,34.8,75.3,fastened,0,P0217,Cloudy,Muddy,night
171,EXC005,OP002,2024-01-04 13:00:00,1052.9,2221,198.1,45.6,6.54,59,21,13.4,16.5,34.7,89.3,fastened,0,NONE,Rainy,Dry,night
172,EXC002,OP007,2024-01-04 13:30:00,9959.8,906,117.8,93.7,0.52,79,12,12.4,7.8,99.1,41.5,fastened,0,NONE,Sunny,Dry,day
173,EXC005,OP003,2024-01-04 14:00:00,7430.1,2041,116.6,62.8,6.11,40,47,13.6,10.5,34.3,44.3,fastened,0,P0217,Sunny,Dry,day
174,EXC003,OP010,2024-01-04 14:30:00,7011.8,1282,288.5,77.7,12.22,37,38,3.9,4.7,102.6,72.1,fastened,0,P0100,Sunny,Muddy,night
175,EXC005,OP005,2024-01-04 15:00:00,8676.0,875,119.9,36.8,17.5,6,38,1.8,2.6,37.5,63.2,fastened,0,P0217,Sunny,Wet,night
176,EXC002,OP001,2024-01-04 15:30:00,7300.0,851,159.7,76.7,15.45,22,10,2.9,7.7,39.0,52.3,unfastened,0,P0217,Cloudy,Wet,night
177,EXC005,OP007,2024-01-04 16:00:00,4271.3,2048,133.2,74.8,13.75,7,96,14.6,10.8,56.5,60.5,fastened,0,NONE,Rainy,Frozen,night
178,EXC001,OP007,2024-01-04 16:30:00,7449.2,1451,226.5,99.1,16.76,82,114,17.2,3.5,88.1,77.7,fastened,0,NONE,Cloudy,Muddy,day
179,EXC002,OP002,2024-01-04 17:00:00,1766.5,671,307.4979024498542,67.8,12.04,83,91,16.9,3.6,76.2,89.5,fastened,0,P0100,Sunny,Dry,day
180,EXC002,OP009,2024-01-04 17:30:00,3624.5,1255,158.3,92.0,9.59,64,28,0.2,2.7,102.7,50.5,fastened,0,NONE,Sunny,Wet,night
181,EXC001,OP008,2024-01-04 18:00:00,6494.0,770,272.1,87.4,9.94,19,96,17.9,19.3,80.4,57.0,fastened,0,NONE,Rainy,Wet,day
182,EXC005,OP006,2024-01-04 18:30:00,922.9,2385,138.5,92.3,17.02,41,39,16.0,15.3,77.7,48.1,fastened,0,NONE,Cloudy,Frozen,night
183,EXC002,OP002,2024-01-04 19:00:00,9879.2,990,178.5,59.5,0.54,1,43,3.6,3.2,102.88700328181073,97.8,fastened,0,NONE,Sunny,Muddy,day
184,EXC003,OP005,2024-01-04 19:30:00,631.2,1299,153.4,26.3,9.52,86,97,10.0,14.5,62.5,41.2,fastened,1,NONE,Cloudy,Dry,night
185,EXC001,OP010,2024-01-04 20:00:00,4531.2,2085,200.0,60.6,13.96,4,33,17.7,10.7,81.1,49.1,fastened,1,NONE,Cloudy,Wet,day
186,EXC004,OP003,2024-01-04 20:30:00,5507.3,690,315.8,92.6,1.17,54,119,8.5,12.4,107.8,62.3,fastened,0,NONE,Cloudy,Muddy,night
187,EXC001,OP010,2024-01-04 21:00:00,8200.4,750,262.1,97.4,14.91,82,104,17.2,18.2,107.8,51.5,fastened,0,NONE,Sunny,Wet,night
188,EXC002,OP002,2024-01-04 21:30:00,1942.9,1536,145.3,94.9,15.27,52,78,9.8,10.5,38.9,79.5,fastened,0,NONE,Cloudy,Wet,night
189,EXC005,OP007,2024-01-04 22:00:00,9874.3,600,312.6,46.9,9.66,60,65,6.2,6.3,66.4,41.3,fastened,1,NONE,Sunny,Frozen,day
190,EXC005,OP004,2024-01-04 22:30:00,5170.7,2232,249.9,81.4,15.0,32,37,2.9,17.2,77.4,69.9,fastened,1,P0217,Rainy,Dry,day
191,EXC001,OP001,2024-01-04 23:00:00,3088.7,777,199.9,51.4,3.0,74,81,1.9,3.5,105.39861084583289,51.4,fastened,0,NONE,Cloudy,Wet,night
192,EXC004,OP007,2024-01-04 23:30:00,1270.2,1265,301.6,70.7,17.0,75,59,12.7,20.3,54.0,76.7,fastened,0,NONE,Rainy,Muddy,day
193,EXC004,OP005,2024-01-05 00:00:00,11111.2,1254,267.8,46.0,1.35,36,81,5.9,20.7,108.6,46.8,fastened,1,P0217,Windy,Frozen,night
194,EXC005,OP004,2024-01-05 00:30:00,4900.3,2073,260.4,33.7,1.15,52,16,7.3,7.6,63.2,51.5,fastened,0,NONE,Cloudy,Frozen,day
195,EXC002,OP003,2024-01-05 01:00:00,4637.9,1415,144.2,47.0,9.67,72,50,16.9,17.0,52.8,88.1,fastened,0,P0217,Windy,Dry,night
196,EXC002,OP005,2024-01-05 01:30:00,2244.9,1350,128.2,34.2,13.37,55,21,3.6,20.3,92.4,92.2,fastened,0,P0100,Windy,Muddy,night
197,EXC002,OP002,2024-01-05 02:00:00,6125.4,1088,290.4,45.2,12.75,37,55,6.7,20.2,77.0,61.0,fastened,0,NONE,Cloudy,Muddy,night
198,EXC003,OP006,2024-01-05 02:30:00,3906.6,1623,249.6,69.4,10.13,84,88,16.4,2.5,102.4,74.1,fastened,0,NONE,Rainy,Dry,night
199,EXC004,OP001,2024-01-05 03:00:00,2074.5,1718,279.8,24.1,14.21,89,22,16.9,3.7,38.5,79.2,fastened,0,NONE,Cloudy,Muddy,day
200,EXC001,OP003,2024-01-05 03:30:00,9059.2,1504,268.5,69.3,11.14,24,101,14.4,10.8,34.4,84.1,fastened,0,P0217,Rainy,Muddy,night
201,EXC001,OP006,2024-01-05 04:00:00,10789.4,1707,298.7,12.0,15.38,4,100,6.9,12.1,105.5,71.1,fastened,0,P0562,Sunny,Dry,day
202,EXC001,OP008,2024-01-05 04:30:00,4292.3,2173,182.6,5.2,2.53,71,39,2.3,7.6,65.7,73.6,fastened,0,NONE,Cloudy,Muddy,day
203,EXC002,OP004,2024-01-05 05:00:00,3509.3,2151,177.0,27.1,17.67,9,31,14.2,1.7,47.3,85.4,fastened,0,P0562,Cloudy,Wet,night
204,EXC003,OP007,2024-01-05 05:30:00,4543.3,2303,152.1,24.2,15.91,72,91,15.1,9.4,89.4,71.7,fastened,0,NONE,Windy,Dry,day
205,EXC002,OP010,2024-01-05 06:00:00,11105.5,2305,123.2,84.1,16.17,70,94,12.9,6.2,109.8,71.2,fastened,0,NONE,Windy,Wet,night
206,EXC005,OP006,2024-01-05 06:30:00,7044.9,1282,206.2,76.8,6.86,5,80,6.1,9.8,109.9,56.4,fastened,0,NONE,Rainy,Wet,day
207,EXC004,OP008,2024-01-05 07:00:00,2074.4,639,209.6,68.3,17.07,49,26,11.7,6.0,107.1,88.6,fastened,0,NONE,Rainy,Muddy,day
208,EXC001,OP005,2024-01-05 07:30:00,7626.6,1980,125.2,72.1,2.98,65,66,12.6,9.6,42.5,65.6,fastened,0,NONE,Rainy,Wet,night
209,EXC005,OP003,2024-01-05 08:00:00,4875.0,2226,232.8,68.0,1.86,87,38,16.0,12.9,98.0,72.1,fastened,0,NONE,Sunny,Frozen,day
210,EXC004,OP004,2024-01-05 08:30:00,307.2,690,179.9,83.5,7.48,74,41,2.5,7.9,39.9,76.7,unfastened,1,NONE,Rainy,Muddy,day
211,EXC005,OP004,2024-01-05 09:00:00,11642.2,1193,200.4,55.7,16.83,9,73,4.7,4.6,58.5,71.4,unfastened,0,NONE,Cloudy,Muddy,day
212,EXC004,OP006,2024-01-05 09:30:00,1467.3,1090,212.2,6.7,17.44,48,118,7.3,8.7,44.3,65.7,fastened,0,P0217,Windy,Wet,day
213,EXC004,OP002,2024-01-05 10:00:00,5020.6,765,168.3,87.0,9.14,77,31,14.6,5.7,58.5,68.2,fastened,0,P0100,Rainy,Dry,night
214,EXC003,OP008,2024-01-05 10:30:00,7925.9,1115,307.07996625908777,49.7,13.66,10,37,16.1,1.4,49.8,45.8,fastened,0,NONE,Windy,Dry,day
215,EXC004,OP002,2024-01-05 11:00:00,7073.7,1938,212.2,93.2,9.92,66,37,5.0,13.9,101.7,87.7,fastened,0,NONE,Sunny,Wet,day
216,EXC004,OP008,2024-01-05 11:30:00,150.2,1624,197.1,89.8,2.49,7,32,9.1,13.9,109.0,44.7,fastened,0,P0100,Windy,Muddy,night
217,EXC005,OP005,2024-01-05 12:00:00,7333.8,2161,190.1,42.9,11.93,80,113,10.9,7.0,43.9,97.2,fastened,0,NONE,Rainy,Frozen,night
218,EXC003,OP008,2024-01-05 12:30:00,8754.5,2101,105.2,93.6,3.07,2,22,3.0,21.1,40.4,96.2,fastened,0,NONE,Sunny,Frozen,day
219,EXC004,OP002,2024-01-05 13:00:00,10206.9,1139,269.7,10.6,11.98,56,31,14.3,17.4,43.1,91.2,fastened,0,NONE,Rainy,Frozen,night
220,EXC005,OP003,2024-01-05 13:30:00,2288.9,1596,312.6,67.9,4.71,32,82,8.5,19.9,75.3,44.4,fastened,0,P0217,Rainy,Wet,night
221,EXC004,OP003,2024-01-05 14:00:00,537.4,1710,128.8,69.7,5.11,54,48,16.1,10.3,100.6,41.5,fastened,1,NONE,Sunny,Dry,day
222,EXC004,OP008,2024-01-05 14:30:00,11338.1,1424,163.7,84.8,12.31,55,109,9.9,11.5,89.6,75.8,fastened,0,NONE,Rainy,Frozen,day
223,EXC001,OP003,2024-01-05 15:00:00,8197.1,2333,310.121808554466,49.8,8.64,57,75,15.0,15.2,63.8,49.6,fastened,0,P0217,Windy,Frozen,night
224,EXC005,OP004,2024-01-05 15:30:00,5514.1,717,255.9,27.9,15.03,51,24,0.9,12.9,106.7,94.6,fastened,1,NONE,Cloudy,Muddy,day
225,EXC005,OP002,2024-01-05 16:00:00,8728.1,2249,168.7,9.2,12.4,85,63,7.9,14.7,73.1,78.1,fastened,0,P0217,Cloudy,Wet,day
226,EXC002,OP003,2024-01-05 16:30:00,1969.3,2346,242.9,49.4,5.66,45,21,7.5,9.5,92.8,89.8,fastened,0,NONE,Cloudy,Dry,day
227,EXC005,OP009,2024-01-05 17:00:00,11504.9,1259,301.8,48.1,14.1,76,56,3.5,2.9,70.0,97.7,fastened,0,P0562,Rainy,Frozen,day
228,EXC005,OP002,2024-01-05 17:30:00,7885.5,1131,148.3,38.9,1.63,37,109,10.1,17.9,83.3,94.4,fastened,0,P0217,Windy,Frozen,day
229,EXC002,OP010,2024-01-05 18:00:00,10535.7,673,249.5,65.5,13.36,54,62,13.5,8.5,101.24126951952827,46.1,fastened,1,NONE,Windy,Wet,day
230,EXC005,OP009,2024-01-05 18:30:00,6724.8,631,310.1198145073548,55.5,7.24,85,82,8.9,13.4,34.2,97.0,fastened,0,P0562,Cloudy,Muddy,day
231,EXC003,OP010,2024-01-05 19:00:00,9629.6,1020,121.0,16.0,5.79,34,52,15.0,8.1,79.0,44.1,fastened,0,NONE,Cloudy,Dry,day
232,EXC001,OP007,2024-01-05 19:30:00,3999.3,2099,305.6,9.6,9.65,79,116,5.3,10.6,53.1,85.1,fastened,0,NONE,Rainy,Dry,night
233,EXC001,OP007,2024-01-05 20:00:00,1683.6,1990,311.1,89.6,16.37,24,75,5.4,14.1,74.1,83.5,fastened,0,NONE,Rainy,Muddy,night
234,EXC003,OP009,2024-01-05 20:30:00,4310.5,2273,261.3,75.5,4.99,74,88,3.0,12.7,82.1,52.4,fastened,0,NONE,Cloudy,Wet,night
235,EXC003,OP008,2024-01-05 21:00:00,10773.4,2298,213.4,49.0,17.99,17,97,14.1,3.1,66.1,62.2,fastened,0,NONE,Rainy,Dry,day
236,EXC005,OP006,2024-01-05 21:30:00,8407.3,1137,232.9,52.1,10.81,64,94,2.7,5.2,42.6,76.6,fastened,0,P0217,Rainy,Wet,night
237,EXC003,OP005,2024-01-05 22:00:00,5529.3,2075,242.7,15.9,4.91,74,113,2.7,3.8,94.4,68.9,fastened,0,NONE,Sunny,Muddy,day
238,EXC002,OP009,2024-01-05 22:30:00,2899.0,1587,133.9,30.0,12.59,26,60,0.1,12.7,43.8,80.8,fastened,1,NONE,Windy,Dry,day
239,EXC002,OP004,2024-01-05 23:00:00,7216.7,2365,164.9,83.4,13.37,23,27,7.0,8.7,40.3,47.6,fastened,0,NONE,Cloudy,Wet,night
240,EXC003,OP006,2024-01-05 23:30:00,7155.5,2010,122.2,17.0,9.8,84,36,7.9,5.4,55.4,63.6,fastened,0,NONE,Windy,Frozen,day
241,EXC002,OP001,2024-01-06 00:00:00,6418.0,772,181.5,14.9,2.79,57,36,8.1,1.0,34.7,81.6,fastened,0,NONE,Cloudy,Dry,night
242,EXC004,OP007,2024-01-06 00:30:00,8879.9,639,263.9,58.0,14.76,77,72,13.8,16.9,58.3,40.5,unfastened,0,P0562,Rainy,Dry,day
243,EXC001,OP002,2024-01-06 01:00:00,2989.5,2265,294.8,84.8,14.68,85,19,7.5,1.2,90.6,77.7,fastened,0,P0562,Windy,Frozen,night
244,EXC005,OP001,2024-01-06 01:30:00,6180.8,2376,181.7,41.0,13.89,85,49,0.1,8.4,93.2,71.4,fastened,0,NONE,Sunny,Dry,night
245,EXC002,OP003,2024-01-06 02:00:00,3770.0,715,235.5,66.4,13.72,73,90,11.0,10.0,66.5,93.6,fastened,0,NONE,Sunny,Muddy,night
246,EXC001,OP007,2024-01-06 02:30:00,2546.6,1183,230.9,90.7,7.17,55,61,3.1,10.0,44.7,95.8,fastened,1,NONE,Sunny,Muddy,night
247,EXC005,OP009,2024-01-06 03:00:00,4060.1,896,204.0,89.7,9.12,85,46,0.5,3.0,107.9,80.0,unfastened,0,NONE,Windy,Muddy,night
248,EXC002,OP006,2024-01-06 03:30:00,9655.1,2353,252.7,49.4,12.08,29,66,14.0,15.6,95.9,71.2,unfastened,1,NONE,Sunny,Frozen,day
249,EXC004,OP007,2024-01-06 04:00:00,1455.3,1533,133.2,33.1,3.4,49,24,4.4,5.0,30.4,70.8,fastened,0,NONE,Rainy,Muddy,day
250,EXC002,OP003,2024-01-06 04:30:00,3378.2,691,116.5,59.5,11.07,40,12,13.6,13.8,78.6,65.8,fastened,0,P0100,Cloudy,Frozen,night
251,EXC005,OP002,2024-01-06 05:00:00,6443.0,1792,176.6,92.8,2.43,30,89,11.6,8.3,105.6,85.1,fastened,1,NONE,Sunny,Muddy,night
252,EXC001,OP002,2024-01-06 05:30:00,4871.5,684,313.2,69.7,15.34,29,76,15.9,11.5,104.3,59.4,fastened,0,P0217,Sunny,Dry,night
253,EXC003,OP001,2024-01-06 06:00:00,9949.3,1485,309.7,95.7,2.6,87,85,6.4,9.9,62.0,54.0,fastened,1,NONE,Windy,Muddy,day
254,EXC001,OP004,2024-01-06 06:30:00,9373.0,800,239.3,60.0,14.02,31,49,11.7,21.0,78.9,65.6,fastened,0,P0562,Cloudy,Dry,day
255,EXC003,OP008,2024-01-06 07:00:00,8167.2,687,227.3,7.0,4.38,9,34,10.2,7.6,79.3,59.3,fastened,0,NONE,Rainy,Wet,day
256,EXC004,OP001,2024-01-06 07:30:00,3461.7,2261,239.3,47.6,16.75,67,99,14.1,3.4,88.4,87.2,fastened,0,NONE,Cloudy,Muddy,day
257,EXC003,OP004,2024-01-06 08:00:00,352.5,1659,194.5,90.8,12.01,33,90,5.9,7.9,105.3,56.0,fastened,1,NONE,Rainy,Frozen,night
258,EXC005,OP007,2024-01-06 08:30:00,3835.5,2258,163.4,8.2,8.05,84,16,10.8,11.0,67.3,63.3,fastened,1,NONE,Sunny,Wet,day
259,EXC004,OP001,2024-01-06 09:00:00,7251.4,840,101.2,63.7,1.26,77,116,9.7,1.5,34.9,55.7,fastened,0,NONE,Windy,Dry,day
260,EXC005,OP006,2024-01-06 09:30:00,1307.2,1527,104.2,40.9,11.13,44,71,0.8,20.2,87.8,71.2,fastened,0,NONE,Windy,Dry,night
261,EXC005,OP004,2024-01-06 10:00:00,9900.6,2327,313.9,43.3,7.12,74,42,0.6,4.4,105.7,57.8,unfastened,0,NONE,Rainy,Wet,night
262,EXC005,OP010,2024-01-06 10:30:00,11840.5,1186,263.8,58.9,14.47,36,49,16.3,20.5,99.6,76.3,fastened,0,P0562,Windy,Dry,day
263,EXC003,OP005,2024-01-06 11:00:00,8877.0,2051,251.8,44.1,14.37,20,70,11.5,8.9,32.0,86.8,fastened,0,P0217,Windy,Wet,night
264,EXC005,OP006,2024-01-06 11:30:00,5033.9,1412,285.8,92.4,12.52,57,20,11.0,12.2,100.6,83.5,fastened,0,P0217,Cloudy,Frozen,day
265,EXC004,OP009,2024-01-06 12:00:00,9586.9,717,233.5,33.9,5.19,83,18,13.4,15.0,41.8,57.5,unfastened,0,P0100,Windy,Wet,day
266,EXC001,OP008,2024-01-06 12:30:00,3343.9,1077,246.9,77.1,3.53,25,55,0.3,1.4,108.3,72.8,fastened,0,NONE,Cloudy,Muddy,night
267,EXC001,OP006,2024-01-06 13:00:00,11453.9,1351,273.8,13.7,9.2,15,115,4.2,9.1,89.3,62.2,fastened,1,P0217,Windy,Dry,day
268,EXC002,OP007,2024-01-06 13:30:00,4462.6,1723,127.5,36.6,8.42,0,55,11.7,6.2,40.1,77.7,fastened,0,NONE,Sunny,Wet,night
269,EXC003,OP005,2024-01-06 14:00:00,8309.7,870,297.00720813689554,20.0,12.28,34,104,12.9,3.7,38.1,90.5,fastened,1,NONE,Cloudy,Wet,day
270,EXC001,OP007,2024-01-06 14:30:00,325.1,1512,222.3,25.9,9.82,65,92,11.3,14.7,52.2,88.7,fastened,0,NONE,Sunny,Muddy,night
271,EXC003,OP004,2024-01-06 15:00:00,7605.6,2017,121.3,58.6,9.16,72,103,7.4,3.6,48.4,91.5,fastened,1,NONE,Windy,Muddy,night
272,EXC004,OP004,2024-01-06 15:30:00,3622.7,1281,245.1,37.5,8.91,29,26,10.6,12.8,30.3,63.4,fastened,0,NONE,Rainy,Frozen,night
273,EXC004,OP009,2024-01-06 16:00:00,1315.3,953,283.1,9.6,9.32,59,119,12.6,8.6,105.42508096681631,87.1,fastened,0,NONE,Sunny,Frozen,day
274,EXC005,OP005,2024-01-06 16:30:00,5259.2,1835,284.3,87.0,15.76,21,101,7.3,21.5,40.1,61.8,fastened,0,P0217,Rainy,Frozen,day
275,EXC002,OP006,2024-01-06 17:00:00,1359.7,1744,171.1,69.2,3.49,16,104,10.2,19.9,109.1,45.9,fastened,0,NONE,Sunny,Frozen,day
276,EXC001,OP002,2024-01-06 17:30:00,2302.2,1305,144.6,95.7,0.83,48,15,1.4,0.2,51.1,74.1,fastened,0,NONE,Windy,Muddy,night
277,EXC005,OP004,2024-01-06 18:00:00,10752.1,2087,310.9,81.0,4.38,28,39,3.1,17.8,76.0,74.6,fastened,0,NONE,Sunny,Muddy,day
278,EXC003,OP007,2024-01-06 18:30:00,855.1,2051,300.7,58.1,5.93,14,66,13.9,3.7,85.9,84.1,fastened,0,P0100,Rainy,Frozen,night
279,EXC004,OP006,2024-01-06 19:00:00,7537.4,784,298.8788462120133,48.7,11.22,21,79,6.8,10.4,54.1,88.7,fastened,0,NONE,Rainy,Muddy,night
280,EXC003,OP004,2024-01-06 19:30:00,817.4,1677,296.7,94.9,15.25,25,81,14.0,17.9,109.65536695639068,91.9,fastened,0,NONE,Sunny,Frozen,night
281,EXC003,OP001,2024-01-06 20:00:00,8644.8,1733,293.8,45.3,12.98,28,117,12.1,6.3,91.8,80.7,fastened,0,NONE,Sunny,Muddy,night
282,EXC001,OP006,2024-01-06 20:30:00,11736.9,963,174.4,56.8,17.97,46,11,6.5,16.1,35.2,76.3,fastened,0,NONE,Windy,Muddy,day
283,EXC003,OP004,2024-01-06 21:00:00,5211.4,929,179.9,36.7,0.51,78,37,13.9,5.3,58.9,40.9,fastened,0,NONE,Sunny,Wet,day
284,EXC005,OP010,2024-01-06 21:30:00,11621.0,893,305.0,31.7,3.83,87,17,2.3,19.2,93.2,46.6,fastened,0,NONE,Windy,Wet,day
285,EXC001,OP001,2024-01-06 22:00:00,7733.7,1190,263.2,85.3,2.02,51,68,2.9,9.7,56.6,48.1,unfastened,0,NONE,Sunny,Wet,day
286,EXC002,OP007,2024-01-06 22:30:00,7186.1,1060,235.9,28.5,12.11,21,40,7.4,4.4,34.7,55.0,fastened,0,NONE,Windy,Frozen,night
287,EXC005,OP004,2024-01-06 23:00:00,2136.9,1867,309.6,18.7,7.97,17,77,11.8,1.2,45.0,91.8,fastened,0,NONE,Rainy,Dry,night
288,EXC003,OP003,2024-01-06 23:30:00,11433.1,2252,290.3,74.2,5.95,42,51,5.4,13.3,84.2,82.1,fastened,1,NONE,Windy,Dry,day
289,EXC001,OP008,2024-01-07 00:00:00,10352.4,1427,116.4,84.9,5.97,60,38,5.8,15.0,107.4,76.7,fastened,0,NONE,Cloudy,Wet,night
290,EXC005,OP006,2024-01-07 00:30:00,1667.9,2082,209.7,93.1,16.13,47,48,15.5,15.0,48.3,47.2,fastened,0,NONE,Windy,Muddy,day
291,EXC001,OP001,2024-01-07 01:00:00,440.8,1516,297.1,68.4,1.82,11,79,16.2,10.9,71.4,78.0,fastened,0,P0217,Cloudy,Dry,night
292,EXC002,OP007,2024-01-07 01:30:00,4372.7,2349,124.5,38.1,5.98,64,116,16.4,8.9,49.2,82.3,fastened,0,P0217,Cloudy,Dry,night
293,EXC003,OP002,2024-01-07 02:00:00,1997.2,1295,115.9,53.5,9.25,27,28,0.4,13.6,103.9,57.9,fastened,1,NONE,Windy,Wet,day
294,EXC002,OP009,2024-01-07 02:30:00,4100.2,2326,289.0,22.7,7.7,46,28,14.4,0.7,102.0,54.1,fastened,0,NONE,Windy,Dry,night
295,EXC003,OP003,2024-01-07 03:00:00,11505.7,2119,271.0,25.1,12.53,77,115,13.7,5.3,61.3,79.8,fastened,1,NONE,Sunny,Frozen,day
296,EXC004,OP008,2024-01-07 03:30:00,10356.6,2245,136.8,90.1,11.13,66,107,4.6,5.6,33.0,47.0,fastened,0,NONE,Rainy,Dry,day
297,EXC003,OP004,2024-01-07 04:00:00,5337.4,2232,139.8,85.6,14.51,47,108,4.1,17.1,78.6,73.7,fastened,0,NONE,Windy,Frozen,night
298,EXC003,OP004,2024-01-07 04:30:00,3382.4,1239,283.2,31.5,15.27,77,113,0.6,9.7,80.2,96.6,fastened,0,NONE,Cloudy,Wet,day
299,EXC004,OP001,2024-01-07 05:00:00,6975.9,625,146.0,41.1,7.5,18,33,14.8,1.0,79.4,41.4,fastened,0,NONE,Rainy,Muddy,day
300,EXC004,OP010,2024-01-07 05:30:00,11256.2,1715,131.7,96.1,15.66,25,29,10.9,19.7,53.7,50.6,fastened,0,NONE,Cloudy,Frozen,day
301,EXC004,OP006,2024-01-07 06:00:00,9508.8,2343,299.7,42.2,11.56,24,81,0.3,8.5,31.9,70.7,fastened,0,NONE,Windy,Wet,day
302,EXC003,OP002,2024-01-07 06:30:00,10426.3,698,277.1,36.1,15.56,64,93,4.1,1.7,32.6,44.1,fastened,0,NONE,Rainy,Dry,night
303,EXC003,OP001,2024-01-07 07:00:00,9157.2,990,188.8,24.1,8.64,75,101,15.0,9.2,92.3,81.1,fastened,0,NONE,Windy,Frozen,night
304,EXC002,OP003,2024-01-07 07:30:00,6093.5,2156,237.7,43.7,0.95,23,119,10.8,20.9,72.5,44.7,fastened,0,P0562,Sunny,Frozen,night
305,EXC003,OP005,2024-01-07 08:00:00,1783.9,2398,194.7,39.5,12.01,17,108,15.4,17.6,51.7,51.1,fastened,0,NONE,Sunny,Muddy,night
306,EXC001,OP001,2024-01-07 08:30:00,9841.5,2394,160.4,74.8,17.41,72,37,2.6,13.1,103.2,71.8,fastened,0,NONE,Rainy,Frozen,day
307,EXC001,OP004,2024-01-07 09:00:00,7846.5,1411,317.1,38.0,16.78,40,42,17.1,16.7,100.7,87.3,fastened,0,NONE,Sunny,Muddy,day
308,EXC005,OP004,2024-01-07 09:30:00,9294.9,1941,220.0,48.5,3.16,57,65,3.7,11.4,95.3,61.3,fastened,0,NONE,Cloudy,Muddy,night
309,EXC005,OP009,2024-01-07 10:00:00,8834.7,660,240.3,35.5,9.07,78,42,5.5,17.7,79.7,43.3,fastened,0,NONE,Windy,Frozen,day
310,EXC002,OP005,2024-01-07 10:30:00,3028.7,2006,189.8,35.3,15.77,51,93,16.7,18.5,79.2,60.2,fastened,0,NONE,Cloudy,Frozen,day
311,EXC003,OP002,2024-01-07 11:00:00,3499.5,859,303.04532561874095,28.9,7.79,78,100,5.6,7.4,72.5,44.3,fastened,0,NONE,Sunny,Muddy,day
312,EXC005,OP003,2024-01-07 11:30:00,10290.9,2185,163.3,52.3,9.57,41,90,10.7,9.8,44.7,50.9,fastened,0,NONE,Cloudy,Muddy,night
313,EXC003,OP009,2024-01-07 12:00:00,4946.6,1783,194.4,45.8,17.96,73,11,6.2,5.0,88.2,67.2,fastened,0,P0100,Sunny,Frozen,day
314,EXC001,OP001,2024-01-07 12:30:00,2214.9,771,238.1,10.5,8.95,49,101,13.3,15.1,71.7,91.1,fastened,0,NONE,Windy,Wet,night
315,EXC003,OP002,2024-01-07 13:00:00,7748.3,893,278.7,93.4,3.83,48,41,5.6,3.0,73.7,91.8,fastened,0,NONE,Rainy,Muddy,day
316,EXC005,OP001,2024-01-07 13:30:00,3650.0,1467,319.4314458830519,38.1,1.18,21,48,7.9,10.4,85.1,80.8,fastened,0,P0562,Windy,Wet,night
317,EXC002,OP001,2024-01-07 14:00:00,7747.9,2293,102.5,77.0,8.57,60,71,1.5,21.3,59.8,88.9,fastened,0,NONE,Cloudy,Wet,day
318,EXC005,OP010,2024-01-07 14:30:00,7121.8,1918,217.7,91.2,9.51,44,23,16.6,10.3,86.4,71.0,fastened,0,P0562,Windy,Muddy,night
319,EXC004,OP010,2024-01-07 15:00:00,7991.3,1762,182.1,6.1,16.6,58,90,16.3,1.5,49.9,95.4,fastened,0,NONE,Windy,Frozen,day
320,EXC001,OP008,2024-01-07 15:30:00,11921.9,1689,233.5,16.7,14.36,54,84,14.5,0.4,99.2,88.4,fastened,0,NONE,Rainy,Dry,night
321,EXC005,OP001,2024-01-07 16:00:00,3400.0,2255,294.0,23.1,1.6,33,59,15.7,20.9,108.9,78.1,fastened,1,NONE,Cloudy,Frozen,day
322,EXC004,OP007,2024-01-07 16:30:00,11710.1,1572,270.5,89.2,14.79,34,47,10.8,15.6,77.3,53.6,fastened,0,P0562,Windy,Wet,day
323,EXC002,OP008,2024-01-07 17:00:00,9185.2,1332,172.8,56.8,1.72,28,41,1.5,15.6,60.5,84.1,fastened,0,P0100,Windy,Muddy,day
324,EXC004,OP008,2024-01-07 17:30:00,10279.3,1294,262.6,34.5,0.75,34,81,1.3,8.1,53.1,90.8,fastened,0,NONE,Sunny,Dry,day
325,EXC005,OP008,2024-01-07 18:00:00,9649.7,1541,122.3,9.2,10.07,76,118,14.1,11.0,101.4,67.8,fastened,0,P0100,Windy,Frozen,day
326,EXC004,OP007,2024-01-07 18:30:00,373.3,996,128.2,8.4,9.77,31,62,9.3,12.3,56.1,61.1,fastened,1,NONE,Rainy,Muddy,day
327,EXC005,OP005,2024-01-07 19:00:00,6093.9,2315,149.6,59.9,6.04,10,117,5.0,16.9,95.1,61.2,fastened,1,NONE,Cloudy,Muddy,day
328,EXC005,OP001,2024-01-07 19:30:00,1358.6,2260,187.9,71.8,8.56,73,60,0.7,11.2,62.7,83.6,fastened,0,NONE,Cloudy,Dry,day
329,EXC002,OP009,2024-01-07 20:00:00,8114.4,1288,212.3,41.6,16.61,19,10,17.7,6.7,107.25171731575033,95.1,fastened,0,NONE,Sunny,Muddy,day
330,EXC001,OP010,2024-01-07 20:30:00,809.8,1921,187.5,32.3,12.34,34,106,1.7,11.7,64.5,63.2,fastened,0,NONE,Sunny,Frozen,night
331,EXC005,OP006,2024-01-07 21:00:00,495.1,1992,238.1,81.6,6.49,18,48,6.6,15.0,76.2,46.2,fastened,0,P0100,Sunny,Wet,day
332,EXC005,OP005,2024-01-07 21:30:00,10890.1,2216,127.3,87.2,16.84,52,80,12.2,1.3,39.8,42.4,fastened,0,NONE,Rainy,Wet,night
333,EXC002,OP010,2024-01-07 22:00:00,11013.0,800,214.7,41.4,3.35,23,61,11.2,10.4,108.0,88.2,fastened,0,NONE,Cloudy,Muddy,day
334,EXC003,OP005,2024-01-07 22:30:00,7522.9,2384,307.3904998714728,76.1,3.57,87,78,2.3,7.6,75.0,58.0,unfastened,0,NONE,Sunny,Muddy,day
335,EXC003,OP004,2024-01-07 23:00:00,5573.1,696,180.2,87.6,4.58,78,93,11.2,19.7,79.5,87.7,fastened,0,NONE,Sunny,Muddy,day
336,EXC002,OP009,2024-01-07 23:30:00,9959.1,801,212.0,41.2,4.57,2,116,6.1,8.5,40.0,46.7,fastened,0,NONE,Windy,Wet,night
337,EXC003,OP010,2024-01-08 00:00:00,11574.2,2077,129.2,20.3,1.74,49,115,3.1,13.8,85.2,42.3,fastened,0,P0217,Cloudy,Wet,day
338,EXC003,OP003,2024-01-08 00:30:00,746.1,1378,185.4,40.0,5.92,19,39,11.1,10.0,64.1,58.0,fastened,0,NONE,Windy,Frozen,day
339,EXC005,OP003,2024-01-08 01:00:00,1332.0,791,267.4,10.9,10.1,80,12,16.2,17.9,63.9,58.3,fastened,0,NONE,Cloudy,Dry,night
340,EXC002,OP004,2024-01-08 01:30:00,10870.5,826,161.1,8.4,4.4,83,85,13.5,20.5,67.9,97.9,fastened,0,P0100,Cloudy,Frozen,night
341,EXC001,OP002,2024-01-08 02:00:00,1282.8,1307,268.2,83.4,2.37,16,32,2.9,1.8,72.9,53.9,fastened,0,P0100,Cloudy,Wet,day
342,EXC003,OP009,2024-01-08 02:30:00,8598.6,868,150.8,86.0,11.88,64,49,3.1,0.4,94.3,83.0,fastened,1,NONE,Sunny,Wet,night
343,EXC001,OP010,2024-01-08 03:00:00,6686.8,1479,265.9,66.5,7.85,62,92,8.4,15.5,57.4,93.4,fastened,0,NONE,Sunny,Dry,night
344,EXC001,OP006,2024-01-08 03:30:00,6307.5,663,142.8,86.4,11.93,68,75,0.4,13.9,100.5,85.4,fastened,0,NONE,Windy,Wet,night
345,EXC004,OP008,2024-01-08 04:00:00,1261.9,1095,309.3,93.9,4.84,39,75,0.4,12.2,38.9,96.5,fastened,0,NONE,Cloudy,Wet,day
346,EXC005,OP005,2024-01-08 04:30:00,8771.6,1129,133.8,70.2,13.73,8,99,4.5,9.5,72.4,49.7,fastened,0,P0562,Windy,Muddy,night
347,EXC001,OP010,2024-01-08 05:00:00,7263.9,1516,320.0,91.6,17.52,42,79,1.9,16.5,84.2,79.6,fastened,0,NONE,Cloudy,Frozen,day
348,EXC002,OP010,2024-01-08 05:30:00,11153.2,2367,150.4,92.4,5.07,46,111,9.8,15.5,107.6,70.3,fastened,0,P0100,Windy,Frozen,day
349,EXC001,OP008,2024-01-08 06:00:00,5823.8,1163,256.2,31.1,11.69,53,31,0.8,9.2,61.9,90.5,fastened,0,P0100,Sunny,Frozen,day
350,EXC003,OP009,2024-01-08 06:30:00,10957.8,1918,167.1,95.2,13.89,70,56,4.4,7.1,84.3,83.1,fastened,0,P0562,Rainy,Dry,day
351,EXC003,OP002,2024-01-08 07:00:00,2288.3,895,319.72877251821654,98.5,10.01,67,58,1.0,21.2,92.9,85.2,fastened,0,NONE,Sunny,Wet,night
352,EXC005,OP009,2024-01-08 07:30:00,2526.3,1678,105.5,31.6,5.59,38,101,9.5,8.9,96.6,62.4,unfastened,0,NONE,Windy,Muddy,night
353,EXC005,OP005,2024-01-08 08:00:00,11392.8,2147,132.4,64.6,4.25,79,101,6.3,4.6,103.4,79.3,fastened,0,NONE,Cloudy,Muddy,day
354,EXC005,OP003,2024-01-08 08:30:00,1282.6,1513,189.8,25.9,11.82,75,46,1.5,21.1,57.7,91.1,unfastened,1,NONE,Windy,Dry,day
355,EXC003,OP010,2024-01-08 09:00:00,2914.8,2180,227.6,42.4,8.9,27,111,6.4,15.5,97.4,51.4,unfastened,0,P0100,Rainy,Frozen,night
356,EXC004,OP009,2024-01-08 09:30:00,1782.1,2376,205.3,64.3,15.15,26,82,0.0,12.3,106.6,41.8,fastened,0,P0217,Sunny,Frozen,night
357,EXC002,OP002,2024-01-08 10:00:00,8545.8,1550,238.7,8.6,2.06,48,35,14.9,16.9,67.5,58.1,fastened,0,NONE,Rainy,Frozen,day
358,EXC001,OP007,2024-01-08 10:30:00,9384.9,1467,121.1,66.4,1.07,44,106,6.5,4.9,85.3,90.1,fastened,0,P0100,Windy,Frozen,day
359,EXC005,OP009,2024-01-08 11:00:00,10827.6,1169,248.8,51.2,6.99,33,28,12.0,12.3,55.8,67.0,unfastened,0,P0100,Sunny,Muddy,day
360,EXC005,OP007,2024-01-08 11:30:00,1847.0,616,272.7,16.8,8.8,83,85,12.8,6.0,50.5,54.9,fastened,0,NONE,Windy,Frozen,night
361,EXC001,OP005,2024-01-08 12:00:00,3928.7,2007,150.7,70.0,11.69,71,112,10.0,19.0,52.2,92.8,fastened,0,NONE,Cloudy,Dry,day
362,EXC001,OP001,2024-01-08 12:30:00,3874.6,2312,274.2,94.5,2.5,47,87,10.6,3.0,34.1,42.4,fastened,0,P0217,Rainy,Dry,day
363,EXC005,OP005,2024-01-08 13:00:00,11684.3,1772,155.0,5.2,10.78,15,65,7.7,4.8,76.3,86.8,unfastened,0,P0217,Sunny,Muddy,night
364,EXC003,OP006,2024-01-08 13:30:00,7036.6,1076,197.7,46.6,14.73,77,102,7.3,5.4,98.9,86.3,fastened,0,P0562,Cloudy,Dry,night
365,EXC004,OP009,2024-01-08 14:00:00,4116.2,2381,277.3,17.0,16.42,83,30,5.5,9.6,53.0,70.1,unfastened,0,NONE,Rainy,Wet,day
366,EXC005,OP003,2024-01-08 14:30:00,3655.0,1191,251.2,24.7,16.25,13,37,1.3,2.9,32.5,55.3,fastened,0,NONE,Windy,Wet,night
367,EXC003,OP003,2024-01-08 15:00:00,3896.3,752,210.8,51.7,9.57,47,80,6.3,12.0,52.7,65.2,unfastened,1,P0100,Cloudy,Frozen,night
368,EXC001,OP010,2024-01-08 15:30:00,8575.0,2382,181.3,32.7,16.24,54,92,8.3,16.1,91.8,60.5,fastened,0,NONE,Sunny,Dry,day
369,EXC004,OP009,2024-01-08 16:00:00,6636.5,1694,224.0,66.7,9.91,21,40,2.4,0.2,65.8,48.2,unfastened,0,P0217,Rainy,Frozen,night
370,EXC001,OP006,2024-01-08 16:30:00,7521.0,2233,214.3,30.1,1.78,28,80,16.3,19.5,91.4,74.5,fastened,1,NONE,Windy,Dry,night
371,EXC004,OP005,2024-01-08 17:00:00,5699.0,2205,313.7,78.7,17.54,34,96,0.2,18.7,47.4,51.3,fastened,0,NONE,Cloudy,Frozen,day
372,EXC003,OP007,2024-01-08 17:30:00,412.4,1407,281.8,22.4,0.55,31,70,4.0,1.1,81.4,97.8,fastened,0,NONE,Sunny,Dry,day
373,EXC003,OP002,2024-01-08 18:00:00,8276.6,1394,125.6,91.2,5.5,60,27,12.2,1.5,88.5,73.3,fastened,0,NONE,Sunny,Frozen,day
374,EXC003,OP003,2024-01-08 18:30:00,8717.1,2120,190.7,43.0,1.31,0,117,14.8,12.6,94.7,46.8,fastened,0,NONE,Rainy,Dry,night
375,EXC005,OP006,2024-01-08 19:00:00,2245.0,1282,229.2,10.3,10.01,58,49,8.5,6.9,84.7,75.6,fastened,0,NONE,Sunny,Frozen,day
376,EXC002,OP005,2024-01-08 19:30:00,7827.5,1019,255.2,14.5,10.43,47,55,10.6,10.8,102.9,62.0,fastened,0,NONE,Cloudy,Dry,day
377,EXC005,OP002,2024-01-08 20:00:00,10542.8,1619,139.0,55.6,11.66,68,73,4.9,12.5,40.1,50.8,fastened,0,NONE,Cloudy,Wet,night
378,EXC005,OP006,2024-01-08 20:30:00,7272.9,1666,282.8,91.5,2.96,88,35,17.2,14.0,74.1,57.2,fastened,0,NONE,Sunny,Wet,day
379,EXC005,OP007,2024-01-08 21:00:00,8055.6,2079,238.6,54.0,0.8,38,18,11.6,16.1,66.0,54.8,fastened,0,NONE,Sunny,Wet,night
380,EXC005,OP009,2024-01-08 21:30:00,8438.5,725,114.8,47.8,5.15,86,102,2.4,18.9,109.9,73.8,fastened,1,NONE,Sunny,Muddy,day
381,EXC004,OP007,2024-01-08 22:00:00,3959.6,2270,113.0,78.4,1.4,39,92,13.3,13.3,73.9,56.0,unfastened,0,NONE,Rainy,Frozen,night
382,EXC005,OP007,2024-01-08 22:30:00,1936.1,1635,251.0,26.5,1.12,21,30,2.3,2.3,84.8,42.8,fastened,0,NONE,Cloudy,Dry,night
383,EXC004,OP006,2024-01-08 23:00:00,5724.6,2328,266.2,69.3,5.12,45,66,7.3,3.0,103.5,87.4,unfastened,0,NONE,Cloudy,Dry,day
384,EXC001,OP002,2024-01-08 23:30:00,2858.4,1000,168.3,25.7,17.98,20,91,8.8,13.5,41.4,56.6,fastened,0,NONE,Cloudy,Muddy,day
385,EXC001,OP004,2024-01-09 00:00:00,8275.2,1716,135.6,85.3,14.56,0,118,13.0,15.6,57.1,57.7,fastened,0,NONE,Sunny,Dry,day
386,EXC004,OP005,2024-01-09 00:30:00,8607.6,1654,148.4,88.7,6.83,50,112,17.9,16.6,55.9,65.1,fastened,1,NONE,Sunny,Muddy,day
387,EXC003,OP006,2024-01-09 01:00:00,197.4,2317,186.3,23.5,7.08,28,17,6.7,11.4,39.4,86.0,fastened,0,P0562,Windy,Dry,day
388,EXC005,OP003,2024-01-09 01:30:00,11455.0,1371,239.0,18.6,16.77,17,100,12.2,13.2,74.8,75.7,fastened,1,NONE,Cloudy,Wet,night
389,EXC003,OP008,2024-01-09 02:00:00,11107.5,925,141.3,73.7,12.08,0,25,12.1,21.4,54.5,45.1,fastened,0,NONE,Rainy,Muddy,day
390,EXC002,OP006,2024-01-09 02:30:00,1670.1,2279,274.1,67.0,15.15,64,79,3.3,7.7,43.2,66.7,fastened,0,NONE,Rainy,Wet,night
391,EXC005,OP004,2024-01-09 03:00:00,5785.8,2139,154.8,64.1,15.63,75,75,11.6,4.7,31.8,83.9,fastened,1,P0217,Sunny,Muddy,night
392,EXC003,OP005,2024-01-09 03:30:00,2587.4,890,278.1,53.4,3.46,62,111,15.8,21.3,32.0,42.4,fastened,0,NONE,Rainy,Frozen,day
393,EXC005,OP008,2024-01-09 04:00:00,11570.6,1889,303.3,17.3,0.78,33,74,10.0,20.2,61.3,42.3,unfastened,0,NONE,Cloudy,Wet,night
394,EXC001,OP001,2024-01-09 04:30:00,6835.8,1511,136.1,73.4,5.19,56,63,8.6,0.2,78.9,80.7,fastened,0,NONE,Cloudy,Wet,day
395,EXC001,OP004,2024-01-09 05:00:00,8431.9,2032,301.9,20.4,10.9,48,76,11.7,8.8,47.0,69.1,fastened,0,NONE,Sunny,Dry,day
396,EXC001,OP003,2024-01-09 05:30:00,11736.8,1169,255.2,56.6,16.4,0,18,14.5,16.2,102.8,49.5,fastened,0,P0562,Rainy,Frozen,day
397,EXC005,OP004,2024-01-09 06:00:00,8108.7,829,295.2,37.9,5.9,65,13,4.1,3.9,46.8,78.9,fastened,0,NONE,Rainy,Frozen,day
398,EXC001,OP007,2024-01-09 06:30:00,10462.2,859,176.3,36.5,15.38,42,90,2.9,0.7,51.6,44.7,fastened,0,NONE,Rainy,Dry,night
399,EXC004,OP003,2024-01-09 07:00:00,2962.6,2254,318.1288523134663,84.1,12.09,41,64,11.7,0.8,54.3,65.8,fastened,1,P0562,Rainy,Dry,day
400,EXC004,OP006,2024-01-09 07:30:00,2829.8,1500,204.9,48.3,11.95,72,88,0.6,12.4,42.6,87.6,unfastened,0,NONE,Rainy,Dry,day
401,EXC005,OP004,2024-01-09 08:00:00,5350.2,1103,141.7,51.9,13.03,64,63,14.9,5.1,109.9,50.3,unfastened,0,NONE,Windy,Muddy,night
402,EXC004,OP001,2024-01-09 08:30:00,10589.6,2331,319.2,90.1,9.45,45,105,5.4,5.7,87.4,74.2,unfastened,0,NONE,Windy,Frozen,night
403,EXC001,OP009,2024-01-09 09:00:00,565.5,2299,308.6,58.1,12.29,76,44,2.0,0.3,54.0,61.5,fastened,0,P0100,Windy,Dry,day
404,EXC001,OP006,2024-01-09 09:30:00,5352.5,1369,313.71321358421886,81.1,14.38,66,54,13.8,16.0,107.9,91.8,fastened,0,P0562,Windy,Muddy,day
405,EXC001,OP003,2024-01-09 10:00:00,9916.4,2270,200.4,87.0,10.81,51,39,4.0,18.6,80.8,77.5,unfastened,0,NONE,Windy,Muddy,night
406,EXC003,OP006,2024-01-09 10:30:00,2211.7,1181,317.0,71.0,1.19,61,25,7.2,16.1,91.5,60.8,unfastened,0,P0562,Windy,Frozen,day
407,EXC003,OP010,2024-01-09 11:00:00,7427.1,1757,220.7,18.7,9.44,14,22,7.4,3.0,57.5,68.4,fastened,1,NONE,Cloudy,Muddy,night
408,EXC001,OP002,2024-01-09 11:30:00,932.5,1577,209.4,16.3,10.95,83,21,14.8,21.1,47.3,70.5,fastened,0,NONE,Rainy,Muddy,day
409,EXC001,OP009,2024-01-09 12:00:00,223.4,1325,143.0,46.3,15.82,79,20,4.8,21.2,66.0,97.1,fastened,0,NONE,Rainy,Wet,day
410,EXC002,OP001,2024-01-09 12:30:00,3894.9,1470,192.3,11.0,0.59,32,47,11.4,5.7,63.3,83.2,fastened,1,NONE,Cloudy,Frozen,day
411,EXC003,OP009,2024-01-09 13:00:00,9687.2,1058,209.6,33.6,1.35,3,58,18.0,21.6,108.8,81.4,fastened,0,NONE,Sunny,Wet,day
412,EXC005,OP004,2024-01-09 13:30:00,591.9,742,310.24144570539113,24.8,6.94,73,97,10.8,9.8,41.6,97.1,fastened,0,NONE,Sunny,Dry,night
413,EXC005,OP003,2024-01-09 14:00:00,4441.1,1803,199.0,8.7,14.55,45,100,2.5,0.9,40.8,48.9,fastened,0,NONE,Windy,Frozen,day
414,EXC003,OP008,2024-01-09 14:30:00,8770.7,1102,239.7,42.9,8.98,23,67,5.1,12.7,79.7,67.1,fastened,0,P0100,Rainy,Dry,night
415,EXC002,OP002,2024-01-09 15:00:00,4492.7,1554,122.3,28.7,5.84,89,75,9.6,11.6,75.0,95.8,fastened,0,NONE,Windy,Frozen,day
416,EXC004,OP002,2024-01-09 15:30:00,5797.8,1602,268.0,14.7,12.63,50,28,5.8,18.9,73.7,89.4,fastened,0,NONE,Rainy,Dry,night
417,EXC005,OP005,2024-01-09 16:00:00,6054.2,2395,100.7,74.4,9.33,18,38,9.3,7.8,63.0,51.9,fastened,0,P0217,Sunny,Frozen,night
418,EXC002,OP010,2024-01-09 16:30:00,10904.8,2101,241.3,91.7,10.54,55,36,9.8,16.9,58.9,64.4,fastened,0,NONE,Rainy,Muddy,day
419,EXC003,OP004,2024-01-09 17:00:00,10523.1,933,281.8,64.0,8.0,68,64,13.2,17.3,37.0,50.9,unfastened,0,NONE,Windy,Frozen,day
420,EXC001,OP006,2024-01-09 17:30:00,857.1,706,268.7,93.3,13.19,39,48,11.2,0.8,93.4,80.6,fastened,0,NONE,Rainy,Wet,day
421,EXC001,OP004,2024-01-09 18:00:00,8337.3,2340,132.4,20.8,0.77,61,33,12.6,14.8,65.7,75.8,fastened,0,P0100,Cloudy,Wet,night
422,EXC005,OP008,2024-01-09 18:30:00,6560.7,763,285.7,78.0,0.53,9,62,3.9,10.5,101.8,73.7,fastened,0,NONE,Rainy,Frozen,night
423,EXC002,OP009,2024-01-09 19:00:00,4318.8,1885,117.4,43.8,12.45,24,23,7.6,4.5,69.6,92.4,fastened,0,NONE,Rainy,Frozen,night
424,EXC001,OP010,2024-01-09 19:30:00,5961.3,2034,114.6,51.5,0.97,39,102,14.9,9.2,102.3,45.8,fastened,0,NONE,Sunny,Dry,night
425,EXC002,OP003,2024-01-09 20:00:00,10569.7,2158,281.0,68.1,6.4,10,93,13.5,18.9,103.9,94.5,fastened,0,NONE,Cloudy,Wet,night
426,EXC002,OP003,2024-01-09 20:30:00,9299.4,1211,140.2,79.4,6.91,17,119,3.3,15.2,74.7,68.1,fastened,0,P0562,Windy,Dry,night
427,EXC002,OP010,2024-01-09 21:00:00,6860.1,1228,198.4,10.7,11.24,48,39,1.2,13.8,93.8,41.6,fastened,1,NONE,Rainy,Wet,day
428,EXC004,OP006,2024-01-09 21:30:00,2189.7,1062,306.1,41.9,14.02,43,75,11.8,1.8,108.54580091673313,93.1,fastened,0,NONE,Windy,Dry,day
429,EXC003,OP004,2024-01-09 22:00:00,7462.0,903,146.0,77.7,14.88,32,99,8.0,14.7,39.4,94.0,fastened,0,NONE,Rainy,Muddy,night
430,EXC003,OP004,2024-01-09 22:30:00,6026.5,1013,271.7,55.8,5.4,1,52,7.4,16.7,86.0,94.7,fastened,0,NONE,Sunny,Frozen,day
431,EXC005,OP002,2024-01-09 23:00:00,5417.9,964,228.6,37.5,3.34,35,112,0.5,20.9,34.1,88.4,fastened,0,NONE,Rainy,Frozen,day
432,EXC005,OP001,2024-01-09 23:30:00,11331.6,2347,308.6945638469333,8.9,17.66,43,30,6.9,17.6,86.9,56.1,fastened,1,NONE,Rainy,Muddy,night
433,EXC002,OP004,2024-01-10 00:00:00,11912.3,1473,201.0,5.7,1.27,88,28,3.2,1.8,48.5,56.6,unfastened,0,NONE,Rainy,Dry,day
434,EXC005,OP008,2024-01-10 00:30:00,11421.2,723,190.3,45.4,14.74,77,66,0.6,20.8,48.8,59.0,fastened,0,NONE,Windy,Dry,day
435,EXC004,OP007,2024-01-10 01:00:00,8892.6,1726,282.0,50.9,0.85,46,49,7.2,17.4,58.8,53.1,fastened,0,P0562,Cloudy,Muddy,day
436,EXC001,OP001,2024-01-10 01:30:00,7226.5,889,279.1,26.8,8.99,1,77,14.8,0.1,104.0,92.7,fastened,0,NONE,Rainy,Muddy,day
437,EXC002,OP001,2024-01-10 02:00:00,3901.3,2378,182.2,81.0,11.73,16,103,16.0,15.7,86.9,71.0,unfastened,0,NONE,Windy,Dry,night
438,EXC002,OP009,2024-01-10 02:30:00,11371.5,1330,253.4,73.7,8.86,56,45,4.3,6.7,90.1,55.4,fastened,0,NONE,Rainy,Wet,night
439,EXC004,OP008,2024-01-10 03:00:00,5521.9,1514,217.0,22.9,10.38,43,91,4.9,13.3,92.6,84.8,fastened,0,NONE,Sunny,Frozen,night
440,EXC004,OP008,2024-01-10 03:30:00,2499.4,1069,264.6,22.9,0.94,28,45,1.8,6.2,96.5,76.4,fastened,0,P0100,Windy,Frozen,day
441,EXC004,OP009,2024-01-10 04:00:00,1417.8,1138,111.0,87.2,3.2,35,14,16.4,16.1,43.6,62.0,fastened,1,P0217,Sunny,Muddy,night
442,EXC001,OP007,2024-01-10 04:30:00,10045.8,903,173.9,92.3,10.18,52,101,1.2,4.1,105.3,93.0,fastened,0,NONE,Windy,Dry,day
443,EXC003,OP004,2024-01-10 05:00:00,4005.2,1506,314.22312655162494,98.5,14.98,38,67,16.9,18.4,61.8,72.2,fastened,0,NONE,Rainy,Dry,night
444,EXC003,OP006,2024-01-10 05:30:00,9218.0,2361,231.3,70.2,10.1,79,82,11.5,1.6,74.9,76.4,fastened,0,NONE,Rainy,Dry,day
445,EXC004,OP007,2024-01-10 06:00:00,7566.0,634,145.7,93.2,9.24,19,51,14.2,0.5,94.8,41.9,unfastened,0,NONE,Windy,Dry,night
446,EXC002,OP009,2024-01-10 06:30:00,3473.9,1401,217.0,19.1,17.79,77,59,4.0,2.9,98.2,76.5,fastened,0,P0217,Cloudy,Dry,night
447,EXC001,OP006,2024-01-10 07:00:00,10223.0,1303,315.6,19.8,7.32,83,100,10.9,8.5,70.5,63.9,fastened,0,NONE,Sunny,Frozen,day
448,EXC005,OP001,2024-01-10 07:30:00,10154.0,2364,109.6,8.9,7.25,45,71,2.0,14.4,73.6,83.4,fastened,0,P0217,Windy,Frozen,day
449,EXC003,OP007,2024-01-10 08:00:00,2144.7,1932,210.8,56.2,1.8,15,26,11.9,10.6,62.8,42.5,fastened,0,NONE,Rainy,Frozen,night
450,EXC005,OP008,2024-01-10 08:30:00,1548.8,2217,130.4,26.0,14.21,42,65,10.8,10.5,34.0,62.4,fastened,1,NONE,Windy,Frozen,night
451,EXC003,OP010,2024-01-10 09:00:00,7246.1,1060,228.1,59.0,1.69,81,24,14.8,19.0,81.8,43.8,fastened,0,P0100,Cloudy,Muddy,night
452,EXC002,OP002,2024-01-10 09:30:00,2877.6,970,153.0,5.7,2.88,47,29,11.6,12.3,84.2,94.0,fastened,0,NONE,Sunny,Dry,day
453,EXC003,OP009,2024-01-10 10:00:00,4053.0,1463,298.6,55.3,1.49,56,118,17.5,11.2,67.8,64.4,fastened,0,NONE,Sunny,Frozen,night
454,EXC001,OP001,2024-01-10 10:30:00,11246.9,830,170.0,89.4,3.87,35,105,8.8,9.2,33.8,48.1,fastened,0,NONE,Rainy,Muddy,night
455,EXC003,OP008,2024-01-10 11:00:00,2189.1,884,310.8,74.0,8.18,75,105,9.9,21.5,75.3,83.1,fastened,0,NONE,Sunny,Dry,day
456,EXC005,OP004,2024-01-10 11:30:00,5698.9,1068,100.9,39.9,1.23,26,20,1.4,5.3,38.2,91.1,fastened,0,NONE,Rainy,Muddy,day
457,EXC002,OP002,2024-01-10 12:00:00,3609.4,1164,283.1,11.5,7.7,23,119,1.9,3.4,66.3,85.0,fastened,0,P0562,Sunny,Wet,day
458,EXC001,OP004,2024-01-10 12:30:00,4240.4,1882,157.6,28.3,8.92,14,33,3.1,10.8,93.9,89.3,fastened,0,NONE,Sunny,Dry,night
459,EXC001,OP006,2024-01-10 13:00:00,4504.1,869,144.4,52.8,2.44,62,29,2.1,14.9,48.2,89.1,fastened,0,NONE,Cloudy,Dry,night
460,EXC001,OP002,2024-01-10 13:30:00,3194.0,1287,294.5,29.4,1.46,82,71,2.5,0.5,103.5,97.4,fastened,0,P0100,Windy,Dry,day
461,EXC002,OP006,2024-01-10 14:00:00,9185.5,1816,306.19513470184745,78.8,6.0,32,51,4.7,18.9,86.7,61.1,unfastened,0,NONE,Sunny,Wet,day
462,EXC002,OP008,2024-01-10 14:30:00,9761.3,1480,228.5,93.8,11.88,5,60,5.0,6.2,50.6,60.2,fastened,0,NONE,Windy,Dry,night
463,EXC004,OP009,2024-01-10 15:00:00,6520.3,2141,262.1,21.7,11.13,36,105,12.5,14.2,48.4,46.5,fastened,0,NONE,Windy,Muddy,day
464,EXC002,OP006,2024-01-10 15:30:00,10801.7,636,192.2,5.5,2.72,31,75,8.8,3.8,36.0,89.7,fastened,0,NONE,Sunny,Muddy,night
465,EXC002,OP007,2024-01-10 16:00:00,1726.1,1334,122.3,13.0,2.11,55,42,16.7,19.2,99.9,94.0,fastened,0,NONE,Cloudy,Muddy,night
466,EXC001,OP010,2024-01-10 16:30:00,6128.5,607,302.9,81.3,3.77,14,111,6.2,7.9,35.0,56.4,fastened,0,NONE,Rainy,Frozen,night
467,EXC003,OP001,2024-01-10 17:00:00,9958.3,712,308.7365157983521,10.1,15.8,70,87,1.1,4.1,80.1,75.7,fastened,1,NONE,Cloudy,Frozen,night
468,EXC002,OP008,2024-01-10 17:30:00,7488.9,1332,296.3,75.9,16.8,5,41,15.2,0.4,90.1,54.2,fastened,0,NONE,Sunny,Dry,day
469,EXC004,OP010,2024-01-10 18:00:00,11821.5,1052,268.9,43.5,9.63,34,15,15.2,6.8,50.4,90.0,fastened,0,NONE,Rainy,Wet,night
470,EXC001,OP009,2024-01-10 18:30:00,7189.4,870,270.3,45.5,16.29,15,26,6.5,8.3,60.4,40.4,fastened,0,NONE,Sunny,Dry,night
471,EXC004,OP010,2024-01-10 19:00:00,11524.3,2327,229.8,74.4,2.8,78,32,1.3,0.8,53.5,80.3,fastened,0,P0562,Sunny,Wet,day
472,EXC005,OP010,2024-01-10 19:30:00,1274.6,2023,101.4,35.4,12.0,41,23,15.9,12.2,94.1,71.5,fastened,0,P0217,Sunny,Wet,night
473,EXC004,OP006,2024-01-10 20:00:00,607.2,1381,294.2,82.0,11.85,81,111,16.8,10.0,109.6,56.6,fastened,0,NONE,Windy,Frozen,day
474,EXC002,OP009,2024-01-10 20:30:00,4342.5,2312,282.8,14.0,8.36,50,16,17.9,10.8,107.6,93.5,fastened,0,NONE,Rainy,Wet,day
475,EXC004,OP004,2024-01-10 21:00:00,10111.9,752,259.9,73.3,13.41,68,114,7.0,2.9,35.6,67.8,fastened,1,NONE,Windy,Dry,day
476,EXC005,OP002,2024-01-10 21:30:00,701.1,2266,293.2,90.8,8.81,80,96,2.3,8.4,84.2,70.4,fastened,0,NONE,Windy,Dry,day
477,EXC003,OP001,2024-01-10 22:00:00,3102.3,649,140.5,20.6,15.49,70,18,6.8,21.3,76.8,44.8,fastened,0,P0217,Sunny,Frozen,day
478,EXC004,OP002,2024-01-10 22:30:00,11821.7,1437,162.0,57.7,2.88,61,60,10.5,7.9,104.4,63.9,fastened,0,P0100,Rainy,Dry,night
479,EXC005,OP008,2024-01-10 23:00:00,7727.5,1881,134.6,65.9,0.8,71,10,0.8,17.4,76.2,49.2,fastened,0,NONE,Cloudy,Muddy,night
480,EXC003,OP005,2024-01-10 23:30:00,4778.0,1116,242.3,17.6,7.12,72,38,4.9,2.7,66.6,72.1,unfastened,0,P0562,Cloudy,Dry,night
481,EXC001,OP009,2024-01-11 00:00:00,1026.6,2337,196.4,56.6,2.75,60,39,17.0,2.7,65.9,73.5,fastened,1,NONE,Cloudy,Frozen,day
482,EXC005,OP004,2024-01-11 00:30:00,9087.4,1470,122.6,29.0,3.63,49,84,0.8,22.0,98.3,54.2,fastened,0,NONE,Sunny,Wet,day
483,EXC002,OP008,2024-01-11 01:00:00,11111.1,991,226.6,76.6,1.34,45,31,2.7,14.3,83.8,94.7,fastened,0,NONE,Rainy,Frozen,night
484,EXC002,OP009,2024-01-11 01:30:00,8924.4,787,174.6,59.0,8.04,18,95,10.5,14.6,35.9,57.6,fastened,0,NONE,Sunny,Frozen,day
485,EXC004,OP004,2024-01-11 02:00:00,1485.3,1856,207.9,44.0,13.4,51,87,17.2,9.4,104.7,77.9,unfastened,1,NONE,Sunny,Muddy,night
486,EXC001,OP006,2024-01-11 02:30:00,6429.2,2299,157.5,75.5,10.24,76,113,16.9,16.7,84.3,96.8,fastened,0,NONE,Sunny,Wet,day
487,EXC002,OP006,2024-01-11 03:00:00,4893.0,1843,135.5,74.5,6.74,76,70,4.6,20.4,42.4,86.6,fastened,0,NONE,Rainy,Wet,day
488,EXC003,OP009,2024-01-11 03:30:00,10858.1,1808,199.2,25.0,0.7,42,53,11.0,1.8,67.5,83.3,fastened,0,NONE,Rainy,Frozen,day
489,EXC004,OP004,2024-01-11 04:00:00,9171.4,2018,149.8,7.4,9.41,43,89,17.4,3.8,50.1,43.4,fastened,0,NONE,Windy,Frozen,day
490,EXC001,OP004,2024-01-11 04:30:00,9643.5,1115,189.1,28.6,6.23,69,85,11.3,19.1,77.3,70.4,unfastened,0,NONE,Windy,Frozen,day
491,EXC005,OP008,2024-01-11 05:00:00,5023.5,1207,184.1,88.8,4.68,88,33,4.0,1.7,74.5,83.7,fastened,0,P0100,Sunny,Frozen,day
492,EXC002,OP010,2024-01-11 05:30:00,396.0,1966,306.9,42.7,8.4,0,39,12.5,7.9,107.6,78.3,fastened,0,NONE,Windy,Muddy,day
493,EXC005,OP001,2024-01-11 06:00:00,9136.8,1766,141.1,24.1,3.48,63,80,9.2,1.8,34.4,72.9,fastened,0,NONE,Cloudy,Muddy,day
494,EXC005,OP001,2024-01-11 06:30:00,7636.5,780,163.0,40.0,6.13,72,105,8.9,9.0,66.0,93.4,fastened,0,NONE,Sunny,Frozen,night
495,EXC004,OP010,2024-01-11 07:00:00,1783.6,706,274.2,41.4,16.71,20,67,8.8,9.8,44.6,72.5,fastened,0,NONE,Windy,Muddy,night
496,EXC005,OP005,2024-01-11 07:30:00,9105.6,1952,305.1880090864883,48.1,11.19,30,109,2.0,4.0,31.8,88.6,fastened,0,NONE,Sunny,Dry,night
497,EXC001,OP006,2024-01-11 08:00:00,1876.7,2251,205.7,47.8,17.82,89,70,14.2,1.8,92.3,91.4,fastened,0,NONE,Cloudy,Dry,night
498,EXC003,OP010,2024-01-11 08:30:00,8902.2,1323,267.6,33.3,11.49,26,79,6.2,9.2,90.6,85.6,fastened,0,P0562,Rainy,Muddy,night
499,EXC001,OP004,2024-01-11 09:00:00,8592.0,2095,309.72943539577574,33.5,2.2,45,50,3.3,11.3,104.7,48.7,fastened,1,NONE,Windy,Frozen,day
500,EXC003,OP005,2024-01-11 09:30:00,189.5,2155,310.4,81.0,12.15,60,82,7.9,16.2,77.1,85.0,unfastened,0,NONE,Rainy,Frozen,day
501,EXC003,OP009,2024-01-11 10:00:00,9319.8,1861,201.8,68.0,15.65,23,18,11.6,16.0,50.5,85.7,fastened,0,NONE,Sunny,Wet,day
502,EXC003,OP008,2024-01-11 10:30:00,4951.1,2381,319.1335861349942,69.5,16.47,74,82,10.0,1.5,59.0,79.1,fastened,0,P0217,Sunny,Muddy,night
503,EXC001,OP007,2024-01-11 11:00:00,6128.3,2354,302.6,23.1,10.2,6,54,14.7,9.6,78.4,61.5,fastened,0,P0217,Rainy,Muddy,day
504,EXC001,OP004,2024-01-11 11:30:00,11579.8,1176,292.9,99.2,2.6,77,75,15.2,18.6,80.3,56.8,fastened,0,P0217,Windy,Wet,night
505,EXC005,OP008,2024-01-11 12:00:00,11046.2,2342,148.5,13.3,11.75,62,118,11.2,13.1,33.4,77.7,fastened,0,P0100,Sunny,Muddy,night
506,EXC002,OP009,2024-01-11 12:30:00,4653.8,634,222.1,69.8,3.0,76,58,9.9,18.8,102.9,82.3,fastened,0,NONE,Rainy,Muddy,day
507,EXC003,OP010,2024-01-11 13:00:00,8543.9,1288,190.3,75.6,1.48,8,84,10.2,20.9,104.1,93.4,fastened,0,NONE,Windy,Dry,night
508,EXC003,OP007,2024-01-11 13:30:00,6205.7,1028,217.1,30.4,4.21,73,91,7.1,7.4,93.9,59.8,fastened,0,NONE,Rainy,Dry,day
509,EXC001,OP009,2024-01-11 14:00:00,9884.2,1842,271.5,12.3,2.2,25,28,8.4,2.9,50.0,56.8,fastened,0,P0100,Cloudy,Dry,night
510,EXC002,OP009,2024-01-11 14:30:00,3903.9,2040,178.0,75.1,8.29,75,117,9.5,1.8,57.8,83.0,fastened,0,P0217,Windy,Wet,night
511,EXC004,OP008,2024-01-11 15:00:00,5704.2,965,205.0,58.7,17.02,31,71,14.4,2.8,86.2,96.8,fastened,0,NONE,Sunny,Muddy,day
512,EXC002,OP006,2024-01-11 15:30:00,1437.7,1485,299.2852598611572,96.7,12.06,62,92,13.4,15.0,54.5,56.8,fastened,0,NONE,Cloudy,Wet,night
513,EXC004,OP005,2024-01-11 16:00:00,11127.5,2203,159.5,74.1,12.65,89,23,3.5,2.6,61.0,55.9,fastened,0,NONE,Sunny,Muddy,day
514,EXC004,OP007,2024-01-11 16:30:00,10818.6,2370,233.5,93.3,14.56,68,44,17.6,21.0,83.5,91.8,fastened,0,P0217,Rainy,Dry,day
515,EXC005,OP009,2024-01-11 17:00:00,3385.1,1391,132.8,65.3,4.69,7,113,17.4,14.5,32.7,55.4,unfastened,0,NONE,Windy,Muddy,night
516,EXC003,OP006,2024-01-11 17:30:00,7037.4,2299,236.8,52.3,10.52,19,65,5.0,21.0,41.0,64.1,fastened,1,NONE,Windy,Muddy,day
517,EXC005,OP007,2024-01-11 18:00:00,4602.5,876,131.5,94.7,12.98,64,12,18.0,12.4,105.3934329434405,97.5,fastened,0,NONE,Sunny,Frozen,day
518,EXC002,OP006,2024-01-11 18:30:00,1954.0,1090,270.6,82.8,5.82,86,75,9.5,4.5,51.3,86.4,fastened,0,NONE,Windy,Muddy,night
519,EXC004,OP007,2024-01-11 19:00:00,635.8,1418,142.7,8.3,7.28,29,103,4.1,3.7,68.5,54.5,fastened,0,P0562,Rainy,Frozen,day
520,EXC005,OP007,2024-01-11 19:30:00,9891.7,2266,242.1,60.4,12.77,45,19,13.0,16.9,97.5,95.2,fastened,0,NONE,Sunny,Frozen,day
521,EXC005,OP001,2024-01-11 20:00:00,3540.7,610,227.9,19.2,14.65,51,30,0.9,0.0,44.3,88.9,fastened,0,NONE,Sunny,Muddy,night
522,EXC004,OP002,2024-01-11 20:30:00,6233.8,1715,193.6,95.1,6.83,23,64,12.4,19.3,58.5,96.5,fastened,1,NONE,Sunny,Muddy,day
523,EXC003,OP001,2024-01-11 21:00:00,10841.9,604,242.0,69.2,11.45,33,54,15.0,0.6,30.8,63.4,fastened,0,NONE,Cloudy,Dry,night
524,EXC003,OP008,2024-01-11 21:30:00,336.6,1172,286.2,47.9,12.13,40,21,6.3,13.3,67.1,78.7,unfastened,0,NONE,Rainy,Frozen,night
525,EXC003,OP009,2024-01-11 22:00:00,6614.0,915,126.4,96.2,16.76,1,31,6.0,8.6,108.78774042727265,62.1,fastened,0,NONE,Cloudy,Dry,day
526,EXC002,OP004,2024-01-11 22:30:00,11470.4,1056,248.8,37.0,14.28,74,66,4.9,13.5,109.58055869743484,65.6,fastened,1,P0217,Sunny,Dry,night
527,EXC002,OP001,2024-01-11 23:00:00,9730.5,1034,190.2,47.2,3.9,81,75,7.3,17.2,96.5,78.9,unfastened,0,P0100,Cloudy,Dry,day
528,EXC004,OP001,2024-01-11 23:30:00,2709.8,1581,248.3,42.9,11.45,62,19,10.3,2.5,104.9,64.1,fastened,1,NONE,Rainy,Dry,day
529,EXC004,OP005,2024-01-12 00:00:00,2490.4,1992,292.5,17.5,17.26,39,88,13.7,20.8,59.4,64.3,fastened,0,NONE,Cloudy,Frozen,day
530,EXC004,OP007,2024-01-12 00:30:00,9173.6,1568,243.6,19.2,7.12,13,49,16.0,13.1,52.6,71.4,fastened,0,P0100,Windy,Wet,day
531,EXC004,OP004,2024-01-12 01:00:00,1048.8,1962,135.2,61.1,13.89,29,119,9.9,8.4,90.7,46.2,fastened,1,P0217,Windy,Dry,night
532,EXC003,OP007,2024-01-12 01:30:00,7232.4,1567,191.5,11.6,9.94,39,114,8.5,21.5,85.8,97.2,fastened,0,NONE,Sunny,Dry,day
533,EXC003,OP002,2024-01-12 02:00:00,2885.8,1839,220.9,93.5,8.16,17,78,6.7,17.9,60.2,88.0,fastened,0,NONE,Rainy,Muddy,day
534,EXC004,OP008,2024-01-12 02:30:00,10087.2,1129,127.9,36.1,10.48,67,10,10.7,3.6,102.4,68.0,unfastened,1,NONE,Sunny,Frozen,day
535,EXC002,OP004,2024-01-12 03:00:00,4615.1,1190,241.6,35.5,7.94,40,23,2.6,1.9,66.3,83.8,fastened,1,NONE,Sunny,Dry,night
536,EXC001,OP010,2024-01-12 03:30:00,5038.2,879,256.9,18.3,6.07,62,40,8.4,20.3,104.9,97.9,fastened,0,NONE,Rainy,Wet,night
537,EXC004,OP008,2024-01-12 04:00:00,9553.5,1536,267.8,38.3,13.82,46,58,9.2,12.9,100.7,70.0,fastened,0,P0562,Windy,Wet,night
538,EXC002,OP005,2024-01-12 04:30:00,1148.2,930,126.4,70.7,9.82,17,50,11.3,10.2,105.9,82.0,fastened,0,NONE,Windy,Frozen,night
539,EXC004,OP010,2024-01-12 05:00:00,7251.4,1725,255.1,95.9,16.86,58,95,1.2,1.7,38.7,44.9,fastened,0,NONE,Windy,Dry,night
540,EXC005,OP010,2024-01-12 05:30:00,11555.2,2355,180.6,23.3,0.65,66,74,7.7,11.9,51.4,95.5,fastened,0,NONE,Rainy,Dry,night
541,EXC002,OP002,2024-01-12 06:00:00,7839.5,2192,146.5,21.9,13.96,38,42,13.7,6.0,59.7,49.6,fastened,0,NONE,Rainy,Dry,night
542,EXC001,OP006,2024-01-12 06:30:00,1073.3,1442,215.4,18.2,3.25,60,116,14.1,4.2,89.5,86.5,fastened,0,NONE,Windy,Frozen,day
543,EXC001,OP007,2024-01-12 07:00:00,10911.5,2385,226.0,59.5,13.82,88,108,9.8,8.6,53.5,68.3,fastened,0,NONE,Windy,Dry,night
544,EXC003,OP004,2024-01-12 07:30:00,1634.5,1444,200.5,16.1,15.73,21,80,15.7,0.8,46.6,77.4,unfastened,0,P0562,Rainy,Muddy,day
545,EXC005,OP010,2024-01-12 08:00:00,4489.3,1885,299.4508458552703,13.4,14.22,80,34,13.6,13.2,57.5,74.6,fastened,0,P0217,Sunny,Wet,day
546,EXC005,OP007,2024-01-12 08:30:00,2262.0,2358,134.3,75.7,10.89,27,108,14.4,13.7,54.9,64.1,fastened,0,P0562,Cloudy,Frozen,day
547,EXC005,OP008,2024-01-12 09:00:00,8690.0,1553,189.6,80.4,2.65,3,90,14.3,15.3,95.2,95.2,fastened,0,NONE,Cloudy,Dry,day
548,EXC001,OP002,2024-01-12 09:30:00,3252.2,2252,158.7,34.9,17.31,37,27,13.1,0.5,109.2,58.0,fastened,0,NONE,Sunny,Wet,night
549,EXC001,OP010,2024-01-12 10:00:00,3207.2,1636,110.7,60.2,6.21,73,29,15.4,3.9,54.3,53.4,fastened,0,NONE,Windy,Wet,day
550,EXC005,OP010,2024-01-12 10:30:00,5021.4,716,174.6,75.5,0.99,60,41,1.7,17.0,34.1,91.9,unfastened,0,NONE,Rainy,Wet,day
551,EXC004,OP010,2024-01-12 11:00:00,3504.5,2271,258.0,9.7,0.53,29,79,9.1,12.6,87.7,57.1,fastened,0,NONE,Cloudy,Wet,day
552,EXC005,OP005,2024-01-12 11:30:00,9436.2,2035,215.1,65.3,13.43,85,107,14.9,0.2,68.4,46.3,fastened,0,NONE,Cloudy,Muddy,day
553,EXC005,OP010,2024-01-12 12:00:00,6367.5,1767,192.1,32.2,15.08,88,25,2.0,16.1,64.7,49.1,fastened,0,NONE,Windy,Dry,night
554,EXC004,OP001,2024-01-12 12:30:00,6715.5,1046,204.4,43.9,14.55,89,10,2.8,9.2,58.1,60.7,fastened,1,NONE,Sunny,Frozen,day
555,EXC003,OP003,2024-01-12 13:00:00,2023.4,1117,168.8,38.8,10.28,49,85,7.2,5.8,67.6,90.9,fastened,0,NONE,Rainy,Frozen,night
556,EXC004,OP007,2024-01-12 13:30:00,10970.5,1900,126.9,73.2,11.56,62,59,10.2,16.6,40.9,78.5,unfastened,0,NONE,Cloudy,Dry,night
557,EXC004,OP008,2024-01-12 14:00:00,4251.7,2037,229.9,49.5,16.37,47,18,13.0,7.9,79.0,47.3,fastened,0,P0217,Sunny,Frozen,day
558,EXC005,OP002,2024-01-12 14:30:00,4590.8,2376,279.4,77.2,12.11,37,59,10.1,10.0,104.4,71.0,fastened,1,NONE,Rainy,Muddy,day
559,EXC005,OP003,2024-01-12 15:00:00,2984.4,1418,273.6,34.9,6.65,47,14,3.9,18.9,103.5,76.1,fastened,0,NONE,Sunny,Frozen,night
560,EXC001,OP001,2024-01-12 15:30:00,11526.2,861,151.3,56.4,17.13,6,114,15.3,3.3,89.0,86.9,fastened,0,NONE,Windy,Dry,day
561,EXC005,OP002,2024-01-12 16:00:00,7323.9,1129,195.5,91.2,17.4,14,104,4.8,12.4,61.2,72.7,fastened,0,NONE,Sunny,Frozen,night
562,EXC004,OP001,2024-01-12 16:30:00,825.4,2290,221.5,46.6,11.49,53,59,15.4,2.3,103.7,59.9,fastened,1,NONE,Windy,Wet,night
563,EXC004,OP010,2024-01-12 17:00:00,2392.1,652,276.5,59.7,10.41,37,100,8.9,21.5,82.8,97.8,unfastened,0,P0562,Rainy,Wet,night
564,EXC002,OP009,2024-01-12 17:30:00,5817.3,1604,143.2,68.7,16.89,43,109,0.7,6.9,70.3,55.1,fastened,0,P0100,Rainy,Muddy,night
565,EXC003,OP007,2024-01-12 18:00:00,2335.4,1412,129.1,91.7,14.12,82,13,8.6,20.0,52.7,95.9,fastened,0,P0100,Sunny,Frozen,day
566,EXC005,OP001,2024-01-12 18:30:00,7299.9,1229,305.0,65.4,2.58,60,74,11.8,8.1,90.4,52.1,fastened,0,NONE,Sunny,Dry,day
567,EXC001,OP008,2024-01-12 19:00:00,3764.0,2215,132.1,63.2,17.27,6,34,15.8,18.6,93.8,70.0,fastened,1,NONE,Sunny,Dry,night
568,EXC003,OP006,2024-01-12 19:30:00,4260.4,2294,317.6,84.2,13.18,86,42,10.5,16.8,74.7,46.4,fastened,0,P0100,Cloudy,Dry,night
569,EXC005,OP008,2024-01-12 20:00:00,9461.2,637,231.8,99.2,13.43,77,79,17.8,5.1,52.9,91.8,fastened,0,NONE,Cloudy,Frozen,night
570,EXC004,OP005,2024-01-12 20:30:00,6340.0,1121,209.8,90.4,7.52,15,26,6.9,14.2,61.1,68.4,fastened,0,NONE,Sunny,Dry,night
571,EXC001,OP001,2024-01-12 21:00:00,1445.0,2347,316.8884863510121,16.9,0.65,76,111,4.4,5.1,79.9,91.3,fastened,0,NONE,Cloudy,Dry,night
572,EXC001,OP010,2024-01-12 21:30:00,4525.5,715,289.3,69.3,5.26,33,63,8.0,0.4,47.8,87.8,fastened,1,P0217,Rainy,Dry,day
573,EXC003,OP009,2024-01-12 22:00:00,10766.5,862,137.9,36.2,6.29,88,105,11.9,6.6,67.7,51.0,fastened,0,NONE,Rainy,Wet,day
574,EXC002,OP010,2024-01-12 22:30:00,10169.3,1310,188.3,44.4,8.48,51,11,1.7,15.6,33.4,43.4,fastened,0,NONE,Rainy,Dry,night
575,EXC005,OP007,2024-01-12 23:00:00,9142.1,1317,110.6,66.3,12.77,81,97,1.6,3.9,94.4,93.2,unfastened,1,NONE,Windy,Wet,day
576,EXC005,OP010,2024-01-12 23:30:00,10138.0,1873,105.0,18.8,8.39,31,46,11.2,13.8,60.5,72.6,fastened,0,NONE,Cloudy,Dry,day
577,EXC005,OP001,2024-01-13 00:00:00,1189.0,833,260.5,70.8,7.01,61,87,6.9,16.8,65.6,89.4,fastened,0,NONE,Windy,Wet,night
578,EXC002,OP005,2024-01-13 00:30:00,1553.9,1791,145.7,32.9,4.84,15,67,14.1,6.8,100.8,80.0,fastened,1,NONE,Sunny,Wet,night
579,EXC002,OP004,2024-01-13 01:00:00,321.8,1712,232.2,82.8,13.95,7,73,4.7,2.2,61.7,84.6,fastened,0,NONE,Rainy,Wet,night
580,EXC003,OP005,2024-01-13 01:30:00,1587.8,1452,259.1,40.3,14.28,53,71,7.8,13.1,68.0,68.0,fastened,0,NONE,Windy,Wet,day
581,EXC001,OP001,2024-01-13 02:00:00,9900.2,1325,208.2,9.7,6.86,21,63,9.3,2.9,53.6,82.5,fastened,1,NONE,Sunny,Dry,night
582,EXC004,OP009,2024-01-13 02:30:00,551.4,647,244.4,61.9,4.31,67,58,17.0,0.1,94.6,93.3,fastened,0,NONE,Sunny,Dry,day
583,EXC005,OP003,2024-01-13 03:00:00,5635.6,1078,153.1,76.2,4.35,0,117,0.1,2.9,64.9,81.1,fastened,1,NONE,Rainy,Frozen,night
584,EXC001,OP002,2024-01-13 03:30:00,3040.7,1553,279.9,63.6,12.1,33,116,3.9,5.9,68.6,94.0,fastened,0,NONE,Rainy,Dry,night
585,EXC001,OP002,2024-01-13 04:00:00,10006.7,1281,145.4,79.0,14.02,22,74,1.7,14.9,69.4,54.0,fastened,0,NONE,Sunny,Wet,night
586,EXC002,OP002,2024-01-13 04:30:00,9654.1,1274,229.9,81.4,14.24,87,26,17.8,7.3,84.1,86.6,fastened,0,NONE,Rainy,Wet,night
587,EXC005,OP007,2024-01-13 05:00:00,9215.3,2162,301.21452294099373,9.0,15.74,43,15,2.4,20.2,106.26545486967129,70.7,fastened,0,NONE,Sunny,Dry,night
588,EXC002,OP010,2024-01-13 05:30:00,4601.3,749,274.5,5.2,13.7,43,119,14.8,16.3,64.8,43.5,fastened,0,P0100,Rainy,Dry,day
589,EXC004,OP001,2024-01-13 06:00:00,11114.5,2072,111.3,26.3,9.0,14,30,9.4,21.7,82.4,77.4,fastened,0,NONE,Sunny,Dry,night
590,EXC005,OP001,2024-01-13 06:30:00,10760.7,2335,305.6147290129183,26.3,5.18,9,86,14.1,14.6,81.0,76.4,fastened,0,NONE,Sunny,Dry,night
591,EXC003,OP009,2024-01-13 07:00:00,7844.7,1281,287.6,58.5,7.04,26,88,5.4,0.5,86.8,97.5,fastened,0,NONE,Windy,Frozen,day
592,EXC001,OP004,2024-01-13 07:30:00,7389.8,1903,287.2,26.8,5.47,75,100,8.6,3.3,67.6,77.7,fastened,0,NONE,Windy,Dry,day
593,EXC005,OP002,2024-01-13 08:00:00,4109.7,2243,240.0,39.7,2.24,55,43,17.6,5.9,108.4,47.6,unfastened,0,NONE,Cloudy,Frozen,night
594,EXC002,OP002,2024-01-13 08:30:00,8857.1,741,123.9,48.1,3.02,65,79,1.7,15.5,76.0,97.5,fastened,0,NONE,Rainy,Dry,day
595,EXC003,OP007,2024-01-13 09:00:00,11268.0,1907,188.9,62.1,0.72,3,60,11.2,14.2,93.8,58.3,fastened,1,NONE,Windy,Dry,night
596,EXC005,OP001,2024-01-13 09:30:00,3863.0,1311,294.49575535972747,99.7,3.94,22,33,17.2,4.5,67.3,80.4,fastened,0,P0217,Rainy,Muddy,day
597,EXC005,OP005,2024-01-13 10:00:00,3502.6,1250,123.4,70.4,15.12,24,90,2.3,15.4,57.0,74.7,fastened,0,NONE,Rainy,Frozen,day
598,EXC005,OP010,2024-01-13 10:30:00,3236.6,1192,276.3,30.3,9.9,86,92,15.1,6.1,71.9,60.6,fastened,0,NONE,Rainy,Dry,day
599,EXC002,OP005,2024-01-13 11:00:00,11799.6,873,191.9,38.3,7.32,64,66,5.0,14.7,76.2,63.6,fastened,0,P0562,Rainy,Muddy,day
600,EXC004,OP002,2024-01-13 11:30:00,6529.8,1693,263.8,9.1,4.65,69,103,3.6,6.8,54.7,77.9,fastened,0,NONE,Sunny,Wet,night
601,EXC002,OP008,2024-01-13 12:00:00,11614.1,715,111.9,44.9,10.82,34,78,3.0,4.6,90.3,90.6,fastened,0,NONE,Sunny,Frozen,night
602,EXC003,OP005,2024-01-13 12:30:00,7446.8,639,102.3,61.0,17.53,28,92,13.2,10.9,64.2,94.9,fastened,0,NONE,Cloudy,Frozen,day
603,EXC002,OP004,2024-01-13 13:00:00,3592.2,818,166.1,95.2,6.59,18,92,0.6,21.6,82.8,97.5,unfastened,0,NONE,Rainy,Muddy,night
604,EXC005,OP003,2024-01-13 13:30:00,7078.1,1625,291.4,30.5,15.33,58,106,7.6,14.2,53.0,46.8,fastened,0,NONE,Windy,Dry,day
605,EXC004,OP008,2024-01-13 14:00:00,1949.8,2365,249.6,28.1,16.94,62,80,12.5,7.7,68.7,50.9,fastened,0,NONE,Sunny,Wet,day
606,EXC005,OP005,2024-01-13 14:30:00,5432.4,1444,234.6,6.6,14.27,43,16,2.5,11.4,58.2,51.9,fastened,0,P0100,Cloudy,Wet,night
607,EXC002,OP005,2024-01-13 15:00:00,5370.2,1043,319.5,59.6,10.85,85,115,4.0,9.6,63.5,96.5,fastened,0,NONE,Cloudy,Muddy,day
608,EXC005,OP008,2024-01-13 15:30:00,6960.8,1395,176.4,99.6,5.79,80,115,2.7,0.7,84.1,45.7,fastened,0,NONE,Rainy,Muddy,day
609,EXC002,OP004,2024-01-13 16:00:00,4708.2,1874,287.1,40.3,1.08,70,90,0.5,14.8,42.5,80.4,fastened,0,NONE,Rainy,Muddy,day
610,EXC004,OP007,2024-01-13 16:30:00,5516.1,602,124.1,52.3,13.39,50,113,8.2,4.5,49.6,95.5,fastened,0,P0562,Cloudy,Dry,night
611,EXC001,OP002,2024-01-13 17:00:00,10526.2,1782,137.6,10.5,17.23,46,32,8.9,11.8,58.8,73.4,fastened,0,NONE,Rainy,Dry,day
612,EXC004,OP006,2024-01-13 17:30:00,2246.7,2297,205.2,59.3,12.56,59,108,17.0,1.6,51.9,40.5,fastened,1,NONE,Windy,Muddy,day
613,EXC004,OP005,2024-01-13 18:00:00,11079.5,841,311.1,25.0,1.13,68,24,13.1,17.4,44.0,43.8,fastened,0,P0217,Rainy,Frozen,night
614,EXC004,OP006,2024-01-13 18:30:00,6508.6,912,254.7,6.5,2.94,13,80,17.5,0.4,95.4,81.2,fastened,0,P0562,Windy,Muddy,night
615,EXC002,OP004,2024-01-13 19:00:00,7583.6,646,124.8,70.0,7.38,88,66,13.6,7.1,43.0,63.1,fastened,1,NONE,Rainy,Dry,day
616,EXC005,OP002,2024-01-13 19:30:00,1340.8,717,310.1,19.0,17.81,72,103,17.6,8.4,81.3,69.3,fastened,0,NONE,Windy,Frozen,day
617,EXC001,OP010,2024-01-13 20:00:00,1828.6,1446,268.5,14.6,1.99,66,68,4.5,17.0,66.1,42.6,fastened,0,P0562,Rainy,Wet,day
618,EXC004,OP005,2024-01-13 20:30:00,8817.6,1294,262.1,26.7,6.06,2,76,3.0,21.4,43.1,92.1,fastened,0,NONE,Rainy,Frozen,night
619,EXC003,OP008,2024-01-13 21:00:00,10817.9,1805,221.3,18.1,10.16,4,44,7.0,4.2,53.7,92.5,fastened,0,NONE,Cloudy,Frozen,night
620,EXC001,OP010,2024-01-13 21:30:00,6274.4,2001,186.6,64.2,2.46,52,64,8.9,3.1,38.8,74.9,fastened,0,P0100,Rainy,Dry,day
621,EXC005,OP005,2024-01-13 22:00:00,2093.6,1696,124.2,30.4,2.56,70,50,14.8,13.7,37.7,67.6,unfastened,1,NONE,Rainy,Dry,night
622,EXC004,OP009,2024-01-13 22:30:00,9583.3,1976,236.4,68.7,1.7,50,112,9.7,4.8,58.7,62.8,fastened,1,NONE,Windy,Frozen,day
623,EXC001,OP005,2024-01-13 23:00:00,11018.6,2367,128.1,56.9,9.3,15,69,17.1,0.5,90.4,51.5,fastened,0,NONE,Rainy,Dry,day
624,EXC002,OP001,2024-01-13 23:30:00,8075.1,1521,229.8,38.6,5.51,27,32,5.2,5.1,61.8,94.5,fastened,0,P0100,Cloudy,Dry,night
625,EXC004,OP009,2024-01-14 00:00:00,2276.1,1639,218.7,23.4,1.19,39,14,10.4,5.2,75.5,68.4,fastened,0,P0100,Sunny,Wet,night
626,EXC001,OP009,2024-01-14 00:30:00,5008.4,1588,231.2,68.9,9.28,20,103,11.7,12.1,40.3,46.3,fastened,0,NONE,Windy,Wet,day
627,EXC003,OP006,2024-01-14 01:00:00,11284.0,1082,281.9,54.8,13.28,86,78,2.8,9.9,100.5,86.0,fastened,0,NONE,Cloudy,Wet,night
628,EXC001,OP009,2024-01-14 01:30:00,2379.8,673,190.5,73.5,12.2,76,58,14.1,7.3,56.4,96.4,fastened,0,NONE,Windy,Wet,day
629,EXC001,OP007,2024-01-14 02:00:00,2132.0,1606,196.1,53.1,12.48,80,41,11.5,6.4,45.1,56.4,unfastened,0,NONE,Sunny,Dry,day
630,EXC002,OP009,2024-01-14 02:30:00,8451.3,645,113.2,81.2,10.14,9,42,3.5,5.9,58.3,79.9,fastened,1,P0217,Cloudy,Dry,day
631,EXC004,OP001,2024-01-14 03:00:00,6563.0,1306,163.3,57.2,14.17,41,78,7.4,19.0,107.6,97.8,fastened,1,NONE,Sunny,Wet,day
632,EXC003,OP009,2024-01-14 03:30:00,2536.3,1100,117.8,82.3,1.59,76,65,11.5,10.1,80.4,46.7,fastened,0,NONE,Cloudy,Wet,day
633,EXC002,OP003,2024-01-14 04:00:00,7436.6,1799,131.2,57.2,3.84,25,68,13.2,18.8,39.7,87.1,fastened,0,NONE,Sunny,Wet,night
634,EXC002,OP010,2024-01-14 04:30:00,11246.4,1300,193.9,96.4,12.81,74,80,7.5,21.9,43.0,68.9,fastened,0,NONE,Windy,Frozen,night
635,EXC005,OP010,2024-01-14 05:00:00,10276.8,756,189.6,86.1,6.38,80,112,13.0,10.9,91.0,78.8,fastened,0,NONE,Cloudy,Dry,night
636,EXC004,OP001,2024-01-14 05:30:00,177.7,1598,305.9,29.1,4.68,53,30,4.7,20.4,97.6,50.5,fastened,0,NONE,Cloudy,Dry,night
637,EXC005,OP007,2024-01-14 06:00:00,10533.7,1430,126.3,74.2,0.97,3,79,5.5,3.8,36.6,52.6,fastened,0,NONE,Cloudy,Frozen,night
638,EXC005,OP004,2024-01-14 06:30:00,7560.1,896,132.8,17.5,15.7,81,92,0.2,6.8,53.5,72.2,fastened,0,NONE,Sunny,Muddy,night
639,EXC004,OP003,2024-01-14 07:00:00,3278.8,1936,265.2,91.6,15.16,42,63,8.8,14.5,33.8,54.5,unfastened,0,NONE,Sunny,Muddy,day
640,EXC001,OP010,2024-01-14 07:30:00,1211.7,2377,104.9,37.8,1.56,55,53,3.4,5.2,39.9,74.6,fastened,0,P0217,Sunny,Frozen,day
641,EXC005,OP005,2024-01-14 08:00:00,11657.4,1712,243.2,50.4,5.83,61,67,10.8,13.0,41.0,45.1,fastened,1,NONE,Sunny,Wet,night
642,EXC001,OP006,2024-01-14 08:30:00,445.5,1513,264.5,7.0,4.25,44,87,17.4,19.8,65.0,85.4,fastened,1,NONE,Windy,Dry,night
643,EXC004,OP004,2024-01-14 09:00:00,2297.0,1104,298.03631580478685,87.4,4.12,14,47,18.0,21.4,31.0,55.9,fastened,0,NONE,Rainy,Frozen,night
644,EXC002,OP007,2024-01-14 09:30:00,8087.8,1809,306.81943411394303,95.1,5.02,53,27,6.7,11.8,87.1,82.7,fastened,0,NONE,Cloudy,Dry,night
645,EXC004,OP003,2024-01-14 10:00:00,9119.6,1342,122.8,49.7,5.7,53,19,13.2,16.2,62.3,49.5,unfastened,0,P0562,Cloudy,Frozen,night
646,EXC005,OP004,2024-01-14 10:30:00,3273.3,2329,318.7,22.9,12.86,7,16,17.3,13.3,62.1,86.4,fastened,0,P0100,Sunny,Wet,night
647,EXC004,OP008,2024-01-14 11:00:00,8871.1,1833,289.1,70.9,17.47,17,109,9.4,9.2,107.0,40.8,fastened,0,NONE,Cloudy,Frozen,night
648,EXC002,OP003,2024-01-14 11:30:00,9205.6,1101,260.7,33.2,1.3,19,27,6.0,7.8,56.5,49.9,unfastened,0,NONE,Cloudy,Dry,day
649,EXC004,OP008,2024-01-14 12:00:00,9652.5,2289,141.1,96.2,6.15,32,82,2.8,13.5,33.3,59.6,fastened,1,NONE,Windy,Wet,day
650,EXC001,OP010,2024-01-14 12:30:00,9071.7,1416,194.8,34.6,12.18,50,29,3.2,7.6,62.4,85.2,fastened,1,NONE,Rainy,Dry,day
651,EXC005,OP008,2024-01-14 13:00:00,488.7,1716,256.2,59.7,5.85,55,67,15.4,16.5,67.4,41.8,fastened,1,NONE,Sunny,Muddy,day
652,EXC001,OP004,2024-01-14 13:30:00,10718.5,1897,310.8196707339668,9.7,3.84,10,93,4.7,2.8,67.6,82.9,fastened,1,NONE,Cloudy,Wet,day
653,EXC005,OP002,2024-01-14 14:00:00,6797.1,1777,310.6,99.0,3.44,77,26,4.9,15.8,67.1,53.6,fastened,0,P0100,Sunny,Dry,day
654,EXC001,OP006,2024-01-14 14:30:00,5229.5,1617,310.2,59.7,10.96,72,64,13.4,11.2,56.7,97.8,fastened,0,NONE,Sunny,Muddy,day
655,EXC002,OP005,2024-01-14 15:00:00,390.8,1919,133.1,97.7,3.14,8,56,15.1,1.8,73.7,56.6,fastened,0,P0217,Rainy,Dry,night
656,EXC004,OP003,2024-01-14 15:30:00,7130.5,2259,143.4,33.6,2.19,15,94,3.8,18.5,99.7,48.5,fastened,0,NONE,Cloudy,Muddy,night
657,EXC005,OP004,2024-01-14 16:00:00,2036.8,894,180.1,55.1,13.62,75,72,12.4,12.1,58.7,79.6,fastened,1,NONE,Sunny,Dry,day
658,EXC004,OP010,2024-01-14 16:30:00,6617.3,1618,199.2,6.7,6.52,37,92,8.0,16.2,72.8,56.0,fastened,0,NONE,Rainy,Dry,night
659,EXC002,OP002,2024-01-14 17:00:00,2351.7,1692,197.0,78.2,16.15,39,74,5.0,2.7,97.8,71.3,fastened,0,P0217,Cloudy,Wet,day
660,EXC002,OP003,2024-01-14 17:30:00,8286.2,2260,251.4,20.8,9.19,43,36,9.4,3.4,61.9,84.8,fastened,0,NONE,Cloudy,Muddy,day
661,EXC004,OP004,2024-01-14 18:00:00,1157.3,1636,203.4,45.4,2.81,89,72,14.0,19.3,40.9,86.4,fastened,0,NONE,Sunny,Frozen,day
662,EXC003,OP010,2024-01-14 18:30:00,7244.5,867,140.5,68.7,3.87,14,110,1.8,10.3,64.6,52.8,fastened,0,NONE,Rainy,Muddy,night
663,EXC002,OP004,2024-01-14 19:00:00,7761.2,716,157.4,12.8,15.93,85,54,1.3,6.5,70.4,52.2,unfastened,0,NONE,Cloudy,Wet,night
664,EXC004,OP003,2024-01-14 19:30:00,4803.4,2292,190.5,79.4,2.7,21,94,16.4,11.4,99.5,55.7,fastened,0,NONE,Rainy,Muddy,night
665,EXC003,OP003,2024-01-14 20:00:00,11014.1,2110,214.2,81.6,6.02,80,83,17.3,8.2,98.2,62.9,fastened,0,P0217,Cloudy,Frozen,night
666,EXC005,OP010,2024-01-14 20:30:00,6365.9,894,303.1,55.5,5.81,72,19,9.5,21.4,91.5,83.3,unfastened,0,P0217,Rainy,Wet,night
667,EXC001,OP004,2024-01-14 21:00:00,9031.2,871,121.2,62.5,17.79,68,19,2.6,4.3,60.6,71.4,fastened,0,NONE,Rainy,Muddy,night
668,EXC004,OP004,2024-01-14 21:30:00,5389.7,688,277.0,14.0,17.55,9,72,1.4,11.7,52.2,91.0,fastened,0,NONE,Sunny,Wet,day
669,EXC004,OP004,2024-01-14 22:00:00,9521.4,1370,168.4,47.6,12.61,32,31,2.8,7.3,65.3,80.5,fastened,0,NONE,Sunny,Wet,day
670,EXC005,OP009,2024-01-14 22:30:00,10779.1,800,259.9,84.9,4.62,16,55,5.1,3.6,55.6,75.6,fastened,0,NONE,Cloudy,Frozen,night
671,EXC004,OP008,2024-01-14 23:00:00,5014.6,2339,317.51813928243445,13.5,3.64,51,59,12.3,15.0,108.4,70.2,unfastened,0,P0100,Cloudy,Frozen,night
672,EXC005,OP006,2024-01-14 23:30:00,11611.6,1645,184.7,98.9,1.55,2,60,2.0,3.0,36.8,63.9,fastened,0,NONE,Windy,Dry,day
673,EXC002,OP003,2024-01-15 00:00:00,1922.2,734,197.5,51.2,1.57,88,89,2.5,6.0,70.5,60.1,fastened,0,NONE,Sunny,Dry,night
674,EXC002,OP002,2024-01-15 00:30:00,10169.4,728,265.2,6.2,16.96,62,50,12.8,10.7,60.7,50.1,fastened,0,NONE,Sunny,Dry,night
675,EXC005,OP001,2024-01-15 01:00:00,6357.4,1408,136.6,37.3,11.06,42,21,4.6,9.3,91.8,55.7,fastened,1,NONE,Cloudy,Frozen,night
676,EXC001,OP003,2024-01-15 01:30:00,1747.1,859,176.2,52.6,3.97,74,64,3.9,20.0,77.7,92.3,fastened,1,NONE,Windy,Dry,day
677,EXC005,OP008,2024-01-15 02:00:00,7541.5,1349,216.3,96.1,14.17,54,105,10.5,14.3,34.8,88.1,fastened,0,NONE,Cloudy,Frozen,day
678,EXC004,OP008,2024-01-15 02:30:00,1662.7,1732,244.7,72.0,1.84,72,49,1.4,1.5,83.9,40.3,unfastened,0,P0562,Cloudy,Wet,day
679,EXC003,OP008,2024-01-15 03:00:00,10661.1,890,116.7,60.2,9.64,89,94,11.3,3.2,69.4,53.0,unfastened,0,P0100,Windy,Frozen,day
680,EXC001,OP007,2024-01-15 03:30:00,9810.3,1478,120.8,96.8,3.93,31,60,0.3,12.9,79.3,86.8,fastened,0,NONE,Rainy,Muddy,night
681,EXC004,OP006,2024-01-15 04:00:00,7886.3,2090,258.1,33.0,8.35,26,31,4.2,5.0,37.3,74.0,fastened,0,NONE,Windy,Muddy,day
682,EXC003,OP004,2024-01-15 04:30:00,2872.5,1284,180.6,41.1,4.51,61,69,8.1,4.3,70.8,44.1,fastened,0,NONE,Cloudy,Muddy,day
683,EXC001,OP008,2024-01-15 05:00:00,11557.4,824,136.4,78.0,2.89,82,62,11.4,21.7,72.3,86.8,fastened,0,P0562,Sunny,Wet,night
684,EXC004,OP002,2024-01-15 05:30:00,10252.6,1564,157.9,61.5,16.72,89,90,3.7,15.6,41.7,83.7,fastened,0,NONE,Rainy,Dry,night
685,EXC005,OP001,2024-01-15 06:00:00,8611.0,913,308.1991042901441,25.8,16.6,20,85,15.8,6.7,79.2,56.3,fastened,0,NONE,Cloudy,Wet,day
686,EXC003,OP009,2024-01-15 06:30:00,4447.9,2150,307.0640804805836,76.4,9.13,38,26,16.5,0.6,102.7,83.1,fastened,0,NONE,Sunny,Frozen,day
687,EXC001,OP005,2024-01-15 07:00:00,5861.6,880,261.0,30.4,14.26,55,16,8.7,17.5,32.0,91.4,fastened,0,NONE,Rainy,Wet,day
688,EXC002,OP007,2024-01-15 07:30:00,4123.0,712,275.4,58.1,4.03,76,24,4.9,12.7,50.2,77.5,fastened,0,NONE,Windy,Wet,day
689,EXC003,OP010,2024-01-15 08:00:00,10207.7,1413,233.9,86.3,7.45,27,83,2.0,6.8,56.3,83.1,fastened,0,NONE,Windy,Frozen,night
690,EXC003,OP007,2024-01-15 08:30:00,3775.7,1491,181.7,31.1,4.45,70,64,16.9,11.6,73.5,42.8,fastened,0,NONE,Sunny,Dry,day
691,EXC003,OP008,2024-01-15 09:00:00,2935.9,2194,311.7,77.3,1.97,75,51,2.4,19.7,89.2,72.8,fastened,0,NONE,Windy,Muddy,day
692,EXC002,OP005,2024-01-15 09:30:00,2650.7,2080,117.9,86.8,7.92,15,62,5.4,1.4,108.89955654032185,83.7,fastened,0,NONE,Sunny,Muddy,day
693,EXC004,OP004,2024-01-15 10:00:00,4873.8,908,277.9,35.1,13.54,28,10,5.9,16.1,66.9,66.8,fastened,0,P0217,Rainy,Muddy,night
694,EXC001,OP004,2024-01-15 10:30:00,7513.3,2315,156.8,23.7,13.53,39,72,4.8,19.0,106.8,63.5,fastened,0,NONE,Sunny,Dry,night
695,EXC005,OP010,2024-01-15 11:00:00,9996.6,1178,233.7,87.2,8.26,76,27,0.0,11.5,57.3,72.7,fastened,0,NONE,Rainy,Frozen,night
696,EXC003,OP004,2024-01-15 11:30:00,11104.0,1277,316.1,49.3,8.31,83,77,3.7,21.1,92.7,79.1,fastened,1,NONE,Windy,Frozen,night
697,EXC005,OP010,2024-01-15 12:00:00,1053.0,2093,285.3,34.6,11.05,14,27,13.5,5.1,96.1,87.4,fastened,0,NONE,Sunny,Muddy,night
698,EXC001,OP001,2024-01-15 12:30:00,661.5,869,292.8910847751402,6.0,16.83,15,40,3.7,15.9,38.1,87.3,fastened,0,NONE,Windy,Muddy,night
699,EXC004,OP003,2024-01-15 13:00:00,4416.5,1340,296.5422531274341,23.4,3.13,34,113,13.8,9.3,33.5,80.8,fastened,0,NONE,Sunny,Muddy,night
700,EXC005,OP010,2024-01-15 13:30:00,9740.2,807,199.8,53.7,7.59,5,81,7.5,8.3,108.9,97.0,unfastened,0,NONE,Cloudy,Wet,night
701,EXC005,OP006,2024-01-15 14:00:00,10898.1,861,186.5,83.8,16.35,89,107,1.5,14.0,58.7,71.2,fastened,0,NONE,Sunny,Frozen,day
702,EXC003,OP004,2024-01-15 14:30:00,2104.6,684,214.1,52.7,10.1,71,64,14.9,13.4,83.5,65.7,fastened,1,NONE,Sunny,Wet,day
703,EXC002,OP002,2024-01-15 15:00:00,3500.5,867,162.7,31.3,14.38,89,89,11.4,8.1,32.3,59.2,fastened,0,NONE,Cloudy,Frozen,day
704,EXC005,OP005,2024-01-15 15:30:00,10833.3,2285,297.39872296905725,93.3,8.6,0,64,11.0,8.3,91.1,47.2,fastened,0,P0100,Windy,Dry,night
705,EXC004,OP010,2024-01-15 16:00:00,6952.2,1879,127.9,40.1,16.62,20,79,2.7,10.6,58.2,52.9,fastened,0,P0100,Windy,Dry,day
706,EXC005,OP004,2024-01-15 16:30:00,4951.6,669,296.4,20.5,16.08,11,75,11.2,21.8,76.5,57.8,fastened,0,NONE,Sunny,Wet,day
707,EXC002,OP005,2024-01-15 17:00:00,2998.1,972,261.8,94.8,8.3,20,10,14.3,17.6,33.8,69.4,fastened,0,NONE,Rainy,Dry,day
708,EXC003,OP004,2024-01-15 17:30:00,1443.5,1495,113.6,42.7,0.59,38,77,17.9,8.1,38.6,97.9,fastened,0,NONE,Sunny,Muddy,night
709,EXC002,OP009,2024-01-15 18:00:00,1390.5,1423,245.2,50.8,10.41,21,24,12.1,8.0,95.8,85.0,fastened,0,P0562,Windy,Muddy,night
710,EXC003,OP007,2024-01-15 18:30:00,8121.5,949,266.9,83.8,4.07,68,77,7.8,19.7,74.3,91.5,fastened,0,NONE,Sunny,Dry,night
711,EXC005,OP007,2024-01-15 19:00:00,8672.9,1550,289.6,32.3,4.71,40,23,14.7,17.1,92.2,50.5,fastened,1,NONE,Windy,Muddy,night
712,EXC005,OP007,2024-01-15 19:30:00,4451.6,1556,172.4,55.2,8.02,19,101,0.9,14.4,42.9,41.4,unfastened,0,NONE,Cloudy,Muddy,day
713,EXC003,OP005,2024-01-15 20:00:00,7311.4,1417,238.8,87.3,8.37,56,74,7.5,15.7,56.2,40.2,fastened,0,NONE,Sunny,Dry,day
714,EXC001,OP009,2024-01-15 20:30:00,1956.8,2141,160.7,29.3,15.56,76,64,13.2,1.3,98.1,69.2,fastened,0,NONE,Windy,Wet,day
715,EXC003,OP007,2024-01-15 21:00:00,349.3,1284,286.8,90.0,1.05,44,113,6.5,2.0,76.9,46.8,fastened,0,P0562,Sunny,Frozen,night
716,EXC003,OP001,2024-01-15 21:30:00,1287.9,2016,292.5,23.2,5.66,88,113,1.1,6.9,83.5,51.0,fastened,0,NONE,Rainy,Dry,day
717,EXC004,OP004,2024-01-15 22:00:00,1359.7,1857,116.8,86.2,11.57,32,40,2.0,10.4,46.5,50.3,fastened,0,NONE,Rainy,Muddy,day
718,EXC002,OP009,2024-01-15 22:30:00,11818.8,2348,162.7,42.4,11.38,41,114,3.0,15.6,74.5,81.4,fastened,0,NONE,Cloudy,Dry,night
719,EXC003,OP003,2024-01-15 23:00:00,2908.6,1745,306.9640634789004,57.1,6.06,38,56,15.0,17.2,88.7,95.3,fastened,0,NONE,Rainy,Muddy,night
720,EXC004,OP010,2024-01-15 23:30:00,1696.1,1472,187.7,57.4,3.61,89,46,13.0,19.5,43.8,47.0,fastened,0,NONE,Windy,Dry,night
721,EXC003,OP009,2024-01-16 00:00:00,9565.1,601,101.1,24.5,5.35,64,113,13.7,6.0,54.0,46.2,fastened,0,NONE,Rainy,Frozen,day
722,EXC005,OP010,2024-01-16 00:30:00,4463.3,1794,272.2,21.4,16.12,52,106,16.4,16.5,30.7,59.1,fastened,0,NONE,Windy,Frozen,night
723,EXC002,OP008,2024-01-16 01:00:00,2554.5,1550,194.9,72.6,5.1,32,103,5.4,21.9,107.0,77.0,unfastened,0,NONE,Cloudy,Muddy,day
724,EXC004,OP002,2024-01-16 01:30:00,2722.4,2217,217.5,83.4,9.11,5,56,13.4,4.6,101.7,61.4,fastened,0,P0217,Sunny,Wet,night
725,EXC003,OP002,2024-01-16 02:00:00,1754.6,1672,263.4,18.0,16.99,81,74,6.6,1.5,37.4,56.2,fastened,0,NONE,Cloudy,Muddy,night
726,EXC003,OP005,2024-01-16 02:30:00,1050.9,1855,256.7,76.4,2.57,9,117,14.1,19.7,96.6,46.7,fastened,0,NONE,Sunny,Frozen,night
727,EXC003,OP004,2024-01-16 03:00:00,8193.6,2241,169.2,36.1,15.74,65,14,12.5,3.0,73.7,66.6,fastened,0,NONE,Sunny,Muddy,day
728,EXC003,OP010,2024-01-16 03:30:00,5335.8,2335,272.2,61.5,13.51,46,112,17.8,15.8,107.2,42.0,unfastened,0,NONE,Sunny,Muddy,night
729,EXC003,OP009,2024-01-16 04:00:00,1866.4,997,302.59488005746203,55.8,8.99,62,112,13.6,8.5,70.8,76.4,fastened,0,NONE,Sunny,Muddy,night
730,EXC003,OP008,2024-01-16 04:30:00,9530.1,2260,148.0,75.6,17.11,82,58,0.1,7.8,46.5,87.8,fastened,0,NONE,Cloudy,Dry,day
731,EXC005,OP010,2024-01-16 05:00:00,327.6,2011,106.4,56.5,1.8,17,14,12.6,20.7,98.5,96.2,fastened,0,NONE,Cloudy,Dry,day
732,EXC004,OP001,2024-01-16 05:30:00,5224.6,842,266.4,13.9,15.46,8,48,1.8,7.7,105.0,58.7,fastened,1,NONE,Sunny,Dry,night
733,EXC003,OP008,2024-01-16 06:00:00,1614.9,2075,136.4,31.5,3.96,33,21,9.8,9.0,104.3360621154947,87.9,fastened,0,NONE,Rainy,Dry,night
734,EXC005,OP009,2024-01-16 06:30:00,430.5,868,124.8,42.8,6.7,51,85,2.8,0.3,62.6,69.4,fastened,0,NONE,Cloudy,Muddy,night
735,EXC002,OP010,2024-01-16 07:00:00,6652.9,1255,192.5,59.3,2.64,6,49,8.9,4.0,92.0,55.5,fastened,0,NONE,Cloudy,Wet,day
736,EXC002,OP009,2024-01-16 07:30:00,1949.7,2134,302.8,21.1,9.17,72,50,14.3,8.0,36.7,45.6,fastened,0,NONE,Sunny,Dry,day
737,EXC001,OP009,2024-01-16 08:00:00,915.4,847,258.0,37.1,3.46,54,72,5.2,14.7,97.4,65.9,fastened,0,NONE,Cloudy,Muddy,day
738,EXC002,OP008,2024-01-16 08:30:00,5797.4,695,275.6,11.0,4.96,88,82,2.7,1.4,102.55603010423539,90.3,fastened,0,P0562,Windy,Muddy,night
739,EXC001,OP002,2024-01-16 09:00:00,10139.3,1966,159.4,35.6,1.54,25,24,5.7,7.7,53.7,95.0,fastened,1,NONE,Sunny,Dry,day
740,EXC001,OP005,2024-01-16 09:30:00,5879.0,2057,311.1611251642212,53.7,5.84,81,56,3.1,8.0,30.9,66.8,fastened,0,NONE,Cloudy,Frozen,day
741,EXC004,OP009,2024-01-16 10:00:00,1047.9,1957,302.3193244468853,94.0,3.37,34,20,3.3,17.4,30.8,84.8,fastened,0,P0217,Cloudy,Wet,day
742,EXC004,OP007,2024-01-16 10:30:00,3721.8,863,315.5,21.9,12.49,66,65,12.6,6.0,108.2,52.4,fastened,0,NONE,Rainy,Wet,night
743,EXC004,OP003,2024-01-16 11:00:00,5408.5,1974,225.3,7.6,11.67,75,46,12.7,19.6,92.4,83.2,fastened,0,NONE,Windy,Frozen,day
744,EXC005,OP008,2024-01-16 11:30:00,3445.8,1844,233.4,40.8,12.15,6,51,9.5,20.8,58.7,41.2,fastened,0,NONE,Rainy,Frozen,day
745,EXC005,OP001,2024-01-16 12:00:00,4116.7,663,301.3,62.7,12.33,71,29,4.5,4.9,101.2,64.3,fastened,0,NONE,Rainy,Wet,day
746,EXC002,OP004,2024-01-16 12:30:00,6052.0,1941,308.6,62.7,2.31,18,97,9.5,8.3,101.4,84.6,fastened,0,NONE,Windy,Frozen,night
747,EXC001,OP008,2024-01-16 13:00:00,11315.4,2359,103.9,37.8,4.24,60,40,17.1,16.1,102.7,61.3,fastened,0,NONE,Rainy,Muddy,night
748,EXC003,OP008,2024-01-16 13:30:00,9677.7,1363,151.1,8.6,13.41,25,76,6.9,5.9,100.57229250595557,46.0,fastened,0,NONE,Cloudy,Wet,night
749,EXC005,OP006,2024-01-16 14:00:00,2532.1,2089,235.1,92.3,8.94,7,80,7.6,18.2,95.6,96.3,fastened,0,NONE,Rainy,Wet,day
750,EXC005,OP003,2024-01-16 14:30:00,9444.6,862,100.8,52.7,11.53,77,85,8.9,21.4,33.0,57.3,unfastened,0,NONE,Cloudy,Wet,day
751,EXC002,OP005,2024-01-16 15:00:00,4795.1,1357,169.9,78.8,1.49,31,10,3.2,13.9,42.8,42.4,fastened,0,P0100,Windy,Dry,night
752,EXC001,OP002,2024-01-16 15:30:00,9807.0,2377,296.57192767745903,42.7,7.26,58,100,4.4,3.5,80.6,63.7,fastened,0,P0562,Cloudy,Wet,night
753,EXC004,OP010,2024-01-16 16:00:00,7443.6,1676,215.2,84.0,8.17,3,81,12.4,0.0,38.3,80.4,fastened,0,NONE,Rainy,Muddy,night
754,EXC005,OP009,2024-01-16 16:30:00,8179.9,2321,231.4,79.5,12.62,84,97,2.9,9.0,33.5,62.3,fastened,0,NONE,Sunny,Wet,night
755,EXC005,OP008,2024-01-16 17:00:00,4409.0,1789,141.6,14.1,16.46,55,91,10.9,5.0,38.7,92.2,fastened,0,NONE,Rainy,Muddy,night
756,EXC005,OP004,2024-01-16 17:30:00,8587.0,645,304.4254819247862,9.9,10.55,37,66,6.9,17.0,66.4,52.4,fastened,0,NONE,Sunny,Dry,night
757,EXC002,OP002,2024-01-16 18:00:00,6831.7,2391,187.3,19.2,13.82,81,91,5.5,10.3,107.42871630998943,73.6,fastened,0,NONE,Rainy,Dry,day
758,EXC004,OP001,2024-01-16 18:30:00,7461.0,1008,318.0,83.2,11.76,36,37,9.9,13.9,104.1,46.2,fastened,0,NONE,Sunny,Dry,night
759,EXC004,OP004,2024-01-16 19:00:00,6609.8,1670,114.3,30.6,16.42,29,47,4.1,13.3,63.7,46.8,fastened,0,NONE,Sunny,Muddy,night
760,EXC002,OP009,2024-01-16 19:30:00,763.9,2173,285.0,42.6,14.69,25,49,5.6,0.8,71.2,51.3,unfastened,0,NONE,Rainy,Frozen,night
761,EXC001,OP004,2024-01-16 20:00:00,5743.5,1693,319.9,59.9,4.83,58,52,9.4,15.6,95.3,52.6,fastened,0,NONE,Rainy,Wet,night
762,EXC004,OP008,2024-01-16 20:30:00,709.9,725,219.2,66.9,4.39,39,70,11.8,18.2,95.2,78.3,fastened,1,NONE,Windy,Frozen,night
763,EXC002,OP002,2024-01-16 21:00:00,2105.2,1232,249.7,45.5,16.46,51,90,15.1,10.4,56.1,89.2,fastened,0,P0100,Windy,Frozen,day
764,EXC002,OP009,2024-01-16 21:30:00,5759.5,2341,128.1,47.7,10.96,71,36,14.8,12.8,88.0,90.2,fastened,0,NONE,Cloudy,Wet,day
765,EXC001,OP001,2024-01-16 22:00:00,4933.5,1358,177.2,36.2,8.37,58,46,9.0,3.2,100.9,76.4,fastened,0,NONE,Windy,Wet,night
766,EXC001,OP004,2024-01-16 22:30:00,670.4,2180,139.9,13.9,12.75,62,95,1.3,14.5,95.9,63.6,fastened,0,NONE,Windy,Dry,day
767,EXC001,OP002,2024-01-16 23:00:00,1733.0,1063,228.3,19.1,5.43,54,95,3.4,20.7,56.3,55.4,unfastened,0,NONE,Sunny,Wet,day
768,EXC001,OP007,2024-01-16 23:30:00,5637.0,1982,307.3,89.5,14.65,71,35,0.0,15.7,89.2,57.0,fastened,0,NONE,Cloudy,Frozen,night
769,EXC005,OP002,2024-01-17 00:00:00,11615.1,676,106.5,97.6,9.74,65,21,3.3,0.3,89.0,66.3,fastened,0,NONE,Rainy,Frozen,night
770,EXC001,OP001,2024-01-17 00:30:00,5888.1,1056,208.8,83.4,15.74,74,46,0.6,6.8,49.4,76.5,fastened,0,NONE,Rainy,Muddy,day
771,EXC002,OP004,2024-01-17 01:00:00,9293.4,1631,259.2,34.1,11.76,56,23,12.9,21.0,83.6,72.2,fastened,0,P0562,Windy,Wet,night
772,EXC005,OP001,2024-01-17 01:30:00,5372.4,2339,194.7,21.9,5.05,0,79,9.8,14.7,37.0,84.2,fastened,0,NONE,Rainy,Wet,day
773,EXC001,OP004,2024-01-17 02:00:00,2381.5,839,218.6,53.4,17.4,88,89,0.6,7.1,51.9,47.4,unfastened,0,NONE,Cloudy,Muddy,night
774,EXC004,OP003,2024-01-17 02:30:00,352.1,1882,199.7,14.0,7.54,21,86,11.1,13.2,32.3,46.5,fastened,0,NONE,Sunny,Frozen,night
775,EXC002,OP010,2024-01-17 03:00:00,4568.4,2291,231.4,91.9,13.9,64,47,14.7,3.6,40.5,97.5,fastened,0,NONE,Windy,Frozen,night
776,EXC002,OP006,2024-01-17 03:30:00,11041.9,814,115.1,78.0,4.97,58,53,0.5,20.3,38.5,58.3,fastened,0,NONE,Cloudy,Frozen,night
777,EXC003,OP005,2024-01-17 04:00:00,3965.4,2327,220.3,97.5,7.8,59,63,2.3,8.6,105.7,96.3,fastened,0,NONE,Windy,Wet,night
778,EXC003,OP007,2024-01-17 04:30:00,4485.5,1428,212.6,86.3,13.42,40,93,8.5,4.2,43.1,56.8,fastened,0,NONE,Windy,Dry,day
779,EXC004,OP002,2024-01-17 05:00:00,8343.4,1155,140.0,43.8,12.68,40,114,0.8,1.6,35.8,43.7,fastened,0,NONE,Rainy,Muddy,day
780,EXC004,OP002,2024-01-17 05:30:00,8869.3,2157,217.6,34.9,16.93,10,109,0.4,0.8,90.0,69.4,fastened,0,NONE,Sunny,Wet,day
781,EXC001,OP002,2024-01-17 06:00:00,7339.8,1482,201.9,84.3,14.46,22,47,10.5,14.2,81.9,51.4,fastened,0,NONE,Rainy,Dry,night
782,EXC001,OP009,2024-01-17 06:30:00,4124.9,889,230.5,60.9,6.17,79,28,10.1,15.0,80.9,92.2,fastened,0,P0217,Cloudy,Dry,night
783,EXC004,OP008,2024-01-17 07:00:00,11348.5,1265,224.0,88.5,15.61,81,15,14.5,14.5,101.4,65.1,fastened,1,P0562,Rainy,Frozen,day
784,EXC002,OP010,2024-01-17 07:30:00,4294.9,1654,189.0,35.9,16.62,84,110,1.4,6.9,104.77740224952232,65.6,fastened,0,NONE,Cloudy,Dry,day
785,EXC001,OP009,2024-01-17 08:00:00,3574.9,875,271.8,56.9,17.2,9,113,16.1,17.4,83.5,62.6,fastened,1,P0100,Sunny,Wet,night
786,EXC003,OP002,2024-01-17 08:30:00,10133.6,1350,178.6,48.9,16.26,76,69,0.3,18.5,66.6,46.4,fastened,0,P0217,Rainy,Wet,day
787,EXC002,OP002,2024-01-17 09:00:00,11229.1,1413,204.4,22.4,12.67,61,17,5.4,13.3,75.3,76.1,fastened,0,NONE,Windy,Wet,day
788,EXC005,OP009,2024-01-17 09:30:00,11483.1,1046,193.8,56.4,14.43,28,59,0.9,13.5,91.3,49.0,fastened,0,NONE,Sunny,Dry,day
789,EXC005,OP006,2024-01-17 10:00:00,6445.3,2242,206.9,12.9,11.84,14,89,4.4,4.2,58.7,77.1,fastened,0,NONE,Sunny,Wet,day
790,EXC001,OP007,2024-01-17 10:30:00,10446.9,1704,276.0,40.6,6.1,57,97,14.7,18.9,32.9,63.2,fastened,0,NONE,Cloudy,Frozen,day
791,EXC004,OP003,2024-01-17 11:00:00,2286.2,2166,256.1,55.7,14.78,2,95,2.3,1.9,64.1,89.5,fastened,0,NONE,Rainy,Dry,day
792,EXC005,OP006,2024-01-17 11:30:00,10679.1,876,109.3,18.8,4.48,13,96,3.6,17.7,60.2,70.2,fastened,0,NONE,Cloudy,Wet,night
793,EXC004,OP010,2024-01-17 12:00:00,9122.5,1362,208.8,76.6,8.05,9,20,11.0,9.2,44.5,91.5,fastened,0,NONE,Rainy,Frozen,day
794,EXC004,OP005,2024-01-17 12:30:00,4850.3,2393,127.4,23.1,6.51,12,85,0.4,2.2,86.7,41.5,fastened,0,NONE,Cloudy,Frozen,night
795,EXC003,OP007,2024-01-17 13:00:00,3017.7,893,260.5,74.2,3.51,0,119,10.8,1.4,94.4,82.1,fastened,0,NONE,Cloudy,Frozen,night
796,EXC003,OP008,2024-01-17 13:30:00,9139.8,977,317.1,7.3,14.48,30,54,16.1,21.7,42.7,72.4,fastened,0,P0100,Cloudy,Muddy,night
797,EXC001,OP010,2024-01-17 14:00:00,5224.0,2262,292.7187299324158,70.4,8.76,72,66,1.3,12.5,68.5,49.8,fastened,0,NONE,Cloudy,Dry,day
798,EXC001,OP003,2024-01-17 14:30:00,11745.5,817,183.6,43.0,9.72,25,39,0.1,9.8,56.1,46.1,fastened,0,P0100,Cloudy,Muddy,day
799,EXC004,OP010,2024-01-17 15:00:00,10269.7,1424,115.9,80.1,9.29,22,98,7.3,20.4,75.4,82.8,fastened,0,NONE,Sunny,Frozen,night
800,EXC003,OP007,2024-01-17 15:30:00,9506.1,729,173.2,58.4,12.56,88,49,15.3,10.2,37.5,61.8,unfastened,1,NONE,Rainy,Muddy,night
801,EXC001,OP009,2024-01-17 16:00:00,4072.1,1211,215.6,41.1,3.58,43,118,16.8,18.6,104.7,44.4,unfastened,1,NONE,Windy,Muddy,night
802,EXC002,OP003,2024-01-17 16:30:00,8568.7,2251,293.8,68.1,9.26,2,73,14.4,18.8,35.1,80.3,fastened,0,NONE,Cloudy,Dry,night
803,EXC004,OP002,2024-01-17 17:00:00,9095.5,2362,212.9,41.9,5.05,52,47,11.7,16.5,95.8,56.9,fastened,0,NONE,Cloudy,Muddy,night
804,EXC001,OP001,2024-01-17 17:30:00,4972.4,1442,316.6,38.8,17.5,49,72,7.7,2.1,45.6,57.4,fastened,0,NONE,Windy,Dry,day
805,EXC002,OP004,2024-01-17 18:00:00,1225.5,2249,181.2,45.4,1.55,38,14,14.2,21.0,91.7,44.8,fastened,0,NONE,Cloudy,Wet,day
806,EXC005,OP006,2024-01-17 18:30:00,8849.9,1317,100.1,72.5,16.75,76,111,13.6,13.8,52.6,64.5,fastened,0,NONE,Cloudy,Wet,day
807,EXC003,OP003,2024-01-17 19:00:00,3604.1,1681,238.3,63.4,1.55,61,60,3.3,9.0,93.2,93.0,fastened,1,NONE,Cloudy,Dry,night
808,EXC003,OP003,2024-01-17 19:30:00,1679.9,614,148.2,92.1,2.41,82,60,12.9,16.9,103.3,89.9,fastened,0,NONE,Sunny,Muddy,day
809,EXC001,OP009,2024-01-17 20:00:00,607.9,1893,153.6,5.0,16.36,33,55,14.3,1.6,104.9,59.2,fastened,0,NONE,Cloudy,Dry,day
810,EXC001,OP008,2024-01-17 20:30:00,3994.4,1657,103.8,20.3,11.84,49,83,16.2,3.9,99.1,57.8,fastened,0,P0217,Cloudy,Frozen,night
811,EXC004,OP007,2024-01-17 21:00:00,6168.3,2096,216.9,51.9,6.18,59,95,13.1,14.9,64.0,90.2,fastened,0,P0562,Cloudy,Frozen,night
812,EXC002,OP007,2024-01-17 21:30:00,556.9,2185,154.5,68.6,10.8,34,82,13.2,13.9,64.3,82.9,fastened,0,NONE,Windy,Dry,night
813,EXC002,OP009,2024-01-17 22:00:00,6804.5,2376,318.7,13.5,3.41,40,23,16.2,11.5,106.2,51.8,fastened,0,NONE,Windy,Wet,night
814,EXC001,OP003,2024-01-17 22:30:00,10755.1,1218,283.8,32.9,1.64,19,90,3.5,14.8,101.3,92.1,fastened,0,NONE,Sunny,Dry,night
815,EXC004,OP010,2024-01-17 23:00:00,7215.3,836,258.7,98.9,1.36,60,80,9.9,20.9,68.8,92.9,fastened,1,NONE,Sunny,Dry,night
816,EXC005,OP009,2024-01-17 23:30:00,6342.6,936,177.9,36.1,5.23,21,119,16.1,2.9,61.8,59.7,fastened,0,NONE,Cloudy,Frozen,night
817,EXC002,OP004,2024-01-18 00:00:00,2864.0,742,115.8,41.1,3.64,78,39,11.4,7.5,37.5,91.8,fastened,0,P0562,Rainy,Wet,day
818,EXC002,OP004,2024-01-18 00:30:00,5327.1,2164,290.7163046300935,27.7,7.56,73,98,16.8,6.5,58.9,78.5,fastened,0,NONE,Windy,Wet,night
819,EXC004,OP002,2024-01-18 01:00:00,7246.7,1034,104.9,6.7,15.84,82,106,0.9,20.6,67.7,90.8,fastened,0,NONE,Windy,Frozen,day
820,EXC003,OP008,2024-01-18 01:30:00,10394.7,714,197.2,32.1,7.12,64,14,3.9,4.1,96.5,62.4,fastened,1,NONE,Sunny,Wet,night
821,EXC004,OP004,2024-01-18 02:00:00,10593.9,634,308.41515289735406,20.3,7.47,18,110,4.0,8.1,55.9,63.1,fastened,1,NONE,Rainy,Dry,night
822,EXC004,OP003,2024-01-18 02:30:00,5477.9,1643,223.1,41.2,2.61,4,99,1.4,19.9,54.2,69.2,fastened,0,NONE,Windy,Dry,night
823,EXC004,OP007,2024-01-18 03:00:00,2285.6,1862,223.1,27.1,17.8,76,98,11.2,14.7,32.1,55.3,fastened,0,NONE,Sunny,Frozen,night
824,EXC001,OP002,2024-01-18 03:30:00,8517.7,884,216.7,43.4,3.04,36,119,7.2,0.7,33.2,71.2,fastened,0,P0217,Cloudy,Dry,night
825,EXC003,OP002,2024-01-18 04:00:00,11411.8,2267,257.2,30.6,6.42,16,32,4.4,21.1,94.6,69.5,fastened,0,NONE,Cloudy,Wet,night
826,EXC003,OP009,2024-01-18 04:30:00,11499.0,2212,150.2,92.0,17.05,73,14,13.1,1.3,43.1,50.9,unfastened,0,NONE,Sunny,Dry,day
827,EXC005,OP001,2024-01-18 05:00:00,11948.3,2323,153.3,32.7,8.46,43,77,12.2,11.5,107.3,91.9,fastened,0,NONE,Cloudy,Muddy,day
828,EXC004,OP010,2024-01-18 05:30:00,3101.6,2280,191.6,22.9,6.42,62,75,0.7,5.3,34.8,46.1,fastened,0,NONE,Windy,Muddy,day
829,EXC004,OP007,2024-01-18 06:00:00,10059.4,748,254.6,77.4,13.02,5,104,7.9,13.9,94.5,91.2,fastened,0,P0562,Sunny,Wet,day
830,EXC005,OP004,2024-01-18 06:30:00,715.3,1405,125.7,82.1,1.08,85,75,13.0,6.2,39.2,71.2,fastened,0,NONE,Cloudy,Dry,night
831,EXC004,OP006,2024-01-18 07:00:00,279.0,1366,294.9,58.5,6.12,28,22,1.9,18.0,80.8,68.0,fastened,0,NONE,Windy,Dry,night
832,EXC004,OP004,2024-01-18 07:30:00,8117.8,636,155.5,37.8,10.65,69,67,14.3,12.4,90.5,89.8,fastened,0,P0217,Sunny,Frozen,day
833,EXC003,OP005,2024-01-18 08:00:00,1526.6,2284,128.1,84.3,17.84,26,52,11.1,6.9,102.55740028389874,66.3,fastened,0,NONE,Windy,Frozen,day
834,EXC001,OP008,2024-01-18 08:30:00,4721.5,648,231.8,68.6,17.43,15,106,12.9,19.0,74.9,57.6,fastened,0,NONE,Rainy,Muddy,night
835,EXC004,OP010,2024-01-18 09:00:00,248.2,1852,160.6,41.2,11.46,36,87,4.5,17.1,92.5,49.2,fastened,0,NONE,Sunny,Frozen,day
836,EXC002,OP003,2024-01-18 09:30:00,1132.8,1144,189.9,42.2,6.45,6,99,13.5,10.8,43.7,79.9,fastened,0,NONE,Windy,Dry,night
837,EXC001,OP006,2024-01-18 10:00:00,2583.0,1675,113.4,5.2,10.13,45,90,3.1,10.8,71.8,88.3,fastened,0,NONE,Sunny,Frozen,night
838,EXC002,OP009,2024-01-18 10:30:00,6698.2,1485,202.3,10.5,16.84,41,28,15.5,10.3,72.6,69.6,fastened,1,NONE,Cloudy,Frozen,night
839,EXC002,OP001,2024-01-18 11:00:00,4050.1,996,166.8,17.8,12.18,6,104,3.7,11.9,91.4,56.4,fastened,0,P0217,Windy,Frozen,night
840,EXC002,OP001,2024-01-18 11:30:00,6809.9,1379,137.4,28.5,3.11,40,21,4.8,18.9,58.9,94.6,fastened,0,NONE,Rainy,Frozen,day
841,EXC002,OP007,2024-01-18 12:00:00,7822.8,1874,185.0,93.0,17.5,51,39,12.1,1.6,81.6,77.5,fastened,0,NONE,Cloudy,Muddy,day
842,EXC005,OP002,2024-01-18 12:30:00,140.0,1623,269.4,83.1,16.29,49,28,6.0,8.5,106.0,71.6,fastened,0,NONE,Sunny,Frozen,day
843,EXC005,OP010,2024-01-18 13:00:00,10187.6,1004,268.0,8.9,4.29,6,19,5.6,16.5,86.7,85.9,fastened,0,NONE,Sunny,Wet,day
844,EXC001,OP002,2024-01-18 13:30:00,787.2,1063,179.3,6.4,11.99,60,107,1.1,21.2,31.4,59.4,fastened,0,P0100,Sunny,Dry,night
845,EXC003,OP008,2024-01-18 14:00:00,10489.3,1852,314.3,60.7,15.87,29,24,14.8,3.4,42.1,82.7,fastened,0,NONE,Sunny,Frozen,day
846,EXC002,OP004,2024-01-18 14:30:00,11715.1,977,127.7,40.8,4.36,22,20,8.3,1.0,61.9,60.3,fastened,0,NONE,Sunny,Muddy,night
847,EXC005,OP010,2024-01-18 15:00:00,10851.9,1672,288.0,81.2,16.66,76,20,7.1,17.7,62.4,55.0,unfastened,0,P0562,Rainy,Muddy,night
848,EXC003,OP009,2024-01-18 15:30:00,6551.9,2353,315.4,97.4,3.65,88,81,4.4,21.3,56.4,53.5,unfastened,0,P0562,Windy,Wet,night
849,EXC004,OP008,2024-01-18 16:00:00,9259.0,1635,226.1,52.0,6.75,10,35,10.0,15.7,65.4,91.2,fastened,1,NONE,Windy,Frozen,day
850,EXC001,OP007,2024-01-18 16:30:00,2154.9,1105,113.2,21.9,17.0,44,85,10.1,12.2,105.5,86.7,fastened,0,P0562,Sunny,Wet,night
851,EXC004,OP003,2024-01-18 17:00:00,11251.4,1804,302.6,89.8,17.07,23,39,0.0,5.1,94.4,52.1,fastened,1,NONE,Windy,Muddy,day
852,EXC003,OP002,2024-01-18 17:30:00,377.6,2303,196.1,45.1,0.91,64,33,1.5,21.1,41.1,44.1,fastened,1,P0100,Windy,Wet,day
853,EXC005,OP003,2024-01-18 18:00:00,6662.6,1767,137.8,44.6,15.66,54,28,11.0,15.9,65.5,49.0,fastened,0,NONE,Rainy,Wet,night
854,EXC001,OP001,2024-01-18 18:30:00,5588.1,1628,296.1,71.9,12.64,36,35,5.1,15.3,84.5,57.8,fastened,0,NONE,Cloudy,Muddy,night
855,EXC002,OP008,2024-01-18 19:00:00,9583.1,1704,193.9,40.1,15.76,67,35,17.7,19.4,43.1,75.4,fastened,0,P0100,Cloudy,Dry,night
856,EXC005,OP003,2024-01-18 19:30:00,8965.9,725,209.9,27.3,8.58,61,101,4.5,19.3,34.1,78.6,fastened,0,NONE,Cloudy,Dry,night
857,EXC002,OP005,2024-01-18 20:00:00,4029.1,642,225.6,75.5,17.68,83,68,2.7,1.8,106.6,46.6,fastened,0,P0562,Sunny,Muddy,day
858,EXC002,OP007,2024-01-18 20:30:00,2046.0,1671,299.5,22.7,13.59,88,56,0.8,0.4,92.8,66.4,fastened,0,NONE,Rainy,Wet,day
859,EXC002,OP008,2024-01-18 21:00:00,9551.9,1460,210.8,8.7,13.79,37,109,12.4,4.9,100.8,70.2,fastened,0,NONE,Rainy,Dry,night
860,EXC003,OP006,2024-01-18 21:30:00,11732.0,2373,295.4,52.3,7.97,13,64,5.2,20.0,92.5,55.0,fastened,0,NONE,Sunny,Frozen,night
861,EXC001,OP008,2024-01-18 22:00:00,1264.7,1458,137.5,8.2,7.37,83,106,4.9,11.7,84.3,82.3,fastened,0,NONE,Sunny,Frozen,day
862,EXC004,OP002,2024-01-18 22:30:00,8821.4,2111,235.7,80.1,4.1,39,53,2.0,14.2,91.2,74.5,fastened,0,NONE,Sunny,Muddy,day
863,EXC005,OP003,2024-01-18 23:00:00,6236.7,1786,215.6,97.9,1.52,79,117,0.9,7.6,72.0,82.4,unfastened,0,NONE,Cloudy,Wet,day
864,EXC002,OP008,2024-01-18 23:30:00,3812.6,1146,171.5,95.1,16.28,62,30,4.1,9.3,50.6,80.5,fastened,0,NONE,Cloudy,Frozen,day
865,EXC001,OP008,2024-01-19 00:00:00,271.9,2153,146.8,19.1,10.84,47,66,7.1,6.6,37.6,92.0,fastened,0,NONE,Rainy,Dry,night
866,EXC002,OP007,2024-01-19 00:30:00,8716.4,771,115.4,93.5,10.27,77,58,11.9,20.7,77.8,79.0,fastened,0,NONE,Cloudy,Dry,day
867,EXC004,OP010,2024-01-19 01:00:00,1671.2,850,157.6,15.6,6.42,65,107,1.8,9.1,47.6,86.4,fastened,0,NONE,Cloudy,Muddy,day
868,EXC003,OP010,2024-01-19 01:30:00,10224.7,1428,249.7,38.7,13.44,57,39,6.6,18.4,95.8,69.5,fastened,0,NONE,Cloudy,Muddy,day
869,EXC004,OP001,2024-01-19 02:00:00,3248.6,1901,161.2,13.0,7.62,46,47,17.9,3.4,72.8,53.8,fastened,0,NONE,Rainy,Wet,night
870,EXC005,OP006,2024-01-19 02:30:00,7148.9,777,260.2,83.2,14.66,20,43,12.3,7.0,109.6,45.3,fastened,0,NONE,Sunny,Muddy,night
871,EXC005,OP010,2024-01-19 03:00:00,3482.5,964,292.5,26.3,1.9,19,78,18.0,4.0,60.8,68.4,fastened,1,NONE,Cloudy,Dry,night
872,EXC003,OP004,2024-01-19 03:30:00,8456.9,1135,252.7,68.2,4.83,58,32,1.4,6.5,63.5,86.3,fastened,0,NONE,Cloudy,Wet,night
873,EXC004,OP001,2024-01-19 04:00:00,1494.1,1617,277.1,77.5,5.46,34,62,7.3,14.7,51.6,73.8,fastened,0,P0100,Windy,Dry,day
874,EXC003,OP002,2024-01-19 04:30:00,4181.9,2252,313.3613386887316,41.2,0.91,56,78,4.1,3.1,52.9,41.5,fastened,0,P0100,Windy,Dry,day
875,EXC001,OP008,2024-01-19 05:00:00,6156.6,622,308.3,80.0,12.11,75,33,16.9,11.8,68.2,53.9,fastened,0,NONE,Windy,Dry,day
876,EXC003,OP010,2024-01-19 05:30:00,7066.9,2270,267.8,35.9,12.78,3,41,16.3,0.1,35.2,65.6,fastened,0,NONE,Rainy,Dry,night
877,EXC005,OP008,2024-01-19 06:00:00,6997.0,804,171.0,19.1,7.73,7,25,10.2,21.6,96.7,63.3,fastened,1,NONE,Windy,Dry,night
878,EXC003,OP001,2024-01-19 06:30:00,1044.8,802,259.1,48.7,14.42,73,28,5.5,0.8,37.9,80.4,fastened,0,NONE,Windy,Muddy,night
879,EXC003,OP005,2024-01-19 07:00:00,501.9,2128,296.74599131717997,72.5,17.19,87,111,9.8,16.6,102.5,50.2,fastened,0,NONE,Windy,Wet,day
880,EXC004,OP004,2024-01-19 07:30:00,2922.6,1573,265.3,8.8,13.39,47,98,15.7,19.1,61.9,61.4,fastened,1,NONE,Cloudy,Dry,night
881,EXC005,OP010,2024-01-19 08:00:00,548.7,719,170.3,81.6,12.28,60,31,10.3,21.9,66.8,71.1,unfastened,0,P0100,Cloudy,Dry,day
882,EXC001,OP006,2024-01-19 08:30:00,2725.2,902,212.1,29.3,8.37,26,73,13.8,14.3,107.1,97.1,fastened,0,NONE,Cloudy,Dry,night
883,EXC001,OP003,2024-01-19 09:00:00,805.2,2052,293.7,69.7,10.19,19,21,12.4,13.3,89.1,93.7,fastened,0,NONE,Rainy,Muddy,day
884,EXC003,OP006,2024-01-19 09:30:00,6375.4,870,314.7,15.8,5.54,21,104,1.8,12.3,52.3,62.1,fastened,1,P0217,Cloudy,Frozen,night
885,EXC001,OP008,2024-01-19 10:00:00,1344.1,1209,179.2,42.0,4.77,84,93,13.6,16.8,54.4,59.4,fastened,0,P0217,Rainy,Dry,day
886,EXC005,OP006,2024-01-19 10:30:00,5041.4,1978,207.1,49.2,0.96,69,95,3.8,19.2,42.0,95.1,fastened,0,NONE,Sunny,Frozen,night
887,EXC004,OP005,2024-01-19 11:00:00,9257.8,704,172.8,49.5,8.92,75,44,15.7,11.6,81.1,90.0,fastened,0,NONE,Sunny,Muddy,night
888,EXC004,OP008,2024-01-19 11:30:00,9291.5,1372,257.9,31.0,4.44,5,50,5.6,15.8,82.9,81.2,unfastened,0,P0217,Cloudy,Muddy,night
889,EXC003,OP004,2024-01-19 12:00:00,6790.0,1831,108.5,55.3,8.68,77,106,10.2,21.2,101.1,76.1,fastened,0,NONE,Windy,Wet,day
890,EXC003,OP002,2024-01-19 12:30:00,466.3,1499,309.8,31.3,14.72,25,71,5.1,2.5,52.7,82.3,fastened,0,P0217,Cloudy,Muddy,day
891,EXC001,OP009,2024-01-19 13:00:00,6486.7,2178,220.9,20.8,6.92,21,74,0.2,13.0,35.4,81.2,fastened,1,NONE,Cloudy,Muddy,night
892,EXC004,OP008,2024-01-19 13:30:00,3106.7,922,159.6,17.7,6.13,63,118,14.0,1.5,47.6,88.5,unfastened,0,P0217,Rainy,Muddy,day
893,EXC003,OP008,2024-01-19 14:00:00,6864.0,1630,108.2,90.0,8.32,11,100,12.9,9.6,107.0,82.0,fastened,1,NONE,Windy,Muddy,day
894,EXC002,OP009,2024-01-19 14:30:00,10910.1,722,223.4,17.4,9.17,85,49,16.6,16.0,109.1,77.7,unfastened,0,NONE,Sunny,Muddy,day
895,EXC003,OP008,2024-01-19 15:00:00,7226.5,2227,229.0,42.5,5.27,45,15,10.3,8.4,58.3,94.3,fastened,0,NONE,Cloudy,Muddy,day
896,EXC003,OP001,2024-01-19 15:30:00,11293.0,838,253.0,28.9,11.0,10,36,3.4,2.2,69.2,94.6,fastened,0,NONE,Windy,Frozen,night
897,EXC005,OP009,2024-01-19 16:00:00,2582.5,1836,215.6,63.5,1.01,82,93,3.1,18.3,97.7,64.2,fastened,0,NONE,Windy,Wet,day
898,EXC001,OP001,2024-01-19 16:30:00,3293.0,968,308.7010724981383,37.8,9.01,88,27,7.0,5.4,68.2,97.9,fastened,0,NONE,Windy,Muddy,day
899,EXC001,OP007,2024-01-19 17:00:00,1870.0,2056,309.1554880227263,32.2,11.86,74,43,6.0,11.1,106.7,62.8,unfastened,0,NONE,Cloudy,Muddy,day
900,EXC001,OP010,2024-01-19 17:30:00,1032.2,659,142.7,97.1,8.66,87,113,7.3,3.3,97.0,54.4,unfastened,0,NONE,Rainy,Dry,day
901,EXC004,OP005,2024-01-19 18:00:00,225.0,1212,155.2,99.7,17.62,49,58,4.0,21.8,89.3,52.0,fastened,0,NONE,Windy,Muddy,day
902,EXC001,OP004,2024-01-19 18:30:00,11142.4,1890,291.11732893648303,17.6,3.21,24,37,17.8,8.4,80.3,46.9,fastened,0,NONE,Cloudy,Wet,day
903,EXC004,OP010,2024-01-19 19:00:00,5475.6,1583,270.1,70.8,8.43,13,70,1.5,18.1,107.81885670055702,61.2,fastened,0,NONE,Windy,Muddy,day
904,EXC004,OP005,2024-01-19 19:30:00,11272.4,2133,126.0,89.5,5.61,13,112,13.3,8.5,44.6,96.1,fastened,0,NONE,Rainy,Muddy,day
905,EXC004,OP010,2024-01-19 20:00:00,10381.6,2266,241.6,97.2,16.31,13,33,10.2,7.7,99.3,58.8,fastened,0,NONE,Sunny,Wet,day
906,EXC003,OP004,2024-01-19 20:30:00,8952.5,2173,108.4,33.3,3.64,0,75,10.0,5.3,49.3,93.3,unfastened,0,NONE,Sunny,Muddy,day
907,EXC003,OP002,2024-01-19 21:00:00,11022.3,1067,109.5,79.5,9.62,66,97,11.0,8.9,49.5,46.2,fastened,0,P0217,Rainy,Muddy,day
908,EXC005,OP006,2024-01-19 21:30:00,3241.7,1661,304.8792266761071,36.1,7.93,67,74,16.3,19.3,97.7,48.5,fastened,0,P0562,Rainy,Frozen,night
909,EXC005,OP004,2024-01-19 22:00:00,10290.9,767,178.6,64.1,16.55,65,106,12.2,14.6,33.7,49.5,fastened,1,P0562,Windy,Dry,night
910,EXC001,OP008,2024-01-19 22:30:00,8191.8,1147,141.8,53.7,10.26,32,54,4.9,1.2,87.4,71.9,fastened,0,NONE,Cloudy,Wet,night
911,EXC002,OP003,2024-01-19 23:00:00,7234.5,769,295.0,72.2,8.65,82,97,4.8,11.9,79.3,97.5,fastened,0,P0217,Rainy,Wet,day
912,EXC002,OP008,2024-01-19 23:30:00,7462.1,1486,167.0,91.7,10.77,17,53,14.9,11.0,33.0,51.8,fastened,0,NONE,Windy,Muddy,night
913,EXC003,OP004,2024-01-20 00:00:00,10883.3,2098,311.35859724318954,15.7,12.95,73,16,8.6,15.1,44.5,59.4,unfastened,0,NONE,Rainy,Dry,day
914,EXC004,OP004,2024-01-20 00:30:00,11154.1,633,318.7,26.2,1.06,81,45,12.7,16.6,54.0,89.5,unfastened,0,P0562,Cloudy,Muddy,day
915,EXC002,OP008,2024-01-20 01:00:00,2205.9,1487,155.9,60.6,4.82,5,25,6.8,12.4,48.2,70.8,fastened,0,NONE,Windy,Dry,day
916,EXC001,OP003,2024-01-20 01:30:00,1061.1,2071,236.1,38.9,4.63,62,90,13.3,19.3,43.5,60.0,fastened,0,NONE,Rainy,Frozen,night
917,EXC002,OP003,2024-01-20 02:00:00,3344.4,1015,264.2,58.0,7.77,80,54,7.6,14.1,98.3,64.5,fastened,0,NONE,Cloudy,Frozen,day
918,EXC003,OP006,2024-01-20 02:30:00,9741.2,2044,159.6,79.4,10.59,72,91,8.9,7.4,104.0,82.6,fastened,1,NONE,Windy,Muddy,day
919,EXC004,OP004,2024-01-20 03:00:00,1255.0,738,112.6,71.5,16.53,22,92,16.7,8.3,44.0,61.0,fastened,0,P0100,Sunny,Frozen,day
920,EXC001,OP004,2024-01-20 03:30:00,7975.0,1514,274.1,77.8,10.4,59,68,8.9,18.9,76.3,78.4,fastened,0,NONE,Windy,Frozen,day
921,EXC004,OP004,2024-01-20 04:00:00,4850.6,2375,163.6,20.3,3.68,73,112,4.0,5.7,64.7,86.5,fastened,0,NONE,Sunny,Muddy,day
922,EXC001,OP007,2024-01-20 04:30:00,10956.7,1279,170.7,7.9,9.7,82,59,9.6,3.1,104.38512760416901,43.3,fastened,0,NONE,Sunny,Frozen,day
923,EXC002,OP004,2024-01-20 05:00:00,9858.2,1752,191.2,87.8,8.0,61,85,0.2,16.6,106.2,83.5,fastened,0,P0217,Sunny,Muddy,night
924,EXC003,OP007,2024-01-20 05:30:00,6142.8,910,108.6,47.9,11.8,31,79,5.0,9.4,33.7,94.8,fastened,0,NONE,Rainy,Frozen,day
925,EXC001,OP003,2024-01-20 06:00:00,4629.9,1359,287.3,65.4,11.64,60,88,10.9,5.0,108.0,44.7,fastened,0,NONE,Sunny,Frozen,night
926,EXC003,OP009,2024-01-20 06:30:00,10031.9,736,289.9,11.9,12.05,14,64,1.3,18.3,55.4,44.7,fastened,1,NONE,Windy,Wet,day
927,EXC001,OP010,2024-01-20 07:00:00,3007.7,808,291.7,72.2,17.95,7,57,8.2,4.1,75.6,75.7,fastened,0,NONE,Sunny,Dry,day
928,EXC002,OP001,2024-01-20 07:30:00,6565.9,1184,140.2,14.7,0.98,0,100,10.8,16.1,104.5,79.2,fastened,1,NONE,Cloudy,Dry,day
929,EXC003,OP002,2024-01-20 08:00:00,11186.8,2340,314.8,79.8,13.84,49,109,4.1,7.5,81.6,66.8,fastened,0,NONE,Cloudy,Wet,day
930,EXC002,OP002,2024-01-20 08:30:00,7284.0,2287,245.5,10.8,15.46,3,17,3.9,15.7,91.4,94.3,fastened,0,NONE,Sunny,Muddy,day
931,EXC003,OP002,2024-01-20 09:00:00,11168.0,705,230.4,12.9,4.79,12,117,12.0,17.0,37.7,47.3,fastened,0,NONE,Windy,Wet,night
932,EXC002,OP008,2024-01-20 09:30:00,5359.9,854,316.13201485609386,37.6,13.75,86,109,17.5,3.5,75.6,46.9,fastened,0,NONE,Windy,Wet,night
933,EXC003,OP003,2024-01-20 10:00:00,7588.6,1837,266.3,25.1,2.34,36,74,5.5,18.1,54.9,40.6,fastened,0,NONE,Windy,Dry,day
934,EXC001,OP006,2024-01-20 10:30:00,11290.7,2308,191.5,98.5,9.99,55,67,3.7,13.6,63.6,87.7,unfastened,0,P0562,Windy,Frozen,night
935,EXC001,OP003,2024-01-20 11:00:00,8873.6,1510,228.5,47.9,6.14,39,60,17.7,18.9,49.0,45.2,fastened,0,P0562,Sunny,Wet,night
936,EXC005,OP001,2024-01-20 11:30:00,10876.6,1551,228.7,49.5,4.49,4,66,15.0,0.7,79.3,75.0,fastened,0,P0217,Sunny,Muddy,night
937,EXC002,OP001,2024-01-20 12:00:00,10001.3,1682,101.7,9.4,11.83,53,29,16.8,16.7,72.9,93.9,fastened,0,NONE,Windy,Muddy,night
938,EXC004,OP010,2024-01-20 12:30:00,1025.9,1393,102.1,51.7,7.55,9,53,0.8,21.7,40.3,43.1,fastened,0,P0562,Sunny,Frozen,night
939,EXC001,OP006,2024-01-20 13:00:00,3175.8,1940,203.6,11.1,3.41,60,114,16.8,15.5,106.97694617966734,46.8,fastened,0,NONE,Rainy,Muddy,day
940,EXC001,OP007,2024-01-20 13:30:00,8923.6,821,222.9,64.7,11.12,62,68,15.1,20.2,52.8,90.5,fastened,0,NONE,Sunny,Muddy,night
941,EXC004,OP002,2024-01-20 14:00:00,10691.5,706,255.6,98.2,9.37,64,49,5.4,9.1,76.9,56.1,fastened,0,P0217,Rainy,Frozen,day
942,EXC002,OP005,2024-01-20 14:30:00,9647.5,728,265.6,36.3,1.24,34,34,11.2,15.4,99.5,64.5,fastened,0,P0100,Windy,Muddy,night
943,EXC002,OP007,2024-01-20 15:00:00,3826.6,1000,228.9,81.8,14.86,43,94,3.1,12.5,61.8,73.7,fastened,0,NONE,Sunny,Muddy,day
944,EXC001,OP008,2024-01-20 15:30:00,7490.4,1580,162.6,96.7,17.77,69,64,7.5,7.4,81.2,81.6,fastened,0,NONE,Windy,Frozen,night
945,EXC002,OP007,2024-01-20 16:00:00,7970.5,1072,236.2,97.0,6.49,39,73,10.8,13.7,99.0,50.7,fastened,0,NONE,Cloudy,Muddy,day
946,EXC002,OP006,2024-01-20 16:30:00,5304.0,1677,157.2,75.9,17.78,84,53,2.0,7.9,79.8,90.7,fastened,0,NONE,Cloudy,Dry,day
947,EXC004,OP007,2024-01-20 17:00:00,7093.6,633,279.9,87.6,17.93,58,13,17.4,20.9,108.6,84.9,unfastened,0,P0100,Windy,Frozen,day
948,EXC005,OP004,2024-01-20 17:30:00,11833.4,1381,193.1,38.4,8.63,68,42,16.7,17.5,36.5,45.3,fastened,1,NONE,Windy,Frozen,night
949,EXC001,OP007,2024-01-20 18:00:00,6581.8,865,296.9,60.5,16.61,59,75,15.6,19.2,59.0,46.3,fastened,1,NONE,Rainy,Muddy,night
950,EXC001,OP003,2024-01-20 18:30:00,2412.9,1117,128.1,68.0,14.19,16,33,2.3,14.0,86.2,81.0,fastened,0,NONE,Sunny,Frozen,day
951,EXC004,OP008,2024-01-20 19:00:00,6098.9,1763,255.2,25.7,15.1,41,65,12.0,18.5,69.1,67.4,fastened,0,NONE,Cloudy,Dry,night
952,EXC005,OP005,2024-01-20 19:30:00,2191.4,623,194.5,34.8,2.64,58,104,16.0,8.1,50.7,66.2,fastened,0,NONE,Cloudy,Frozen,day
953,EXC002,OP006,2024-01-20 20:00:00,8289.7,1986,128.0,39.3,14.16,46,30,2.5,14.6,56.8,52.6,fastened,0,NONE,Windy,Frozen,night
954,EXC005,OP005,2024-01-20 20:30:00,10832.6,1080,223.0,11.2,4.64,53,103,11.7,7.3,87.9,81.3,fastened,0,NONE,Sunny,Dry,night
955,EXC001,OP006,2024-01-20 21:00:00,8142.8,2150,146.6,48.4,13.58,81,25,3.7,13.1,92.9,46.6,fastened,0,NONE,Windy,Muddy,day
956,EXC004,OP008,2024-01-20 21:30:00,10543.8,1886,164.3,79.4,4.63,76,63,12.4,1.6,80.8,61.7,fastened,0,NONE,Windy,Frozen,night
957,EXC005,OP003,2024-01-20 22:00:00,8759.5,2228,200.4,66.7,14.22,19,81,11.7,17.4,101.1,81.9,fastened,1,NONE,Sunny,Muddy,day
958,EXC003,OP005,2024-01-20 22:30:00,5305.7,1690,180.2,64.4,16.14,18,35,15.7,9.3,71.7,96.9,unfastened,0,NONE,Sunny,Dry,night
959,EXC003,OP005,2024-01-20 23:00:00,6504.5,1337,185.5,62.6,9.28,13,35,8.7,21.6,95.9,52.3,fastened,0,NONE,Windy,Dry,night
960,EXC002,OP001,2024-01-20 23:30:00,6437.5,884,187.3,7.1,8.08,64,59,13.7,18.9,106.08190834010402,76.9,fastened,0,P0217,Windy,Dry,day
961,EXC004,OP009,2024-01-21 00:00:00,4770.7,730,103.7,5.3,3.05,44,12,3.5,13.5,108.9,43.7,fastened,0,P0100,Cloudy,Muddy,day
962,EXC005,OP007,2024-01-21 00:30:00,1205.8,2028,180.8,21.1,4.63,53,111,11.6,5.8,109.28047787003125,55.5,fastened,0,NONE,Windy,Wet,day
963,EXC005,OP001,2024-01-21 01:00:00,8451.6,1760,186.6,91.8,17.86,78,38,15.8,13.9,101.5,45.6,fastened,0,NONE,Windy,Muddy,night
964,EXC005,OP001,2024-01-21 01:30:00,661.2,867,230.4,86.4,13.29,42,95,13.0,16.6,100.4,88.2,fastened,0,NONE,Windy,Dry,night
965,EXC001,OP010,2024-01-21 02:00:00,2528.2,771,205.8,59.8,13.96,56,41,15.8,10.4,97.4,64.2,fastened,0,NONE,Cloudy,Wet,day
966,EXC003,OP009,2024-01-21 02:30:00,5501.1,2031,138.0,41.6,14.75,26,98,11.3,13.0,36.8,91.7,fastened,0,NONE,Rainy,Wet,night
967,EXC003,OP008,2024-01-21 03:00:00,11846.3,707,229.3,96.5,10.71,74,30,9.9,19.3,102.8,42.3,unfastened,1,NONE,Sunny,Dry,day
968,EXC001,OP008,2024-01-21 03:30:00,3751.7,1522,107.7,11.3,8.22,2,87,16.5,3.0,43.5,80.5,fastened,0,NONE,Rainy,Frozen,day
969,EXC005,OP009,2024-01-21 04:00:00,9557.0,1184,173.3,14.2,6.59,51,89,5.8,11.0,99.4,69.8,fastened,1,P0100,Sunny,Dry,day
970,EXC001,OP006,2024-01-21 04:30:00,5091.7,1890,236.4,64.0,0.98,72,89,13.5,19.0,74.7,80.2,unfastened,0,NONE,Sunny,Muddy,day
971,EXC003,OP001,2024-01-21 05:00:00,2736.5,704,237.3,57.0,14.67,64,15,12.5,8.6,52.6,96.1,fastened,0,P0217,Cloudy,Wet,day
972,EXC001,OP005,2024-01-21 05:30:00,416.3,749,139.7,98.2,15.64,9,26,14.7,19.4,55.2,96.4,unfastened,0,NONE,Sunny,Muddy,night
973,EXC004,OP004,2024-01-21 06:00:00,1152.5,851,174.6,81.2,6.5,76,105,9.0,12.3,51.6,88.2,fastened,0,NONE,Cloudy,Wet,night
974,EXC001,OP002,2024-01-21 06:30:00,5059.1,1933,200.7,94.1,9.51,33,48,8.9,8.8,88.0,52.2,fastened,0,NONE,Rainy,Frozen,night
975,EXC003,OP009,2024-01-21 07:00:00,4862.2,1882,190.5,73.6,10.62,46,98,0.6,21.8,88.9,84.0,fastened,0,NONE,Windy,Wet,night
976,EXC003,OP007,2024-01-21 07:30:00,7553.6,1898,250.8,93.1,12.01,44,101,16.8,3.6,64.2,95.5,fastened,0,NONE,Cloudy,Frozen,night
977,EXC001,OP010,2024-01-21 08:00:00,840.4,1635,262.8,70.2,11.87,31,86,7.0,7.6,64.2,60.1,fastened,0,NONE,Rainy,Wet,day
978,EXC005,OP002,2024-01-21 08:30:00,3478.8,915,109.0,54.9,3.94,29,29,9.9,4.8,47.1,60.3,fastened,0,NONE,Cloudy,Frozen,day
979,EXC001,OP010,2024-01-21 09:00:00,378.7,1009,264.0,60.1,12.52,82,46,3.6,21.6,61.9,67.7,fastened,0,NONE,Rainy,Muddy,day
980,EXC004,OP007,2024-01-21 09:30:00,10475.8,847,293.3,90.6,13.67,59,18,11.1,3.3,83.0,80.3,fastened,0,NONE,Sunny,Frozen,day
981,EXC001,OP006,2024-01-21 10:00:00,4830.8,825,301.1,14.9,0.8,89,10,6.2,2.6,80.0,54.4,fastened,0,NONE,Rainy,Dry,night
982,EXC004,OP002,2024-01-21 10:30:00,7053.0,1947,302.5995748954466,58.7,11.31,29,103,10.5,5.8,40.4,49.2,fastened,1,P0100,Rainy,Frozen,day
983,EXC002,OP007,2024-01-21 11:00:00,8555.6,1422,294.4,42.3,7.79,26,62,13.2,13.4,88.5,56.6,fastened,0,NONE,Rainy,Muddy,day
984,EXC004,OP006,2024-01-21 11:30:00,3288.8,1349,136.0,68.0,15.99,46,95,11.0,5.8,109.2,77.4,fastened,0,NONE,Sunny,Dry,day
985,EXC003,OP008,2024-01-21 12:00:00,1705.9,864,174.4,62.4,17.02,54,27,0.6,7.2,94.9,42.4,fastened,0,NONE,Windy,Dry,night
986,EXC004,OP002,2024-01-21 12:30:00,7005.2,1765,184.0,43.0,10.72,8,27,14.5,11.8,30.6,93.8,fastened,0,P0100,Sunny,Muddy,day
987,EXC005,OP007,2024-01-21 13:00:00,10850.0,2096,165.8,70.5,7.49,32,71,10.1,14.0,95.8,72.3,fastened,0,NONE,Sunny,Muddy,night
988,EXC003,OP001,2024-01-21 13:30:00,10721.7,616,164.8,55.9,16.92,39,68,4.3,12.8,32.4,46.2,fastened,0,P0217,Sunny,Wet,day
989,EXC004,OP001,2024-01-21 14:00:00,3768.1,2277,137.3,22.8,5.22,7,55,5.8,13.5,40.7,81.9,fastened,0,NONE,Rainy,Frozen,night
990,EXC005,OP005,2024-01-21 14:30:00,3267.3,930,245.0,65.6,9.12,52,14,14.6,14.8,49.4,56.6,fastened,0,NONE,Sunny,Dry,day
991,EXC002,OP002,2024-01-21 15:00:00,4307.3,2240,227.7,7.5,6.68,10,38,16.9,19.3,69.4,84.5,unfastened,0,NONE,Windy,Wet,night
992,EXC002,OP008,2024-01-21 15:30:00,3018.4,1942,235.0,83.2,3.19,77,26,14.6,14.9,97.6,91.1,fastened,0,P0100,Rainy,Dry,day
993,EXC004,OP005,2024-01-21 16:00:00,11577.7,726,300.48326661335574,91.1,16.15,77,28,16.0,15.9,95.1,69.2,fastened,1,NONE,Cloudy,Frozen,day
994,EXC005,OP003,2024-01-21 16:30:00,512.5,957,148.6,12.4,4.88,16,38,8.8,8.7,59.8,50.7,fastened,0,NONE,Sunny,Wet,day
995,EXC001,OP003,2024-01-21 17:00:00,2376.8,1615,229.0,29.4,14.42,47,83,7.5,20.8,67.9,67.4,fastened,0,P0562,Sunny,Dry,night
996,EXC001,OP005,2024-01-21 17:30:00,436.8,744,243.8,17.0,13.68,30,87,14.7,17.8,43.6,73.1,fastened,1,NONE,Rainy,Frozen,night
997,EXC001,OP006,2024-01-21 18:00:00,10262.4,1406,111.4,78.3,12.17,39,98,7.1,12.8,106.2,60.9,fastened,0,NONE,Cloudy,Muddy,night
998,EXC004,OP008,2024-01-21 18:30:00,5710.9,915,317.3,11.7,2.41,23,43,12.7,9.9,51.9,84.6,fastened,0,NONE,Rainy,Wet,night
999,EXC003,OP006,2024-01-21 19:00:00,2813.8,727,227.6,56.4,7.51,38,69,11.0,0.4,46.4,55.7,fastened,0,NONE,Cloudy,Muddy,night
1000,EXC003,OP006,2024-01-21 19:30:00,4805.2,870,240.4,41.9,16.72,69,99,2.8,21.7,109.0,88.8,fastened,0,NONE,Sunny,Frozen,day
1001,EXC002,OP007,2024-01-21 20:00:00,1362.4,1960,225.3,76.3,6.9,26,63,5.6,3.1,46.9,65.4,fastened,0,NONE,Windy,Wet,night
1002,EXC003,OP006,2024-01-21 20:30:00,1381.3,1223,252.0,65.7,0.86,34,12,3.8,11.2,44.5,74.0,unfastened,0,NONE,Cloudy,Dry,day
1003,EXC004,OP004,2024-01-21 21:00:00,11367.9,1345,244.5,56.7,13.2,70,64,2.3,7.5,108.6,43.2,fastened,0,P0217,Windy,Frozen,day
1004,EXC003,OP003,2024-01-21 21:30:00,8383.3,1554,275.8,52.8,12.53,81,10,7.6,7.2,36.1,52.2,fastened,0,NONE,Sunny,Dry,day
1005,EXC002,OP006,2024-01-21 22:00:00,7700.4,1692,135.5,78.6,10.65,78,52,3.6,9.2,32.7,65.4,unfastened,0,NONE,Rainy,Muddy,day
1006,EXC001,OP002,2024-01-21 22:30:00,5725.8,2349,136.0,50.3,6.85,33,42,1.3,12.6,66.5,82.9,unfastened,0,NONE,Cloudy,Frozen,night
1007,EXC002,OP003,2024-01-21 23:00:00,5928.8,1149,148.3,44.9,6.15,33,110,3.7,0.2,53.7,96.3,fastened,0,P0562,Cloudy,Dry,day
1008,EXC004,OP002,2024-01-21 23:30:00,9287.3,1270,312.0,7.4,4.52,24,90,11.1,3.4,99.6,44.2,fastened,0,P0562,Windy,Wet,day
1009,EXC001,OP005,2024-01-22 00:00:00,723.5,2380,178.5,30.5,10.86,46,82,14.6,13.5,88.8,94.3,fastened,0,NONE,Sunny,Dry,night
1010,EXC002,OP010,2024-01-22 00:30:00,8042.6,768,169.6,40.1,17.93,86,114,8.3,16.3,107.90335497956478,57.9,fastened,0,NONE,Rainy,Muddy,day
1011,EXC002,OP009,2024-01-22 01:00:00,6651.0,1328,150.4,60.0,14.21,22,113,11.0,14.9,30.8,97.0,fastened,0,NONE,Cloudy,Dry,night
1012,EXC003,OP001,2024-01-22 01:30:00,3749.7,2214,205.9,69.0,11.96,64,44,11.7,21.8,51.2,42.6,fastened,0,NONE,Windy,Dry,day
1013,EXC005,OP009,2024-01-22 02:00:00,2666.5,1039,299.2,96.5,10.47,22,70,11.7,1.1,101.2,69.5,fastened,0,NONE,Sunny,Frozen,night
1014,EXC005,OP002,2024-01-22 02:30:00,10354.9,884,248.3,31.3,12.84,33,71,17.8,11.3,49.9,85.1,fastened,0,NONE,Windy,Dry,night
1015,EXC002,OP010,2024-01-22 03:00:00,11185.5,777,141.3,56.7,9.28,47,12,11.0,9.2,32.2,60.3,fastened,0,NONE,Windy,Muddy,day
1016,EXC003,OP003,2024-01-22 03:30:00,1240.3,2237,284.2,76.8,15.33,67,14,9.8,4.4,48.5,96.5,fastened,0,P0562,Sunny,Wet,day
1017,EXC005,OP002,2024-01-22 04:00:00,2121.0,2166,308.0,34.5,10.68,75,47,15.6,19.6,90.5,93.6,fastened,0,NONE,Rainy,Wet,night
1018,EXC005,OP008,2024-01-22 04:30:00,8038.6,1932,256.9,57.1,4.83,57,10,11.2,3.2,98.8,59.2,fastened,0,NONE,Windy,Muddy,day
1019,EXC004,OP009,2024-01-22 05:00:00,9310.8,2269,230.6,44.8,10.36,54,85,8.2,11.1,52.8,40.2,fastened,0,NONE,Windy,Muddy,night
1020,EXC001,OP004,2024-01-22 05:30:00,5946.9,2081,247.8,42.7,4.79,76,11,13.4,4.2,48.6,50.2,fastened,1,NONE,Cloudy,Dry,night
1021,EXC002,OP006,2024-01-22 06:00:00,11130.0,831,261.9,11.0,9.87,56,35,4.0,9.6,97.0,41.9,fastened,0,P0562,Cloudy,Dry,night
1022,EXC002,OP008,2024-01-22 06:30:00,10489.1,2062,309.5682941307164,7.3,14.58,9,20,12.1,17.4,45.7,79.4,fastened,1,NONE,Cloudy,Frozen,night
1023,EXC004,OP009,2024-01-22 07:00:00,1602.4,2054,244.9,33.1,13.23,4,64,13.8,15.4,59.1,48.2,fastened,0,NONE,Cloudy,Dry,day
1024,EXC002,OP005,2024-01-22 07:30:00,1795.1,2374,216.9,91.7,5.23,48,106,11.5,15.4,60.4,67.8,fastened,0,NONE,Rainy,Dry,night
1025,EXC001,OP008,2024-01-22 08:00:00,1122.2,2182,140.1,23.3,13.26,0,15,3.4,4.7,61.7,50.9,fastened,0,NONE,Windy,Dry,night
1026,EXC005,OP008,2024-01-22 08:30:00,10517.5,1948,182.3,11.0,2.67,63,80,9.3,0.5,36.0,90.3,fastened,1,NONE,Rainy,Muddy,day
1027,EXC001,OP008,2024-01-22 09:00:00,6735.8,2389,118.6,63.9,11.79,70,69,14.6,15.8,97.5,57.1,fastened,1,NONE,Windy,Dry,night
1028,EXC004,OP009,2024-01-22 09:30:00,11302.6,1467,260.3,96.1,6.01,89,108,7.2,2.3,47.2,80.5,fastened,0,NONE,Windy,Muddy,night
1029,EXC005,OP009,2024-01-22 10:00:00,8777.9,2385,318.3,10.4,11.3,2,75,16.7,8.6,59.4,74.0,fastened,0,NONE,Windy,Frozen,day
1030,EXC005,OP005,2024-01-22 10:30:00,8810.8,1994,121.1,75.8,15.59,54,101,0.9,18.6,81.0,61.8,unfastened,0,P0100,Windy,Wet,day
1031,EXC003,OP004,2024-01-22 11:00:00,1589.3,1799,196.8,15.3,2.84,84,86,12.0,9.0,109.13420112019111,84.1,fastened,1,NONE,Cloudy,Frozen,day
1032,EXC003,OP010,2024-01-22 11:30:00,1403.3,2327,254.0,17.9,12.69,12,94,4.2,10.2,77.0,46.6,fastened,1,NONE,Cloudy,Wet,day
1033,EXC004,OP005,2024-01-22 12:00:00,11178.4,856,106.6,93.9,12.46,69,63,11.7,21.1,58.9,81.2,fastened,0,NONE,Cloudy,Frozen,day
1034,EXC002,OP010,2024-01-22 12:30:00,5843.0,1243,196.7,71.6,13.75,87,48,17.1,20.0,30.4,50.4,fastened,0,P0562,Windy,Dry,day
1035,EXC003,OP010,2024-01-22 13:00:00,11927.7,641,274.9,58.1,17.46,85,66,10.3,2.0,69.6,44.7,fastened,0,NONE,Rainy,Muddy,night
1036,EXC002,OP001,2024-01-22 13:30:00,3944.1,1688,164.5,20.6,8.95,41,24,7.9,19.1,75.0,96.1,fastened,0,NONE,Windy,Muddy,day
1037,EXC002,OP002,2024-01-22 14:00:00,7494.9,644,245.1,58.1,2.89,6,88,15.5,10.9,58.8,50.0,unfastened,0,NONE,Windy,Frozen,night
1038,EXC003,OP006,2024-01-22 14:30:00,6916.4,1148,233.6,10.9,12.68,43,21,8.3,17.6,80.4,55.4,fastened,0,NONE,Rainy,Wet,night
1039,EXC003,OP001,2024-01-22 15:00:00,910.1,1931,254.0,42.5,10.04,76,112,10.2,7.7,93.0,40.6,fastened,0,NONE,Windy,Frozen,night
1040,EXC001,OP007,2024-01-22 15:30:00,6274.4,2208,152.8,71.9,14.71,22,12,5.5,21.1,32.8,79.3,fastened,0,P0562,Rainy,Dry,day
1041,EXC001,OP001,2024-01-22 16:00:00,11100.1,1000,137.0,59.0,14.38,71,22,9.9,17.5,94.9,84.1,fastened,1,NONE,Sunny,Wet,night
1042,EXC004,OP009,2024-01-22 16:30:00,5501.1,1057,316.7452373714102,69.1,13.33,73,29,12.9,9.9,77.2,41.2,fastened,0,NONE,Rainy,Dry,night
1043,EXC003,OP005,2024-01-22 17:00:00,5724.3,647,205.7,16.0,7.45,1,30,9.2,7.9,56.0,70.0,fastened,0,NONE,Rainy,Dry,night
1044,EXC005,OP007,2024-01-22 17:30:00,8440.1,1232,141.1,77.1,8.82,47,12,3.8,4.6,107.13522763468212,89.2,fastened,0,NONE,Rainy,Muddy,day
1045,EXC001,OP005,2024-01-22 18:00:00,9390.4,1865,243.3,95.8,16.53,22,118,0.4,6.1,108.12087241746744,85.7,fastened,0,NONE,Cloudy,Wet,day
1046,EXC002,OP007,2024-01-22 18:30:00,9952.7,2198,220.8,91.2,8.13,87,85,3.9,9.7,90.6,86.6,fastened,1,NONE,Sunny,Frozen,night
1047,EXC002,OP007,2024-01-22 19:00:00,5478.4,1357,315.00807995104395,13.4,10.77,62,43,15.3,7.8,63.0,44.0,fastened,0,P0562,Cloudy,Frozen,night
1048,EXC004,OP003,2024-01-22 19:30:00,5383.8,781,276.4,14.4,12.46,46,52,17.3,14.2,76.1,56.4,fastened,1,NONE,Sunny,Dry,day
1049,EXC003,OP009,2024-01-22 20:00:00,5732.9,1177,179.5,53.8,2.53,58,34,10.1,14.0,68.1,70.2,fastened,0,NONE,Windy,Frozen,night
1050,EXC003,OP009,2024-01-22 20:30:00,11631.0,2347,165.2,54.8,13.96,16,68,14.9,4.3,59.1,69.6,fastened,0,NONE,Cloudy,Muddy,night
1051,EXC005,OP004,2024-01-22 21:00:00,11157.3,2282,314.4677775391892,86.4,0.76,45,53,0.8,5.7,40.3,83.9,fastened,0,NONE,Windy,Muddy,night
1052,EXC001,OP001,2024-01-22 21:30:00,7510.7,1646,266.4,40.0,17.69,69,62,15.4,1.0,103.5,93.3,fastened,0,NONE,Windy,Wet,night
1053,EXC005,OP005,2024-01-22 22:00:00,3483.5,2040,209.2,53.9,10.45,85,53,5.2,8.4,40.2,81.6,unfastened,0,NONE,Windy,Muddy,night
1054,EXC002,OP007,2024-01-22 22:30:00,10814.9,755,174.0,24.4,3.44,67,41,3.2,10.4,81.9,67.9,fastened,0,NONE,Cloudy,Dry,night
1055,EXC001,OP008,2024-01-22 23:00:00,2134.1,1326,254.8,94.9,14.22,81,65,5.0,2.3,62.0,74.2,fastened,0,NONE,Cloudy,Dry,night
1056,EXC003,OP003,2024-01-22 23:30:00,1370.3,816,160.3,16.5,15.28,25,22,9.0,1.9,95.7,40.2,fastened,0,NONE,Sunny,Wet,day
1057,EXC002,OP005,2024-01-23 00:00:00,5033.3,2285,205.2,90.9,4.08,77,71,10.6,5.9,67.7,66.1,fastened,0,NONE,Sunny,Frozen,night
1058,EXC004,OP008,2024-01-23 00:30:00,8255.1,671,195.9,89.6,1.22,84,69,0.1,10.8,44.9,46.6,fastened,0,P0217,Cloudy,Frozen,night
1059,EXC004,OP006,2024-01-23 01:00:00,725.8,1192,159.5,9.8,9.68,71,23,6.2,21.6,42.1,82.4,fastened,0,NONE,Cloudy,Muddy,day
1060,EXC003,OP008,2024-01-23 01:30:00,3823.4,1349,273.9,78.7,11.71,87,105,12.7,20.1,61.3,85.3,fastened,0,NONE,Cloudy,Frozen,night
1061,EXC004,OP007,2024-01-23 02:00:00,9431.4,2202,255.6,37.1,3.44,49,114,13.5,8.8,72.8,98.0,fastened,0,NONE,Rainy,Frozen,day
1062,EXC001,OP002,2024-01-23 02:30:00,7944.7,1416,214.3,26.3,10.33,69,92,4.2,12.2,80.4,66.8,fastened,0,NONE,Windy,Wet,day
1063,EXC002,OP003,2024-01-23 03:00:00,1105.2,1343,252.1,43.2,9.71,81,114,4.4,12.3,97.9,45.0,fastened,0,NONE,Sunny,Dry,day
1064,EXC001,OP008,2024-01-23 03:30:00,2501.6,2296,316.8020735668762,92.8,15.61,18,112,12.2,7.5,59.9,48.1,fastened,0,NONE,Cloudy,Wet,day
1065,EXC004,OP008,2024-01-23 04:00:00,8729.5,1256,194.6,42.9,14.78,64,91,11.0,18.9,107.06610211606507,92.6,fastened,0,P0100,Sunny,Muddy,night
1066,EXC004,OP009,2024-01-23 04:30:00,1488.1,1960,232.0,28.1,2.81,66,49,8.9,6.4,48.0,51.4,fastened,1,NONE,Rainy,Wet,night
1067,EXC004,OP003,2024-01-23 05:00:00,215.5,658,186.6,54.8,12.87,44,32,9.8,9.4,100.3,61.1,fastened,0,NONE,Sunny,Frozen,night
1068,EXC002,OP001,2024-01-23 05:30:00,11912.9,1677,257.1,43.9,9.3,53,103,9.0,20.0,37.8,47.7,fastened,0,NONE,Windy,Wet,night
1069,EXC005,OP003,2024-01-23 06:00:00,7405.8,1911,214.9,6.8,8.66,58,63,7.3,7.6,94.3,87.5,fastened,0,NONE,Rainy,Frozen,day
1070,EXC004,OP005,2024-01-23 06:30:00,5204.5,978,184.2,22.7,3.34,40,89,14.2,11.2,51.4,57.5,fastened,0,NONE,Windy,Wet,night
1071,EXC003,OP002,2024-01-23 07:00:00,7205.2,1966,191.4,6.6,13.58,53,107,16.0,19.2,82.5,61.6,fastened,0,NONE,Rainy,Wet,day
1072,EXC002,OP002,2024-01-23 07:30:00,8075.2,2222,257.6,54.6,15.7,40,113,11.5,7.2,73.5,83.1,unfastened,0,NONE,Windy,Dry,night
1073,EXC005,OP002,2024-01-23 08:00:00,5996.5,696,114.5,65.9,4.1,42,85,4.9,21.2,76.2,74.6,fastened,0,NONE,Cloudy,Wet,day
1074,EXC004,OP002,2024-01-23 08:30:00,7931.0,948,284.4,73.2,1.01,40,41,17.5,4.5,108.4,74.5,unfastened,0,P0100,Windy,Muddy,day
1075,EXC005,OP004,2024-01-23 09:00:00,8532.0,604,112.6,24.8,11.16,64,18,1.6,15.1,77.9,42.9,fastened,0,NONE,Cloudy,Wet,day
1076,EXC002,OP009,2024-01-23 09:30:00,2235.5,2305,129.2,81.5,17.67,29,98,17.1,1.3,47.2,52.7,fastened,0,P0562,Cloudy,Wet,day
1077,EXC003,OP004,2024-01-23 10:00:00,5142.1,1124,278.2,44.0,12.38,9,12,10.0,11.8,62.8,56.0,fastened,0,NONE,Cloudy,Dry,day
1078,EXC001,OP003,2024-01-23 10:30:00,3724.9,2302,182.4,9.7,4.92,48,65,12.8,3.5,37.7,97.7,fastened,0,NONE,Windy,Muddy,day
1079,EXC003,OP006,2024-01-23 11:00:00,9588.5,1283,201.1,93.1,15.77,38,42,7.6,13.8,56.8,53.0,fastened,0,NONE,Windy,Muddy,day
1080,EXC003,OP007,2024-01-23 11:30:00,9261.9,2360,182.0,70.9,9.92,3,58,6.4,13.6,53.4,61.7,fastened,0,P0562,Rainy,Muddy,night
1081,EXC005,OP004,2024-01-23 12:00:00,9746.2,1611,120.5,58.4,9.42,47,106,4.0,9.2,81.5,51.2,fastened,0,NONE,Cloudy,Dry,day
1082,EXC004,OP001,2024-01-23 12:30:00,5306.0,1109,233.9,8.8,1.5,76,61,2.0,20.3,103.1,67.5,fastened,0,NONE,Cloudy,Frozen,night
1083,EXC005,OP003,2024-01-23 13:00:00,6946.4,1515,251.6,6.3,1.56,23,26,5.6,19.6,52.5,40.0,fastened,1,P0217,Rainy,Dry,day
1084,EXC005,OP001,2024-01-23 13:30:00,8496.7,847,141.8,58.7,10.64,80,57,4.6,16.2,97.8,86.6,fastened,0,NONE,Rainy,Wet,day
1085,EXC001,OP002,2024-01-23 14:00:00,3933.1,959,265.5,88.5,14.62,48,21,9.6,15.8,100.1,91.2,fastened,0,NONE,Cloudy,Dry,day
1086,EXC005,OP007,2024-01-23 14:30:00,11734.5,1731,122.0,66.5,13.68,35,106,15.4,1.5,80.6,68.4,fastened,0,P0217,Windy,Frozen,night
1087,EXC001,OP002,2024-01-23 15:00:00,4605.6,1955,270.5,5.5,16.96,78,14,1.5,7.1,85.9,89.0,fastened,0,P0562,Sunny,Wet,day
1088,EXC003,OP004,2024-01-23 15:30:00,6490.5,1361,254.3,65.6,9.3,85,113,13.4,4.5,93.9,40.3,fastened,0,P0100,Sunny,Muddy,night
1089,EXC005,OP004,2024-01-23 16:00:00,9938.8,2138,300.7,38.1,11.36,83,34,4.8,8.5,59.8,65.4,fastened,0,NONE,Sunny,Muddy,night
1090,EXC004,OP009,2024-01-23 16:30:00,8990.3,1299,279.0,16.6,11.48,69,82,11.5,2.4,108.9,49.9,fastened,0,NONE,Windy,Muddy,night
1091,EXC005,OP002,2024-01-23 17:00:00,6068.8,1273,285.8,82.1,7.15,56,107,11.3,7.0,60.5,62.6,fastened,0,NONE,Sunny,Muddy,day
1092,EXC003,OP001,2024-01-23 17:30:00,4959.1,632,310.7,59.8,0.55,87,31,13.3,12.6,36.8,64.5,unfastened,0,NONE,Rainy,Muddy,night
1093,EXC004,OP006,2024-01-23 18:00:00,7681.2,1309,285.8,73.8,15.18,77,112,0.3,3.7,88.6,79.4,unfastened,0,NONE,Windy,Muddy,day
1094,EXC003,OP007,2024-01-23 18:30:00,5285.0,1841,275.2,20.7,1.67,80,56,0.0,2.3,56.8,86.5,fastened,0,P0217,Cloudy,Dry,night
1095,EXC005,OP006,2024-01-23 19:00:00,7144.9,2223,143.1,16.0,17.29,74,66,3.0,15.5,32.2,94.6,fastened,0,NONE,Windy,Wet,day
1096,EXC001,OP008,2024-01-23 19:30:00,9619.8,1197,266.1,53.9,15.27,30,49,17.6,5.4,44.3,57.4,fastened,0,NONE,Cloudy,Dry,night
1097,EXC002,OP009,2024-01-23 20:00:00,1549.2,1478,239.2,55.1,2.32,87,118,6.2,10.5,59.5,80.0,fastened,0,NONE,Cloudy,Muddy,night
1098,EXC004,OP007,2024-01-23 20:30:00,8398.5,2240,311.5,60.3,2.64,89,83,11.3,18.4,47.0,88.6,fastened,0,NONE,Cloudy,Muddy,night
1099,EXC003,OP006,2024-01-23 21:00:00,740.6,1663,294.8099504408944,75.7,13.4,77,49,5.5,8.3,40.9,63.2,fastened,0,NONE,Cloudy,Muddy,night
1100,EXC005,OP007,2024-01-23 21:30:00,8834.7,1698,157.1,68.0,10.01,13,17,8.8,2.2,43.0,72.5,fastened,0,NONE,Cloudy,Frozen,night
1101,EXC003,OP003,2024-01-23 22:00:00,2588.9,1412,136.1,69.2,11.86,1,108,7.9,17.3,80.1,79.8,fastened,0,NONE,Sunny,Wet,night
1102,EXC001,OP003,2024-01-23 22:30:00,5971.2,728,161.9,21.6,5.57,87,81,3.4,16.2,40.3,44.6,fastened,0,NONE,Sunny,Frozen,night
1103,EXC004,OP004,2024-01-23 23:00:00,3277.2,2267,205.6,44.7,15.96,55,23,6.4,13.4,92.7,76.0,fastened,0,NONE,Cloudy,Muddy,night
1104,EXC002,OP008,2024-01-23 23:30:00,3930.7,1859,243.6,62.0,10.0,53,61,3.4,11.8,97.3,71.5,fastened,0,NONE,Sunny,Dry,night
1105,EXC003,OP009,2024-01-24 00:00:00,7581.8,1898,147.3,54.3,10.4,63,39,5.0,16.5,87.9,57.9,fastened,1,NONE,Cloudy,Dry,night
1106,EXC001,OP006,2024-01-24 00:30:00,5231.0,2038,151.2,33.9,17.84,62,38,7.5,7.8,49.6,97.7,fastened,0,P0562,Cloudy,Wet,day
1107,EXC005,OP007,2024-01-24 01:00:00,5902.1,647,166.4,94.7,14.0,3,62,14.3,7.3,76.1,44.7,fastened,0,NONE,Rainy,Frozen,day
1108,EXC003,OP008,2024-01-24 01:30:00,11987.4,2183,277.6,18.3,12.55,27,16,3.5,13.8,34.9,95.1,fastened,0,NONE,Sunny,Wet,night
1109,EXC005,OP003,2024-01-24 02:00:00,1547.2,754,180.4,97.6,15.67,48,37,3.5,3.7,105.4,77.0,unfastened,0,NONE,Rainy,Wet,night
1110,EXC003,OP002,2024-01-24 02:30:00,4672.8,1956,117.2,79.3,17.84,2,15,4.5,13.9,30.6,43.4,fastened,0,NONE,Sunny,Wet,day
1111,EXC005,OP008,2024-01-24 03:00:00,6409.5,2318,219.9,61.6,14.72,79,113,14.2,19.1,47.7,50.5,fastened,0,P0217,Sunny,Frozen,night
1112,EXC002,OP002,2024-01-24 03:30:00,9783.1,2306,101.3,17.1,14.61,14,108,4.5,11.3,36.6,85.4,fastened,0,P0217,Windy,Dry,night
1113,EXC001,OP002,2024-01-24 04:00:00,3460.5,1887,248.2,58.6,3.85,38,27,14.8,1.8,109.6,51.4,fastened,0,P0217,Windy,Muddy,day
1114,EXC003,OP004,2024-01-24 04:30:00,4786.8,2172,285.3,13.4,15.78,12,73,5.8,14.6,33.3,42.7,fastened,0,NONE,Rainy,Muddy,night
1115,EXC001,OP008,2024-01-24 05:00:00,9873.0,1619,136.6,93.5,15.92,5,34,5.5,19.1,30.1,71.7,fastened,0,NONE,Sunny,Frozen,night
1116,EXC005,OP004,2024-01-24 05:30:00,6411.4,1483,285.8,32.1,10.95,39,70,6.8,4.3,38.1,97.9,fastened,0,NONE,Windy,Wet,night
1117,EXC005,OP002,2024-01-24 06:00:00,10287.2,2054,249.4,43.0,11.89,69,60,8.1,13.5,100.5,62.0,fastened,0,NONE,Windy,Frozen,night
1118,EXC002,OP002,2024-01-24 06:30:00,865.7,2016,121.7,65.5,11.42,26,11,7.6,4.3,62.1,65.6,fastened,0,NONE,Rainy,Frozen,day
1119,EXC001,OP003,2024-01-24 07:00:00,3516.2,749,150.1,6.8,10.04,41,97,7.1,18.0,105.6,84.9,fastened,0,P0100,Cloudy,Dry,day
1120,EXC004,OP001,2024-01-24 07:30:00,6737.3,714,150.0,56.5,3.71,84,94,18.0,5.6,106.8,74.7,fastened,0,P0217,Cloudy,Wet,day
1121,EXC004,OP004,2024-01-24 08:00:00,1551.6,892,145.3,72.9,12.01,73,16,12.5,13.8,88.1,55.7,fastened,0,NONE,Sunny,Dry,night
1122,EXC004,OP001,2024-01-24 08:30:00,5833.3,1876,173.6,24.7,7.14,75,33,15.9,13.0,43.5,71.8,fastened,0,NONE,Windy,Frozen,night
1123,EXC003,OP009,2024-01-24 09:00:00,309.9,2062,299.7,19.6,9.89,88,22,16.1,8.2,107.7,66.7,fastened,0,NONE,Windy,Dry,day
1124,EXC003,OP001,2024-01-24 09:30:00,6105.5,751,149.3,51.3,16.27,48,52,7.7,19.8,65.1,40.9,fastened,0,P0562,Rainy,Frozen,day
1125,EXC002,OP002,2024-01-24 10:00:00,11051.8,880,301.77696289759103,56.0,2.41,55,59,14.0,19.8,67.2,46.2,fastened,0,NONE,Rainy,Frozen,night
1126,EXC002,OP001,2024-01-24 10:30:00,11385.0,649,220.9,46.7,17.22,76,81,8.5,7.5,80.9,75.1,fastened,0,NONE,Rainy,Wet,day
1127,EXC004,OP003,2024-01-24 11:00:00,3897.4,1109,213.7,33.1,10.44,61,79,10.7,7.7,87.3,48.6,fastened,1,P0562,Cloudy,Dry,day
1128,EXC005,OP009,2024-01-24 11:30:00,141.1,1504,248.2,43.9,17.12,52,24,13.2,14.4,107.0,84.6,fastened,0,P0100,Sunny,Frozen,day
1129,EXC002,OP006,2024-01-24 12:00:00,10954.6,1249,277.2,34.7,4.01,79,62,10.5,6.2,107.7,68.5,fastened,0,NONE,Cloudy,Wet,day
1130,EXC002,OP010,2024-01-24 12:30:00,6849.6,815,306.1721056161996,28.7,1.45,82,97,9.1,6.7,63.1,45.0,fastened,0,NONE,Sunny,Muddy,day
1131,EXC003,OP007,2024-01-24 13:00:00,7009.4,707,100.6,49.9,11.37,65,107,0.2,0.5,41.4,95.2,fastened,0,NONE,Windy,Wet,night
1132,EXC001,OP005,2024-01-24 13:30:00,9799.3,1185,187.6,42.6,9.72,67,101,17.5,2.1,103.2,88.6,fastened,0,P0217,Sunny,Wet,day
1133,EXC004,OP010,2024-01-24 14:00:00,4780.9,1116,139.4,46.4,13.36,23,42,0.7,14.5,39.5,77.1,unfastened,0,NONE,Windy,Wet,night
1134,EXC001,OP002,2024-01-24 14:30:00,5099.4,1993,133.4,5.0,11.03,66,67,2.2,7.1,74.2,83.2,fastened,0,NONE,Sunny,Muddy,day
1135,EXC004,OP002,2024-01-24 15:00:00,10232.7,2257,132.3,70.8,9.5,7,25,0.8,1.8,43.3,78.6,fastened,0,NONE,Rainy,Dry,night
1136,EXC005,OP004,2024-01-24 15:30:00,5949.3,1590,293.27427388578053,9.5,16.29,24,50,11.3,20.5,58.7,40.7,fastened,0,P0562,Windy,Muddy,night
1137,EXC005,OP010,2024-01-24 16:00:00,8856.1,720,111.3,24.6,6.16,71,40,5.4,6.5,72.4,76.0,fastened,0,NONE,Cloudy,Wet,night
1138,EXC001,OP009,2024-01-24 16:30:00,10869.9,1920,284.1,81.3,5.25,71,37,16.1,4.6,86.4,54.2,fastened,0,NONE,Windy,Dry,day
1139,EXC003,OP006,2024-01-24 17:00:00,4783.7,1576,305.6460920441978,98.5,14.57,42,106,10.7,11.5,108.0,95.0,fastened,0,NONE,Sunny,Frozen,day
1140,EXC003,OP010,2024-01-24 17:30:00,10678.3,865,190.0,99.2,6.65,65,89,14.1,18.3,103.5,63.7,fastened,0,NONE,Sunny,Dry,night
1141,EXC003,OP007,2024-01-24 18:00:00,3996.0,1142,193.6,61.3,10.35,43,103,2.6,19.2,71.6,80.9,fastened,0,NONE,Windy,Frozen,day
1142,EXC004,OP003,2024-01-24 18:30:00,11162.0,1464,249.2,29.6,11.25,7,47,7.4,6.7,55.0,48.6,fastened,0,NONE,Sunny,Frozen,day
1143,EXC005,OP001,2024-01-24 19:00:00,3733.9,1371,102.4,84.3,5.65,73,53,11.2,16.3,73.0,67.4,fastened,0,P0100,Rainy,Wet,night
1144,EXC003,OP001,2024-01-24 19:30:00,2887.3,2374,185.2,66.8,6.73,5,99,3.4,11.5,59.3,46.1,fastened,0,NONE,Cloudy,Dry,day
1145,EXC003,OP009,2024-01-24 20:00:00,8677.8,838,139.6,98.7,1.21,60,14,6.9,13.1,66.8,63.6,fastened,0,P0100,Sunny,Muddy,day
1146,EXC004,OP004,2024-01-24 20:30:00,11071.8,963,139.8,57.2,5.39,79,90,13.6,9.7,103.1,72.5,fastened,0,NONE,Cloudy,Muddy,night
1147,EXC003,OP005,2024-01-24 21:00:00,9241.0,2358,221.1,55.0,6.21,0,84,12.3,3.9,71.1,76.7,fastened,0,NONE,Rainy,Dry,night
1148,EXC002,OP004,2024-01-24 21:30:00,8907.5,752,154.1,9.2,0.79,88,48,16.2,18.0,33.3,62.9,fastened,0,NONE,Rainy,Frozen,night
1149,EXC005,OP001,2024-01-24 22:00:00,11679.0,1100,182.5,23.5,14.91,55,113,10.0,12.0,84.7,49.2,unfastened,0,NONE,Windy,Wet,night
1150,EXC004,OP001,2024-01-24 22:30:00,6733.6,1173,257.8,68.4,15.99,54,35,3.7,8.8,52.5,78.3,fastened,0,NONE,Sunny,Wet,day
1151,EXC003,OP008,2024-01-24 23:00:00,10662.7,2016,236.5,99.4,3.6,29,47,15.8,14.9,47.1,40.7,fastened,0,NONE,Cloudy,Frozen,day
1152,EXC001,OP007,2024-01-24 23:30:00,541.4,1972,309.7197642332526,50.2,11.1,15,49,17.3,9.4,91.3,86.9,fastened,0,NONE,Cloudy,Frozen,night
1153,EXC002,OP003,2024-01-25 00:00:00,1672.7,2162,110.9,7.8,8.23,2,50,8.7,18.7,43.2,79.2,unfastened,0,NONE,Sunny,Wet,night
1154,EXC002,OP002,2024-01-25 00:30:00,3330.8,773,311.5052030663262,43.0,2.74,37,47,1.5,3.0,78.7,84.9,fastened,0,NONE,Windy,Frozen,night
1155,EXC004,OP006,2024-01-25 01:00:00,11358.9,987,207.3,17.0,0.94,71,62,4.6,0.7,95.4,96.5,fastened,0,NONE,Cloudy,Wet,night
1156,EXC001,OP001,2024-01-25 01:30:00,2443.5,1440,318.85222968349314,96.2,12.11,1,115,13.5,12.5,54.0,59.0,fastened,0,NONE,Cloudy,Wet,night
1157,EXC002,OP003,2024-01-25 02:00:00,4658.7,1914,275.2,18.4,1.89,20,63,0.0,5.7,67.8,70.9,fastened,0,P0562,Rainy,Muddy,day
1158,EXC003,OP008,2024-01-25 02:30:00,522.8,1628,118.0,16.2,16.09,73,79,5.3,2.6,76.2,76.7,fastened,0,P0100,Windy,Wet,night
1159,EXC004,OP002,2024-01-25 03:00:00,1030.4,1539,287.0,48.5,14.32,39,83,6.6,0.7,81.3,74.0,fastened,1,NONE,Sunny,Muddy,night
1160,EXC001,OP008,2024-01-25 03:30:00,7033.5,2054,146.8,56.5,13.18,9,82,14.2,16.9,107.8,76.8,unfastened,0,NONE,Rainy,Muddy,night
1161,EXC004,OP009,2024-01-25 04:00:00,1263.1,956,177.2,73.1,15.25,88,46,7.9,21.1,101.1,94.6,fastened,0,NONE,Sunny,Muddy,day
1162,EXC003,OP002,2024-01-25 04:30:00,10800.5,2122,289.2,40.0,2.37,30,41,9.5,13.5,46.7,68.1,fastened,0,P0562,Cloudy,Frozen,day
1163,EXC004,OP007,2024-01-25 05:00:00,10641.0,1785,284.3,90.2,11.47,15,50,12.1,17.0,73.7,90.0,unfastened,0,NONE,Windy,Wet,day
1164,EXC001,OP008,2024-01-25 05:30:00,7504.4,1030,213.3,61.9,4.11,50,50,14.1,18.4,105.5139828491947,76.6,fastened,0,NONE,Rainy,Muddy,night
1165,EXC003,OP006,2024-01-25 06:00:00,4815.8,704,118.0,9.5,9.6,71,100,6.1,17.7,34.8,85.4,fastened,1,NONE,Windy,Wet,day
1166,EXC003,OP003,2024-01-25 06:30:00,10665.1,1093,229.9,8.2,6.77,62,61,3.1,7.2,59.4,59.0,fastened,1,NONE,Rainy,Dry,night
1167,EXC002,OP010,2024-01-25 07:00:00,5905.0,1156,267.6,49.5,2.64,58,112,3.3,0.1,55.6,59.1,fastened,0,P0217,Cloudy,Wet,night
1168,EXC001,OP004,2024-01-25 07:30:00,2368.3,1831,157.7,46.7,13.35,81,117,2.9,13.8,75.6,94.2,fastened,0,NONE,Windy,Wet,day
1169,EXC002,OP003,2024-01-25 08:00:00,4213.3,1147,140.3,48.0,5.78,26,84,2.1,20.8,81.3,88.3,fastened,0,NONE,Rainy,Dry,day
1170,EXC003,OP002,2024-01-25 08:30:00,4421.4,2147,209.3,10.4,2.65,37,83,7.9,19.5,60.8,69.4,fastened,0,NONE,Sunny,Muddy,night
1171,EXC001,OP010,2024-01-25 09:00:00,6999.7,776,264.8,10.1,15.89,60,23,3.3,0.1,99.4,66.7,fastened,0,NONE,Windy,Frozen,night
1172,EXC005,OP003,2024-01-25 09:30:00,4874.4,903,211.1,10.8,2.86,17,26,14.1,19.9,107.08446429675288,54.6,unfastened,0,NONE,Rainy,Wet,night
1173,EXC004,OP002,2024-01-25 10:00:00,9837.5,2243,152.7,74.7,4.09,32,88,0.0,0.2,87.7,52.0,fastened,0,NONE,Windy,Muddy,day
1174,EXC002,OP001,2024-01-25 10:30:00,7555.5,1900,291.2,62.1,0.91,9,119,17.2,11.7,58.1,53.1,fastened,1,NONE,Rainy,Dry,day
1175,EXC001,OP003,2024-01-25 11:00:00,3100.3,1391,291.8,18.0,9.58,63,98,0.2,18.8,49.4,94.6,fastened,1,NONE,Sunny,Wet,day
1176,EXC004,OP007,2024-01-25 11:30:00,4884.8,1027,244.8,45.9,14.94,59,39,5.9,9.2,39.3,55.5,fastened,0,P0562,Cloudy,Frozen,day
1177,EXC001,OP007,2024-01-25 12:00:00,8706.6,1058,116.3,94.6,15.4,8,84,13.6,15.0,50.0,65.9,fastened,0,NONE,Windy,Dry,night
1178,EXC003,OP009,2024-01-25 12:30:00,2982.7,925,151.1,11.6,13.52,11,78,15.7,5.1,106.7,79.6,fastened,1,P0100,Rainy,Muddy,night
1179,EXC002,OP007,2024-01-25 13:00:00,1190.4,2214,236.1,23.0,8.75,36,15,1.6,21.3,103.07848943817496,77.4,fastened,1,NONE,Sunny,Frozen,night
1180,EXC002,OP001,2024-01-25 13:30:00,8562.6,1207,271.9,42.0,16.07,59,106,14.4,1.0,63.3,84.7,fastened,0,NONE,Sunny,Frozen,day
1181,EXC004,OP009,2024-01-25 14:00:00,4939.2,2286,204.3,27.4,13.92,71,48,13.5,13.9,67.7,62.0,unfastened,0,NONE,Cloudy,Frozen,day
1182,EXC002,OP003,2024-01-25 14:30:00,1578.9,2030,166.9,20.1,16.06,41,77,8.3,0.8,81.8,59.3,fastened,0,NONE,Cloudy,Dry,day
1183,EXC002,OP010,2024-01-25 15:00:00,5805.7,1245,294.6,97.5,4.69,72,47,11.3,0.9,103.6,69.2,fastened,0,NONE,Rainy,Dry,night
1184,EXC002,OP004,2024-01-25 15:30:00,6767.7,1936,183.9,77.8,11.02,37,111,6.6,5.9,39.1,76.8,fastened,0,NONE,Cloudy,Dry,night
1185,EXC001,OP001,2024-01-25 16:00:00,406.5,1458,301.6,74.3,0.88,53,61,5.6,0.3,95.6,97.7,fastened,1,P0100,Cloudy,Frozen,day
1186,EXC004,OP004,2024-01-25 16:30:00,9514.3,1461,217.1,93.6,9.63,23,103,0.6,4.6,65.9,74.1,fastened,0,NONE,Cloudy,Dry,day
1187,EXC003,OP005,2024-01-25 17:00:00,5949.0,1984,235.1,22.8,15.85,57,113,0.1,3.4,52.0,84.5,fastened,1,NONE,Sunny,Dry,night
1188,EXC002,OP009,2024-01-25 17:30:00,404.0,1885,127.5,89.5,13.42,81,13,9.5,20.1,73.5,93.6,fastened,0,NONE,Rainy,Muddy,day
1189,EXC002,OP006,2024-01-25 18:00:00,10355.3,993,158.9,98.4,14.08,25,56,0.2,0.9,73.2,40.2,fastened,0,NONE,Sunny,Dry,day
1190,EXC005,OP001,2024-01-25 18:30:00,7064.6,1330,314.4,60.7,6.05,64,85,2.2,13.5,40.7,54.7,fastened,0,NONE,Windy,Frozen,day
1191,EXC003,OP001,2024-01-25 19:00:00,11562.7,2282,258.1,90.8,7.47,40,102,1.7,14.8,37.8,40.2,unfastened,0,NONE,Windy,Muddy,night
1192,EXC004,OP007,2024-01-25 19:30:00,3446.5,978,205.0,82.5,17.76,47,89,11.4,18.1,80.2,92.4,fastened,1,NONE,Sunny,Frozen,night
1193,EXC005,OP001,2024-01-25 20:00:00,5010.0,1883,214.7,35.2,5.18,52,82,12.0,8.1,88.8,62.5,fastened,0,NONE,Rainy,Muddy,day
1194,EXC003,OP006,2024-01-25 20:30:00,7989.0,2212,119.3,36.6,2.01,38,50,13.6,4.0,79.2,73.6,fastened,0,P0562,Cloudy,Wet,day
1195,EXC002,OP009,2024-01-25 21:00:00,10976.4,2257,272.3,69.2,7.31,59,28,17.5,2.7,58.2,68.0,fastened,1,NONE,Rainy,Muddy,day
1196,EXC005,OP009,2024-01-25 21:30:00,9514.9,696,115.7,57.5,13.93,32,110,17.6,3.1,74.5,83.7,fastened,0,NONE,Cloudy,Wet,night
1197,EXC003,OP007,2024-01-25 22:00:00,7751.9,2131,185.1,41.6,9.66,14,14,3.7,11.5,102.5,61.4,unfastened,0,NONE,Cloudy,Frozen,day
1198,EXC002,OP004,2024-01-25 22:30:00,9566.7,2221,190.3,9.5,1.26,35,98,6.3,13.1,103.9,40.7,fastened,0,NONE,Windy,Wet,night
1199,EXC005,OP006,2024-01-25 23:00:00,1228.6,1758,232.7,7.2,12.13,39,13,10.1,17.3,48.6,60.8,fastened,0,NONE,Sunny,Muddy,day
1200,EXC004,OP002,2024-01-25 23:30:00,8717.7,2019,191.4,14.3,13.37,76,50,0.8,17.7,37.6,67.3,fastened,0,NONE,Rainy,Dry,day
1201,EXC003,OP008,2024-01-26 00:00:00,6985.7,681,311.4,43.4,11.05,57,104,3.5,18.5,82.3,63.5,fastened,0,NONE,Rainy,Dry,day
1202,EXC002,OP002,2024-01-26 00:30:00,3363.6,1902,275.5,7.6,3.5,37,34,15.4,3.5,44.0,55.8,fastened,0,NONE,Windy,Muddy,night
1203,EXC004,OP001,2024-01-26 01:00:00,2938.7,2048,311.1,19.1,3.84,76,39,7.3,16.4,94.1,45.6,fastened,0,NONE,Cloudy,Frozen,day
1204,EXC003,OP007,2024-01-26 01:30:00,3530.4,1624,214.1,97.0,7.63,0,33,8.7,1.6,52.5,41.6,fastened,0,NONE,Rainy,Dry,night
1205,EXC002,OP006,2024-01-26 02:00:00,1562.2,1543,166.5,47.8,6.77,61,84,13.3,19.4,42.0,92.8,unfastened,0,NONE,Windy,Frozen,day
1206,EXC001,OP006,2024-01-26 02:30:00,3351.7,2058,315.9,93.7,2.28,83,34,14.6,11.6,95.3,43.8,fastened,0,NONE,Rainy,Frozen,night
1207,EXC005,OP005,2024-01-26 03:00:00,947.9,1791,302.6497997167209,23.0,15.54,62,86,15.6,14.1,46.7,63.0,fastened,0,NONE,Cloudy,Muddy,day
1208,EXC005,OP006,2024-01-26 03:30:00,8105.6,650,304.0,39.1,16.68,53,74,16.1,13.6,30.7,44.5,fastened,0,NONE,Windy,Muddy,day
1209,EXC005,OP005,2024-01-26 04:00:00,6196.3,931,121.1,68.8,3.02,47,108,5.3,12.3,95.7,46.4,fastened,0,NONE,Windy,Dry,night
1210,EXC002,OP002,2024-01-26 04:30:00,1619.4,1663,277.5,99.0,10.34,14,80,11.7,11.5,37.5,77.6,fastened,0,NONE,Sunny,Dry,day
1211,EXC004,OP006,2024-01-26 05:00:00,8396.6,1689,271.6,71.5,8.02,13,54,2.0,20.3,63.6,93.6,fastened,0,P0217,Sunny,Dry,day
1212,EXC003,OP001,2024-01-26 05:30:00,2218.3,1069,245.1,90.7,7.66,11,26,17.4,7.7,61.7,60.2,fastened,0,NONE,Windy,Muddy,day
1213,EXC002,OP001,2024-01-26 06:00:00,5989.1,850,272.2,9.7,10.66,84,58,4.8,17.1,41.4,83.2,fastened,0,NONE,Windy,Wet,day
1214,EXC005,OP006,2024-01-26 06:30:00,11049.3,1750,119.4,33.9,8.46,33,70,7.0,8.0,32.8,85.3,fastened,0,NONE,Cloudy,Frozen,day
1215,EXC002,OP008,2024-01-26 07:00:00,9154.9,1157,182.2,88.9,8.4,86,112,16.8,1.0,36.8,77.1,fastened,0,NONE,Cloudy,Muddy,day
1216,EXC001,OP001,2024-01-26 07:30:00,7051.2,1814,296.16955680911815,54.7,3.01,55,37,11.3,8.3,100.3505440672525,90.4,fastened,0,NONE,Windy,Frozen,day
1217,EXC001,OP004,2024-01-26 08:00:00,7060.5,1788,315.9,21.1,12.94,67,52,5.2,3.3,106.6,50.8,fastened,0,NONE,Sunny,Frozen,night
1218,EXC005,OP010,2024-01-26 08:30:00,863.9,986,204.0,21.1,10.65,84,110,1.6,9.7,88.0,44.4,fastened,0,NONE,Sunny,Dry,night
1219,EXC001,OP008,2024-01-26 09:00:00,5181.4,1980,110.9,77.1,1.48,46,110,8.8,1.8,87.2,66.5,fastened,0,NONE,Rainy,Muddy,night
1220,EXC003,OP009,2024-01-26 09:30:00,3754.7,878,157.0,20.0,7.07,4,104,10.6,17.3,83.6,71.0,fastened,1,NONE,Sunny,Wet,day
1221,EXC003,OP007,2024-01-26 10:00:00,5748.2,1319,285.7,52.3,4.31,74,29,12.0,13.0,91.5,61.6,fastened,0,NONE,Sunny,Frozen,night
1222,EXC004,OP002,2024-01-26 10:30:00,11421.9,1657,296.2,22.2,7.32,31,22,3.0,0.8,72.4,93.5,unfastened,0,P0217,Sunny,Dry,day
1223,EXC005,OP004,2024-01-26 11:00:00,9459.6,2195,304.0,24.8,2.58,13,51,12.7,14.2,108.8,47.2,fastened,1,NONE,Windy,Wet,night
1224,EXC003,OP006,2024-01-26 11:30:00,7358.7,2293,131.7,42.7,11.18,23,37,6.5,21.0,78.6,94.1,fastened,1,NONE,Sunny,Frozen,night
1225,EXC004,OP007,2024-01-26 12:00:00,8485.8,1848,251.4,16.2,10.68,89,44,17.0,1.4,80.5,64.5,fastened,0,P0100,Windy,Dry,night
1226,EXC005,OP002,2024-01-26 12:30:00,8794.1,1794,188.5,67.6,10.87,37,113,11.8,7.8,31.7,88.3,fastened,0,NONE,Sunny,Wet,night
1227,EXC005,OP010,2024-01-26 13:00:00,5530.8,1500,261.8,20.8,6.91,51,69,16.5,19.7,90.4,61.9,unfastened,0,NONE,Windy,Wet,day
1228,EXC005,OP010,2024-01-26 13:30:00,10409.7,1471,298.3902583227976,76.4,13.14,71,42,0.5,0.7,58.5,69.5,fastened,0,NONE,Cloudy,Frozen,night
1229,EXC004,OP001,2024-01-26 14:00:00,7445.9,1602,157.5,54.5,15.25,52,90,16.3,20.2,91.9,79.9,fastened,1,NONE,Cloudy,Wet,night
1230,EXC002,OP006,2024-01-26 14:30:00,8882.6,2283,210.1,37.9,7.79,14,99,15.8,21.8,97.8,67.5,fastened,0,P0217,Sunny,Wet,day
1231,EXC003,OP002,2024-01-26 15:00:00,231.5,1771,172.0,63.4,8.08,7,57,9.2,8.6,31.8,90.7,fastened,0,NONE,Cloudy,Muddy,day
1232,EXC004,OP004,2024-01-26 15:30:00,6501.2,2074,304.7758564235452,43.7,16.22,84,15,17.6,10.2,60.8,71.1,fastened,0,NONE,Sunny,Dry,night
1233,EXC002,OP009,2024-01-26 16:00:00,4433.8,1594,163.9,12.8,11.09,18,61,13.5,21.7,102.4,41.1,fastened,0,NONE,Sunny,Muddy,night
1234,EXC005,OP007,2024-01-26 16:30:00,759.3,1919,174.7,34.4,9.42,23,52,17.9,1.3,40.2,86.3,fastened,0,NONE,Cloudy,Wet,day
1235,EXC003,OP004,2024-01-26 17:00:00,7789.0,2130,159.9,54.8,13.4,3,30,13.6,7.0,89.5,68.7,fastened,0,NONE,Cloudy,Frozen,night
1236,EXC004,OP001,2024-01-26 17:30:00,11152.2,1387,165.7,14.9,5.93,67,77,16.5,1.4,55.9,79.1,fastened,0,NONE,Rainy,Muddy,night
1237,EXC003,OP009,2024-01-26 18:00:00,8819.8,1761,227.2,74.6,1.07,45,90,3.5,16.4,70.7,58.8,fastened,1,NONE,Windy,Frozen,night
1238,EXC005,OP003,2024-01-26 18:30:00,1050.7,1484,232.1,38.9,12.78,57,53,3.5,14.3,102.3,80.5,fastened,1,NONE,Sunny,Wet,night
1239,EXC004,OP007,2024-01-26 19:00:00,774.6,1519,302.6,24.5,11.81,16,52,9.1,19.0,80.6,81.9,fastened,0,NONE,Cloudy,Dry,night
1240,EXC004,OP003,2024-01-26 19:30:00,4205.9,1076,185.9,5.8,8.0,49,96,13.1,4.2,64.7,97.9,fastened,0,NONE,Rainy,Wet,day
1241,EXC004,OP008,2024-01-26 20:00:00,2938.7,2106,244.6,13.1,1.3,49,29,4.8,12.0,85.8,61.2,fastened,0,NONE,Cloudy,Wet,day
1242,EXC002,OP004,2024-01-26 20:30:00,428.1,2070,310.0337518740028,27.5,16.95,75,117,7.5,15.7,47.8,52.7,fastened,0,P0562,Rainy,Wet,day
1243,EXC002,OP008,2024-01-26 21:00:00,576.9,2258,202.6,39.9,13.29,64,56,3.1,6.2,31.0,67.9,fastened,0,NONE,Cloudy,Dry,day
1244,EXC005,OP001,2024-01-26 21:30:00,4207.2,1112,271.4,19.6,7.25,54,66,16.7,19.6,79.5,80.1,fastened,0,NONE,Cloudy,Dry,day
1245,EXC003,OP007,2024-01-26 22:00:00,1689.1,2397,313.3,56.8,4.02,60,75,13.4,4.4,98.9,67.9,fastened,0,P0217,Rainy,Muddy,day
1246,EXC004,OP010,2024-01-26 22:30:00,2416.5,704,273.8,23.5,10.22,62,60,0.7,2.6,86.0,90.0,fastened,0,NONE,Sunny,Dry,night
1247,EXC003,OP005,2024-01-26 23:00:00,10447.3,1213,117.7,95.7,0.87,20,15,0.4,6.2,71.6,95.9,fastened,0,NONE,Sunny,Wet,day
1248,EXC001,OP005,2024-01-26 23:30:00,11924.8,2174,142.5,58.7,8.5,53,87,17.9,17.5,41.5,96.8,fastened,0,NONE,Rainy,Frozen,night
1249,EXC003,OP007,2024-01-27 00:00:00,9674.5,1605,164.9,80.7,17.8,84,108,7.1,15.7,107.84595328311411,47.3,fastened,1,NONE,Rainy,Wet,day
1250,EXC001,OP009,2024-01-27 00:30:00,2869.9,1593,251.0,45.1,13.44,64,92,10.8,19.6,52.4,54.1,fastened,0,NONE,Windy,Frozen,night
1251,EXC001,OP009,2024-01-27 01:00:00,2192.5,1962,247.7,24.5,17.74,75,85,17.1,13.6,107.1,57.1,fastened,1,NONE,Rainy,Wet,night
1252,EXC002,OP001,2024-01-27 01:30:00,6983.9,881,130.2,47.7,7.43,4,16,17.2,20.2,67.0,93.9,fastened,0,NONE,Cloudy,Muddy,night
1253,EXC002,OP003,2024-01-27 02:00:00,9428.6,1437,198.9,44.2,2.02,75,96,1.7,12.0,94.4,85.3,fastened,0,NONE,Cloudy,Wet,night
1254,EXC004,OP009,2024-01-27 02:30:00,7923.6,644,192.8,64.2,17.39,58,58,11.4,20.2,31.0,47.0,fastened,0,NONE,Rainy,Dry,day
1255,EXC002,OP010,2024-01-27 03:00:00,9664.6,1367,251.8,91.5,15.64,16,43,17.9,19.1,67.8,65.4,fastened,0,P0217,Sunny,Wet,day
1256,EXC004,OP007,2024-01-27 03:30:00,5895.3,1811,292.15902724295904,27.5,10.34,80,64,3.2,10.4,49.7,93.9,unfastened,1,P0100,Sunny,Dry,day
1257,EXC002,OP001,2024-01-27 04:00:00,11854.4,2377,152.3,14.2,4.52,78,35,11.9,0.1,106.2,52.0,fastened,0,NONE,Windy,Wet,day
1258,EXC005,OP007,2024-01-27 04:30:00,9463.7,1004,231.3,73.0,13.43,58,43,13.9,21.7,45.9,72.1,fastened,0,NONE,Windy,Wet,day
1259,EXC003,OP010,2024-01-27 05:00:00,706.2,2176,118.2,5.0,0.84,86,99,1.4,10.9,34.0,80.0,fastened,0,NONE,Windy,Wet,day
1260,EXC001,OP009,2024-01-27 05:30:00,4432.3,670,247.1,80.5,16.5,73,93,7.0,16.3,43.0,43.8,fastened,0,P0217,Rainy,Dry,night
1261,EXC001,OP008,2024-01-27 06:00:00,6759.5,624,196.7,74.1,12.7,37,71,3.7,10.0,35.0,65.0,fastened,0,NONE,Windy,Wet,day
1262,EXC001,OP006,2024-01-27 06:30:00,2768.0,1217,218.0,83.5,3.58,89,107,1.0,8.0,55.2,93.3,fastened,0,NONE,Cloudy,Dry,night
1263,EXC003,OP010,2024-01-27 07:00:00,4899.9,1120,276.4,13.6,3.38,42,27,1.8,7.9,109.7,40.7,fastened,0,NONE,Sunny,Wet,day
1264,EXC002,OP007,2024-01-27 07:30:00,7592.4,1647,139.8,24.4,1.51,14,102,6.2,7.8,104.4,76.7,fastened,0,NONE,Rainy,Dry,night
1265,EXC001,OP006,2024-01-27 08:00:00,6670.8,948,146.2,57.4,13.98,10,62,10.4,12.7,75.8,90.7,fastened,0,NONE,Sunny,Muddy,day
1266,EXC004,OP009,2024-01-27 08:30:00,10351.3,1592,298.2,36.1,2.74,62,79,17.2,17.8,108.19224207641369,64.9,fastened,0,NONE,Windy,Wet,day
1267,EXC005,OP001,2024-01-27 09:00:00,3223.9,2377,263.0,85.4,9.6,12,102,16.8,12.5,62.0,55.0,fastened,0,NONE,Rainy,Wet,day
1268,EXC005,OP002,2024-01-27 09:30:00,11061.6,800,312.1401769208944,48.5,6.77,63,97,15.7,11.6,101.3,82.1,fastened,0,NONE,Rainy,Muddy,night
1269,EXC001,OP009,2024-01-27 10:00:00,3933.5,1376,258.6,45.8,10.11,83,118,13.9,6.7,46.8,61.3,unfastened,0,NONE,Rainy,Dry,night
1270,EXC005,OP001,2024-01-27 10:30:00,11052.7,1687,200.6,22.6,12.66,2,35,0.7,10.2,62.3,59.4,fastened,0,NONE,Cloudy,Dry,night
1271,EXC003,OP009,2024-01-27 11:00:00,3054.6,1373,235.8,58.4,4.17,15,28,7.3,4.0,39.6,55.1,fastened,0,P0217,Rainy,Wet,day
1272,EXC002,OP010,2024-01-27 11:30:00,6139.8,1339,273.1,37.9,4.01,15,12,14.0,16.4,104.9,95.7,fastened,0,NONE,Cloudy,Wet,day
1273,EXC001,OP003,2024-01-27 12:00:00,11193.7,690,109.8,47.8,6.41,75,83,17.4,17.2,57.1,83.2,fastened,0,NONE,Sunny,Wet,night
1274,EXC004,OP009,2024-01-27 12:30:00,3402.2,1459,234.5,30.8,16.87,22,66,8.3,5.2,49.7,48.0,fastened,0,NONE,Sunny,Wet,night
1275,EXC002,OP006,2024-01-27 13:00:00,10200.2,884,315.73777297153356,62.8,8.27,68,83,12.6,12.5,47.7,57.3,fastened,1,NONE,Sunny,Dry,day
1276,EXC004,OP006,2024-01-27 13:30:00,6064.6,2173,213.6,84.6,5.0,79,55,17.9,6.3,67.9,92.0,fastened,0,NONE,Windy,Dry,day
1277,EXC003,OP010,2024-01-27 14:00:00,5095.6,2037,180.0,7.0,9.59,59,48,11.2,21.5,70.3,88.1,unfastened,0,NONE,Cloudy,Dry,day
1278,EXC005,OP008,2024-01-27 14:30:00,7997.9,741,307.0,26.9,3.66,87,106,14.0,6.6,83.8,60.4,fastened,0,NONE,Rainy,Frozen,night
1279,EXC004,OP009,2024-01-27 15:00:00,2462.8,825,231.4,69.3,13.89,43,29,17.4,19.0,94.7,81.1,fastened,1,NONE,Sunny,Dry,day
1280,EXC004,OP009,2024-01-27 15:30:00,7940.1,1550,286.3,72.1,6.09,82,96,12.8,15.4,86.2,45.8,fastened,0,P0100,Cloudy,Frozen,day
1281,EXC003,OP008,2024-01-27 16:00:00,2201.9,1135,156.5,33.0,17.7,69,21,2.4,21.2,109.48521395314657,48.6,fastened,0,NONE,Cloudy,Muddy,night
1282,EXC003,OP005,2024-01-27 16:30:00,8559.3,912,180.2,32.2,11.52,42,52,17.6,15.8,72.9,92.2,unfastened,1,NONE,Windy,Dry,night
1283,EXC001,OP002,2024-01-27 17:00:00,7366.7,932,273.2,75.9,11.2,25,15,14.5,13.4,108.0,71.5,fastened,0,NONE,Windy,Frozen,night
1284,EXC004,OP001,2024-01-27 17:30:00,1764.3,928,151.6,58.0,5.58,60,11,4.8,10.1,65.8,47.9,fastened,0,NONE,Rainy,Wet,day
1285,EXC004,OP003,2024-01-27 18:00:00,1298.1,765,320.0,42.0,3.62,69,13,17.8,10.4,55.7,68.5,fastened,0,NONE,Cloudy,Wet,day
1286,EXC002,OP005,2024-01-27 18:30:00,7327.5,837,245.2,10.3,1.86,72,40,1.4,0.0,81.7,66.9,fastened,0,NONE,Sunny,Dry,night
1287,EXC001,OP002,2024-01-27 19:00:00,1545.7,1344,297.3,67.0,15.47,28,113,16.9,21.9,83.8,97.8,fastened,0,NONE,Windy,Dry,day
1288,EXC004,OP004,2024-01-27 19:30:00,7538.6,1805,123.0,32.8,17.64,88,49,15.1,12.5,105.0,40.8,unfastened,0,NONE,Rainy,Frozen,day
1289,EXC004,OP008,2024-01-27 20:00:00,11988.4,986,191.0,59.8,4.27,12,77,4.9,12.9,58.2,82.9,fastened,0,NONE,Cloudy,Muddy,day
1290,EXC004,OP001,2024-01-27 20:30:00,1563.4,1691,173.9,73.6,17.88,84,84,15.5,4.0,70.8,83.9,fastened,0,NONE,Windy,Wet,night
1291,EXC001,OP004,2024-01-27 21:00:00,5738.3,931,313.6,49.0,11.28,11,106,1.1,9.5,79.9,85.0,fastened,0,P0100,Rainy,Frozen,night
1292,EXC005,OP010,2024-01-27 21:30:00,11100.4,2262,131.8,29.1,14.27,53,109,17.1,4.8,86.7,85.1,fastened,0,P0562,Windy,Frozen,night
1293,EXC002,OP004,2024-01-27 22:00:00,11251.5,909,307.76530824142026,25.3,17.8,28,14,10.9,4.8,33.2,81.2,fastened,0,NONE,Cloudy,Frozen,day
1294,EXC002,OP008,2024-01-27 22:30:00,455.9,2030,238.8,72.0,17.57,12,34,9.4,12.0,102.0,64.6,fastened,0,P0562,Cloudy,Wet,day
1295,EXC003,OP007,2024-01-27 23:00:00,9715.3,1834,287.3,89.7,10.44,20,94,17.8,5.3,44.2,42.9,fastened,1,NONE,Cloudy,Frozen,night
1296,EXC005,OP008,2024-01-27 23:30:00,2938.7,957,315.0,98.1,9.72,85,96,0.5,14.7,48.0,96.1,fastened,0,NONE,Windy,Dry,day
1297,EXC005,OP008,2024-01-28 00:00:00,8984.2,2367,277.3,81.3,12.33,24,117,9.2,8.3,85.5,54.0,fastened,1,P0217,Windy,Muddy,day
1298,EXC001,OP006,2024-01-28 00:30:00,4324.5,1744,155.5,62.3,4.35,80,90,13.2,8.3,45.9,57.7,fastened,0,NONE,Cloudy,Frozen,night
1299,EXC005,OP010,2024-01-28 01:00:00,2776.2,677,283.5,87.1,7.3,57,68,2.0,15.4,40.7,48.9,fastened,1,NONE,Rainy,Dry,day
1300,EXC004,OP003,2024-01-28 01:30:00,5701.6,1716,215.9,42.0,14.98,89,48,0.3,14.8,105.9,59.2,fastened,1,NONE,Cloudy,Frozen,day
1301,EXC005,OP003,2024-01-28 02:00:00,2193.4,809,243.7,88.8,2.42,84,61,11.1,8.9,81.4,59.0,fastened,0,NONE,Cloudy,Frozen,day
1302,EXC005,OP006,2024-01-28 02:30:00,5147.9,1763,161.7,45.9,8.53,45,11,6.1,20.5,105.8,60.9,fastened,0,NONE,Rainy,Dry,day
1303,EXC003,OP008,2024-01-28 03:00:00,4798.3,2331,301.0320198348556,61.6,6.02,7,85,8.7,7.2,35.0,63.4,fastened,0,NONE,Windy,Frozen,night
1304,EXC001,OP007,2024-01-28 03:30:00,11558.1,1372,197.8,21.1,10.69,31,13,11.2,15.8,32.8,78.7,fastened,1,P0100,Sunny,Dry,day
1305,EXC001,OP010,2024-01-28 04:00:00,6551.3,1502,306.5928669147514,52.2,3.81,53,81,7.0,17.5,52.4,96.3,fastened,0,P0217,Cloudy,Frozen,day
1306,EXC004,OP006,2024-01-28 04:30:00,8395.1,2305,194.0,37.4,16.74,33,78,3.9,4.8,33.1,70.3,unfastened,1,P0217,Cloudy,Frozen,night
1307,EXC001,OP008,2024-01-28 05:00:00,2181.8,2148,235.6,39.8,14.35,15,118,4.3,10.4,65.1,97.7,fastened,0,NONE,Rainy,Wet,day
1308,EXC004,OP002,2024-01-28 05:30:00,11967.9,2340,122.7,61.8,1.92,44,103,3.4,0.5,106.9,43.2,fastened,0,NONE,Rainy,Frozen,day
1309,EXC001,OP001,2024-01-28 06:00:00,6022.4,1360,120.3,88.8,6.2,87,90,12.9,7.3,58.6,61.8,fastened,0,P0217,Windy,Muddy,night
1310,EXC005,OP009,2024-01-28 06:30:00,995.2,2020,309.7,83.5,1.26,82,79,2.4,5.9,100.51806158328304,41.7,unfastened,1,NONE,Sunny,Muddy,day
1311,EXC002,OP005,2024-01-28 07:00:00,7350.5,1617,259.7,38.2,2.66,33,42,17.5,17.0,81.7,74.6,fastened,0,P0562,Rainy,Wet,day
1312,EXC001,OP003,2024-01-28 07:30:00,3885.9,1466,138.0,74.7,7.91,11,95,0.1,4.9,32.6,96.8,fastened,0,NONE,Cloudy,Dry,day
1313,EXC002,OP008,2024-01-28 08:00:00,3597.8,2068,231.5,57.0,6.27,1,70,5.5,0.6,48.6,52.3,fastened,0,P0217,Sunny,Wet,day
1314,EXC005,OP004,2024-01-28 08:30:00,3872.5,2017,271.9,38.1,9.61,58,65,14.4,0.5,105.07796384468415,81.6,fastened,0,NONE,Windy,Dry,day
1315,EXC003,OP001,2024-01-28 09:00:00,5460.0,1345,231.7,91.3,5.59,61,78,1.6,16.8,37.4,84.3,fastened,1,NONE,Sunny,Dry,day
1316,EXC005,OP006,2024-01-28 09:30:00,3516.8,1312,198.7,20.3,6.31,82,38,10.6,3.2,66.6,46.0,fastened,0,P0562,Windy,Muddy,day
1317,EXC002,OP002,2024-01-28 10:00:00,9366.3,1803,283.8,81.5,17.27,52,38,5.2,14.2,84.2,65.1,fastened,0,NONE,Cloudy,Dry,night
1318,EXC004,OP010,2024-01-28 10:30:00,2229.6,601,111.2,25.2,15.81,24,14,17.4,4.4,57.2,48.1,fastened,1,P0217,Sunny,Dry,day
1319,EXC001,OP004,2024-01-28 11:00:00,1789.1,2007,239.3,89.8,0.73,2,52,3.9,4.9,55.0,60.4,fastened,0,NONE,Cloudy,Frozen,day
1320,EXC003,OP004,2024-01-28 11:30:00,1343.2,1499,204.1,73.5,11.04,47,99,1.3,17.7,107.68407502218764,86.8,fastened,0,NONE,Windy,Dry,day
1321,EXC002,OP009,2024-01-28 12:00:00,4983.3,2297,242.6,49.2,2.99,25,19,11.0,15.0,63.5,56.9,fastened,0,NONE,Windy,Muddy,day
1322,EXC004,OP001,2024-01-28 12:30:00,1443.2,1586,163.9,12.3,14.32,71,62,6.8,14.4,72.6,94.1,fastened,0,P0217,Cloudy,Dry,day
1323,EXC004,OP007,2024-01-28 13:00:00,398.2,899,135.7,22.1,15.13,89,103,16.3,20.4,46.0,85.0,fastened,1,NONE,Cloudy,Muddy,day
1324,EXC001,OP010,2024-01-28 13:30:00,3603.4,808,314.3,20.7,12.06,46,106,16.5,19.1,93.2,55.3,fastened,1,NONE,Sunny,Muddy,day
1325,EXC004,OP001,2024-01-28 14:00:00,11762.4,2215,290.1,77.3,12.28,66,112,14.3,18.6,78.0,64.7,fastened,0,NONE,Rainy,Dry,night
1326,EXC004,OP010,2024-01-28 14:30:00,229.9,1797,300.0,64.1,15.4,47,50,2.3,3.0,107.8,75.8,fastened,0,NONE,Windy,Muddy,day
1327,EXC002,OP007,2024-01-28 15:00:00,860.0,957,269.1,25.7,2.28,58,46,11.8,3.7,90.5,75.2,unfastened,0,NONE,Sunny,Dry,day
1328,EXC001,OP002,2024-01-28 15:30:00,7039.3,2136,114.3,39.9,12.88,68,40,1.7,21.6,78.0,72.7,fastened,0,NONE,Sunny,Frozen,night
1329,EXC003,OP009,2024-01-28 16:00:00,6024.8,1490,238.1,34.4,2.6,6,55,0.5,12.7,79.2,61.8,fastened,0,P0100,Windy,Muddy,night
1330,EXC002,OP009,2024-01-28 16:30:00,1341.3,2163,183.9,67.0,1.24,14,83,3.5,12.1,56.6,94.8,fastened,0,NONE,Rainy,Dry,night
1331,EXC004,OP010,2024-01-28 17:00:00,10747.2,1438,173.5,36.4,11.68,43,84,8.9,11.1,65.6,45.1,fastened,0,NONE,Cloudy,Wet,night
1332,EXC001,OP010,2024-01-28 17:30:00,8125.7,1278,154.8,78.0,5.26,64,76,8.1,16.2,83.9,76.7,fastened,0,NONE,Rainy,Frozen,night
1333,EXC002,OP007,2024-01-28 18:00:00,5986.7,853,139.7,71.0,1.3,37,60,14.0,13.1,71.2,42.1,fastened,0,NONE,Rainy,Frozen,night
1334,EXC004,OP001,2024-01-28 18:30:00,6570.4,1338,130.7,28.0,1.6,82,87,9.4,3.3,106.3,72.2,unfastened,0,NONE,Rainy,Wet,day
1335,EXC005,OP008,2024-01-28 19:00:00,9574.5,2077,126.7,35.8,17.64,88,47,4.8,2.3,108.18613444072231,50.7,fastened,0,NONE,Sunny,Muddy,day
1336,EXC003,OP008,2024-01-28 19:30:00,1267.2,2145,256.5,57.2,4.4,9,20,2.5,6.7,31.0,44.9,fastened,1,P0100,Windy,Frozen,night
1337,EXC001,OP008,2024-01-28 20:00:00,11204.7,1460,304.7,91.2,7.64,59,115,10.3,19.1,40.1,43.1,fastened,0,NONE,Windy,Wet,day
1338,EXC004,OP002,2024-01-28 20:30:00,1440.4,2396,302.360587636523,15.6,5.16,5,19,12.1,8.8,33.7,95.4,fastened,0,NONE,Windy,Muddy,day
1339,EXC001,OP008,2024-01-28 21:00:00,5556.7,664,123.3,39.1,16.87,70,103,3.8,19.2,102.3,47.4,fastened,0,NONE,Sunny,Wet,night
1340,EXC001,OP009,2024-01-28 21:30:00,3046.2,694,148.7,61.9,1.79,7,72,11.4,12.6,55.2,60.8,fastened,0,NONE,Cloudy,Wet,night
1341,EXC004,OP001,2024-01-28 22:00:00,8016.0,709,264.3,35.8,10.01,9,118,15.5,20.4,96.9,67.3,fastened,0,NONE,Cloudy,Dry,day
1342,EXC002,OP001,2024-01-28 22:30:00,10094.0,711,176.7,32.5,8.86,66,70,4.4,19.5,65.6,41.4,fastened,0,NONE,Rainy,Frozen,night
1343,EXC001,OP001,2024-01-28 23:00:00,7438.4,608,245.8,46.0,12.61,35,15,14.7,8.3,103.6,93.6,fastened,0,NONE,Cloudy,Muddy,day
1344,EXC003,OP007,2024-01-28 23:30:00,2765.3,697,145.2,23.3,16.22,35,20,17.1,12.1,68.6,40.9,fastened,1,NONE,Cloudy,Muddy,night
1345,EXC002,OP004,2024-01-29 00:00:00,9374.6,2034,266.5,62.3,0.51,38,19,16.9,15.6,98.8,92.9,fastened,0,NONE,Windy,Dry,night
1346,EXC004,OP009,2024-01-29 00:30:00,11317.7,790,244.1,88.4,0.79,73,57,2.5,1.0,83.7,41.8,unfastened,0,NONE,Rainy,Muddy,night
1347,EXC005,OP010,2024-01-29 01:00:00,2015.8,2005,148.9,91.5,7.1,60,93,0.9,3.5,51.3,63.8,fastened,0,NONE,Windy,Dry,day
1348,EXC001,OP001,2024-01-29 01:30:00,3116.8,712,305.0,49.8,7.53,76,79,13.1,16.1,76.1,85.4,fastened,0,NONE,Rainy,Frozen,day
1349,EXC004,OP008,2024-01-29 02:00:00,6402.2,1844,215.0,32.9,16.08,85,99,6.9,20.1,51.4,41.4,fastened,0,NONE,Rainy,Muddy,night
1350,EXC004,OP008,2024-01-29 02:30:00,8903.3,768,148.4,41.3,5.38,47,69,3.2,6.7,46.0,87.0,fastened,0,NONE,Cloudy,Wet,day
1351,EXC005,OP001,2024-01-29 03:00:00,1611.1,819,224.7,26.7,15.35,76,23,8.0,8.7,55.5,67.3,unfastened,0,NONE,Cloudy,Wet,night
1352,EXC002,OP002,2024-01-29 03:30:00,702.7,1840,315.05252532378677,61.9,2.06,54,30,9.8,19.2,53.7,67.3,fastened,0,NONE,Cloudy,Dry,day
1353,EXC001,OP009,2024-01-29 04:00:00,6846.8,2318,301.8,17.8,1.85,6,27,2.9,5.9,69.7,50.8,fastened,1,NONE,Windy,Muddy,night
1354,EXC005,OP001,2024-01-29 04:30:00,9587.0,908,168.2,35.2,13.54,76,112,0.7,20.4,81.0,53.5,fastened,1,NONE,Rainy,Dry,day
1355,EXC001,OP002,2024-01-29 05:00:00,3641.8,1742,295.0,21.2,13.85,39,98,14.1,3.1,107.4,86.3,fastened,0,NONE,Cloudy,Frozen,day
1356,EXC003,OP010,2024-01-29 05:30:00,7037.5,825,263.3,24.5,2.15,79,13,8.2,5.5,67.5,40.6,fastened,1,NONE,Windy,Wet,night
1357,EXC004,OP008,2024-01-29 06:00:00,9661.1,957,249.6,68.8,17.88,75,33,4.4,0.8,90.9,58.5,fastened,0,NONE,Windy,Frozen,night
1358,EXC001,OP010,2024-01-29 06:30:00,443.0,675,140.4,99.3,1.91,74,39,17.2,2.1,69.3,58.6,fastened,0,NONE,Sunny,Frozen,day
1359,EXC002,OP003,2024-01-29 07:00:00,4100.4,2203,118.9,69.2,15.97,89,88,13.7,5.6,64.7,55.7,fastened,0,P0217,Cloudy,Wet,day
1360,EXC001,OP008,2024-01-29 07:30:00,3708.0,1668,290.2,28.2,3.89,47,17,7.2,14.4,107.93827660528751,58.0,unfastened,0,NONE,Rainy,Frozen,day
1361,EXC005,OP007,2024-01-29 08:00:00,8704.4,1414,225.5,43.7,0.88,39,117,4.9,4.4,100.1,47.1,fastened,0,NONE,Windy,Muddy,day
1362,EXC002,OP009,2024-01-29 08:30:00,8028.0,1109,312.4,64.7,15.46,36,41,13.1,20.7,41.7,49.7,fastened,0,NONE,Windy,Muddy,night
1363,EXC004,OP003,2024-01-29 09:00:00,9939.0,2038,213.6,87.4,3.73,30,103,13.0,7.7,53.2,72.3,fastened,0,NONE,Sunny,Dry,night
1364,EXC002,OP001,2024-01-29 09:30:00,6628.9,749,230.1,72.9,9.76,67,85,15.9,11.4,87.7,72.6,fastened,1,NONE,Cloudy,Muddy,night
1365,EXC004,OP004,2024-01-29 10:00:00,2811.9,1881,319.4,18.8,14.97,28,51,0.2,14.6,53.7,93.9,fastened,0,P0100,Sunny,Muddy,night
1366,EXC004,OP006,2024-01-29 10:30:00,5253.9,1237,257.5,62.4,3.21,65,12,11.3,3.0,30.2,70.9,fastened,1,NONE,Sunny,Dry,day
1367,EXC001,OP006,2024-01-29 11:00:00,4813.0,1530,319.1582097663651,23.7,13.47,26,70,5.1,15.1,47.3,65.4,fastened,0,NONE,Cloudy,Muddy,day
1368,EXC004,OP009,2024-01-29 11:30:00,8046.2,2272,282.1,40.6,9.8,55,14,17.5,2.7,32.4,45.5,fastened,0,NONE,Windy,Frozen,night
1369,EXC004,OP007,2024-01-29 12:00:00,11451.7,748,165.0,96.7,4.98,61,88,0.4,18.2,53.4,82.7,fastened,0,NONE,Cloudy,Wet,night
1370,EXC001,OP009,2024-01-29 12:30:00,5546.7,2159,215.5,89.7,1.23,72,32,8.8,10.7,56.1,65.9,fastened,0,NONE,Sunny,Wet,day
1371,EXC002,OP008,2024-01-29 13:00:00,7702.2,708,152.3,29.4,5.1,37,114,12.8,2.0,106.3,84.0,fastened,0,NONE,Sunny,Muddy,night
1372,EXC005,OP004,2024-01-29 13:30:00,2214.6,1549,318.8,74.2,7.93,49,13,13.5,15.6,94.6,51.2,unfastened,0,NONE,Rainy,Wet,night
1373,EXC003,OP009,2024-01-29 14:00:00,6935.3,1521,305.6,36.3,6.94,87,48,11.4,1.7,39.8,75.7,fastened,0,NONE,Rainy,Muddy,day
1374,EXC001,OP004,2024-01-29 14:30:00,8768.1,2334,292.2,5.7,13.05,78,52,8.5,21.4,39.8,82.0,fastened,0,NONE,Cloudy,Frozen,night
1375,EXC004,OP009,2024-01-29 15:00:00,9188.6,1075,188.3,85.8,7.67,29,94,16.4,10.0,109.8,61.0,fastened,0,NONE,Cloudy,Muddy,day
1376,EXC004,OP007,2024-01-29 15:30:00,11686.1,2304,260.3,83.1,7.16,81,35,10.4,8.4,83.7,67.8,fastened,1,NONE,Windy,Frozen,night
1377,EXC003,OP003,2024-01-29 16:00:00,11852.0,1656,157.4,32.9,14.71,49,95,9.4,6.9,80.0,43.7,fastened,1,NONE,Sunny,Dry,night
1378,EXC001,OP001,2024-01-29 16:30:00,6234.0,782,185.8,78.3,8.62,65,45,15.4,9.9,77.1,55.7,fastened,0,NONE,Windy,Frozen,night
1379,EXC001,OP009,2024-01-29 17:00:00,10341.1,2390,277.0,8.0,17.75,87,18,8.0,17.2,42.0,49.5,fastened,0,NONE,Windy,Dry,day
1380,EXC002,OP008,2024-01-29 17:30:00,8871.8,1476,112.4,56.3,10.55,35,102,10.9,11.4,51.2,61.7,fastened,1,NONE,Windy,Wet,day
1381,EXC003,OP001,2024-01-29 18:00:00,6342.7,851,110.9,98.3,16.9,87,31,5.9,14.2,64.6,45.2,fastened,0,NONE,Rainy,Dry,day
1382,EXC004,OP003,2024-01-29 18:30:00,457.8,2210,245.4,79.9,15.94,10,57,3.8,1.3,65.7,88.1,fastened,1,NONE,Rainy,Dry,day
1383,EXC004,OP005,2024-01-29 19:00:00,11726.5,721,270.4,59.7,7.75,65,76,8.3,18.7,107.7,82.5,unfastened,0,NONE,Windy,Frozen,night
1384,EXC002,OP006,2024-01-29 19:30:00,11586.2,1792,184.4,39.8,11.22,47,11,6.0,11.6,33.5,90.2,fastened,0,NONE,Sunny,Wet,night
1385,EXC004,OP004,2024-01-29 20:00:00,6265.9,635,316.7609069901031,74.9,2.96,58,81,0.7,11.5,31.2,95.0,fastened,0,NONE,Windy,Muddy,night
1386,EXC001,OP002,2024-01-29 20:30:00,4198.8,2314,298.7,97.7,9.72,20,70,8.8,5.6,102.54153820960782,72.7,fastened,0,NONE,Sunny,Wet,night
1387,EXC001,OP007,2024-01-29 21:00:00,1430.2,2058,122.0,23.3,7.92,38,95,11.8,1.7,100.2,83.2,fastened,0,NONE,Sunny,Muddy,day
1388,EXC004,OP008,2024-01-29 21:30:00,756.1,1555,282.7,9.7,8.97,5,22,0.9,7.4,53.2,68.4,fastened,0,NONE,Sunny,Frozen,day
1389,EXC005,OP007,2024-01-29 22:00:00,9660.5,1306,228.0,40.8,3.72,32,106,10.2,18.0,55.7,85.6,fastened,1,NONE,Sunny,Dry,day
1390,EXC004,OP010,2024-01-29 22:30:00,4972.3,765,192.9,54.1,15.66,69,16,5.6,12.0,77.4,71.1,unfastened,0,NONE,Rainy,Frozen,night
1391,EXC003,OP004,2024-01-29 23:00:00,6797.7,1041,111.4,28.3,1.9,41,113,0.7,5.8,46.2,82.7,fastened,0,NONE,Sunny,Muddy,night
1392,EXC005,OP006,2024-01-29 23:30:00,3687.6,1979,184.5,63.6,14.17,87,46,1.7,13.0,100.0,56.0,unfastened,0,P0100,Rainy,Frozen,day
1393,EXC002,OP004,2024-01-30 00:00:00,7406.5,1344,274.7,34.1,17.02,55,17,12.9,7.7,51.6,79.8,fastened,0,NONE,Sunny,Dry,night
1394,EXC004,OP010,2024-01-30 00:30:00,9129.4,2080,219.2,98.3,2.36,80,39,9.7,4.9,34.8,73.6,fastened,0,NONE,Sunny,Dry,day
1395,EXC004,OP005,2024-01-30 01:00:00,10725.4,1946,138.8,30.2,8.09,18,64,17.2,16.3,72.6,54.5,fastened,1,NONE,Cloudy,Dry,night
1396,EXC001,OP005,2024-01-30 01:30:00,6003.4,2384,151.1,81.3,10.74,88,22,12.3,3.7,107.47291195698105,79.8,fastened,1,P0100,Windy,Wet,day
1397,EXC005,OP008,2024-01-30 02:00:00,3672.2,1687,286.5,96.6,17.85,54,42,17.3,12.9,106.5,61.5,fastened,0,P0100,Sunny,Muddy,night
1398,EXC004,OP003,2024-01-30 02:30:00,1014.0,606,317.6441569478307,52.5,15.64,64,42,5.1,16.1,80.0,76.5,fastened,0,P0217,Cloudy,Frozen,day
1399,EXC002,OP004,2024-01-30 03:00:00,10262.8,729,292.3536569486614,23.9,7.75,69,28,10.5,1.4,38.1,78.2,unfastened,0,P0217,Sunny,Muddy,day
1400,EXC005,OP009,2024-01-30 03:30:00,10257.5,1730,314.1,89.6,17.44,13,63,10.1,15.3,83.0,78.9,fastened,0,P0217,Sunny,Wet,night
1401,EXC002,OP001,2024-01-30 04:00:00,4305.3,1866,155.8,43.2,6.3,72,12,9.4,0.3,37.4,79.6,fastened,1,P0562,Rainy,Dry,day
1402,EXC001,OP001,2024-01-30 04:30:00,2566.4,1061,275.2,56.7,6.45,21,37,16.2,17.9,45.5,64.2,fastened,0,NONE,Windy,Dry,night
1403,EXC004,OP009,2024-01-30 05:00:00,8113.3,1555,102.8,9.7,9.36,60,25,9.5,6.1,53.7,76.2,fastened,0,NONE,Rainy,Wet,night
1404,EXC001,OP003,2024-01-30 05:30:00,9104.2,2137,156.4,38.1,14.14,66,13,4.7,3.4,34.4,92.6,fastened,0,NONE,Rainy,Frozen,night
1405,EXC003,OP008,2024-01-30 06:00:00,8689.7,895,174.2,57.8,3.86,86,62,12.6,2.9,59.3,44.0,unfastened,0,P0100,Cloudy,Frozen,day
1406,EXC004,OP007,2024-01-30 06:30:00,948.3,1654,289.1,70.8,13.49,88,108,4.8,9.6,91.4,85.4,fastened,0,NONE,Sunny,Dry,day
1407,EXC001,OP002,2024-01-30 07:00:00,11812.3,971,264.5,95.4,0.55,79,48,1.5,6.3,34.3,47.5,fastened,0,NONE,Rainy,Frozen,night
1408,EXC004,OP002,2024-01-30 07:30:00,6579.8,916,167.8,60.4,5.09,36,81,10.6,10.3,69.7,67.0,fastened,0,NONE,Windy,Wet,night
1409,EXC003,OP010,2024-01-30 08:00:00,7339.3,1987,273.2,30.8,17.55,22,26,2.5,18.6,48.1,49.5,fastened,0,NONE,Rainy,Muddy,night
1410,EXC002,OP009,2024-01-30 08:30:00,639.4,818,278.2,57.9,11.99,60,87,12.9,2.3,75.3,85.4,fastened,0,NONE,Sunny,Muddy,day
1411,EXC001,OP003,2024-01-30 09:00:00,240.5,2345,212.6,11.7,8.59,71,84,7.9,5.7,69.4,42.2,fastened,0,NONE,Windy,Wet,night
1412,EXC004,OP005,2024-01-30 09:30:00,1603.4,927,211.7,19.1,13.31,7,54,15.6,2.5,43.3,80.7,unfastened,0,P0562,Sunny,Dry,day
1413,EXC001,OP009,2024-01-30 10:00:00,4752.7,824,212.1,38.4,8.12,13,39,7.3,14.0,98.2,63.3,fastened,0,NONE,Rainy,Dry,night
1414,EXC001,OP003,2024-01-30 10:30:00,11342.8,1424,136.8,7.1,2.37,56,73,7.1,13.7,70.0,55.4,unfastened,0,NONE,Windy,Frozen,night
1415,EXC002,OP007,2024-01-30 11:00:00,8763.5,1159,278.8,12.2,9.21,25,76,7.7,18.7,108.9,95.7,fastened,0,P0100,Windy,Muddy,night
1416,EXC003,OP004,2024-01-30 11:30:00,11990.8,739,257.2,5.7,17.22,81,87,12.8,16.0,108.8,56.9,fastened,0,NONE,Rainy,Wet,night
1417,EXC005,OP009,2024-01-30 12:00:00,8190.5,1466,286.9,22.3,5.27,48,31,2.8,15.4,50.1,52.3,fastened,0,NONE,Windy,Frozen,night
1418,EXC004,OP003,2024-01-30 12:30:00,1287.1,2337,279.4,83.4,1.43,59,49,6.1,3.5,100.6,65.0,fastened,0,NONE,Cloudy,Wet,night
1419,EXC004,OP005,2024-01-30 13:00:00,8364.5,2361,272.8,38.4,13.47,31,100,4.8,18.0,87.6,57.5,unfastened,0,NONE,Sunny,Muddy,night
1420,EXC001,OP008,2024-01-30 13:30:00,7731.8,1673,271.7,90.7,8.45,58,101,7.0,0.2,64.6,82.2,fastened,0,NONE,Sunny,Frozen,day
1421,EXC004,OP007,2024-01-30 14:00:00,10647.1,1640,307.8,89.1,6.36,23,99,16.4,15.7,95.2,41.7,fastened,0,NONE,Windy,Wet,day
1422,EXC002,OP002,2024-01-30 14:30:00,6576.5,2383,233.2,87.0,9.03,43,94,11.4,17.9,63.6,80.1,fastened,0,NONE,Sunny,Dry,night
1423,EXC003,OP001,2024-01-30 15:00:00,3022.3,1963,282.1,25.1,16.77,2,19,9.1,5.0,69.4,64.5,fastened,0,NONE,Windy,Wet,night
1424,EXC004,OP009,2024-01-30 15:30:00,8819.3,912,276.3,37.5,4.88,40,41,2.3,6.9,59.7,85.5,fastened,0,NONE,Cloudy,Wet,day
1425,EXC001,OP008,2024-01-30 16:00:00,9065.5,1546,159.5,49.5,4.01,68,41,10.4,5.3,97.5,59.4,fastened,1,P0562,Windy,Muddy,day
1426,EXC002,OP002,2024-01-30 16:30:00,6219.0,2332,224.5,46.0,9.84,33,46,14.4,18.0,102.5,41.1,fastened,1,NONE,Windy,Muddy,day
1427,EXC002,OP007,2024-01-30 17:00:00,1228.4,861,260.5,12.6,8.61,5,63,6.5,9.3,42.1,84.3,fastened,0,P0562,Sunny,Muddy,day
1428,EXC005,OP003,2024-01-30 17:30:00,5023.9,2276,122.8,27.7,3.12,73,30,16.3,8.0,77.2,47.7,fastened,0,NONE,Rainy,Dry,night
1429,EXC005,OP005,2024-01-30 18:00:00,10095.1,1660,216.7,63.9,10.66,26,96,6.3,11.0,39.4,67.7,fastened,1,P0100,Sunny,Frozen,day
1430,EXC005,OP007,2024-01-30 18:30:00,3713.2,649,100.6,69.3,10.55,71,65,2.9,16.1,100.8,88.3,fastened,0,NONE,Cloudy,Wet,night
1431,EXC003,OP007,2024-01-30 19:00:00,8806.7,2025,152.9,39.6,11.1,64,19,14.9,14.5,105.06146057991616,93.6,fastened,0,NONE,Windy,Frozen,day
1432,EXC004,OP004,2024-01-30 19:30:00,3116.8,726,207.0,33.2,7.74,26,99,10.2,15.6,32.9,54.3,fastened,0,NONE,Windy,Muddy,day
1433,EXC004,OP009,2024-01-30 20:00:00,4011.6,1168,167.5,60.7,5.58,26,44,9.3,20.8,89.7,88.6,fastened,0,NONE,Sunny,Wet,night
1434,EXC004,OP006,2024-01-30 20:30:00,4110.9,2189,269.6,68.0,6.25,46,72,16.7,5.6,83.3,85.0,fastened,1,NONE,Windy,Frozen,day
1435,EXC004,OP009,2024-01-30 21:00:00,1712.9,965,297.4306729273853,72.5,15.1,41,56,14.8,4.6,62.9,93.6,fastened,0,NONE,Sunny,Wet,night
1436,EXC005,OP006,2024-01-30 21:30:00,4278.9,939,158.9,82.0,11.44,10,49,17.9,14.3,79.5,87.3,fastened,1,NONE,Cloudy,Wet,night
1437,EXC002,OP004,2024-01-30 22:00:00,8711.0,1709,103.8,60.5,7.47,7,46,12.4,3.2,91.7,45.2,unfastened,0,NONE,Rainy,Wet,day
1438,EXC004,OP003,2024-01-30 22:30:00,4875.6,1071,156.0,41.0,11.23,4,55,10.4,14.2,43.6,94.8,fastened,0,P0217,Sunny,Muddy,night
1439,EXC004,OP001,2024-01-30 23:00:00,3666.9,2095,214.2,38.0,6.62,28,17,9.7,21.0,54.4,41.4,fastened,1,P0217,Sunny,Dry,day
1440,EXC004,OP006,2024-01-30 23:30:00,8438.4,1917,267.7,8.3,15.6,12,86,6.4,10.1,68.8,59.9,fastened,0,P0100,Sunny,Muddy,night
1441,EXC005,OP006,2024-01-31 00:00:00,6234.2,1984,308.89916960735803,44.6,13.23,68,81,3.3,4.7,80.7,62.6,fastened,0,NONE,Sunny,Dry,day
1442,EXC001,OP010,2024-01-31 00:30:00,5286.8,2211,112.3,87.5,2.27,78,66,14.9,21.9,79.1,68.1,unfastened,0,NONE,Rainy,Dry,day
1443,EXC005,OP003,2024-01-31 01:00:00,9574.3,868,202.6,64.6,1.48,71,107,0.1,8.4,69.5,53.6,fastened,0,NONE,Rainy,Frozen,day
1444,EXC005,OP001,2024-01-31 01:30:00,4645.1,1789,311.1,61.3,1.08,23,70,16.0,2.5,82.9,47.2,fastened,0,NONE,Cloudy,Dry,day
1445,EXC005,OP009,2024-01-31 02:00:00,6577.7,908,298.9,26.3,0.98,30,52,4.7,9.2,31.7,88.5,fastened,0,NONE,Windy,Wet,night
1446,EXC002,OP006,2024-01-31 02:30:00,478.1,609,263.3,61.6,9.2,86,77,4.3,1.9,55.9,77.2,fastened,1,P0562,Windy,Wet,night
1447,EXC003,OP001,2024-01-31 03:00:00,4139.1,2357,162.4,22.1,3.66,12,97,0.1,1.8,75.8,67.5,fastened,0,NONE,Cloudy,Wet,night
1448,EXC001,OP004,2024-01-31 03:30:00,2919.1,1048,104.9,37.4,12.3,30,91,6.5,1.0,54.5,84.9,fastened,0,NONE,Cloudy,Muddy,day
1449,EXC001,OP010,2024-01-31 04:00:00,10640.4,1854,200.4,60.5,8.95,39,72,1.6,10.0,106.98264256342756,93.1,unfastened,0,NONE,Cloudy,Dry,day
1450,EXC003,OP009,2024-01-31 04:30:00,350.5,1220,182.4,9.3,2.14,36,78,3.3,10.1,107.1,53.0,fastened,0,NONE,Rainy,Wet,day
1451,EXC005,OP006,2024-01-31 05:00:00,8430.5,1861,248.7,34.6,0.6,84,118,12.4,16.1,101.73722560096829,58.7,unfastened,0,NONE,Windy,Wet,night
1452,EXC002,OP001,2024-01-31 05:30:00,9098.8,1320,115.5,13.4,1.14,73,85,7.5,12.0,48.5,94.2,fastened,0,NONE,Sunny,Dry,night
1453,EXC004,OP007,2024-01-31 06:00:00,4056.8,1392,303.1,20.6,9.83,88,87,0.2,18.9,47.9,71.6,fastened,0,NONE,Cloudy,Dry,day
1454,EXC001,OP001,2024-01-31 06:30:00,3159.5,733,313.70756878638997,38.5,10.77,20,83,5.7,19.2,65.5,56.3,unfastened,0,NONE,Cloudy,Frozen,day
1455,EXC001,OP004,2024-01-31 07:00:00,2061.5,818,313.6,70.8,6.68,60,115,0.1,3.8,106.6,49.2,unfastened,0,NONE,Cloudy,Frozen,night
1456,EXC004,OP005,2024-01-31 07:30:00,3397.5,1815,290.4,30.4,1.88,81,111,16.5,0.9,48.9,97.3,fastened,1,P0217,Rainy,Muddy,day
1457,EXC002,OP008,2024-01-31 08:00:00,10975.9,1884,194.7,6.9,16.86,12,47,15.5,15.5,56.5,71.0,fastened,0,NONE,Sunny,Frozen,day
1458,EXC001,OP007,2024-01-31 08:30:00,615.7,2204,245.7,42.9,7.6,58,91,6.4,0.2,74.7,90.0,fastened,0,NONE,Windy,Frozen,day
1459,EXC005,OP005,2024-01-31 09:00:00,5534.9,1661,286.0,26.0,8.01,80,81,4.3,8.7,100.43708818159469,76.9,fastened,0,NONE,Cloudy,Frozen,night
1460,EXC005,OP001,2024-01-31 09:30:00,3246.1,2381,144.9,78.9,7.18,5,70,1.9,1.2,83.0,65.7,fastened,0,P0562,Cloudy,Frozen,night
1461,EXC001,OP001,2024-01-31 10:00:00,8380.9,1729,102.1,83.1,1.54,55,66,12.7,10.1,88.2,89.8,fastened,0,NONE,Cloudy,Dry,day
1462,EXC005,OP009,2024-01-31 10:30:00,4073.4,2036,167.7,68.7,12.93,86,108,2.2,9.9,93.3,60.7,fastened,1,NONE,Windy,Muddy,night
1463,EXC001,OP007,2024-01-31 11:00:00,4216.9,867,196.2,63.2,12.13,86,110,12.1,18.6,69.3,84.6,fastened,1,NONE,Sunny,Frozen,night
1464,EXC004,OP004,2024-01-31 11:30:00,793.7,964,237.4,74.4,3.38,25,109,4.7,14.2,35.7,66.3,unfastened,0,P0562,Rainy,Muddy,night
1465,EXC004,OP008,2024-01-31 12:00:00,10934.9,1658,158.0,40.7,5.2,23,43,13.1,8.9,84.1,92.0,fastened,0,NONE,Rainy,Wet,night
1466,EXC002,OP010,2024-01-31 12:30:00,6306.9,1520,197.3,66.9,10.07,20,48,7.1,11.2,77.4,69.2,fastened,0,NONE,Windy,Frozen,night
1467,EXC001,OP001,2024-01-31 13:00:00,920.9,1488,242.7,44.9,7.09,53,19,2.5,12.1,47.1,58.9,unfastened,0,P0217,Rainy,Muddy,night
1468,EXC003,OP010,2024-01-31 13:30:00,9045.5,848,281.4,45.8,17.96,67,98,5.0,5.0,98.3,82.1,fastened,0,P0217,Rainy,Muddy,day
1469,EXC005,OP003,2024-01-31 14:00:00,9382.4,1457,294.04660452806763,79.9,9.19,82,85,12.4,17.1,89.3,89.9,fastened,0,NONE,Cloudy,Frozen,night
1470,EXC001,OP008,2024-01-31 14:30:00,5587.6,719,276.0,80.2,15.94,29,118,12.3,10.3,63.8,89.4,unfastened,0,NONE,Sunny,Dry,night
1471,EXC005,OP006,2024-01-31 15:00:00,11751.6,1542,306.6,43.0,4.08,46,91,10.8,14.0,107.5,67.7,fastened,0,NONE,Sunny,Muddy,night
1472,EXC004,OP008,2024-01-31 15:30:00,2789.4,1010,190.1,94.0,10.23,65,32,5.8,0.7,84.1,65.5,fastened,0,NONE,Sunny,Frozen,night
1473,EXC005,OP002,2024-01-31 16:00:00,10146.1,661,221.4,56.4,6.13,60,42,11.4,2.4,104.4,48.7,fastened,0,NONE,Rainy,Wet,day
1474,EXC002,OP007,2024-01-31 16:30:00,10172.5,1076,102.2,51.3,16.85,3,53,0.8,13.0,88.3,42.3,fastened,1,NONE,Rainy,Dry,day
1475,EXC004,OP010,2024-01-31 17:00:00,6302.6,601,256.2,52.6,10.15,79,93,10.9,16.4,86.8,94.0,unfastened,0,P0100,Rainy,Muddy,night
1476,EXC003,OP008,2024-01-31 17:30:00,6527.3,1697,319.3150543429259,79.0,11.94,82,55,14.1,7.1,47.4,82.1,fastened,0,NONE,Rainy,Frozen,day
1477,EXC004,OP008,2024-01-31 18:00:00,1436.1,1436,104.4,96.9,1.83,57,116,2.5,20.8,63.5,73.5,fastened,0,NONE,Windy,Muddy,night
1478,EXC001,OP002,2024-01-31 18:30:00,1685.2,2312,285.6,70.6,9.03,36,77,14.7,18.7,80.9,73.8,unfastened,0,NONE,Rainy,Frozen,night
1479,EXC003,OP003,2024-01-31 19:00:00,5131.1,712,132.8,37.4,10.64,71,50,16.3,11.5,96.3,41.4,fastened,0,NONE,Cloudy,Muddy,day
1480,EXC005,OP009,2024-01-31 19:30:00,11025.4,1468,285.3,54.1,5.58,16,115,17.3,14.1,102.9,66.3,fastened,1,NONE,Sunny,Dry,night
1481,EXC005,OP005,2024-01-31 20:00:00,2652.8,2247,219.2,34.2,13.38,19,69,0.5,13.0,36.5,93.4,fastened,0,NONE,Sunny,Dry,night
1482,EXC002,OP006,2024-01-31 20:30:00,5752.5,1615,181.4,67.1,8.67,88,43,16.1,6.7,87.2,66.8,fastened,1,NONE,Sunny,Dry,night
1483,EXC001,OP002,2024-01-31 21:00:00,864.5,1248,307.1,99.9,10.32,31,53,1.1,1.4,51.3,73.7,fastened,0,NONE,Sunny,Muddy,day
1484,EXC003,OP008,2024-01-31 21:30:00,3660.9,1751,234.7,87.2,6.82,66,92,6.8,17.7,86.8,61.9,unfastened,0,NONE,Rainy,Frozen,night
1485,EXC002,OP005,2024-01-31 22:00:00,4526.9,1088,308.9791366025805,49.9,12.34,36,19,9.9,10.1,55.4,46.1,fastened,0,NONE,Rainy,Dry,day
1486,EXC002,OP005,2024-01-31 22:30:00,11558.3,2132,314.23307610573806,37.5,2.31,71,95,4.0,18.5,75.7,58.8,unfastened,0,NONE,Rainy,Frozen,day
1487,EXC001,OP010,2024-01-31 23:00:00,2397.2,1796,140.1,48.0,9.36,72,22,6.2,8.2,72.1,44.9,fastened,0,NONE,Rainy,Muddy,night
1488,EXC003,OP007,2024-01-31 23:30:00,1298.5,2365,303.1,35.0,16.17,45,86,16.3,0.3,99.8,73.6,fastened,0,NONE,Rainy,Muddy,night
1489,EXC001,OP005,2024-02-01 00:00:00,739.7,736,136.6,99.2,4.62,34,89,3.2,2.8,82.3,96.9,fastened,0,NONE,Cloudy,Wet,night
1490,EXC005,OP004,2024-02-01 00:30:00,6312.3,1727,207.3,24.2,15.7,61,74,9.7,3.5,49.4,61.0,fastened,0,NONE,Sunny,Wet,day
1491,EXC001,OP007,2024-02-01 01:00:00,6281.5,2215,215.0,81.9,15.99,18,30,14.9,16.1,80.3,89.8,fastened,0,P0562,Windy,Dry,night
1492,EXC001,OP005,2024-02-01 01:30:00,2430.6,2265,224.0,44.4,4.53,26,72,4.3,0.7,81.3,42.5,fastened,0,NONE,Rainy,Frozen,night
1493,EXC003,OP003,2024-02-01 02:00:00,3045.5,1795,217.3,66.9,1.91,4,101,16.8,18.0,59.1,69.3,fastened,0,NONE,Windy,Muddy,night
1494,EXC001,OP004,2024-02-01 02:30:00,3894.3,639,196.6,92.7,13.88,74,41,17.6,15.2,51.0,78.0,fastened,0,NONE,Windy,Muddy,day
1495,EXC003,OP003,2024-02-01 03:00:00,212.5,2068,256.8,61.2,17.28,57,111,4.8,7.1,102.8,58.5,unfastened,0,NONE,Cloudy,Frozen,day
1496,EXC001,OP008,2024-02-01 03:30:00,9823.0,1288,134.2,63.6,4.98,34,25,8.5,11.5,42.3,45.7,unfastened,0,NONE,Cloudy,Frozen,day
1497,EXC005,OP006,2024-02-01 04:00:00,9296.0,2124,273.2,8.4,16.48,67,108,0.2,20.5,41.3,52.6,fastened,0,NONE,Cloudy,Dry,night
1498,EXC003,OP003,2024-02-01 04:30:00,3911.0,801,108.2,17.2,4.14,38,46,17.3,1.5,77.1,44.1,fastened,0,NONE,Sunny,Wet,night
1499,EXC002,OP002,2024-02-01 05:00:00,6934.1,773,285.3,56.3,6.79,75,87,2.5,8.0,54.7,91.5,fastened,0,NONE,Sunny,Wet,day
1500,EXC004,OP010,2024-02-01 05:30:00,4005.3,2263,265.0,40.2,16.0,0,35,7.7,8.6,70.3,40.3,fastened,0,P0217,Cloudy,Wet,night
1501,EXC003,OP009,2024-02-01 06:00:00,418.8,1614,275.0,62.9,5.82,76,78,12.1,21.2,51.4,44.0,fastened,1,NONE,Windy,Dry,day
1502,EXC005,OP009,2024-02-01 06:30:00,7118.5,2257,165.3,41.5,13.72,72,81,11.7,21.5,59.4,86.2,fastened,0,NONE,Sunny,Muddy,day
1503,EXC004,OP008,2024-02-01 07:00:00,8687.3,839,286.9,21.6,3.07,40,63,11.7,18.5,62.7,57.4,fastened,0,NONE,Sunny,Dry,day
1504,EXC005,OP009,2024-02-01 07:30:00,4072.8,775,297.9009517371402,80.7,7.13,19,103,0.3,8.4,75.0,61.2,fastened,0,P0562,Rainy,Muddy,night
1505,EXC005,OP007,2024-02-01 08:00:00,2972.3,1217,313.1,85.3,16.96,53,109,13.2,19.6,108.2880550657841,57.8,fastened,0,NONE,Cloudy,Frozen,night
1506,EXC001,OP010,2024-02-01 08:30:00,3244.3,746,104.4,97.0,4.46,42,27,13.4,10.6,109.44067676979637,91.7,fastened,1,NONE,Sunny,Dry,day
1507,EXC004,OP010,2024-02-01 09:00:00,4254.2,1029,309.0779322646563,24.1,12.78,31,99,9.8,14.2,85.0,93.9,fastened,0,NONE,Cloudy,Wet,day
1508,EXC005,OP005,2024-02-01 09:30:00,5664.0,933,237.1,34.6,16.59,59,82,13.2,20.4,86.7,93.9,fastened,1,NONE,Sunny,Dry,night
1509,EXC001,OP003,2024-02-01 10:00:00,9083.5,1422,315.58611508814084,31.7,14.24,20,67,0.0,5.5,51.7,57.8,fastened,0,NONE,Cloudy,Frozen,night
1510,EXC005,OP009,2024-02-01 10:30:00,2468.2,704,197.5,93.4,17.09,73,23,3.0,18.9,73.5,51.6,fastened,0,NONE,Windy,Frozen,night
1511,EXC004,OP009,2024-02-01 11:00:00,8505.5,959,161.5,61.8,17.02,14,76,1.3,8.8,60.7,88.0,fastened,0,P0217,Rainy,Muddy,night
1512,EXC004,OP005,2024-02-01 11:30:00,11578.1,1144,311.1330814147326,92.6,2.49,30,51,5.6,19.2,32.9,89.2,fastened,0,P0100,Windy,Muddy,night
1513,EXC004,OP010,2024-02-01 12:00:00,2245.3,1927,171.7,89.6,11.03,74,14,3.7,12.1,64.5,60.5,fastened,0,NONE,Windy,Muddy,night
1514,EXC002,OP002,2024-02-01 12:30:00,6140.4,1032,254.6,28.3,7.97,23,29,3.3,5.4,83.9,73.5,fastened,0,NONE,Windy,Dry,night
1515,EXC005,OP009,2024-02-01 13:00:00,4399.2,1200,173.0,45.6,12.45,86,19,7.6,16.8,105.6,62.7,fastened,0,NONE,Windy,Muddy,night
1516,EXC004,OP001,2024-02-01 13:30:00,7245.4,2039,308.1,44.3,13.49,11,42,11.2,2.5,39.0,40.9,fastened,0,P0217,Rainy,Wet,day
1517,EXC003,OP002,2024-02-01 14:00:00,10582.1,1311,215.7,51.3,4.79,89,29,9.8,3.2,64.2,63.8,fastened,1,NONE,Sunny,Wet,night
1518,EXC004,OP001,2024-02-01 14:30:00,10647.5,1038,170.4,99.8,14.5,73,104,15.1,3.3,105.3,91.9,fastened,0,NONE,Cloudy,Frozen,day
1519,EXC005,OP001,2024-02-01 15:00:00,5372.3,2043,280.9,21.5,7.66,6,41,7.1,18.5,67.6,89.8,fastened,0,P0100,Windy,Frozen,night
1520,EXC002,OP002,2024-02-01 15:30:00,9112.5,2328,113.7,78.4,11.99,48,56,7.3,19.2,101.5,46.0,fastened,0,NONE,Sunny,Dry,night
1521,EXC005,OP004,2024-02-01 16:00:00,6184.5,2223,120.6,26.6,7.98,61,91,0.2,12.6,84.6,57.8,fastened,0,P0217,Windy,Muddy,night
1522,EXC001,OP004,2024-02-01 16:30:00,9286.9,1389,307.1931988340524,75.2,6.56,41,21,13.7,6.1,99.3,44.3,fastened,0,NONE,Cloudy,Muddy,day
1523,EXC004,OP005,2024-02-01 17:00:00,10623.9,731,171.2,24.3,12.64,79,49,10.8,8.7,90.7,57.3,fastened,0,NONE,Windy,Frozen,night
1524,EXC003,OP010,2024-02-01 17:30:00,8570.5,1360,138.8,55.1,9.98,11,31,2.3,4.0,35.8,57.3,fastened,0,NONE,Sunny,Muddy,day
1525,EXC004,OP006,2024-02-01 18:00:00,823.0,1978,229.2,68.4,15.43,48,66,3.4,0.1,91.0,43.1,fastened,1,NONE,Cloudy,Wet,day
1526,EXC003,OP003,2024-02-01 18:30:00,3019.0,2298,156.0,46.0,14.26,46,102,3.1,18.5,40.2,91.9,fastened,0,NONE,Windy,Frozen,day
1527,EXC003,OP002,2024-02-01 19:00:00,9450.8,723,317.2,96.8,15.7,54,70,7.3,4.3,89.9,88.7,fastened,0,NONE,Cloudy,Frozen,night
1528,EXC001,OP010,2024-02-01 19:30:00,333.8,816,290.05444987136656,72.0,13.9,24,55,0.7,1.7,63.5,93.9,fastened,0,NONE,Windy,Frozen,day
1529,EXC002,OP003,2024-02-01 20:00:00,6263.5,1117,295.6,19.9,16.54,43,19,14.0,2.9,84.8,83.2,fastened,0,NONE,Cloudy,Frozen,day
1530,EXC005,OP009,2024-02-01 20:30:00,7364.0,806,283.4,40.4,3.24,11,112,5.7,20.4,34.8,84.1,fastened,1,NONE,Cloudy,Muddy,night
1531,EXC003,OP008,2024-02-01 21:00:00,9858.0,918,294.9,34.8,11.71,11,60,16.5,8.0,39.1,85.7,fastened,0,NONE,Rainy,Wet,night
1532,EXC001,OP009,2024-02-01 21:30:00,9698.7,1380,174.4,33.1,1.94,47,71,4.9,14.3,38.5,79.2,fastened,0,NONE,Cloudy,Frozen,night
1533,EXC001,OP002,2024-02-01 22:00:00,970.8,1054,248.2,25.1,9.24,66,65,6.6,0.7,60.0,50.2,fastened,1,P0562,Windy,Frozen,day
1534,EXC002,OP008,2024-02-01 22:30:00,8188.4,1656,299.5,22.6,15.57,61,65,16.6,11.6,43.6,50.3,fastened,0,NONE,Rainy,Frozen,night
1535,EXC004,OP008,2024-02-01 23:00:00,9504.6,2305,250.9,87.7,13.2,86,21,3.0,16.4,30.6,69.0,fastened,0,NONE,Windy,Frozen,night
1536,EXC002,OP010,2024-02-01 23:30:00,1354.7,1514,319.4,99.0,10.7,5,60,15.2,1.4,100.3,80.1,fastened,0,P0562,Rainy,Wet,day
1537,EXC003,OP008,2024-02-02 00:00:00,5876.4,1513,290.4,20.2,12.64,39,56,2.7,6.6,90.1,41.7,fastened,1,P0562,Windy,Frozen,day
1538,EXC004,OP002,2024-02-02 00:30:00,7827.4,2318,115.6,80.2,3.53,5,95,8.9,7.1,75.5,71.7,fastened,1,P0562,Rainy,Dry,night
1539,EXC004,OP005,2024-02-02 01:00:00,4174.5,1690,210.4,26.6,16.79,32,57,15.7,19.5,87.9,91.5,fastened,0,NONE,Cloudy,Muddy,day
1540,EXC001,OP005,2024-02-02 01:30:00,4509.3,2387,160.6,54.6,4.22,66,101,2.9,14.6,54.2,47.3,fastened,0,NONE,Windy,Wet,night
1541,EXC002,OP005,2024-02-02 02:00:00,1324.2,2263,292.5,23.7,3.42,53,82,0.7,19.0,86.4,58.2,unfastened,1,NONE,Cloudy,Dry,day
1542,EXC004,OP004,2024-02-02 02:30:00,9315.0,673,306.2,30.8,2.95,18,23,4.3,8.3,71.6,97.2,fastened,0,P0217,Cloudy,Frozen,night
1543,EXC004,OP009,2024-02-02 03:00:00,2921.7,2288,224.7,44.0,16.88,6,107,4.7,13.0,37.1,59.1,unfastened,0,NONE,Windy,Muddy,day
1544,EXC003,OP003,2024-02-02 03:30:00,5275.6,788,112.8,72.0,8.56,71,54,7.3,11.4,83.2,41.7,fastened,0,NONE,Cloudy,Muddy,day
1545,EXC002,OP005,2024-02-02 04:00:00,6244.9,1083,176.3,50.0,9.83,38,87,13.4,6.1,109.5,79.7,fastened,0,NONE,Sunny,Muddy,night
1546,EXC001,OP005,2024-02-02 04:30:00,1138.3,610,141.5,82.0,7.13,79,41,0.9,9.3,50.5,97.0,fastened,0,P0217,Sunny,Dry,day
1547,EXC001,OP007,2024-02-02 05:00:00,5230.5,771,216.4,14.2,0.98,81,92,10.3,5.4,30.4,53.4,fastened,0,NONE,Rainy,Muddy,day
1548,EXC001,OP005,2024-02-02 05:30:00,1913.1,2310,316.7,59.3,1.67,16,108,13.1,0.4,90.1,52.5,fastened,0,NONE,Sunny,Wet,night
1549,EXC005,OP010,2024-02-02 06:00:00,2867.0,1429,175.5,15.1,0.78,23,13,14.5,21.3,52.3,65.0,unfastened,0,NONE,Cloudy,Frozen,day
1550,EXC003,OP010,2024-02-02 06:30:00,4339.8,1103,261.5,16.2,9.93,61,90,17.4,21.1,62.4,71.1,fastened,0,NONE,Cloudy,Muddy,night
1551,EXC002,OP005,2024-02-02 07:00:00,5927.8,1293,307.5699916637775,34.3,3.89,25,92,14.9,18.1,101.9300283439484,87.3,unfastened,0,NONE,Cloudy,Frozen,day
1552,EXC003,OP003,2024-02-02 07:30:00,5267.0,1260,282.6,15.0,7.54,73,42,1.9,3.8,35.2,97.6,fastened,0,NONE,Windy,Dry,day
1553,EXC003,OP008,2024-02-02 08:00:00,951.8,1127,132.9,78.7,8.56,3,53,3.2,0.4,109.62644258829926,87.2,fastened,0,NONE,Windy,Wet,night
1554,EXC001,OP010,2024-02-02 08:30:00,4269.4,2330,152.2,53.2,9.82,87,54,13.0,4.3,107.1,56.9,fastened,0,NONE,Sunny,Muddy,day
1555,EXC005,OP009,2024-02-02 09:00:00,566.7,1875,149.1,66.2,16.12,22,59,3.8,19.2,77.2,85.6,fastened,0,NONE,Sunny,Frozen,night
1556,EXC003,OP002,2024-02-02 09:30:00,3084.4,2341,165.4,10.3,1.26,41,56,4.4,3.4,97.4,76.6,fastened,1,P0562,Rainy,Dry,night
1557,EXC003,OP001,2024-02-02 10:00:00,1112.8,1673,110.3,26.4,9.15,35,109,15.3,5.1,46.5,68.5,fastened,0,NONE,Windy,Dry,night
1558,EXC003,OP007,2024-02-02 10:30:00,2091.9,876,218.7,54.7,2.81,49,112,8.3,15.2,35.4,76.8,fastened,1,NONE,Cloudy,Muddy,night
1559,EXC005,OP004,2024-02-02 11:00:00,6079.6,1802,263.0,12.8,16.71,29,113,7.1,10.5,57.8,65.5,fastened,1,NONE,Cloudy,Dry,day
1560,EXC005,OP004,2024-02-02 11:30:00,11135.0,1616,157.4,20.3,16.56,18,62,8.4,14.4,46.7,76.7,fastened,0,NONE,Windy,Wet,day
1561,EXC001,OP001,2024-02-02 12:00:00,2417.7,1321,240.8,7.1,2.95,57,86,4.6,12.4,79.3,82.7,fastened,0,NONE,Cloudy,Muddy,night
1562,EXC004,OP010,2024-02-02 12:30:00,8796.6,682,220.0,91.6,2.55,69,12,1.6,12.6,106.5,40.8,fastened,0,NONE,Rainy,Wet,night
1563,EXC001,OP001,2024-02-02 13:00:00,620.1,782,121.8,46.0,2.42,82,12,17.6,19.2,48.5,75.7,fastened,0,NONE,Windy,Frozen,day
1564,EXC001,OP007,2024-02-02 13:30:00,4096.6,1683,299.82835721051157,9.3,2.22,86,90,5.3,4.8,102.1,48.9,fastened,0,NONE,Sunny,Dry,night
1565,EXC003,OP010,2024-02-02 14:00:00,4876.5,1022,153.1,48.7,3.27,20,83,9.2,3.1,73.0,59.5,fastened,0,NONE,Sunny,Muddy,night
1566,EXC003,OP001,2024-02-02 14:30:00,1389.4,1306,207.5,89.3,3.22,24,20,1.1,8.9,38.2,65.7,fastened,0,NONE,Sunny,Muddy,night
1567,EXC003,OP007,2024-02-02 15:00:00,7677.6,1549,238.1,23.0,3.36,85,82,2.7,11.8,72.9,96.4,fastened,0,NONE,Rainy,Wet,day
1568,EXC001,OP010,2024-02-02 15:30:00,1833.5,2322,166.3,27.6,3.1,73,79,1.8,10.8,67.4,58.9,fastened,0,NONE,Windy,Muddy,night
1569,EXC004,OP005,2024-02-02 16:00:00,9628.1,771,128.0,98.3,7.11,63,92,0.9,11.9,89.9,87.5,fastened,0,NONE,Sunny,Wet,day
1570,EXC003,OP003,2024-02-02 16:30:00,7139.2,2301,159.2,86.1,4.94,48,66,11.7,10.7,104.88081497991323,59.5,fastened,0,NONE,Rainy,Frozen,night
1571,EXC001,OP008,2024-02-02 17:00:00,8921.4,1562,108.8,57.1,7.8,21,93,0.3,11.4,81.3,53.3,fastened,0,NONE,Sunny,Frozen,night
1572,EXC002,OP010,2024-02-02 17:30:00,2054.4,763,264.7,22.7,16.14,58,93,8.2,20.5,83.4,65.2,fastened,0,NONE,Sunny,Muddy,night
1573,EXC001,OP006,2024-02-02 18:00:00,3873.5,896,253.8,25.9,6.66,84,75,12.0,1.1,78.6,45.2,fastened,0,P0100,Windy,Muddy,day
1574,EXC005,OP001,2024-02-02 18:30:00,8495.2,766,247.5,86.8,5.51,41,70,6.5,20.7,48.9,87.5,fastened,0,NONE,Cloudy,Muddy,night
1575,EXC004,OP007,2024-02-02 19:00:00,5494.8,711,235.9,69.2,16.5,85,97,2.7,12.9,104.0,68.9,fastened,0,NONE,Cloudy,Dry,day
1576,EXC003,OP003,2024-02-02 19:30:00,7624.9,2103,165.5,38.3,6.13,52,29,4.0,1.1,46.9,79.9,fastened,0,P0217,Cloudy,Wet,day
1577,EXC001,OP010,2024-02-02 20:00:00,5020.2,753,125.4,7.5,2.64,62,118,2.8,1.2,77.6,86.3,fastened,1,P0217,Cloudy,Wet,night
1578,EXC005,OP003,2024-02-02 20:30:00,8099.3,1903,231.8,17.9,11.33,48,108,5.3,12.6,91.9,63.7,fastened,0,P0100,Cloudy,Dry,night
1579,EXC002,OP007,2024-02-02 21:00:00,7734.2,2008,261.2,74.3,5.43,39,68,6.4,15.2,36.7,66.1,fastened,0,NONE,Sunny,Frozen,night
1580,EXC003,OP007,2024-02-02 21:30:00,3664.1,831,278.4,66.6,9.6,43,109,7.1,11.4,66.0,54.7,fastened,0,NONE,Sunny,Muddy,night
1581,EXC004,OP005,2024-02-02 22:00:00,10592.0,610,259.8,39.1,13.94,1,89,4.0,9.9,32.4,81.4,fastened,1,NONE,Rainy,Wet,day
1582,EXC002,OP008,2024-02-02 22:30:00,8815.4,1168,244.9,61.2,10.4,72,56,4.2,6.1,48.1,88.3,fastened,0,NONE,Rainy,Dry,day
1583,EXC005,OP009,2024-02-02 23:00:00,911.8,1251,307.6134000447349,76.7,14.65,32,57,11.5,13.3,80.9,73.3,fastened,0,NONE,Rainy,Frozen,night
1584,EXC002,OP007,2024-02-02 23:30:00,548.7,1385,267.6,66.2,6.53,79,77,0.4,19.7,103.1,42.2,fastened,0,NONE,Sunny,Muddy,night
1585,EXC002,OP008,2024-02-03 00:00:00,8621.9,1797,307.9,27.8,3.45,33,37,7.9,9.3,54.3,81.3,fastened,0,NONE,Rainy,Frozen,night
1586,EXC001,OP001,2024-02-03 00:30:00,7621.2,777,101.3,95.4,7.41,22,70,16.7,15.3,96.8,78.7,fastened,1,NONE,Rainy,Dry,night
1587,EXC002,OP003,2024-02-03 01:00:00,11101.0,787,132.3,7.2,7.71,79,55,13.7,0.4,72.0,59.9,unfastened,0,NONE,Cloudy,Frozen,day
1588,EXC004,OP005,2024-02-03 01:30:00,8138.1,2111,227.5,57.8,13.03,12,68,6.0,9.9,90.9,63.7,unfastened,0,P0217,Rainy,Dry,night
1589,EXC003,OP002,2024-02-03 02:00:00,2577.5,1642,188.2,26.2,12.52,70,54,9.9,16.8,94.8,68.7,fastened,0,NONE,Cloudy,Frozen,night
1590,EXC005,OP005,2024-02-03 02:30:00,600.3,846,174.9,72.2,5.91,66,19,17.7,18.5,80.9,85.9,fastened,0,NONE,Windy,Muddy,day
1591,EXC005,OP001,2024-02-03 03:00:00,6435.6,2099,264.1,58.4,16.76,19,88,12.9,11.8,63.8,79.5,fastened,0,P0217,Windy,Frozen,day
1592,EXC002,OP004,2024-02-03 03:30:00,6005.9,1806,217.8,23.6,5.32,19,64,10.6,12.5,76.7,70.0,unfastened,0,NONE,Rainy,Frozen,day
1593,EXC004,OP001,2024-02-03 04:00:00,11254.8,2107,215.8,53.1,17.94,29,31,10.1,3.0,85.3,86.7,fastened,1,P0100,Sunny,Frozen,night
1594,EXC003,OP005,2024-02-03 04:30:00,8529.6,1755,111.0,54.4,1.07,77,34,16.1,6.5,98.9,89.8,fastened,1,P0100,Windy,Muddy,day
1595,EXC003,OP005,2024-02-03 05:00:00,10810.6,1508,201.5,44.9,12.29,30,66,3.5,14.7,73.9,43.0,fastened,0,NONE,Rainy,Dry,night
1596,EXC002,OP005,2024-02-03 05:30:00,9103.1,2245,233.8,9.0,11.35,9,97,10.4,16.9,99.9,44.0,unfastened,0,P0217,Windy,Muddy,night
1597,EXC001,OP010,2024-02-03 06:00:00,7961.4,2382,161.6,24.6,10.74,36,38,6.3,1.8,61.1,67.6,fastened,0,NONE,Rainy,Muddy,night
1598,EXC003,OP006,2024-02-03 06:30:00,6801.3,1935,152.6,97.0,14.13,8,103,8.4,21.1,90.7,85.3,fastened,0,NONE,Rainy,Frozen,night
1599,EXC004,OP002,2024-02-03 07:00:00,7002.4,1732,221.1,22.9,10.84,47,97,0.7,21.0,78.8,46.4,fastened,0,NONE,Cloudy,Frozen,day
1600,EXC005,OP007,2024-02-03 07:30:00,6138.7,661,300.6,48.6,11.17,16,12,14.3,4.1,36.2,90.1,fastened,0,P0562,Rainy,Wet,day
1601,EXC003,OP010,2024-02-03 08:00:00,10083.7,2165,125.6,32.9,15.85,25,25,3.3,1.0,70.2,48.0,fastened,0,NONE,Sunny,Wet,day
1602,EXC001,OP003,2024-02-03 08:30:00,2892.1,879,168.0,76.9,3.77,1,91,10.1,7.5,91.1,80.3,fastened,0,NONE,Cloudy,Muddy,day
1603,EXC003,OP001,2024-02-03 09:00:00,10990.8,658,112.8,59.9,9.8,1,70,16.6,21.1,83.8,86.6,fastened,0,NONE,Rainy,Dry,day
1604,EXC002,OP010,2024-02-03 09:30:00,6758.0,1400,171.6,73.0,12.96,67,22,4.6,9.7,75.1,42.6,fastened,0,NONE,Windy,Wet,day
1605,EXC005,OP002,2024-02-03 10:00:00,5305.4,738,252.9,65.5,5.89,83,118,5.9,6.9,93.4,89.2,fastened,0,NONE,Rainy,Muddy,night
1606,EXC004,OP009,2024-02-03 10:30:00,2611.2,767,170.1,52.9,4.34,35,11,7.3,19.7,102.3,88.8,unfastened,0,NONE,Windy,Frozen,day
1607,EXC005,OP005,2024-02-03 11:00:00,3385.2,1434,187.7,96.3,2.76,1,54,9.8,3.0,41.5,48.5,unfastened,0,NONE,Cloudy,Muddy,day
1608,EXC002,OP008,2024-02-03 11:30:00,7051.4,718,305.8,71.8,5.1,60,11,4.1,20.7,50.4,52.1,fastened,0,NONE,Sunny,Muddy,day
1609,EXC003,OP008,2024-02-03 12:00:00,1905.5,829,176.4,70.4,12.16,36,109,13.3,17.8,109.1,89.9,fastened,0,NONE,Sunny,Muddy,night
1610,EXC001,OP009,2024-02-03 12:30:00,139.4,2359,218.7,70.6,11.26,32,61,11.3,8.4,49.3,96.0,fastened,0,P0217,Cloudy,Wet,night
1611,EXC001,OP008,2024-02-03 13:00:00,3184.8,972,305.4,49.3,3.51,71,78,1.7,17.3,96.2,68.1,fastened,0,P0562,Sunny,Frozen,day
1612,EXC002,OP006,2024-02-03 13:30:00,3718.8,969,211.9,66.1,9.1,63,99,9.2,16.6,105.09317137949257,47.3,fastened,0,NONE,Rainy,Wet,night
1613,EXC002,OP003,2024-02-03 14:00:00,11301.6,764,299.1835021595798,62.4,4.24,82,38,6.5,12.8,60.8,56.2,fastened,0,NONE,Sunny,Dry,day
1614,EXC004,OP010,2024-02-03 14:30:00,7023.7,1868,131.5,89.4,16.88,61,44,6.3,17.2,88.2,59.6,fastened,0,NONE,Cloudy,Muddy,day
1615,EXC002,OP002,2024-02-03 15:00:00,4928.6,1240,297.8,98.0,13.17,1,79,17.7,11.0,90.3,76.6,fastened,1,NONE,Windy,Frozen,day
1616,EXC005,OP004,2024-02-03 15:30:00,11797.7,623,294.8,50.9,3.53,65,111,7.3,18.5,51.8,81.9,fastened,0,NONE,Windy,Wet,night
1617,EXC004,OP003,2024-02-03 16:00:00,4472.1,2243,155.2,62.1,5.57,60,30,0.4,17.5,30.9,75.2,fastened,0,NONE,Windy,Wet,day
1618,EXC005,OP005,2024-02-03 16:30:00,11501.9,661,237.1,32.6,15.43,80,56,6.4,19.9,105.38283958249042,91.6,fastened,0,P0217,Windy,Dry,night
1619,EXC002,OP003,2024-02-03 17:00:00,11303.4,1752,136.6,85.3,10.25,56,39,10.8,17.5,85.2,40.6,fastened,1,NONE,Rainy,Frozen,night
1620,EXC003,OP009,2024-02-03 17:30:00,8309.8,777,150.9,72.5,6.73,35,30,9.5,20.3,39.6,62.6,fastened,0,NONE,Sunny,Muddy,day
1621,EXC003,OP005,2024-02-03 18:00:00,6350.3,606,302.5,92.8,10.97,80,31,1.4,3.9,104.54150866304062,56.9,unfastened,0,NONE,Sunny,Dry,night
1622,EXC004,OP009,2024-02-03 18:30:00,9878.8,787,188.4,62.5,7.32,49,60,3.0,6.1,82.8,83.6,fastened,0,NONE,Rainy,Muddy,day
1623,EXC005,OP001,2024-02-03 19:00:00,3954.5,2340,145.9,72.3,16.45,11,22,13.8,10.0,78.1,79.5,fastened,0,NONE,Sunny,Wet,day
1624,EXC003,OP005,2024-02-03 19:30:00,4477.5,1138,297.4390300927809,14.0,15.79,35,78,0.1,5.3,91.1,91.7,fastened,0,NONE,Windy,Dry,night
1625,EXC005,OP006,2024-02-03 20:00:00,2561.9,1844,287.2,62.6,3.31,76,30,4.1,19.7,99.9,58.2,fastened,0,NONE,Cloudy,Muddy,day
1626,EXC003,OP009,2024-02-03 20:30:00,3139.3,2328,283.2,40.8,12.36,39,65,17.7,4.0,83.1,89.6,fastened,0,P0562,Rainy,Wet,night
1627,EXC002,OP008,2024-02-03 21:00:00,1723.8,670,245.6,53.3,15.16,49,35,11.8,10.1,80.8,71.2,fastened,0,P0100,Sunny,Dry,day
1628,EXC001,OP007,2024-02-03 21:30:00,10223.1,1717,279.0,36.0,4.2,4,58,4.4,11.5,71.7,48.9,unfastened,0,P0217,Sunny,Muddy,day
1629,EXC002,OP009,2024-02-03 22:00:00,114.9,2238,271.5,32.3,15.75,59,26,3.5,19.2,75.3,88.1,fastened,0,NONE,Windy,Dry,night
1630,EXC002,OP004,2024-02-03 22:30:00,5151.3,821,312.0,83.0,7.84,27,30,7.5,5.7,107.9,53.5,unfastened,0,NONE,Windy,Dry,night
1631,EXC002,OP010,2024-02-03 23:00:00,4434.2,1353,244.3,58.0,5.89,8,46,11.6,21.3,33.7,84.1,fastened,0,NONE,Rainy,Dry,day
1632,EXC003,OP010,2024-02-03 23:30:00,4713.3,726,231.5,29.1,17.72,85,86,3.1,6.4,73.5,71.1,fastened,0,NONE,Sunny,Frozen,night
1633,EXC002,OP010,2024-02-04 00:00:00,10140.8,793,299.2,77.8,12.54,36,56,13.5,3.6,49.8,69.9,fastened,0,NONE,Cloudy,Wet,night
1634,EXC005,OP006,2024-02-04 00:30:00,9870.6,2347,179.5,12.1,5.58,74,48,0.8,5.6,88.0,71.0,fastened,0,NONE,Cloudy,Muddy,day
1635,EXC002,OP001,2024-02-04 01:00:00,7994.4,1050,208.4,32.8,9.77,63,73,3.5,19.4,89.9,96.6,fastened,0,NONE,Cloudy,Frozen,night
1636,EXC004,OP009,2024-02-04 01:30:00,8300.4,908,289.0,36.9,11.76,79,116,10.6,3.4,51.2,73.9,fastened,0,P0217,Windy,Wet,night
1637,EXC004,OP005,2024-02-04 02:00:00,9662.0,2210,305.27185952561643,21.9,12.96,38,99,12.7,0.7,90.7,42.6,fastened,0,NONE,Cloudy,Wet,night
1638,EXC005,OP009,2024-02-04 02:30:00,4682.0,1086,192.7,85.1,4.16,64,54,12.1,6.4,106.97819471925243,95.4,fastened,0,NONE,Windy,Frozen,day
1639,EXC004,OP001,2024-02-04 03:00:00,5461.4,1100,229.8,69.0,11.29,84,66,4.7,12.0,105.7,56.3,fastened,1,NONE,Rainy,Muddy,day
1640,EXC002,OP001,2024-02-04 03:30:00,3012.3,2115,284.3,68.7,15.33,58,34,6.9,7.8,95.2,67.3,fastened,0,NONE,Rainy,Muddy,day
1641,EXC003,OP004,2024-02-04 04:00:00,2932.8,1964,214.1,61.3,14.56,59,90,0.7,3.5,91.8,87.7,fastened,0,NONE,Windy,Wet,night
1642,EXC001,OP009,2024-02-04 04:30:00,11222.0,1598,189.0,40.9,5.65,80,104,0.0,8.0,41.2,44.9,fastened,0,NONE,Sunny,Frozen,night
1643,EXC002,OP001,2024-02-04 05:00:00,9151.7,2126,114.3,67.6,17.48,31,104,7.5,15.2,108.9,53.5,fastened,0,NONE,Rainy,Wet,day
1644,EXC005,OP002,2024-02-04 05:30:00,5490.6,1008,146.7,74.9,0.72,48,32,9.8,9.6,93.7,90.9,fastened,0,NONE,Cloudy,Frozen,night
1645,EXC001,OP005,2024-02-04 06:00:00,564.0,2034,172.9,56.2,14.13,65,92,14.8,12.6,97.4,46.8,fastened,0,NONE,Sunny,Muddy,night
1646,EXC002,OP009,2024-02-04 06:30:00,8939.3,1796,311.54450790529603,49.7,6.05,82,28,17.3,20.8,106.79052810248359,70.0,fastened,0,NONE,Sunny,Wet,night
1647,EXC001,OP002,2024-02-04 07:00:00,11387.3,1627,270.8,26.2,16.97,71,11,10.8,16.5,98.4,50.8,fastened,1,NONE,Sunny,Muddy,night
1648,EXC003,OP008,2024-02-04 07:30:00,11128.2,1268,136.7,13.0,15.57,37,89,14.7,17.7,78.7,60.5,fastened,0,P0217,Rainy,Wet,day
1649,EXC004,OP005,2024-02-04 08:00:00,8598.5,2378,115.9,8.9,15.92,70,56,2.3,6.3,31.0,85.8,fastened,0,NONE,Rainy,Frozen,day
1650,EXC001,OP008,2024-02-04 08:30:00,7808.1,1646,229.3,72.9,4.91,53,42,14.7,11.3,67.1,95.6,fastened,1,NONE,Windy,Frozen,night
1651,EXC001,OP008,2024-02-04 09:00:00,1538.0,2045,101.8,38.1,14.44,41,65,4.6,7.6,49.9,73.3,fastened,0,NONE,Windy,Dry,day
1652,EXC005,OP010,2024-02-04 09:30:00,1119.4,774,304.8,72.3,6.32,42,55,7.4,10.7,54.9,61.0,fastened,0,NONE,Rainy,Dry,day
1653,EXC002,OP001,2024-02-04 10:00:00,3255.9,888,156.3,53.3,8.33,68,36,0.4,2.5,52.0,44.6,fastened,0,NONE,Cloudy,Dry,night
1654,EXC001,OP007,2024-02-04 10:30:00,6808.5,2308,283.4,47.5,16.33,1,59,8.4,11.4,80.5,63.3,fastened,0,NONE,Rainy,Wet,night
1655,EXC001,OP005,2024-02-04 11:00:00,10967.2,2155,183.5,64.7,13.11,85,13,11.7,11.6,93.0,87.2,fastened,0,NONE,Rainy,Muddy,day
1656,EXC005,OP004,2024-02-04 11:30:00,10466.1,1671,319.7,22.4,11.71,17,96,4.5,12.6,99.6,83.9,fastened,0,NONE,Cloudy,Muddy,night
1657,EXC005,OP008,2024-02-04 12:00:00,3742.1,1425,210.3,98.1,2.76,62,113,14.6,5.2,99.9,60.7,fastened,0,P0217,Windy,Wet,night
1658,EXC001,OP006,2024-02-04 12:30:00,4458.3,607,311.8,36.4,9.92,83,73,16.7,4.9,31.6,49.9,unfastened,0,NONE,Cloudy,Frozen,night
1659,EXC002,OP005,2024-02-04 13:00:00,3793.1,2241,203.2,78.1,2.66,18,78,10.3,8.1,90.3,71.5,fastened,0,NONE,Cloudy,Dry,night
1660,EXC001,OP007,2024-02-04 13:30:00,6409.0,1606,257.1,28.5,1.81,53,91,4.4,11.8,104.4,88.3,fastened,0,NONE,Windy,Muddy,night
1661,EXC003,OP006,2024-02-04 14:00:00,9726.2,657,114.0,49.5,17.07,61,63,12.7,7.4,91.9,72.6,fastened,0,P0562,Cloudy,Wet,night
1662,EXC005,OP004,2024-02-04 14:30:00,9419.1,1251,197.9,52.4,10.87,4,118,5.3,15.5,39.3,71.4,unfastened,0,P0562,Windy,Dry,day
1663,EXC004,OP004,2024-02-04 15:00:00,10647.0,2102,159.6,34.1,0.61,58,41,2.9,12.9,106.6,81.0,fastened,0,NONE,Cloudy,Frozen,day
1664,EXC002,OP003,2024-02-04 15:30:00,6308.5,2229,274.5,38.1,8.71,87,88,5.1,2.5,70.2,47.5,fastened,0,NONE,Rainy,Muddy,night
1665,EXC004,OP003,2024-02-04 16:00:00,7932.0,1746,217.1,46.4,5.52,80,40,7.9,4.9,75.9,75.9,unfastened,0,NONE,Windy,Muddy,night
1666,EXC002,OP005,2024-02-04 16:30:00,11451.5,849,240.8,84.4,3.19,83,40,4.1,13.3,52.6,44.5,fastened,0,NONE,Windy,Muddy,night
1667,EXC005,OP002,2024-02-04 17:00:00,8139.1,888,155.8,52.5,14.83,43,57,6.1,11.7,97.7,49.3,fastened,0,NONE,Sunny,Wet,day
1668,EXC003,OP009,2024-02-04 17:30:00,2088.0,1200,298.02783146339686,13.4,3.19,64,94,7.1,7.5,100.2,43.0,fastened,0,NONE,Rainy,Dry,day
1669,EXC005,OP006,2024-02-04 18:00:00,3989.6,1972,249.7,25.6,3.41,21,54,13.6,3.8,95.3,75.6,fastened,0,NONE,Sunny,Wet,night
1670,EXC002,OP007,2024-02-04 18:30:00,1000.8,1976,197.3,98.7,4.57,25,103,15.4,20.2,46.6,95.9,fastened,0,NONE,Rainy,Wet,day
1671,EXC005,OP006,2024-02-04 19:00:00,1414.9,1948,191.7,13.5,12.97,83,52,14.8,9.9,40.2,48.6,unfastened,0,NONE,Rainy,Muddy,day
1672,EXC002,OP009,2024-02-04 19:30:00,5952.8,1005,314.35958639564075,66.5,3.84,26,57,3.5,4.7,108.1,67.3,fastened,0,NONE,Windy,Wet,night
1673,EXC004,OP009,2024-02-04 20:00:00,8889.0,1161,126.0,25.1,6.12,65,67,14.6,15.9,99.8,91.8,fastened,0,P0562,Windy,Frozen,night
1674,EXC001,OP005,2024-02-04 20:30:00,2348.4,1163,241.6,46.0,16.29,77,82,11.5,5.6,98.5,89.3,fastened,0,P0562,Sunny,Muddy,night
1675,EXC002,OP004,2024-02-04 21:00:00,3908.2,1911,113.3,38.9,10.39,56,57,4.3,5.8,92.4,64.5,fastened,0,P0100,Sunny,Muddy,day
1676,EXC003,OP010,2024-02-04 21:30:00,4105.0,1988,250.7,97.8,3.53,5,63,6.8,18.2,38.5,83.2,unfastened,0,NONE,Windy,Muddy,day
1677,EXC003,OP006,2024-02-04 22:00:00,10097.5,653,223.1,57.4,15.55,85,16,6.2,20.0,71.2,42.5,fastened,0,NONE,Rainy,Wet,night
1678,EXC001,OP008,2024-02-04 22:30:00,2290.0,1882,259.9,28.7,9.46,21,24,7.8,10.3,108.3234988123164,83.9,fastened,0,NONE,Cloudy,Muddy,day
1679,EXC001,OP002,2024-02-04 23:00:00,505.1,1299,265.2,62.3,15.1,89,25,15.2,13.9,63.8,82.1,fastened,0,NONE,Cloudy,Frozen,night
1680,EXC005,OP004,2024-02-04 23:30:00,7523.7,1247,129.0,11.8,1.88,14,90,7.4,7.9,42.9,73.8,fastened,0,NONE,Sunny,Frozen,day
1681,EXC002,OP003,2024-02-05 00:00:00,6369.5,1514,160.4,93.0,3.33,31,50,1.0,13.9,100.38090527400398,46.6,unfastened,0,NONE,Windy,Wet,day
1682,EXC004,OP005,2024-02-05 00:30:00,132.2,1441,155.5,37.7,2.11,64,58,13.3,16.0,83.7,57.2,fastened,0,NONE,Sunny,Muddy,night
1683,EXC001,OP006,2024-02-05 01:00:00,9199.8,2363,233.8,88.9,8.92,4,69,14.2,15.9,97.3,50.0,fastened,0,NONE,Rainy,Dry,night
1684,EXC002,OP010,2024-02-05 01:30:00,5144.0,1594,156.8,81.9,7.28,34,48,10.3,0.9,36.4,43.4,fastened,0,NONE,Rainy,Dry,night
1685,EXC001,OP002,2024-02-05 02:00:00,6619.1,2085,213.5,22.7,7.78,81,23,8.6,2.2,101.4,92.2,fastened,0,NONE,Windy,Wet,night
1686,EXC003,OP010,2024-02-05 02:30:00,8082.7,2282,197.3,96.4,6.91,82,61,13.9,15.6,45.2,50.5,fastened,0,P0562,Rainy,Muddy,night
1687,EXC003,OP009,2024-02-05 03:00:00,711.0,2368,228.8,99.2,7.92,48,47,0.4,11.7,105.5,52.0,fastened,1,NONE,Windy,Dry,night
1688,EXC003,OP005,2024-02-05 03:30:00,2153.3,1790,177.3,81.5,7.17,72,74,10.5,20.8,68.5,80.6,unfastened,0,NONE,Rainy,Dry,day
1689,EXC004,OP003,2024-02-05 04:00:00,5611.4,2304,303.5,47.9,3.29,71,79,17.1,2.3,34.5,58.7,fastened,0,NONE,Rainy,Muddy,day
1690,EXC004,OP009,2024-02-05 04:30:00,2145.6,1666,295.16918438104517,68.9,10.46,88,93,14.3,21.8,93.3,63.5,unfastened,1,NONE,Rainy,Dry,day
1691,EXC002,OP002,2024-02-05 05:00:00,1487.3,797,177.2,12.7,15.71,89,66,5.0,2.9,33.8,43.3,fastened,0,P0100,Windy,Dry,day
1692,EXC003,OP010,2024-02-05 05:30:00,3967.1,2059,301.1,92.5,17.9,26,109,16.5,0.7,80.2,93.8,fastened,1,NONE,Rainy,Muddy,night
1693,EXC001,OP010,2024-02-05 06:00:00,5177.3,764,274.5,26.1,2.55,64,119,3.6,19.8,93.8,97.8,fastened,1,NONE,Windy,Muddy,night
1694,EXC004,OP003,2024-02-05 06:30:00,10213.5,1147,149.7,73.1,7.7,42,85,9.8,11.1,67.0,61.4,fastened,0,NONE,Rainy,Muddy,night
1695,EXC002,OP006,2024-02-05 07:00:00,7179.8,2332,223.8,81.1,4.72,53,112,11.2,6.3,84.5,52.5,unfastened,1,P0100,Rainy,Muddy,day
1696,EXC001,OP006,2024-02-05 07:30:00,11159.8,1399,183.1,97.1,10.42,59,119,0.6,12.6,75.8,80.9,unfastened,0,NONE,Sunny,Frozen,night
1697,EXC005,OP008,2024-02-05 08:00:00,5540.6,1014,276.2,83.3,6.81,72,101,2.3,8.3,35.6,83.9,fastened,0,NONE,Rainy,Frozen,day
1698,EXC003,OP008,2024-02-05 08:30:00,5721.8,1835,296.7,82.7,15.86,87,27,9.8,21.7,85.5,48.9,unfastened,0,P0217,Sunny,Muddy,night
1699,EXC001,OP010,2024-02-05 09:00:00,3806.2,1037,236.9,72.0,16.87,33,83,3.3,17.0,106.2,68.2,unfastened,0,P0100,Rainy,Muddy,day
1700,EXC001,OP001,2024-02-05 09:30:00,1070.6,2282,238.6,59.8,6.19,31,26,7.5,14.4,57.4,51.3,fastened,0,P0100,Sunny,Muddy,night
1701,EXC002,OP009,2024-02-05 10:00:00,2146.9,1560,258.7,9.0,6.74,79,42,12.7,7.1,40.1,53.6,fastened,0,NONE,Cloudy,Wet,day
1702,EXC005,OP009,2024-02-05 10:30:00,905.7,1462,208.9,97.4,9.86,29,96,11.3,0.6,50.5,68.6,fastened,0,NONE,Rainy,Dry,night
1703,EXC001,OP008,2024-02-05 11:00:00,8471.0,809,203.5,47.7,11.62,58,69,15.7,17.5,80.8,63.2,fastened,0,NONE,Cloudy,Muddy,night
1704,EXC003,OP003,2024-02-05 11:30:00,4253.1,888,223.9,80.7,13.67,56,79,16.6,1.1,108.7,67.6,fastened,0,NONE,Cloudy,Frozen,day
1705,EXC002,OP008,2024-02-05 12:00:00,475.1,743,280.0,40.8,2.25,39,53,16.7,2.5,94.9,62.3,fastened,0,NONE,Sunny,Muddy,night
1706,EXC004,OP005,2024-02-05 12:30:00,9051.2,1698,242.4,48.3,1.39,59,104,7.1,13.0,92.5,44.2,fastened,0,NONE,Windy,Wet,day
1707,EXC003,OP003,2024-02-05 13:00:00,3132.6,2385,131.7,48.9,12.37,64,48,2.2,16.7,58.8,44.4,fastened,0,P0217,Sunny,Muddy,night
1708,EXC003,OP004,2024-02-05 13:30:00,10732.9,1752,130.9,99.1,8.88,17,84,12.0,9.0,78.8,55.2,fastened,0,NONE,Cloudy,Wet,day
1709,EXC005,OP005,2024-02-05 14:00:00,9894.7,1605,191.5,25.1,12.27,16,95,16.5,13.0,62.3,70.3,fastened,0,NONE,Windy,Frozen,night
1710,EXC001,OP008,2024-02-05 14:30:00,3714.7,2141,245.0,52.7,5.78,40,11,13.8,21.4,34.7,52.4,fastened,0,NONE,Rainy,Muddy,day
1711,EXC002,OP003,2024-02-05 15:00:00,2905.0,644,186.0,19.7,3.51,77,103,12.5,6.2,69.3,76.3,fastened,0,NONE,Cloudy,Wet,day
1712,EXC001,OP003,2024-02-05 15:30:00,11917.7,861,184.0,51.9,2.45,62,83,14.4,1.0,73.8,84.2,fastened,1,NONE,Cloudy,Frozen,day
1713,EXC002,OP004,2024-02-05 16:00:00,9853.8,2382,297.0,56.9,14.26,42,31,7.4,4.9,97.8,91.7,fastened,0,NONE,Sunny,Dry,day
1714,EXC002,OP005,2024-02-05 16:30:00,11126.8,2219,291.0,18.0,7.55,37,33,9.0,9.8,91.1,94.7,fastened,0,P0562,Cloudy,Wet,day
1715,EXC005,OP010,2024-02-05 17:00:00,302.7,1599,204.6,71.3,1.95,71,17,3.6,17.1,106.63147106871472,61.2,fastened,0,NONE,Rainy,Dry,night
1716,EXC004,OP003,2024-02-05 17:30:00,7220.1,754,258.0,83.7,4.82,12,59,12.1,9.2,69.8,94.7,fastened,0,NONE,Cloudy,Muddy,night
1717,EXC002,OP010,2024-02-05 18:00:00,3273.0,941,199.5,82.5,15.58,54,16,6.3,13.0,93.4,90.8,fastened,0,NONE,Cloudy,Muddy,night
1718,EXC004,OP001,2024-02-05 18:30:00,4559.3,1941,311.56719827384165,74.3,8.93,58,86,4.8,12.4,53.1,58.3,fastened,1,NONE,Rainy,Muddy,night
1719,EXC005,OP006,2024-02-05 19:00:00,1183.8,808,160.4,18.4,15.43,70,18,4.5,10.7,58.8,61.5,fastened,0,NONE,Cloudy,Frozen,night
1720,EXC001,OP009,2024-02-05 19:30:00,9005.6,1660,209.5,64.0,17.04,16,82,9.2,3.5,102.3,49.7,fastened,0,NONE,Cloudy,Dry,night
1721,EXC003,OP004,2024-02-05 20:00:00,6355.2,1963,241.4,71.3,1.67,63,90,9.7,1.5,90.8,90.4,fastened,0,NONE,Windy,Dry,night
1722,EXC003,OP003,2024-02-05 20:30:00,9525.1,1330,197.2,77.1,17.01,2,52,14.9,4.5,105.5,70.7,fastened,0,NONE,Sunny,Wet,night
1723,EXC005,OP007,2024-02-05 21:00:00,1486.2,693,267.1,72.4,6.99,74,48,16.5,5.9,100.3,51.9,fastened,0,NONE,Rainy,Dry,night
1724,EXC002,OP003,2024-02-05 21:30:00,11967.6,2262,158.8,64.7,12.72,44,88,5.6,4.1,91.0,86.9,unfastened,0,NONE,Sunny,Dry,night
1725,EXC004,OP001,2024-02-05 22:00:00,4247.8,2364,102.8,74.1,7.55,0,109,6.0,4.2,106.40894642381501,89.3,fastened,0,P0100,Sunny,Dry,day
1726,EXC003,OP001,2024-02-05 22:30:00,11422.2,1421,301.1,86.0,11.26,3,113,5.1,13.4,71.7,77.1,unfastened,0,NONE,Rainy,Dry,day
1727,EXC002,OP005,2024-02-05 23:00:00,8149.8,967,179.4,59.1,12.22,56,78,5.4,10.0,63.3,62.9,fastened,0,P0217,Sunny,Frozen,day
1728,EXC002,OP006,2024-02-05 23:30:00,1395.1,644,155.5,18.8,2.83,59,35,13.1,5.5,61.2,52.8,fastened,1,NONE,Cloudy,Dry,night
1729,EXC005,OP001,2024-02-06 00:00:00,9405.7,924,204.7,82.5,8.04,85,48,11.3,5.2,92.3,84.4,fastened,0,NONE,Cloudy,Dry,night
1730,EXC005,OP003,2024-02-06 00:30:00,6771.9,1537,154.9,67.8,4.12,53,23,1.4,3.2,61.0,84.7,fastened,1,P0217,Windy,Wet,day
1731,EXC002,OP008,2024-02-06 01:00:00,2345.6,2363,261.3,70.2,2.59,10,13,10.3,15.2,41.8,69.6,fastened,0,NONE,Sunny,Muddy,day
1732,EXC003,OP006,2024-02-06 01:30:00,2328.1,1558,167.5,32.9,10.86,51,24,15.3,10.5,57.9,83.1,fastened,0,NONE,Sunny,Muddy,night
1733,EXC001,OP007,2024-02-06 02:00:00,11442.5,2369,318.2,19.2,12.4,2,94,1.1,14.6,94.6,51.6,fastened,0,NONE,Sunny,Frozen,night
1734,EXC003,OP008,2024-02-06 02:30:00,11982.9,1939,160.8,79.2,5.01,8,60,16.3,8.3,70.6,70.7,fastened,1,NONE,Cloudy,Dry,night
1735,EXC005,OP010,2024-02-06 03:00:00,6955.8,745,179.6,9.7,0.63,19,72,4.6,1.9,31.0,58.9,fastened,0,NONE,Sunny,Frozen,night
1736,EXC004,OP001,2024-02-06 03:30:00,2327.1,1244,318.41105629517534,43.2,17.49,11,42,5.9,18.1,79.8,97.5,fastened,0,NONE,Rainy,Wet,night
1737,EXC003,OP005,2024-02-06 04:00:00,4149.1,1646,100.7,53.3,8.81,87,16,7.2,0.9,44.0,64.6,fastened,0,NONE,Sunny,Frozen,night
1738,EXC004,OP003,2024-02-06 04:30:00,2622.3,733,100.9,6.7,11.91,59,61,2.6,8.1,38.6,51.9,fastened,1,NONE,Rainy,Muddy,night
1739,EXC003,OP007,2024-02-06 05:00:00,7329.1,634,300.26283736219125,61.7,1.82,52,57,1.8,12.9,54.4,51.4,fastened,0,NONE,Sunny,Wet,night
1740,EXC003,OP004,2024-02-06 05:30:00,4863.3,675,118.0,16.4,11.35,75,19,4.3,14.6,91.6,97.7,fastened,1,NONE,Sunny,Dry,night
1741,EXC001,OP002,2024-02-06 06:00:00,4599.0,2208,267.2,27.9,13.85,12,82,0.1,10.6,34.0,98.0,unfastened,0,P0100,Cloudy,Dry,day
1742,EXC001,OP009,2024-02-06 06:30:00,9636.9,1684,291.8,99.4,1.33,10,37,10.4,17.6,46.6,86.4,fastened,0,NONE,Sunny,Wet,day
1743,EXC003,OP006,2024-02-06 07:00:00,11566.5,1541,312.95241651581944,58.2,9.66,56,65,2.4,10.6,46.2,67.9,fastened,0,NONE,Rainy,Dry,day
1744,EXC001,OP002,2024-02-06 07:30:00,2444.6,1580,213.6,97.0,2.99,68,48,1.7,18.4,95.8,78.6,unfastened,0,P0100,Sunny,Muddy,night
1745,EXC001,OP003,2024-02-06 08:00:00,5031.6,1581,234.8,51.8,3.07,54,20,10.1,5.4,50.0,80.7,fastened,0,NONE,Windy,Muddy,day
1746,EXC002,OP008,2024-02-06 08:30:00,6484.7,2124,120.9,81.3,11.26,15,112,10.7,10.4,76.3,47.6,fastened,0,P0217,Windy,Muddy,day
1747,EXC003,OP005,2024-02-06 09:00:00,3025.9,1175,298.1837917477186,8.6,11.34,23,78,11.9,0.7,40.1,48.3,unfastened,0,NONE,Cloudy,Frozen,day
1748,EXC004,OP010,2024-02-06 09:30:00,4882.6,1086,311.1,32.7,10.19,44,42,9.1,12.7,93.3,62.9,fastened,0,NONE,Windy,Wet,day
1749,EXC005,OP001,2024-02-06 10:00:00,764.0,1109,145.7,31.9,9.43,39,35,15.9,8.9,106.6925245216071,61.7,fastened,0,NONE,Windy,Dry,night
1750,EXC004,OP001,2024-02-06 10:30:00,590.5,1624,118.5,11.6,8.72,8,15,2.2,15.0,66.9,67.1,fastened,1,P0217,Windy,Wet,day
1751,EXC005,OP007,2024-02-06 11:00:00,9457.7,1082,161.7,95.4,8.92,38,95,14.2,16.3,56.6,57.6,fastened,0,NONE,Cloudy,Wet,day
1752,EXC002,OP004,2024-02-06 11:30:00,4135.2,2356,220.5,52.9,6.35,21,44,7.4,9.5,82.6,75.8,fastened,0,NONE,Sunny,Frozen,night
1753,EXC004,OP009,2024-02-06 12:00:00,8518.4,888,291.1,61.3,5.0,63,34,16.3,13.4,102.72537179747813,83.8,fastened,0,NONE,Rainy,Muddy,night
1754,EXC001,OP008,2024-02-06 12:30:00,1086.7,1164,178.1,54.4,5.15,79,113,4.2,16.1,30.0,90.5,fastened,1,NONE,Rainy,Frozen,day
1755,EXC001,OP001,2024-02-06 13:00:00,8080.9,1068,175.9,28.6,16.39,11,119,17.1,18.4,72.0,63.7,fastened,0,P0217,Cloudy,Wet,day
1756,EXC004,OP010,2024-02-06 13:30:00,7875.1,1384,175.5,92.8,5.17,67,56,15.6,2.3,108.0,56.9,fastened,0,NONE,Rainy,Wet,night
1757,EXC002,OP010,2024-02-06 14:00:00,9875.3,2147,285.0,68.6,7.05,4,75,3.1,12.1,96.5,48.7,fastened,0,NONE,Cloudy,Frozen,day
1758,EXC003,OP003,2024-02-06 14:30:00,2534.8,2389,203.2,16.7,9.32,16,100,7.8,20.3,109.4,72.5,fastened,0,NONE,Windy,Muddy,night
1759,EXC005,OP007,2024-02-06 15:00:00,6658.3,1558,172.9,48.9,13.5,79,76,4.4,6.2,65.6,42.2,fastened,0,NONE,Windy,Dry,day
1760,EXC004,OP007,2024-02-06 15:30:00,10824.1,859,138.9,5.1,14.1,19,39,2.6,13.8,75.4,89.7,fastened,0,NONE,Sunny,Muddy,night
1761,EXC002,OP001,2024-02-06 16:00:00,2716.6,677,127.6,69.1,13.13,5,93,7.0,6.2,93.8,67.7,fastened,0,P0562,Windy,Dry,night
1762,EXC004,OP008,2024-02-06 16:30:00,1585.9,1632,314.3,54.7,5.8,42,24,9.6,17.7,57.0,75.3,fastened,0,P0217,Sunny,Dry,night
1763,EXC005,OP010,2024-02-06 17:00:00,4202.7,678,207.0,90.9,3.35,66,70,7.2,16.4,39.0,63.2,fastened,0,NONE,Rainy,Dry,day
1764,EXC002,OP005,2024-02-06 17:30:00,11587.6,1266,115.9,95.0,14.8,56,64,6.0,20.9,43.5,40.2,fastened,0,NONE,Sunny,Dry,night
1765,EXC003,OP010,2024-02-06 18:00:00,1972.9,2200,299.4,14.3,15.8,49,75,5.9,15.4,107.0,85.8,fastened,0,NONE,Sunny,Wet,day
1766,EXC004,OP007,2024-02-06 18:30:00,1520.1,683,309.9,13.5,16.48,52,87,2.9,10.8,93.2,67.5,fastened,0,NONE,Rainy,Dry,day
1767,EXC004,OP008,2024-02-06 19:00:00,11973.2,1152,152.2,90.4,15.52,3,16,4.0,11.9,53.1,63.6,fastened,1,NONE,Cloudy,Muddy,day
1768,EXC003,OP006,2024-02-06 19:30:00,4778.6,1969,169.5,53.6,6.82,25,102,9.5,17.1,92.5,84.0,unfastened,0,NONE,Windy,Dry,night
1769,EXC003,OP007,2024-02-06 20:00:00,1876.1,1038,311.3,49.6,3.19,3,43,2.9,16.2,86.4,60.2,fastened,0,NONE,Rainy,Dry,day
1770,EXC003,OP010,2024-02-06 20:30:00,6747.6,957,103.5,59.2,12.23,85,36,14.9,2.6,67.5,77.6,fastened,0,NONE,Sunny,Dry,night
1771,EXC003,OP006,2024-02-06 21:00:00,264.9,1914,171.3,49.3,11.86,8,68,13.3,6.6,31.8,82.1,fastened,0,NONE,Cloudy,Wet,day
1772,EXC002,OP006,2024-02-06 21:30:00,5164.3,2205,194.6,63.4,4.84,75,118,17.8,15.0,88.2,97.0,fastened,0,P0562,Rainy,Dry,day
1773,EXC005,OP002,2024-02-06 22:00:00,531.0,932,269.5,95.2,11.35,78,101,5.7,2.2,53.2,84.6,fastened,1,NONE,Sunny,Muddy,day
1774,EXC004,OP006,2024-02-06 22:30:00,6827.5,1352,180.9,62.6,17.97,58,63,3.3,14.5,51.7,41.4,fastened,0,NONE,Sunny,Wet,night
1775,EXC004,OP009,2024-02-06 23:00:00,7534.8,2354,174.5,35.5,3.45,72,74,1.4,19.0,72.1,76.2,fastened,0,NONE,Sunny,Frozen,day
1776,EXC001,OP007,2024-02-06 23:30:00,142.0,860,260.5,25.3,7.13,81,65,6.3,8.1,51.3,75.7,unfastened,0,P0562,Sunny,Muddy,night
1777,EXC003,OP008,2024-02-07 00:00:00,6201.2,849,286.8,96.8,7.34,80,85,16.6,4.8,87.3,47.2,fastened,0,NONE,Windy,Wet,day
1778,EXC002,OP002,2024-02-07 00:30:00,11345.0,1042,120.5,60.0,4.24,26,104,10.6,18.8,53.4,83.5,fastened,0,NONE,Rainy,Wet,day
1779,EXC001,OP009,2024-02-07 01:00:00,4837.3,1463,131.3,58.8,14.29,68,25,17.3,10.6,94.5,61.7,fastened,0,NONE,Cloudy,Dry,day
1780,EXC002,OP006,2024-02-07 01:30:00,11458.6,2099,245.1,8.2,12.88,26,54,16.5,18.3,65.0,76.2,fastened,0,P0562,Cloudy,Muddy,night
1781,EXC001,OP005,2024-02-07 02:00:00,11565.3,1383,169.2,92.2,4.3,11,72,6.8,1.7,71.3,55.6,fastened,1,NONE,Rainy,Muddy,night
1782,EXC004,OP001,2024-02-07 02:30:00,2959.0,1272,247.1,49.6,15.51,27,93,7.9,4.7,32.8,50.3,fastened,0,P0562,Rainy,Wet,day
1783,EXC003,OP009,2024-02-07 03:00:00,6970.8,2128,138.3,100.0,7.95,84,20,5.4,0.0,31.6,63.0,fastened,0,NONE,Cloudy,Wet,day
1784,EXC004,OP007,2024-02-07 03:30:00,9980.7,1061,276.9,20.9,10.14,14,72,13.4,9.9,46.9,52.0,fastened,1,NONE,Cloudy,Muddy,night
1785,EXC005,OP004,2024-02-07 04:00:00,8539.0,1259,170.7,36.0,12.49,52,95,10.2,19.4,57.8,97.2,fastened,0,NONE,Cloudy,Muddy,day
1786,EXC002,OP006,2024-02-07 04:30:00,9145.5,1048,173.7,25.0,15.8,12,24,1.1,14.2,44.1,82.2,fastened,0,NONE,Sunny,Wet,night
1787,EXC001,OP010,2024-02-07 05:00:00,3205.1,784,139.4,41.0,4.47,68,28,16.5,0.4,70.2,42.2,fastened,0,P0217,Sunny,Frozen,night
1788,EXC001,OP009,2024-02-07 05:30:00,11026.7,1649,146.5,97.8,10.87,81,13,14.1,0.5,78.1,62.3,fastened,0,NONE,Rainy,Wet,night
1789,EXC001,OP003,2024-02-07 06:00:00,2904.2,2343,231.6,44.4,12.25,85,103,16.8,15.8,94.3,92.9,fastened,0,NONE,Windy,Wet,night
1790,EXC001,OP008,2024-02-07 06:30:00,7773.2,1062,228.0,83.6,16.01,77,112,4.5,2.0,71.1,74.6,fastened,0,NONE,Rainy,Frozen,night
1791,EXC003,OP001,2024-02-07 07:00:00,10628.1,729,281.4,76.8,14.02,75,61,13.6,4.8,59.4,68.1,fastened,0,NONE,Windy,Muddy,day
1792,EXC004,OP005,2024-02-07 07:30:00,4378.0,2283,238.7,33.3,16.5,49,105,11.4,15.4,103.9,71.1,fastened,0,P0100,Windy,Wet,night
1793,EXC002,OP006,2024-02-07 08:00:00,6670.4,791,194.1,60.1,1.82,3,75,2.2,5.5,64.9,57.6,fastened,0,NONE,Rainy,Muddy,day
1794,EXC003,OP007,2024-02-07 08:30:00,8317.1,688,276.8,85.9,7.95,59,118,4.7,10.8,52.5,62.5,fastened,0,NONE,Rainy,Wet,night
1795,EXC002,OP001,2024-02-07 09:00:00,11149.0,1926,103.7,63.1,5.86,40,21,3.5,8.7,36.1,51.4,fastened,0,NONE,Cloudy,Dry,night
1796,EXC004,OP004,2024-02-07 09:30:00,5431.6,880,254.4,30.2,9.2,21,84,2.8,7.6,44.8,81.2,fastened,1,NONE,Sunny,Dry,day
1797,EXC004,OP003,2024-02-07 10:00:00,7278.1,2392,219.5,87.0,14.69,63,89,11.7,5.6,85.3,53.7,fastened,0,NONE,Cloudy,Frozen,night
1798,EXC004,OP004,2024-02-07 10:30:00,1787.3,1372,148.6,57.8,9.12,2,81,15.6,9.0,45.9,64.6,fastened,0,NONE,Windy,Frozen,night
1799,EXC003,OP007,2024-02-07 11:00:00,876.2,1806,240.2,98.1,1.12,13,64,17.8,4.0,59.2,93.8,fastened,0,NONE,Rainy,Frozen,night
1800,EXC005,OP001,2024-02-07 11:30:00,355.1,974,317.1,67.3,12.24,39,32,3.9,21.0,32.2,63.5,fastened,0,P0100,Rainy,Wet,day
1801,EXC001,OP008,2024-02-07 12:00:00,5771.3,981,176.2,47.6,0.68,16,28,12.1,7.0,60.2,59.6,fastened,0,NONE,Rainy,Wet,day
1802,EXC003,OP002,2024-02-07 12:30:00,6594.1,2001,240.5,46.4,2.21,60,80,1.4,16.0,81.8,64.5,fastened,0,NONE,Sunny,Muddy,night
1803,EXC001,OP006,2024-02-07 13:00:00,1127.7,2323,196.7,88.6,13.24,71,73,4.3,6.4,47.5,54.4,fastened,0,NONE,Sunny,Wet,night
1804,EXC005,OP009,2024-02-07 13:30:00,2255.1,2249,186.3,98.2,15.04,61,63,15.3,5.8,30.3,82.5,unfastened,0,NONE,Windy,Muddy,day
1805,EXC001,OP009,2024-02-07 14:00:00,3269.0,2258,167.6,44.0,6.07,11,14,16.9,10.6,96.7,79.4,fastened,0,NONE,Windy,Wet,night
1806,EXC003,OP010,2024-02-07 14:30:00,10706.2,1680,150.4,20.5,10.46,54,51,17.5,16.1,87.7,54.7,fastened,0,NONE,Windy,Frozen,day
1807,EXC001,OP005,2024-02-07 15:00:00,1281.2,2005,151.8,8.8,10.08,84,105,8.4,0.1,109.4,64.4,fastened,0,NONE,Sunny,Frozen,night
1808,EXC004,OP005,2024-02-07 15:30:00,5927.3,771,270.3,35.6,1.47,61,85,13.2,3.8,40.8,70.8,fastened,0,NONE,Windy,Frozen,day
1809,EXC003,OP010,2024-02-07 16:00:00,9489.9,1647,171.2,37.5,10.03,14,93,6.6,17.0,84.2,90.3,fastened,0,NONE,Cloudy,Frozen,night
1810,EXC003,OP002,2024-02-07 16:30:00,10455.1,2041,216.5,45.5,0.69,18,19,12.6,7.8,50.6,59.5,fastened,0,NONE,Cloudy,Dry,day
1811,EXC005,OP010,2024-02-07 17:00:00,8348.3,647,147.0,18.8,14.85,15,59,2.7,18.8,70.2,73.5,fastened,0,P0217,Cloudy,Frozen,night
1812,EXC005,OP001,2024-02-07 17:30:00,3260.1,885,146.7,51.8,13.59,23,65,2.2,2.9,89.7,94.5,fastened,0,NONE,Windy,Dry,night
1813,EXC003,OP001,2024-02-07 18:00:00,1544.9,1453,229.2,94.6,5.46,81,95,17.7,17.9,43.5,55.1,fastened,0,NONE,Rainy,Muddy,day
1814,EXC002,OP001,2024-02-07 18:30:00,1979.0,740,228.2,27.1,5.09,7,93,5.6,13.7,67.2,82.2,fastened,0,NONE,Rainy,Frozen,day
1815,EXC002,OP003,2024-02-07 19:00:00,9266.3,1431,211.2,70.1,3.83,50,20,16.1,3.7,51.5,78.0,fastened,0,NONE,Sunny,Frozen,day
1816,EXC004,OP009,2024-02-07 19:30:00,3628.7,1732,252.5,8.6,17.17,84,101,0.4,0.3,42.4,48.7,unfastened,0,NONE,Cloudy,Wet,night
1817,EXC005,OP003,2024-02-07 20:00:00,4120.7,679,240.1,66.2,15.3,87,14,15.0,19.4,87.8,97.1,fastened,0,NONE,Sunny,Muddy,day
1818,EXC003,OP005,2024-02-07 20:30:00,2188.7,2368,144.0,94.1,15.16,40,63,16.9,6.4,50.7,85.4,fastened,0,NONE,Sunny,Frozen,day
1819,EXC003,OP009,2024-02-07 21:00:00,5272.3,2170,112.2,31.8,8.66,48,37,0.3,5.3,72.4,64.9,fastened,0,NONE,Rainy,Dry,night
1820,EXC005,OP009,2024-02-07 21:30:00,4081.0,2097,159.3,82.5,14.7,36,48,7.0,4.0,85.4,72.5,unfastened,0,NONE,Cloudy,Wet,day
1821,EXC001,OP005,2024-02-07 22:00:00,4348.5,1882,194.9,12.8,10.85,60,56,14.5,7.8,65.4,60.9,fastened,0,NONE,Windy,Dry,night
1822,EXC001,OP004,2024-02-07 22:30:00,502.1,2201,145.8,39.0,5.74,88,72,0.1,11.5,40.7,55.2,fastened,0,NONE,Sunny,Wet,day
1823,EXC001,OP005,2024-02-07 23:00:00,5604.6,1790,206.1,5.6,8.03,52,13,5.5,10.5,31.0,92.0,unfastened,0,NONE,Windy,Frozen,day
1824,EXC003,OP006,2024-02-07 23:30:00,1431.5,799,108.1,38.7,7.66,38,24,4.6,18.7,60.6,73.9,fastened,0,NONE,Cloudy,Dry,night
1825,EXC005,OP004,2024-02-08 00:00:00,6474.6,2287,205.0,34.4,6.66,81,85,2.4,4.3,109.2,61.4,fastened,1,NONE,Rainy,Muddy,night
1826,EXC002,OP007,2024-02-08 00:30:00,8063.3,761,177.3,70.8,4.74,70,20,1.6,16.4,107.8,89.4,fastened,0,NONE,Windy,Frozen,day
1827,EXC004,OP009,2024-02-08 01:00:00,6598.7,1121,311.0,33.0,7.47,5,36,4.5,20.0,65.9,65.7,fastened,0,NONE,Sunny,Frozen,day
1828,EXC005,OP001,2024-02-08 01:30:00,1843.0,1829,292.9,83.2,10.99,18,100,3.6,0.8,63.3,50.7,fastened,0,NONE,Cloudy,Dry,night
1829,EXC005,OP009,2024-02-08 02:00:00,7436.3,1344,309.2,32.7,3.93,58,33,17.5,16.5,81.7,48.8,fastened,0,NONE,Cloudy,Frozen,night
1830,EXC004,OP007,2024-02-08 02:30:00,5012.3,2280,244.9,26.2,2.98,39,23,0.4,6.0,96.6,94.6,fastened,0,NONE,Windy,Muddy,day
1831,EXC002,OP001,2024-02-08 03:00:00,4376.8,1563,313.8,52.0,12.58,80,62,2.3,9.8,76.3,62.2,fastened,1,NONE,Windy,Frozen,night
1832,EXC004,OP008,2024-02-08 03:30:00,1870.4,1876,141.7,67.4,9.71,61,55,14.5,1.3,87.9,62.9,fastened,0,NONE,Sunny,Muddy,day
1833,EXC003,OP005,2024-02-08 04:00:00,11932.5,940,217.1,89.4,6.66,51,23,13.7,6.5,31.9,71.2,unfastened,0,NONE,Windy,Frozen,night
1834,EXC003,OP001,2024-02-08 04:30:00,4772.8,786,263.5,82.3,16.39,82,55,8.4,2.5,100.3,73.4,fastened,1,P0562,Cloudy,Wet,night
1835,EXC004,OP001,2024-02-08 05:00:00,5530.8,2220,206.1,54.8,8.57,66,103,6.9,5.1,73.1,65.1,fastened,0,NONE,Rainy,Dry,day
1836,EXC004,OP001,2024-02-08 05:30:00,1223.2,1696,147.0,97.9,6.31,17,118,6.2,0.7,69.4,94.3,fastened,0,NONE,Rainy,Wet,day
1837,EXC005,OP005,2024-02-08 06:00:00,8138.1,1795,243.8,33.2,4.28,63,17,17.5,20.7,47.3,59.2,fastened,0,NONE,Rainy,Muddy,day
1838,EXC003,OP006,2024-02-08 06:30:00,3463.6,1326,309.59815506419056,99.9,6.16,62,87,15.6,19.7,40.9,46.6,fastened,0,NONE,Windy,Dry,night
1839,EXC004,OP003,2024-02-08 07:00:00,8908.0,1735,215.1,41.6,5.29,84,85,4.7,14.3,59.5,97.7,fastened,0,P0562,Sunny,Dry,night
1840,EXC002,OP010,2024-02-08 07:30:00,898.8,2388,154.6,29.9,15.67,80,94,8.3,7.2,103.6,52.7,fastened,0,NONE,Sunny,Dry,day
1841,EXC003,OP001,2024-02-08 08:00:00,3632.4,1745,108.9,41.4,16.11,14,94,13.4,20.8,74.7,94.8,fastened,0,NONE,Rainy,Frozen,day
1842,EXC005,OP010,2024-02-08 08:30:00,8973.3,1739,122.9,60.7,7.72,72,83,14.8,21.4,63.0,89.1,fastened,0,NONE,Windy,Frozen,night
1843,EXC004,OP002,2024-02-08 09:00:00,4812.5,997,271.0,50.0,5.07,86,105,2.2,17.5,106.99625008906568,85.1,fastened,0,NONE,Sunny,Frozen,day
1844,EXC003,OP002,2024-02-08 09:30:00,508.0,2219,206.8,9.8,2.78,25,39,17.2,15.0,35.0,47.7,fastened,0,NONE,Windy,Wet,day
1845,EXC003,OP005,2024-02-08 10:00:00,9495.6,698,145.9,38.8,13.03,61,24,14.7,7.2,78.5,42.0,fastened,0,P0100,Sunny,Muddy,day
1846,EXC002,OP008,2024-02-08 10:30:00,11590.6,1967,289.2,51.7,15.88,3,49,9.1,19.4,106.7,49.9,fastened,0,NONE,Sunny,Dry,night
1847,EXC002,OP007,2024-02-08 11:00:00,4580.5,636,195.9,68.0,7.69,63,31,9.0,11.0,65.8,63.3,fastened,0,NONE,Windy,Muddy,day
1848,EXC004,OP008,2024-02-08 11:30:00,7497.0,640,291.0415614111554,95.5,15.81,35,30,9.1,13.9,49.0,85.9,fastened,1,NONE,Sunny,Wet,day
1849,EXC001,OP005,2024-02-08 12:00:00,4534.5,2047,305.32404809230314,95.8,4.83,57,14,14.7,3.8,60.1,62.8,fastened,0,NONE,Windy,Wet,night
1850,EXC001,OP009,2024-02-08 12:30:00,6704.3,864,257.9,53.8,11.15,80,69,9.8,0.5,70.8,41.8,fastened,0,NONE,Sunny,Muddy,night
1851,EXC003,OP008,2024-02-08 13:00:00,8888.9,2359,314.0,59.1,1.92,51,100,14.6,21.7,90.3,44.2,fastened,0,NONE,Sunny,Wet,day
1852,EXC004,OP001,2024-02-08 13:30:00,7631.7,759,297.3,71.3,10.35,70,18,15.5,13.7,66.3,66.7,fastened,0,NONE,Sunny,Muddy,day
1853,EXC005,OP006,2024-02-08 14:00:00,3845.1,917,127.6,84.4,11.68,85,82,12.6,15.1,105.82438248769297,41.7,fastened,0,P0100,Windy,Frozen,day
1854,EXC003,OP010,2024-02-08 14:30:00,2422.7,1832,175.6,75.8,11.78,25,109,0.8,1.1,81.3,83.8,fastened,0,NONE,Sunny,Dry,night
1855,EXC001,OP008,2024-02-08 15:00:00,6577.6,1834,309.9,73.4,14.13,45,62,8.1,9.3,39.6,54.2,fastened,0,NONE,Rainy,Frozen,day
1856,EXC004,OP009,2024-02-08 15:30:00,7948.0,1741,244.2,47.5,2.16,15,31,4.6,6.3,39.1,68.3,fastened,0,NONE,Rainy,Wet,night
1857,EXC002,OP008,2024-02-08 16:00:00,6936.5,1982,197.6,87.6,5.37,78,83,0.8,18.4,74.1,86.0,fastened,0,NONE,Rainy,Muddy,night
1858,EXC001,OP007,2024-02-08 16:30:00,1624.9,820,289.7,67.9,12.63,76,33,11.7,10.7,94.2,72.0,fastened,1,NONE,Cloudy,Muddy,day
1859,EXC004,OP004,2024-02-08 17:00:00,4325.1,1166,240.6,20.1,10.86,34,24,9.2,8.5,72.7,91.2,fastened,0,NONE,Windy,Frozen,night
1860,EXC004,OP001,2024-02-08 17:30:00,8961.3,1374,181.5,61.8,17.12,38,63,1.1,3.3,94.3,89.1,fastened,0,NONE,Rainy,Frozen,night
1861,EXC001,OP004,2024-02-08 18:00:00,1846.3,1733,159.7,34.5,14.22,41,11,11.2,8.4,36.4,50.0,fastened,0,P0100,Rainy,Dry,night
1862,EXC004,OP003,2024-02-08 18:30:00,10612.2,2021,287.2,24.3,8.74,85,45,3.4,8.0,56.3,41.3,fastened,1,NONE,Rainy,Muddy,day
1863,EXC003,OP008,2024-02-08 19:00:00,5651.7,1377,286.3,66.6,9.84,54,96,16.9,17.3,33.8,90.1,fastened,0,P0100,Cloudy,Frozen,day
1864,EXC004,OP004,2024-02-08 19:30:00,9514.8,772,302.0,66.0,12.04,8,28,12.5,18.6,58.5,78.0,unfastened,0,NONE,Cloudy,Dry,day
1865,EXC004,OP004,2024-02-08 20:00:00,4155.6,1322,272.6,95.7,0.68,67,66,0.1,8.3,75.5,93.3,fastened,0,P0100,Windy,Muddy,day
1866,EXC003,OP009,2024-02-08 20:30:00,4374.7,1671,140.6,97.7,6.87,40,118,15.7,9.0,104.0,44.8,unfastened,0,NONE,Windy,Frozen,night
1867,EXC002,OP002,2024-02-08 21:00:00,11607.6,1992,185.5,43.8,2.63,6,34,1.2,21.5,66.8,97.2,fastened,1,NONE,Sunny,Wet,day
1868,EXC004,OP008,2024-02-08 21:30:00,6851.5,2055,172.2,22.0,4.69,42,40,0.2,8.3,60.0,97.1,unfastened,0,NONE,Rainy,Wet,night
1869,EXC001,OP004,2024-02-08 22:00:00,1312.7,2021,156.7,18.3,15.02,5,87,7.1,13.8,84.4,55.6,fastened,1,NONE,Rainy,Wet,day
1870,EXC003,OP010,2024-02-08 22:30:00,11496.2,1090,274.8,97.6,10.1,23,91,2.8,3.0,103.95005417721573,43.4,unfastened,0,NONE,Cloudy,Muddy,day
1871,EXC004,OP010,2024-02-08 23:00:00,4560.7,641,127.4,42.6,15.56,66,63,14.7,9.4,43.7,61.6,fastened,0,NONE,Sunny,Dry,night
1872,EXC002,OP005,2024-02-08 23:30:00,8551.7,964,205.4,37.6,16.05,44,89,17.0,5.3,86.0,65.2,unfastened,0,NONE,Sunny,Dry,night
1873,EXC001,OP008,2024-02-09 00:00:00,1629.9,815,290.4,64.0,14.6,39,79,14.1,5.3,73.2,55.6,fastened,0,NONE,Sunny,Dry,night
1874,EXC001,OP010,2024-02-09 00:30:00,10278.3,1812,273.6,10.4,13.84,31,36,6.6,5.1,70.7,43.1,fastened,0,NONE,Rainy,Frozen,day
1875,EXC003,OP007,2024-02-09 01:00:00,11513.0,1087,158.8,66.4,3.41,79,100,5.3,10.4,108.5,90.3,fastened,1,NONE,Cloudy,Frozen,day
1876,EXC003,OP009,2024-02-09 01:30:00,4655.9,916,107.8,88.2,5.21,22,40,6.2,6.5,105.61556901809966,52.3,fastened,0,NONE,Rainy,Wet,night
1877,EXC004,OP007,2024-02-09 02:00:00,1822.1,1570,191.1,73.8,12.82,84,84,1.6,18.0,95.2,90.6,fastened,1,NONE,Windy,Muddy,night
1878,EXC005,OP001,2024-02-09 02:30:00,6736.0,1478,230.6,44.7,5.77,32,68,16.3,9.9,95.7,55.0,fastened,0,P0100,Rainy,Muddy,night
1879,EXC005,OP007,2024-02-09 03:00:00,2025.3,1866,288.0,16.0,7.07,35,68,4.4,1.2,81.8,89.3,fastened,0,NONE,Cloudy,Dry,night
1880,EXC002,OP003,2024-02-09 03:30:00,5361.5,2261,216.2,27.9,16.89,57,104,4.5,9.7,32.1,56.4,fastened,0,NONE,Windy,Wet,day
1881,EXC001,OP006,2024-02-09 04:00:00,7509.6,751,158.5,30.2,12.85,68,109,12.9,2.2,59.5,45.8,unfastened,0,NONE,Windy,Wet,day
1882,EXC004,OP008,2024-02-09 04:30:00,1757.7,709,252.0,41.6,2.37,42,91,11.1,3.2,91.3,87.7,unfastened,0,NONE,Windy,Wet,night
1883,EXC001,OP002,2024-02-09 05:00:00,11381.4,2070,188.4,17.7,13.12,57,75,17.3,3.0,44.4,56.1,unfastened,0,P0217,Rainy,Muddy,night
1884,EXC004,OP007,2024-02-09 05:30:00,8496.5,2236,281.6,59.7,14.39,36,43,17.7,17.4,106.6,57.9,fastened,0,NONE,Rainy,Dry,day
1885,EXC002,OP006,2024-02-09 06:00:00,4399.2,2396,105.2,39.8,16.48,69,89,7.5,9.5,30.6,63.7,unfastened,0,NONE,Cloudy,Dry,day
1886,EXC002,OP003,2024-02-09 06:30:00,5046.7,942,192.2,52.2,12.49,76,14,16.6,0.0,74.7,75.1,fastened,0,NONE,Cloudy,Frozen,night
1887,EXC001,OP008,2024-02-09 07:00:00,10192.6,1138,192.9,32.1,2.17,77,21,17.2,11.3,36.8,76.9,fastened,0,NONE,Windy,Dry,day
1888,EXC001,OP008,2024-02-09 07:30:00,5764.5,1468,229.3,48.1,13.89,58,76,15.4,4.4,90.8,44.4,fastened,0,P0100,Windy,Wet,day
1889,EXC001,OP001,2024-02-09 08:00:00,11846.3,621,178.9,72.7,11.99,25,40,16.8,15.8,79.3,95.3,fastened,0,NONE,Windy,Muddy,day
1890,EXC003,OP004,2024-02-09 08:30:00,839.9,838,188.5,13.4,8.48,57,62,10.8,20.7,62.4,43.0,fastened,0,P0217,Cloudy,Wet,day
1891,EXC002,OP001,2024-02-09 09:00:00,3328.9,662,261.7,53.5,13.81,56,113,2.1,3.7,104.92991810830866,88.5,fastened,0,NONE,Windy,Wet,night
1892,EXC002,OP007,2024-02-09 09:30:00,6269.5,1877,137.7,63.7,9.69,20,47,15.5,6.1,66.1,81.5,fastened,0,P0562,Sunny,Dry,day
1893,EXC001,OP009,2024-02-09 10:00:00,1716.6,1400,152.4,68.4,16.82,76,56,5.5,15.7,58.0,56.8,fastened,0,NONE,Windy,Wet,night
1894,EXC001,OP010,2024-02-09 10:30:00,4339.1,2395,122.5,92.7,16.8,67,81,16.7,13.9,45.0,74.6,fastened,0,P0100,Windy,Dry,day
1895,EXC004,OP004,2024-02-09 11:00:00,6287.7,835,299.9151368454376,79.2,4.45,63,91,9.3,18.2,44.7,71.9,fastened,0,NONE,Rainy,Dry,night
1896,EXC005,OP003,2024-02-09 11:30:00,3205.8,2278,211.2,75.2,8.21,3,114,8.8,14.3,97.8,78.7,fastened,0,P0217,Sunny,Wet,day
1897,EXC004,OP004,2024-02-09 12:00:00,2058.8,1151,141.6,87.5,3.97,64,44,15.0,4.2,56.3,82.8,fastened,0,NONE,Windy,Muddy,day
1898,EXC005,OP001,2024-02-09 12:30:00,3293.3,2264,116.2,91.9,6.29,19,109,7.0,18.4,38.0,69.9,fastened,1,NONE,Sunny,Dry,night
1899,EXC004,OP004,2024-02-09 13:00:00,1082.6,938,319.2,84.7,4.4,67,34,1.9,3.5,42.7,81.5,fastened,0,NONE,Sunny,Dry,night
1900,EXC001,OP007,2024-02-09 13:30:00,2431.6,2325,200.1,63.3,9.46,72,83,14.1,1.8,82.9,51.5,fastened,0,NONE,Sunny,Muddy,night
1901,EXC004,OP001,2024-02-09 14:00:00,826.1,2183,282.9,85.1,0.51,64,18,5.2,20.7,59.6,80.2,fastened,0,NONE,Cloudy,Muddy,night
1902,EXC002,OP008,2024-02-09 14:30:00,11435.1,2337,262.5,36.0,14.35,80,115,15.2,12.8,34.5,64.8,fastened,0,P0217,Sunny,Dry,day
1903,EXC004,OP009,2024-02-09 15:00:00,2016.1,765,308.2519854063402,95.4,3.28,60,96,16.5,7.3,34.4,94.6,fastened,0,NONE,Rainy,Dry,day
1904,EXC004,OP004,2024-02-09 15:30:00,115.1,1809,212.7,21.5,5.3,2,53,7.1,5.6,34.8,89.6,fastened,1,NONE,Cloudy,Muddy,day
1905,EXC005,OP008,2024-02-09 16:00:00,11492.9,2059,224.9,26.8,3.56,60,109,12.1,1.9,89.0,40.1,fastened,0,P0100,Windy,Frozen,night
1906,EXC005,OP005,2024-02-09 16:30:00,9127.1,1827,134.7,20.1,6.69,40,21,0.3,12.3,98.0,84.1,fastened,0,NONE,Rainy,Muddy,day
1907,EXC004,OP010,2024-02-09 17:00:00,3277.6,2113,124.6,78.8,1.85,62,50,14.3,19.1,97.6,74.9,fastened,0,NONE,Rainy,Dry,night
1908,EXC005,OP006,2024-02-09 17:30:00,10559.1,2298,157.9,46.3,15.53,10,59,8.3,15.0,73.6,81.4,fastened,0,NONE,Sunny,Wet,night
1909,EXC003,OP006,2024-02-09 18:00:00,10472.3,2185,157.5,75.1,7.76,78,82,4.8,16.8,61.4,55.0,unfastened,1,NONE,Rainy,Frozen,night
1910,EXC005,OP009,2024-02-09 18:30:00,8917.8,1909,161.1,53.5,16.67,20,82,15.8,13.2,55.4,86.3,fastened,1,P0217,Windy,Dry,night
1911,EXC001,OP003,2024-02-09 19:00:00,7147.5,949,155.5,43.3,1.32,11,15,7.4,0.2,89.6,48.2,fastened,0,NONE,Rainy,Dry,night
1912,EXC003,OP007,2024-02-09 19:30:00,7058.1,865,302.7037923450701,90.2,3.52,72,98,14.8,9.8,94.6,92.1,fastened,0,NONE,Cloudy,Frozen,night
1913,EXC004,OP009,2024-02-09 20:00:00,11629.9,2338,164.8,46.1,15.13,73,25,7.6,0.8,105.1,65.2,fastened,0,NONE,Rainy,Muddy,day
1914,EXC005,OP003,2024-02-09 20:30:00,5635.3,1112,269.8,63.7,8.62,8,113,17.1,1.8,108.8,46.2,fastened,1,NONE,Cloudy,Frozen,day
1915,EXC005,OP009,2024-02-09 21:00:00,9721.9,1763,111.5,86.6,1.54,45,54,12.1,3.9,86.4,80.6,fastened,1,NONE,Sunny,Wet,day
1916,EXC002,OP003,2024-02-09 21:30:00,1438.6,903,236.7,25.2,1.32,74,66,12.0,19.6,45.4,62.4,fastened,1,NONE,Rainy,Muddy,night
1917,EXC004,OP007,2024-02-09 22:00:00,8439.9,2100,269.9,43.3,16.16,46,53,2.2,4.7,107.0,54.8,fastened,0,NONE,Cloudy,Wet,day
1918,EXC001,OP004,2024-02-09 22:30:00,11875.8,1752,196.2,18.8,5.08,7,51,13.5,9.9,39.8,78.8,fastened,0,NONE,Sunny,Muddy,day
1919,EXC001,OP007,2024-02-09 23:00:00,218.7,1759,170.3,56.6,7.69,18,59,9.4,19.3,52.3,59.3,fastened,0,P0100,Windy,Muddy,day
1920,EXC004,OP002,2024-02-09 23:30:00,3169.0,1054,166.7,80.0,16.2,52,40,12.9,14.9,100.25599690056562,52.6,fastened,0,P0217,Cloudy,Dry,night
1921,EXC002,OP009,2024-02-10 00:00:00,9440.9,872,172.1,10.2,12.18,58,109,15.6,2.9,71.2,75.0,fastened,0,NONE,Windy,Frozen,day
1922,EXC003,OP002,2024-02-10 00:30:00,8832.4,1373,294.87621051801545,10.7,13.98,14,76,12.7,10.2,49.5,60.3,fastened,0,NONE,Rainy,Wet,night
1923,EXC002,OP004,2024-02-10 01:00:00,8836.9,1229,227.8,75.4,8.75,35,59,9.0,17.0,71.9,43.1,unfastened,0,NONE,Rainy,Wet,day
1924,EXC004,OP009,2024-02-10 01:30:00,11791.3,2140,237.2,72.4,12.67,9,86,15.3,9.8,91.6,53.2,fastened,0,P0217,Cloudy,Dry,day
1925,EXC001,OP001,2024-02-10 02:00:00,1240.7,2372,185.7,43.2,10.73,51,16,13.3,4.8,51.9,66.1,fastened,0,P0217,Windy,Wet,day
1926,EXC004,OP009,2024-02-10 02:30:00,8133.6,1735,310.3,39.3,3.48,41,79,13.8,14.2,70.1,73.3,fastened,0,NONE,Sunny,Dry,night
1927,EXC004,OP005,2024-02-10 03:00:00,7730.1,2035,300.5,31.8,10.52,58,28,16.4,9.0,53.0,68.2,fastened,0,P0562,Sunny,Frozen,night
1928,EXC005,OP003,2024-02-10 03:30:00,2548.6,2298,165.5,10.9,16.7,31,31,2.5,11.3,61.8,93.3,fastened,1,NONE,Cloudy,Wet,night
1929,EXC002,OP009,2024-02-10 04:00:00,2633.8,1922,261.1,53.8,6.54,88,82,9.0,2.7,47.0,59.8,fastened,1,P0100,Sunny,Dry,night
1930,EXC002,OP009,2024-02-10 04:30:00,7837.5,1238,125.6,63.5,9.14,4,59,2.2,19.9,100.3589155148733,90.3,fastened,1,P0217,Sunny,Wet,day
1931,EXC003,OP009,2024-02-10 05:00:00,7888.8,693,266.7,87.2,7.78,88,29,13.5,20.3,55.1,67.8,fastened,1,NONE,Sunny,Muddy,night
1932,EXC002,OP006,2024-02-10 05:30:00,7240.8,1105,261.9,56.5,12.55,5,18,7.8,6.7,70.5,79.5,fastened,0,NONE,Windy,Muddy,day
1933,EXC004,OP002,2024-02-10 06:00:00,5596.5,1165,178.5,19.4,11.47,77,77,13.0,6.4,94.4,71.3,fastened,0,NONE,Sunny,Muddy,night
1934,EXC004,OP008,2024-02-10 06:30:00,8277.7,796,185.1,34.3,8.85,70,67,2.2,3.8,108.68729928293969,46.3,fastened,0,NONE,Sunny,Frozen,day
1935,EXC004,OP008,2024-02-10 07:00:00,3930.5,1816,228.9,79.6,1.33,2,36,11.2,12.9,82.9,64.5,fastened,0,P0562,Windy,Frozen,day
1936,EXC003,OP009,2024-02-10 07:30:00,2906.1,2266,161.6,63.7,5.13,70,33,2.0,4.4,56.4,79.2,fastened,0,NONE,Sunny,Wet,day
1937,EXC004,OP008,2024-02-10 08:00:00,7185.5,1065,226.0,78.3,6.0,80,91,6.4,13.5,69.0,56.0,fastened,0,P0100,Cloudy,Muddy,day
1938,EXC001,OP004,2024-02-10 08:30:00,7445.6,722,295.3,44.3,13.32,79,107,9.6,20.8,87.3,59.2,fastened,0,NONE,Rainy,Dry,day
1939,EXC001,OP005,2024-02-10 09:00:00,9765.9,2349,197.9,11.4,7.44,18,113,12.4,4.0,103.9,80.7,fastened,0,P0562,Sunny,Dry,day
1940,EXC002,OP007,2024-02-10 09:30:00,5051.3,2256,144.9,89.8,7.12,5,98,9.0,5.0,98.8,82.6,fastened,1,NONE,Sunny,Dry,day
1941,EXC002,OP008,2024-02-10 10:00:00,9193.1,646,222.8,38.2,8.3,26,36,13.2,2.0,102.0,71.1,fastened,0,NONE,Windy,Wet,day
1942,EXC005,OP004,2024-02-10 10:30:00,11020.8,1220,243.6,12.9,8.06,15,90,3.1,6.9,34.0,82.7,fastened,0,NONE,Windy,Wet,day
1943,EXC002,OP003,2024-02-10 11:00:00,5165.4,1228,215.7,60.8,13.06,69,52,11.6,19.4,63.7,88.8,fastened,0,NONE,Rainy,Frozen,night
1944,EXC005,OP010,2024-02-10 11:30:00,6556.7,1117,105.2,75.7,12.23,30,22,6.9,0.4,94.1,69.5,unfastened,0,NONE,Sunny,Wet,night
1945,EXC003,OP010,2024-02-10 12:00:00,10932.1,2295,247.2,50.4,13.85,40,28,2.8,14.0,94.9,80.3,fastened,0,P0100,Windy,Wet,night
1946,EXC004,OP003,2024-02-10 12:30:00,3673.0,1987,108.1,63.3,4.13,58,59,15.4,8.4,63.6,40.7,fastened,0,NONE,Cloudy,Muddy,night
1947,EXC001,OP001,2024-02-10 13:00:00,8699.6,716,191.8,44.6,13.48,39,40,17.6,7.0,52.8,41.7,fastened,0,NONE,Cloudy,Dry,day
1948,EXC004,OP007,2024-02-10 13:30:00,6968.9,1712,191.2,82.3,5.68,25,29,4.3,3.8,73.9,75.0,fastened,0,NONE,Windy,Frozen,day
1949,EXC003,OP001,2024-02-10 14:00:00,5026.6,1638,286.2,79.5,0.5,19,94,2.8,18.3,89.7,76.9,unfastened,0,P0562,Rainy,Wet,night
1950,EXC005,OP002,2024-02-10 14:30:00,10383.9,1544,289.8,73.4,11.69,19,14,13.8,18.1,85.3,57.0,fastened,0,NONE,Sunny,Frozen,night
1951,EXC001,OP006,2024-02-10 15:00:00,1965.1,1899,310.594183172529,6.9,0.71,11,115,17.8,0.9,50.1,75.8,fastened,0,NONE,Rainy,Muddy,night
1952,EXC002,OP004,2024-02-10 15:30:00,521.3,1392,280.3,54.1,2.21,52,54,7.5,12.7,30.0,45.9,unfastened,0,NONE,Windy,Muddy,day
1953,EXC005,OP001,2024-02-10 16:00:00,2565.0,727,148.1,79.6,1.22,88,46,14.2,9.1,100.9,84.6,fastened,0,NONE,Rainy,Frozen,day
1954,EXC003,OP004,2024-02-10 16:30:00,10527.6,1439,257.6,28.3,11.11,61,44,2.6,0.1,65.6,60.5,fastened,0,NONE,Windy,Dry,day
1955,EXC003,OP007,2024-02-10 17:00:00,4188.8,2301,264.8,29.6,4.14,32,84,4.1,6.7,96.6,73.1,fastened,0,P0562,Rainy,Muddy,night
1956,EXC003,OP008,2024-02-10 17:30:00,8239.2,2102,271.2,90.9,14.66,43,111,2.5,4.1,99.7,96.8,unfastened,0,NONE,Cloudy,Dry,night
1957,EXC002,OP008,2024-02-10 18:00:00,2847.0,695,274.9,85.0,6.74,75,39,12.0,16.8,106.0088799709386,70.0,fastened,0,P0217,Sunny,Frozen,day
1958,EXC005,OP003,2024-02-10 18:30:00,5941.6,875,135.9,98.9,6.37,60,111,10.6,9.8,58.2,70.5,fastened,0,NONE,Cloudy,Wet,day
1959,EXC003,OP007,2024-02-10 19:00:00,6322.0,1319,156.5,52.3,9.51,26,109,11.9,17.6,82.8,46.0,fastened,0,NONE,Cloudy,Wet,night
1960,EXC001,OP004,2024-02-10 19:30:00,3020.0,662,272.4,16.8,14.06,79,112,3.0,21.3,77.7,42.6,fastened,0,NONE,Sunny,Muddy,day
1961,EXC002,OP007,2024-02-10 20:00:00,4710.1,724,132.4,5.8,12.69,65,77,1.5,8.8,43.1,93.5,fastened,0,NONE,Rainy,Wet,night
1962,EXC005,OP001,2024-02-10 20:30:00,3215.1,610,127.3,72.1,4.11,29,11,9.6,12.2,65.0,90.3,fastened,1,P0562,Cloudy,Frozen,day
1963,EXC003,OP005,2024-02-10 21:00:00,1298.0,2219,314.9,82.6,13.86,6,44,9.5,21.4,64.4,87.0,fastened,0,NONE,Rainy,Wet,night
1964,EXC004,OP004,2024-02-10 21:30:00,5236.7,2389,312.9,45.7,9.37,54,67,7.6,3.7,45.3,97.7,fastened,1,P0217,Cloudy,Muddy,night
1965,EXC001,OP007,2024-02-10 22:00:00,6807.2,2006,174.1,45.5,17.78,72,97,12.3,1.2,60.0,45.6,fastened,0,NONE,Sunny,Dry,night
1966,EXC001,OP003,2024-02-10 22:30:00,1171.7,2072,101.9,84.8,9.54,58,12,7.5,10.3,64.9,84.4,fastened,0,NONE,Cloudy,Frozen,day
1967,EXC002,OP003,2024-02-10 23:00:00,4358.9,601,187.6,22.7,5.51,61,74,15.4,10.7,94.0,46.5,fastened,0,NONE,Sunny,Dry,night
1968,EXC003,OP006,2024-02-10 23:30:00,5606.1,1807,318.9064122480058,11.0,13.82,17,76,14.0,20.4,98.7,76.8,fastened,1,NONE,Windy,Dry,day
1969,EXC004,OP007,2024-02-11 00:00:00,11197.1,1713,131.6,96.7,1.01,76,14,6.0,10.0,87.4,81.6,fastened,0,NONE,Rainy,Frozen,day
1970,EXC001,OP005,2024-02-11 00:30:00,7362.8,2382,149.3,56.5,13.18,29,65,16.1,9.8,94.4,80.2,fastened,0,P0562,Windy,Muddy,day
1971,EXC005,OP009,2024-02-11 01:00:00,11313.0,2171,284.6,78.4,10.01,47,55,8.9,11.0,37.9,55.4,fastened,0,P0562,Rainy,Dry,day
1972,EXC004,OP010,2024-02-11 01:30:00,6340.2,1697,182.6,95.7,3.57,20,57,8.4,9.8,74.6,91.2,fastened,0,NONE,Cloudy,Wet,night
1973,EXC002,OP007,2024-02-11 02:00:00,9658.8,1817,311.461722976339,82.0,0.92,55,92,13.0,19.8,50.7,72.8,fastened,1,NONE,Windy,Wet,night
1974,EXC003,OP006,2024-02-11 02:30:00,1245.4,654,240.1,49.4,1.32,77,15,17.2,13.6,63.5,93.0,fastened,0,NONE,Sunny,Muddy,night
1975,EXC003,OP006,2024-02-11 03:00:00,6816.6,1651,115.5,66.6,1.93,87,92,0.6,17.5,86.2,65.8,fastened,0,NONE,Rainy,Wet,night
1976,EXC004,OP001,2024-02-11 03:30:00,4299.9,1646,296.7,65.1,9.04,26,21,3.2,3.4,105.8,59.9,fastened,1,NONE,Sunny,Dry,day
1977,EXC001,OP005,2024-02-11 04:00:00,8768.3,2191,154.0,92.9,12.88,36,88,14.5,19.3,58.5,92.1,fastened,0,NONE,Rainy,Wet,day
1978,EXC003,OP009,2024-02-11 04:30:00,10543.4,2187,152.3,18.4,2.84,79,44,8.0,21.3,76.2,87.3,fastened,0,NONE,Windy,Muddy,night
1979,EXC003,OP007,2024-02-11 05:00:00,8575.9,998,187.3,71.1,3.28,27,67,15.5,21.1,38.6,45.0,unfastened,0,P0562,Rainy,Wet,night
1980,EXC004,OP001,2024-02-11 05:30:00,1150.6,626,123.6,87.0,14.75,79,36,6.3,21.6,104.60720829214651,65.4,fastened,0,NONE,Sunny,Frozen,night
1981,EXC002,OP002,2024-02-11 06:00:00,7490.6,1069,105.1,39.1,4.49,48,118,17.6,15.3,49.0,44.4,fastened,0,NONE,Sunny,Muddy,night
1982,EXC002,OP009,2024-02-11 06:30:00,8954.8,1439,301.2,72.3,14.99,47,29,3.9,14.8,67.5,90.5,fastened,0,NONE,Rainy,Wet,day
1983,EXC005,OP008,2024-02-11 07:00:00,455.1,996,290.0,28.7,2.16,84,55,17.1,1.5,56.1,67.7,fastened,0,NONE,Cloudy,Muddy,night
1984,EXC005,OP005,2024-02-11 07:30:00,2119.8,1340,301.6,13.4,15.15,78,103,14.2,6.2,34.1,55.2,fastened,0,NONE,Sunny,Frozen,night
1985,EXC005,OP010,2024-02-11 08:00:00,8195.4,1381,248.9,7.4,13.32,82,51,17.5,17.3,89.3,44.1,fastened,0,NONE,Rainy,Frozen,night
1986,EXC005,OP001,2024-02-11 08:30:00,3847.5,734,102.9,55.3,3.08,74,13,2.9,7.9,79.6,57.0,fastened,1,P0562,Windy,Dry,day
1987,EXC001,OP008,2024-02-11 09:00:00,840.0,1390,314.1,9.9,6.41,10,32,6.4,13.7,95.4,61.2,fastened,0,NONE,Rainy,Wet,day
1988,EXC004,OP010,2024-02-11 09:30:00,10684.1,937,255.9,61.3,6.33,11,33,3.6,12.9,105.7,96.3,fastened,1,NONE,Cloudy,Muddy,day
1989,EXC004,OP005,2024-02-11 10:00:00,11430.9,1336,191.4,40.7,2.84,48,18,14.9,12.8,62.9,97.4,fastened,0,NONE,Windy,Dry,night
1990,EXC002,OP005,2024-02-11 10:30:00,4544.3,734,261.1,5.7,7.1,61,110,4.8,8.1,90.5,66.8,fastened,0,P0562,Cloudy,Wet,day
1991,EXC003,OP003,2024-02-11 11:00:00,11915.2,653,224.8,26.5,12.36,19,101,9.5,19.5,54.8,93.0,fastened,0,NONE,Windy,Muddy,night
1992,EXC005,OP009,2024-02-11 11:30:00,10293.3,731,247.8,75.1,13.28,78,105,3.5,5.5,64.6,86.3,fastened,0,P0217,Sunny,Dry,night
1993,EXC001,OP008,2024-02-11 12:00:00,6714.7,1053,281.3,41.0,4.05,20,70,12.7,16.9,96.9,84.6,unfastened,0,NONE,Sunny,Dry,night
1994,EXC005,OP005,2024-02-11 12:30:00,8992.1,1725,306.0,73.9,13.13,87,49,13.4,0.6,101.9,55.6,fastened,0,NONE,Windy,Muddy,day
1995,EXC002,OP003,2024-02-11 13:00:00,11241.3,666,275.3,82.4,5.17,32,104,2.1,18.4,60.1,83.1,fastened,0,P0217,Sunny,Wet,night
1996,EXC005,OP005,2024-02-11 13:30:00,8755.1,1174,297.1,80.7,1.24,42,98,12.3,16.7,94.2,97.5,fastened,0,NONE,Cloudy,Dry,night
1997,EXC003,OP005,2024-02-11 14:00:00,4116.1,616,224.9,68.7,3.91,60,89,3.0,21.5,91.3,88.7,fastened,0,NONE,Rainy,Dry,day
1998,EXC001,OP004,2024-02-11 14:30:00,2397.0,1571,174.5,75.9,6.49,0,26,17.2,2.7,44.9,71.4,fastened,0,NONE,Sunny,Wet,day
1999,EXC001,OP009,2024-02-11 15:00:00,5237.9,1667,247.3,59.1,1.13,14,102,15.8,17.7,80.0,40.1,unfastened,0,NONE,Sunny,Frozen,night
2000,EXC005,OP004,2024-02-11 15:30:00,2321.3,1674,312.0647703484451,49.2,2.17,16,80,3.6,6.8,69.7,61.9,fastened,0,P0562,Sunny,Dry,day
