task_id,machine_id,operator_id,task_type,task_complexity,material_type,quantity_m3,target_depth_m,haul_distance_m,weather,temperature_c,rainfall_mm,wind_speed_kmh,ground_condition,operator_skill,operator_experience_yrs,previous_similar_tasks,previous_avg_completion_min,machine_age_yrs,engine_hours,bucket_capacity_m3,avg_engine_load_pct,machine_efficiency_pct,estimated_time_min,actual_completion_time_min,completed,date
1,EXC005,OP001,Earth Excavation,High,Gravel,183.4,1.0,97.7,Cloudy,33.2,0.0,11.8,Wet,Expert,2.4,278,68.7,7.0,4575.0,0.8,79.0,92.2,207.2,204.2,1,2024-04-11 00:00:00
2,EXC003,OP004,Grading,Low,Sand,226.5,4.8,23.5,Rainy,22.3,2.2,2.3,Wet,Beginner,10.4,22,59.0,11.3,11617.0,2.0,64.7,77.2,76.1,82.8,1,2024-03-23 00:00:00
3,EXC003,OP006,Demolition,Medium,Soil,98.7,5.1,81.5,Windy,19.3,0.0,24.4,Muddy,Expert,10.4,2,98.3,2.5,2559.0,2.0,85.4,86.9,90.2,94.0,1,2024-03-30 00:00:00
4,EXC001,OP002,Earth Excavation,Medium,Sand,198.3,4.0,57.6,Rainy,25.7,15.2,0.5,Wet,Expert,6.8,246,69.0,3.6,5021.0,1.2,88.4,72.7,136.7,131.2,1,2024-07-22 00:00:00
5,EXC005,OP001,Demolition,Medium,Rock,66.7,0.6,13.6,Cloudy,31.7,0.0,6.9,Wet,Expert,2.8,208,106.6,7.8,1997.0,1.2,70.1,77.6,99.9,113.4,1,2024-05-03 00:00:00
6,EXC003,OP005,Demolition,Medium,Mixed,243.2,4.8,73.1,Cloudy,21.6,0.0,4.1,Muddy,Intermediate,1.9,242,105.2,13.6,5578.0,1.0,59.1,75.1,300.6,300.0,1,2024-09-19 00:00:00
7,EXC003,OP005,Trenching,Medium,Soil,48.6,2.8,9.0,Rainy,23.3,16.5,2.2,Dry,Intermediate,2.0,277,85.1,9.0,2213.0,1.0,76.1,76.4,76.7,88.5,1,2024-01-24 00:00:00
8,EXC001,OP010,Earth Excavation,Low,Rock,155.8,3.1,30.4,Rainy,17.3,26.0,6.6,Wet,Intermediate,0.8,94,61.1,12.5,10775.0,2.0,56.3,83.3,133.8,119.7,1,2024-10-07 00:00:00
9,EXC001,OP009,Grading,High,Mixed,152.1,2.5,83.8,Sunny,34.9,0.0,4.8,Dry,Beginner,14.3,76,46.4,4.7,6278.0,2.0,92.1,70.4,60.4,70.6,1,2024-11-04 00:00:00
10,EXC001,OP003,Demolition,Low,Mixed,199.8,4.1,40.5,Sunny,8.5,0.0,11.2,Muddy,Intermediate,4.3,267,106.9,14.1,3043.0,1.0,55.5,92.4,287.7,296.6,1,2024-04-23 00:00:00
11,EXC001,OP005,Trenching,High,Rock,33.1,1.8,17.5,Rainy,30.1,6.1,7.6,Wet,Beginner,10.6,241,80.2,8.9,2557.0,2.0,82.2,89.4,57.5,60.1,1,2024-04-24 00:00:00
12,EXC004,OP003,Demolition,Medium,Clay,152.1,4.0,15.1,Windy,10.2,0.0,31.0,Frozen,Intermediate,14.5,190,112.5,9.1,11210.0,0.8,86.2,80.4,294.2,300.0,1,2024-10-17 00:00:00
13,EXC001,OP009,Material Loading,Medium,Sand,162.7,2.8,40.5,Rainy,20.8,32.6,13.0,Frozen,Expert,7.1,223,25.6,4.1,2993.0,2.0,86.7,68.5,40.0,37.3,1,2024-12-03 00:00:00
14,EXC005,OP003,Earth Excavation,High,Mixed,63.8,1.1,7.0,Rainy,7.0,8.7,0.8,Dry,Beginner,9.1,220,59.2,10.4,4845.0,1.0,64.3,81.6,112.8,113.6,1,2024-04-01 00:00:00
15,EXC005,OP006,Demolition,Medium,Clay,145.2,1.1,84.2,Sunny,6.9,0.0,13.9,Dry,Intermediate,1.9,293,110.4,12.7,10851.0,1.0,86.1,90.7,241.1,241.9,1,2024-12-18 00:00:00
16,EXC002,OP008,Demolition,High,Rock,88.6,1.3,50.4,Windy,20.4,0.0,21.6,Wet,Expert,5.8,70,120.4,5.8,4064.0,1.5,67.1,87.6,168.4,154.5,1,2024-04-29 00:00:00
17,EXC001,OP009,Demolition,High,Rock,147.2,4.0,32.4,Rainy,32.2,10.1,10.4,Dry,Expert,13.0,28,97.4,2.4,7450.0,1.5,82.7,67.8,191.9,201.3,1,2024-06-11 00:00:00
18,EXC003,OP008,Compaction,High,Sand,159.8,1.0,63.5,Windy,11.3,0.0,38.2,Frozen,Beginner,8.8,155,28.5,7.3,6367.0,1.0,84.4,91.4,150.3,145.6,1,2024-02-12 00:00:00
19,EXC005,OP010,Material Loading,Medium,Sand,177.7,2.3,90.3,Cloudy,33.2,0.0,4.1,Frozen,Expert,5.8,44,34.0,5.1,2060.0,2.0,92.1,79.5,37.9,43.8,1,2024-08-11 00:00:00
20,EXC003,OP008,Material Loading,Low,Rock,239.3,1.2,85.8,Rainy,28.6,6.1,8.8,Frozen,Beginner,10.4,290,28.6,0.7,5561.0,1.5,87.1,74.7,99.3,95.1,1,2024-10-12 00:00:00
21,EXC005,OP001,Material Loading,High,Soil,214.1,1.1,99.9,Windy,29.6,0.0,42.5,Muddy,Beginner,1.8,72,41.6,13.5,542.0,1.0,56.4,90.6,230.8,226.6,0,2024-02-27 00:00:00
22,EXC003,OP005,Earth Excavation,High,Gravel,216.9,0.8,81.1,Windy,39.3,0.0,48.6,Frozen,Expert,10.6,209,75.8,12.7,674.0,1.0,59.1,69.1,210.7,217.4,1,2024-02-26 00:00:00
23,EXC005,OP006,Earth Excavation,Low,Soil,245.6,3.9,10.2,Cloudy,27.8,0.0,0.6,Dry,Expert,13.3,27,59.8,10.8,2243.0,1.0,58.3,97.3,90.5,92.0,1,2024-03-31 00:00:00
24,EXC003,OP002,Demolition,Medium,Clay,172.8,5.7,19.1,Cloudy,23.8,0.0,6.1,Muddy,Intermediate,7.4,184,112.7,2.2,1782.0,1.5,62.5,75.1,207.2,204.7,1,2024-05-29 00:00:00
25,EXC005,OP006,Demolition,Medium,Gravel,122.0,3.1,26.4,Cloudy,26.2,0.0,8.5,Frozen,Beginner,10.7,94,100.9,9.9,7899.0,1.5,85.4,83.1,191.0,170.2,1,2024-07-22 00:00:00
26,EXC001,OP005,Demolition,Low,Mixed,206.0,2.2,84.6,Windy,23.3,0.0,15.8,Muddy,Expert,1.5,146,117.5,12.7,856.0,1.2,62.6,76.0,266.5,269.2,1,2024-10-28 00:00:00
27,EXC004,OP002,Material Loading,Medium,Sand,56.3,2.5,96.1,Sunny,41.8,0.0,11.6,Dry,Intermediate,5.0,116,41.3,10.5,8524.0,1.5,78.8,65.4,35.7,30.4,1,2024-12-01 00:00:00
28,EXC001,OP010,Demolition,High,Gravel,61.2,3.0,42.3,Sunny,8.0,0.0,11.3,Frozen,Expert,6.8,282,97.5,7.3,1978.0,2.0,58.1,94.9,60.4,64.7,1,2024-08-02 00:00:00
29,EXC002,OP006,Earth Excavation,Low,Clay,170.3,4.1,68.7,Sunny,33.2,0.0,0.9,Frozen,Expert,5.8,253,81.3,8.3,4194.0,2.0,71.7,90.4,59.8,62.3,1,2024-05-20 00:00:00
30,EXC003,OP006,Material Loading,Medium,Rock,117.7,5.5,64.9,Windy,11.6,0.0,26.9,Muddy,Intermediate,3.3,42,34.5,0.9,11144.0,0.8,70.2,75.1,155.9,163.1,1,2024-08-19 00:00:00
31,EXC005,OP008,Compaction,Medium,Mixed,228.7,4.5,96.5,Cloudy,33.9,0.0,13.0,Frozen,Expert,2.2,165,35.2,11.1,5393.0,1.5,79.4,97.0,115.5,100.9,1,2024-01-02 00:00:00
32,EXC002,OP008,Earth Excavation,Low,Soil,246.8,3.1,97.9,Rainy,20.2,39.7,1.3,Frozen,Expert,8.6,16,69.3,12.1,11111.0,1.2,87.0,66.2,197.5,195.6,1,2024-09-17 00:00:00
33,EXC005,OP003,Earth Excavation,High,Sand,40.8,1.8,64.1,Rainy,36.8,0.2,7.7,Wet,Expert,10.3,268,45.7,0.9,4936.0,1.5,80.2,72.8,62.7,42.3,1,2024-06-12 00:00:00
34,EXC003,OP004,Material Loading,Low,Clay,48.7,2.4,73.2,Rainy,34.9,49.9,4.4,Frozen,Expert,6.4,220,36.3,2.5,6983.0,0.8,94.9,88.1,63.7,48.9,1,2024-02-19 00:00:00
35,EXC002,OP006,Earth Excavation,Low,Rock,129.7,4.0,37.6,Sunny,20.6,0.0,14.4,Muddy,Beginner,11.4,269,68.9,8.3,3558.0,1.0,60.6,75.7,146.3,166.8,1,2024-01-10 00:00:00
36,EXC005,OP004,Trenching,High,Clay,222.3,2.1,58.3,Cloudy,34.3,0.0,11.8,Wet,Beginner,6.9,201,76.5,7.4,11937.0,0.8,80.4,91.9,306.3,300.0,1,2024-02-07 00:00:00
37,EXC005,OP004,Trenching,High,Sand,37.9,5.8,14.8,Rainy,6.5,12.3,1.0,Frozen,Intermediate,7.1,15,88.4,8.0,3888.0,0.8,55.0,77.7,144.5,151.8,1,2024-03-25 00:00:00
38,EXC003,OP003,Material Loading,Low,Soil,30.3,3.3,51.5,Cloudy,17.3,0.0,6.5,Dry,Intermediate,11.8,274,27.6,12.7,3272.0,2.0,64.5,73.0,16.5,14.2,0,2024-12-05 00:00:00
39,EXC003,OP002,Material Loading,Medium,Mixed,40.4,1.3,92.3,Rainy,5.3,9.4,0.5,Dry,Beginner,2.1,170,35.8,9.5,3051.0,0.8,76.6,93.0,85.0,70.6,1,2024-12-29 00:00:00
40,EXC001,OP008,Demolition,Low,Clay,162.8,5.9,39.3,Sunny,35.1,0.0,4.8,Frozen,Intermediate,12.1,246,112.7,9.2,2753.0,1.2,68.6,75.5,187.5,186.8,1,2024-03-01 00:00:00
41,EXC003,OP006,Demolition,High,Clay,225.8,3.8,17.0,Rainy,10.3,34.7,2.6,Frozen,Beginner,7.9,4,110.1,14.9,247.0,2.0,94.7,84.3,300.4,300.0,1,2024-03-07 00:00:00
42,EXC004,OP008,Trenching,High,Soil,176.0,5.1,6.7,Cloudy,27.0,0.0,3.5,Muddy,Beginner,13.2,225,90.3,4.2,7407.0,1.0,74.9,78.1,244.8,245.9,1,2024-12-24 00:00:00
43,EXC005,OP008,Demolition,Medium,Mixed,144.5,2.7,13.9,Sunny,37.9,0.0,5.9,Dry,Expert,10.4,53,112.5,2.7,11546.0,1.0,59.0,93.3,111.3,128.2,1,2024-08-23 00:00:00
44,EXC005,OP007,Material Loading,Medium,Gravel,202.3,3.6,14.9,Sunny,38.4,0.0,13.0,Muddy,Intermediate,12.1,63,35.3,1.9,2612.0,1.5,83.5,65.8,60.7,61.4,1,2024-05-24 00:00:00
45,EXC002,OP003,Material Loading,Medium,Gravel,162.4,5.6,49.4,Rainy,12.3,18.9,5.9,Wet,Intermediate,2.4,101,23.5,2.9,8278.0,0.8,93.0,73.0,162.0,161.3,1,2024-12-22 00:00:00
46,EXC005,OP006,Trenching,Medium,Gravel,39.9,3.1,96.1,Sunny,29.1,0.0,7.4,Wet,Intermediate,2.1,231,87.6,4.2,3678.0,1.0,84.4,93.9,72.6,82.0,1,2024-01-27 00:00:00
47,EXC004,OP010,Demolition,Low,Clay,216.1,3.9,56.5,Rainy,11.1,12.7,2.4,Wet,Beginner,12.9,88,110.8,9.0,8875.0,1.5,66.7,78.4,283.5,270.8,1,2024-03-26 00:00:00
48,EXC002,OP001,Demolition,High,Soil,69.5,2.8,47.7,Cloudy,14.1,0.0,10.7,Wet,Beginner,12.8,99,107.5,13.2,4204.0,2.0,73.9,73.2,107.2,106.2,1,2024-10-10 00:00:00
49,EXC001,OP005,Trenching,Medium,Rock,125.6,1.2,16.9,Rainy,40.2,24.1,14.3,Wet,Intermediate,2.9,75,81.7,8.5,2651.0,0.8,51.4,68.9,303.9,300.0,1,2024-07-11 00:00:00
50,EXC004,OP003,Grading,Medium,Clay,193.2,3.1,19.5,Windy,39.1,0.0,27.1,Frozen,Beginner,1.2,191,62.9,5.5,9575.0,2.0,78.0,89.8,88.0,96.0,0,2024-08-21 00:00:00
51,EXC003,OP002,Grading,High,Clay,130.8,1.2,19.5,Cloudy,28.4,0.0,5.9,Frozen,Beginner,13.9,138,53.6,5.1,8769.0,1.5,79.7,84.8,69.1,81.3,1,2024-12-25 00:00:00
52,EXC004,OP002,Demolition,Medium,Soil,194.9,6.0,55.5,Windy,29.4,0.0,25.1,Wet,Beginner,14.2,44,111.0,5.8,8914.0,2.0,68.1,83.5,180.7,174.1,1,2024-08-24 00:00:00
53,EXC002,OP003,Compaction,Medium,Rock,50.2,4.2,67.3,Cloudy,29.5,0.0,0.3,Wet,Beginner,5.2,258,45.4,3.4,9382.0,2.0,61.1,87.0,37.7,40.4,1,2024-11-29 00:00:00
54,EXC005,OP009,Demolition,High,Clay,239.6,3.9,29.2,Windy,28.1,0.0,26.0,Muddy,Intermediate,14.7,210,117.9,6.3,8288.0,1.5,51.0,78.2,270.6,264.2,1,2024-11-07 00:00:00
55,EXC002,OP003,Demolition,Medium,Sand,103.5,1.8,91.7,Cloudy,39.2,0.0,12.6,Wet,Intermediate,14.7,228,121.8,11.3,9223.0,1.0,71.6,80.1,153.1,149.8,1,2024-05-12 00:00:00
56,EXC001,OP003,Material Loading,Low,Clay,66.9,0.5,36.9,Rainy,34.5,42.0,2.1,Frozen,Beginner,11.7,283,45.6,2.2,4803.0,2.0,94.9,71.4,30.5,35.2,1,2024-12-23 00:00:00
57,EXC001,OP010,Demolition,Low,Gravel,224.7,4.1,15.6,Windy,35.8,0.0,18.8,Dry,Beginner,6.6,205,119.8,8.5,6109.0,1.0,79.4,97.7,274.8,270.8,1,2024-04-18 00:00:00
58,EXC001,OP004,Material Loading,Low,Rock,107.7,4.8,84.1,Sunny,35.4,0.0,6.2,Dry,Intermediate,5.2,80,35.6,11.4,9656.0,1.5,72.1,94.5,51.0,53.9,1,2024-07-13 00:00:00
59,EXC002,OP008,Grading,Low,Clay,200.4,0.7,67.0,Sunny,35.5,0.0,2.5,Dry,Intermediate,2.6,161,48.7,13.0,9913.0,1.2,86.9,68.1,109.8,109.3,1,2024-07-15 00:00:00
60,EXC004,OP010,Compaction,High,Rock,75.8,4.6,16.3,Cloudy,8.2,0.0,2.6,Wet,Intermediate,3.0,296,50.6,12.4,4902.0,1.0,94.6,69.5,122.8,122.8,1,2024-12-22 00:00:00
61,EXC002,OP006,Material Loading,Low,Gravel,93.6,4.5,58.8,Sunny,25.4,0.0,12.4,Wet,Intermediate,10.8,180,27.0,0.9,784.0,2.0,71.9,73.6,8.9,21.7,1,2024-10-02 00:00:00
62,EXC005,OP005,Trenching,Low,Gravel,178.9,0.9,5.1,Sunny,12.9,0.0,13.4,Wet,Intermediate,9.9,252,86.0,3.0,10705.0,1.2,71.1,80.7,108.4,92.7,1,2024-03-12 00:00:00
63,EXC004,OP002,Earth Excavation,Low,Mixed,123.0,1.5,17.8,Sunny,36.8,0.0,4.8,Wet,Beginner,5.7,79,63.5,1.3,4417.0,1.0,77.5,71.8,95.4,116.6,1,2024-06-16 00:00:00
64,EXC005,OP008,Grading,Medium,Soil,210.4,3.4,99.7,Sunny,6.6,0.0,6.0,Frozen,Expert,5.2,240,40.5,14.3,7007.0,1.5,86.3,70.6,99.4,96.8,1,2024-08-01 00:00:00
65,EXC002,OP006,Grading,Low,Clay,220.6,3.7,39.1,Sunny,20.1,0.0,6.5,Frozen,Beginner,9.7,117,62.1,13.9,11207.0,1.5,64.8,79.9,113.7,111.3,1,2024-12-20 00:00:00
66,EXC005,OP010,Material Loading,Low,Rock,189.1,2.6,25.4,Rainy,25.8,37.8,3.9,Dry,Beginner,12.5,196,32.0,13.9,7249.0,0.8,80.1,66.7,151.2,156.2,0,2024-01-02 00:00:00
67,EXC002,OP010,Demolition,High,Mixed,193.6,5.2,52.2,Rainy,22.2,0.3,11.8,Dry,Beginner,5.3,169,106.8,13.2,4602.0,2.0,62.2,70.3,302.1,300.0,1,2024-10-16 00:00:00
68,EXC001,OP008,Demolition,High,Clay,112.4,1.1,82.0,Windy,22.8,0.0,38.2,Muddy,Expert,14.7,38,116.4,9.3,5215.0,2.0,66.6,78.8,126.0,122.8,1,2024-04-20 00:00:00
69,EXC002,OP009,Earth Excavation,Low,Mixed,181.8,1.4,68.5,Rainy,18.9,30.9,0.6,Muddy,Intermediate,7.2,41,56.4,8.1,2729.0,1.2,58.5,76.4,182.8,180.6,1,2024-03-30 00:00:00
70,EXC001,OP001,Earth Excavation,Medium,Gravel,124.4,2.9,8.4,Windy,24.8,0.0,59.7,Frozen,Expert,14.4,116,69.5,1.1,8528.0,1.5,63.6,94.8,54.2,51.4,1,2024-10-31 00:00:00
71,EXC002,OP010,Compaction,Medium,Soil,117.4,2.9,11.0,Windy,40.8,0.0,25.5,Frozen,Intermediate,3.2,28,32.9,4.6,11580.0,0.8,89.0,88.4,118.8,115.6,1,2024-12-02 00:00:00
72,EXC003,OP004,Compaction,Low,Gravel,243.8,4.4,50.9,Cloudy,21.9,0.0,5.8,Muddy,Expert,5.7,217,39.6,6.2,1259.0,2.0,53.5,90.7,51.4,55.7,1,2024-02-27 00:00:00
73,EXC004,OP009,Trenching,High,Sand,236.0,5.9,27.5,Sunny,6.8,0.0,2.3,Wet,Intermediate,1.4,273,84.1,3.3,6909.0,1.0,74.2,85.7,282.2,264.4,1,2024-02-16 00:00:00
74,EXC004,OP009,Material Loading,Low,Soil,238.1,2.6,78.2,Cloudy,25.0,0.0,2.7,Dry,Intermediate,5.2,230,41.0,10.0,8140.0,1.2,69.6,72.5,61.3,68.7,1,2024-02-09 00:00:00
75,EXC004,OP007,Grading,Medium,Soil,248.9,3.2,50.4,Rainy,20.6,3.3,8.9,Frozen,Intermediate,3.8,294,45.3,9.7,800.0,1.2,71.1,94.6,145.1,141.0,1,2024-11-25 00:00:00
76,EXC002,OP004,Material Loading,Medium,Gravel,106.5,4.1,68.8,Sunny,40.5,0.0,5.6,Frozen,Expert,6.7,159,20.9,12.3,6168.0,1.5,83.1,80.2,51.2,42.2,1,2024-08-16 00:00:00
77,EXC002,OP002,Trenching,High,Sand,240.3,1.3,23.8,Cloudy,15.8,0.0,7.9,Muddy,Beginner,13.3,52,82.6,11.5,8556.0,2.0,66.1,80.8,141.4,146.3,1,2024-10-29 00:00:00
78,EXC004,OP001,Compaction,Low,Soil,194.6,5.0,47.6,Cloudy,35.4,0.0,3.6,Wet,Beginner,5.7,272,61.0,3.1,5716.0,1.5,67.6,73.0,80.7,80.2,1,2024-06-09 00:00:00
79,EXC003,OP005,Demolition,Medium,Mixed,234.6,3.2,66.1,Sunny,37.1,0.0,15.0,Muddy,Expert,9.4,237,108.6,13.4,10922.0,1.2,70.7,67.7,263.7,258.8,1,2024-10-05 00:00:00
80,EXC002,OP003,Grading,Medium,Mixed,204.5,5.2,99.5,Windy,37.3,0.0,54.5,Dry,Expert,5.1,129,43.6,6.3,3363.0,1.0,77.3,96.0,152.1,148.9,1,2024-03-12 00:00:00
81,EXC005,OP005,Grading,High,Sand,179.9,1.6,21.7,Cloudy,35.0,0.0,4.0,Dry,Expert,13.7,244,40.7,2.5,8197.0,2.0,60.6,74.1,39.3,33.5,1,2024-10-10 00:00:00
82,EXC002,OP005,Compaction,Medium,Sand,76.9,0.5,59.3,Rainy,41.8,1.9,3.1,Wet,Expert,8.0,46,52.5,12.2,1251.0,2.0,67.8,89.7,20.7,24.3,1,2024-06-23 00:00:00
83,EXC004,OP003,Grading,Medium,Sand,120.6,2.7,92.7,Rainy,14.1,36.5,11.3,Dry,Expert,1.9,55,51.6,7.3,2567.0,0.8,70.9,74.6,135.1,138.2,1,2024-02-13 00:00:00
84,EXC005,OP006,Trenching,Low,Soil,79.4,5.2,42.9,Sunny,6.3,0.0,2.4,Frozen,Intermediate,9.8,74,92.7,11.9,2689.0,1.2,91.3,93.1,99.0,90.4,1,2024-04-21 00:00:00
85,EXC005,OP004,Grading,High,Gravel,236.5,4.5,46.9,Sunny,37.4,0.0,7.9,Dry,Expert,11.3,86,50.4,12.4,9042.0,1.5,55.3,72.9,101.5,92.1,1,2024-12-16 00:00:00
86,EXC005,OP001,Demolition,High,Clay,145.1,1.5,80.5,Windy,40.5,0.0,46.1,Muddy,Beginner,13.8,21,104.4,14.8,4354.0,1.5,78.7,80.6,300.0,300.0,1,2024-04-13 00:00:00
87,EXC004,OP001,Grading,Medium,Gravel,96.3,4.7,37.0,Windy,27.4,0.0,42.9,Wet,Expert,12.5,213,44.9,0.9,2798.0,2.0,75.4,81.4,28.6,32.9,1,2024-05-31 00:00:00
88,EXC004,OP002,Demolition,High,Soil,220.7,4.6,89.1,Cloudy,13.0,0.0,8.0,Muddy,Intermediate,11.8,132,111.1,4.1,2923.0,1.0,51.2,96.6,301.9,300.0,1,2024-06-22 00:00:00
89,EXC001,OP001,Earth Excavation,Medium,Clay,208.6,2.4,60.0,Sunny,10.2,0.0,14.6,Dry,Expert,13.6,50,53.8,13.9,4120.0,2.0,59.5,68.0,81.7,66.3,1,2024-07-11 00:00:00
90,EXC001,OP010,Compaction,High,Gravel,224.1,4.0,54.6,Sunny,31.4,0.0,6.7,Frozen,Beginner,5.5,126,56.8,7.3,2203.0,1.5,85.8,73.6,148.0,158.5,1,2024-09-07 00:00:00
91,EXC004,OP001,Demolition,Low,Mixed,77.7,4.3,91.4,Windy,15.9,0.0,38.4,Dry,Beginner,4.7,183,100.6,8.5,7538.0,1.2,78.1,69.5,192.4,197.4,1,2024-01-19 00:00:00
92,EXC003,OP005,Material Loading,Medium,Soil,193.4,1.8,83.8,Windy,25.2,0.0,48.0,Dry,Beginner,7.4,287,26.0,7.7,7513.0,1.2,91.8,81.2,101.5,95.0,1,2024-07-07 00:00:00
93,EXC003,OP007,Grading,High,Rock,241.7,3.0,22.2,Cloudy,13.0,0.0,1.4,Muddy,Intermediate,0.5,220,48.8,6.8,9277.0,1.2,51.4,83.8,215.7,219.2,1,2024-05-24 00:00:00
94,EXC005,OP008,Grading,Low,Rock,229.3,3.3,76.8,Cloudy,36.4,0.0,15.0,Frozen,Beginner,3.7,225,57.5,4.7,3155.0,1.0,61.8,84.2,218.3,220.4,1,2024-11-09 00:00:00
95,EXC003,OP004,Trenching,Low,Rock,96.7,2.9,98.6,Rainy,41.4,45.3,12.0,Muddy,Expert,4.4,168,77.9,5.2,6658.0,0.8,72.7,86.0,249.2,256.4,1,2024-06-05 00:00:00
96,EXC001,OP003,Trenching,Medium,Mixed,197.1,3.5,7.0,Windy,16.7,0.0,18.9,Wet,Beginner,10.0,241,88.3,4.5,966.0,1.0,52.5,84.2,202.1,213.3,1,2024-06-11 00:00:00
97,EXC004,OP003,Material Loading,Low,Rock,32.4,1.5,90.9,Windy,25.3,0.0,17.5,Muddy,Expert,3.4,179,40.8,10.1,8753.0,0.8,92.9,81.3,64.8,53.4,0,2024-02-08 00:00:00
98,EXC002,OP002,Material Loading,Medium,Sand,171.7,3.9,78.8,Cloudy,35.0,0.0,10.7,Dry,Beginner,2.0,259,22.6,7.4,7320.0,1.2,61.1,66.4,87.3,90.9,1,2024-10-27 00:00:00
99,EXC003,OP002,Material Loading,Low,Gravel,233.5,5.7,6.1,Windy,33.2,0.0,58.5,Muddy,Beginner,13.6,23,10.6,14.6,6694.0,1.5,88.2,85.3,99.0,90.8,1,2024-09-15 00:00:00
100,EXC002,OP008,Earth Excavation,High,Sand,142.2,2.2,97.1,Sunny,32.1,0.0,5.5,Frozen,Intermediate,3.0,29,77.8,3.7,5674.0,1.2,92.4,89.2,151.5,160.8,1,2024-03-29 00:00:00
101,EXC005,OP010,Material Loading,High,Soil,247.2,1.3,13.4,Cloudy,29.9,0.0,5.1,Dry,Expert,1.5,85,36.7,7.4,9094.0,0.8,65.1,92.9,107.9,100.6,1,2024-03-10 00:00:00
102,EXC002,OP005,Earth Excavation,Medium,Mixed,63.6,4.3,9.5,Rainy,15.6,7.0,6.6,Wet,Beginner,6.5,91,71.2,8.1,3500.0,0.8,51.4,85.3,157.3,155.6,1,2024-03-31 00:00:00
103,EXC003,OP007,Trenching,Medium,Sand,146.7,3.8,7.1,Windy,24.1,0.0,27.2,Dry,Intermediate,6.6,282,80.7,2.0,9437.0,2.0,51.0,84.8,62.4,60.0,1,2024-12-24 00:00:00
104,EXC001,OP006,Demolition,High,Soil,62.3,2.3,98.8,Cloudy,5.6,0.0,6.8,Wet,Expert,12.7,5,111.3,5.2,5862.0,1.2,94.0,80.7,113.4,118.7,1,2024-06-03 00:00:00
105,EXC003,OP002,Compaction,Medium,Mixed,141.0,5.2,47.6,Windy,15.3,0.0,52.8,Frozen,Beginner,6.2,55,45.9,8.2,11723.0,1.0,63.6,66.0,196.8,200.5,1,2024-05-16 00:00:00
106,EXC002,OP003,Trenching,Medium,Rock,132.6,2.5,86.0,Cloudy,26.2,0.0,3.2,Wet,Beginner,13.6,285,82.9,5.5,660.0,1.5,72.3,69.1,146.5,150.4,1,2024-08-09 00:00:00
107,EXC005,OP004,Material Loading,High,Sand,65.8,3.4,55.7,Windy,11.6,0.0,40.7,Wet,Intermediate,0.7,11,32.9,14.0,3322.0,1.0,54.9,72.9,77.7,88.0,1,2024-12-23 00:00:00
108,EXC005,OP008,Material Loading,Medium,Clay,74.5,4.7,99.1,Cloudy,39.4,0.0,7.6,Dry,Intermediate,8.2,143,41.6,5.1,9332.0,0.8,84.4,92.9,74.8,68.5,1,2024-04-22 00:00:00
109,EXC005,OP005,Material Loading,Low,Mixed,50.5,4.1,8.2,Windy,33.5,0.0,50.0,Wet,Expert,9.2,82,42.3,12.9,1355.0,1.5,68.6,66.4,28.3,24.4,1,2024-03-08 00:00:00
110,EXC005,OP002,Trenching,High,Mixed,140.6,2.8,29.5,Windy,23.6,0.0,17.6,Wet,Expert,5.6,200,77.0,8.7,5078.0,1.0,87.1,73.5,186.9,193.3,1,2024-02-21 00:00:00
111,EXC002,OP009,Grading,Low,Clay,88.0,5.6,15.9,Windy,25.9,0.0,46.1,Wet,Intermediate,1.4,20,55.9,9.2,9828.0,0.8,73.1,73.5,130.4,139.0,1,2024-04-05 00:00:00
112,EXC005,OP008,Trenching,Low,Gravel,64.4,1.1,100.0,Cloudy,21.8,0.0,13.1,Muddy,Intermediate,7.5,196,75.1,13.9,1236.0,1.2,55.1,95.7,73.0,81.6,1,2024-05-31 00:00:00
113,EXC005,OP001,Grading,High,Mixed,44.8,0.7,67.1,Cloudy,17.5,0.0,9.8,Wet,Expert,1.9,262,66.1,14.3,9032.0,1.2,56.1,75.6,60.2,54.4,1,2024-07-17 00:00:00
114,EXC004,OP006,Trenching,Medium,Rock,167.9,2.6,37.8,Sunny,24.8,0.0,11.6,Dry,Expert,6.0,273,84.9,9.0,11601.0,1.0,73.5,95.0,153.2,146.9,1,2024-12-26 00:00:00
115,EXC001,OP002,Earth Excavation,Low,Rock,195.3,3.3,73.7,Rainy,37.2,31.4,9.2,Dry,Beginner,11.4,10,82.5,12.7,10455.0,0.8,75.0,72.1,303.9,300.0,1,2024-09-14 00:00:00
116,EXC001,OP003,Compaction,Low,Clay,198.1,1.6,32.8,Rainy,41.0,35.4,9.2,Dry,Intermediate,5.0,269,54.3,4.8,666.0,2.0,82.8,66.4,53.0,53.7,1,2024-06-21 00:00:00
117,EXC005,OP001,Demolition,Medium,Soil,124.9,3.8,90.3,Cloudy,41.8,0.0,1.2,Frozen,Intermediate,6.1,86,95.2,3.1,4355.0,0.8,57.9,90.2,300.1,296.8,1,2024-09-29 00:00:00
118,EXC002,OP007,Earth Excavation,Low,Clay,73.6,3.7,52.3,Cloudy,26.5,0.0,5.7,Frozen,Beginner,12.5,249,72.8,2.5,5255.0,1.0,81.0,93.7,83.6,80.0,1,2024-01-26 00:00:00
119,EXC005,OP001,Demolition,Low,Soil,219.8,5.1,13.4,Rainy,5.9,2.8,12.8,Dry,Beginner,3.9,238,120.3,8.4,5230.0,1.0,72.0,81.5,306.6,300.0,1,2024-02-05 00:00:00
120,EXC004,OP001,Demolition,Low,Gravel,122.1,2.5,54.5,Windy,22.1,0.0,26.3,Muddy,Expert,4.9,63,111.4,4.1,4508.0,1.0,56.7,93.8,170.1,177.3,1,2024-03-27 00:00:00
121,EXC004,OP006,Grading,Low,Soil,247.2,0.7,76.1,Sunny,7.7,0.0,8.9,Wet,Expert,11.5,178,44.5,5.7,329.0,1.0,94.6,73.5,94.3,88.3,1,2024-09-09 00:00:00
122,EXC002,OP008,Compaction,Medium,Mixed,152.3,2.1,36.3,Cloudy,39.5,0.0,10.2,Frozen,Beginner,14.6,116,41.9,6.5,6542.0,1.0,71.9,68.5,112.1,105.8,1,2024-02-15 00:00:00
123,EXC004,OP008,Compaction,High,Mixed,189.7,0.9,70.7,Sunny,28.4,0.0,11.4,Dry,Expert,12.5,96,32.1,10.9,7117.0,1.2,81.4,96.6,83.1,74.1,1,2024-06-30 00:00:00
124,EXC004,OP010,Earth Excavation,Low,Clay,155.7,0.8,43.4,Rainy,26.6,29.3,9.9,Muddy,Intermediate,10.9,7,51.8,9.8,9525.0,1.2,78.1,82.7,138.0,140.8,1,2024-11-14 00:00:00
125,EXC002,OP006,Trenching,Low,Rock,191.5,5.1,61.4,Rainy,26.9,16.9,6.7,Dry,Beginner,13.0,110,89.1,11.0,6333.0,1.0,52.3,69.7,295.4,300.0,1,2024-12-10 00:00:00
126,EXC003,OP002,Earth Excavation,Low,Rock,200.0,4.9,15.5,Sunny,27.5,0.0,14.4,Frozen,Expert,6.3,297,70.9,1.2,11095.0,1.0,89.8,82.2,157.6,136.8,1,2024-01-13 00:00:00
127,EXC005,OP003,Compaction,High,Rock,41.7,5.7,94.0,Windy,24.7,0.0,42.1,Muddy,Beginner,7.2,29,43.8,6.6,1609.0,1.0,60.5,92.6,137.7,143.3,1,2024-05-25 00:00:00
128,EXC003,OP009,Grading,High,Rock,63.2,5.5,90.7,Windy,35.7,0.0,41.6,Muddy,Beginner,9.5,272,51.7,9.8,8348.0,2.0,50.7,96.6,85.8,86.6,1,2024-07-05 00:00:00
129,EXC002,OP005,Earth Excavation,Medium,Gravel,146.1,2.6,97.1,Cloudy,11.4,0.0,4.8,Frozen,Beginner,4.8,193,74.9,8.4,6092.0,0.8,92.8,74.4,290.6,288.6,0,2024-10-24 00:00:00
130,EXC003,OP010,Grading,Medium,Sand,162.9,2.7,8.9,Sunny,8.7,0.0,9.8,Muddy,Beginner,14.9,111,36.3,0.7,6779.0,1.2,83.8,92.3,86.3,72.0,1,2024-02-14 00:00:00
131,EXC002,OP005,Material Loading,Low,Clay,72.8,0.5,47.3,Windy,17.4,0.0,18.3,Wet,Beginner,7.0,267,28.0,6.3,9258.0,1.5,79.4,69.1,18.9,31.9,1,2024-07-26 00:00:00
132,EXC004,OP004,Demolition,Medium,Rock,195.8,0.7,18.7,Windy,27.7,0.0,21.6,Muddy,Intermediate,10.2,93,107.0,5.6,10662.0,1.2,86.9,81.3,273.3,266.6,1,2024-11-10 00:00:00
133,EXC002,OP005,Demolition,High,Rock,80.2,5.6,59.3,Windy,20.6,0.0,38.0,Frozen,Expert,5.5,24,109.4,4.7,3048.0,2.0,72.3,94.3,143.7,150.2,1,2024-04-01 00:00:00
134,EXC004,OP005,Compaction,Medium,Clay,156.5,5.2,32.6,Rainy,37.6,36.5,12.0,Muddy,Expert,10.1,118,38.4,12.8,11919.0,1.5,68.9,91.9,93.5,91.2,1,2024-07-25 00:00:00
135,EXC001,OP005,Compaction,Low,Clay,116.7,1.9,51.7,Windy,34.8,0.0,54.8,Muddy,Intermediate,1.5,184,30.1,8.8,5714.0,1.0,70.1,78.2,113.8,113.9,1,2024-09-10 00:00:00
136,EXC005,OP010,Compaction,Low,Rock,63.8,3.7,32.1,Rainy,32.3,11.9,10.1,Frozen,Intermediate,4.2,70,54.7,7.9,11394.0,2.0,67.2,93.9,39.8,41.5,1,2024-11-13 00:00:00
137,EXC003,OP001,Compaction,Medium,Soil,186.1,3.1,89.8,Cloudy,13.5,0.0,2.6,Muddy,Expert,9.8,74,38.4,14.6,3118.0,1.0,56.3,93.4,104.1,108.8,1,2024-07-07 00:00:00
138,EXC002,OP003,Grading,High,Sand,66.9,4.6,79.5,Cloudy,10.1,0.0,5.9,Wet,Expert,13.4,165,53.9,0.5,3725.0,1.2,75.0,76.0,49.0,46.1,1,2024-09-14 00:00:00
139,EXC003,OP007,Demolition,Low,Clay,198.3,2.5,79.4,Windy,12.6,0.0,19.3,Muddy,Beginner,7.7,217,109.5,1.0,2859.0,0.8,87.7,67.7,311.2,300.0,1,2024-07-25 00:00:00
140,EXC001,OP006,Grading,Medium,Gravel,99.5,0.9,94.8,Windy,21.5,0.0,43.8,Frozen,Intermediate,12.7,46,49.4,14.9,2109.0,0.8,86.0,94.3,119.6,120.7,1,2024-07-06 00:00:00
141,EXC003,OP007,Grading,Low,Rock,170.3,2.4,25.6,Sunny,30.6,0.0,10.3,Frozen,Beginner,8.3,250,39.6,14.1,4748.0,1.2,53.4,89.4,120.8,124.5,1,2024-07-13 00:00:00
142,EXC004,OP006,Compaction,High,Sand,43.5,3.8,16.3,Cloudy,14.1,0.0,4.9,Frozen,Beginner,11.1,62,48.1,3.2,2156.0,1.2,52.0,93.8,31.3,44.3,1,2024-04-13 00:00:00
143,EXC002,OP007,Trenching,Medium,Soil,179.4,0.8,95.8,Windy,41.3,0.0,47.0,Frozen,Beginner,7.2,220,86.2,3.7,9788.0,1.2,60.0,79.9,226.2,221.6,1,2024-06-29 00:00:00
144,EXC005,OP005,Trenching,Medium,Rock,125.3,2.9,28.3,Rainy,12.7,29.4,3.5,Dry,Beginner,1.4,93,91.8,11.6,4642.0,1.5,67.1,79.2,217.5,223.8,1,2024-08-29 00:00:00
145,EXC001,OP003,Trenching,High,Soil,145.6,2.2,14.9,Cloudy,20.3,0.0,1.9,Frozen,Intermediate,6.5,10,82.2,8.6,11182.0,1.0,78.0,80.1,200.2,205.3,1,2024-04-30 00:00:00
146,EXC004,OP004,Grading,Medium,Soil,150.9,2.3,57.1,Sunny,13.2,0.0,0.4,Dry,Beginner,14.1,170,36.7,2.1,1697.0,0.8,56.6,97.4,97.0,104.3,1,2024-12-21 00:00:00
147,EXC002,OP002,Demolition,Medium,Gravel,234.9,1.3,99.7,Cloudy,19.0,0.0,9.7,Dry,Intermediate,14.5,170,105.0,1.3,11090.0,1.0,81.7,69.9,238.9,231.1,1,2024-04-03 00:00:00
148,EXC002,OP008,Demolition,High,Soil,31.6,1.4,69.0,Cloudy,7.2,0.0,8.8,Muddy,Expert,10.4,173,122.2,9.0,4509.0,2.0,81.4,84.6,50.4,45.8,1,2024-06-21 00:00:00
149,EXC004,OP006,Compaction,Low,Mixed,247.1,1.7,82.4,Sunny,11.2,0.0,4.3,Muddy,Beginner,6.6,287,49.1,5.2,9621.0,0.8,89.4,70.1,198.7,201.9,1,2024-09-08 00:00:00
150,EXC003,OP010,Earth Excavation,Medium,Soil,205.4,5.8,14.6,Cloudy,26.9,0.0,3.9,Dry,Expert,8.4,76,61.7,5.1,3545.0,2.0,75.8,71.0,71.6,62.5,1,2024-07-03 00:00:00
151,EXC005,OP006,Trenching,Medium,Sand,222.5,3.9,31.4,Rainy,8.7,30.3,1.0,Dry,Expert,4.0,48,74.6,1.4,6677.0,2.0,77.5,91.1,100.9,94.5,1,2024-10-28 00:00:00
152,EXC002,OP006,Grading,Low,Clay,212.4,3.8,28.3,Windy,32.6,0.0,14.2,Frozen,Expert,11.7,77,48.9,9.1,1507.0,0.8,53.6,89.8,137.8,125.0,1,2024-04-11 00:00:00
153,EXC002,OP003,Compaction,High,Clay,81.6,2.7,75.5,Sunny,22.5,0.0,8.6,Muddy,Beginner,5.1,257,47.4,2.5,3350.0,2.0,77.1,77.5,60.8,60.6,1,2024-02-17 00:00:00
154,EXC002,OP001,Compaction,High,Gravel,169.8,2.6,92.8,Windy,33.3,0.0,32.4,Dry,Beginner,11.4,236,44.3,14.6,5640.0,0.8,78.9,95.3,196.6,198.2,1,2024-10-12 00:00:00
155,EXC003,OP008,Demolition,Medium,Rock,77.4,2.0,61.8,Rainy,21.4,12.2,13.2,Dry,Beginner,5.9,54,107.3,7.0,5034.0,1.5,82.9,79.8,210.2,204.7,1,2024-01-05 00:00:00
156,EXC005,OP010,Demolition,Medium,Rock,88.8,1.7,15.8,Sunny,29.4,0.0,11.7,Muddy,Beginner,11.5,239,93.6,5.1,2622.0,1.5,70.4,83.0,148.4,136.4,1,2024-01-18 00:00:00
157,EXC001,OP005,Trenching,Medium,Gravel,239.7,1.6,96.1,Cloudy,33.2,0.0,9.6,Dry,Beginner,10.3,56,79.2,5.3,7828.0,1.2,92.2,75.0,223.6,224.2,1,2024-02-25 00:00:00
158,EXC003,OP003,Earth Excavation,High,Sand,65.7,2.3,36.5,Windy,21.8,0.0,19.5,Wet,Expert,3.3,37,61.2,8.4,1721.0,1.0,81.0,96.2,81.5,84.0,1,2024-09-20 00:00:00
159,EXC005,OP002,Grading,High,Gravel,112.8,2.2,21.4,Sunny,41.9,0.0,1.0,Dry,Expert,12.5,213,49.9,9.8,8874.0,0.8,88.6,71.1,68.3,78.4,1,2024-06-25 00:00:00
160,EXC004,OP006,Trenching,Low,Soil,98.7,5.9,96.6,Windy,10.3,0.0,45.7,Dry,Expert,9.2,240,90.6,10.5,1335.0,2.0,58.5,67.5,74.0,57.9,1,2024-12-25 00:00:00
161,EXC002,OP006,Material Loading,Low,Soil,31.0,3.3,94.0,Windy,14.5,0.0,34.6,Muddy,Intermediate,3.0,218,41.0,1.3,1150.0,2.0,88.9,69.7,14.7,15.9,1,2024-03-19 00:00:00
162,EXC001,OP010,Grading,High,Rock,63.9,5.6,77.3,Cloudy,39.1,0.0,13.8,Muddy,Intermediate,9.9,63,41.0,14.0,5117.0,0.8,50.2,67.1,212.7,204.2,1,2024-10-15 00:00:00
163,EXC001,OP006,Compaction,Low,Mixed,32.9,2.0,36.4,Rainy,15.1,40.6,11.4,Wet,Intermediate,10.6,203,40.1,2.5,9732.0,2.0,58.8,86.4,36.0,14.6,1,2024-07-06 00:00:00
164,EXC005,OP005,Earth Excavation,Low,Soil,108.1,2.3,90.3,Cloudy,25.8,0.0,13.8,Frozen,Beginner,4.8,183,71.2,2.2,6763.0,1.0,65.5,91.5,124.5,117.6,1,2024-04-08 00:00:00
165,EXC002,OP006,Compaction,Low,Clay,97.9,3.6,9.1,Windy,7.9,0.0,44.8,Dry,Beginner,1.5,68,35.6,7.4,4197.0,0.8,58.5,90.2,126.7,118.2,1,2024-09-08 00:00:00
166,EXC001,OP008,Compaction,Medium,Sand,147.3,2.3,15.0,Rainy,29.6,1.7,4.1,Frozen,Beginner,1.9,11,53.1,3.3,7737.0,1.2,78.3,78.9,105.6,116.1,1,2024-07-30 00:00:00
167,EXC005,OP010,Trenching,Medium,Soil,139.3,3.1,7.5,Windy,39.9,0.0,26.0,Wet,Expert,4.2,14,92.1,15.0,8681.0,1.0,52.8,65.8,173.2,166.2,1,2024-10-13 00:00:00
168,EXC005,OP005,Grading,Medium,Clay,52.4,1.0,34.6,Cloudy,5.5,0.0,6.5,Dry,Beginner,10.8,27,49.6,12.1,7331.0,1.5,88.1,78.4,47.1,39.4,0,2024-04-10 00:00:00
169,EXC005,OP001,Earth Excavation,Low,Rock,145.4,5.4,32.8,Cloudy,24.3,0.0,5.1,Dry,Intermediate,12.4,150,73.7,2.8,1421.0,1.5,80.2,91.3,71.8,73.2,1,2024-11-22 00:00:00
170,EXC004,OP001,Earth Excavation,Low,Clay,153.3,3.1,69.4,Sunny,29.7,0.0,4.8,Wet,Beginner,5.5,175,63.3,9.0,7238.0,1.0,64.2,75.9,181.9,185.9,0,2024-11-21 00:00:00
171,EXC001,OP003,Demolition,High,Soil,123.4,0.6,92.0,Sunny,21.8,0.0,14.3,Wet,Intermediate,4.7,167,106.4,13.1,11084.0,1.5,59.1,87.6,182.6,177.4,1,2024-05-24 00:00:00
172,EXC003,OP008,Compaction,Low,Mixed,233.9,0.9,15.5,Rainy,30.6,32.4,1.0,Dry,Beginner,12.6,123,45.2,8.1,10905.0,1.5,89.5,91.8,60.7,75.8,1,2024-08-28 00:00:00
173,EXC003,OP009,Grading,Medium,Gravel,81.1,3.9,79.7,Sunny,7.1,0.0,12.8,Wet,Beginner,13.0,120,42.7,5.5,7976.0,0.8,56.9,82.4,111.6,108.2,1,2024-03-06 00:00:00
174,EXC002,OP010,Grading,High,Mixed,153.6,2.3,35.6,Cloudy,5.3,0.0,8.9,Dry,Expert,4.3,44,52.4,3.2,677.0,0.8,66.4,94.0,121.9,123.9,1,2024-10-26 00:00:00
175,EXC003,OP004,Compaction,Medium,Gravel,248.0,4.8,94.1,Sunny,38.4,0.0,0.3,Dry,Beginner,12.0,2,41.0,7.0,9517.0,1.0,63.0,89.8,149.4,153.5,1,2024-10-24 00:00:00
176,EXC004,OP010,Material Loading,Medium,Rock,151.6,2.9,83.5,Windy,38.6,0.0,56.6,Muddy,Intermediate,8.7,164,48.4,6.9,8522.0,1.2,87.7,83.6,116.2,116.5,1,2024-11-08 00:00:00
177,EXC004,OP008,Material Loading,Low,Gravel,196.8,2.7,86.1,Windy,20.3,0.0,38.5,Dry,Expert,0.5,170,38.0,9.9,8674.0,0.8,72.3,91.7,113.7,98.7,1,2024-03-30 00:00:00
178,EXC001,OP010,Demolition,Medium,Mixed,67.9,3.5,77.7,Windy,24.3,0.0,53.4,Frozen,Expert,2.1,279,106.6,6.0,6170.0,1.5,69.5,68.6,127.6,131.9,1,2024-01-07 00:00:00
179,EXC004,OP006,Earth Excavation,Low,Gravel,80.2,3.8,19.7,Rainy,16.2,44.4,8.2,Wet,Expert,13.3,141,75.9,3.8,4094.0,1.5,71.6,97.9,47.7,36.3,1,2024-02-23 00:00:00
180,EXC003,OP010,Grading,Low,Clay,233.7,3.9,53.9,Sunny,31.3,0.0,7.6,Frozen,Expert,13.6,4,55.9,3.2,11686.0,1.2,86.5,93.4,81.2,80.5,1,2024-02-21 00:00:00
181,EXC003,OP009,Demolition,Medium,Clay,210.4,1.9,75.8,Cloudy,7.7,0.0,11.5,Muddy,Intermediate,12.0,274,123.2,6.3,8725.0,1.0,86.0,77.9,303.6,300.0,1,2024-03-24 00:00:00
182,EXC001,OP004,Compaction,Medium,Soil,221.3,5.4,95.4,Cloudy,21.2,0.0,4.3,Dry,Intermediate,2.4,150,32.3,7.8,2797.0,2.0,92.1,65.1,93.0,80.5,1,2024-08-27 00:00:00
183,EXC001,OP002,Grading,Medium,Soil,182.8,2.5,20.2,Windy,16.9,0.0,58.2,Frozen,Intermediate,9.5,250,48.8,4.5,5521.0,0.8,80.1,83.5,139.8,141.9,1,2024-10-02 00:00:00
184,EXC004,OP005,Demolition,Medium,Gravel,43.6,5.0,25.6,Windy,34.8,0.0,36.7,Wet,Intermediate,4.5,201,100.0,0.9,9827.0,1.2,57.9,66.7,120.8,109.7,1,2024-11-09 00:00:00
185,EXC005,OP004,Demolition,Low,Mixed,99.9,1.0,20.1,Cloudy,20.4,0.0,13.2,Muddy,Beginner,1.3,267,115.2,3.6,10918.0,1.2,80.6,72.9,178.6,178.0,1,2024-11-18 00:00:00
186,EXC001,OP004,Material Loading,High,Gravel,203.9,5.3,35.6,Rainy,26.1,13.9,0.8,Wet,Beginner,11.2,228,54.3,3.0,5223.0,1.0,71.9,71.1,164.3,152.6,0,2024-05-19 00:00:00
187,EXC005,OP005,Trenching,Medium,Gravel,195.4,2.8,33.4,Sunny,6.8,0.0,0.4,Frozen,Intermediate,6.7,172,82.8,13.3,3080.0,1.2,80.8,67.0,192.0,189.4,1,2024-09-18 00:00:00
188,EXC005,OP006,Demolition,Low,Sand,217.5,5.1,74.4,Windy,34.7,0.0,56.7,Frozen,Intermediate,7.4,216,111.9,9.8,6276.0,1.5,88.3,79.2,217.7,230.1,1,2024-09-16 00:00:00
189,EXC005,OP009,Grading,High,Clay,157.4,1.4,97.6,Windy,14.4,0.0,46.2,Wet,Intermediate,12.0,56,65.3,6.9,2692.0,1.2,88.5,81.9,142.2,142.2,1,2024-07-30 00:00:00
190,EXC001,OP003,Trenching,High,Soil,195.3,3.1,37.7,Rainy,14.7,13.9,13.9,Muddy,Expert,2.9,240,74.5,14.8,4058.0,1.2,54.0,73.2,258.5,263.6,1,2024-08-29 00:00:00
191,EXC003,OP002,Grading,High,Rock,209.9,4.9,51.7,Windy,31.1,0.0,13.9,Wet,Expert,11.5,250,48.7,14.4,1203.0,1.2,92.0,72.5,154.0,163.8,1,2024-08-14 00:00:00
192,EXC001,OP007,Compaction,Low,Clay,63.8,3.6,67.0,Rainy,29.0,38.9,6.2,Wet,Beginner,4.5,81,48.6,0.7,2638.0,0.8,64.1,70.9,127.9,127.5,1,2024-12-07 00:00:00
193,EXC001,OP004,Demolition,Medium,Mixed,43.6,2.9,42.1,Sunny,20.8,0.0,4.2,Frozen,Intermediate,10.4,188,122.4,12.7,9269.0,1.2,74.2,66.0,96.7,100.5,1,2024-08-20 00:00:00
194,EXC004,OP006,Grading,Medium,Rock,133.4,2.1,46.8,Cloudy,30.4,0.0,0.6,Muddy,Expert,12.0,21,48.8,4.6,8254.0,1.2,78.9,86.5,82.4,79.2,1,2024-03-27 00:00:00
195,EXC001,OP003,Grading,Medium,Gravel,116.0,3.8,25.9,Cloudy,34.8,0.0,6.6,Frozen,Intermediate,10.7,8,42.5,1.7,5746.0,2.0,80.4,76.3,45.3,41.6,1,2024-09-01 00:00:00
196,EXC003,OP009,Material Loading,Low,Rock,56.4,6.0,44.2,Windy,5.1,0.0,57.6,Dry,Beginner,0.8,263,33.6,6.6,8666.0,0.8,91.2,88.5,81.2,89.6,1,2024-12-05 00:00:00
197,EXC003,OP006,Grading,Low,Mixed,145.1,5.6,63.9,Rainy,16.5,20.0,2.0,Wet,Intermediate,3.3,211,46.6,2.6,9761.0,1.5,73.9,77.4,89.9,90.4,1,2024-02-27 00:00:00
198,EXC002,OP001,Grading,Low,Rock,117.1,2.2,54.3,Windy,25.2,0.0,43.0,Frozen,Beginner,6.7,19,61.4,3.7,10429.0,1.0,65.6,95.5,150.0,145.4,1,2024-02-20 00:00:00
199,EXC005,OP009,Grading,Medium,Sand,37.9,3.2,30.0,Rainy,17.7,32.5,7.5,Dry,Intermediate,1.9,57,50.7,1.6,2391.0,2.0,77.4,70.9,12.3,21.5,1,2024-02-11 00:00:00
200,EXC001,OP007,Material Loading,Medium,Mixed,45.2,3.8,99.0,Rainy,40.0,5.3,5.9,Frozen,Expert,5.1,100,38.2,2.4,8399.0,1.5,62.3,76.4,31.5,28.9,1,2024-12-14 00:00:00
201,EXC003,OP010,Demolition,Medium,Sand,74.5,0.8,18.2,Sunny,23.3,0.0,9.8,Muddy,Beginner,1.8,70,115.0,6.9,7059.0,1.0,66.7,67.4,182.3,193.2,1,2024-07-17 00:00:00
202,EXC001,OP003,Material Loading,High,Soil,33.1,1.0,48.1,Windy,17.6,0.0,19.0,Wet,Beginner,10.9,170,17.1,5.7,10252.0,1.0,60.8,82.8,34.3,36.8,1,2024-08-11 00:00:00
203,EXC004,OP005,Demolition,Low,Clay,154.3,3.5,28.8,Windy,21.8,0.0,14.4,Muddy,Beginner,11.0,94,118.8,3.7,2482.0,1.2,90.6,91.3,233.8,232.1,1,2024-05-22 00:00:00
204,EXC003,OP001,Grading,Low,Rock,57.3,2.7,34.8,Windy,36.3,0.0,28.9,Muddy,Beginner,12.4,225,49.5,6.9,9091.0,1.2,56.1,95.5,60.2,60.0,1,2024-09-18 00:00:00
205,EXC005,OP002,Trenching,High,Clay,212.2,5.2,32.8,Rainy,40.3,19.8,12.0,Wet,Intermediate,14.5,175,81.9,10.7,2106.0,1.2,55.3,91.0,253.1,258.4,1,2024-05-27 00:00:00
206,EXC005,OP007,Grading,Medium,Rock,119.5,4.1,59.5,Windy,10.8,0.0,32.5,Dry,Beginner,5.9,264,47.6,4.5,8805.0,0.8,63.9,82.8,190.1,185.3,1,2024-03-06 00:00:00
207,EXC003,OP010,Compaction,High,Gravel,78.2,2.3,61.2,Windy,28.0,0.0,44.3,Wet,Beginner,13.6,167,47.1,4.8,7973.0,1.2,63.8,94.9,89.7,75.9,1,2024-04-24 00:00:00
208,EXC005,OP006,Trenching,Medium,Sand,198.9,2.0,61.0,Windy,37.0,0.0,25.9,Frozen,Intermediate,7.5,126,76.3,14.3,9619.0,1.2,89.9,77.7,205.2,200.4,1,2024-10-18 00:00:00
209,EXC004,OP005,Grading,High,Sand,142.3,3.3,6.9,Rainy,23.6,42.8,10.6,Dry,Intermediate,12.0,10,49.2,6.2,6442.0,1.5,67.2,80.7,74.7,79.0,1,2024-12-25 00:00:00
210,EXC004,OP004,Trenching,Medium,Gravel,157.8,0.5,91.2,Cloudy,7.6,0.0,6.8,Wet,Intermediate,3.5,49,62.3,8.1,3507.0,1.2,88.7,78.1,176.6,177.9,1,2024-07-14 00:00:00
211,EXC001,OP001,Demolition,High,Clay,94.9,4.8,57.8,Rainy,27.6,49.3,9.8,Wet,Expert,13.5,209,116.0,11.0,1703.0,2.0,71.8,95.3,127.5,127.0,1,2024-03-27 00:00:00
212,EXC004,OP006,Earth Excavation,Medium,Sand,91.6,3.4,16.2,Windy,37.7,0.0,18.8,Muddy,Intermediate,2.0,8,65.2,3.5,9714.0,2.0,54.8,85.3,64.8,60.3,1,2024-06-12 00:00:00
213,EXC005,OP002,Compaction,High,Clay,55.0,3.6,22.6,Cloudy,30.1,0.0,1.1,Dry,Intermediate,14.7,4,43.3,10.4,2344.0,1.0,65.1,70.0,64.8,56.7,1,2024-05-29 00:00:00
214,EXC004,OP010,Trenching,High,Mixed,200.1,0.9,21.3,Rainy,19.2,43.4,8.1,Dry,Intermediate,10.0,158,79.1,11.9,9972.0,1.5,71.4,81.8,163.6,166.8,1,2024-03-12 00:00:00
215,EXC003,OP009,Trenching,Medium,Clay,146.8,5.2,11.7,Sunny,6.1,0.0,7.0,Dry,Beginner,14.4,266,71.8,4.5,11518.0,1.5,62.7,92.0,97.1,93.1,1,2024-01-10 00:00:00
216,EXC001,OP010,Compaction,Medium,Mixed,219.7,1.7,9.0,Cloudy,20.0,0.0,12.9,Wet,Beginner,4.7,234,48.1,10.7,287.0,2.0,66.0,85.3,68.0,70.9,1,2024-03-19 00:00:00
217,EXC002,OP006,Demolition,Medium,Clay,46.5,3.7,81.9,Sunny,19.9,0.0,6.7,Wet,Beginner,9.0,141,121.1,8.2,8319.0,2.0,82.1,97.9,78.9,78.8,1,2024-10-08 00:00:00
218,EXC004,OP004,Demolition,Low,Gravel,86.9,5.0,5.3,Sunny,27.9,0.0,14.0,Muddy,Expert,11.9,12,100.5,12.9,4884.0,1.5,87.1,83.2,86.8,83.4,1,2024-01-22 00:00:00
219,EXC002,OP010,Material Loading,High,Clay,236.7,0.9,50.0,Windy,36.1,0.0,13.5,Frozen,Beginner,0.8,243,26.0,0.9,6233.0,1.2,55.7,69.1,140.8,149.2,1,2024-06-14 00:00:00
220,EXC003,OP004,Demolition,High,Gravel,45.0,4.1,9.9,Cloudy,38.0,0.0,10.4,Frozen,Intermediate,14.3,226,112.3,5.1,5937.0,0.8,83.4,73.0,142.3,146.0,1,2024-06-22 00:00:00
221,EXC003,OP010,Material Loading,Low,Sand,56.1,3.3,20.7,Cloudy,26.8,0.0,2.5,Dry,Beginner,11.0,7,27.3,3.3,10776.0,1.0,73.5,75.6,15.9,36.2,1,2024-07-06 00:00:00
222,EXC004,OP010,Earth Excavation,High,Sand,197.3,3.4,67.1,Sunny,18.3,0.0,6.6,Muddy,Intermediate,3.1,233,63.5,11.5,2053.0,1.0,85.0,91.3,242.5,233.7,1,2024-08-05 00:00:00
223,EXC002,OP006,Material Loading,Medium,Rock,111.7,0.8,75.5,Windy,10.6,0.0,22.9,Frozen,Beginner,11.7,0,30.7,8.3,365.0,1.0,73.0,75.1,130.9,106.7,1,2024-07-17 00:00:00
224,EXC001,OP006,Trenching,Medium,Soil,97.8,5.5,84.0,Sunny,18.8,0.0,8.6,Dry,Beginner,8.7,137,76.2,12.5,2988.0,0.8,63.3,75.0,225.1,227.1,1,2024-02-10 00:00:00
225,EXC002,OP010,Compaction,Medium,Rock,34.5,5.1,97.5,Cloudy,29.2,0.0,9.9,Wet,Intermediate,8.2,175,51.8,5.3,1958.0,1.5,52.0,92.2,33.6,37.2,1,2024-11-11 00:00:00
226,EXC005,OP008,Earth Excavation,Medium,Soil,81.8,5.5,31.5,Cloudy,29.0,0.0,0.6,Muddy,Expert,7.7,127,52.9,10.0,6529.0,2.0,60.7,92.3,40.4,44.2,1,2024-03-29 00:00:00
227,EXC004,OP007,Grading,Low,Clay,93.4,3.4,54.9,Windy,36.5,0.0,59.8,Dry,Beginner,2.1,143,52.0,4.4,4420.0,2.0,72.2,93.3,51.4,55.1,1,2024-01-03 00:00:00
228,EXC004,OP010,Earth Excavation,Medium,Rock,196.4,2.3,61.0,Windy,24.1,0.0,53.9,Wet,Expert,2.3,185,58.1,2.2,3744.0,0.8,69.4,74.9,281.6,279.1,1,2024-10-09 00:00:00
229,EXC003,OP010,Material Loading,High,Soil,179.9,1.8,57.3,Rainy,33.5,15.9,9.8,Dry,Expert,7.5,199,50.3,7.8,1263.0,0.8,89.0,69.7,113.6,117.0,1,2024-02-22 00:00:00
230,EXC004,OP009,Material Loading,Medium,Clay,189.7,2.1,11.7,Rainy,30.3,0.1,10.1,Frozen,Beginner,4.1,110,54.8,11.3,9283.0,1.0,82.6,65.8,154.5,156.6,1,2024-10-23 00:00:00
231,EXC005,OP009,Grading,Medium,Mixed,151.8,3.7,33.8,Windy,37.4,0.0,18.1,Dry,Beginner,5.8,246,44.6,12.8,2450.0,1.0,53.6,81.1,143.5,141.4,1,2024-09-03 00:00:00
232,EXC002,OP007,Compaction,Medium,Sand,171.6,5.4,27.4,Sunny,23.4,0.0,10.9,Muddy,Intermediate,3.4,274,47.6,3.6,11741.0,2.0,69.6,71.0,47.5,51.3,1,2024-12-26 00:00:00
233,EXC004,OP010,Material Loading,High,Sand,77.9,1.1,97.5,Cloudy,37.0,0.0,4.6,Frozen,Expert,10.3,86,29.0,7.3,4013.0,1.2,56.1,83.1,48.5,40.9,1,2024-12-02 00:00:00
234,EXC001,OP001,Demolition,Medium,Soil,102.8,1.6,30.2,Rainy,15.1,22.4,4.9,Muddy,Beginner,4.4,51,124.4,9.9,826.0,2.0,65.3,87.8,152.7,152.8,0,2024-06-21 00:00:00
235,EXC005,OP010,Material Loading,Low,Gravel,77.3,2.2,49.1,Windy,36.2,0.0,50.1,Muddy,Expert,2.3,261,43.0,2.3,5117.0,1.5,89.7,68.5,24.7,30.2,1,2024-02-29 00:00:00
236,EXC001,OP004,Earth Excavation,Medium,Gravel,104.9,5.3,31.0,Sunny,10.8,0.0,4.6,Wet,Intermediate,1.0,122,70.1,4.6,7989.0,2.0,56.4,68.7,70.5,71.3,1,2024-09-26 00:00:00
237,EXC004,OP004,Trenching,Medium,Soil,218.4,4.5,49.8,Cloudy,14.0,0.0,10.9,Wet,Intermediate,12.9,120,83.7,6.3,8089.0,1.2,71.5,82.3,171.1,159.1,1,2024-04-04 00:00:00
238,EXC003,OP008,Earth Excavation,High,Clay,66.8,2.4,80.4,Windy,14.1,0.0,40.6,Dry,Intermediate,13.6,17,64.6,8.7,2487.0,1.2,65.5,84.5,95.9,96.8,1,2024-04-07 00:00:00
239,EXC001,OP003,Compaction,Low,Sand,87.0,3.8,44.0,Cloudy,16.7,0.0,13.7,Muddy,Expert,5.5,223,44.7,3.9,10930.0,1.0,80.7,66.6,59.0,52.2,1,2024-05-13 00:00:00
240,EXC005,OP009,Trenching,Medium,Soil,165.8,5.3,15.5,Sunny,12.3,0.0,7.9,Dry,Intermediate,5.8,189,75.1,7.5,11105.0,1.2,74.5,78.7,133.6,133.8,1,2024-07-02 00:00:00
241,EXC003,OP004,Compaction,Medium,Soil,174.9,3.6,25.4,Cloudy,31.2,0.0,9.7,Muddy,Beginner,6.3,1,32.0,0.6,5470.0,2.0,53.4,79.2,72.8,68.3,1,2024-12-02 00:00:00
242,EXC001,OP006,Demolition,Low,Gravel,100.2,4.6,18.0,Cloudy,30.3,0.0,7.4,Frozen,Expert,0.7,299,101.2,4.5,11474.0,2.0,64.2,71.0,78.9,78.1,1,2024-06-08 00:00:00
243,EXC005,OP006,Material Loading,Low,Clay,190.5,2.7,61.5,Cloudy,21.1,0.0,8.7,Wet,Expert,8.0,282,43.6,10.4,6191.0,1.0,69.3,65.5,75.8,69.5,1,2024-06-13 00:00:00
244,EXC005,OP009,Trenching,Medium,Gravel,118.5,1.5,44.3,Cloudy,34.1,0.0,13.6,Muddy,Expert,9.1,202,82.3,4.8,8251.0,1.2,83.3,76.0,75.8,97.8,1,2024-02-26 00:00:00
245,EXC004,OP001,Material Loading,Medium,Gravel,116.9,2.2,18.1,Cloudy,29.3,0.0,2.0,Muddy,Intermediate,11.7,241,42.2,3.4,8830.0,0.8,55.6,67.9,69.9,70.3,1,2024-10-21 00:00:00
246,EXC003,OP004,Grading,Low,Mixed,175.7,1.1,32.9,Cloudy,13.8,0.0,6.6,Wet,Expert,9.7,212,56.8,6.8,3086.0,1.5,81.3,84.3,37.4,41.8,1,2024-05-21 00:00:00
247,EXC004,OP009,Grading,Low,Mixed,104.9,5.2,85.3,Rainy,9.0,34.8,5.9,Frozen,Intermediate,15.0,132,43.2,3.8,3510.0,1.2,62.1,87.8,75.2,75.8,1,2024-09-16 00:00:00
248,EXC002,OP002,Material Loading,Medium,Clay,186.2,3.6,88.5,Windy,9.5,0.0,44.1,Dry,Expert,3.6,261,37.8,2.2,5694.0,2.0,67.4,96.1,39.3,42.9,1,2024-05-28 00:00:00
249,EXC005,OP007,Grading,Low,Sand,134.4,2.4,25.5,Cloudy,22.9,0.0,10.7,Muddy,Expert,4.7,236,51.4,11.5,7631.0,1.5,61.3,85.8,53.3,38.3,1,2024-05-25 00:00:00
250,EXC002,OP001,Demolition,Medium,Soil,146.9,4.9,61.5,Sunny,34.0,0.0,9.8,Muddy,Intermediate,10.5,187,97.1,3.8,8953.0,2.0,60.7,97.4,89.8,105.9,1,2024-05-11 00:00:00
251,EXC003,OP003,Trenching,Low,Sand,83.6,1.8,5.9,Sunny,18.7,0.0,4.8,Dry,Intermediate,1.0,21,65.9,9.5,7595.0,2.0,64.3,93.8,49.5,39.8,1,2024-04-20 00:00:00
252,EXC002,OP010,Demolition,Low,Mixed,65.3,2.2,36.6,Windy,28.4,0.0,19.5,Dry,Intermediate,13.8,146,100.4,2.0,281.0,1.0,88.5,88.2,79.1,82.7,1,2024-06-20 00:00:00
253,EXC005,OP006,Grading,Medium,Rock,198.7,1.4,9.2,Sunny,21.3,0.0,11.6,Muddy,Intermediate,9.9,70,41.2,10.7,4954.0,1.0,73.9,71.7,146.5,153.3,1,2024-06-27 00:00:00
254,EXC003,OP008,Grading,High,Rock,223.4,4.0,65.3,Rainy,27.5,21.7,4.8,Frozen,Intermediate,9.1,234,41.3,0.9,288.0,2.0,88.3,66.5,148.6,147.8,1,2024-03-10 00:00:00
255,EXC001,OP006,Demolition,High,Soil,99.6,2.7,28.3,Sunny,42.0,0.0,3.4,Dry,Beginner,12.5,67,123.9,2.8,11767.0,2.0,69.0,83.4,92.2,95.3,1,2024-12-23 00:00:00
256,EXC003,OP005,Grading,Medium,Soil,96.5,1.3,92.6,Rainy,24.0,31.2,5.4,Dry,Expert,4.5,282,35.4,7.8,3673.0,0.8,65.5,79.9,115.8,99.3,1,2024-02-24 00:00:00
257,EXC001,OP007,Demolition,High,Mixed,121.7,0.8,93.6,Sunny,20.3,0.0,11.8,Wet,Intermediate,6.5,123,117.9,14.1,3628.0,2.0,84.1,76.3,145.6,149.2,1,2024-08-09 00:00:00
258,EXC004,OP002,Compaction,High,Mixed,35.0,3.9,83.4,Sunny,21.7,0.0,2.5,Muddy,Expert,4.7,225,40.5,7.9,10073.0,1.0,57.7,85.2,56.1,52.7,1,2024-08-07 00:00:00
259,EXC002,OP001,Demolition,Low,Rock,97.5,2.9,57.7,Rainy,25.4,2.1,6.6,Muddy,Intermediate,3.6,89,98.7,13.8,11724.0,0.8,57.9,72.2,302.8,300.0,1,2024-05-04 00:00:00
260,EXC002,OP006,Demolition,High,Gravel,234.5,2.3,84.3,Sunny,38.1,0.0,7.3,Muddy,Intermediate,13.5,195,120.0,4.5,7970.0,1.0,54.0,80.6,308.1,300.0,1,2024-08-03 00:00:00
261,EXC002,OP002,Earth Excavation,Low,Mixed,57.6,2.8,66.6,Windy,32.1,0.0,28.3,Wet,Expert,11.3,214,68.4,2.3,4115.0,1.5,78.2,92.6,42.4,33.6,0,2024-01-07 00:00:00
262,EXC001,OP007,Grading,High,Gravel,30.7,4.2,10.2,Cloudy,37.0,0.0,0.3,Muddy,Intermediate,8.2,223,46.2,13.5,6955.0,1.0,77.4,87.5,69.3,54.0,1,2024-06-10 00:00:00
263,EXC002,OP004,Compaction,High,Clay,67.9,1.4,48.6,Rainy,11.3,1.0,0.8,Frozen,Beginner,14.0,135,47.4,1.6,1064.0,2.0,61.0,96.8,32.6,43.3,0,2024-05-02 00:00:00
264,EXC003,OP008,Trenching,Low,Soil,51.7,1.1,50.6,Cloudy,21.4,0.0,2.1,Dry,Intermediate,0.6,61,78.5,3.3,2984.0,1.2,86.0,95.2,54.9,54.8,1,2024-03-08 00:00:00
265,EXC005,OP007,Compaction,Medium,Gravel,94.5,2.2,29.8,Rainy,22.0,32.7,7.6,Wet,Beginner,3.4,143,37.5,2.0,9898.0,0.8,52.8,73.5,142.9,142.8,1,2024-10-28 00:00:00
266,EXC005,OP010,Material Loading,Medium,Clay,64.1,5.4,40.0,Windy,6.8,0.0,26.4,Muddy,Beginner,13.1,178,48.0,13.8,5987.0,1.2,93.0,93.9,60.2,59.8,1,2024-07-29 00:00:00
267,EXC002,OP010,Compaction,Low,Gravel,96.6,5.9,40.9,Rainy,12.4,5.6,11.8,Frozen,Expert,8.5,99,50.8,5.0,7380.0,1.5,70.2,93.5,40.0,43.5,1,2024-04-25 00:00:00
268,EXC004,OP001,Trenching,High,Soil,189.7,2.3,6.2,Rainy,28.4,49.9,4.4,Muddy,Beginner,3.2,85,71.6,4.6,5220.0,1.5,61.3,76.4,288.1,284.0,1,2024-12-01 00:00:00
269,EXC002,OP007,Compaction,Low,Rock,220.0,0.7,18.8,Sunny,10.4,0.0,9.0,Frozen,Intermediate,13.9,229,41.8,6.8,4257.0,1.2,83.4,73.1,76.0,73.0,1,2024-04-08 00:00:00
270,EXC004,OP007,Compaction,Low,Clay,221.1,3.7,33.3,Windy,7.6,0.0,46.2,Wet,Expert,11.4,159,47.9,10.2,2605.0,0.8,91.1,89.9,128.8,121.9,1,2024-08-05 00:00:00
271,EXC003,OP007,Grading,Medium,Clay,47.0,1.3,90.5,Windy,37.7,0.0,57.6,Wet,Intermediate,6.7,94,48.2,11.9,9973.0,0.8,56.5,97.9,99.1,96.5,1,2024-09-25 00:00:00
272,EXC005,OP004,Compaction,Low,Clay,183.3,4.8,22.9,Rainy,13.8,39.0,1.3,Frozen,Beginner,3.3,247,29.0,7.1,11176.0,1.0,75.3,77.8,183.0,189.0,1,2024-04-23 00:00:00
273,EXC002,OP005,Material Loading,High,Soil,74.3,2.6,18.9,Sunny,25.5,0.0,10.9,Muddy,Expert,5.6,245,27.4,2.9,2873.0,1.2,62.0,90.6,40.1,32.7,0,2024-02-16 00:00:00
274,EXC003,OP003,Demolition,Medium,Soil,137.7,4.8,5.6,Sunny,39.5,0.0,9.7,Wet,Expert,14.3,3,111.1,12.4,11148.0,1.0,77.0,76.8,167.9,157.1,1,2024-02-03 00:00:00
275,EXC005,OP010,Material Loading,Low,Soil,58.4,5.0,82.8,Windy,32.3,0.0,58.0,Frozen,Beginner,4.4,161,48.0,12.5,4354.0,1.5,70.1,65.2,54.0,60.5,1,2024-03-05 00:00:00
276,EXC004,OP010,Trenching,Low,Gravel,180.8,1.1,15.1,Cloudy,32.4,0.0,0.8,Dry,Beginner,12.2,111,74.7,12.0,1868.0,0.8,73.3,68.2,198.3,186.8,1,2024-09-06 00:00:00
277,EXC005,OP004,Demolition,Low,Soil,249.7,0.6,5.0,Cloudy,18.0,0.0,5.5,Muddy,Intermediate,13.3,42,107.4,13.7,10590.0,2.0,68.5,89.6,122.6,106.6,1,2024-05-09 00:00:00
278,EXC003,OP008,Trenching,High,Mixed,86.1,1.4,53.1,Cloudy,9.2,0.0,9.4,Wet,Beginner,13.2,47,74.7,5.8,2188.0,0.8,68.0,90.9,199.2,196.2,1,2024-04-29 00:00:00
279,EXC005,OP006,Trenching,High,Gravel,62.0,3.6,47.1,Sunny,14.2,0.0,6.4,Wet,Beginner,10.3,91,89.4,4.6,11000.0,2.0,58.9,96.5,71.4,61.9,1,2024-05-30 00:00:00
280,EXC004,OP004,Demolition,Medium,Sand,111.3,0.5,96.4,Cloudy,25.3,0.0,9.0,Wet,Beginner,9.2,230,117.7,8.5,3623.0,1.5,93.7,85.5,130.6,140.3,1,2024-05-07 00:00:00
281,EXC005,OP001,Trenching,Medium,Clay,103.2,4.2,19.2,Windy,39.4,0.0,28.2,Frozen,Beginner,2.0,74,75.3,3.0,11206.0,1.5,79.8,70.2,166.1,163.5,1,2024-05-06 00:00:00
282,EXC002,OP007,Demolition,High,Clay,178.9,5.2,76.5,Sunny,30.8,0.0,5.8,Dry,Beginner,5.2,20,95.2,10.9,8657.0,2.0,92.8,83.8,292.0,287.0,1,2024-10-15 00:00:00
283,EXC003,OP008,Grading,Low,Mixed,231.4,2.8,59.6,Rainy,22.6,26.6,1.0,Dry,Intermediate,13.5,166,42.9,13.7,6667.0,1.2,52.6,84.7,115.1,108.0,1,2024-12-03 00:00:00
284,EXC004,OP008,Grading,Medium,Gravel,213.8,3.8,11.5,Windy,21.4,0.0,25.6,Dry,Beginner,9.8,185,45.2,9.4,323.0,1.2,77.3,89.3,120.0,114.2,1,2024-03-06 00:00:00
285,EXC005,OP009,Earth Excavation,Low,Mixed,87.8,4.4,9.6,Sunny,25.8,0.0,5.9,Wet,Expert,12.1,186,60.0,11.9,4632.0,1.0,60.2,84.2,57.3,60.5,1,2024-09-24 00:00:00
286,EXC002,OP010,Grading,Low,Rock,230.6,4.9,17.7,Cloudy,32.6,0.0,6.3,Wet,Expert,0.7,284,51.3,8.2,1735.0,1.0,59.4,88.0,124.6,133.8,1,2024-08-12 00:00:00
287,EXC002,OP006,Compaction,Medium,Gravel,228.8,1.4,59.9,Rainy,32.9,18.5,13.0,Dry,Intermediate,5.9,126,39.9,3.0,7092.0,2.0,50.7,67.3,69.9,68.6,1,2024-03-29 00:00:00
288,EXC005,OP006,Grading,Medium,Mixed,57.3,5.5,86.1,Sunny,7.0,0.0,12.4,Muddy,Beginner,1.9,242,37.5,1.4,9151.0,1.0,74.1,78.7,118.2,109.2,1,2024-10-08 00:00:00
289,EXC001,OP003,Trenching,High,Mixed,73.6,5.0,99.7,Rainy,8.6,5.0,11.5,Muddy,Beginner,1.4,240,87.5,1.5,10688.0,2.0,89.7,86.5,159.4,155.7,1,2024-02-19 00:00:00
290,EXC001,OP003,Compaction,High,Mixed,164.8,4.2,91.8,Windy,19.1,0.0,46.0,Dry,Intermediate,9.8,0,39.5,11.9,10784.0,2.0,80.6,67.2,105.3,99.1,1,2024-01-14 00:00:00
291,EXC005,OP008,Trenching,High,Clay,164.1,1.3,51.9,Windy,13.9,0.0,12.7,Dry,Beginner,1.7,279,95.3,13.7,8987.0,1.0,71.1,78.6,312.2,300.0,1,2024-02-27 00:00:00
292,EXC004,OP010,Demolition,High,Clay,38.3,4.4,57.2,Windy,31.8,0.0,14.4,Muddy,Beginner,14.9,27,110.4,14.9,5687.0,1.0,89.0,73.0,221.0,232.4,1,2024-06-18 00:00:00
293,EXC002,OP001,Earth Excavation,High,Rock,199.8,3.9,54.3,Sunny,38.6,0.0,9.9,Dry,Beginner,6.2,228,59.8,6.5,7342.0,1.5,75.4,81.8,196.5,200.9,1,2024-10-24 00:00:00
294,EXC001,OP006,Grading,High,Soil,145.2,4.9,33.5,Rainy,12.5,17.5,6.2,Muddy,Intermediate,10.6,148,42.8,12.8,8707.0,1.5,57.8,77.1,123.2,126.0,1,2024-10-16 00:00:00
295,EXC004,OP002,Demolition,Low,Sand,150.9,1.0,88.0,Cloudy,24.0,0.0,7.1,Wet,Intermediate,3.4,81,111.3,6.0,4127.0,1.5,75.5,80.3,142.9,136.0,1,2024-09-05 00:00:00
296,EXC004,OP002,Demolition,High,Mixed,39.5,5.0,60.2,Sunny,24.0,0.0,8.3,Dry,Expert,4.2,297,119.2,9.2,562.0,1.0,79.1,89.2,88.9,106.2,1,2024-02-16 00:00:00
297,EXC003,OP002,Grading,Medium,Gravel,64.1,1.4,50.4,Cloudy,27.5,0.0,2.6,Muddy,Beginner,10.8,67,38.0,4.6,3876.0,1.0,85.3,96.7,69.2,70.2,1,2024-12-16 00:00:00
298,EXC004,OP002,Earth Excavation,Low,Mixed,216.4,0.7,78.8,Windy,9.3,0.0,52.0,Muddy,Beginner,8.2,234,78.2,1.4,10032.0,1.2,51.2,69.6,188.3,187.1,1,2024-08-15 00:00:00
299,EXC003,OP009,Compaction,Low,Sand,146.4,2.0,30.1,Windy,27.0,0.0,49.9,Muddy,Beginner,11.8,139,49.3,13.1,3656.0,1.2,50.4,89.6,75.0,80.8,1,2024-08-22 00:00:00
300,EXC001,OP002,Demolition,Low,Soil,98.1,1.9,30.4,Sunny,25.4,0.0,3.6,Frozen,Intermediate,6.2,239,107.0,10.0,10065.0,1.0,81.2,84.6,133.3,134.5,1,2024-01-21 00:00:00
301,EXC001,OP008,Grading,Medium,Sand,130.3,3.0,9.3,Rainy,20.9,32.1,8.2,Frozen,Intermediate,1.6,4,54.1,10.2,3845.0,2.0,57.0,81.4,92.4,72.2,1,2024-05-07 00:00:00
302,EXC005,OP006,Grading,Medium,Sand,147.8,6.0,97.1,Cloudy,13.2,0.0,11.3,Wet,Intermediate,5.5,75,55.9,2.8,8058.0,0.8,72.5,82.8,174.0,162.4,1,2024-01-16 00:00:00
303,EXC001,OP005,Grading,High,Mixed,181.3,5.8,91.3,Cloudy,26.2,0.0,5.6,Muddy,Beginner,8.9,245,46.3,12.3,10363.0,1.0,70.5,68.9,285.0,289.9,1,2024-12-24 00:00:00
304,EXC005,OP002,Demolition,Medium,Sand,184.7,0.6,64.5,Sunny,9.5,0.0,0.9,Frozen,Intermediate,2.8,155,109.6,12.4,8977.0,1.5,92.7,97.3,181.4,175.1,1,2024-11-13 00:00:00
305,EXC005,OP004,Compaction,Low,Gravel,111.1,3.0,16.8,Windy,5.8,0.0,59.7,Dry,Beginner,13.2,66,45.4,13.7,3558.0,1.5,69.2,80.0,52.8,54.1,1,2024-04-25 00:00:00
306,EXC003,OP008,Trenching,Medium,Gravel,216.8,1.7,7.6,Rainy,6.4,6.7,8.6,Wet,Beginner,12.2,277,93.7,13.4,7694.0,1.2,68.1,70.1,204.1,213.7,1,2024-03-23 00:00:00
307,EXC003,OP005,Grading,Low,Rock,32.8,1.5,82.0,Windy,24.4,0.0,41.3,Dry,Beginner,5.7,57,35.3,1.5,10303.0,0.8,51.5,83.9,76.9,71.6,1,2024-11-06 00:00:00
308,EXC005,OP001,Material Loading,Low,Sand,165.6,3.8,97.4,Rainy,18.9,3.3,8.1,Dry,Beginner,9.8,80,31.7,2.5,6724.0,0.8,58.9,92.9,111.0,98.2,1,2024-02-17 00:00:00
309,EXC003,OP003,Demolition,Medium,Gravel,87.5,5.7,44.1,Sunny,33.2,0.0,5.8,Muddy,Intermediate,2.4,16,98.8,13.0,205.0,1.0,66.4,87.7,271.6,259.6,0,2024-12-12 00:00:00
310,EXC001,OP004,Grading,Low,Soil,189.5,1.9,36.3,Sunny,14.1,0.0,14.4,Wet,Beginner,3.3,234,51.6,3.2,5451.0,1.5,58.5,70.2,75.7,73.9,1,2024-10-09 00:00:00
311,EXC004,OP007,Compaction,High,Sand,188.6,2.5,31.9,Rainy,20.6,4.9,6.8,Frozen,Expert,1.1,206,53.5,0.6,11192.0,0.8,75.3,76.3,155.6,156.4,1,2024-12-19 00:00:00
312,EXC004,OP002,Material Loading,Low,Sand,116.3,2.9,45.4,Rainy,41.7,35.3,5.4,Frozen,Intermediate,5.9,185,28.5,6.7,633.0,1.2,73.8,91.8,72.7,55.6,1,2024-04-05 00:00:00
313,EXC002,OP004,Compaction,Medium,Soil,72.9,3.2,9.2,Windy,20.4,0.0,49.4,Dry,Beginner,2.7,151,50.2,7.2,11879.0,0.8,72.4,83.4,87.4,95.8,1,2024-12-03 00:00:00
314,EXC001,OP002,Earth Excavation,Low,Mixed,114.0,3.8,28.5,Rainy,10.7,26.7,10.4,Dry,Intermediate,3.3,14,65.6,6.8,5447.0,1.5,59.7,83.6,99.1,82.7,1,2024-04-23 00:00:00
315,EXC002,OP010,Material Loading,Medium,Rock,210.1,1.7,38.4,Windy,7.8,0.0,31.0,Frozen,Intermediate,10.2,192,30.8,12.7,6878.0,2.0,58.0,66.2,74.5,66.4,1,2024-05-09 00:00:00
316,EXC001,OP002,Grading,Low,Rock,124.5,2.5,91.7,Sunny,39.0,0.0,9.8,Frozen,Beginner,2.1,197,44.4,7.5,3095.0,1.0,89.8,69.6,190.8,179.2,1,2024-01-28 00:00:00
317,EXC001,OP006,Material Loading,Low,Clay,78.7,3.8,7.5,Sunny,6.3,0.0,10.9,Frozen,Intermediate,3.5,17,36.4,10.0,9049.0,1.2,84.6,73.9,38.8,50.6,1,2024-03-17 00:00:00
318,EXC003,OP009,Demolition,Low,Rock,234.3,5.5,99.1,Cloudy,9.9,0.0,11.9,Frozen,Intermediate,12.2,280,107.6,9.8,3491.0,1.5,93.4,71.7,269.7,276.1,1,2024-02-02 00:00:00
319,EXC004,OP006,Material Loading,High,Soil,64.5,5.2,95.4,Cloudy,10.6,0.0,10.4,Dry,Expert,7.8,146,34.5,8.2,8537.0,2.0,77.0,72.6,42.7,32.1,1,2024-11-06 00:00:00
320,EXC005,OP005,Demolition,High,Gravel,126.1,5.8,53.4,Cloudy,22.4,0.0,11.2,Wet,Beginner,6.0,158,111.8,6.7,4176.0,1.0,56.8,88.6,313.7,300.0,1,2024-04-13 00:00:00
321,EXC005,OP009,Demolition,High,Rock,181.5,4.7,92.3,Rainy,33.2,21.7,4.1,Muddy,Intermediate,7.7,152,111.2,5.3,11325.0,0.8,71.2,76.5,299.5,300.0,1,2024-08-16 00:00:00
322,EXC004,OP007,Material Loading,Low,Clay,223.9,0.8,97.5,Cloudy,31.0,0.0,4.3,Muddy,Beginner,3.5,153,46.9,4.8,10534.0,1.5,63.1,80.3,89.4,89.2,1,2024-03-04 00:00:00
323,EXC001,OP006,Grading,Low,Soil,74.4,1.3,64.5,Sunny,16.8,0.0,2.0,Frozen,Expert,9.2,46,45.8,11.5,9560.0,1.2,75.1,91.9,41.9,42.2,1,2024-02-13 00:00:00
324,EXC004,OP005,Compaction,Medium,Mixed,76.6,0.6,77.1,Sunny,21.1,0.0,14.2,Dry,Intermediate,8.2,184,37.1,2.8,5507.0,1.5,59.1,94.0,33.9,30.1,1,2024-10-12 00:00:00
325,EXC004,OP009,Demolition,Low,Clay,132.7,1.3,44.1,Sunny,21.3,0.0,1.6,Dry,Intermediate,13.8,152,117.8,9.2,4785.0,0.8,64.1,93.2,160.5,156.0,1,2024-11-07 00:00:00
326,EXC003,OP004,Trenching,Low,Soil,180.4,4.7,33.1,Sunny,15.5,0.0,7.4,Muddy,Intermediate,4.5,242,87.8,10.2,9011.0,1.2,71.2,88.9,159.8,147.2,1,2024-09-18 00:00:00
327,EXC001,OP005,Earth Excavation,Medium,Rock,191.9,5.7,87.3,Windy,19.9,0.0,40.4,Wet,Beginner,14.9,13,79.1,8.7,1557.0,0.8,85.6,79.0,299.5,300.0,1,2024-10-16 00:00:00
328,EXC002,OP003,Compaction,Low,Mixed,175.0,0.6,99.2,Rainy,14.7,33.2,12.7,Frozen,Expert,2.8,55,30.3,12.8,344.0,1.0,69.9,80.6,124.7,135.6,1,2024-07-30 00:00:00
329,EXC002,OP005,Demolition,High,Clay,40.3,3.7,59.7,Sunny,34.1,0.0,2.2,Frozen,Expert,3.1,140,122.4,11.4,1964.0,0.8,82.9,86.5,197.0,190.5,0,2024-11-25 00:00:00
330,EXC003,OP002,Trenching,Low,Rock,35.8,3.3,12.9,Sunny,15.1,0.0,14.9,Frozen,Beginner,10.7,283,81.0,1.2,5495.0,1.0,57.7,69.1,75.8,74.7,1,2024-03-31 00:00:00
331,EXC001,OP005,Compaction,Medium,Sand,37.8,3.6,73.6,Cloudy,15.4,0.0,13.0,Dry,Expert,4.0,47,48.1,12.7,1127.0,2.0,67.1,93.2,33.2,17.9,1,2024-02-09 00:00:00
332,EXC004,OP010,Earth Excavation,Medium,Mixed,156.6,3.3,63.6,Rainy,38.2,35.0,8.0,Wet,Expert,9.9,281,57.0,9.3,5311.0,1.5,78.1,79.6,87.0,99.8,1,2024-08-07 00:00:00
333,EXC003,OP001,Trenching,Low,Rock,30.8,5.8,87.1,Cloudy,24.0,0.0,3.8,Muddy,Beginner,10.5,299,77.9,6.8,9680.0,2.0,65.7,73.1,54.6,53.0,1,2024-12-30 00:00:00
334,EXC003,OP006,Trenching,Medium,Soil,220.5,1.7,15.3,Windy,5.4,0.0,45.8,Muddy,Beginner,4.2,90,91.7,7.9,1517.0,0.8,94.3,69.1,302.5,300.0,1,2024-10-22 00:00:00
335,EXC001,OP004,Trenching,Low,Soil,230.2,4.0,60.4,Cloudy,12.5,0.0,10.5,Muddy,Beginner,10.3,173,100.7,1.4,10594.0,1.5,85.7,73.7,170.9,165.2,0,2024-09-15 00:00:00
336,EXC003,OP005,Compaction,Medium,Clay,52.0,0.9,7.4,Rainy,38.9,15.6,9.9,Wet,Expert,14.8,39,38.8,10.2,6396.0,1.5,73.4,77.4,26.7,30.1,1,2024-05-01 00:00:00
337,EXC001,OP005,Trenching,Low,Sand,187.4,4.9,50.3,Windy,12.1,0.0,52.2,Frozen,Beginner,5.8,130,74.8,5.1,6218.0,1.2,80.7,69.5,229.1,234.3,1,2024-02-21 00:00:00
338,EXC002,OP006,Demolition,Medium,Gravel,107.6,5.7,89.2,Sunny,25.6,0.0,7.1,Frozen,Intermediate,7.0,7,120.2,1.4,10730.0,1.0,86.8,80.1,248.1,250.4,1,2024-07-22 00:00:00
339,EXC003,OP007,Trenching,Medium,Rock,130.9,3.2,20.8,Windy,24.7,0.0,40.3,Dry,Beginner,2.8,93,93.5,2.7,10305.0,2.0,78.4,85.7,111.1,118.8,1,2024-11-02 00:00:00
340,EXC001,OP003,Material Loading,Low,Rock,123.3,2.6,8.3,Cloudy,15.2,0.0,11.3,Wet,Beginner,8.9,138,26.9,12.2,6604.0,0.8,88.4,91.3,89.3,99.2,1,2024-10-16 00:00:00
341,EXC002,OP009,Trenching,Medium,Soil,31.9,1.0,14.3,Cloudy,27.6,0.0,7.9,Wet,Beginner,7.1,81,86.8,10.5,399.0,1.2,85.0,95.0,52.8,58.0,1,2024-11-23 00:00:00
342,EXC005,OP001,Trenching,High,Soil,179.1,2.2,66.1,Cloudy,35.8,0.0,7.1,Muddy,Intermediate,12.4,273,78.8,6.2,4312.0,2.0,76.2,80.3,108.2,103.2,1,2024-07-18 00:00:00
343,EXC003,OP008,Grading,High,Clay,165.7,0.8,67.3,Cloudy,23.7,0.0,6.8,Dry,Intermediate,10.9,112,44.3,11.5,10186.0,1.0,64.7,88.6,128.4,124.3,1,2024-02-11 00:00:00
344,EXC002,OP008,Grading,High,Soil,138.5,2.6,89.1,Cloudy,33.6,0.0,7.9,Wet,Beginner,14.3,23,45.3,6.7,9499.0,1.5,57.6,74.4,93.8,100.1,1,2024-08-19 00:00:00
345,EXC005,OP002,Earth Excavation,Low,Soil,236.0,3.2,8.2,Windy,26.3,0.0,37.9,Wet,Intermediate,0.7,223,64.2,13.0,7516.0,0.8,72.2,85.4,218.4,220.5,1,2024-03-26 00:00:00
346,EXC002,OP001,Grading,Medium,Mixed,247.9,4.5,37.2,Windy,27.2,0.0,14.0,Frozen,Expert,3.7,250,38.9,6.6,2581.0,1.5,92.9,97.9,90.5,92.6,1,2024-05-02 00:00:00
347,EXC001,OP003,Trenching,Low,Gravel,77.8,5.5,13.1,Sunny,17.0,0.0,7.9,Dry,Beginner,5.6,194,93.9,8.0,712.0,1.2,75.4,87.5,98.9,86.0,1,2024-12-09 00:00:00
348,EXC002,OP002,Earth Excavation,High,Clay,43.8,4.1,42.8,Rainy,34.7,46.9,14.4,Muddy,Expert,6.7,142,60.3,4.3,7382.0,0.8,78.3,85.5,138.1,134.4,1,2024-02-15 00:00:00
349,EXC001,OP007,Grading,Low,Mixed,109.2,3.4,71.1,Rainy,16.7,23.9,12.3,Muddy,Expert,11.3,111,43.8,12.2,11851.0,1.5,83.6,84.9,72.2,68.0,1,2024-09-13 00:00:00
350,EXC004,OP009,Grading,Medium,Sand,141.9,2.3,21.1,Sunny,14.6,0.0,13.7,Frozen,Intermediate,5.0,81,47.6,14.6,3049.0,1.2,82.5,83.9,87.7,90.5,1,2024-07-24 00:00:00
351,EXC005,OP006,Demolition,Low,Clay,150.7,3.8,41.3,Rainy,33.6,36.2,10.7,Frozen,Intermediate,10.9,290,100.8,13.4,7226.0,1.5,55.4,85.9,183.3,186.2,1,2024-03-29 00:00:00
352,EXC005,OP009,Demolition,Low,Rock,117.1,1.0,58.7,Cloudy,24.9,0.0,2.6,Dry,Expert,9.2,253,118.4,8.7,9329.0,1.2,66.3,73.2,125.3,120.4,1,2024-03-12 00:00:00
353,EXC005,OP008,Earth Excavation,High,Gravel,90.4,4.7,35.1,Windy,28.3,0.0,39.9,Dry,Expert,1.3,38,64.0,0.6,882.0,2.0,61.6,94.9,73.9,55.1,1,2024-11-20 00:00:00
354,EXC001,OP006,Demolition,Medium,Sand,161.7,3.4,89.6,Cloudy,21.8,0.0,12.2,Muddy,Beginner,1.3,177,124.2,0.5,6434.0,2.0,53.3,97.2,173.7,167.8,0,2024-05-19 00:00:00
355,EXC001,OP002,Grading,Low,Soil,245.6,2.4,50.9,Rainy,8.7,26.1,9.0,Muddy,Expert,4.1,0,67.9,9.4,10816.0,2.0,60.3,71.9,84.4,84.5,1,2024-04-05 00:00:00
356,EXC002,OP004,Demolition,Low,Mixed,48.8,1.8,96.4,Sunny,40.6,0.0,5.7,Muddy,Beginner,5.2,159,106.1,7.9,3642.0,0.8,94.1,72.3,225.5,224.5,1,2024-11-08 00:00:00
357,EXC005,OP003,Demolition,Medium,Clay,32.7,2.0,10.9,Cloudy,18.9,0.0,12.2,Wet,Beginner,10.9,212,110.7,14.2,5239.0,0.8,79.9,72.2,126.9,135.2,1,2024-05-25 00:00:00
358,EXC005,OP007,Earth Excavation,Low,Mixed,204.9,1.6,65.1,Windy,33.0,0.0,47.3,Frozen,Beginner,4.4,160,63.1,3.1,4072.0,2.0,71.6,83.9,108.3,111.0,1,2024-06-23 00:00:00
359,EXC003,OP009,Earth Excavation,Low,Sand,86.3,3.6,10.9,Sunny,15.0,0.0,0.7,Frozen,Intermediate,9.8,44,61.5,8.7,4182.0,1.2,93.1,84.3,56.1,60.5,1,2024-06-10 00:00:00
360,EXC004,OP005,Compaction,High,Clay,31.5,5.8,87.5,Cloudy,15.8,0.0,15.0,Muddy,Expert,5.1,129,44.7,7.2,10245.0,1.0,63.7,79.9,68.5,63.5,1,2024-09-04 00:00:00
361,EXC001,OP008,Material Loading,Low,Clay,122.8,4.4,77.7,Rainy,8.5,42.6,10.9,Frozen,Beginner,5.4,180,20.1,11.6,8794.0,1.0,75.1,89.2,136.9,132.6,1,2024-11-11 00:00:00
362,EXC003,OP002,Demolition,Medium,Clay,128.8,3.6,80.8,Sunny,39.5,0.0,6.3,Dry,Expert,10.9,78,118.7,3.4,6508.0,1.2,51.0,81.6,131.3,139.7,1,2024-01-03 00:00:00
363,EXC002,OP008,Demolition,High,Mixed,86.9,2.9,70.5,Windy,18.2,0.0,13.4,Muddy,Beginner,6.3,48,111.2,4.3,4034.0,1.0,79.6,82.4,311.8,300.0,1,2024-08-12 00:00:00
364,EXC003,OP006,Earth Excavation,Medium,Mixed,112.3,2.4,5.5,Cloudy,41.3,0.0,9.1,Muddy,Expert,6.3,172,61.8,8.4,678.0,1.5,57.8,85.6,53.8,63.5,1,2024-10-24 00:00:00
365,EXC004,OP007,Demolition,High,Mixed,73.0,1.7,23.8,Rainy,24.4,6.8,9.9,Frozen,Beginner,2.0,57,125.7,0.9,3968.0,2.0,94.5,75.0,150.1,164.5,1,2024-12-14 00:00:00
366,EXC003,OP007,Material Loading,Medium,Gravel,155.2,2.1,71.8,Windy,35.3,0.0,33.3,Wet,Intermediate,14.8,184,35.4,13.2,2524.0,2.0,85.4,84.8,22.4,40.6,0,2024-07-15 00:00:00
367,EXC005,OP003,Trenching,Medium,Rock,41.2,5.4,83.5,Windy,25.2,0.0,11.1,Frozen,Expert,8.7,188,86.7,1.3,3980.0,1.0,91.1,76.8,104.8,102.2,1,2024-03-25 00:00:00
368,EXC001,OP008,Compaction,Low,Rock,192.8,4.5,13.2,Cloudy,10.9,0.0,2.0,Muddy,Intermediate,14.0,259,54.3,13.7,9609.0,1.5,55.3,84.0,62.6,74.6,1,2024-02-22 00:00:00
369,EXC004,OP007,Grading,High,Gravel,229.7,4.0,48.3,Rainy,29.4,44.0,7.2,Dry,Beginner,8.2,236,48.5,7.1,1057.0,2.0,55.7,78.0,122.6,125.4,1,2024-08-01 00:00:00
370,EXC003,OP003,Trenching,High,Mixed,101.9,0.8,8.5,Sunny,19.5,0.0,14.0,Frozen,Beginner,11.1,190,89.7,5.6,11623.0,1.2,69.3,74.1,150.3,135.9,1,2024-08-28 00:00:00
371,EXC004,OP006,Demolition,High,Clay,59.1,5.5,56.9,Rainy,15.5,43.9,0.8,Frozen,Intermediate,5.1,143,107.3,8.3,4210.0,1.5,61.9,69.3,235.2,222.8,1,2024-11-21 00:00:00
372,EXC005,OP001,Material Loading,High,Sand,174.3,3.1,78.2,Cloudy,38.2,0.0,12.4,Dry,Beginner,3.2,272,43.1,1.8,2199.0,1.0,85.3,95.2,94.5,100.1,1,2024-10-27 00:00:00
373,EXC001,OP003,Grading,Low,Soil,123.7,2.4,38.8,Sunny,19.0,0.0,14.2,Frozen,Expert,1.4,164,41.0,2.2,9518.0,1.2,55.8,66.1,56.0,59.3,1,2024-11-19 00:00:00
374,EXC003,OP008,Demolition,High,Mixed,250.0,4.7,56.0,Cloudy,14.4,0.0,4.8,Wet,Intermediate,8.0,271,117.3,8.4,361.0,1.0,93.2,84.0,308.5,300.0,1,2024-02-04 00:00:00
375,EXC003,OP007,Grading,Medium,Rock,223.1,3.0,14.2,Windy,8.9,0.0,19.9,Wet,Beginner,4.6,56,57.3,7.7,9035.0,1.2,94.7,70.3,206.7,214.5,1,2024-08-21 00:00:00
376,EXC002,OP007,Earth Excavation,High,Soil,108.7,1.7,92.1,Cloudy,37.6,0.0,12.3,Wet,Expert,10.9,110,60.2,2.7,771.0,0.8,79.4,86.2,142.8,127.9,1,2024-04-24 00:00:00
377,EXC002,OP002,Earth Excavation,Medium,Sand,190.9,4.9,15.8,Windy,29.2,0.0,34.1,Wet,Intermediate,8.8,285,69.4,1.1,10893.0,1.2,50.2,72.0,125.5,113.2,1,2024-05-12 00:00:00
378,EXC002,OP002,Material Loading,High,Rock,135.6,2.0,45.3,Cloudy,38.6,0.0,7.5,Wet,Intermediate,13.8,118,34.6,8.5,9272.0,1.2,63.2,91.1,75.0,72.4,1,2024-12-11 00:00:00
379,EXC001,OP006,Trenching,High,Soil,193.6,2.3,52.7,Sunny,29.5,0.0,0.4,Dry,Expert,7.8,133,71.0,11.1,2421.0,1.0,74.0,89.3,178.8,172.2,1,2024-09-13 00:00:00
380,EXC004,OP007,Grading,Low,Soil,142.7,5.3,68.9,Rainy,18.4,1.0,0.9,Muddy,Intermediate,5.6,171,48.4,7.2,2169.0,1.5,58.5,72.6,97.4,93.0,1,2024-02-10 00:00:00
381,EXC004,OP001,Trenching,Medium,Sand,241.5,3.3,83.2,Sunny,9.8,0.0,4.0,Wet,Intermediate,14.2,292,76.7,6.1,7851.0,1.0,74.8,75.1,181.2,171.3,1,2024-07-26 00:00:00
382,EXC001,OP002,Compaction,High,Clay,232.3,2.1,35.5,Rainy,36.6,44.7,13.7,Dry,Intermediate,4.8,281,45.6,2.2,5392.0,1.5,63.3,94.2,115.8,107.1,1,2024-08-25 00:00:00
383,EXC002,OP005,Grading,Low,Clay,245.9,5.5,7.7,Cloudy,5.7,0.0,5.5,Dry,Beginner,4.2,237,51.5,12.8,2094.0,2.0,75.0,77.5,76.9,88.8,1,2024-08-15 00:00:00
384,EXC005,OP008,Demolition,High,Sand,225.4,2.1,71.9,Sunny,20.0,0.0,9.0,Frozen,Beginner,15.0,4,111.7,14.8,6249.0,1.5,75.8,94.6,270.2,265.8,1,2024-11-23 00:00:00
385,EXC002,OP009,Earth Excavation,High,Soil,118.7,4.9,32.9,Rainy,30.3,36.3,12.7,Wet,Intermediate,5.1,41,58.1,11.3,1457.0,1.5,68.8,66.8,167.4,163.2,1,2024-07-27 00:00:00
386,EXC001,OP007,Compaction,High,Mixed,30.6,3.2,95.2,Rainy,26.2,18.6,0.5,Muddy,Intermediate,13.8,140,43.8,5.2,8516.0,0.8,81.2,73.4,78.1,84.5,1,2024-10-26 00:00:00
387,EXC004,OP006,Material Loading,Medium,Mixed,197.6,4.9,78.8,Sunny,10.3,0.0,8.3,Wet,Beginner,6.6,280,30.4,14.9,7918.0,1.5,56.5,79.9,95.8,96.8,1,2024-04-02 00:00:00
388,EXC003,OP001,Trenching,High,Mixed,146.3,2.0,96.5,Rainy,38.7,48.6,15.0,Wet,Intermediate,10.2,223,87.5,7.0,10239.0,1.2,51.1,92.5,213.4,217.8,1,2024-01-12 00:00:00
389,EXC002,OP007,Grading,Medium,Mixed,158.5,2.2,83.9,Sunny,9.1,0.0,8.7,Wet,Beginner,2.8,192,53.5,8.2,6720.0,2.0,69.2,81.8,57.0,78.1,1,2024-05-15 00:00:00
390,EXC002,OP004,Compaction,High,Rock,40.0,3.5,83.9,Cloudy,33.5,0.0,6.6,Dry,Beginner,3.3,285,34.6,13.0,870.0,1.0,68.0,93.3,83.8,91.6,1,2024-02-25 00:00:00
391,EXC001,OP003,Demolition,Medium,Soil,211.1,2.7,75.2,Cloudy,21.3,0.0,1.4,Muddy,Beginner,6.9,244,122.2,7.9,5603.0,1.2,91.0,91.0,303.1,300.0,1,2024-06-11 00:00:00
392,EXC004,OP003,Demolition,High,Clay,123.4,5.5,16.4,Sunny,6.0,0.0,5.2,Frozen,Intermediate,8.7,143,109.8,5.6,11316.0,2.0,61.5,74.3,151.0,151.2,1,2024-12-22 00:00:00
393,EXC005,OP009,Material Loading,Low,Clay,239.6,4.3,45.6,Sunny,12.4,0.0,13.1,Frozen,Beginner,3.4,88,34.9,10.7,9207.0,1.0,72.7,72.4,149.2,152.4,1,2024-12-25 00:00:00
394,EXC003,OP007,Trenching,Medium,Sand,120.7,4.0,74.9,Sunny,14.0,0.0,13.1,Muddy,Expert,6.0,209,90.6,4.4,2502.0,0.8,86.2,76.7,172.1,174.1,1,2024-05-03 00:00:00
395,EXC005,OP008,Demolition,Low,Sand,184.3,1.9,57.6,Sunny,16.8,0.0,8.3,Frozen,Intermediate,10.1,194,109.7,14.6,5577.0,1.5,76.0,75.5,150.7,145.4,1,2024-05-26 00:00:00
396,EXC001,OP002,Compaction,Medium,Clay,49.8,4.3,62.3,Sunny,17.5,0.0,3.9,Frozen,Intermediate,10.9,214,40.6,11.2,4061.0,1.5,89.4,73.9,33.9,37.2,1,2024-07-04 00:00:00
397,EXC005,OP006,Material Loading,Low,Soil,214.7,3.7,50.9,Rainy,14.7,39.6,3.0,Wet,Intermediate,4.0,183,24.7,12.7,8946.0,1.5,51.8,69.2,77.4,82.4,1,2024-11-09 00:00:00
398,EXC001,OP003,Earth Excavation,High,Soil,149.2,1.2,66.6,Windy,33.8,0.0,58.5,Wet,Expert,14.3,26,72.6,4.5,547.0,0.8,64.8,88.4,168.8,159.4,1,2024-09-14 00:00:00
399,EXC005,OP009,Earth Excavation,Medium,Rock,62.9,2.6,67.3,Windy,26.6,0.0,13.7,Wet,Beginner,14.4,187,59.2,4.9,4436.0,1.5,92.5,86.9,82.6,72.1,1,2024-02-28 00:00:00
400,EXC003,OP008,Material Loading,High,Mixed,222.1,5.5,98.1,Sunny,37.7,0.0,0.8,Dry,Expert,14.0,282,47.1,6.7,7889.0,1.2,67.7,91.9,74.0,65.4,0,2024-06-09 00:00:00
401,EXC004,OP010,Trenching,High,Sand,45.4,1.4,64.2,Cloudy,16.3,0.0,3.2,Dry,Intermediate,3.8,50,81.5,3.6,7550.0,2.0,66.3,87.7,37.3,37.4,1,2024-11-17 00:00:00
402,EXC004,OP007,Trenching,Medium,Mixed,225.1,0.8,84.6,Windy,30.1,0.0,28.0,Muddy,Expert,4.2,84,75.7,2.0,11305.0,1.5,56.4,73.6,169.6,161.1,1,2024-07-05 00:00:00
403,EXC004,OP003,Compaction,Low,Rock,63.0,3.4,6.3,Sunny,33.9,0.0,13.5,Wet,Intermediate,12.7,133,41.4,14.4,10857.0,1.0,67.9,94.6,43.1,44.4,1,2024-08-29 00:00:00
404,EXC005,OP001,Demolition,High,Gravel,237.7,1.0,87.1,Cloudy,7.1,0.0,5.1,Frozen,Beginner,2.5,11,110.9,7.4,2941.0,1.2,92.8,83.5,303.8,300.0,1,2024-09-13 00:00:00
405,EXC003,OP003,Trenching,High,Rock,242.5,4.5,69.3,Windy,18.4,0.0,10.1,Dry,Intermediate,4.0,99,78.5,11.6,8576.0,1.0,78.2,71.4,296.5,300.0,1,2024-09-19 00:00:00
406,EXC001,OP005,Material Loading,High,Sand,160.1,2.5,58.6,Cloudy,16.8,0.0,0.0,Frozen,Expert,13.1,170,38.2,6.7,6007.0,1.2,53.8,92.6,50.9,46.2,1,2024-12-05 00:00:00
407,EXC004,OP008,Compaction,High,Clay,182.3,2.7,76.4,Windy,38.6,0.0,45.2,Wet,Intermediate,14.1,91,43.7,9.0,7010.0,1.0,81.9,94.1,155.3,148.3,1,2024-05-16 00:00:00
408,EXC005,OP007,Earth Excavation,Low,Soil,245.7,2.8,55.7,Cloudy,13.4,0.0,6.7,Wet,Expert,14.8,190,60.1,7.6,304.0,0.8,60.9,97.3,100.4,111.5,1,2024-07-29 00:00:00
409,EXC003,OP008,Grading,High,Mixed,131.8,1.1,37.2,Windy,7.4,0.0,23.2,Dry,Beginner,14.9,23,55.9,1.1,10336.0,1.2,73.8,79.9,80.6,91.9,1,2024-03-23 00:00:00
410,EXC002,OP010,Compaction,Medium,Soil,162.2,3.8,33.1,Windy,14.6,0.0,57.3,Wet,Expert,11.1,71,32.2,2.3,11265.0,2.0,76.2,76.0,36.6,42.8,1,2024-09-16 00:00:00
411,EXC002,OP003,Demolition,High,Soil,183.7,3.8,46.8,Cloudy,29.0,0.0,13.5,Wet,Intermediate,12.1,125,108.9,12.5,3249.0,0.8,74.9,66.5,304.8,300.0,1,2024-09-05 00:00:00
412,EXC002,OP002,Material Loading,High,Gravel,75.4,5.0,13.8,Rainy,24.0,26.0,8.6,Muddy,Expert,13.3,227,27.5,9.5,11689.0,1.0,89.2,72.1,68.0,63.0,1,2024-03-25 00:00:00
413,EXC005,OP006,Demolition,Medium,Rock,244.7,1.6,42.3,Rainy,40.7,34.5,8.9,Frozen,Expert,8.3,187,111.2,1.6,10742.0,1.5,75.7,82.8,242.6,243.1,0,2024-07-14 00:00:00
414,EXC003,OP009,Material Loading,Low,Mixed,167.3,4.9,68.5,Windy,36.5,0.0,15.7,Wet,Expert,13.9,137,31.4,13.6,6326.0,1.2,78.1,72.0,41.8,56.7,1,2024-04-04 00:00:00
415,EXC005,OP008,Demolition,Low,Mixed,103.7,4.0,96.3,Cloudy,20.9,0.0,14.6,Muddy,Intermediate,10.2,18,116.0,9.3,2998.0,0.8,88.3,83.9,280.5,287.9,1,2024-02-09 00:00:00
416,EXC003,OP001,Demolition,Low,Clay,65.8,5.7,67.3,Cloudy,13.5,0.0,3.1,Dry,Expert,13.9,96,116.1,9.3,10746.0,1.5,55.0,95.5,53.5,57.7,1,2024-12-15 00:00:00
417,EXC004,OP009,Trenching,Medium,Soil,64.0,0.9,42.2,Windy,6.9,0.0,29.7,Wet,Beginner,2.5,206,72.4,11.1,10034.0,0.8,59.0,90.3,171.1,166.7,1,2024-12-04 00:00:00
418,EXC002,OP002,Grading,Medium,Mixed,190.9,2.4,51.3,Rainy,10.8,48.7,10.9,Frozen,Expert,4.4,237,59.8,5.9,5185.0,0.8,83.6,95.5,169.5,171.1,1,2024-07-03 00:00:00
419,EXC005,OP003,Grading,Low,Soil,106.9,1.9,75.6,Cloudy,40.1,0.0,6.9,Wet,Expert,0.6,202,64.2,10.5,5098.0,2.0,62.5,65.1,40.7,42.0,1,2024-10-04 00:00:00
420,EXC002,OP010,Compaction,High,Soil,111.6,5.8,90.0,Cloudy,16.7,0.0,0.5,Muddy,Intermediate,5.0,223,51.0,3.5,6658.0,1.5,91.3,93.7,93.8,86.4,1,2024-01-24 00:00:00
421,EXC002,OP006,Material Loading,High,Sand,155.0,4.9,50.2,Sunny,12.1,0.0,9.6,Frozen,Expert,1.7,205,38.6,9.0,2710.0,1.0,87.3,68.6,107.8,103.2,1,2024-12-02 00:00:00
422,EXC001,OP005,Material Loading,Medium,Sand,61.0,0.6,9.8,Sunny,38.4,0.0,13.2,Muddy,Beginner,12.2,249,35.3,3.4,6400.0,1.5,85.8,87.3,16.8,21.4,1,2024-06-25 00:00:00
423,EXC001,OP006,Material Loading,Medium,Mixed,196.5,2.3,16.1,Windy,20.6,0.0,37.4,Frozen,Beginner,3.5,172,33.7,6.4,7701.0,1.2,82.5,92.6,117.0,102.3,1,2024-11-02 00:00:00
424,EXC004,OP007,Trenching,Medium,Clay,158.2,2.9,58.8,Cloudy,29.8,0.0,6.5,Wet,Beginner,7.0,216,69.7,10.7,918.0,2.0,74.3,83.1,123.3,122.9,1,2024-03-02 00:00:00
425,EXC002,OP003,Grading,High,Sand,71.6,4.4,88.6,Windy,30.2,0.0,44.3,Frozen,Expert,7.8,26,41.2,9.7,3674.0,1.0,87.2,96.1,98.8,92.1,1,2024-07-11 00:00:00
426,EXC003,OP008,Grading,Medium,Mixed,203.8,1.8,96.6,Sunny,26.9,0.0,0.1,Wet,Beginner,0.9,84,46.6,13.3,7814.0,1.2,84.3,90.9,189.5,186.2,1,2024-10-05 00:00:00
427,EXC004,OP006,Earth Excavation,Low,Rock,34.9,2.9,69.6,Cloudy,9.1,0.0,11.9,Frozen,Expert,14.2,292,75.5,1.8,2005.0,1.0,58.9,67.6,44.2,43.0,1,2024-06-22 00:00:00
428,EXC002,OP009,Grading,Medium,Gravel,140.8,2.6,52.8,Cloudy,24.3,0.0,5.4,Frozen,Beginner,7.0,116,54.9,12.1,5115.0,1.5,51.2,74.3,103.2,105.7,0,2024-10-22 00:00:00
429,EXC001,OP006,Compaction,Low,Gravel,200.2,5.1,94.5,Windy,7.3,0.0,50.0,Frozen,Intermediate,10.8,121,41.7,3.5,11194.0,2.0,89.9,85.0,72.3,67.4,0,2024-12-01 00:00:00
430,EXC002,OP010,Earth Excavation,High,Sand,179.8,2.0,59.1,Windy,13.9,0.0,57.3,Dry,Expert,13.0,171,72.4,4.7,6440.0,1.2,72.5,96.7,88.8,93.7,1,2024-07-19 00:00:00
431,EXC002,OP010,Material Loading,Medium,Clay,121.4,1.2,84.2,Cloudy,35.4,0.0,10.4,Muddy,Expert,11.4,11,25.5,4.3,7776.0,1.2,58.9,95.8,72.6,54.7,1,2024-02-22 00:00:00
432,EXC004,OP005,Trenching,Low,Clay,244.3,2.4,52.9,Rainy,32.6,27.6,11.2,Dry,Beginner,10.1,66,77.3,9.3,7866.0,1.0,86.0,88.4,284.6,294.7,1,2024-04-19 00:00:00
433,EXC004,OP003,Demolition,Low,Rock,84.3,2.8,40.0,Sunny,38.2,0.0,6.8,Frozen,Expert,10.6,283,102.2,12.0,7609.0,1.5,86.1,78.2,90.2,94.0,1,2024-01-04 00:00:00
434,EXC003,OP009,Earth Excavation,Medium,Gravel,30.4,5.2,39.4,Sunny,10.2,0.0,6.6,Wet,Beginner,7.5,107,75.6,9.7,6390.0,1.2,52.0,93.8,51.0,56.9,1,2024-08-25 00:00:00
435,EXC002,OP007,Earth Excavation,Medium,Mixed,95.8,5.9,67.9,Rainy,20.5,11.1,11.2,Frozen,Beginner,4.3,218,73.1,2.9,2023.0,0.8,78.9,67.3,284.3,278.0,1,2024-11-14 00:00:00
436,EXC004,OP008,Compaction,Low,Mixed,179.5,2.4,9.7,Sunny,16.2,0.0,13.6,Muddy,Beginner,6.5,277,58.8,13.0,6202.0,0.8,73.3,65.2,160.0,159.4,1,2024-05-23 00:00:00
437,EXC001,OP002,Trenching,Low,Soil,42.6,2.3,35.5,Cloudy,19.0,0.0,10.3,Muddy,Expert,4.1,96,85.8,7.2,7809.0,1.0,92.7,97.3,71.9,55.8,1,2024-01-14 00:00:00
438,EXC005,OP001,Grading,High,Rock,248.3,5.6,12.2,Cloudy,29.3,0.0,6.9,Wet,Intermediate,10.5,181,40.7,9.2,10693.0,1.0,53.0,76.5,228.8,224.3,1,2024-10-10 00:00:00
439,EXC002,OP002,Compaction,High,Sand,163.8,4.8,87.2,Rainy,14.1,6.4,11.7,Dry,Beginner,4.2,151,42.2,1.0,9938.0,1.5,64.7,65.4,114.4,128.9,1,2024-07-13 00:00:00
440,EXC004,OP004,Earth Excavation,Low,Soil,76.2,2.4,50.4,Cloudy,20.5,0.0,1.9,Wet,Beginner,1.1,116,53.2,1.0,4332.0,1.2,82.3,69.3,86.0,88.5,1,2024-03-12 00:00:00
441,EXC001,OP003,Earth Excavation,Medium,Mixed,138.5,4.5,76.3,Sunny,23.8,0.0,13.9,Wet,Expert,14.9,108,64.6,5.7,1685.0,2.0,60.1,82.5,57.3,58.9,1,2024-10-01 00:00:00
442,EXC003,OP009,Material Loading,Low,Sand,175.2,1.4,73.8,Windy,26.0,0.0,30.1,Muddy,Intermediate,10.6,136,31.1,12.9,9389.0,0.8,74.5,88.8,99.1,98.3,1,2024-03-27 00:00:00
443,EXC001,OP007,Material Loading,Low,Soil,161.0,1.1,30.6,Cloudy,29.6,0.0,6.0,Dry,Beginner,6.6,169,27.8,12.1,11817.0,0.8,53.6,68.4,88.3,88.0,1,2024-07-03 00:00:00
444,EXC005,OP006,Material Loading,Low,Sand,161.1,1.4,96.0,Cloudy,14.3,0.0,10.9,Frozen,Beginner,3.9,240,44.8,9.4,7979.0,1.0,64.8,92.0,80.5,86.2,1,2024-07-23 00:00:00
445,EXC003,OP010,Material Loading,Medium,Gravel,119.9,1.5,31.6,Rainy,9.7,10.6,11.7,Wet,Beginner,8.5,272,26.2,0.8,9505.0,1.0,89.6,92.2,65.4,76.1,1,2024-07-09 00:00:00
446,EXC001,OP009,Demolition,Medium,Sand,114.5,2.7,65.8,Sunny,32.3,0.0,13.2,Frozen,Expert,13.2,4,116.1,11.0,11491.0,2.0,58.0,96.4,59.5,69.0,1,2024-05-22 00:00:00
447,EXC002,OP006,Grading,Medium,Clay,182.8,1.5,18.1,Rainy,10.5,30.0,11.7,Frozen,Beginner,9.2,239,47.4,12.2,7179.0,1.5,93.9,77.9,132.8,128.4,1,2024-04-18 00:00:00
448,EXC003,OP009,Demolition,Low,Mixed,77.1,2.6,86.1,Windy,27.1,0.0,13.4,Wet,Beginner,7.4,229,89.2,1.8,4993.0,1.0,68.2,86.4,177.2,173.1,1,2024-04-21 00:00:00
449,EXC001,OP004,Earth Excavation,High,Gravel,188.8,5.7,65.3,Sunny,5.9,0.0,7.5,Wet,Intermediate,2.7,233,76.2,1.2,7262.0,2.0,51.6,90.9,126.2,108.0,1,2024-07-26 00:00:00
450,EXC002,OP008,Trenching,Medium,Clay,71.5,5.5,79.5,Windy,17.7,0.0,57.4,Wet,Expert,4.0,255,80.1,6.4,9800.0,0.8,69.9,72.7,190.7,195.5,1,2024-06-06 00:00:00
451,EXC003,OP010,Compaction,Medium,Mixed,194.4,2.8,76.0,Sunny,5.3,0.0,5.2,Dry,Expert,6.9,288,63.3,7.3,9035.0,1.5,67.1,76.6,56.0,58.6,1,2024-06-20 00:00:00
452,EXC001,OP002,Demolition,High,Clay,235.4,1.3,16.1,Windy,7.6,0.0,48.3,Dry,Intermediate,11.9,131,113.5,10.6,829.0,1.2,82.5,79.8,279.6,291.8,1,2024-12-19 00:00:00
453,EXC005,OP001,Compaction,Medium,Clay,30.5,3.9,28.2,Rainy,18.9,35.3,8.4,Frozen,Intermediate,5.8,95,56.3,2.9,6165.0,1.2,91.1,82.6,55.9,47.2,1,2024-10-04 00:00:00
454,EXC002,OP008,Earth Excavation,Low,Soil,167.5,3.4,59.1,Sunny,28.6,0.0,12.4,Frozen,Expert,9.2,34,64.5,11.4,3516.0,1.5,94.0,66.1,87.5,86.2,1,2024-05-13 00:00:00
455,EXC001,OP009,Compaction,High,Soil,244.1,4.0,88.0,Windy,14.1,0.0,34.4,Wet,Intermediate,0.9,35,42.2,0.6,8524.0,2.0,74.7,88.0,117.7,111.2,1,2024-03-20 00:00:00
456,EXC001,OP005,Demolition,Low,Mixed,186.4,5.0,33.8,Sunny,41.7,0.0,13.6,Muddy,Beginner,7.5,278,98.1,11.0,6383.0,1.0,84.2,92.3,303.4,300.0,1,2024-05-25 00:00:00
457,EXC002,OP006,Trenching,Medium,Soil,153.3,2.5,9.2,Cloudy,9.1,0.0,2.1,Muddy,Expert,5.8,19,68.0,9.3,3830.0,0.8,61.9,78.5,177.4,193.3,1,2024-07-07 00:00:00
458,EXC003,OP001,Compaction,Low,Mixed,248.9,0.7,84.3,Cloudy,36.7,0.0,13.8,Frozen,Intermediate,7.4,99,41.6,11.9,2502.0,1.5,77.1,76.8,98.4,86.2,1,2024-04-27 00:00:00
459,EXC001,OP006,Earth Excavation,High,Clay,210.1,4.3,7.9,Rainy,17.4,23.3,5.4,Muddy,Beginner,2.2,27,61.3,3.5,490.0,0.8,62.0,92.1,296.0,300.0,1,2024-12-12 00:00:00
460,EXC003,OP001,Trenching,Low,Clay,115.3,3.6,97.2,Windy,16.6,0.0,36.0,Muddy,Expert,7.5,158,90.4,10.9,8817.0,1.2,82.8,71.7,142.4,149.3,1,2024-05-13 00:00:00
461,EXC001,OP001,Compaction,Medium,Soil,64.2,3.6,63.8,Cloudy,36.5,0.0,9.1,Wet,Expert,14.4,257,49.6,13.1,4315.0,0.8,93.1,73.5,54.6,56.3,1,2024-01-11 00:00:00
462,EXC002,OP002,Material Loading,Low,Gravel,139.1,3.9,35.0,Sunny,10.4,0.0,6.5,Dry,Intermediate,14.2,138,21.9,3.8,8175.0,1.5,52.2,88.7,41.9,31.1,1,2024-05-06 00:00:00
463,EXC002,OP002,Compaction,Medium,Clay,231.2,3.0,15.2,Windy,13.5,0.0,30.4,Muddy,Intermediate,5.2,173,31.6,13.1,8208.0,2.0,72.1,78.1,89.0,80.7,1,2024-06-01 00:00:00
464,EXC004,OP007,Earth Excavation,Low,Soil,137.3,3.2,78.5,Cloudy,6.3,0.0,6.4,Frozen,Expert,1.9,144,78.2,6.3,11809.0,2.0,83.9,97.5,55.5,53.8,1,2024-06-18 00:00:00
465,EXC002,OP008,Demolition,Medium,Gravel,62.1,3.6,28.3,Cloudy,15.9,0.0,7.5,Muddy,Intermediate,2.9,105,110.1,14.5,5474.0,1.0,51.3,92.8,168.8,181.9,1,2024-10-09 00:00:00
466,EXC005,OP003,Material Loading,High,Soil,193.7,5.9,99.3,Cloudy,34.0,0.0,2.4,Dry,Beginner,14.7,293,46.9,5.3,4137.0,0.8,80.9,66.6,144.4,147.6,1,2024-05-22 00:00:00
467,EXC001,OP009,Grading,High,Sand,55.5,2.2,39.3,Rainy,30.3,39.4,14.4,Frozen,Expert,4.8,75,59.4,7.7,542.0,1.5,66.8,84.6,68.2,54.1,1,2024-01-04 00:00:00
468,EXC004,OP004,Material Loading,Medium,Sand,76.1,3.5,90.5,Windy,19.5,0.0,31.5,Frozen,Beginner,14.8,51,38.7,2.1,8526.0,2.0,88.3,70.0,29.7,33.4,1,2024-11-14 00:00:00
469,EXC005,OP005,Compaction,High,Mixed,162.2,0.7,86.3,Windy,6.7,0.0,25.7,Dry,Intermediate,13.9,142,48.9,14.3,11904.0,1.2,58.0,81.1,94.2,98.8,1,2024-12-07 00:00:00
470,EXC001,OP006,Material Loading,Low,Mixed,65.2,2.7,14.6,Windy,39.6,0.0,42.6,Muddy,Beginner,1.9,129,43.6,11.9,4547.0,0.8,61.0,83.8,78.0,82.4,1,2024-05-05 00:00:00
471,EXC003,OP001,Compaction,Low,Sand,155.7,1.4,94.4,Rainy,37.8,16.8,11.6,Dry,Beginner,1.9,40,48.8,11.2,3533.0,1.2,80.5,80.5,122.5,115.0,1,2024-01-18 00:00:00
472,EXC004,OP010,Grading,Medium,Soil,174.5,5.1,45.0,Windy,25.3,0.0,38.9,Wet,Beginner,5.0,214,43.5,1.3,250.0,1.5,87.6,71.6,119.7,114.6,0,2024-09-11 00:00:00
473,EXC005,OP008,Earth Excavation,High,Rock,189.9,4.3,34.5,Rainy,41.4,32.4,9.1,Muddy,Intermediate,1.5,189,63.6,4.6,5474.0,0.8,73.1,90.2,303.4,300.0,1,2024-03-16 00:00:00
474,EXC003,OP003,Demolition,High,Soil,156.2,1.7,99.9,Sunny,11.5,0.0,5.0,Muddy,Beginner,3.0,11,108.9,7.2,5143.0,2.0,72.1,95.6,230.5,234.6,0,2024-03-28 00:00:00
475,EXC004,OP002,Material Loading,Medium,Rock,76.5,4.6,68.6,Windy,25.9,0.0,53.2,Wet,Intermediate,11.9,198,30.6,10.2,8044.0,1.5,73.6,80.3,36.0,46.4,1,2024-11-22 00:00:00
476,EXC004,OP003,Grading,Medium,Rock,241.6,5.2,58.3,Rainy,19.9,36.8,7.9,Wet,Beginner,14.6,85,46.5,1.3,605.0,1.0,75.6,71.7,268.3,273.6,1,2024-09-08 00:00:00
477,EXC004,OP006,Trenching,Medium,Sand,130.0,4.7,57.8,Sunny,15.3,0.0,11.3,Frozen,Intermediate,8.0,284,70.8,3.1,6844.0,0.8,81.7,74.9,183.2,179.7,1,2024-05-17 00:00:00
478,EXC001,OP009,Material Loading,Low,Mixed,176.8,3.4,18.1,Cloudy,12.6,0.0,2.7,Wet,Intermediate,9.0,55,45.4,14.6,10551.0,2.0,51.1,74.0,59.1,49.3,1,2024-08-14 00:00:00
479,EXC001,OP006,Grading,Low,Gravel,34.3,1.0,39.7,Rainy,41.1,27.4,11.3,Frozen,Beginner,5.2,107,40.9,10.9,11601.0,1.2,95.0,86.1,52.7,53.3,1,2024-10-05 00:00:00
480,EXC002,OP007,Demolition,Medium,Rock,159.9,1.0,20.3,Cloudy,7.8,0.0,1.6,Frozen,Beginner,14.7,65,116.1,3.6,8352.0,2.0,78.6,85.8,131.4,136.9,1,2024-03-08 00:00:00
481,EXC001,OP001,Earth Excavation,Low,Soil,85.1,4.9,21.7,Rainy,39.5,44.2,5.4,Dry,Intermediate,4.9,188,61.7,2.5,11013.0,2.0,51.4,81.9,43.3,42.7,1,2024-02-09 00:00:00
482,EXC003,OP009,Trenching,Medium,Gravel,138.6,5.5,38.7,Sunny,36.7,0.0,3.5,Muddy,Intermediate,10.8,147,65.1,1.8,11835.0,2.0,92.9,79.6,81.8,86.2,1,2024-09-11 00:00:00
483,EXC003,OP003,Grading,Low,Mixed,168.4,1.1,18.9,Windy,5.8,0.0,28.2,Dry,Beginner,9.8,202,50.1,8.1,8160.0,1.5,56.3,66.9,62.3,67.2,1,2024-04-27 00:00:00
484,EXC005,OP002,Earth Excavation,Low,Gravel,121.9,4.4,10.0,Rainy,25.5,7.2,10.2,Dry,Beginner,2.2,154,59.5,1.6,8615.0,1.5,52.9,72.4,106.2,100.3,1,2024-07-11 00:00:00
485,EXC001,OP006,Demolition,Low,Sand,230.9,4.0,51.9,Rainy,22.9,9.1,5.2,Wet,Beginner,11.0,58,104.4,8.3,6446.0,1.5,81.1,77.9,245.5,246.0,1,2024-03-14 00:00:00
486,EXC004,OP001,Material Loading,Medium,Mixed,81.6,0.8,46.6,Sunny,5.4,0.0,1.1,Muddy,Expert,9.1,266,33.2,11.0,2182.0,1.5,83.0,96.3,32.9,20.8,1,2024-05-11 00:00:00
487,EXC003,OP005,Material Loading,Medium,Mixed,80.9,2.3,66.3,Windy,5.9,0.0,38.6,Muddy,Expert,12.2,217,41.0,9.4,3686.0,2.0,56.6,94.5,35.8,19.7,1,2024-03-27 00:00:00
488,EXC002,OP003,Trenching,Low,Rock,65.9,4.2,86.4,Sunny,35.3,0.0,6.4,Frozen,Expert,1.2,177,68.5,14.0,4871.0,2.0,66.2,90.1,53.7,63.9,1,2024-12-18 00:00:00
489,EXC005,OP001,Material Loading,High,Sand,242.7,5.6,55.8,Windy,19.9,0.0,15.5,Muddy,Beginner,9.1,121,48.0,10.7,4967.0,0.8,75.8,65.9,263.5,261.4,1,2024-09-21 00:00:00
490,EXC001,OP004,Demolition,Medium,Soil,70.9,4.5,10.5,Sunny,25.3,0.0,5.7,Dry,Beginner,7.2,183,116.2,6.7,2007.0,1.2,59.9,67.1,124.4,129.3,1,2024-02-16 00:00:00
491,EXC002,OP007,Grading,High,Sand,208.9,2.7,86.7,Windy,34.5,0.0,10.1,Wet,Intermediate,7.6,253,58.6,4.3,1218.0,1.5,50.4,89.1,78.9,95.1,1,2024-01-24 00:00:00
492,EXC003,OP008,Trenching,Low,Clay,95.7,2.6,99.4,Cloudy,11.5,0.0,1.2,Muddy,Expert,9.1,86,80.8,0.9,2329.0,2.0,78.0,86.8,49.4,54.0,1,2024-10-20 00:00:00
493,EXC005,OP003,Trenching,Medium,Mixed,59.3,5.8,89.7,Windy,16.9,0.0,11.0,Wet,Expert,9.3,157,79.1,6.9,9045.0,0.8,53.4,73.1,158.3,139.5,1,2024-01-22 00:00:00
494,EXC005,OP008,Grading,High,Clay,48.7,2.6,75.7,Windy,31.7,0.0,37.2,Muddy,Intermediate,11.8,95,44.5,2.1,1595.0,1.5,79.6,87.9,50.5,53.8,1,2024-03-22 00:00:00
495,EXC001,OP007,Earth Excavation,Medium,Rock,77.6,5.5,27.5,Sunny,9.5,0.0,0.5,Muddy,Intermediate,1.2,5,70.4,3.3,7377.0,2.0,62.9,66.9,102.0,89.7,1,2024-04-04 00:00:00
496,EXC005,OP007,Trenching,Low,Mixed,127.0,4.7,34.5,Rainy,19.1,31.5,0.8,Muddy,Beginner,14.5,28,92.8,3.0,515.0,0.8,50.2,78.2,261.5,265.3,1,2024-06-12 00:00:00
497,EXC005,OP002,Material Loading,Low,Mixed,130.1,3.3,80.4,Windy,13.3,0.0,45.5,Wet,Intermediate,10.8,51,47.6,12.8,302.0,1.2,71.2,93.1,83.3,67.7,1,2024-07-08 00:00:00
498,EXC003,OP003,Trenching,Medium,Gravel,113.3,0.7,29.1,Windy,30.8,0.0,28.0,Frozen,Intermediate,2.8,104,80.0,2.0,1322.0,1.0,79.7,85.2,147.6,147.6,1,2024-01-22 00:00:00
499,EXC004,OP002,Compaction,Low,Mixed,203.0,1.4,92.9,Cloudy,6.6,0.0,12.3,Muddy,Beginner,10.0,107,49.4,4.1,2589.0,1.0,87.3,93.4,149.6,136.6,1,2024-06-06 00:00:00
500,EXC004,OP006,Material Loading,Medium,Clay,200.2,0.7,91.9,Rainy,26.3,25.2,0.2,Frozen,Beginner,13.5,124,40.2,8.4,9937.0,1.5,79.5,91.3,83.3,92.3,1,2024-09-17 00:00:00
501,EXC003,OP006,Grading,Medium,Soil,203.3,2.3,86.6,Rainy,9.0,31.7,13.4,Dry,Intermediate,4.2,169,47.6,5.2,3804.0,1.0,68.6,68.6,173.9,169.3,0,2024-02-06 00:00:00
502,EXC004,OP004,Earth Excavation,Low,Mixed,204.7,3.3,12.1,Rainy,30.2,25.0,3.1,Muddy,Expert,13.2,113,62.3,4.7,3558.0,0.8,62.3,90.3,158.5,151.8,1,2024-07-28 00:00:00
503,EXC003,OP002,Trenching,Low,Sand,169.0,3.5,5.4,Windy,41.8,0.0,50.7,Muddy,Beginner,7.6,223,69.9,10.4,5824.0,0.8,56.0,79.7,264.2,270.9,1,2024-08-14 00:00:00
504,EXC001,OP004,Earth Excavation,Medium,Soil,69.5,3.4,73.7,Sunny,8.5,0.0,14.8,Wet,Intermediate,5.4,19,65.0,9.8,1506.0,1.5,81.9,92.7,64.9,67.0,1,2024-12-25 00:00:00
505,EXC002,OP008,Demolition,Medium,Sand,209.1,2.4,36.8,Windy,15.8,0.0,27.3,Muddy,Expert,5.9,134,89.7,2.5,4400.0,2.0,63.9,70.5,111.2,126.3,1,2024-06-20 00:00:00
506,EXC004,OP010,Earth Excavation,High,Clay,245.5,1.5,35.3,Cloudy,31.8,0.0,7.6,Dry,Intermediate,1.1,166,66.6,2.8,11236.0,1.0,54.6,86.0,225.3,220.7,1,2024-04-13 00:00:00
507,EXC005,OP001,Earth Excavation,High,Gravel,233.7,1.4,88.5,Sunny,29.1,0.0,8.7,Dry,Beginner,11.4,299,53.2,11.0,1504.0,1.5,92.4,94.6,148.4,141.2,1,2024-05-03 00:00:00
508,EXC001,OP008,Grading,Medium,Gravel,170.0,2.9,96.4,Sunny,31.1,0.0,0.0,Wet,Expert,0.8,197,49.1,10.5,5069.0,1.2,87.8,70.7,109.7,120.5,1,2024-11-18 00:00:00
509,EXC004,OP008,Demolition,High,Rock,233.3,2.7,96.2,Sunny,13.2,0.0,1.6,Wet,Intermediate,8.1,240,114.3,13.7,3873.0,1.0,57.6,89.6,306.0,300.0,1,2024-12-24 00:00:00
510,EXC004,OP004,Trenching,Medium,Soil,208.0,4.3,83.8,Sunny,11.0,0.0,7.5,Frozen,Beginner,10.2,91,84.1,2.0,1969.0,1.5,78.5,93.7,168.8,167.9,1,2024-03-25 00:00:00
511,EXC002,OP005,Compaction,High,Rock,173.4,2.1,36.1,Windy,40.0,0.0,53.0,Frozen,Expert,5.7,97,39.9,5.9,3713.0,2.0,88.7,65.3,96.8,93.0,1,2024-01-07 00:00:00
512,EXC003,OP010,Earth Excavation,Medium,Clay,66.0,2.2,6.0,Cloudy,40.2,0.0,1.9,Dry,Beginner,6.1,96,73.6,13.3,1458.0,0.8,71.8,92.9,120.6,121.4,0,2024-01-17 00:00:00
513,EXC003,OP004,Material Loading,High,Sand,144.1,5.6,5.8,Cloudy,7.1,0.0,6.3,Frozen,Beginner,10.3,13,50.9,7.4,10791.0,1.0,65.3,76.6,112.1,107.5,1,2024-02-19 00:00:00
514,EXC002,OP005,Earth Excavation,Low,Gravel,53.7,5.7,91.1,Cloudy,35.6,0.0,13.4,Wet,Intermediate,2.6,72,58.5,7.8,3951.0,1.2,89.9,71.3,73.9,82.1,1,2024-04-07 00:00:00
515,EXC005,OP007,Grading,High,Clay,40.8,0.7,13.4,Rainy,26.5,17.4,3.6,Frozen,Beginner,3.7,91,47.8,14.3,1602.0,1.5,71.2,65.0,88.4,79.8,1,2024-10-11 00:00:00
516,EXC004,OP003,Grading,High,Sand,184.4,3.6,53.6,Sunny,12.6,0.0,3.9,Wet,Intermediate,5.7,53,59.8,0.6,5125.0,1.2,50.1,83.6,112.1,112.1,1,2024-01-22 00:00:00
517,EXC005,OP003,Material Loading,High,Clay,185.6,4.6,73.8,Rainy,32.3,3.7,0.9,Muddy,Intermediate,5.7,100,42.2,8.2,9199.0,1.2,62.4,90.8,146.6,148.9,0,2024-03-31 00:00:00
518,EXC005,OP006,Trenching,High,Rock,40.4,2.6,8.6,Sunny,39.4,0.0,11.9,Wet,Intermediate,14.7,29,83.3,13.7,3927.0,1.5,81.1,75.1,64.5,68.9,1,2024-11-01 00:00:00
519,EXC005,OP010,Earth Excavation,Low,Soil,123.4,3.1,32.7,Sunny,34.2,0.0,3.3,Frozen,Beginner,10.6,106,75.0,12.9,7324.0,1.0,58.5,69.4,140.7,136.7,1,2024-03-25 00:00:00
520,EXC004,OP009,Demolition,High,Rock,70.7,5.4,89.7,Rainy,23.5,6.3,4.6,Frozen,Intermediate,11.4,139,114.1,12.8,4302.0,0.8,52.8,87.0,282.3,300.0,1,2024-03-30 00:00:00
521,EXC005,OP009,Material Loading,Medium,Mixed,163.1,3.3,16.7,Rainy,31.0,6.6,0.4,Wet,Expert,7.6,213,36.1,8.8,11989.0,1.0,88.2,76.4,70.4,72.2,1,2024-11-14 00:00:00
522,EXC004,OP005,Trenching,High,Gravel,81.9,1.6,40.2,Cloudy,37.9,0.0,5.8,Dry,Intermediate,12.8,159,75.5,8.6,290.0,0.8,58.5,95.7,112.7,120.9,1,2024-10-08 00:00:00
523,EXC005,OP008,Compaction,Low,Mixed,214.4,3.5,58.6,Windy,18.3,0.0,51.4,Dry,Intermediate,4.3,222,63.0,7.6,6810.0,2.0,71.2,87.4,53.2,61.3,1,2024-07-13 00:00:00
524,EXC004,OP006,Grading,High,Clay,78.2,4.9,46.3,Windy,23.4,0.0,59.4,Muddy,Intermediate,3.9,267,42.0,0.8,1514.0,0.8,61.0,89.0,165.1,164.1,1,2024-01-06 00:00:00
525,EXC004,OP010,Material Loading,Medium,Sand,198.0,2.2,65.4,Sunny,27.3,0.0,2.1,Frozen,Expert,3.3,172,43.3,10.4,11216.0,1.2,75.6,86.3,69.2,66.9,1,2024-07-30 00:00:00
526,EXC005,OP004,Demolition,High,Soil,76.2,1.6,79.3,Rainy,29.9,32.4,4.0,Muddy,Expert,7.8,182,118.7,0.8,1733.0,1.2,73.3,75.2,161.6,163.2,1,2024-09-21 00:00:00
527,EXC005,OP005,Grading,Low,Soil,165.6,3.2,15.6,Cloudy,34.0,0.0,6.4,Muddy,Beginner,9.4,84,53.6,0.6,7592.0,1.5,72.2,74.8,74.5,70.3,1,2024-07-17 00:00:00
528,EXC004,OP008,Material Loading,Low,Mixed,37.9,5.2,13.0,Cloudy,6.7,0.0,4.1,Muddy,Expert,7.4,168,37.9,13.5,9523.0,1.2,58.9,77.3,21.4,25.3,1,2024-08-16 00:00:00
529,EXC004,OP002,Compaction,Medium,Soil,85.2,5.2,41.5,Sunny,12.4,0.0,7.0,Muddy,Expert,4.2,230,51.5,3.9,6964.0,0.8,87.6,78.1,86.3,84.2,1,2024-03-06 00:00:00
530,EXC005,OP009,Demolition,Low,Soil,87.5,4.0,17.2,Cloudy,7.6,0.0,14.9,Frozen,Expert,9.7,243,124.8,4.2,5510.0,1.5,92.8,79.5,76.1,71.5,1,2024-08-29 00:00:00
531,EXC002,OP007,Trenching,Medium,Sand,165.6,4.8,76.8,Sunny,26.6,0.0,1.3,Frozen,Beginner,0.8,234,76.5,11.8,6683.0,1.2,57.3,78.4,255.7,246.7,1,2024-06-14 00:00:00
532,EXC001,OP001,Demolition,Low,Mixed,135.7,5.4,46.2,Rainy,40.6,32.6,1.6,Muddy,Beginner,7.9,74,116.6,10.6,971.0,0.8,65.5,88.7,297.9,300.0,1,2024-07-08 00:00:00
533,EXC003,OP001,Grading,High,Clay,200.0,1.8,85.1,Cloudy,26.7,0.0,5.9,Frozen,Beginner,8.6,64,48.7,8.2,11112.0,0.8,91.8,66.0,297.9,300.0,1,2024-02-22 00:00:00
534,EXC003,OP004,Demolition,Medium,Rock,72.2,4.0,45.9,Windy,11.5,0.0,51.6,Muddy,Beginner,5.2,117,116.6,14.0,6913.0,2.0,73.2,79.0,199.2,201.2,1,2024-06-02 00:00:00
535,EXC005,OP003,Compaction,Low,Clay,142.0,3.1,46.0,Windy,30.3,0.0,40.4,Frozen,Intermediate,14.6,18,46.1,2.5,6968.0,1.5,86.4,85.3,39.5,54.1,1,2024-01-28 00:00:00
536,EXC005,OP003,Earth Excavation,Low,Mixed,222.4,4.9,46.0,Sunny,9.4,0.0,5.6,Muddy,Intermediate,14.0,55,64.0,14.3,9261.0,1.5,59.2,71.4,128.1,128.2,1,2024-04-20 00:00:00
537,EXC003,OP001,Material Loading,High,Soil,127.0,5.5,59.9,Windy,23.4,0.0,44.1,Frozen,Intermediate,3.9,182,21.9,1.4,10290.0,1.5,57.4,74.8,78.5,77.2,1,2024-01-31 00:00:00
538,EXC003,OP009,Demolition,High,Gravel,213.3,4.8,97.8,Windy,28.6,0.0,26.1,Wet,Expert,7.7,98,120.5,12.3,3331.0,1.5,60.4,88.9,287.1,278.9,1,2024-04-07 00:00:00
539,EXC003,OP010,Earth Excavation,High,Sand,59.0,4.4,99.3,Cloudy,33.8,0.0,3.3,Dry,Intermediate,9.5,53,56.9,4.8,556.0,0.8,54.6,71.5,122.4,121.5,1,2024-02-13 00:00:00
540,EXC003,OP007,Material Loading,Low,Sand,139.7,5.1,82.4,Rainy,36.4,34.9,8.0,Dry,Intermediate,12.5,175,28.7,13.2,5870.0,1.2,94.4,93.9,58.8,60.4,1,2024-02-10 00:00:00
541,EXC002,OP007,Earth Excavation,Medium,Rock,198.1,2.7,18.5,Windy,29.8,0.0,19.1,Dry,Expert,8.6,193,68.7,14.7,6694.0,1.2,80.5,92.4,131.6,129.1,1,2024-02-12 00:00:00
542,EXC003,OP006,Grading,Medium,Sand,68.2,2.0,8.3,Sunny,11.3,0.0,14.8,Dry,Intermediate,15.0,144,43.7,10.9,7420.0,1.2,85.0,94.6,40.7,26.9,1,2024-04-04 00:00:00
543,EXC003,OP002,Material Loading,Medium,Mixed,113.2,5.7,80.0,Cloudy,6.0,0.0,12.3,Dry,Expert,11.7,250,29.9,8.0,6062.0,1.0,69.1,70.3,58.0,52.7,1,2024-07-06 00:00:00
544,EXC001,OP008,Material Loading,Medium,Mixed,228.1,1.5,70.2,Rainy,12.9,41.2,9.5,Wet,Expert,4.8,66,26.5,4.1,5269.0,2.0,86.0,91.3,62.3,56.9,1,2024-02-24 00:00:00
545,EXC005,OP010,Compaction,High,Soil,136.7,3.1,64.1,Cloudy,14.6,0.0,3.7,Wet,Expert,14.8,41,47.0,13.1,8906.0,0.8,51.4,70.8,108.9,109.8,1,2024-05-15 00:00:00
546,EXC005,OP001,Grading,High,Clay,221.0,1.1,28.7,Sunny,27.0,0.0,0.9,Wet,Beginner,8.5,189,51.5,9.0,3633.0,2.0,63.2,72.6,89.0,93.6,1,2024-09-13 00:00:00
547,EXC001,OP007,Grading,Low,Gravel,88.3,2.5,95.9,Rainy,8.9,9.2,6.5,Dry,Expert,4.6,157,48.7,9.9,8349.0,1.0,77.5,79.3,77.0,72.4,1,2024-01-31 00:00:00
548,EXC003,OP003,Earth Excavation,High,Rock,189.4,4.8,65.4,Sunny,14.0,0.0,12.1,Muddy,Expert,3.6,132,68.5,13.6,8538.0,0.8,52.5,91.4,308.7,300.0,1,2024-09-21 00:00:00
549,EXC003,OP003,Trenching,Low,Clay,178.5,3.2,42.1,Rainy,33.2,15.0,3.1,Dry,Expert,8.4,15,92.4,4.4,592.0,0.8,81.3,97.1,179.5,184.1,1,2024-03-27 00:00:00
550,EXC001,OP001,Grading,Low,Clay,201.5,1.1,86.4,Windy,33.4,0.0,53.1,Wet,Beginner,13.5,230,41.9,3.8,6348.0,1.0,88.2,77.5,155.2,148.4,1,2024-06-18 00:00:00
551,EXC002,OP007,Compaction,High,Rock,35.0,1.1,20.4,Cloudy,16.6,0.0,6.0,Wet,Expert,7.4,203,56.2,4.1,981.0,1.5,51.1,91.7,43.3,27.9,1,2024-12-02 00:00:00
552,EXC005,OP007,Demolition,Low,Mixed,206.6,0.5,55.1,Windy,29.2,0.0,45.9,Wet,Intermediate,5.8,87,94.3,4.8,2349.0,1.5,75.1,95.3,175.6,172.1,1,2024-09-21 00:00:00
553,EXC005,OP010,Demolition,Medium,Mixed,165.8,2.6,92.3,Sunny,29.4,0.0,13.9,Frozen,Expert,7.4,287,115.7,7.1,11259.0,1.0,93.2,92.0,226.1,226.3,1,2024-07-08 00:00:00
554,EXC005,OP003,Compaction,Low,Mixed,152.1,3.2,98.8,Windy,13.1,0.0,19.4,Frozen,Beginner,14.5,169,53.1,10.5,6528.0,2.0,55.9,81.9,63.9,59.2,1,2024-11-19 00:00:00
555,EXC004,OP008,Demolition,Medium,Rock,129.2,1.7,55.5,Rainy,26.4,16.9,4.1,Wet,Beginner,2.7,66,108.7,2.5,8595.0,2.0,55.3,98.0,223.8,205.2,1,2024-07-13 00:00:00
556,EXC004,OP006,Trenching,Medium,Mixed,198.0,3.5,91.4,Sunny,34.7,0.0,0.6,Frozen,Intermediate,13.2,175,65.0,14.5,8957.0,1.0,55.4,91.6,208.5,218.5,1,2024-11-07 00:00:00
557,EXC002,OP004,Compaction,Low,Sand,143.7,2.7,18.0,Windy,30.4,0.0,31.5,Dry,Intermediate,14.1,72,50.1,14.5,9258.0,1.2,82.2,65.7,68.7,56.7,1,2024-08-19 00:00:00
558,EXC005,OP007,Demolition,High,Gravel,144.1,3.0,57.5,Sunny,36.4,0.0,14.5,Frozen,Beginner,5.3,231,116.1,11.2,3567.0,2.0,77.5,91.6,186.6,186.0,1,2024-02-18 00:00:00
559,EXC004,OP004,Trenching,High,Rock,192.6,1.7,29.3,Cloudy,39.6,0.0,1.2,Wet,Beginner,6.5,84,81.2,8.9,2917.0,1.2,60.0,76.4,295.5,300.0,1,2024-05-27 00:00:00
560,EXC005,OP005,Earth Excavation,Low,Mixed,99.3,1.0,54.4,Cloudy,13.4,0.0,11.3,Wet,Intermediate,10.0,264,60.3,10.5,2483.0,2.0,81.9,75.3,32.1,40.8,1,2024-08-03 00:00:00
561,EXC001,OP004,Demolition,Low,Mixed,39.5,5.0,9.9,Rainy,29.9,7.8,6.5,Frozen,Intermediate,13.0,183,111.6,1.9,8072.0,2.0,89.0,70.7,61.0,52.7,1,2024-09-25 00:00:00
562,EXC002,OP010,Grading,High,Soil,139.6,1.4,39.5,Windy,21.4,0.0,43.4,Wet,Beginner,13.6,147,27.0,8.5,8181.0,1.5,53.5,96.5,70.7,85.7,1,2024-10-15 00:00:00
563,EXC002,OP002,Trenching,Low,Gravel,201.8,5.6,86.9,Sunny,38.5,0.0,7.2,Dry,Expert,3.0,215,75.7,5.2,3651.0,1.0,51.2,69.7,160.1,165.5,1,2024-08-25 00:00:00
564,EXC005,OP002,Earth Excavation,Medium,Soil,74.1,0.7,91.1,Cloudy,37.4,0.0,2.8,Dry,Expert,4.3,166,73.8,3.2,8691.0,1.5,61.3,95.7,38.9,40.2,1,2024-09-22 00:00:00
565,EXC003,OP003,Grading,Low,Rock,240.5,3.7,53.3,Rainy,20.7,35.1,13.8,Frozen,Expert,9.2,185,52.7,3.8,407.0,1.2,88.9,67.2,147.2,146.9,1,2024-01-04 00:00:00
566,EXC001,OP008,Material Loading,Medium,Soil,172.5,3.9,6.6,Windy,11.5,0.0,18.3,Muddy,Beginner,1.9,107,43.0,11.2,1618.0,1.2,80.1,70.9,112.8,113.3,1,2024-10-23 00:00:00
567,EXC005,OP008,Trenching,Medium,Sand,47.5,1.4,13.7,Windy,37.8,0.0,28.8,Muddy,Beginner,8.1,194,92.7,11.6,4584.0,1.0,53.5,80.9,101.0,102.9,1,2024-06-13 00:00:00
568,EXC004,OP009,Compaction,Low,Soil,211.7,4.6,61.2,Cloudy,21.2,0.0,11.4,Frozen,Intermediate,11.2,105,37.3,2.5,9553.0,0.8,53.5,81.5,133.8,119.1,1,2024-06-28 00:00:00
569,EXC005,OP006,Demolition,Medium,Gravel,82.8,1.6,50.0,Cloudy,6.9,0.0,3.4,Dry,Expert,5.6,168,112.2,7.6,3379.0,1.5,89.5,82.9,84.3,82.6,1,2024-03-22 00:00:00
570,EXC003,OP004,Earth Excavation,Medium,Clay,240.8,1.6,10.9,Cloudy,18.1,0.0,2.0,Wet,Expert,2.3,140,58.0,6.4,3815.0,1.0,54.1,84.9,166.8,159.9,1,2024-12-16 00:00:00
571,EXC002,OP006,Demolition,Medium,Soil,109.5,1.4,57.4,Sunny,23.1,0.0,12.8,Wet,Expert,11.1,192,112.5,13.2,8869.0,1.0,72.5,97.6,128.6,126.7,1,2024-12-25 00:00:00
572,EXC002,OP002,Demolition,Medium,Soil,159.0,3.6,21.7,Sunny,8.9,0.0,3.3,Dry,Expert,5.6,129,109.5,0.7,8371.0,1.2,61.1,76.6,141.3,138.9,1,2024-05-04 00:00:00
573,EXC002,OP007,Material Loading,Low,Rock,163.7,5.8,44.2,Windy,20.4,0.0,15.3,Frozen,Expert,1.0,152,38.7,4.0,5842.0,1.2,59.8,85.2,78.9,82.3,1,2024-01-25 00:00:00
574,EXC003,OP007,Compaction,Low,Soil,41.8,2.8,8.8,Rainy,10.4,23.1,2.4,Wet,Beginner,8.0,293,43.8,13.9,2565.0,2.0,54.8,92.2,21.7,21.6,1,2024-12-03 00:00:00
575,EXC004,OP003,Trenching,High,Rock,67.6,2.9,17.2,Rainy,40.5,3.1,1.0,Muddy,Expert,13.5,86,83.5,4.9,7245.0,0.8,79.2,71.4,178.3,184.1,1,2024-09-11 00:00:00
576,EXC003,OP010,Compaction,High,Clay,130.0,4.4,45.7,Cloudy,37.2,0.0,10.2,Wet,Expert,12.7,297,43.7,10.9,1954.0,1.0,94.0,91.0,102.3,88.7,1,2024-05-31 00:00:00
577,EXC002,OP007,Grading,Medium,Clay,64.1,0.9,82.9,Rainy,25.5,47.4,11.2,Dry,Beginner,11.6,282,49.0,7.9,9822.0,1.0,82.5,68.5,94.9,102.2,1,2024-12-05 00:00:00
578,EXC002,OP005,Earth Excavation,Low,Soil,37.7,4.5,85.5,Rainy,24.0,27.0,5.1,Frozen,Intermediate,4.0,175,58.0,11.5,10222.0,0.8,64.5,74.0,112.5,114.9,1,2024-10-14 00:00:00
579,EXC001,OP009,Material Loading,High,Rock,241.3,2.5,13.4,Rainy,32.7,1.1,3.3,Wet,Expert,1.3,147,31.6,13.5,263.0,0.8,69.1,86.5,198.9,207.0,1,2024-04-25 00:00:00
580,EXC002,OP005,Material Loading,High,Rock,41.9,0.6,19.5,Windy,36.7,0.0,49.9,Dry,Beginner,12.8,211,32.4,9.5,7564.0,0.8,55.6,88.1,55.6,65.9,1,2024-03-26 00:00:00
581,EXC003,OP001,Demolition,Low,Sand,67.5,4.3,39.5,Sunny,5.6,0.0,14.8,Frozen,Beginner,8.2,155,111.2,6.2,6322.0,1.5,71.2,85.2,82.1,93.1,1,2024-08-07 00:00:00
582,EXC001,OP003,Trenching,High,Clay,57.1,2.0,38.6,Cloudy,41.5,0.0,6.5,Frozen,Expert,3.8,191,78.2,8.8,4976.0,1.2,52.5,93.4,90.2,94.2,1,2024-09-21 00:00:00
583,EXC004,OP004,Grading,Medium,Gravel,43.1,4.5,15.0,Rainy,13.9,24.9,2.5,Frozen,Beginner,12.0,14,63.6,12.2,10137.0,1.5,69.3,92.9,56.8,54.2,1,2024-04-03 00:00:00
584,EXC001,OP008,Grading,Medium,Soil,54.5,4.4,46.0,Sunny,12.6,0.0,14.4,Frozen,Intermediate,10.9,129,48.0,9.1,10217.0,1.2,74.5,79.6,34.5,45.5,1,2024-09-24 00:00:00
585,EXC004,OP008,Compaction,Medium,Clay,101.0,5.5,81.6,Windy,7.5,0.0,26.7,Dry,Expert,3.7,148,44.0,10.1,6753.0,1.0,84.4,76.0,75.4,87.9,1,2024-12-25 00:00:00
586,EXC002,OP004,Earth Excavation,High,Clay,228.2,4.2,44.6,Windy,15.1,0.0,29.0,Wet,Beginner,7.4,271,51.9,10.9,1254.0,1.0,88.2,69.2,309.6,300.0,1,2024-08-21 00:00:00
587,EXC001,OP004,Compaction,Low,Rock,145.0,1.8,78.9,Sunny,36.7,0.0,2.2,Muddy,Beginner,5.4,71,35.8,2.6,3583.0,1.2,85.4,76.4,135.7,130.0,1,2024-12-09 00:00:00
588,EXC001,OP003,Demolition,Low,Clay,143.1,1.8,18.4,Cloudy,23.0,0.0,7.7,Muddy,Intermediate,11.7,150,107.1,10.8,10962.0,1.5,93.7,89.0,116.9,121.9,1,2024-03-07 00:00:00
589,EXC001,OP008,Material Loading,Medium,Rock,122.8,3.4,58.5,Cloudy,25.8,0.0,3.2,Wet,Expert,9.2,43,28.0,5.4,7929.0,1.5,94.7,90.5,49.6,48.9,1,2024-10-22 00:00:00
590,EXC003,OP002,Compaction,Medium,Mixed,127.1,4.0,50.1,Cloudy,33.7,0.0,0.1,Wet,Intermediate,3.6,281,40.5,4.8,11356.0,1.5,72.8,77.0,53.1,62.3,1,2024-11-04 00:00:00
591,EXC005,OP006,Demolition,Low,Rock,174.4,1.6,75.9,Cloudy,12.4,0.0,3.9,Wet,Intermediate,4.9,159,112.7,12.8,8839.0,2.0,86.9,91.8,165.1,155.9,1,2024-09-22 00:00:00
592,EXC001,OP005,Material Loading,Low,Gravel,173.4,3.9,10.2,Rainy,8.5,17.6,12.6,Dry,Intermediate,13.1,14,28.6,5.0,8683.0,1.2,76.0,97.5,55.3,45.6,1,2024-01-18 00:00:00
593,EXC005,OP005,Compaction,Medium,Mixed,69.8,5.2,40.8,Rainy,40.7,5.9,12.5,Wet,Expert,13.7,108,41.3,12.4,9744.0,2.0,82.1,84.1,33.6,35.7,1,2024-12-27 00:00:00
594,EXC003,OP006,Trenching,Low,Soil,219.2,1.1,64.1,Rainy,26.0,33.4,10.1,Wet,Intermediate,14.4,276,83.0,5.5,3737.0,1.5,76.2,79.2,103.3,107.3,1,2024-01-25 00:00:00
595,EXC003,OP007,Earth Excavation,High,Sand,113.0,3.3,37.5,Sunny,29.0,0.0,3.4,Muddy,Beginner,0.9,108,67.5,0.5,4277.0,1.5,92.7,66.5,142.7,146.9,0,2024-01-07 00:00:00
596,EXC004,OP006,Grading,Medium,Clay,187.6,3.9,67.0,Sunny,11.5,0.0,10.0,Frozen,Beginner,11.2,147,53.0,7.6,4216.0,0.8,57.5,74.6,230.3,219.6,1,2024-09-03 00:00:00
597,EXC001,OP007,Compaction,Medium,Soil,215.4,5.8,49.3,Rainy,39.5,49.9,7.3,Muddy,Beginner,11.0,14,56.7,9.8,3000.0,2.0,70.4,91.0,113.7,116.2,1,2024-11-17 00:00:00
598,EXC005,OP005,Material Loading,High,Clay,57.9,1.7,60.1,Windy,21.3,0.0,23.3,Dry,Intermediate,13.0,181,41.1,8.1,11093.0,0.8,78.6,65.5,64.7,61.1,1,2024-06-14 00:00:00
599,EXC005,OP004,Compaction,High,Rock,42.8,1.2,28.9,Rainy,18.6,44.6,3.6,Dry,Beginner,5.1,185,78.2,3.7,6640.0,1.0,73.9,96.4,97.6,89.3,1,2024-10-31 00:00:00
600,EXC003,OP008,Trenching,High,Clay,181.5,0.5,53.5,Windy,18.9,0.0,49.6,Dry,Beginner,1.1,130,85.3,1.2,7518.0,1.5,76.6,92.4,204.3,206.7,1,2024-12-22 00:00:00
601,EXC003,OP008,Trenching,High,Soil,63.7,3.8,80.8,Sunny,6.2,0.0,2.5,Wet,Intermediate,5.5,285,71.6,4.2,4722.0,2.0,54.6,79.0,60.8,62.6,1,2024-11-22 00:00:00
602,EXC004,OP010,Compaction,Low,Rock,217.3,5.6,30.6,Sunny,41.5,0.0,12.2,Muddy,Beginner,12.0,295,48.9,10.2,11803.0,2.0,69.9,89.5,67.9,77.6,1,2024-05-07 00:00:00
603,EXC002,OP007,Material Loading,High,Gravel,203.5,3.8,18.3,Rainy,28.5,44.4,9.6,Dry,Expert,13.5,216,51.5,15.0,4439.0,1.5,74.3,80.0,55.0,58.4,1,2024-10-19 00:00:00
604,EXC004,OP010,Material Loading,Medium,Gravel,127.5,1.0,99.3,Rainy,36.3,33.0,11.3,Wet,Expert,2.4,6,24.8,11.6,2651.0,2.0,72.0,70.9,35.4,50.5,1,2024-09-20 00:00:00
605,EXC003,OP004,Demolition,Medium,Clay,79.8,5.7,35.5,Cloudy,8.8,0.0,3.6,Frozen,Expert,1.6,265,123.0,7.3,3153.0,1.5,73.3,72.7,127.2,121.7,1,2024-07-02 00:00:00
606,EXC002,OP005,Trenching,Medium,Mixed,86.5,5.2,39.4,Windy,10.3,0.0,50.2,Muddy,Expert,1.4,184,76.8,6.4,9868.0,2.0,77.8,82.1,74.0,81.9,1,2024-04-03 00:00:00
607,EXC004,OP007,Material Loading,High,Soil,240.2,0.8,89.9,Windy,7.2,0.0,29.6,Dry,Intermediate,1.3,175,47.6,15.0,10990.0,1.2,59.8,74.1,129.3,128.1,1,2024-09-29 00:00:00
608,EXC005,OP001,Demolition,Low,Rock,72.8,3.9,78.2,Rainy,10.7,15.9,13.0,Wet,Expert,7.8,206,103.6,8.2,8724.0,1.2,76.0,67.3,154.3,162.2,1,2024-09-13 00:00:00
609,EXC002,OP005,Compaction,Medium,Gravel,141.0,1.3,13.5,Rainy,21.2,46.1,8.4,Muddy,Expert,5.7,152,31.8,13.7,4786.0,1.2,55.2,89.3,89.0,87.2,1,2024-08-31 00:00:00
610,EXC005,OP002,Demolition,Low,Soil,64.7,2.5,9.1,Windy,25.6,0.0,59.7,Muddy,Expert,6.7,80,101.3,14.9,1689.0,1.5,67.7,94.8,76.9,79.3,1,2024-10-06 00:00:00
611,EXC001,OP007,Compaction,Low,Soil,140.1,1.8,32.8,Sunny,19.5,0.0,7.4,Muddy,Intermediate,6.2,259,41.2,6.1,1566.0,0.8,77.4,69.8,80.6,92.0,1,2024-01-26 00:00:00
612,EXC002,OP002,Compaction,Low,Soil,130.0,2.9,74.8,Cloudy,11.2,0.0,9.5,Wet,Beginner,4.9,184,46.3,6.0,8688.0,0.8,53.2,76.3,123.0,129.6,1,2024-10-25 00:00:00
613,EXC005,OP004,Earth Excavation,Medium,Mixed,143.5,1.5,36.1,Sunny,34.6,0.0,13.1,Muddy,Expert,8.0,247,66.6,7.5,9059.0,0.8,84.4,77.7,135.1,132.0,1,2024-02-08 00:00:00
614,EXC001,OP003,Material Loading,High,Sand,38.0,5.4,82.9,Windy,24.4,0.0,45.3,Dry,Beginner,2.0,9,35.3,12.8,8640.0,1.2,55.4,97.4,46.3,59.4,1,2024-01-26 00:00:00
615,EXC001,OP007,Earth Excavation,Medium,Sand,164.8,3.4,85.0,Windy,15.7,0.0,37.7,Muddy,Beginner,14.3,266,73.8,5.3,5385.0,0.8,65.0,77.6,230.9,222.2,1,2024-12-27 00:00:00
616,EXC004,OP005,Material Loading,Low,Soil,55.5,4.1,18.0,Cloudy,8.2,0.0,5.7,Dry,Beginner,4.1,190,28.7,2.6,1924.0,0.8,61.5,82.7,45.1,44.6,1,2024-11-27 00:00:00
617,EXC001,OP008,Earth Excavation,Medium,Soil,103.0,1.3,80.7,Cloudy,7.0,0.0,10.1,Dry,Beginner,13.0,128,61.3,7.7,1028.0,1.5,65.4,97.5,67.9,66.3,1,2024-08-08 00:00:00
618,EXC005,OP001,Earth Excavation,Medium,Clay,222.7,3.9,52.5,Cloudy,39.3,0.0,2.6,Dry,Expert,1.6,282,66.3,13.8,10853.0,1.2,80.7,73.1,172.8,149.9,1,2024-07-06 00:00:00
619,EXC004,OP005,Trenching,High,Rock,183.5,3.4,44.7,Rainy,8.2,6.3,11.4,Wet,Intermediate,0.9,211,78.8,1.3,10875.0,1.5,50.2,75.3,254.2,268.5,1,2024-05-21 00:00:00
620,EXC003,OP007,Compaction,High,Soil,40.2,1.3,87.6,Sunny,11.5,0.0,4.2,Muddy,Expert,2.5,131,44.0,11.2,5456.0,0.8,92.5,86.9,66.8,74.3,1,2024-12-15 00:00:00
621,EXC004,OP005,Grading,Medium,Soil,199.6,5.7,37.2,Sunny,30.7,0.0,10.7,Wet,Intermediate,3.7,229,40.9,9.6,7934.0,1.2,95.0,66.3,132.9,130.0,1,2024-08-07 00:00:00
622,EXC003,OP004,Material Loading,High,Sand,213.5,4.1,38.3,Sunny,38.8,0.0,7.5,Wet,Expert,3.2,228,40.4,7.5,8161.0,1.0,66.5,92.8,92.7,80.0,1,2024-05-31 00:00:00
623,EXC005,OP005,Compaction,Medium,Mixed,159.3,1.3,26.3,Cloudy,25.8,0.0,4.0,Frozen,Beginner,9.8,26,45.9,10.5,3755.0,0.8,72.0,68.1,186.8,173.6,1,2024-07-18 00:00:00
624,EXC002,OP004,Earth Excavation,Medium,Mixed,63.6,1.4,92.6,Rainy,13.6,43.7,7.5,Frozen,Intermediate,7.2,2,59.5,9.5,2737.0,1.2,69.3,96.0,98.3,103.0,1,2024-07-12 00:00:00
625,EXC001,OP008,Compaction,Medium,Gravel,233.5,1.7,56.5,Windy,13.7,0.0,55.0,Dry,Expert,3.3,54,32.2,2.7,344.0,1.5,58.5,67.6,83.5,82.9,1,2024-01-13 00:00:00
626,EXC002,OP001,Compaction,High,Clay,71.3,3.7,76.3,Cloudy,32.9,0.0,5.3,Muddy,Intermediate,8.0,1,61.6,11.6,843.0,1.0,53.2,77.4,115.5,124.9,1,2024-10-16 00:00:00
627,EXC005,OP003,Trenching,Medium,Sand,146.1,1.6,66.7,Windy,26.9,0.0,44.2,Frozen,Expert,11.8,189,80.3,13.8,11399.0,0.8,93.5,95.1,170.0,171.7,1,2024-12-19 00:00:00
628,EXC001,OP008,Material Loading,Low,Soil,173.1,5.4,99.8,Windy,21.6,0.0,23.0,Dry,Expert,12.9,284,36.4,2.1,11696.0,0.8,82.2,81.6,55.5,60.0,1,2024-11-03 00:00:00
629,EXC001,OP009,Material Loading,Medium,Sand,65.9,4.2,62.5,Sunny,35.0,0.0,6.7,Dry,Intermediate,4.5,212,36.9,12.6,8354.0,1.2,73.8,93.9,31.5,32.2,1,2024-11-10 00:00:00
630,EXC003,OP010,Earth Excavation,High,Soil,93.4,1.1,28.5,Rainy,12.9,36.7,3.2,Frozen,Intermediate,3.6,67,68.9,1.0,7243.0,1.5,81.0,86.6,107.0,96.6,1,2024-08-23 00:00:00
631,EXC003,OP001,Compaction,High,Sand,69.7,2.9,88.7,Rainy,13.0,0.0,3.9,Frozen,Intermediate,7.6,275,38.3,12.4,7791.0,0.8,70.5,77.9,101.1,115.7,1,2024-05-28 00:00:00
632,EXC002,OP009,Demolition,Low,Gravel,141.5,5.2,69.8,Cloudy,5.2,0.0,3.1,Dry,Intermediate,4.2,46,102.5,10.7,6210.0,1.5,83.6,81.9,157.8,161.1,1,2024-07-20 00:00:00
633,EXC001,OP006,Compaction,Low,Clay,187.0,0.6,67.3,Rainy,11.0,9.0,8.4,Dry,Beginner,5.9,286,40.0,7.3,3845.0,1.2,63.1,82.9,105.1,99.8,1,2024-07-02 00:00:00
634,EXC002,OP005,Grading,Low,Rock,73.9,0.9,42.1,Cloudy,24.8,0.0,5.7,Frozen,Intermediate,9.6,95,58.1,7.8,11252.0,2.0,68.4,67.7,35.8,37.6,1,2024-05-03 00:00:00
635,EXC005,OP002,Trenching,High,Gravel,122.5,2.4,99.1,Cloudy,22.2,0.0,10.2,Muddy,Beginner,13.7,182,61.2,9.6,3143.0,1.5,68.1,78.9,182.4,167.6,1,2024-02-04 00:00:00
636,EXC005,OP004,Grading,Low,Sand,43.1,3.1,52.9,Cloudy,33.5,0.0,9.6,Muddy,Beginner,13.1,234,51.5,11.9,4517.0,1.0,78.4,89.7,46.0,44.9,1,2024-09-26 00:00:00
637,EXC003,OP010,Earth Excavation,High,Sand,196.1,4.0,91.0,Sunny,16.6,0.0,12.7,Dry,Beginner,10.4,210,67.9,3.3,1693.0,1.5,57.1,91.2,134.4,132.4,1,2024-10-11 00:00:00
638,EXC004,OP001,Compaction,Medium,Sand,158.4,3.4,31.0,Cloudy,15.4,0.0,11.1,Muddy,Beginner,5.4,172,46.3,11.1,11442.0,2.0,69.8,68.2,69.0,72.5,1,2024-06-27 00:00:00
639,EXC003,OP010,Grading,Medium,Gravel,121.4,5.4,17.9,Cloudy,17.0,0.0,2.9,Muddy,Beginner,6.7,31,54.5,2.4,9177.0,1.0,79.9,73.8,134.9,137.4,1,2024-03-15 00:00:00
640,EXC001,OP006,Demolition,Medium,Clay,73.8,2.9,11.4,Rainy,30.8,20.8,13.4,Muddy,Beginner,4.5,17,119.5,13.9,1864.0,1.5,77.3,75.2,240.4,226.0,1,2024-07-28 00:00:00
641,EXC005,OP006,Demolition,Low,Mixed,56.3,3.0,75.7,Sunny,16.0,0.0,2.2,Frozen,Beginner,9.8,280,109.2,4.9,6987.0,1.0,63.1,81.9,137.2,135.6,1,2024-06-17 00:00:00
642,EXC002,OP006,Compaction,Low,Sand,212.3,1.8,19.8,Cloudy,17.8,0.0,3.8,Muddy,Intermediate,10.1,242,46.4,3.8,7947.0,1.0,73.1,70.0,78.4,75.7,1,2024-03-25 00:00:00
643,EXC003,OP004,Trenching,Low,Sand,51.2,1.2,87.7,Sunny,29.5,0.0,6.5,Frozen,Expert,9.9,73,93.9,14.1,1373.0,1.0,88.7,90.8,53.1,63.7,1,2024-10-22 00:00:00
644,EXC005,OP006,Demolition,High,Clay,215.6,0.9,85.8,Sunny,17.7,0.0,6.1,Dry,Intermediate,5.4,149,112.4,13.7,1743.0,1.2,75.8,69.9,304.4,300.0,1,2024-05-19 00:00:00
645,EXC002,OP005,Material Loading,High,Gravel,188.3,3.0,17.2,Rainy,9.0,16.3,9.0,Frozen,Intermediate,2.5,208,26.3,8.5,3381.0,1.0,51.3,80.5,146.1,143.6,1,2024-07-09 00:00:00
646,EXC004,OP003,Earth Excavation,Medium,Sand,161.9,2.3,72.5,Rainy,33.8,38.9,4.0,Muddy,Intermediate,10.0,80,73.7,2.6,6046.0,1.2,50.1,71.4,158.4,158.9,1,2024-12-06 00:00:00
647,EXC005,OP006,Grading,Low,Gravel,77.4,5.6,92.5,Sunny,40.1,0.0,4.4,Muddy,Intermediate,10.9,79,62.8,10.1,620.0,2.0,59.3,77.2,45.0,38.7,1,2024-09-16 00:00:00
648,EXC005,OP010,Trenching,Medium,Soil,214.5,5.3,20.2,Rainy,32.5,6.7,5.6,Muddy,Intermediate,8.0,132,86.9,1.2,2050.0,1.5,62.2,69.2,153.6,177.2,1,2024-07-25 00:00:00
649,EXC001,OP006,Grading,High,Sand,147.8,2.9,80.7,Sunny,6.6,0.0,9.3,Muddy,Beginner,10.8,73,53.4,14.6,1920.0,1.0,92.0,85.8,182.3,185.7,1,2024-11-23 00:00:00
650,EXC002,OP008,Demolition,High,Clay,224.1,2.0,69.7,Sunny,10.6,0.0,2.6,Dry,Beginner,13.6,116,114.4,2.2,487.0,1.5,84.9,77.0,248.9,250.5,1,2024-04-24 00:00:00
651,EXC001,OP008,Material Loading,High,Clay,232.2,5.2,35.6,Cloudy,13.8,0.0,13.4,Wet,Expert,7.1,83,42.9,10.8,9961.0,0.8,55.4,85.6,149.8,156.3,1,2024-01-10 00:00:00
652,EXC001,OP009,Trenching,Low,Sand,62.5,5.4,77.7,Cloudy,31.0,0.0,4.7,Frozen,Intermediate,0.8,202,87.1,7.9,3572.0,2.0,63.0,95.6,65.9,52.9,1,2024-04-13 00:00:00
653,EXC002,OP004,Demolition,Medium,Soil,75.0,5.7,14.3,Windy,28.5,0.0,13.0,Muddy,Beginner,1.6,171,126.9,9.2,6706.0,1.0,71.3,89.5,246.6,250.1,1,2024-10-29 00:00:00
654,EXC003,OP004,Material Loading,Low,Sand,212.4,3.3,50.1,Sunny,14.9,0.0,7.7,Wet,Beginner,4.3,245,39.6,12.7,4789.0,1.5,55.8,72.9,67.3,69.1,1,2024-05-28 00:00:00
655,EXC005,OP007,Compaction,High,Soil,204.2,4.7,51.4,Sunny,32.1,0.0,8.8,Frozen,Intermediate,3.4,18,65.8,1.3,4560.0,1.5,67.8,92.4,110.8,107.1,1,2024-02-28 00:00:00
656,EXC001,OP003,Earth Excavation,Low,Sand,194.9,3.8,42.5,Rainy,30.6,45.6,0.5,Dry,Beginner,9.6,47,58.4,3.7,5795.0,0.8,69.1,77.9,227.9,228.7,1,2024-05-09 00:00:00
657,EXC005,OP007,Compaction,Medium,Clay,203.1,3.2,45.4,Cloudy,26.4,0.0,8.8,Dry,Expert,6.7,135,46.3,11.5,4917.0,2.0,77.2,97.6,49.0,54.4,1,2024-08-20 00:00:00
658,EXC001,OP009,Material Loading,Medium,Clay,163.7,1.1,15.3,Sunny,7.5,0.0,5.5,Frozen,Expert,7.4,215,34.7,4.0,4326.0,1.2,50.3,76.6,42.5,47.2,1,2024-12-05 00:00:00
659,EXC003,OP003,Demolition,Low,Gravel,133.0,1.1,73.5,Windy,40.6,0.0,48.9,Wet,Expert,9.6,21,109.0,9.4,11739.0,1.0,56.7,92.4,169.3,172.1,0,2024-03-14 00:00:00
660,EXC001,OP008,Grading,High,Rock,237.1,3.8,96.3,Sunny,18.0,0.0,0.0,Muddy,Beginner,11.8,266,53.7,12.5,893.0,1.0,78.1,86.8,302.2,300.0,1,2024-11-12 00:00:00
661,EXC003,OP006,Compaction,High,Mixed,126.3,2.9,31.8,Rainy,28.1,24.3,10.9,Frozen,Expert,5.7,248,56.8,2.4,10377.0,1.0,65.8,87.8,106.0,104.7,1,2024-08-30 00:00:00
662,EXC001,OP005,Trenching,Medium,Sand,66.9,2.8,73.2,Sunny,18.4,0.0,11.2,Wet,Expert,12.9,104,75.3,5.4,9644.0,0.8,55.7,78.7,98.4,91.7,1,2024-11-01 00:00:00
663,EXC003,OP010,Earth Excavation,High,Rock,70.6,3.5,41.6,Rainy,39.5,46.7,3.0,Frozen,Intermediate,9.5,37,50.3,9.8,6838.0,1.5,79.4,91.4,144.7,131.5,1,2024-05-16 00:00:00
664,EXC002,OP005,Trenching,Low,Clay,31.5,1.5,76.3,Rainy,19.9,1.3,14.5,Frozen,Beginner,2.7,133,86.1,7.9,3130.0,1.5,83.2,90.6,81.4,72.1,1,2024-05-31 00:00:00
665,EXC001,OP002,Material Loading,High,Sand,75.3,5.1,19.6,Sunny,15.6,0.0,9.4,Dry,Beginner,3.2,68,50.2,4.9,5710.0,1.5,94.7,70.4,51.5,51.9,1,2024-12-07 00:00:00
666,EXC005,OP005,Material Loading,Low,Clay,234.3,1.4,22.4,Windy,27.1,0.0,23.5,Frozen,Intermediate,3.2,70,29.9,1.9,1100.0,1.2,83.9,74.3,91.3,80.0,0,2024-10-31 00:00:00
667,EXC005,OP010,Trenching,Medium,Mixed,147.4,1.9,44.2,Windy,20.6,0.0,29.6,Dry,Beginner,13.4,218,81.1,8.3,10864.0,0.8,65.8,81.3,217.0,211.2,1,2024-05-11 00:00:00
668,EXC004,OP004,Grading,Medium,Gravel,174.1,1.7,60.3,Rainy,18.1,31.9,8.2,Muddy,Expert,3.1,136,31.3,11.2,5593.0,1.5,74.8,87.2,106.4,96.9,1,2024-09-01 00:00:00
669,EXC002,OP005,Material Loading,Low,Gravel,248.2,1.4,33.4,Sunny,39.1,0.0,14.4,Wet,Beginner,3.8,228,10.9,13.3,1839.0,1.0,50.6,78.4,112.9,110.3,1,2024-03-04 00:00:00
670,EXC005,OP007,Earth Excavation,High,Mixed,79.6,2.4,23.8,Sunny,23.9,0.0,9.5,Wet,Intermediate,6.8,196,59.0,6.7,9424.0,0.8,63.5,85.6,139.3,134.9,1,2024-07-12 00:00:00
671,EXC004,OP005,Earth Excavation,Low,Rock,30.8,6.0,27.8,Rainy,41.0,32.7,13.6,Wet,Beginner,14.5,230,77.4,8.7,11996.0,1.2,73.6,86.6,65.8,65.3,1,2024-10-26 00:00:00
672,EXC001,OP008,Grading,Medium,Gravel,242.6,5.4,63.9,Windy,12.6,0.0,57.2,Muddy,Intermediate,3.0,142,57.0,2.7,3947.0,2.0,75.8,87.5,119.7,112.6,1,2024-04-27 00:00:00
673,EXC003,OP004,Material Loading,High,Gravel,34.9,4.8,98.5,Sunny,29.4,0.0,8.9,Dry,Beginner,13.7,152,39.5,4.2,984.0,1.5,61.7,79.9,44.3,26.0,1,2024-11-28 00:00:00
674,EXC005,OP002,Demolition,Low,Sand,51.2,0.8,10.6,Sunny,10.8,0.0,12.7,Dry,Expert,12.5,264,128.1,11.9,7454.0,0.8,82.6,89.4,72.6,62.3,1,2024-07-22 00:00:00
675,EXC002,OP010,Trenching,Low,Rock,67.2,0.6,33.5,Cloudy,40.9,0.0,5.7,Wet,Beginner,4.0,202,78.2,6.4,3756.0,0.8,78.6,65.9,167.2,174.1,1,2024-10-26 00:00:00
676,EXC004,OP001,Trenching,High,Sand,87.1,3.0,26.0,Sunny,5.9,0.0,9.9,Frozen,Intermediate,6.8,218,91.2,4.1,10196.0,2.0,72.3,97.8,76.8,58.6,1,2024-01-24 00:00:00
677,EXC005,OP003,Earth Excavation,Low,Rock,76.6,1.7,49.3,Cloudy,18.4,0.0,10.1,Dry,Intermediate,1.6,182,67.9,7.6,2256.0,1.0,55.2,71.5,110.3,106.0,1,2024-11-30 00:00:00
678,EXC005,OP006,Trenching,Low,Mixed,148.1,2.6,80.1,Windy,41.6,0.0,36.3,Wet,Expert,7.1,117,67.6,5.5,11685.0,1.0,71.7,70.9,168.4,158.1,1,2024-09-05 00:00:00
679,EXC001,OP004,Earth Excavation,Medium,Gravel,101.9,1.1,79.0,Cloudy,8.9,0.0,6.0,Frozen,Beginner,12.6,284,69.9,6.4,3678.0,0.8,55.7,94.2,137.0,136.3,1,2024-04-27 00:00:00
680,EXC001,OP008,Trenching,High,Gravel,158.4,3.2,10.2,Cloudy,23.5,0.0,8.5,Dry,Beginner,4.4,159,93.8,10.3,1106.0,1.5,59.4,89.3,172.2,159.6,1,2024-01-19 00:00:00
681,EXC003,OP009,Trenching,Medium,Clay,172.4,4.7,95.2,Rainy,17.9,8.2,4.0,Dry,Intermediate,2.6,104,92.6,6.2,10496.0,0.8,56.7,82.2,302.3,300.0,1,2024-04-02 00:00:00
682,EXC002,OP004,Grading,Medium,Rock,51.0,4.4,83.8,Cloudy,16.4,0.0,8.5,Wet,Intermediate,3.9,127,57.2,2.3,8031.0,1.2,56.0,90.8,75.2,65.8,1,2024-09-30 00:00:00
683,EXC003,OP001,Grading,Low,Soil,52.6,2.8,59.5,Windy,27.6,0.0,51.8,Wet,Intermediate,8.4,30,37.0,3.7,3288.0,2.0,83.1,68.5,32.7,27.1,1,2024-12-26 00:00:00
684,EXC002,OP004,Demolition,Low,Gravel,228.6,1.9,90.6,Sunny,9.0,0.0,14.7,Wet,Beginner,2.9,296,99.8,4.4,1340.0,1.5,86.2,97.5,207.3,205.7,1,2024-10-14 00:00:00
685,EXC001,OP004,Trenching,High,Mixed,146.5,6.0,86.0,Windy,31.5,0.0,11.1,Frozen,Beginner,1.5,200,76.3,12.0,4642.0,1.0,83.3,78.9,309.8,300.0,1,2024-05-16 00:00:00
686,EXC003,OP008,Demolition,Low,Sand,120.5,5.9,86.5,Cloudy,15.4,0.0,5.6,Muddy,Expert,4.5,129,114.4,10.1,7744.0,2.0,73.5,96.9,97.8,97.0,1,2024-01-16 00:00:00
687,EXC004,OP003,Grading,Medium,Mixed,132.7,2.3,83.3,Sunny,17.7,0.0,9.3,Muddy,Expert,9.5,66,49.3,1.3,5189.0,1.0,59.0,86.6,90.2,89.5,1,2024-03-22 00:00:00
688,EXC004,OP006,Material Loading,Low,Gravel,58.5,0.9,99.4,Cloudy,5.3,0.0,10.6,Muddy,Expert,9.4,89,41.0,8.5,9473.0,2.0,94.7,66.5,17.9,16.0,1,2024-06-15 00:00:00
689,EXC005,OP001,Trenching,High,Clay,195.4,1.7,5.6,Windy,14.6,0.0,52.7,Frozen,Beginner,2.5,121,81.8,2.4,8921.0,0.8,56.7,72.6,299.1,300.0,1,2024-07-17 00:00:00
690,EXC004,OP004,Compaction,Medium,Clay,103.3,1.5,95.6,Sunny,22.9,0.0,9.1,Dry,Beginner,2.3,295,48.1,9.3,6753.0,1.0,91.9,78.6,94.1,104.2,1,2024-08-16 00:00:00
691,EXC004,OP004,Grading,High,Clay,73.1,3.5,99.6,Windy,23.1,0.0,26.5,Muddy,Beginner,8.3,44,36.4,1.4,2291.0,1.0,51.3,88.8,156.0,154.6,1,2024-02-16 00:00:00
692,EXC001,OP010,Trenching,High,Soil,78.2,1.5,36.5,Rainy,10.9,17.3,3.6,Muddy,Beginner,1.4,237,83.1,13.1,3806.0,0.8,54.3,82.2,309.3,300.0,1,2024-12-10 00:00:00
693,EXC004,OP001,Compaction,Low,Mixed,114.9,4.1,19.5,Rainy,28.7,12.6,9.2,Wet,Expert,1.8,204,30.8,8.1,3001.0,0.8,83.6,93.0,92.9,89.5,1,2024-10-12 00:00:00
694,EXC003,OP008,Grading,Low,Rock,213.4,4.9,53.5,Cloudy,18.7,0.0,14.2,Wet,Intermediate,9.7,254,50.0,8.4,7260.0,1.5,78.3,88.5,99.2,89.3,1,2024-03-02 00:00:00
695,EXC005,OP004,Demolition,Medium,Gravel,50.5,2.1,87.3,Rainy,39.8,21.3,2.9,Muddy,Expert,6.6,82,122.0,7.1,6331.0,2.0,64.1,86.6,77.8,77.6,1,2024-11-25 00:00:00
696,EXC005,OP003,Demolition,High,Rock,222.8,2.5,46.2,Cloudy,36.2,0.0,2.4,Muddy,Expert,9.1,79,121.8,6.3,11832.0,1.2,82.5,65.3,312.7,300.0,1,2024-02-24 00:00:00
697,EXC003,OP004,Demolition,Medium,Gravel,170.3,1.9,65.5,Windy,6.8,0.0,29.6,Muddy,Beginner,3.0,231,105.2,9.3,3937.0,1.5,55.2,83.4,282.4,277.7,1,2024-05-15 00:00:00
698,EXC001,OP004,Demolition,Medium,Soil,177.3,3.3,96.8,Rainy,23.6,41.9,3.9,Muddy,Expert,12.2,35,107.2,14.9,10939.0,1.5,63.7,92.9,227.3,225.7,0,2024-05-30 00:00:00
699,EXC005,OP003,Demolition,Low,Mixed,214.8,4.6,79.9,Sunny,34.9,0.0,5.6,Frozen,Intermediate,7.8,179,116.8,7.9,1536.0,2.0,82.4,85.2,155.5,156.8,1,2024-04-24 00:00:00
700,EXC001,OP003,Trenching,High,Rock,109.6,1.5,59.2,Rainy,38.8,15.8,7.6,Wet,Intermediate,13.0,55,88.1,7.1,10009.0,1.0,70.1,79.5,245.2,242.5,1,2024-05-10 00:00:00
701,EXC005,OP002,Material Loading,High,Gravel,90.9,1.4,30.8,Windy,33.9,0.0,26.2,Wet,Intermediate,10.6,105,19.2,3.3,5846.0,1.5,72.7,83.8,33.2,37.8,1,2024-07-21 00:00:00
702,EXC003,OP004,Demolition,Medium,Mixed,196.0,2.6,37.7,Rainy,19.5,28.0,5.0,Wet,Beginner,10.5,266,102.7,9.9,6205.0,0.8,52.4,95.9,311.0,300.0,0,2024-09-03 00:00:00
703,EXC002,OP006,Trenching,High,Rock,168.2,0.9,58.4,Sunny,17.3,0.0,14.3,Frozen,Expert,11.5,298,76.8,7.9,5271.0,1.5,80.0,82.0,137.9,128.0,1,2024-12-08 00:00:00
704,EXC004,OP009,Grading,Low,Gravel,121.3,5.2,36.1,Windy,30.6,0.0,54.6,Wet,Intermediate,11.7,127,39.5,5.5,8535.0,1.5,59.3,66.9,59.0,62.7,1,2024-06-11 00:00:00
705,EXC001,OP003,Trenching,High,Mixed,244.3,4.0,26.6,Windy,19.4,0.0,47.6,Muddy,Expert,2.8,262,95.4,14.0,2622.0,1.5,71.8,92.7,239.3,230.9,1,2024-10-27 00:00:00
706,EXC005,OP009,Compaction,Low,Clay,67.4,5.0,29.8,Cloudy,39.9,0.0,14.6,Dry,Beginner,13.7,80,44.8,9.2,3356.0,1.2,86.3,88.2,29.2,44.2,1,2024-11-01 00:00:00
707,EXC004,OP010,Earth Excavation,High,Clay,109.8,2.6,28.2,Sunny,15.2,0.0,6.8,Dry,Intermediate,4.1,213,67.5,7.3,7013.0,2.0,80.5,73.0,88.3,76.0,1,2024-05-23 00:00:00
708,EXC002,OP010,Grading,Low,Mixed,240.2,4.9,44.5,Cloudy,19.0,0.0,4.4,Wet,Intermediate,5.8,267,46.4,12.4,8478.0,1.5,61.2,88.5,86.1,87.0,1,2024-09-23 00:00:00
709,EXC001,OP010,Earth Excavation,High,Soil,82.5,3.1,60.4,Cloudy,30.4,0.0,13.7,Wet,Expert,4.9,165,54.3,12.8,3871.0,0.8,87.3,88.9,138.7,136.3,1,2024-10-14 00:00:00
710,EXC004,OP004,Material Loading,Low,Soil,239.2,5.1,42.7,Windy,7.1,0.0,35.9,Wet,Intermediate,6.0,118,35.7,2.3,1449.0,2.0,56.9,71.8,28.4,45.6,1,2024-12-16 00:00:00
711,EXC004,OP001,Trenching,Medium,Gravel,181.9,3.2,58.9,Rainy,22.1,19.7,4.1,Wet,Expert,5.7,149,79.9,6.7,7037.0,1.2,54.9,76.2,186.3,184.0,1,2024-05-06 00:00:00
712,EXC005,OP003,Material Loading,Low,Clay,235.4,4.1,7.9,Cloudy,19.1,0.0,11.9,Wet,Beginner,4.3,143,38.9,13.9,6442.0,1.2,54.2,73.0,121.4,113.2,1,2024-10-07 00:00:00
713,EXC005,OP004,Trenching,Medium,Soil,126.6,3.2,25.9,Rainy,19.9,3.2,12.9,Frozen,Expert,0.8,142,74.0,10.4,3424.0,2.0,62.7,78.2,92.5,89.4,1,2024-05-03 00:00:00
714,EXC004,OP002,Demolition,Medium,Clay,216.4,3.6,73.6,Cloudy,22.8,0.0,9.0,Frozen,Beginner,14.6,283,104.4,4.1,9552.0,2.0,72.8,70.8,174.6,176.2,1,2024-05-13 00:00:00
715,EXC004,OP004,Compaction,Medium,Soil,128.1,5.5,9.8,Windy,19.9,0.0,49.0,Muddy,Beginner,11.3,284,61.6,12.8,8925.0,2.0,72.4,85.6,56.3,63.2,1,2024-08-08 00:00:00
716,EXC005,OP006,Compaction,Low,Gravel,88.3,3.9,57.9,Windy,13.4,0.0,34.5,Frozen,Beginner,8.5,224,36.9,12.4,5640.0,2.0,53.6,81.1,56.0,49.6,1,2024-02-26 00:00:00
717,EXC001,OP010,Trenching,Medium,Sand,42.9,4.9,73.5,Rainy,38.1,45.0,11.7,Frozen,Expert,3.3,179,79.1,5.1,11249.0,1.0,74.2,95.2,99.9,99.4,0,2024-12-14 00:00:00
718,EXC003,OP009,Trenching,Low,Sand,89.0,2.3,35.5,Rainy,37.5,33.1,11.0,Muddy,Expert,0.7,11,68.6,6.7,3950.0,0.8,88.3,96.5,166.6,157.8,1,2024-10-09 00:00:00
719,EXC001,OP005,Compaction,High,Gravel,74.4,1.6,47.3,Sunny,40.0,0.0,8.8,Wet,Expert,9.7,20,50.8,0.6,868.0,1.0,86.9,72.8,41.5,52.2,0,2024-01-15 00:00:00
720,EXC001,OP003,Material Loading,Low,Sand,33.3,5.5,95.3,Sunny,5.1,0.0,6.9,Dry,Expert,6.5,217,28.1,12.7,6581.0,1.5,77.5,71.7,22.7,19.8,1,2024-11-04 00:00:00
721,EXC002,OP002,Trenching,Medium,Sand,224.1,6.0,43.3,Windy,31.5,0.0,44.4,Frozen,Expert,3.0,135,79.0,9.7,5251.0,2.0,58.1,89.6,131.0,124.8,1,2024-03-15 00:00:00
722,EXC002,OP003,Material Loading,Medium,Mixed,222.5,2.8,89.0,Cloudy,10.0,0.0,5.5,Wet,Intermediate,1.9,175,28.1,8.6,11496.0,1.2,79.6,85.7,100.4,101.8,1,2024-12-26 00:00:00
723,EXC001,OP004,Demolition,Medium,Sand,208.0,3.2,95.7,Sunny,8.1,0.0,9.2,Muddy,Beginner,10.9,173,112.3,9.5,6453.0,0.8,81.0,93.5,299.0,300.0,1,2024-10-11 00:00:00
724,EXC003,OP007,Demolition,High,Clay,47.0,0.7,11.1,Cloudy,9.6,0.0,6.4,Dry,Beginner,12.5,176,111.9,5.5,5245.0,1.5,77.0,75.0,82.4,83.3,1,2024-01-05 00:00:00
725,EXC003,OP008,Demolition,High,Soil,195.2,3.7,13.9,Windy,39.5,0.0,48.8,Wet,Beginner,2.6,136,117.7,14.5,1689.0,1.0,57.2,70.0,299.1,300.0,1,2024-03-08 00:00:00
726,EXC004,OP008,Demolition,High,Mixed,105.3,5.6,16.6,Rainy,11.2,21.7,4.3,Frozen,Expert,9.4,226,98.4,13.6,5994.0,1.5,74.9,79.0,182.8,184.6,1,2024-07-14 00:00:00
727,EXC002,OP009,Demolition,Medium,Mixed,122.7,2.9,89.9,Sunny,32.3,0.0,3.3,Muddy,Expert,10.0,214,110.8,2.4,2490.0,1.2,55.7,74.2,167.8,162.2,1,2024-10-27 00:00:00
728,EXC003,OP009,Grading,High,Rock,30.3,1.0,78.2,Sunny,8.1,0.0,9.0,Muddy,Beginner,12.9,219,47.4,11.2,5079.0,1.0,59.4,95.4,57.2,68.5,1,2024-06-10 00:00:00
729,EXC002,OP007,Material Loading,Low,Sand,104.6,4.3,81.5,Cloudy,37.5,0.0,0.7,Wet,Expert,11.7,111,31.5,2.6,8439.0,2.0,81.9,72.1,23.5,19.8,1,2024-08-30 00:00:00
730,EXC004,OP001,Compaction,Medium,Sand,204.7,5.5,12.6,Sunny,26.1,0.0,11.2,Muddy,Beginner,3.6,257,54.2,4.3,3350.0,1.5,75.8,77.1,95.9,95.5,1,2024-10-07 00:00:00
731,EXC004,OP003,Material Loading,Low,Gravel,235.9,2.3,6.9,Sunny,10.2,0.0,0.5,Muddy,Beginner,6.3,251,33.5,12.1,5515.0,1.2,52.1,80.5,94.8,82.6,1,2024-05-05 00:00:00
732,EXC005,OP010,Compaction,Medium,Clay,50.5,4.7,72.0,Cloudy,37.7,0.0,13.4,Frozen,Expert,4.5,15,19.2,9.8,11990.0,1.0,61.0,80.6,47.9,63.3,1,2024-11-21 00:00:00
733,EXC003,OP002,Demolition,High,Gravel,168.1,5.6,95.8,Windy,40.8,0.0,42.3,Wet,Beginner,9.7,183,101.6,8.5,7369.0,1.0,51.9,67.9,303.8,300.0,1,2024-01-30 00:00:00
734,EXC004,OP008,Demolition,Medium,Gravel,77.9,1.3,25.1,Rainy,8.6,29.1,4.2,Frozen,Intermediate,13.7,246,107.3,9.4,4443.0,2.0,94.3,96.5,84.0,76.1,1,2024-11-17 00:00:00
735,EXC001,OP008,Demolition,Medium,Sand,49.1,0.6,32.9,Rainy,7.0,21.2,12.2,Muddy,Beginner,9.4,251,111.5,10.3,572.0,1.2,56.6,75.0,114.5,125.3,1,2024-02-01 00:00:00
736,EXC002,OP005,Grading,Low,Gravel,246.6,5.9,35.7,Sunny,13.9,0.0,3.4,Dry,Beginner,7.5,297,47.1,3.7,7852.0,1.0,53.4,68.4,139.8,133.5,1,2024-08-27 00:00:00
737,EXC001,OP010,Material Loading,Low,Clay,171.8,3.0,93.0,Rainy,41.3,38.7,13.7,Dry,Beginner,2.5,83,49.4,10.0,2541.0,2.0,73.5,89.5,70.2,76.6,1,2024-09-28 00:00:00
738,EXC001,OP004,Demolition,High,Clay,244.7,0.6,36.1,Cloudy,17.7,0.0,4.3,Muddy,Intermediate,12.4,150,118.5,1.2,4441.0,1.5,82.0,78.4,213.2,224.6,1,2024-09-30 00:00:00
739,EXC003,OP007,Earth Excavation,Low,Gravel,186.8,3.1,25.2,Windy,6.7,0.0,51.9,Frozen,Intermediate,12.3,221,64.5,2.9,7813.0,2.0,75.1,75.5,55.0,65.2,1,2024-03-20 00:00:00
740,EXC002,OP007,Earth Excavation,Low,Mixed,226.5,4.1,61.8,Sunny,9.0,0.0,6.5,Wet,Intermediate,9.4,79,65.1,1.7,1515.0,2.0,94.7,76.0,71.8,81.8,1,2024-10-15 00:00:00
741,EXC003,OP008,Earth Excavation,Low,Gravel,211.9,1.1,25.6,Cloudy,22.0,0.0,2.9,Wet,Beginner,8.3,26,65.4,7.2,11440.0,1.0,76.0,88.8,167.0,155.9,1,2024-05-17 00:00:00
742,EXC003,OP001,Demolition,High,Clay,221.9,5.5,13.1,Windy,31.9,0.0,20.2,Muddy,Beginner,11.8,43,115.9,10.7,2340.0,1.5,87.5,80.2,295.7,300.0,1,2024-01-07 00:00:00
743,EXC002,OP008,Grading,Low,Sand,146.7,4.3,22.0,Cloudy,27.3,0.0,13.8,Wet,Intermediate,3.2,159,54.4,10.1,738.0,1.5,83.4,66.1,57.5,66.3,1,2024-01-20 00:00:00
744,EXC002,OP009,Earth Excavation,High,Sand,238.9,3.2,75.8,Windy,13.1,0.0,16.9,Muddy,Intermediate,11.2,232,58.3,10.3,3434.0,0.8,83.6,81.7,295.7,296.8,1,2024-10-09 00:00:00
745,EXC005,OP006,Grading,High,Sand,132.3,5.8,90.0,Windy,12.1,0.0,23.7,Frozen,Intermediate,5.8,240,53.8,13.3,11144.0,1.2,62.4,94.3,136.4,136.1,1,2024-05-12 00:00:00
746,EXC002,OP009,Trenching,High,Clay,138.5,1.6,35.4,Windy,15.3,0.0,45.4,Frozen,Expert,7.1,108,72.3,4.8,10010.0,0.8,53.9,90.3,234.7,240.1,1,2024-08-15 00:00:00
747,EXC002,OP001,Compaction,High,Gravel,220.0,5.4,52.3,Sunny,25.6,0.0,11.5,Dry,Intermediate,11.8,124,37.8,13.4,10158.0,1.2,79.2,80.9,107.5,124.1,1,2024-08-22 00:00:00
748,EXC005,OP005,Trenching,Low,Soil,143.8,0.5,59.8,Rainy,5.2,46.3,4.0,Muddy,Beginner,13.1,33,82.0,0.7,1347.0,1.5,70.3,90.0,121.3,115.8,1,2024-08-01 00:00:00
749,EXC002,OP001,Material Loading,High,Clay,216.6,1.0,46.9,Cloudy,38.1,0.0,6.4,Wet,Expert,8.7,268,45.8,13.2,2945.0,1.2,67.9,84.6,68.3,74.3,1,2024-11-17 00:00:00
750,EXC002,OP004,Material Loading,Low,Gravel,76.1,2.9,28.4,Rainy,10.1,29.9,11.2,Dry,Beginner,10.4,37,24.9,4.5,10282.0,0.8,77.5,85.3,53.2,66.3,1,2024-09-08 00:00:00
751,EXC002,OP001,Demolition,Low,Gravel,126.7,0.5,56.5,Sunny,16.0,0.0,8.3,Muddy,Beginner,14.1,125,127.2,13.1,7002.0,1.0,81.4,95.5,183.3,184.6,1,2024-07-30 00:00:00
752,EXC001,OP007,Earth Excavation,Low,Soil,153.6,5.0,85.9,Windy,21.9,0.0,59.8,Frozen,Intermediate,5.7,60,57.3,3.0,10183.0,1.5,68.7,93.9,111.3,116.7,1,2024-10-30 00:00:00
753,EXC004,OP005,Trenching,Low,Mixed,171.6,4.1,14.8,Cloudy,20.5,0.0,9.6,Frozen,Intermediate,4.3,120,77.5,6.4,7442.0,1.0,51.4,72.3,178.2,184.1,1,2024-11-19 00:00:00
754,EXC001,OP001,Compaction,Low,Rock,177.8,3.1,81.9,Sunny,21.9,0.0,6.2,Dry,Beginner,4.8,158,43.7,3.4,9999.0,0.8,54.3,94.8,160.2,163.1,1,2024-03-18 00:00:00
755,EXC004,OP003,Trenching,High,Soil,205.3,2.9,6.3,Rainy,23.0,40.6,6.4,Frozen,Beginner,11.5,96,83.1,10.7,5592.0,0.8,82.7,77.2,299.9,300.0,1,2024-06-01 00:00:00
756,EXC002,OP003,Earth Excavation,High,Soil,190.5,4.8,38.5,Rainy,34.6,48.1,11.1,Frozen,Intermediate,10.8,260,56.2,6.8,10128.0,1.2,54.0,89.7,188.6,193.6,1,2024-01-10 00:00:00
757,EXC002,OP004,Trenching,High,Sand,211.6,5.2,37.7,Rainy,22.5,42.4,13.7,Frozen,Expert,2.6,231,72.3,3.1,4293.0,1.0,89.4,84.1,305.3,300.0,1,2024-02-09 00:00:00
758,EXC005,OP002,Trenching,Medium,Sand,98.8,5.7,46.0,Rainy,21.3,7.7,4.6,Wet,Expert,12.3,90,77.9,11.9,5339.0,0.8,90.2,77.5,171.7,160.5,1,2024-11-24 00:00:00
759,EXC004,OP005,Trenching,High,Mixed,85.9,3.1,67.8,Windy,26.7,0.0,54.3,Wet,Expert,7.4,253,83.1,3.1,2732.0,2.0,50.4,93.7,66.9,70.5,1,2024-02-12 00:00:00
760,EXC005,OP004,Earth Excavation,Low,Gravel,50.6,2.4,67.6,Sunny,41.3,0.0,12.7,Muddy,Beginner,12.8,34,75.2,8.0,6859.0,2.0,88.6,93.7,46.8,38.4,1,2024-04-16 00:00:00
761,EXC004,OP001,Compaction,Medium,Sand,172.1,5.1,82.2,Sunny,6.8,0.0,6.8,Muddy,Intermediate,0.8,187,31.0,13.4,2252.0,2.0,75.7,85.6,79.7,79.6,1,2024-07-18 00:00:00
762,EXC005,OP001,Grading,High,Clay,212.3,1.3,78.1,Cloudy,11.8,0.0,7.9,Frozen,Intermediate,5.1,50,63.2,9.7,2710.0,1.0,85.8,83.9,219.2,225.6,1,2024-03-21 00:00:00
763,EXC002,OP005,Trenching,Medium,Rock,124.1,4.1,48.8,Rainy,13.8,23.2,12.7,Muddy,Beginner,3.5,273,75.9,5.8,11886.0,1.5,51.5,82.5,228.8,238.9,1,2024-02-16 00:00:00
764,EXC003,OP007,Grading,Low,Soil,154.6,5.1,22.6,Cloudy,11.5,0.0,6.3,Frozen,Intermediate,11.9,69,41.4,1.3,9583.0,1.2,72.5,83.5,74.3,65.5,0,2024-12-10 00:00:00
765,EXC004,OP002,Trenching,Medium,Rock,239.2,5.8,34.6,Cloudy,40.0,0.0,0.5,Dry,Beginner,14.7,179,89.9,12.6,2729.0,1.2,85.9,75.5,264.3,265.4,1,2024-02-08 00:00:00
766,EXC002,OP003,Compaction,Low,Rock,72.7,4.1,15.3,Cloudy,29.7,0.0,6.0,Muddy,Intermediate,10.2,282,49.0,6.0,10183.0,0.8,52.5,94.5,58.3,70.5,1,2024-06-16 00:00:00
767,EXC002,OP001,Compaction,High,Mixed,132.0,0.7,82.8,Rainy,13.2,8.8,1.1,Wet,Expert,5.3,177,53.7,5.2,3773.0,1.2,83.8,95.9,108.4,88.6,1,2024-11-02 00:00:00
768,EXC003,OP006,Grading,Medium,Sand,172.1,5.2,34.8,Cloudy,32.8,0.0,11.3,Dry,Expert,4.0,267,47.1,9.5,8167.0,1.5,62.3,79.9,57.9,58.0,1,2024-03-08 00:00:00
769,EXC004,OP007,Compaction,High,Mixed,99.3,2.2,75.8,Rainy,9.9,38.6,9.8,Wet,Intermediate,13.3,11,59.3,4.3,6173.0,2.0,91.1,87.3,62.0,56.7,1,2024-01-06 00:00:00
770,EXC004,OP003,Earth Excavation,Medium,Mixed,207.8,2.1,60.2,Cloudy,9.4,0.0,11.3,Frozen,Beginner,2.7,147,73.4,13.1,3039.0,2.0,57.2,67.3,150.1,148.2,1,2024-04-21 00:00:00
771,EXC003,OP010,Trenching,Medium,Gravel,34.2,2.5,15.5,Cloudy,6.0,0.0,1.5,Wet,Beginner,5.1,203,72.6,11.4,990.0,0.8,77.9,94.1,112.7,98.7,1,2024-10-20 00:00:00
772,EXC001,OP002,Earth Excavation,High,Mixed,66.3,5.7,19.8,Cloudy,33.8,0.0,6.1,Frozen,Intermediate,11.0,204,80.6,1.8,8756.0,1.0,73.0,94.7,84.4,98.3,1,2024-12-23 00:00:00
773,EXC002,OP001,Compaction,Low,Gravel,78.9,4.2,42.9,Windy,35.9,0.0,41.9,Muddy,Beginner,4.7,109,39.8,9.2,10424.0,1.2,83.1,78.7,80.6,89.2,1,2024-04-10 00:00:00
774,EXC001,OP006,Grading,Medium,Clay,99.3,2.0,14.6,Cloudy,26.4,0.0,4.0,Dry,Expert,12.7,285,63.9,10.4,246.0,2.0,75.5,72.7,21.6,22.6,1,2024-07-28 00:00:00
775,EXC004,OP003,Earth Excavation,High,Sand,143.8,5.8,45.3,Rainy,20.7,23.1,4.2,Muddy,Beginner,2.8,220,65.4,8.9,10752.0,0.8,54.3,78.2,297.4,300.0,1,2024-10-13 00:00:00
776,EXC002,OP002,Material Loading,High,Sand,227.4,4.9,58.9,Sunny,16.0,0.0,4.5,Frozen,Beginner,13.2,85,41.0,1.3,11309.0,1.5,64.7,89.4,85.9,82.6,1,2024-04-10 00:00:00
777,EXC003,OP003,Earth Excavation,High,Gravel,79.1,1.7,63.5,Sunny,9.6,0.0,7.0,Muddy,Intermediate,4.2,64,64.2,12.9,6743.0,1.0,91.7,92.2,150.8,152.5,1,2024-01-23 00:00:00
778,EXC003,OP010,Earth Excavation,Medium,Sand,83.0,1.4,39.1,Cloudy,10.4,0.0,14.2,Muddy,Expert,10.9,248,54.0,12.0,9027.0,2.0,60.9,69.6,30.8,30.6,1,2024-08-28 00:00:00
779,EXC005,OP007,Grading,Medium,Clay,116.6,5.3,73.6,Sunny,6.3,0.0,11.8,Wet,Intermediate,12.0,240,42.7,10.1,11166.0,1.5,59.9,77.6,62.0,69.3,1,2024-12-19 00:00:00
780,EXC005,OP009,Demolition,Low,Sand,105.7,3.3,50.5,Cloudy,39.2,0.0,4.0,Wet,Intermediate,5.3,225,105.3,10.1,10662.0,2.0,55.2,71.9,62.4,80.0,1,2024-06-20 00:00:00
781,EXC003,OP002,Trenching,Medium,Sand,210.2,0.8,88.7,Windy,6.6,0.0,16.4,Dry,Beginner,3.1,196,76.4,3.7,4941.0,1.5,90.2,82.3,162.1,157.7,1,2024-04-30 00:00:00
782,EXC002,OP005,Earth Excavation,Low,Clay,52.1,5.0,16.2,Sunny,27.5,0.0,5.3,Muddy,Expert,13.5,46,68.4,10.8,901.0,0.8,90.3,78.7,68.8,69.9,1,2024-05-08 00:00:00
783,EXC001,OP006,Demolition,Medium,Clay,249.2,1.5,80.6,Windy,39.3,0.0,44.4,Wet,Intermediate,2.1,180,105.1,5.2,1211.0,1.5,94.9,77.4,294.0,300.0,1,2024-07-24 00:00:00
784,EXC004,OP001,Compaction,Medium,Soil,58.0,4.0,68.9,Rainy,21.3,39.9,7.6,Muddy,Expert,4.6,268,41.5,14.3,11340.0,1.2,54.3,96.2,62.2,59.4,1,2024-08-02 00:00:00
785,EXC002,OP001,Grading,Medium,Rock,149.0,4.9,25.4,Rainy,25.5,17.7,11.2,Muddy,Beginner,10.7,179,48.2,10.6,4658.0,1.2,79.3,87.5,166.8,175.9,1,2024-08-12 00:00:00
786,EXC003,OP001,Earth Excavation,Medium,Mixed,154.3,5.0,73.5,Sunny,24.4,0.0,5.4,Muddy,Intermediate,0.5,151,68.2,4.1,11431.0,2.0,62.4,89.8,98.5,104.3,1,2024-07-31 00:00:00
787,EXC004,OP004,Demolition,Low,Clay,53.8,4.9,64.4,Sunny,8.7,0.0,4.3,Wet,Expert,2.5,0,108.1,12.1,6489.0,1.5,74.4,80.9,88.3,92.6,1,2024-07-20 00:00:00
788,EXC004,OP002,Grading,Medium,Clay,36.0,3.6,45.3,Rainy,13.8,26.0,3.3,Dry,Expert,8.7,276,50.0,2.7,4987.0,1.5,73.0,66.0,34.1,24.9,1,2024-03-17 00:00:00
789,EXC001,OP003,Trenching,High,Clay,193.1,0.7,57.1,Cloudy,21.7,0.0,9.4,Wet,Beginner,11.1,157,80.3,5.2,7710.0,1.2,56.0,94.1,220.7,214.8,1,2024-02-21 00:00:00
790,EXC002,OP002,Material Loading,Low,Soil,30.9,5.2,18.7,Cloudy,23.5,0.0,11.8,Wet,Intermediate,9.3,246,40.2,3.0,7495.0,1.0,84.1,93.2,5.0,22.9,1,2024-10-12 00:00:00
791,EXC003,OP009,Grading,High,Clay,228.9,4.0,22.3,Windy,34.6,0.0,44.7,Dry,Intermediate,14.7,246,51.7,4.0,4131.0,1.0,52.8,85.9,138.7,134.7,0,2024-06-05 00:00:00
792,EXC003,OP010,Compaction,High,Sand,36.2,4.9,16.9,Cloudy,15.4,0.0,14.2,Muddy,Beginner,4.9,204,42.8,4.2,11686.0,1.2,53.9,70.3,56.2,56.7,0,2024-12-22 00:00:00
793,EXC004,OP004,Material Loading,Medium,Soil,235.8,2.2,83.6,Sunny,28.3,0.0,1.5,Wet,Expert,9.2,0,39.4,14.7,3836.0,1.0,94.0,78.7,106.0,90.6,1,2024-02-09 00:00:00
794,EXC001,OP008,Compaction,Low,Rock,33.9,5.2,76.4,Rainy,40.0,11.7,4.8,Muddy,Beginner,10.1,0,40.6,13.9,11913.0,2.0,68.8,82.8,38.7,45.0,1,2024-05-06 00:00:00
795,EXC003,OP001,Grading,Low,Soil,148.0,4.7,62.9,Cloudy,7.9,0.0,2.7,Muddy,Intermediate,8.2,106,56.0,10.6,6267.0,1.0,52.3,90.9,104.1,107.9,1,2024-10-10 00:00:00
796,EXC001,OP003,Trenching,Low,Clay,142.4,2.6,32.6,Cloudy,5.2,0.0,12.8,Frozen,Intermediate,7.4,240,88.2,10.9,11512.0,1.0,50.1,87.3,156.5,151.5,1,2024-12-27 00:00:00
797,EXC003,OP001,Trenching,Medium,Gravel,138.9,1.7,51.6,Sunny,5.5,0.0,15.0,Dry,Intermediate,5.3,213,75.4,7.5,9460.0,0.8,90.0,96.1,171.8,165.4,1,2024-02-05 00:00:00
798,EXC005,OP004,Earth Excavation,Low,Mixed,124.4,5.9,75.0,Rainy,34.9,41.3,0.3,Muddy,Intermediate,1.3,264,60.4,3.4,7932.0,1.2,78.1,75.7,189.1,176.4,0,2024-06-01 00:00:00
799,EXC001,OP002,Compaction,High,Soil,143.7,3.8,39.9,Windy,27.8,0.0,31.7,Muddy,Beginner,13.2,239,34.7,10.9,1504.0,1.2,65.2,95.9,128.9,115.4,1,2024-10-06 00:00:00
800,EXC005,OP010,Demolition,Low,Sand,124.3,1.0,93.2,Windy,17.2,0.0,25.6,Muddy,Expert,3.3,54,108.0,14.9,11322.0,1.5,65.7,73.6,152.7,149.5,1,2024-10-04 00:00:00
801,EXC004,OP007,Earth Excavation,High,Rock,223.9,2.7,97.3,Windy,29.2,0.0,14.8,Dry,Intermediate,7.4,274,76.9,1.2,4862.0,0.8,60.4,96.4,292.0,296.3,1,2024-12-10 00:00:00
802,EXC004,OP002,Demolition,High,Gravel,124.0,2.1,83.3,Windy,30.1,0.0,40.7,Frozen,Beginner,14.0,250,102.7,1.8,11455.0,0.8,54.5,76.5,297.3,300.0,1,2024-10-29 00:00:00
803,EXC002,OP010,Material Loading,Low,Soil,60.3,2.3,84.8,Sunny,40.1,0.0,12.3,Wet,Intermediate,0.5,112,36.2,8.7,2167.0,1.0,69.3,96.1,40.8,42.3,1,2024-04-28 00:00:00
804,EXC004,OP003,Compaction,Medium,Clay,30.4,4.6,13.3,Windy,27.9,0.0,41.0,Dry,Beginner,13.0,66,54.7,12.4,8285.0,2.0,67.1,70.5,7.8,20.3,0,2024-04-24 00:00:00
805,EXC002,OP005,Earth Excavation,High,Clay,63.6,2.7,66.3,Rainy,14.3,35.1,3.5,Frozen,Expert,3.5,74,56.4,0.7,3526.0,1.2,84.4,83.8,104.0,113.0,1,2024-04-07 00:00:00
806,EXC002,OP005,Compaction,Low,Gravel,195.6,3.6,64.2,Sunny,41.1,0.0,5.2,Wet,Intermediate,12.1,151,40.4,8.6,2976.0,0.8,52.4,85.3,116.3,107.4,1,2024-07-14 00:00:00
807,EXC002,OP006,Material Loading,Medium,Soil,245.6,0.7,24.8,Windy,31.2,0.0,14.2,Wet,Beginner,4.3,173,28.3,2.7,8738.0,1.0,52.9,80.2,99.3,103.7,1,2024-12-06 00:00:00
808,EXC004,OP002,Grading,Medium,Mixed,128.4,4.1,39.7,Windy,13.4,0.0,14.2,Wet,Beginner,2.0,244,39.5,14.4,9504.0,1.5,61.0,82.5,102.8,110.6,1,2024-03-24 00:00:00
809,EXC004,OP004,Compaction,Low,Sand,185.6,6.0,22.2,Sunny,32.4,0.0,14.2,Frozen,Expert,9.8,240,40.1,14.5,11934.0,1.0,95.0,85.7,62.7,73.3,1,2024-07-19 00:00:00
810,EXC004,OP006,Demolition,High,Clay,46.7,5.8,51.7,Cloudy,12.0,0.0,4.1,Wet,Expert,12.1,181,117.2,9.7,5683.0,1.2,64.9,94.7,107.7,102.8,1,2024-09-16 00:00:00
811,EXC002,OP005,Demolition,High,Clay,198.7,2.8,53.2,Windy,12.1,0.0,39.8,Wet,Expert,5.9,49,103.7,5.5,11389.0,1.2,87.3,74.3,297.7,300.0,1,2024-02-17 00:00:00
812,EXC004,OP001,Compaction,High,Rock,52.4,0.8,24.8,Sunny,30.9,0.0,10.4,Dry,Expert,13.0,44,48.5,11.5,6519.0,1.0,64.1,65.2,39.6,50.6,0,2024-03-04 00:00:00
813,EXC001,OP006,Material Loading,High,Gravel,47.8,2.7,97.4,Cloudy,30.7,0.0,7.1,Dry,Intermediate,5.0,76,45.2,5.8,7412.0,1.0,56.8,88.0,58.1,50.7,1,2024-05-27 00:00:00
814,EXC002,OP007,Demolition,Low,Soil,249.3,5.6,81.2,Windy,15.9,0.0,57.6,Wet,Beginner,0.9,38,108.5,3.2,7479.0,1.0,85.7,94.2,295.8,300.0,1,2024-11-11 00:00:00
815,EXC004,OP003,Compaction,Low,Gravel,221.6,1.7,21.4,Cloudy,39.9,0.0,8.3,Frozen,Expert,5.8,215,38.0,3.4,11944.0,2.0,59.8,68.0,53.0,42.9,1,2024-12-20 00:00:00
816,EXC005,OP008,Material Loading,Medium,Rock,85.9,5.4,91.3,Rainy,40.5,9.0,3.7,Wet,Beginner,9.5,221,33.6,2.5,1210.0,2.0,53.3,85.0,55.3,52.2,1,2024-01-29 00:00:00
817,EXC001,OP003,Trenching,Low,Clay,181.0,4.3,32.1,Windy,39.5,0.0,56.1,Frozen,Expert,11.2,8,72.6,7.3,756.0,2.0,56.2,84.7,91.7,87.5,1,2024-12-14 00:00:00
818,EXC002,OP010,Demolition,Low,Sand,153.7,1.9,22.6,Rainy,16.0,12.4,8.4,Wet,Expert,5.0,113,110.8,11.1,6902.0,1.2,74.0,96.4,127.3,141.8,1,2024-07-02 00:00:00
819,EXC005,OP009,Material Loading,Low,Gravel,176.4,2.9,65.7,Rainy,26.1,11.9,7.8,Frozen,Intermediate,8.0,130,46.8,12.4,5315.0,2.0,94.3,94.5,48.3,50.2,1,2024-08-02 00:00:00
820,EXC002,OP008,Material Loading,Low,Mixed,138.8,1.1,95.5,Rainy,25.3,44.0,13.0,Dry,Intermediate,0.7,165,44.5,4.3,4176.0,2.0,74.1,67.4,38.6,48.1,1,2024-06-17 00:00:00
821,EXC002,OP010,Earth Excavation,Low,Gravel,49.2,5.0,81.6,Sunny,8.0,0.0,13.3,Muddy,Intermediate,14.4,83,70.1,1.1,11414.0,2.0,79.9,70.8,20.4,37.5,1,2024-06-12 00:00:00
822,EXC003,OP007,Grading,Low,Clay,236.0,4.3,9.8,Cloudy,41.4,0.0,12.1,Dry,Beginner,5.0,90,43.9,7.3,8774.0,0.8,80.4,80.3,192.9,191.7,1,2024-04-08 00:00:00
823,EXC002,OP008,Grading,Medium,Sand,241.6,1.7,43.6,Cloudy,12.0,0.0,10.5,Frozen,Beginner,6.8,227,55.8,6.5,10526.0,2.0,73.4,80.5,83.7,77.1,1,2024-09-16 00:00:00
824,EXC004,OP009,Demolition,Medium,Soil,160.4,2.8,37.0,Cloudy,34.8,0.0,9.8,Frozen,Intermediate,3.4,130,108.6,9.3,1866.0,1.5,72.4,84.3,181.9,182.5,1,2024-08-09 00:00:00
825,EXC005,OP005,Compaction,High,Mixed,54.6,5.4,52.6,Rainy,8.7,26.7,10.1,Frozen,Beginner,5.1,12,36.0,0.6,7535.0,1.0,69.5,92.2,131.0,128.7,1,2024-01-19 00:00:00
826,EXC003,OP009,Demolition,Medium,Sand,105.1,3.4,92.7,Rainy,12.4,15.7,13.3,Wet,Intermediate,7.2,130,106.1,5.1,640.0,1.5,68.9,81.5,159.1,161.5,1,2024-11-21 00:00:00
827,EXC001,OP010,Material Loading,Medium,Soil,96.2,0.8,38.2,Windy,42.0,0.0,26.5,Muddy,Beginner,13.0,105,33.1,1.7,5625.0,1.2,59.1,77.3,59.4,53.7,1,2024-11-25 00:00:00
828,EXC002,OP002,Demolition,Low,Soil,158.2,3.5,59.0,Sunny,38.2,0.0,4.2,Wet,Beginner,12.3,3,110.2,8.6,5988.0,1.2,63.5,75.0,209.9,211.5,1,2024-10-04 00:00:00
829,EXC005,OP003,Material Loading,High,Rock,135.5,4.2,46.4,Rainy,10.1,49.3,10.8,Muddy,Intermediate,9.3,38,34.9,7.5,8595.0,1.2,64.7,69.1,158.8,158.6,1,2024-09-15 00:00:00
830,EXC001,OP005,Demolition,Medium,Clay,232.2,3.2,41.0,Sunny,15.9,0.0,13.6,Muddy,Beginner,3.8,22,109.9,12.5,2491.0,1.2,79.0,79.9,302.2,300.0,1,2024-09-23 00:00:00
831,EXC005,OP004,Demolition,Medium,Mixed,204.5,5.4,89.1,Sunny,17.5,0.0,3.8,Frozen,Expert,13.5,94,119.9,2.6,900.0,1.5,84.2,87.9,171.5,169.2,1,2024-08-06 00:00:00
832,EXC004,OP005,Trenching,Low,Mixed,212.0,3.1,75.4,Windy,18.5,0.0,50.5,Muddy,Expert,12.4,107,90.4,8.7,2774.0,1.5,93.7,96.3,128.3,128.3,0,2024-06-17 00:00:00
833,EXC005,OP003,Grading,Medium,Sand,86.2,4.5,80.4,Rainy,41.5,12.7,12.6,Wet,Beginner,3.0,133,55.8,2.4,8805.0,1.2,85.7,74.3,98.2,115.7,1,2024-12-03 00:00:00
834,EXC001,OP007,Trenching,High,Sand,158.6,3.5,51.0,Rainy,29.6,42.6,2.4,Dry,Beginner,12.3,251,68.4,1.4,5889.0,1.5,73.0,71.5,154.0,159.1,1,2024-02-26 00:00:00
835,EXC003,OP003,Material Loading,High,Soil,120.1,5.3,43.0,Cloudy,9.0,0.0,14.8,Dry,Beginner,7.7,278,27.6,5.5,10745.0,1.0,72.4,75.1,101.2,91.5,1,2024-04-11 00:00:00
836,EXC001,OP007,Compaction,Medium,Mixed,76.5,3.4,29.5,Sunny,5.5,0.0,11.3,Frozen,Intermediate,5.7,27,46.8,1.5,6204.0,0.8,94.0,87.4,93.5,86.4,1,2024-08-20 00:00:00
837,EXC005,OP006,Grading,High,Rock,100.9,0.8,12.9,Sunny,21.9,0.0,0.6,Dry,Expert,11.8,243,43.2,13.1,358.0,0.8,94.2,66.0,101.3,106.6,1,2024-09-25 00:00:00
838,EXC001,OP003,Compaction,Medium,Clay,112.1,2.3,21.9,Windy,36.3,0.0,45.3,Dry,Intermediate,5.3,12,51.8,3.9,1712.0,1.2,55.1,85.6,68.2,71.2,1,2024-11-08 00:00:00
839,EXC002,OP002,Earth Excavation,Medium,Rock,108.9,5.0,64.9,Sunny,37.6,0.0,9.3,Muddy,Intermediate,11.8,206,76.8,10.6,5659.0,0.8,79.9,65.2,216.4,221.9,0,2024-09-18 00:00:00
840,EXC004,OP009,Earth Excavation,Low,Soil,153.0,2.7,98.2,Cloudy,34.9,0.0,2.2,Dry,Intermediate,6.5,30,55.3,6.7,4473.0,0.8,72.3,87.1,155.3,147.5,1,2024-10-31 00:00:00
841,EXC003,OP007,Compaction,Low,Sand,138.0,1.0,79.7,Windy,20.1,0.0,20.4,Wet,Expert,9.6,295,47.1,6.8,1233.0,1.5,61.0,81.9,24.5,38.1,1,2024-09-17 00:00:00
842,EXC004,OP001,Grading,Low,Mixed,111.1,3.3,92.4,Sunny,35.2,0.0,5.8,Frozen,Expert,13.4,195,53.4,6.0,3400.0,0.8,77.4,76.7,84.0,77.1,1,2024-04-08 00:00:00
843,EXC002,OP004,Compaction,High,Sand,158.3,1.3,87.5,Sunny,20.8,0.0,2.6,Muddy,Expert,3.3,113,42.6,11.9,11241.0,1.5,53.5,68.3,77.8,81.2,1,2024-06-23 00:00:00
844,EXC002,OP007,Grading,Medium,Gravel,131.3,3.5,15.5,Cloudy,10.7,0.0,8.0,Dry,Expert,4.5,227,52.4,9.6,4598.0,1.2,59.9,86.7,56.5,59.8,1,2024-11-30 00:00:00
845,EXC005,OP006,Material Loading,High,Gravel,147.0,4.1,52.1,Windy,19.4,0.0,57.2,Frozen,Beginner,10.7,245,34.1,14.5,10186.0,2.0,82.7,86.3,71.0,76.7,1,2024-03-26 00:00:00
846,EXC004,OP002,Demolition,High,Gravel,143.5,2.4,69.2,Cloudy,27.4,0.0,7.5,Muddy,Intermediate,4.2,123,116.9,8.1,5648.0,0.8,88.3,94.5,295.4,300.0,1,2024-12-28 00:00:00
847,EXC004,OP006,Compaction,High,Mixed,249.6,5.6,98.3,Cloudy,10.3,0.0,7.4,Muddy,Beginner,13.5,155,50.9,10.3,5328.0,1.5,51.7,85.2,172.0,175.7,1,2024-06-29 00:00:00
848,EXC003,OP009,Material Loading,Low,Soil,171.8,3.6,45.9,Rainy,26.8,34.8,8.6,Muddy,Beginner,8.6,221,23.0,6.8,5274.0,1.0,72.1,79.9,111.4,110.4,1,2024-11-27 00:00:00
849,EXC002,OP006,Grading,Low,Gravel,234.5,5.6,85.4,Rainy,26.0,46.0,9.7,Dry,Intermediate,13.2,198,43.4,2.8,10869.0,1.2,63.6,97.9,103.8,103.4,1,2024-07-06 00:00:00
850,EXC002,OP007,Earth Excavation,Low,Sand,181.6,1.2,83.3,Rainy,37.1,24.3,7.6,Muddy,Intermediate,6.3,229,62.9,5.5,10500.0,1.0,63.7,78.3,167.3,165.9,1,2024-04-02 00:00:00
851,EXC005,OP005,Compaction,Low,Rock,149.2,0.8,64.4,Cloudy,34.4,0.0,5.9,Dry,Expert,4.1,244,35.9,11.6,482.0,1.5,86.2,94.3,60.4,48.0,1,2024-03-29 00:00:00
852,EXC004,OP006,Grading,Medium,Soil,178.7,3.1,96.3,Rainy,30.5,2.8,10.1,Muddy,Expert,1.4,225,50.8,5.0,7465.0,2.0,59.7,66.3,80.9,79.5,1,2024-09-07 00:00:00
853,EXC002,OP002,Demolition,Low,Clay,102.5,2.5,24.6,Windy,7.8,0.0,48.4,Frozen,Beginner,12.0,130,111.8,15.0,11228.0,2.0,56.0,65.4,124.9,125.7,1,2024-12-28 00:00:00
854,EXC005,OP006,Demolition,High,Rock,112.1,2.9,78.0,Rainy,32.9,21.6,4.0,Muddy,Beginner,2.5,86,120.1,0.5,1536.0,1.2,57.4,87.8,315.5,300.0,1,2024-12-17 00:00:00
855,EXC003,OP009,Demolition,Low,Rock,52.5,2.4,55.4,Sunny,27.7,0.0,8.9,Frozen,Expert,11.9,25,97.7,8.8,10242.0,1.5,88.7,84.5,62.0,69.8,1,2024-04-29 00:00:00
856,EXC004,OP001,Material Loading,Low,Clay,211.9,5.9,85.6,Sunny,28.4,0.0,2.1,Dry,Beginner,2.9,224,27.3,7.4,9260.0,2.0,57.8,95.2,82.3,59.2,1,2024-09-24 00:00:00
857,EXC003,OP006,Compaction,Medium,Gravel,197.4,5.8,89.8,Sunny,8.2,0.0,14.7,Dry,Intermediate,2.7,271,50.9,1.1,9037.0,0.8,92.7,92.2,141.0,149.2,1,2024-03-22 00:00:00
858,EXC001,OP004,Earth Excavation,High,Rock,121.1,2.3,68.2,Rainy,30.3,13.5,0.3,Muddy,Intermediate,14.2,26,67.2,11.5,2573.0,1.5,75.5,84.6,170.4,171.7,1,2024-03-10 00:00:00
859,EXC001,OP010,Compaction,Medium,Soil,42.7,1.4,97.4,Rainy,28.1,41.6,0.3,Wet,Beginner,11.6,107,47.1,7.5,8051.0,1.2,77.9,66.2,72.0,59.7,1,2024-02-18 00:00:00
860,EXC001,OP010,Grading,Medium,Mixed,153.4,3.5,38.3,Windy,32.9,0.0,58.2,Muddy,Intermediate,2.6,189,46.0,2.6,8870.0,0.8,70.4,91.2,181.8,187.4,1,2024-02-04 00:00:00
861,EXC003,OP003,Earth Excavation,Medium,Mixed,91.3,4.3,32.3,Sunny,22.8,0.0,3.0,Dry,Intermediate,12.5,134,73.5,13.9,4959.0,1.5,94.2,69.7,63.0,63.3,1,2024-04-13 00:00:00
862,EXC002,OP006,Trenching,High,Soil,84.8,0.6,31.5,Cloudy,20.1,0.0,8.2,Dry,Intermediate,1.5,106,77.2,12.0,9941.0,2.0,59.6,91.3,61.2,62.9,1,2024-05-16 00:00:00
863,EXC004,OP006,Earth Excavation,Low,Mixed,50.4,5.6,73.3,Rainy,8.6,43.4,11.2,Muddy,Expert,5.0,290,54.7,8.1,10350.0,1.2,62.6,86.5,70.8,82.3,1,2024-07-31 00:00:00
864,EXC002,OP002,Earth Excavation,High,Rock,191.2,0.9,79.6,Cloudy,15.5,0.0,12.4,Muddy,Expert,6.6,156,77.9,1.1,11574.0,1.2,85.1,76.5,186.9,183.0,1,2024-12-12 00:00:00
865,EXC005,OP007,Demolition,High,Rock,236.0,1.4,94.7,Cloudy,8.8,0.0,4.0,Muddy,Beginner,13.9,177,118.1,10.0,2436.0,2.0,58.1,93.9,284.3,291.4,1,2024-02-22 00:00:00
866,EXC004,OP008,Compaction,Low,Rock,222.2,0.9,64.7,Cloudy,18.6,0.0,14.9,Dry,Expert,7.9,203,44.2,8.5,11031.0,0.8,93.6,84.3,125.4,116.8,1,2024-09-18 00:00:00
867,EXC005,OP001,Grading,Low,Sand,62.9,4.3,73.2,Sunny,18.1,0.0,3.9,Dry,Expert,5.9,223,34.4,5.7,7363.0,1.2,88.8,66.0,25.0,37.5,1,2024-03-03 00:00:00
868,EXC005,OP004,Grading,High,Clay,60.0,4.0,53.9,Rainy,14.8,15.2,2.4,Frozen,Intermediate,13.1,13,38.0,8.8,3089.0,0.8,67.7,94.9,129.7,127.6,1,2024-03-17 00:00:00
869,EXC003,OP003,Trenching,High,Rock,190.3,4.8,80.2,Sunny,23.8,0.0,14.2,Wet,Expert,3.4,246,78.2,7.8,3959.0,0.8,53.7,79.3,308.3,300.0,1,2024-10-14 00:00:00
870,EXC001,OP001,Trenching,Medium,Rock,204.8,1.5,88.9,Sunny,36.3,0.0,11.2,Muddy,Intermediate,8.0,19,70.5,1.5,8596.0,2.0,73.3,75.2,154.6,142.4,1,2024-08-27 00:00:00
871,EXC002,OP002,Compaction,Low,Sand,108.7,5.0,65.3,Sunny,37.1,0.0,14.9,Dry,Beginner,3.4,148,52.1,10.6,5705.0,0.8,64.7,76.3,96.7,110.0,1,2024-05-28 00:00:00
872,EXC002,OP001,Compaction,High,Gravel,201.3,4.6,6.0,Sunny,22.4,0.0,6.6,Dry,Beginner,10.0,283,48.6,2.3,7533.0,1.0,92.6,77.3,122.3,128.9,0,2024-12-22 00:00:00
873,EXC005,OP004,Earth Excavation,High,Gravel,179.2,2.5,55.3,Sunny,28.2,0.0,2.9,Frozen,Intermediate,14.9,283,67.3,3.5,322.0,1.0,69.3,78.2,138.8,141.2,1,2024-08-16 00:00:00
874,EXC002,OP003,Material Loading,Low,Mixed,241.1,5.3,93.1,Windy,31.1,0.0,19.9,Frozen,Expert,3.3,35,34.5,13.7,6183.0,1.0,90.1,88.8,132.6,134.2,1,2024-09-17 00:00:00
875,EXC002,OP006,Compaction,Low,Sand,215.6,3.3,10.7,Cloudy,9.7,0.0,5.6,Frozen,Intermediate,5.2,8,44.8,3.7,10114.0,1.2,87.3,95.4,74.3,76.4,1,2024-11-19 00:00:00
876,EXC003,OP006,Trenching,Low,Gravel,174.3,3.0,18.8,Sunny,5.0,0.0,4.1,Dry,Expert,8.5,271,83.4,8.3,1747.0,1.0,77.6,98.0,96.6,96.2,0,2024-12-11 00:00:00
877,EXC001,OP005,Material Loading,Low,Mixed,40.0,5.5,7.0,Sunny,27.3,0.0,4.1,Muddy,Expert,7.3,148,39.4,6.9,9037.0,2.0,69.0,89.1,29.5,14.7,1,2024-03-25 00:00:00
878,EXC005,OP005,Material Loading,High,Mixed,40.3,4.6,70.2,Cloudy,27.3,0.0,14.6,Frozen,Expert,8.4,172,34.8,5.5,6867.0,0.8,51.3,84.1,47.4,54.8,1,2024-02-08 00:00:00
879,EXC003,OP001,Material Loading,High,Soil,93.4,3.9,28.4,Cloudy,17.0,0.0,14.0,Frozen,Beginner,11.1,1,38.4,11.2,11480.0,1.2,61.0,86.7,76.1,78.1,1,2024-02-21 00:00:00
880,EXC002,OP005,Grading,Low,Gravel,225.6,5.6,50.8,Windy,5.8,0.0,39.0,Wet,Expert,5.1,298,38.0,3.1,2194.0,0.8,58.1,75.9,147.0,136.8,1,2024-02-23 00:00:00
881,EXC003,OP006,Demolition,Low,Sand,184.5,4.9,44.0,Sunny,17.8,0.0,4.3,Muddy,Intermediate,8.7,5,108.7,5.6,4072.0,0.8,92.7,67.0,314.0,300.0,1,2024-07-30 00:00:00
882,EXC004,OP001,Earth Excavation,High,Sand,80.9,3.9,56.8,Cloudy,10.3,0.0,5.4,Wet,Expert,11.8,183,62.7,3.6,11562.0,2.0,63.3,85.7,33.2,39.8,1,2024-08-13 00:00:00
883,EXC002,OP010,Grading,Medium,Gravel,65.1,3.8,93.1,Cloudy,6.0,0.0,8.2,Frozen,Beginner,4.2,220,52.5,8.6,9046.0,1.2,82.6,90.7,83.0,85.9,1,2024-04-04 00:00:00
884,EXC003,OP007,Earth Excavation,Low,Clay,54.1,3.6,37.4,Windy,28.9,0.0,42.4,Wet,Expert,4.0,126,59.9,11.9,1277.0,2.0,86.8,72.0,45.6,46.5,0,2024-07-26 00:00:00
885,EXC001,OP008,Trenching,Medium,Mixed,139.8,3.9,46.2,Windy,37.1,0.0,30.2,Frozen,Intermediate,14.2,109,72.6,13.2,5169.0,1.0,80.4,89.9,185.6,184.5,1,2024-09-05 00:00:00
886,EXC001,OP007,Trenching,Medium,Gravel,69.3,2.2,38.1,Sunny,28.1,0.0,2.0,Frozen,Expert,3.3,135,98.8,11.8,6596.0,2.0,57.2,77.8,55.4,50.6,1,2024-01-22 00:00:00
887,EXC004,OP006,Material Loading,High,Sand,50.6,5.0,88.6,Sunny,27.8,0.0,9.2,Dry,Intermediate,5.9,40,24.4,4.1,6091.0,1.5,80.3,80.5,32.5,35.9,1,2024-10-26 00:00:00
888,EXC004,OP008,Demolition,High,Soil,72.6,5.9,43.4,Cloudy,17.4,0.0,2.5,Muddy,Beginner,15.0,169,116.4,12.9,1026.0,1.2,75.5,69.9,212.1,207.2,1,2024-11-28 00:00:00
889,EXC002,OP007,Demolition,Low,Sand,134.5,3.5,27.5,Windy,11.6,0.0,15.7,Dry,Beginner,1.5,38,107.5,7.9,10136.0,1.2,81.5,78.6,198.1,198.6,1,2024-04-13 00:00:00
890,EXC003,OP003,Grading,Low,Mixed,74.9,0.9,23.3,Rainy,35.2,33.9,14.6,Dry,Expert,10.8,246,45.3,6.5,10731.0,2.0,93.1,91.1,21.5,18.3,1,2024-12-30 00:00:00
891,EXC002,OP009,Grading,Low,Rock,221.7,4.6,95.2,Sunny,23.6,0.0,13.3,Wet,Expert,2.9,99,53.4,3.2,6246.0,2.0,69.5,91.3,64.3,73.4,1,2024-06-14 00:00:00
892,EXC004,OP010,Compaction,High,Gravel,42.6,2.4,24.1,Cloudy,10.0,0.0,11.1,Wet,Beginner,3.6,104,40.3,3.7,4218.0,1.0,70.8,82.0,73.7,72.0,1,2024-04-07 00:00:00
893,EXC001,OP010,Grading,Low,Rock,169.5,3.3,93.2,Windy,20.6,0.0,31.3,Dry,Intermediate,13.4,78,53.5,9.3,5500.0,1.2,61.0,91.4,99.4,100.9,1,2024-10-09 00:00:00
894,EXC005,OP003,Material Loading,Medium,Mixed,188.8,3.1,78.6,Sunny,40.7,0.0,3.0,Wet,Beginner,0.8,89,28.9,12.4,4962.0,1.5,74.5,72.3,98.4,104.6,1,2024-12-22 00:00:00
895,EXC001,OP008,Trenching,Medium,Rock,153.8,1.7,39.4,Rainy,31.0,1.9,10.5,Frozen,Intermediate,4.9,64,94.8,4.4,8383.0,1.0,93.3,97.7,251.8,259.5,1,2024-05-06 00:00:00
896,EXC003,OP005,Demolition,Medium,Mixed,132.5,3.5,22.1,Sunny,31.8,0.0,2.5,Dry,Intermediate,13.3,158,112.3,7.1,7691.0,1.5,91.5,89.4,97.0,109.8,1,2024-12-11 00:00:00
897,EXC004,OP005,Material Loading,Medium,Rock,225.1,1.8,8.0,Windy,28.3,0.0,35.4,Wet,Intermediate,14.0,98,32.7,6.6,1800.0,1.2,67.7,84.2,85.1,81.9,1,2024-10-21 00:00:00
898,EXC001,OP005,Trenching,High,Sand,96.1,0.9,35.4,Sunny,12.8,0.0,13.4,Wet,Beginner,4.4,216,74.6,14.6,6010.0,1.2,59.9,77.9,162.6,155.5,1,2024-01-17 00:00:00
899,EXC003,OP009,Grading,Low,Sand,236.7,2.5,8.9,Rainy,33.2,29.0,12.4,Muddy,Intermediate,6.7,299,39.8,11.2,2219.0,1.2,57.8,92.4,93.9,105.0,1,2024-08-20 00:00:00
900,EXC003,OP001,Material Loading,Medium,Mixed,81.9,3.0,40.1,Windy,29.6,0.0,19.8,Muddy,Beginner,6.4,27,35.0,12.8,6648.0,1.5,90.3,72.7,54.5,64.9,1,2024-02-24 00:00:00
901,EXC001,OP007,Demolition,Low,Soil,34.4,3.0,51.8,Rainy,31.6,3.7,6.1,Frozen,Expert,11.9,109,99.3,8.2,9048.0,1.5,91.4,67.6,39.1,56.0,1,2024-09-18 00:00:00
902,EXC001,OP008,Trenching,High,Sand,171.0,1.0,72.6,Sunny,37.5,0.0,12.2,Wet,Beginner,0.6,0,87.4,8.3,10977.0,1.5,76.9,74.6,217.0,218.6,1,2024-11-26 00:00:00
903,EXC004,OP002,Grading,Medium,Clay,45.7,5.6,19.5,Sunny,22.8,0.0,6.5,Muddy,Beginner,5.2,114,54.9,8.3,233.0,1.5,71.6,91.5,59.3,59.1,1,2024-10-21 00:00:00
904,EXC004,OP004,Demolition,Low,Clay,239.0,1.3,78.1,Windy,20.9,0.0,34.6,Dry,Intermediate,7.7,32,112.0,14.5,2379.0,2.0,84.8,65.2,188.5,182.2,1,2024-10-02 00:00:00
905,EXC001,OP005,Compaction,Low,Soil,121.8,3.3,42.4,Windy,27.0,0.0,27.5,Dry,Intermediate,4.0,148,44.2,14.0,11148.0,1.5,93.3,78.7,57.0,57.1,1,2024-02-01 00:00:00
906,EXC002,OP006,Earth Excavation,Low,Mixed,55.2,4.1,42.1,Cloudy,33.4,0.0,7.9,Dry,Expert,2.4,41,69.0,0.7,2707.0,1.2,82.6,92.3,39.3,39.1,1,2024-12-18 00:00:00
907,EXC003,OP001,Demolition,Low,Clay,80.5,4.2,94.2,Cloudy,33.6,0.0,9.1,Muddy,Expert,7.8,270,113.2,14.0,4858.0,1.2,69.4,90.0,137.9,135.1,1,2024-03-01 00:00:00
908,EXC002,OP008,Grading,High,Clay,225.2,3.8,97.8,Cloudy,37.4,0.0,1.6,Frozen,Expert,14.7,216,47.6,8.5,11056.0,2.0,84.2,86.4,66.2,76.8,0,2024-11-11 00:00:00
909,EXC004,OP002,Demolition,Low,Gravel,61.2,1.0,65.6,Rainy,27.0,42.9,4.7,Dry,Beginner,2.5,108,115.6,12.1,11861.0,1.5,88.9,90.2,145.0,132.9,1,2024-03-28 00:00:00
910,EXC005,OP002,Demolition,Low,Rock,161.7,5.6,43.0,Sunny,29.1,0.0,8.1,Dry,Expert,13.4,2,120.1,12.6,2552.0,0.8,80.5,93.0,258.7,248.2,1,2024-08-31 00:00:00
911,EXC002,OP007,Compaction,High,Rock,123.5,0.5,56.6,Sunny,28.2,0.0,13.0,Frozen,Expert,8.3,169,52.2,1.9,11136.0,1.5,62.2,94.7,64.0,60.6,1,2024-08-04 00:00:00
912,EXC004,OP009,Demolition,High,Clay,56.1,1.5,12.6,Sunny,21.2,0.0,13.0,Frozen,Intermediate,12.4,59,118.7,11.3,287.0,0.8,89.0,78.1,193.2,194.7,1,2024-12-04 00:00:00
913,EXC002,OP009,Demolition,High,Gravel,115.3,3.0,81.9,Windy,21.3,0.0,34.3,Dry,Intermediate,3.7,180,114.2,14.8,10730.0,1.5,93.2,87.7,227.6,217.5,1,2024-10-11 00:00:00
914,EXC002,OP006,Material Loading,High,Sand,117.5,2.7,17.0,Cloudy,13.5,0.0,8.1,Muddy,Intermediate,11.8,93,42.7,6.6,4724.0,1.0,79.3,70.2,82.6,71.2,1,2024-06-12 00:00:00
915,EXC002,OP003,Grading,High,Gravel,179.6,2.4,27.0,Rainy,7.1,13.9,2.1,Wet,Expert,5.9,95,49.6,10.7,8366.0,2.0,72.9,72.2,84.2,79.8,1,2024-01-30 00:00:00
916,EXC001,OP010,Grading,Medium,Gravel,108.5,5.8,21.6,Sunny,16.2,0.0,14.9,Dry,Beginner,7.5,94,44.3,5.1,7685.0,0.8,72.3,96.6,112.6,117.6,1,2024-11-05 00:00:00
917,EXC005,OP008,Trenching,High,Mixed,41.4,2.4,52.0,Rainy,16.2,37.1,10.8,Frozen,Beginner,14.6,222,75.3,6.3,9472.0,0.8,94.5,90.5,181.1,167.9,1,2024-01-06 00:00:00
918,EXC005,OP001,Compaction,Low,Sand,231.1,2.6,7.9,Cloudy,6.4,0.0,6.7,Frozen,Intermediate,12.6,4,46.1,12.8,4972.0,2.0,63.6,81.7,55.7,43.5,1,2024-07-21 00:00:00
919,EXC001,OP009,Trenching,High,Mixed,79.4,2.7,33.2,Windy,20.1,0.0,12.0,Frozen,Beginner,1.5,247,84.3,12.7,1410.0,1.2,63.8,75.2,192.5,201.3,1,2024-06-26 00:00:00
920,EXC001,OP010,Earth Excavation,Low,Soil,75.1,1.8,89.4,Sunny,37.4,0.0,10.1,Dry,Intermediate,2.9,217,67.0,6.0,2987.0,1.5,80.2,90.7,45.0,40.2,1,2024-01-19 00:00:00
921,EXC001,OP008,Demolition,Low,Clay,104.4,4.8,76.2,Rainy,28.7,34.7,9.8,Frozen,Beginner,9.8,132,93.9,5.6,532.0,1.2,52.0,80.5,269.0,270.2,1,2024-09-15 00:00:00
922,EXC003,OP008,Demolition,Low,Clay,149.8,1.6,87.5,Rainy,16.3,24.5,7.9,Wet,Expert,5.0,136,102.3,11.2,8366.0,0.8,84.2,85.0,300.2,300.0,1,2024-06-08 00:00:00
923,EXC003,OP005,Trenching,High,Clay,61.6,2.6,27.6,Sunny,15.8,0.0,4.8,Wet,Expert,10.9,30,80.3,3.1,3314.0,2.0,64.9,96.1,54.4,41.6,1,2024-12-29 00:00:00
924,EXC002,OP002,Earth Excavation,High,Mixed,229.5,2.4,97.9,Cloudy,39.6,0.0,4.0,Wet,Beginner,5.4,75,65.1,12.3,2508.0,1.0,82.9,69.3,296.8,300.0,1,2024-08-10 00:00:00
925,EXC003,OP007,Demolition,Medium,Sand,101.1,3.8,24.7,Sunny,6.6,0.0,10.4,Frozen,Beginner,0.8,1,120.3,14.6,4333.0,2.0,89.8,84.8,131.2,146.3,1,2024-04-02 00:00:00
926,EXC004,OP007,Grading,Medium,Clay,201.9,2.4,97.6,Sunny,14.6,0.0,7.1,Wet,Beginner,4.9,9,40.9,10.6,9739.0,0.8,71.9,77.1,287.1,291.0,1,2024-04-08 00:00:00
927,EXC003,OP002,Trenching,High,Gravel,119.4,4.8,58.9,Sunny,21.6,0.0,4.8,Dry,Beginner,0.6,35,70.8,0.8,3037.0,2.0,55.4,84.9,124.4,129.5,1,2024-08-25 00:00:00
928,EXC001,OP005,Demolition,Medium,Gravel,177.6,1.7,96.6,Cloudy,20.7,0.0,0.3,Dry,Intermediate,8.3,192,113.5,10.3,5581.0,1.0,91.8,94.8,232.6,241.1,1,2024-08-07 00:00:00
929,EXC005,OP001,Grading,High,Clay,213.0,1.0,27.1,Cloudy,13.0,0.0,13.8,Muddy,Expert,5.6,137,36.4,12.6,5841.0,2.0,90.7,79.5,96.3,81.3,1,2024-07-16 00:00:00
930,EXC001,OP004,Compaction,High,Rock,167.1,4.9,64.3,Windy,41.4,0.0,10.8,Wet,Expert,0.7,47,47.9,7.8,3344.0,0.8,80.9,91.2,235.5,240.2,1,2024-05-20 00:00:00
931,EXC005,OP002,Trenching,Low,Sand,144.3,3.3,65.3,Windy,26.5,0.0,37.2,Muddy,Expert,9.0,58,81.8,13.0,7411.0,1.0,91.1,72.1,150.9,162.5,1,2024-07-16 00:00:00
932,EXC005,OP005,Compaction,Low,Soil,124.3,2.4,18.0,Sunny,39.4,0.0,9.5,Wet,Expert,12.7,171,43.3,13.6,11176.0,0.8,83.7,75.1,61.4,60.6,1,2024-04-19 00:00:00
933,EXC002,OP004,Material Loading,High,Soil,49.2,5.2,44.7,Cloudy,21.4,0.0,11.5,Frozen,Beginner,12.8,71,40.7,7.9,7662.0,1.2,92.1,83.7,41.8,42.4,1,2024-06-25 00:00:00
934,EXC004,OP002,Compaction,High,Sand,78.2,3.6,19.4,Sunny,15.7,0.0,13.4,Wet,Beginner,0.7,178,41.9,13.8,4075.0,2.0,81.3,68.0,67.3,55.5,1,2024-10-16 00:00:00
935,EXC004,OP001,Earth Excavation,Low,Sand,195.4,2.2,43.1,Rainy,40.5,28.7,7.6,Dry,Intermediate,14.8,227,62.9,3.8,4896.0,2.0,82.1,96.9,51.4,47.6,1,2024-09-25 00:00:00
936,EXC005,OP003,Earth Excavation,Low,Gravel,94.5,4.0,8.0,Sunny,40.7,0.0,13.6,Wet,Beginner,1.7,241,69.9,13.1,4077.0,0.8,53.0,75.1,144.9,158.4,1,2024-09-15 00:00:00
937,EXC003,OP005,Demolition,Medium,Soil,57.6,5.0,35.8,Windy,31.1,0.0,43.8,Dry,Intermediate,5.4,254,122.0,2.8,8401.0,0.8,87.7,85.7,157.6,157.8,1,2024-12-07 00:00:00
938,EXC004,OP003,Trenching,Low,Soil,168.1,2.0,82.1,Sunny,23.0,0.0,11.4,Muddy,Expert,9.4,89,94.0,6.5,8220.0,1.5,75.9,81.9,96.4,90.7,1,2024-03-23 00:00:00
939,EXC004,OP004,Trenching,Low,Mixed,95.3,0.8,9.0,Windy,8.5,0.0,10.3,Dry,Intermediate,5.2,69,82.8,5.0,5275.0,2.0,52.8,67.3,50.9,46.5,1,2024-06-18 00:00:00
940,EXC002,OP003,Trenching,Low,Clay,40.4,4.8,73.0,Windy,41.2,0.0,56.9,Muddy,Beginner,9.0,233,79.3,10.4,5032.0,1.2,90.0,83.2,113.4,110.8,1,2024-10-23 00:00:00
941,EXC001,OP006,Grading,High,Clay,117.3,2.3,46.2,Sunny,13.3,0.0,2.8,Muddy,Intermediate,12.2,213,45.7,3.8,8896.0,0.8,51.5,94.1,118.3,125.8,1,2024-05-11 00:00:00
942,EXC005,OP002,Trenching,High,Soil,163.8,2.7,36.7,Windy,38.1,0.0,17.1,Muddy,Expert,3.2,274,67.7,10.2,9435.0,1.0,87.4,72.6,235.7,224.9,1,2024-05-10 00:00:00
943,EXC005,OP002,Earth Excavation,Medium,Sand,176.4,2.5,52.6,Sunny,15.8,0.0,13.1,Wet,Intermediate,9.2,199,76.7,8.5,11343.0,0.8,62.6,86.2,154.5,154.4,1,2024-11-10 00:00:00
944,EXC003,OP003,Grading,High,Mixed,142.3,5.5,27.1,Windy,8.1,0.0,46.0,Muddy,Expert,7.8,221,56.1,1.2,3503.0,0.8,64.7,87.0,164.3,163.1,1,2024-09-02 00:00:00
945,EXC003,OP002,Demolition,Medium,Rock,237.9,2.0,14.9,Rainy,20.9,27.3,3.4,Dry,Expert,13.4,135,120.6,12.1,6025.0,1.2,51.8,82.7,240.8,240.6,1,2024-04-02 00:00:00
946,EXC005,OP003,Earth Excavation,Low,Mixed,214.9,1.0,71.7,Cloudy,31.1,0.0,3.4,Frozen,Intermediate,7.6,258,57.3,10.1,10789.0,2.0,55.0,94.4,82.5,71.4,1,2024-09-09 00:00:00
947,EXC002,OP005,Material Loading,Low,Sand,128.1,5.7,46.8,Windy,38.7,0.0,30.5,Muddy,Beginner,5.5,101,32.4,2.1,4425.0,2.0,88.1,95.4,36.2,38.3,1,2024-06-24 00:00:00
948,EXC002,OP010,Trenching,Low,Clay,192.6,2.2,45.5,Sunny,24.5,0.0,3.2,Muddy,Intermediate,13.3,70,72.2,10.4,10469.0,0.8,71.4,79.3,217.4,222.1,1,2024-02-23 00:00:00
949,EXC004,OP010,Trenching,Low,Gravel,240.3,1.5,10.3,Cloudy,16.0,0.0,2.4,Wet,Intermediate,10.6,256,80.3,0.6,11774.0,1.2,72.1,95.4,102.6,101.7,1,2024-10-24 00:00:00
950,EXC004,OP006,Material Loading,Low,Mixed,43.1,1.3,38.7,Windy,20.6,0.0,37.1,Wet,Beginner,12.3,207,38.4,0.7,10125.0,1.0,76.0,90.0,35.5,32.7,1,2024-11-27 00:00:00
951,EXC003,OP008,Earth Excavation,Low,Soil,90.5,4.0,84.8,Rainy,24.4,9.7,8.2,Muddy,Expert,9.0,129,57.0,6.3,8219.0,2.0,89.5,91.1,42.9,50.9,1,2024-01-03 00:00:00
952,EXC003,OP002,Grading,Medium,Soil,122.2,2.8,16.7,Windy,16.2,0.0,32.2,Muddy,Beginner,13.0,282,47.9,13.5,11452.0,1.5,54.5,74.8,83.0,77.3,1,2024-06-29 00:00:00
953,EXC002,OP001,Demolition,High,Sand,186.6,1.3,93.0,Sunny,36.6,0.0,11.7,Muddy,Expert,2.3,32,109.6,2.5,8262.0,0.8,55.1,78.2,307.2,300.0,1,2024-02-12 00:00:00
954,EXC001,OP002,Earth Excavation,Low,Soil,104.6,3.9,41.8,Sunny,26.7,0.0,5.2,Wet,Expert,10.9,157,70.7,8.9,2089.0,1.2,80.9,90.9,34.7,55.4,1,2024-11-25 00:00:00
955,EXC001,OP008,Trenching,High,Gravel,158.5,4.4,28.9,Windy,15.7,0.0,52.5,Frozen,Expert,6.3,65,88.5,12.4,797.0,2.0,57.7,82.4,110.7,128.6,1,2024-04-21 00:00:00
956,EXC005,OP001,Earth Excavation,Low,Rock,125.5,5.6,12.8,Rainy,38.5,9.7,2.8,Muddy,Expert,3.3,61,74.0,14.0,7324.0,0.8,83.8,77.1,245.5,245.9,1,2024-10-09 00:00:00
957,EXC004,OP001,Demolition,Low,Rock,249.2,2.6,16.4,Windy,16.7,0.0,38.7,Dry,Beginner,6.2,64,111.1,12.5,8250.0,1.2,74.2,91.0,306.2,300.0,1,2024-01-25 00:00:00
958,EXC001,OP003,Compaction,Low,Rock,105.4,1.3,19.9,Sunny,33.5,0.0,2.8,Dry,Intermediate,7.5,49,37.2,14.6,9154.0,1.5,74.6,82.4,60.2,47.0,1,2024-02-09 00:00:00
959,EXC002,OP007,Earth Excavation,Low,Sand,56.8,4.4,44.6,Sunny,26.4,0.0,0.4,Muddy,Expert,0.5,21,66.4,12.4,5810.0,0.8,65.5,81.7,97.0,93.2,1,2024-12-23 00:00:00
960,EXC001,OP005,Material Loading,High,Mixed,174.3,3.9,6.1,Sunny,41.3,0.0,14.1,Wet,Expert,4.6,165,30.2,8.6,9292.0,1.2,91.4,84.3,78.8,74.7,1,2024-08-02 00:00:00
961,EXC002,OP008,Grading,Low,Sand,96.1,1.5,26.2,Cloudy,36.7,0.0,7.0,Muddy,Intermediate,10.1,152,52.3,8.0,10043.0,1.2,54.2,71.5,57.1,53.9,1,2024-05-04 00:00:00
962,EXC002,OP008,Compaction,Low,Mixed,52.3,3.7,78.2,Windy,25.8,0.0,25.2,Muddy,Intermediate,10.9,11,36.2,7.0,3582.0,1.0,87.8,84.0,64.5,57.3,1,2024-02-28 00:00:00
963,EXC005,OP005,Earth Excavation,High,Rock,157.0,2.3,37.2,Sunny,16.8,0.0,6.7,Frozen,Intermediate,12.3,112,66.2,7.3,11925.0,1.0,81.5,83.1,197.8,197.0,1,2024-01-16 00:00:00
964,EXC003,OP010,Demolition,High,Mixed,126.2,4.5,11.9,Windy,18.8,0.0,39.1,Dry,Beginner,3.6,111,112.9,11.1,2909.0,0.8,87.8,76.5,310.0,300.0,1,2024-11-04 00:00:00
965,EXC003,OP002,Demolition,Low,Rock,136.9,3.1,51.2,Rainy,6.1,13.6,0.8,Dry,Beginner,6.5,19,113.6,9.5,7918.0,1.5,55.4,86.8,245.8,242.0,1,2024-02-25 00:00:00
966,EXC001,OP008,Grading,Medium,Rock,179.1,2.1,68.6,Cloudy,15.9,0.0,4.7,Dry,Intermediate,3.5,104,51.8,14.8,390.0,0.8,55.7,92.6,206.8,203.6,1,2024-05-30 00:00:00
967,EXC004,OP004,Demolition,High,Rock,204.3,5.3,84.4,Rainy,6.9,34.9,10.6,Frozen,Beginner,14.2,206,102.2,4.3,9479.0,2.0,89.5,87.9,304.0,300.0,1,2024-08-24 00:00:00
968,EXC005,OP004,Earth Excavation,High,Gravel,177.7,4.9,16.1,Windy,23.5,0.0,36.6,Frozen,Expert,11.8,32,58.8,4.6,1457.0,2.0,81.4,81.3,87.8,86.4,1,2024-10-12 00:00:00
969,EXC003,OP006,Demolition,Low,Sand,80.8,4.3,18.8,Cloudy,32.9,0.0,3.3,Frozen,Expert,9.1,147,115.5,8.7,2601.0,1.0,89.6,87.5,99.7,101.6,1,2024-12-24 00:00:00
970,EXC004,OP006,Grading,High,Rock,135.4,1.3,62.8,Sunny,32.4,0.0,5.6,Frozen,Intermediate,11.3,43,49.6,8.2,3756.0,2.0,78.3,77.8,82.9,79.5,1,2024-12-16 00:00:00
971,EXC003,OP008,Earth Excavation,Low,Soil,145.0,5.5,92.2,Windy,30.8,0.0,58.9,Wet,Intermediate,5.3,103,72.4,3.9,545.0,2.0,77.1,75.1,71.9,87.8,1,2024-12-29 00:00:00
972,EXC003,OP009,Compaction,Low,Sand,240.0,0.7,69.5,Windy,13.8,0.0,30.4,Muddy,Expert,9.5,67,27.7,10.8,10114.0,2.0,81.7,90.7,42.6,46.5,1,2024-09-18 00:00:00
973,EXC005,OP005,Material Loading,Medium,Soil,115.9,1.6,5.4,Cloudy,16.9,0.0,7.7,Dry,Intermediate,14.0,169,44.9,3.8,6245.0,2.0,79.2,75.8,10.7,16.0,1,2024-11-08 00:00:00
974,EXC002,OP009,Earth Excavation,Medium,Soil,80.0,1.5,5.8,Rainy,5.8,20.3,8.1,Dry,Beginner,8.9,7,79.9,7.1,5623.0,1.5,83.9,74.6,89.2,72.7,1,2024-04-10 00:00:00
975,EXC003,OP002,Trenching,Low,Sand,40.1,1.4,31.6,Windy,14.7,0.0,37.4,Wet,Intermediate,6.3,273,94.9,13.3,8689.0,1.2,88.8,95.4,59.9,53.1,1,2024-05-01 00:00:00
976,EXC005,OP003,Compaction,High,Soil,168.3,2.9,19.6,Rainy,23.7,8.0,9.1,Frozen,Beginner,5.0,60,44.4,4.1,5404.0,1.5,76.1,77.1,130.1,130.2,1,2024-03-20 00:00:00
977,EXC003,OP009,Earth Excavation,High,Mixed,119.8,4.8,19.7,Rainy,34.4,47.0,12.9,Dry,Expert,11.2,118,62.4,9.9,6349.0,1.0,89.0,86.4,157.3,150.1,1,2024-05-23 00:00:00
978,EXC001,OP009,Trenching,Medium,Soil,249.1,0.6,26.8,Windy,6.6,0.0,49.1,Muddy,Intermediate,8.9,65,103.4,12.8,11559.0,0.8,77.5,72.6,301.8,300.0,1,2024-11-16 00:00:00
979,EXC004,OP005,Trenching,Medium,Rock,180.3,2.9,51.0,Windy,19.4,0.0,57.3,Wet,Expert,9.8,255,79.1,11.8,639.0,2.0,68.8,89.3,108.3,110.0,1,2024-01-31 00:00:00
980,EXC003,OP009,Trenching,Low,Clay,129.8,2.8,71.8,Cloudy,20.5,0.0,1.3,Dry,Intermediate,12.9,249,75.0,6.7,7932.0,1.2,91.8,90.3,82.5,95.4,1,2024-03-06 00:00:00
981,EXC005,OP009,Grading,High,Gravel,125.9,3.4,29.5,Windy,30.1,0.0,33.8,Wet,Beginner,4.8,259,53.6,5.4,10309.0,1.0,86.6,95.2,152.5,155.0,1,2024-08-07 00:00:00
982,EXC002,OP010,Material Loading,High,Mixed,160.4,0.7,86.7,Cloudy,33.2,0.0,9.6,Wet,Beginner,9.4,261,36.9,3.7,2731.0,2.0,51.3,70.1,50.7,56.4,1,2024-04-06 00:00:00
983,EXC004,OP010,Trenching,High,Soil,42.0,4.5,22.0,Windy,26.1,0.0,54.7,Dry,Expert,6.0,90,67.6,14.0,8559.0,0.8,54.3,91.9,130.3,117.7,1,2024-07-01 00:00:00
984,EXC001,OP008,Demolition,Low,Sand,200.9,2.9,12.1,Sunny,13.5,0.0,12.9,Wet,Intermediate,10.6,281,97.8,7.8,3097.0,1.0,71.4,91.0,142.3,149.8,1,2024-11-13 00:00:00
985,EXC001,OP010,Demolition,Medium,Gravel,129.1,4.9,33.5,Sunny,16.4,0.0,14.5,Wet,Expert,7.7,68,100.5,1.4,10061.0,1.5,89.5,95.2,129.7,112.3,1,2024-10-30 00:00:00
986,EXC001,OP009,Compaction,Low,Gravel,103.3,2.4,44.9,Windy,36.5,0.0,21.9,Dry,Expert,4.1,246,50.0,0.6,2029.0,1.5,94.0,79.3,37.6,32.8,1,2024-10-20 00:00:00
987,EXC001,OP002,Earth Excavation,Low,Gravel,178.6,2.0,82.0,Rainy,25.7,36.3,14.1,Frozen,Intermediate,12.9,16,73.7,11.8,3618.0,0.8,75.9,66.1,242.7,248.6,1,2024-06-14 00:00:00
988,EXC004,OP004,Grading,Medium,Gravel,192.9,0.8,59.9,Rainy,11.3,10.4,3.5,Muddy,Beginner,0.7,212,49.2,13.4,9690.0,0.8,51.4,66.9,283.5,300.0,1,2024-08-03 00:00:00
989,EXC003,OP003,Material Loading,Low,Soil,246.9,4.7,86.4,Windy,27.0,0.0,53.4,Muddy,Expert,2.1,17,31.6,11.3,7619.0,0.8,63.1,72.1,178.8,181.6,1,2024-08-03 00:00:00
990,EXC003,OP008,Earth Excavation,Low,Clay,38.4,6.0,33.5,Windy,15.6,0.0,37.7,Wet,Intermediate,12.9,246,54.8,7.1,3136.0,1.2,75.5,80.9,59.7,51.3,1,2024-01-25 00:00:00
991,EXC002,OP002,Grading,High,Rock,71.8,1.3,82.9,Windy,23.1,0.0,26.9,Muddy,Beginner,5.2,122,51.1,4.5,10615.0,0.8,61.0,88.4,210.9,204.4,0,2024-01-18 00:00:00
992,EXC002,OP003,Earth Excavation,Low,Sand,201.9,4.5,97.9,Rainy,22.4,8.3,11.5,Frozen,Beginner,12.4,89,56.9,10.8,10386.0,1.0,66.7,87.8,208.3,214.1,1,2024-11-15 00:00:00
993,EXC004,OP004,Trenching,Medium,Mixed,91.9,3.7,91.3,Sunny,23.7,0.0,10.1,Dry,Intermediate,10.7,33,95.9,2.7,4290.0,1.0,69.8,94.3,111.0,116.6,1,2024-07-18 00:00:00
994,EXC003,OP002,Trenching,High,Sand,98.5,5.5,25.8,Rainy,31.9,8.4,9.2,Dry,Beginner,9.0,142,72.8,9.5,3578.0,0.8,57.3,94.3,255.1,243.9,1,2024-06-22 00:00:00
995,EXC001,OP007,Demolition,Low,Mixed,234.3,4.4,52.7,Cloudy,33.5,0.0,4.2,Wet,Intermediate,10.2,187,110.5,0.6,1056.0,1.5,58.7,87.7,165.1,162.2,1,2024-03-30 00:00:00
996,EXC002,OP008,Compaction,High,Clay,31.5,3.9,28.0,Rainy,9.6,12.9,12.4,Frozen,Beginner,13.8,134,44.4,14.4,3773.0,1.0,70.5,91.5,83.8,65.7,1,2024-08-28 00:00:00
997,EXC003,OP007,Demolition,Low,Clay,78.2,2.2,95.9,Rainy,28.3,29.8,9.6,Muddy,Intermediate,14.3,113,99.6,5.4,3515.0,1.5,86.0,69.0,129.7,130.4,1,2024-01-06 00:00:00
998,EXC003,OP005,Trenching,High,Sand,76.3,5.5,44.3,Cloudy,28.8,0.0,1.8,Dry,Expert,4.2,251,91.4,10.7,6694.0,1.5,84.7,83.6,74.1,76.6,1,2024-05-15 00:00:00
999,EXC003,OP004,Material Loading,High,Clay,45.8,3.3,64.7,Sunny,5.4,0.0,2.4,Wet,Beginner,4.9,51,42.1,4.8,1346.0,2.0,88.1,88.1,22.1,35.3,1,2024-10-28 00:00:00
1000,EXC004,OP007,Demolition,High,Sand,174.4,5.6,12.4,Rainy,36.4,9.0,10.5,Wet,Beginner,3.2,73,102.4,9.2,3004.0,0.8,74.4,84.8,309.2,300.0,1,2024-02-26 00:00:00
1001,EXC001,OP006,Grading,Low,Soil,242.8,4.0,13.4,Cloudy,30.9,0.0,2.9,Muddy,Intermediate,4.6,283,54.9,6.0,9359.0,2.0,91.6,70.6,64.9,68.1,1,2024-04-29 00:00:00
1002,EXC005,OP007,Trenching,Low,Rock,236.3,4.0,33.8,Rainy,34.8,38.0,14.0,Frozen,Expert,7.4,30,76.0,7.8,4021.0,1.5,62.1,97.9,195.5,179.4,1,2024-11-06 00:00:00
1003,EXC005,OP009,Trenching,High,Gravel,217.5,2.7,85.7,Rainy,11.8,10.0,10.8,Muddy,Intermediate,11.4,16,93.5,13.6,3441.0,1.0,72.8,93.9,318.9,300.0,1,2024-02-14 00:00:00
1004,EXC001,OP009,Demolition,Medium,Gravel,202.5,1.8,14.7,Cloudy,32.1,0.0,14.3,Wet,Intermediate,9.7,83,121.3,2.6,7792.0,1.2,55.2,75.0,182.7,192.5,1,2024-04-22 00:00:00
1005,EXC003,OP010,Compaction,Low,Clay,195.7,5.1,49.8,Sunny,31.3,0.0,12.5,Dry,Intermediate,10.3,87,35.5,8.1,907.0,1.5,64.4,78.0,64.0,63.0,1,2024-12-24 00:00:00
1006,EXC005,OP003,Trenching,High,Mixed,124.9,1.8,82.8,Cloudy,13.1,0.0,12.3,Wet,Beginner,1.0,4,91.9,14.0,698.0,0.8,92.2,67.4,297.9,300.0,1,2024-08-14 00:00:00
1007,EXC004,OP007,Material Loading,Medium,Mixed,249.0,3.4,13.7,Rainy,10.0,36.0,14.7,Frozen,Expert,6.8,115,41.3,1.9,4366.0,2.0,94.8,87.7,47.2,51.8,1,2024-09-19 00:00:00
1008,EXC005,OP008,Earth Excavation,Low,Rock,156.3,3.2,99.3,Rainy,31.7,47.6,1.1,Frozen,Expert,3.6,10,75.8,1.0,10441.0,2.0,81.2,70.9,125.1,122.6,0,2024-08-31 00:00:00
1009,EXC004,OP005,Demolition,High,Mixed,214.5,5.5,77.0,Sunny,11.1,0.0,5.4,Dry,Expert,10.8,100,103.8,5.2,8578.0,0.8,58.0,82.1,301.2,300.0,1,2024-10-03 00:00:00
1010,EXC001,OP005,Grading,Medium,Gravel,41.2,4.2,24.4,Rainy,36.8,40.6,7.9,Wet,Beginner,12.8,297,36.0,10.2,1867.0,1.2,83.3,97.9,58.7,57.0,1,2024-08-20 00:00:00
1011,EXC004,OP004,Trenching,High,Clay,219.2,2.5,52.9,Sunny,5.8,0.0,3.4,Wet,Intermediate,7.2,183,88.0,6.3,8633.0,0.8,89.6,93.2,317.5,300.0,1,2024-02-13 00:00:00
1012,EXC005,OP008,Earth Excavation,High,Sand,140.7,4.6,30.6,Rainy,31.7,23.1,6.1,Wet,Expert,5.7,185,78.7,2.6,4125.0,0.8,89.6,68.4,217.8,213.0,1,2024-11-01 00:00:00
1013,EXC003,OP007,Compaction,Low,Mixed,171.8,5.0,12.3,Rainy,36.2,1.9,13.5,Dry,Beginner,14.6,246,41.5,10.2,11814.0,1.2,52.0,65.1,96.1,90.9,1,2024-05-08 00:00:00
1014,EXC002,OP010,Earth Excavation,High,Clay,101.4,1.3,98.8,Cloudy,13.5,0.0,9.7,Frozen,Expert,1.1,11,61.9,1.5,8658.0,1.0,78.6,87.4,161.7,155.7,1,2024-02-29 00:00:00
1015,EXC005,OP005,Compaction,Medium,Clay,137.0,0.6,21.6,Windy,6.9,0.0,52.4,Wet,Expert,4.7,23,51.7,2.2,4379.0,1.0,94.0,75.4,98.2,93.3,1,2024-08-18 00:00:00
1016,EXC005,OP001,Compaction,High,Soil,107.7,2.7,70.1,Windy,18.9,0.0,28.7,Frozen,Expert,1.4,140,53.6,6.5,1964.0,1.0,88.5,76.0,125.4,112.1,1,2024-03-28 00:00:00
1017,EXC005,OP008,Material Loading,Low,Gravel,180.2,5.1,29.4,Sunny,32.7,0.0,3.4,Wet,Intermediate,0.6,149,36.9,1.3,7110.0,1.5,62.2,65.2,47.3,52.8,1,2024-10-13 00:00:00
1018,EXC001,OP004,Material Loading,Medium,Soil,117.9,5.2,85.3,Windy,31.9,0.0,51.5,Frozen,Beginner,2.3,119,37.9,11.5,4071.0,1.2,89.0,77.2,125.4,125.3,0,2024-10-05 00:00:00
1019,EXC002,OP009,Material Loading,Low,Gravel,179.6,5.8,67.7,Rainy,20.4,27.1,13.7,Wet,Intermediate,10.3,223,33.8,12.1,3758.0,1.0,56.3,89.7,102.5,96.9,1,2024-11-08 00:00:00
1020,EXC001,OP010,Material Loading,High,Sand,180.4,4.1,60.4,Sunny,24.6,0.0,10.6,Wet,Beginner,6.3,50,31.8,1.5,6542.0,1.0,82.6,74.9,124.9,134.2,1,2024-10-14 00:00:00
1021,EXC005,OP009,Trenching,Medium,Gravel,231.2,4.3,7.5,Sunny,38.9,0.0,11.3,Muddy,Intermediate,6.3,247,78.4,14.8,8716.0,1.0,92.4,66.3,282.4,271.0,1,2024-05-27 00:00:00
1022,EXC005,OP002,Compaction,Medium,Sand,55.3,5.1,66.4,Sunny,27.7,0.0,3.7,Wet,Beginner,9.4,245,40.0,7.1,11944.0,1.2,88.8,82.4,49.9,50.4,1,2024-09-22 00:00:00
1023,EXC005,OP007,Earth Excavation,Low,Soil,123.3,3.2,92.6,Rainy,16.7,8.4,0.1,Frozen,Beginner,2.3,59,55.1,11.4,5450.0,1.2,92.0,91.0,190.3,184.6,1,2024-11-05 00:00:00
1024,EXC001,OP004,Earth Excavation,Medium,Sand,195.1,4.4,5.2,Sunny,12.5,0.0,11.7,Dry,Intermediate,2.3,5,61.1,5.2,2370.0,1.0,55.0,92.6,137.5,132.8,1,2024-08-19 00:00:00
1025,EXC005,OP010,Demolition,High,Sand,117.7,5.0,64.8,Windy,19.0,0.0,14.0,Frozen,Expert,1.5,278,105.0,4.1,3735.0,2.0,95.0,69.7,119.3,139.8,1,2024-08-15 00:00:00
1026,EXC001,OP008,Grading,Low,Clay,77.3,0.7,30.3,Windy,22.8,0.0,29.1,Dry,Intermediate,14.1,63,48.3,6.6,10691.0,2.0,76.8,82.3,17.1,18.7,1,2024-06-12 00:00:00
1027,EXC005,OP009,Material Loading,High,Clay,205.7,4.9,13.7,Sunny,13.3,0.0,6.2,Muddy,Intermediate,4.1,152,29.8,2.1,7620.0,2.0,57.0,84.4,58.3,65.7,1,2024-04-13 00:00:00
1028,EXC002,OP006,Demolition,Medium,Mixed,84.2,0.9,85.1,Windy,23.2,0.0,27.3,Muddy,Beginner,1.3,34,102.5,1.4,1270.0,2.0,58.3,97.0,148.5,137.8,1,2024-11-26 00:00:00
1029,EXC003,OP008,Material Loading,Low,Gravel,41.7,5.8,43.5,Windy,29.3,0.0,16.4,Wet,Beginner,3.7,87,30.2,7.2,8167.0,2.0,89.8,90.8,38.4,27.4,1,2024-05-31 00:00:00
1030,EXC001,OP005,Demolition,Medium,Rock,36.8,2.6,55.0,Rainy,25.0,41.1,2.1,Frozen,Beginner,9.5,167,113.0,14.2,11961.0,2.0,50.5,97.1,104.5,112.3,1,2024-01-14 00:00:00
1031,EXC005,OP006,Grading,Low,Soil,185.8,4.2,42.3,Windy,5.5,0.0,15.4,Muddy,Intermediate,7.2,209,56.1,14.1,3135.0,2.0,87.2,94.9,73.0,59.5,1,2024-07-12 00:00:00
1032,EXC004,OP007,Trenching,High,Sand,218.3,3.9,8.5,Sunny,16.0,0.0,13.2,Muddy,Expert,9.6,29,79.7,13.4,4737.0,1.5,72.7,93.5,137.4,138.0,1,2024-10-14 00:00:00
1033,EXC001,OP008,Earth Excavation,Medium,Sand,65.9,1.7,85.4,Sunny,18.4,0.0,12.2,Wet,Intermediate,7.4,47,66.5,1.5,4466.0,1.0,81.2,95.1,57.1,69.0,1,2024-07-15 00:00:00
1034,EXC005,OP008,Compaction,Medium,Rock,188.8,1.7,95.6,Cloudy,6.9,0.0,11.0,Dry,Expert,14.5,280,49.6,5.0,10967.0,1.5,87.2,89.6,62.3,55.9,1,2024-01-31 00:00:00
1035,EXC001,OP001,Grading,High,Soil,75.4,3.6,59.7,Windy,11.5,0.0,39.1,Muddy,Expert,5.8,250,55.8,14.2,3211.0,0.8,90.4,89.3,114.6,123.7,1,2024-01-04 00:00:00
1036,EXC005,OP006,Demolition,Medium,Sand,137.6,5.1,36.2,Rainy,12.1,0.5,9.3,Muddy,Expert,4.8,169,114.3,13.0,3546.0,0.8,56.8,96.7,298.3,300.0,1,2024-06-17 00:00:00
1037,EXC001,OP004,Compaction,Medium,Mixed,30.9,2.6,99.4,Windy,26.8,0.0,24.8,Wet,Expert,6.1,133,44.6,5.2,5482.0,1.5,72.8,80.3,36.4,28.3,1,2024-09-23 00:00:00
1038,EXC004,OP003,Compaction,Medium,Soil,135.9,4.3,99.7,Windy,8.6,0.0,35.8,Wet,Intermediate,7.9,200,48.4,8.7,2170.0,1.5,78.7,66.5,74.0,85.6,1,2024-10-29 00:00:00
1039,EXC003,OP002,Earth Excavation,High,Gravel,160.0,3.7,67.0,Windy,39.8,0.0,34.6,Frozen,Beginner,1.6,107,73.0,7.5,9496.0,1.5,51.2,75.0,236.4,236.3,1,2024-02-07 00:00:00
1040,EXC003,OP005,Earth Excavation,High,Soil,64.1,3.8,9.1,Rainy,6.2,21.6,5.5,Muddy,Expert,8.4,176,68.9,14.9,5330.0,0.8,75.9,95.3,126.3,127.9,0,2024-12-06 00:00:00
1041,EXC004,OP004,Demolition,High,Mixed,129.0,1.9,11.3,Cloudy,40.0,0.0,9.4,Wet,Intermediate,13.2,100,113.7,4.7,3480.0,1.2,60.4,81.4,186.4,168.8,1,2024-01-01 00:00:00
1042,EXC001,OP002,Grading,Medium,Sand,46.7,5.9,75.9,Rainy,40.1,17.0,8.0,Muddy,Intermediate,5.2,69,45.1,13.7,3595.0,0.8,81.2,70.8,120.4,126.5,1,2024-12-30 00:00:00
1043,EXC005,OP004,Trenching,Medium,Mixed,208.1,4.7,55.3,Windy,5.9,0.0,20.1,Wet,Beginner,5.9,153,87.9,14.1,7734.0,2.0,72.0,90.7,182.4,177.0,1,2024-01-07 00:00:00
1044,EXC005,OP009,Material Loading,High,Clay,248.0,5.8,34.9,Sunny,19.1,0.0,10.5,Frozen,Expert,0.7,127,36.7,14.9,328.0,2.0,73.9,87.1,72.9,76.4,1,2024-08-03 00:00:00
1045,EXC004,OP007,Trenching,Medium,Mixed,103.8,5.8,35.7,Windy,28.0,0.0,36.0,Muddy,Beginner,14.1,258,82.1,2.9,3733.0,1.5,80.0,82.9,125.5,118.5,1,2024-11-13 00:00:00
1046,EXC001,OP002,Demolition,High,Gravel,214.6,4.1,15.9,Windy,39.9,0.0,43.0,Muddy,Intermediate,13.1,137,101.9,6.7,5802.0,1.5,81.0,90.6,264.4,244.6,1,2024-01-05 00:00:00
1047,EXC002,OP008,Demolition,Medium,Soil,148.7,4.1,44.5,Sunny,18.7,0.0,14.8,Wet,Beginner,7.4,249,111.2,12.1,3589.0,1.2,87.1,73.8,263.3,253.8,1,2024-05-20 00:00:00
1048,EXC004,OP005,Material Loading,Medium,Mixed,61.3,6.0,20.2,Cloudy,12.0,0.0,10.4,Dry,Expert,11.5,257,39.9,8.1,11795.0,0.8,51.8,85.5,35.3,38.2,1,2024-03-30 00:00:00
1049,EXC003,OP008,Grading,Low,Rock,229.5,1.2,98.5,Windy,35.8,0.0,15.8,Dry,Beginner,1.7,78,51.1,12.1,1121.0,0.8,86.1,95.0,271.9,280.7,1,2024-09-11 00:00:00
1050,EXC004,OP004,Compaction,Low,Sand,133.4,3.9,53.4,Sunny,14.6,0.0,5.0,Muddy,Beginner,14.7,235,39.0,6.2,8217.0,2.0,75.5,94.4,30.4,40.7,1,2024-02-28 00:00:00
1051,EXC003,OP007,Trenching,Low,Clay,234.5,4.6,24.1,Sunny,41.6,0.0,9.5,Muddy,Expert,14.5,203,77.2,1.1,2247.0,1.0,90.8,70.8,137.6,143.2,1,2024-05-26 00:00:00
1052,EXC001,OP005,Grading,Medium,Soil,136.8,2.0,79.5,Sunny,35.4,0.0,5.5,Muddy,Beginner,14.0,181,55.9,5.9,1469.0,1.5,57.5,81.3,66.6,70.6,1,2024-11-22 00:00:00
1053,EXC002,OP003,Earth Excavation,Medium,Sand,174.7,2.7,70.1,Sunny,29.7,0.0,9.1,Muddy,Beginner,2.8,247,60.0,4.6,4659.0,2.0,80.7,86.3,101.9,98.2,1,2024-08-15 00:00:00
1054,EXC002,OP006,Earth Excavation,High,Clay,54.5,1.2,30.6,Cloudy,12.5,0.0,0.2,Frozen,Intermediate,4.5,205,53.0,14.9,4171.0,0.8,59.5,81.4,141.2,137.7,1,2024-12-04 00:00:00
1055,EXC002,OP005,Demolition,Low,Sand,205.6,0.7,67.9,Cloudy,17.0,0.0,7.2,Frozen,Beginner,5.2,178,121.2,5.8,8157.0,0.8,61.0,66.4,311.7,300.0,1,2024-11-12 00:00:00
1056,EXC003,OP007,Grading,Medium,Soil,51.1,4.6,27.4,Sunny,7.0,0.0,12.0,Muddy,Intermediate,13.0,26,53.5,4.0,8313.0,1.2,50.2,88.8,35.1,40.8,0,2024-11-02 00:00:00
1057,EXC002,OP007,Grading,Low,Gravel,31.1,3.7,41.0,Cloudy,28.3,0.0,13.6,Muddy,Intermediate,6.9,35,52.4,8.5,5661.0,1.5,85.7,94.2,23.1,29.0,1,2024-12-07 00:00:00
1058,EXC005,OP006,Demolition,High,Gravel,159.0,5.7,78.1,Windy,37.5,0.0,37.3,Wet,Intermediate,8.0,79,95.3,11.5,1439.0,2.0,52.4,97.5,208.7,206.2,1,2024-11-25 00:00:00
1059,EXC004,OP010,Compaction,Medium,Soil,144.0,2.1,54.8,Cloudy,9.2,0.0,11.0,Muddy,Expert,9.5,88,42.1,9.2,5367.0,1.2,52.9,96.3,66.9,66.8,1,2024-09-10 00:00:00
1060,EXC002,OP010,Earth Excavation,Low,Gravel,249.4,4.6,87.2,Cloudy,23.6,0.0,5.6,Wet,Intermediate,9.8,129,64.4,11.4,2885.0,1.5,72.7,68.8,136.7,135.6,1,2024-05-15 00:00:00
1061,EXC005,OP003,Demolition,High,Rock,87.5,2.5,74.6,Windy,33.8,0.0,49.5,Frozen,Expert,11.2,282,120.4,3.9,3611.0,2.0,74.9,89.9,101.9,109.9,1,2024-06-22 00:00:00
1062,EXC004,OP001,Trenching,Low,Rock,94.0,4.2,100.0,Cloudy,9.8,0.0,10.5,Frozen,Expert,8.1,209,72.1,6.5,9048.0,1.0,75.0,91.3,125.7,131.7,1,2024-10-11 00:00:00
1063,EXC002,OP007,Compaction,Low,Gravel,73.4,2.9,56.5,Rainy,20.3,43.8,2.5,Dry,Expert,11.7,161,49.7,11.8,5487.0,0.8,56.9,71.4,63.1,68.4,1,2024-07-06 00:00:00
1064,EXC004,OP004,Material Loading,Low,Mixed,50.6,5.6,47.7,Windy,23.2,0.0,38.5,Wet,Intermediate,5.8,247,34.6,11.0,372.0,1.5,57.3,71.2,14.5,27.8,1,2024-10-26 00:00:00
1065,EXC001,OP006,Demolition,Low,Sand,196.8,3.3,44.0,Cloudy,31.8,0.0,4.4,Muddy,Beginner,13.1,161,108.9,10.0,4289.0,2.0,61.7,97.5,118.6,122.0,1,2024-02-26 00:00:00
1066,EXC003,OP003,Grading,Low,Soil,226.7,4.1,15.0,Sunny,20.4,0.0,2.9,Frozen,Beginner,3.0,33,44.0,10.9,554.0,1.2,93.5,79.8,138.6,145.9,1,2024-05-05 00:00:00
1067,EXC002,OP005,Grading,Medium,Clay,97.8,1.8,78.1,Sunny,5.4,0.0,4.0,Frozen,Intermediate,8.2,253,44.8,7.4,11294.0,0.8,83.8,82.0,104.9,110.0,1,2024-06-27 00:00:00
1068,EXC002,OP001,Grading,High,Sand,232.8,1.1,97.1,Windy,21.4,0.0,57.3,Muddy,Expert,13.8,233,57.6,6.4,9640.0,0.8,54.0,67.7,191.2,189.8,1,2024-12-22 00:00:00
1069,EXC001,OP009,Earth Excavation,Low,Gravel,87.9,5.6,99.8,Rainy,14.0,10.6,5.8,Muddy,Beginner,7.0,127,64.8,1.8,1943.0,0.8,60.6,92.9,198.3,206.8,1,2024-09-13 00:00:00
1070,EXC003,OP004,Demolition,Medium,Soil,208.7,0.6,82.4,Rainy,26.6,1.0,11.6,Frozen,Beginner,2.0,30,109.3,8.3,4118.0,0.8,84.2,93.2,309.3,300.0,1,2024-04-27 00:00:00
1071,EXC002,OP003,Earth Excavation,Low,Mixed,207.6,3.9,65.2,Cloudy,9.1,0.0,0.0,Frozen,Beginner,11.9,161,51.1,8.4,11192.0,1.2,59.7,88.0,150.7,155.3,1,2024-01-12 00:00:00
1072,EXC002,OP009,Earth Excavation,Low,Gravel,204.4,4.7,43.9,Cloudy,7.5,0.0,4.2,Muddy,Beginner,2.9,83,68.4,14.4,9849.0,1.0,53.5,81.9,274.4,274.6,1,2024-03-22 00:00:00
1073,EXC004,OP003,Earth Excavation,Medium,Gravel,111.4,3.2,44.7,Cloudy,40.7,0.0,1.0,Frozen,Intermediate,9.0,163,73.9,3.3,4630.0,2.0,84.2,97.3,53.5,51.2,1,2024-07-22 00:00:00
1074,EXC004,OP004,Demolition,Low,Rock,42.3,5.9,22.0,Cloudy,17.4,0.0,7.6,Muddy,Beginner,5.9,265,116.8,1.9,2524.0,0.8,72.2,79.5,210.7,205.5,1,2024-04-30 00:00:00
1075,EXC003,OP006,Demolition,High,Rock,215.3,1.0,33.0,Cloudy,24.7,0.0,12.4,Frozen,Intermediate,8.7,34,106.2,7.6,11553.0,1.5,85.1,69.2,298.4,300.0,1,2024-03-09 00:00:00
1076,EXC002,OP004,Material Loading,Low,Soil,179.1,2.7,28.1,Cloudy,31.5,0.0,4.6,Dry,Intermediate,1.6,217,41.1,6.4,6562.0,1.5,93.5,84.5,33.1,40.8,1,2024-04-28 00:00:00
1077,EXC005,OP006,Earth Excavation,High,Sand,217.0,4.5,36.8,Windy,23.1,0.0,42.0,Dry,Beginner,14.2,193,70.0,11.8,5256.0,1.0,58.4,79.0,228.2,227.1,1,2024-11-05 00:00:00
1078,EXC003,OP004,Compaction,Low,Soil,223.7,5.4,53.6,Rainy,23.4,41.0,4.2,Frozen,Expert,12.8,206,41.2,3.4,10573.0,2.0,74.3,92.8,54.7,48.8,1,2024-03-21 00:00:00
1079,EXC003,OP010,Compaction,Medium,Mixed,38.2,0.7,90.1,Rainy,30.7,5.7,1.1,Dry,Intermediate,2.8,191,25.5,12.2,8732.0,1.0,78.8,93.3,50.7,48.6,1,2024-03-03 00:00:00
1080,EXC005,OP010,Grading,Medium,Sand,171.1,5.9,19.7,Rainy,21.7,45.3,10.9,Dry,Expert,9.4,61,59.0,4.2,2409.0,1.2,66.8,73.4,91.2,86.5,1,2024-04-23 00:00:00
1081,EXC005,OP005,Material Loading,Low,Rock,71.0,0.9,34.7,Sunny,37.4,0.0,0.8,Wet,Intermediate,8.7,151,36.9,8.7,6464.0,0.8,50.8,66.6,53.9,55.8,1,2024-03-21 00:00:00
1082,EXC003,OP009,Compaction,High,Sand,157.9,4.1,79.8,Sunny,20.0,0.0,14.3,Muddy,Beginner,14.8,219,36.0,9.0,2820.0,2.0,84.9,75.6,58.9,70.9,1,2024-02-04 00:00:00
1083,EXC004,OP008,Earth Excavation,High,Soil,116.2,5.1,51.9,Sunny,10.1,0.0,3.8,Muddy,Beginner,7.3,7,82.2,1.1,7646.0,2.0,85.1,89.2,92.8,103.4,1,2024-09-10 00:00:00
1084,EXC001,OP010,Earth Excavation,Medium,Soil,234.5,5.1,73.8,Windy,41.3,0.0,44.7,Muddy,Expert,1.8,114,53.7,1.6,9827.0,1.2,66.2,95.5,162.5,182.6,1,2024-11-12 00:00:00
1085,EXC003,OP002,Compaction,Medium,Soil,82.6,3.8,18.6,Rainy,32.6,6.4,15.0,Wet,Expert,1.8,77,45.4,10.4,9369.0,1.5,61.5,84.7,59.1,50.8,1,2024-10-27 00:00:00
1086,EXC002,OP003,Earth Excavation,High,Gravel,66.9,1.8,62.2,Sunny,17.5,0.0,11.0,Frozen,Intermediate,8.1,164,51.1,4.4,5050.0,2.0,81.1,90.9,55.9,55.4,1,2024-10-04 00:00:00
1087,EXC002,OP008,Demolition,High,Soil,87.7,3.6,56.2,Rainy,33.4,38.7,4.3,Dry,Expert,13.3,137,105.0,13.4,11389.0,1.5,94.4,90.9,129.1,122.0,1,2024-01-13 00:00:00
1088,EXC001,OP001,Demolition,High,Clay,130.7,2.4,36.8,Sunny,18.9,0.0,0.9,Muddy,Expert,1.1,16,104.1,11.0,3869.0,1.0,51.0,67.7,305.7,300.0,1,2024-05-23 00:00:00
1089,EXC002,OP007,Grading,Low,Mixed,58.7,1.3,64.7,Rainy,10.6,6.3,10.1,Dry,Expert,9.5,31,44.6,3.7,9914.0,1.2,65.0,89.4,29.1,30.2,1,2024-11-04 00:00:00
1090,EXC001,OP004,Grading,Low,Rock,197.1,2.0,50.6,Sunny,32.4,0.0,9.4,Frozen,Expert,1.7,77,55.5,7.0,9780.0,1.0,94.9,80.4,124.2,132.5,1,2024-11-11 00:00:00
1091,EXC004,OP010,Material Loading,Medium,Sand,144.2,3.1,37.9,Cloudy,29.4,0.0,6.2,Frozen,Beginner,8.8,119,38.7,13.3,4494.0,1.5,89.0,76.8,55.3,62.2,1,2024-11-29 00:00:00
1092,EXC005,OP010,Material Loading,Low,Soil,71.2,3.0,31.9,Cloudy,5.8,0.0,7.1,Dry,Beginner,9.9,261,40.0,5.4,9363.0,1.2,56.6,68.0,37.4,32.9,1,2024-11-06 00:00:00
1093,EXC004,OP009,Grading,Low,Gravel,201.8,3.8,33.5,Sunny,11.0,0.0,1.9,Muddy,Beginner,11.3,231,44.8,13.3,6467.0,1.5,62.7,84.3,106.2,94.2,1,2024-10-25 00:00:00
1094,EXC004,OP005,Material Loading,Medium,Mixed,67.7,5.2,19.5,Rainy,15.2,6.2,6.9,Frozen,Expert,9.6,264,38.5,12.5,5644.0,1.2,93.7,84.7,48.6,42.5,1,2024-09-20 00:00:00
1095,EXC005,OP008,Material Loading,Medium,Soil,78.9,1.3,35.4,Cloudy,37.1,0.0,12.1,Dry,Intermediate,2.0,83,21.0,1.8,6017.0,1.5,87.1,81.0,26.7,34.1,1,2024-08-29 00:00:00
1096,EXC003,OP008,Demolition,Medium,Rock,209.3,5.2,51.4,Rainy,32.1,12.3,3.5,Dry,Expert,9.0,133,115.7,6.6,2100.0,1.2,84.3,82.6,289.3,300.0,1,2024-11-06 00:00:00
1097,EXC002,OP009,Grading,High,Mixed,158.0,2.4,78.2,Windy,22.8,0.0,21.1,Frozen,Expert,6.3,269,57.1,7.1,6163.0,1.2,68.5,74.4,108.4,109.9,1,2024-12-13 00:00:00
1098,EXC001,OP006,Compaction,High,Rock,224.8,1.1,87.5,Windy,27.8,0.0,11.6,Muddy,Beginner,2.1,277,48.7,1.2,11393.0,2.0,69.2,88.6,129.6,133.2,1,2024-07-09 00:00:00
1099,EXC004,OP004,Trenching,Medium,Clay,139.0,5.4,8.4,Rainy,29.3,45.6,13.5,Frozen,Expert,7.5,100,82.2,7.3,9764.0,0.8,92.2,73.3,285.9,282.8,1,2024-06-11 00:00:00
1100,EXC003,OP009,Demolition,High,Gravel,121.1,1.7,45.9,Cloudy,7.3,0.0,0.0,Frozen,Intermediate,7.1,196,112.3,11.3,5357.0,1.0,73.3,79.7,257.1,268.5,1,2024-03-18 00:00:00
1101,EXC004,OP008,Demolition,High,Soil,138.5,4.7,99.2,Windy,20.8,0.0,18.3,Muddy,Intermediate,12.6,97,108.7,10.8,1912.0,1.2,74.9,89.1,269.6,288.1,1,2024-05-07 00:00:00
1102,EXC001,OP007,Material Loading,High,Gravel,42.2,4.8,66.4,Rainy,23.8,43.6,3.0,Wet,Beginner,12.1,77,32.3,3.2,11887.0,1.5,51.5,83.3,52.9,46.4,0,2024-01-23 00:00:00
1103,EXC002,OP008,Grading,High,Clay,236.6,4.2,30.1,Cloudy,21.2,0.0,7.3,Wet,Beginner,8.8,293,56.8,12.9,7161.0,2.0,82.7,97.6,92.7,107.3,0,2024-08-20 00:00:00
1104,EXC005,OP010,Earth Excavation,Medium,Clay,189.0,1.3,45.5,Cloudy,14.0,0.0,12.4,Wet,Expert,13.8,87,46.3,2.9,5116.0,2.0,92.9,86.7,59.2,55.3,1,2024-02-20 00:00:00
1105,EXC005,OP004,Material Loading,High,Sand,205.8,5.6,38.5,Cloudy,34.2,0.0,2.9,Wet,Intermediate,13.6,221,23.8,10.5,2002.0,2.0,82.6,89.5,59.5,52.0,1,2024-08-02 00:00:00
1106,EXC001,OP004,Demolition,High,Gravel,59.9,5.0,51.6,Rainy,6.6,48.6,11.7,Wet,Expert,3.6,246,110.1,13.9,11237.0,2.0,86.0,69.2,130.7,125.8,1,2024-06-17 00:00:00
1107,EXC004,OP001,Trenching,Medium,Clay,171.4,4.0,48.2,Rainy,38.1,6.7,0.8,Frozen,Beginner,7.7,288,75.0,8.2,3347.0,0.8,61.4,73.9,303.2,300.0,1,2024-03-05 00:00:00
1108,EXC003,OP008,Trenching,High,Gravel,148.2,4.7,28.4,Sunny,12.3,0.0,12.1,Muddy,Intermediate,1.0,146,82.8,2.7,346.0,1.0,75.0,84.8,262.0,253.7,1,2024-10-28 00:00:00
1109,EXC003,OP006,Material Loading,Medium,Soil,72.5,2.3,94.3,Cloudy,11.9,0.0,1.7,Dry,Expert,8.4,49,43.7,9.0,7246.0,1.5,82.5,73.0,34.3,36.2,1,2024-12-26 00:00:00
1110,EXC003,OP004,Grading,Medium,Clay,124.3,1.3,37.1,Sunny,12.4,0.0,12.2,Wet,Intermediate,11.1,70,53.3,2.9,1178.0,0.8,51.2,72.5,98.1,101.0,1,2024-01-29 00:00:00
1111,EXC002,OP001,Demolition,Low,Sand,46.9,0.8,16.2,Sunny,29.8,0.0,0.3,Dry,Intermediate,14.6,142,102.1,6.0,4172.0,1.5,73.3,78.9,38.0,28.0,1,2024-12-20 00:00:00
1112,EXC003,OP002,Grading,High,Sand,224.0,2.9,50.4,Windy,28.4,0.0,20.8,Frozen,Beginner,3.7,128,48.0,7.9,1010.0,1.2,60.6,91.2,190.7,193.8,1,2024-12-15 00:00:00
1113,EXC002,OP003,Compaction,Low,Soil,202.7,3.5,79.1,Cloudy,18.3,0.0,13.0,Frozen,Beginner,6.7,177,40.3,6.6,5971.0,1.5,90.2,80.1,85.1,93.7,0,2024-07-13 00:00:00
1114,EXC004,OP007,Demolition,Medium,Soil,193.8,5.6,82.6,Cloudy,16.8,0.0,6.8,Wet,Intermediate,4.1,258,113.0,13.9,1601.0,1.0,92.8,91.9,304.0,300.0,1,2024-05-19 00:00:00
1115,EXC002,OP002,Demolition,High,Soil,223.2,1.4,25.8,Cloudy,20.2,0.0,1.8,Wet,Expert,10.5,141,102.3,11.2,8712.0,2.0,87.9,85.0,112.4,121.4,1,2024-10-25 00:00:00
1116,EXC005,OP008,Trenching,Low,Rock,53.9,1.6,81.3,Cloudy,29.1,0.0,14.1,Wet,Expert,12.4,136,87.2,6.3,9477.0,1.0,75.9,74.4,74.6,68.7,1,2024-01-29 00:00:00
1117,EXC001,OP006,Earth Excavation,Medium,Mixed,143.5,0.8,80.9,Sunny,34.2,0.0,7.2,Dry,Expert,11.1,201,69.4,1.1,3954.0,0.8,60.4,79.9,101.6,95.6,1,2024-01-17 00:00:00
1118,EXC005,OP009,Demolition,Medium,Soil,48.3,2.1,63.0,Windy,34.4,0.0,55.6,Wet,Intermediate,6.6,180,110.3,6.6,2008.0,0.8,58.8,68.4,173.9,180.2,1,2024-07-15 00:00:00
1119,EXC001,OP007,Grading,High,Soil,85.5,4.9,6.4,Sunny,24.8,0.0,10.9,Wet,Expert,12.7,255,49.8,12.7,3727.0,1.0,64.6,72.7,75.8,59.1,1,2024-04-30 00:00:00
1120,EXC001,OP002,Grading,Low,Soil,97.9,4.0,94.2,Cloudy,41.7,0.0,5.4,Muddy,Beginner,14.2,111,41.9,9.4,10896.0,1.0,51.3,66.1,101.6,103.7,1,2024-08-01 00:00:00
1121,EXC002,OP009,Earth Excavation,Medium,Mixed,231.1,0.8,31.9,Rainy,21.8,11.3,10.0,Dry,Beginner,10.3,22,76.7,3.6,301.0,1.5,50.0,94.9,121.9,128.4,1,2024-09-11 00:00:00
1122,EXC004,OP006,Demolition,Low,Soil,205.0,2.8,71.1,Cloudy,6.1,0.0,11.7,Muddy,Expert,3.8,52,115.3,12.7,2393.0,0.8,85.6,69.4,291.0,300.0,1,2024-05-05 00:00:00
1123,EXC001,OP006,Grading,Medium,Clay,93.3,2.0,21.8,Sunny,31.5,0.0,0.4,Wet,Beginner,13.9,257,47.5,11.5,4955.0,0.8,77.8,83.8,98.5,97.3,1,2024-08-06 00:00:00
1124,EXC005,OP002,Material Loading,Low,Gravel,208.9,1.9,14.1,Rainy,17.2,46.8,10.4,Dry,Expert,8.8,283,22.8,12.7,7990.0,1.0,86.5,86.7,67.1,62.8,1,2024-02-08 00:00:00
1125,EXC001,OP001,Demolition,High,Mixed,176.0,5.5,74.9,Windy,14.6,0.0,35.0,Wet,Expert,6.4,85,107.6,2.9,2824.0,1.5,57.8,72.2,252.9,263.9,1,2024-02-02 00:00:00
1126,EXC003,OP005,Compaction,High,Mixed,109.4,2.9,76.3,Rainy,6.8,1.8,13.1,Muddy,Expert,2.1,18,58.3,11.0,2555.0,1.5,66.5,74.7,103.1,106.3,1,2024-05-03 00:00:00
1127,EXC005,OP003,Demolition,Low,Gravel,203.8,2.3,11.6,Sunny,40.8,0.0,14.1,Wet,Intermediate,10.0,193,117.4,10.4,11218.0,1.0,85.5,80.3,210.6,202.3,1,2024-01-07 00:00:00
1128,EXC003,OP008,Compaction,High,Clay,167.5,6.0,87.3,Cloudy,37.4,0.0,10.2,Frozen,Expert,7.2,17,41.8,10.3,3990.0,0.8,74.9,82.8,210.1,220.3,1,2024-03-23 00:00:00
1129,EXC005,OP004,Grading,Low,Clay,214.2,1.8,86.1,Windy,31.6,0.0,56.0,Frozen,Beginner,13.1,164,40.0,10.7,1990.0,1.2,65.3,94.2,142.5,139.5,1,2024-08-18 00:00:00
1130,EXC002,OP001,Grading,High,Gravel,205.4,4.3,31.7,Sunny,20.6,0.0,1.0,Frozen,Beginner,9.2,173,47.1,13.4,1590.0,1.0,55.9,80.7,220.1,214.6,1,2024-11-04 00:00:00
1131,EXC003,OP008,Compaction,Medium,Gravel,133.7,4.5,95.5,Cloudy,6.6,0.0,8.0,Wet,Beginner,9.7,82,46.9,1.7,9984.0,1.2,89.4,83.2,105.4,101.4,1,2024-03-21 00:00:00
1132,EXC005,OP008,Grading,High,Clay,176.5,4.0,43.0,Sunny,33.1,0.0,11.6,Wet,Expert,10.6,118,30.4,4.4,5739.0,1.2,69.5,92.0,86.5,99.6,1,2024-11-13 00:00:00
1133,EXC002,OP003,Trenching,Low,Soil,122.8,1.6,55.2,Sunny,34.1,0.0,12.8,Muddy,Intermediate,11.4,251,82.3,13.3,7329.0,1.0,68.8,93.1,115.4,111.8,1,2024-11-11 00:00:00
1134,EXC002,OP003,Earth Excavation,Low,Soil,223.7,4.1,85.1,Windy,21.4,0.0,21.2,Wet,Beginner,4.7,71,64.8,12.9,1638.0,0.8,81.4,72.4,299.8,300.0,1,2024-11-09 00:00:00
1135,EXC005,OP008,Demolition,Low,Clay,171.1,4.0,54.3,Sunny,37.1,0.0,2.2,Wet,Expert,12.0,39,107.2,12.2,626.0,1.5,74.6,68.0,142.7,144.1,1,2024-10-25 00:00:00
1136,EXC001,OP010,Grading,Medium,Rock,227.9,2.7,66.0,Rainy,35.9,31.1,3.4,Wet,Intermediate,2.3,238,52.1,9.1,8783.0,1.2,84.6,87.9,202.9,207.1,1,2024-10-06 00:00:00
1137,EXC005,OP003,Compaction,High,Mixed,147.4,1.6,13.3,Rainy,32.1,19.2,11.3,Muddy,Intermediate,7.6,229,42.1,12.2,8927.0,2.0,69.3,96.7,74.5,70.6,1,2024-04-26 00:00:00
1138,EXC004,OP004,Material Loading,Medium,Clay,247.1,4.0,21.5,Windy,33.3,0.0,40.1,Wet,Expert,11.0,34,34.7,9.0,914.0,0.8,59.1,90.4,113.8,118.6,1,2024-06-09 00:00:00
1139,EXC001,OP001,Earth Excavation,Low,Rock,85.8,4.8,62.5,Windy,15.1,0.0,24.7,Wet,Expert,11.1,262,78.8,4.6,764.0,2.0,76.5,90.0,46.1,43.1,1,2024-06-21 00:00:00
1140,EXC003,OP010,Grading,Medium,Mixed,196.2,3.2,45.8,Windy,9.8,0.0,40.8,Wet,Beginner,1.3,77,49.9,6.7,3005.0,2.0,93.0,77.0,113.7,119.6,1,2024-10-11 00:00:00
1141,EXC004,OP004,Material Loading,Medium,Rock,211.9,0.8,87.7,Windy,40.1,0.0,51.0,Wet,Beginner,0.8,163,42.2,8.1,9980.0,2.0,66.2,80.5,99.7,102.1,1,2024-09-20 00:00:00
1142,EXC004,OP002,Earth Excavation,Low,Mixed,201.5,3.9,44.2,Cloudy,28.2,0.0,3.8,Muddy,Intermediate,8.6,18,56.2,3.5,11026.0,1.5,72.9,72.7,133.4,114.0,1,2024-10-07 00:00:00
1143,EXC005,OP004,Earth Excavation,Medium,Gravel,162.0,3.7,5.5,Cloudy,10.1,0.0,0.2,Muddy,Beginner,4.2,142,62.1,0.6,5125.0,0.8,69.7,71.6,241.6,244.3,1,2024-12-18 00:00:00
1144,EXC001,OP007,Trenching,Medium,Rock,210.0,5.2,43.3,Cloudy,21.6,0.0,14.4,Wet,Beginner,7.8,290,83.7,14.9,9201.0,1.0,61.9,72.6,304.1,300.0,1,2024-07-16 00:00:00
1145,EXC004,OP002,Compaction,High,Clay,144.4,4.9,72.8,Sunny,25.3,0.0,12.1,Wet,Intermediate,6.8,157,40.8,1.3,10472.0,1.5,86.4,77.9,95.8,90.8,1,2024-11-04 00:00:00
1146,EXC001,OP002,Trenching,Medium,Clay,156.8,4.3,69.2,Windy,20.7,0.0,34.1,Wet,Expert,2.5,76,87.4,8.1,10549.0,1.2,70.7,96.0,189.7,184.9,0,2024-08-29 00:00:00
1147,EXC001,OP010,Trenching,High,Gravel,41.2,1.5,91.5,Cloudy,16.7,0.0,5.9,Frozen,Intermediate,3.2,276,96.6,9.7,8940.0,0.8,75.3,74.1,167.5,150.5,1,2024-06-12 00:00:00
1148,EXC002,OP003,Material Loading,Medium,Sand,131.9,2.0,50.9,Rainy,19.1,35.5,2.6,Muddy,Expert,7.7,184,34.9,14.4,6475.0,1.5,60.7,95.9,28.9,41.4,1,2024-03-06 00:00:00
1149,EXC004,OP004,Material Loading,High,Mixed,30.1,0.5,31.1,Rainy,24.5,24.2,13.8,Dry,Beginner,11.6,133,43.1,13.9,6239.0,1.0,75.5,77.3,38.1,41.1,1,2024-04-18 00:00:00
1150,EXC003,OP010,Trenching,Low,Gravel,146.2,2.8,76.2,Sunny,38.5,0.0,12.3,Wet,Expert,7.7,149,73.2,5.7,8013.0,2.0,86.8,97.3,72.1,58.1,0,2024-04-02 00:00:00
1151,EXC005,OP009,Demolition,Medium,Mixed,165.4,1.4,69.0,Cloudy,11.9,0.0,0.1,Dry,Expert,14.6,191,94.6,0.9,4233.0,1.5,66.7,77.6,92.1,90.0,1,2024-02-07 00:00:00
1152,EXC005,OP007,Material Loading,High,Clay,191.5,1.7,43.2,Sunny,13.4,0.0,10.3,Dry,Intermediate,5.6,80,32.0,13.8,2649.0,2.0,65.7,95.7,51.7,50.6,1,2024-09-01 00:00:00
1153,EXC001,OP008,Grading,Medium,Sand,70.0,3.1,74.2,Windy,23.2,0.0,25.7,Dry,Intermediate,10.2,105,55.9,7.0,11561.0,1.5,82.3,83.3,40.0,36.6,1,2024-01-05 00:00:00
1154,EXC004,OP006,Earth Excavation,High,Rock,228.9,1.3,5.6,Cloudy,24.6,0.0,3.6,Frozen,Beginner,13.2,252,62.4,10.3,8305.0,1.0,80.3,87.4,246.1,248.9,1,2024-05-08 00:00:00
1155,EXC002,OP008,Earth Excavation,Medium,Mixed,114.7,1.1,83.9,Cloudy,33.0,0.0,5.1,Muddy,Intermediate,14.2,8,80.0,14.3,10309.0,1.0,66.7,80.1,135.3,137.0,1,2024-10-22 00:00:00
1156,EXC001,OP005,Grading,Low,Mixed,209.0,1.1,20.1,Rainy,41.7,21.4,6.9,Frozen,Beginner,14.3,216,43.6,5.7,2996.0,1.0,53.5,82.2,112.5,121.6,1,2024-07-30 00:00:00
1157,EXC001,OP006,Material Loading,Medium,Gravel,104.2,2.2,15.4,Rainy,9.3,24.8,2.1,Muddy,Intermediate,3.7,134,38.8,2.9,9669.0,0.8,74.9,84.2,97.9,97.3,1,2024-04-28 00:00:00
1158,EXC001,OP008,Earth Excavation,Low,Mixed,229.3,1.4,14.3,Cloudy,11.4,0.0,14.0,Muddy,Intermediate,3.7,150,71.0,11.9,7788.0,0.8,73.3,77.1,225.8,222.2,1,2024-01-19 00:00:00
1159,EXC004,OP009,Compaction,High,Gravel,104.1,2.4,11.5,Rainy,30.4,2.2,0.0,Muddy,Intermediate,0.9,204,59.6,3.4,6928.0,1.0,68.9,78.5,107.2,118.5,1,2024-06-19 00:00:00
1160,EXC003,OP003,Demolition,High,Mixed,190.0,1.6,39.2,Sunny,38.8,0.0,7.8,Muddy,Expert,1.3,169,104.9,6.4,2097.0,1.2,66.0,83.0,264.5,270.7,1,2024-01-11 00:00:00
1161,EXC001,OP004,Demolition,Medium,Rock,168.7,1.7,42.4,Sunny,8.6,0.0,0.3,Wet,Expert,13.8,186,104.5,10.3,9400.0,2.0,90.8,94.6,98.9,101.1,1,2024-09-23 00:00:00
1162,EXC005,OP008,Trenching,Medium,Sand,116.5,0.5,85.5,Rainy,21.5,36.2,13.2,Dry,Intermediate,1.0,181,68.9,4.3,1603.0,1.5,54.4,96.2,101.0,99.7,0,2024-03-21 00:00:00
1163,EXC001,OP010,Demolition,High,Rock,137.7,1.4,62.2,Rainy,29.0,13.8,11.7,Frozen,Beginner,7.4,135,104.0,10.7,7750.0,1.5,63.2,71.7,301.7,300.0,1,2024-09-11 00:00:00
1164,EXC001,OP010,Earth Excavation,High,Soil,242.2,4.0,11.3,Sunny,21.4,0.0,3.3,Muddy,Beginner,7.6,90,64.7,4.1,10015.0,0.8,82.4,94.9,277.6,300.0,1,2024-12-25 00:00:00
1165,EXC005,OP008,Compaction,High,Rock,129.1,3.0,17.1,Cloudy,36.2,0.0,5.9,Wet,Intermediate,8.9,59,43.2,12.9,9327.0,1.0,77.8,81.4,142.8,142.3,1,2024-06-09 00:00:00
1166,EXC004,OP006,Material Loading,High,Rock,216.9,5.8,52.1,Rainy,12.8,28.7,5.6,Dry,Beginner,5.5,222,34.1,1.7,1063.0,2.0,67.0,95.6,101.1,104.7,1,2024-05-28 00:00:00
1167,EXC004,OP004,Grading,Medium,Rock,214.9,2.1,63.1,Sunny,18.5,0.0,2.3,Frozen,Expert,9.9,44,43.6,11.5,9342.0,1.0,73.1,65.8,166.1,159.3,1,2024-01-15 00:00:00
1168,EXC002,OP006,Compaction,High,Clay,222.6,1.2,39.5,Cloudy,11.2,0.0,14.4,Dry,Intermediate,5.7,184,48.6,1.9,8777.0,2.0,82.0,73.0,62.1,66.7,1,2024-10-19 00:00:00
1169,EXC003,OP003,Compaction,High,Rock,107.2,4.5,16.1,Rainy,10.2,6.3,11.0,Muddy,Intermediate,9.1,248,44.2,7.0,5820.0,1.5,55.5,77.6,93.1,100.1,1,2024-11-14 00:00:00
1170,EXC004,OP008,Material Loading,Low,Mixed,33.7,3.1,29.6,Rainy,15.1,13.5,5.8,Frozen,Beginner,6.5,116,35.0,9.7,3744.0,2.0,62.3,76.9,39.1,28.3,1,2024-07-29 00:00:00
1171,EXC005,OP005,Grading,Medium,Soil,36.6,2.4,93.1,Rainy,36.0,30.8,3.4,Dry,Expert,5.3,85,47.7,12.9,8440.0,1.2,56.0,90.8,42.0,47.4,1,2024-06-16 00:00:00
1172,EXC005,OP001,Earth Excavation,High,Clay,81.8,3.0,68.9,Sunny,10.5,0.0,8.0,Dry,Intermediate,12.8,279,61.0,9.0,5892.0,2.0,87.7,96.3,39.8,42.3,1,2024-04-20 00:00:00
1173,EXC005,OP010,Material Loading,High,Clay,248.1,2.2,16.7,Cloudy,40.4,0.0,2.6,Dry,Expert,11.7,78,30.2,1.1,2980.0,1.5,63.4,95.3,42.1,50.1,1,2024-10-08 00:00:00
1174,EXC002,OP006,Compaction,Low,Soil,227.3,4.0,94.4,Sunny,19.4,0.0,11.0,Frozen,Intermediate,11.0,75,37.4,4.4,11063.0,1.5,85.1,93.6,82.3,71.9,1,2024-01-09 00:00:00
1175,EXC005,OP009,Grading,Low,Mixed,221.5,5.3,40.0,Rainy,35.0,34.1,6.4,Dry,Intermediate,5.5,155,45.1,3.5,946.0,1.2,74.3,79.7,133.6,125.7,1,2024-11-04 00:00:00
1176,EXC002,OP010,Grading,Low,Clay,213.2,1.8,57.7,Cloudy,20.4,0.0,9.6,Frozen,Beginner,11.4,190,41.7,3.0,2254.0,1.5,52.0,70.2,83.4,87.6,1,2024-10-16 00:00:00
1177,EXC002,OP008,Material Loading,Low,Rock,85.3,3.1,97.1,Windy,18.8,0.0,58.0,Wet,Intermediate,4.2,232,29.3,2.0,2055.0,2.0,74.2,84.2,43.6,38.2,1,2024-12-15 00:00:00
1178,EXC001,OP005,Grading,Low,Mixed,156.6,1.2,34.2,Rainy,23.7,12.7,0.6,Wet,Expert,9.0,65,50.1,6.3,4809.0,1.0,94.9,68.7,89.4,93.9,1,2024-09-02 00:00:00
1179,EXC002,OP002,Material Loading,Low,Clay,42.7,4.7,83.6,Cloudy,31.1,0.0,0.8,Frozen,Expert,11.3,267,38.5,11.0,355.0,1.5,55.9,96.7,15.4,23.2,1,2024-02-24 00:00:00
1180,EXC003,OP003,Earth Excavation,Medium,Sand,158.1,3.3,40.6,Cloudy,16.1,0.0,14.4,Dry,Expert,11.9,198,69.2,13.9,8860.0,1.5,87.3,96.8,70.0,58.1,1,2024-06-27 00:00:00
1181,EXC004,OP002,Material Loading,Medium,Soil,221.5,2.4,35.0,Rainy,31.0,32.4,12.4,Wet,Intermediate,5.0,13,29.0,0.6,11340.0,1.5,80.6,75.6,77.4,73.3,1,2024-10-10 00:00:00
1182,EXC002,OP008,Earth Excavation,Medium,Clay,166.5,2.6,42.1,Windy,17.9,0.0,54.4,Muddy,Intermediate,0.8,187,85.0,14.1,4427.0,1.2,66.4,89.0,201.8,211.6,1,2024-07-07 00:00:00
1183,EXC005,OP008,Earth Excavation,Medium,Mixed,40.0,3.5,25.5,Windy,32.0,0.0,15.1,Dry,Beginner,0.6,285,67.1,10.3,6109.0,1.5,61.1,69.1,40.6,57.2,1,2024-07-08 00:00:00
1184,EXC003,OP001,Demolition,Low,Gravel,49.7,2.4,54.4,Rainy,26.3,16.5,4.1,Muddy,Expert,14.7,267,129.2,4.5,1828.0,0.8,66.2,75.0,98.3,111.4,0,2024-02-27 00:00:00
1185,EXC002,OP003,Trenching,High,Rock,130.2,4.4,20.5,Sunny,38.4,0.0,4.8,Dry,Beginner,14.7,113,92.9,4.6,8763.0,1.2,87.6,80.3,177.9,184.7,1,2024-09-01 00:00:00
1186,EXC002,OP006,Demolition,Low,Mixed,53.5,1.6,32.6,Sunny,36.0,0.0,1.4,Dry,Expert,13.3,227,95.1,14.6,3525.0,1.0,70.5,82.5,55.4,67.9,1,2024-11-23 00:00:00
1187,EXC001,OP009,Grading,Low,Rock,43.1,1.8,35.3,Windy,21.1,0.0,44.3,Muddy,Beginner,5.8,115,45.2,8.6,269.0,1.5,92.5,90.6,76.1,59.0,1,2024-03-16 00:00:00
1188,EXC005,OP003,Compaction,High,Rock,30.1,2.5,7.2,Rainy,21.1,29.9,8.9,Dry,Expert,8.6,142,44.4,3.8,6326.0,0.8,94.1,79.7,54.5,65.8,1,2024-09-08 00:00:00
1189,EXC005,OP004,Grading,Medium,Clay,203.7,0.6,5.0,Windy,37.7,0.0,46.5,Muddy,Expert,14.4,240,48.7,4.7,9498.0,1.0,88.6,87.8,78.4,89.2,1,2024-07-08 00:00:00
1190,EXC001,OP005,Demolition,Medium,Soil,243.8,4.2,34.0,Rainy,7.2,15.9,4.4,Wet,Beginner,12.4,112,129.0,6.0,1362.0,1.5,89.1,65.6,307.4,300.0,1,2024-12-25 00:00:00
1191,EXC003,OP007,Earth Excavation,High,Mixed,213.9,3.1,14.3,Rainy,16.1,25.1,0.2,Frozen,Beginner,4.2,0,57.2,5.4,5673.0,0.8,75.4,71.5,304.0,300.0,1,2024-05-05 00:00:00
1192,EXC003,OP005,Earth Excavation,High,Gravel,147.0,3.0,85.7,Cloudy,21.2,0.0,14.2,Frozen,Expert,10.0,53,58.5,8.6,3645.0,1.0,76.8,69.3,169.6,171.5,1,2024-12-04 00:00:00
1193,EXC005,OP002,Trenching,High,Mixed,192.9,2.0,88.4,Windy,27.2,0.0,47.0,Wet,Expert,3.5,153,81.6,2.8,3467.0,1.0,68.7,94.3,271.2,259.1,1,2024-06-01 00:00:00
1194,EXC002,OP008,Compaction,Medium,Mixed,199.1,2.0,71.9,Rainy,26.6,42.7,0.5,Dry,Beginner,14.7,80,57.5,14.5,464.0,1.0,72.5,78.2,166.2,165.5,1,2024-01-04 00:00:00
1195,EXC004,OP003,Grading,High,Gravel,44.6,4.4,43.9,Rainy,22.5,29.3,14.6,Wet,Intermediate,11.3,10,45.6,10.4,5296.0,2.0,74.2,86.8,36.9,39.6,1,2024-02-21 00:00:00
1196,EXC005,OP006,Compaction,Low,Mixed,182.4,1.4,23.2,Sunny,12.7,0.0,14.0,Muddy,Expert,0.7,175,51.0,8.3,4651.0,1.5,79.7,72.3,44.1,62.5,1,2024-05-31 00:00:00
1197,EXC005,OP008,Grading,Medium,Mixed,157.5,3.6,75.1,Sunny,29.2,0.0,5.5,Frozen,Expert,5.1,89,38.9,4.1,6987.0,2.0,55.4,90.8,57.4,52.2,1,2024-05-21 00:00:00
1198,EXC002,OP010,Material Loading,Medium,Gravel,45.2,1.4,90.3,Sunny,15.4,0.0,7.4,Frozen,Expert,8.3,116,54.0,14.4,3757.0,1.0,73.5,96.6,30.0,31.1,1,2024-01-26 00:00:00
1199,EXC003,OP004,Trenching,Low,Soil,119.1,4.3,95.0,Windy,16.2,0.0,13.3,Dry,Intermediate,2.1,142,81.7,12.9,10181.0,1.0,56.6,82.4,173.2,165.0,1,2024-12-15 00:00:00
1200,EXC002,OP001,Demolition,Low,Clay,175.9,5.3,58.0,Cloudy,7.3,0.0,4.0,Frozen,Intermediate,12.1,236,121.1,8.5,4083.0,1.2,76.2,73.9,211.8,212.9,1,2024-05-29 00:00:00
1201,EXC002,OP010,Compaction,Low,Clay,43.3,0.9,6.0,Sunny,10.4,0.0,9.6,Frozen,Intermediate,3.3,9,50.3,6.0,8526.0,0.8,59.4,97.9,42.0,44.8,1,2024-02-05 00:00:00
1202,EXC003,OP008,Earth Excavation,Medium,Sand,30.3,2.4,66.8,Sunny,25.3,0.0,8.4,Dry,Intermediate,2.8,251,72.8,4.8,8578.0,1.2,51.0,84.6,44.2,37.6,1,2024-05-19 00:00:00
1203,EXC001,OP007,Compaction,High,Soil,33.1,2.5,53.9,Sunny,6.1,0.0,11.0,Dry,Expert,4.3,177,44.0,8.3,9549.0,1.0,70.5,76.1,37.9,34.6,1,2024-10-22 00:00:00
1204,EXC003,OP010,Material Loading,High,Soil,83.2,0.7,56.9,Sunny,22.2,0.0,6.3,Dry,Beginner,11.9,204,33.6,9.2,217.0,1.2,84.3,80.9,50.2,48.4,1,2024-01-14 00:00:00
1205,EXC004,OP008,Compaction,Low,Mixed,98.4,2.9,6.1,Sunny,19.9,0.0,7.1,Frozen,Intermediate,7.3,8,44.9,10.9,11897.0,1.2,67.8,93.3,45.7,55.5,1,2024-05-26 00:00:00
1206,EXC003,OP010,Trenching,High,Gravel,248.6,1.6,45.7,Rainy,37.1,41.9,12.3,Muddy,Expert,9.5,266,91.1,14.9,4423.0,1.5,55.2,69.4,213.4,226.1,1,2024-05-10 00:00:00
1207,EXC002,OP009,Grading,Low,Soil,133.1,2.9,62.4,Rainy,23.9,48.8,13.5,Dry,Beginner,4.8,59,45.9,2.3,964.0,1.5,60.0,94.3,78.6,78.0,1,2024-08-02 00:00:00
1208,EXC003,OP001,Demolition,Low,Mixed,111.8,1.7,99.3,Cloudy,15.2,0.0,6.6,Frozen,Beginner,4.3,88,96.2,7.7,1502.0,1.5,86.4,81.7,186.1,184.9,1,2024-11-25 00:00:00
1209,EXC002,OP003,Material Loading,Medium,Rock,170.4,4.2,43.0,Windy,23.0,0.0,44.6,Dry,Intermediate,5.0,175,44.0,11.3,4378.0,1.0,87.7,65.8,140.8,134.0,1,2024-09-05 00:00:00
1210,EXC004,OP005,Earth Excavation,Low,Gravel,115.9,5.8,56.9,Windy,16.6,0.0,30.6,Dry,Intermediate,8.7,157,75.5,9.5,3361.0,0.8,58.9,81.3,149.3,139.3,1,2024-06-25 00:00:00
1211,EXC005,OP004,Trenching,Medium,Rock,106.0,3.8,58.3,Sunny,36.6,0.0,1.7,Wet,Expert,13.3,258,90.8,2.5,1905.0,1.0,61.6,85.2,112.2,108.7,1,2024-03-21 00:00:00
1212,EXC003,OP010,Trenching,Low,Gravel,174.5,5.1,57.8,Windy,39.3,0.0,17.2,Frozen,Intermediate,5.7,99,74.2,11.9,3835.0,1.5,69.9,90.5,151.3,146.4,1,2024-04-20 00:00:00
1213,EXC001,OP004,Material Loading,High,Sand,244.2,2.3,97.2,Cloudy,12.1,0.0,9.7,Frozen,Expert,14.9,77,50.6,12.2,2910.0,2.0,61.8,96.1,33.8,44.5,1,2024-01-08 00:00:00
1214,EXC002,OP010,Material Loading,Medium,Gravel,141.3,2.5,76.7,Rainy,23.6,25.5,3.1,Wet,Beginner,0.9,118,33.3,12.2,10295.0,1.2,60.9,76.9,142.2,130.9,1,2024-01-23 00:00:00
1215,EXC003,OP008,Trenching,Low,Clay,87.1,6.0,48.5,Cloudy,9.4,0.0,14.7,Frozen,Beginner,4.0,138,90.7,1.6,485.0,1.2,91.3,65.6,166.7,162.6,1,2024-01-16 00:00:00
1216,EXC005,OP005,Grading,High,Clay,161.9,2.8,25.3,Rainy,33.2,3.5,9.6,Dry,Expert,10.5,261,55.6,3.7,5903.0,1.5,73.4,84.5,55.6,64.3,1,2024-08-17 00:00:00
1217,EXC002,OP008,Earth Excavation,High,Gravel,80.8,5.3,69.7,Sunny,24.2,0.0,4.5,Muddy,Beginner,13.8,225,61.8,13.4,4913.0,1.5,91.1,75.3,112.5,116.5,1,2024-04-02 00:00:00
1218,EXC001,OP002,Trenching,Low,Rock,105.3,0.6,83.0,Windy,9.3,0.0,13.9,Muddy,Expert,11.9,15,89.6,1.8,8274.0,0.8,67.1,92.1,148.2,149.7,1,2024-10-29 00:00:00
1219,EXC003,OP003,Grading,Low,Soil,75.1,5.4,6.9,Sunny,37.6,0.0,0.6,Muddy,Beginner,12.5,239,50.1,6.7,1111.0,1.0,61.5,94.0,69.6,64.3,1,2024-05-08 00:00:00
1220,EXC004,OP003,Compaction,Medium,Clay,175.8,2.4,10.2,Sunny,40.8,0.0,12.7,Muddy,Beginner,4.9,68,42.4,2.4,8876.0,1.0,59.9,85.0,145.1,142.3,1,2024-04-26 00:00:00
1221,EXC005,OP003,Compaction,Low,Mixed,74.9,3.4,42.2,Windy,19.1,0.0,38.0,Frozen,Expert,2.1,52,43.9,3.6,1966.0,2.0,79.5,97.9,27.4,31.6,1,2024-05-20 00:00:00
1222,EXC001,OP008,Earth Excavation,High,Soil,234.4,1.2,78.0,Sunny,13.7,0.0,5.2,Frozen,Intermediate,13.5,260,63.8,6.5,8112.0,1.5,89.9,93.7,119.9,114.1,1,2024-06-24 00:00:00
1223,EXC004,OP008,Grading,Low,Soil,203.0,1.7,27.5,Windy,25.7,0.0,53.8,Muddy,Intermediate,4.7,12,50.3,5.3,6697.0,1.2,67.0,83.4,119.2,113.5,1,2024-11-02 00:00:00
1224,EXC005,OP006,Demolition,Low,Sand,123.4,1.0,72.2,Sunny,5.9,0.0,6.2,Muddy,Beginner,7.8,38,116.4,9.9,4250.0,1.0,69.9,84.4,230.0,226.5,1,2024-01-21 00:00:00
1225,EXC002,OP008,Material Loading,Low,Sand,146.8,5.0,58.9,Cloudy,13.6,0.0,8.0,Dry,Intermediate,11.2,158,19.0,7.8,5415.0,1.0,74.7,75.2,50.2,48.1,1,2024-05-10 00:00:00
1226,EXC005,OP004,Grading,Medium,Rock,119.3,3.8,45.9,Cloudy,25.5,0.0,14.5,Frozen,Expert,3.9,247,35.9,2.7,5198.0,1.0,72.7,88.5,103.3,94.0,1,2024-03-17 00:00:00
1227,EXC001,OP008,Material Loading,High,Clay,120.6,2.2,66.4,Sunny,37.9,0.0,2.1,Dry,Beginner,8.4,92,34.6,1.8,2814.0,2.0,76.1,83.3,50.2,47.6,1,2024-02-19 00:00:00
1228,EXC004,OP004,Earth Excavation,High,Rock,92.4,1.8,90.5,Rainy,38.1,28.9,11.0,Dry,Beginner,15.0,219,59.9,6.4,6365.0,0.8,79.3,95.4,219.4,219.7,1,2024-04-03 00:00:00
1229,EXC005,OP006,Trenching,High,Clay,187.5,1.3,85.7,Sunny,21.9,0.0,8.8,Frozen,Beginner,1.7,57,85.8,14.3,10909.0,1.2,79.8,91.2,285.9,300.0,1,2024-12-16 00:00:00
1230,EXC001,OP006,Earth Excavation,Medium,Mixed,124.8,3.9,89.9,Sunny,10.9,0.0,5.0,Frozen,Expert,12.1,25,62.2,6.4,7338.0,0.8,75.2,97.1,135.9,134.0,1,2024-02-13 00:00:00
1231,EXC004,OP002,Earth Excavation,High,Rock,129.5,1.1,19.5,Windy,31.1,0.0,57.8,Wet,Beginner,9.7,113,68.8,2.0,3079.0,1.0,55.6,93.0,225.0,218.2,1,2024-09-20 00:00:00
1232,EXC003,OP007,Grading,Medium,Soil,177.1,1.7,38.9,Windy,29.4,0.0,11.8,Muddy,Expert,2.2,89,54.3,4.6,1455.0,1.2,51.8,97.6,87.0,86.2,1,2024-10-01 00:00:00
1233,EXC003,OP003,Compaction,High,Sand,186.7,2.3,11.1,Sunny,16.1,0.0,1.3,Dry,Beginner,12.6,115,41.9,13.2,7715.0,0.8,84.6,85.8,148.9,138.0,1,2024-10-12 00:00:00
1234,EXC001,OP002,Compaction,High,Mixed,183.9,2.1,66.7,Rainy,11.8,21.1,13.8,Frozen,Beginner,12.3,220,46.9,7.7,1933.0,1.0,67.9,69.6,199.9,207.3,1,2024-09-18 00:00:00
1235,EXC005,OP007,Material Loading,Medium,Mixed,147.4,4.5,51.3,Sunny,35.4,0.0,13.8,Wet,Beginner,12.2,249,40.4,14.4,11163.0,0.8,63.2,70.8,112.2,120.4,1,2024-11-06 00:00:00
1236,EXC003,OP010,Compaction,Low,Gravel,37.4,1.0,56.4,Sunny,6.8,0.0,13.7,Dry,Beginner,7.0,158,47.5,10.6,1944.0,1.2,88.1,80.8,22.7,30.6,1,2024-09-28 00:00:00
1237,EXC001,OP003,Grading,Low,Gravel,89.9,2.2,39.1,Windy,16.7,0.0,52.2,Frozen,Intermediate,8.6,184,50.8,14.5,1191.0,2.0,54.3,80.1,55.6,43.4,1,2024-01-13 00:00:00
1238,EXC005,OP006,Material Loading,High,Clay,211.9,5.9,40.9,Cloudy,38.7,0.0,11.7,Muddy,Expert,2.7,152,34.7,12.6,5882.0,1.2,81.9,88.2,121.3,128.1,1,2024-12-21 00:00:00
1239,EXC005,OP003,Trenching,High,Rock,104.0,5.1,92.6,Windy,33.0,0.0,34.1,Dry,Beginner,4.1,265,63.1,8.1,4888.0,1.2,75.5,77.9,288.9,297.5,1,2024-01-02 00:00:00
1240,EXC001,OP009,Material Loading,Low,Clay,138.4,2.9,49.4,Sunny,26.0,0.0,10.2,Muddy,Expert,2.6,213,27.4,4.7,9319.0,1.0,90.8,66.5,48.7,69.7,1,2024-10-29 00:00:00
1241,EXC005,OP003,Grading,Low,Clay,148.5,1.8,62.1,Windy,36.1,0.0,42.8,Frozen,Beginner,1.2,60,50.7,9.1,8000.0,1.0,84.3,85.7,170.5,180.3,1,2024-04-06 00:00:00
1242,EXC003,OP008,Material Loading,High,Clay,172.1,1.2,72.3,Cloudy,31.8,0.0,7.7,Wet,Beginner,14.9,56,43.4,4.6,890.0,1.5,51.3,75.6,76.7,79.5,1,2024-10-17 00:00:00
1243,EXC005,OP010,Compaction,Medium,Gravel,118.4,2.2,14.5,Rainy,25.8,23.6,1.8,Frozen,Intermediate,4.4,127,44.3,11.9,3216.0,1.5,57.3,70.6,82.8,79.3,1,2024-06-11 00:00:00
1244,EXC004,OP010,Grading,High,Gravel,118.2,1.8,27.2,Sunny,27.5,0.0,1.6,Dry,Intermediate,2.4,26,43.7,8.8,5502.0,1.0,77.5,65.9,126.1,117.1,1,2024-05-25 00:00:00
1245,EXC003,OP005,Trenching,Medium,Sand,103.6,2.2,89.4,Cloudy,14.3,0.0,9.6,Muddy,Expert,5.2,217,86.7,14.3,2438.0,1.2,74.8,97.3,99.7,107.9,1,2024-04-11 00:00:00
1246,EXC001,OP008,Grading,Low,Mixed,72.9,2.3,71.1,Cloudy,22.8,0.0,0.7,Frozen,Beginner,11.3,49,60.9,1.1,5030.0,1.0,70.8,81.6,80.6,69.1,1,2024-12-13 00:00:00
1247,EXC005,OP001,Compaction,Low,Gravel,65.7,5.7,61.8,Sunny,34.8,0.0,6.5,Dry,Expert,11.2,232,32.5,6.9,6557.0,0.8,60.7,94.2,48.6,36.5,1,2024-06-12 00:00:00
1248,EXC003,OP001,Grading,High,Soil,36.4,4.5,29.8,Windy,17.6,0.0,22.0,Frozen,Beginner,12.5,295,43.7,13.5,677.0,2.0,62.2,79.8,38.5,32.0,1,2024-05-27 00:00:00
1249,EXC005,OP002,Trenching,High,Clay,134.1,3.5,31.1,Rainy,31.4,8.0,3.6,Frozen,Expert,7.5,57,79.9,6.1,3027.0,2.0,88.7,84.5,122.5,116.9,1,2024-08-07 00:00:00
1250,EXC003,OP005,Trenching,Medium,Gravel,143.0,2.1,55.7,Sunny,9.1,0.0,12.3,Muddy,Expert,8.4,210,82.8,3.6,9282.0,0.8,51.7,84.6,145.5,154.1,1,2024-09-14 00:00:00
1251,EXC001,OP001,Grading,Low,Rock,96.8,4.3,10.8,Windy,40.1,0.0,11.2,Dry,Beginner,12.8,113,43.0,5.7,1970.0,0.8,93.8,82.5,107.0,108.1,0,2024-04-12 00:00:00
1252,EXC002,OP005,Compaction,High,Soil,164.6,2.1,60.7,Cloudy,14.0,0.0,7.4,Dry,Beginner,5.4,15,44.5,9.5,9154.0,2.0,65.7,69.7,89.4,83.2,1,2024-12-21 00:00:00
1253,EXC001,OP010,Trenching,High,Clay,163.8,1.6,13.1,Rainy,16.1,18.1,10.6,Wet,Beginner,5.8,176,70.8,0.5,11020.0,0.8,59.5,73.3,284.9,300.0,1,2024-01-18 00:00:00
1254,EXC001,OP010,Compaction,High,Soil,103.6,6.0,73.5,Cloudy,14.5,0.0,11.3,Wet,Intermediate,2.4,116,37.6,13.9,5231.0,1.0,58.6,74.0,142.9,144.2,1,2024-10-23 00:00:00
1255,EXC005,OP002,Trenching,Low,Rock,213.1,3.6,28.4,Rainy,22.5,13.1,8.0,Muddy,Beginner,8.8,235,73.5,11.7,5700.0,0.8,53.1,95.4,277.8,300.0,1,2024-03-26 00:00:00
1256,EXC002,OP008,Demolition,High,Mixed,159.5,1.8,66.5,Sunny,14.7,0.0,12.4,Muddy,Intermediate,10.7,173,112.1,6.1,7982.0,1.0,64.6,70.1,293.2,300.0,1,2024-09-26 00:00:00
1257,EXC001,OP008,Trenching,High,Sand,131.3,5.5,25.9,Windy,19.0,0.0,57.3,Muddy,Beginner,11.8,51,92.6,12.6,10578.0,2.0,81.5,91.5,163.1,152.4,1,2024-01-28 00:00:00
1258,EXC003,OP004,Demolition,High,Clay,235.7,3.5,76.1,Cloudy,15.5,0.0,1.2,Muddy,Intermediate,1.4,181,108.4,12.3,1993.0,0.8,87.1,73.8,308.3,300.0,1,2024-05-13 00:00:00
1259,EXC005,OP010,Trenching,Medium,Clay,174.7,1.0,38.3,Cloudy,8.3,0.0,0.1,Frozen,Intermediate,1.2,260,92.3,9.1,1195.0,0.8,84.2,65.3,301.8,292.3,1,2024-05-20 00:00:00
1260,EXC003,OP007,Earth Excavation,Medium,Mixed,185.3,4.8,74.8,Rainy,23.3,41.6,7.9,Frozen,Intermediate,4.3,239,53.4,0.6,4431.0,1.2,53.7,67.1,223.7,220.4,1,2024-10-29 00:00:00
1261,EXC001,OP004,Compaction,High,Soil,65.5,2.4,64.1,Rainy,6.0,9.4,5.8,Muddy,Intermediate,10.3,218,53.8,7.9,8681.0,1.2,51.4,94.8,54.4,67.7,1,2024-12-12 00:00:00
1262,EXC004,OP004,Material Loading,High,Rock,60.3,3.9,80.5,Windy,17.5,0.0,36.4,Frozen,Intermediate,9.6,145,33.6,7.9,11990.0,1.5,72.8,86.2,49.6,59.8,1,2024-09-24 00:00:00
1263,EXC002,OP003,Demolition,Low,Sand,117.2,3.6,20.3,Sunny,28.7,0.0,14.3,Frozen,Beginner,14.9,164,102.8,12.6,5438.0,1.0,72.6,70.1,167.7,168.8,1,2024-05-28 00:00:00
1264,EXC004,OP010,Demolition,High,Clay,185.0,1.2,24.7,Rainy,34.2,46.5,7.1,Dry,Beginner,12.0,183,105.6,5.1,8498.0,1.5,75.1,92.8,251.5,246.5,1,2024-01-12 00:00:00
1265,EXC004,OP004,Trenching,Medium,Soil,136.2,5.2,24.8,Sunny,5.1,0.0,2.0,Muddy,Expert,4.4,35,87.1,10.0,4479.0,1.2,94.2,68.6,153.6,155.2,1,2024-10-27 00:00:00
1266,EXC003,OP005,Grading,Medium,Soil,91.9,5.0,9.1,Sunny,10.4,0.0,12.9,Dry,Expert,14.9,104,54.0,1.3,2178.0,2.0,82.5,82.5,9.9,16.9,1,2024-04-06 00:00:00
1267,EXC004,OP006,Material Loading,Low,Gravel,163.7,2.5,16.1,Rainy,37.3,25.5,4.8,Muddy,Intermediate,0.7,195,48.5,9.2,9434.0,0.8,85.4,70.1,126.5,127.0,0,2024-08-19 00:00:00
1268,EXC005,OP004,Material Loading,Low,Clay,165.5,2.8,34.5,Rainy,35.6,25.4,7.4,Muddy,Intermediate,2.1,144,39.2,3.7,4454.0,1.5,81.4,92.9,65.8,63.6,1,2024-04-27 00:00:00
1269,EXC005,OP004,Compaction,High,Soil,108.4,3.7,30.7,Sunny,12.7,0.0,2.2,Frozen,Beginner,12.2,246,56.4,13.3,10876.0,1.2,56.2,68.2,101.7,97.2,1,2024-08-19 00:00:00
1270,EXC005,OP007,Demolition,Low,Gravel,203.8,5.0,42.3,Sunny,18.5,0.0,12.1,Frozen,Intermediate,8.9,48,111.2,9.3,5061.0,1.5,59.1,80.1,186.6,185.2,1,2024-06-24 00:00:00
1271,EXC003,OP005,Demolition,High,Soil,43.6,0.7,82.3,Sunny,38.5,0.0,11.5,Dry,Beginner,13.0,139,104.5,1.8,10798.0,1.0,84.6,85.3,99.4,112.9,1,2024-12-24 00:00:00
1272,EXC004,OP005,Demolition,Low,Soil,35.0,2.3,45.2,Cloudy,23.3,0.0,3.5,Muddy,Expert,1.0,269,118.9,4.8,10069.0,1.2,86.4,71.0,67.4,66.9,1,2024-01-09 00:00:00
1273,EXC001,OP002,Trenching,High,Clay,103.4,4.9,23.5,Windy,10.2,0.0,14.5,Frozen,Intermediate,12.8,218,75.2,10.9,7570.0,0.8,56.5,77.7,233.4,235.0,1,2024-04-04 00:00:00
1274,EXC002,OP004,Material Loading,High,Clay,162.8,3.9,27.3,Windy,11.0,0.0,36.4,Dry,Beginner,6.8,191,49.2,4.9,2775.0,0.8,88.7,97.5,154.9,157.3,1,2024-11-27 00:00:00
1275,EXC003,OP010,Grading,Medium,Mixed,202.1,4.5,14.1,Rainy,25.8,47.9,13.1,Dry,Beginner,9.6,45,47.5,3.4,4297.0,0.8,87.0,90.7,222.6,218.4,1,2024-07-04 00:00:00
1276,EXC005,OP007,Demolition,Medium,Rock,36.9,0.7,70.7,Sunny,17.5,0.0,0.8,Wet,Beginner,2.1,126,121.9,10.1,11276.0,0.8,68.4,90.7,213.9,209.2,1,2024-12-22 00:00:00
1277,EXC003,OP009,Earth Excavation,High,Rock,192.7,5.1,87.0,Cloudy,39.1,0.0,11.2,Frozen,Beginner,8.2,23,67.5,14.1,2673.0,1.2,69.4,84.2,301.2,300.0,1,2024-03-06 00:00:00
1278,EXC004,OP002,Demolition,Low,Rock,143.6,1.4,9.7,Windy,9.1,0.0,34.7,Muddy,Expert,9.8,182,105.7,8.8,8612.0,1.5,51.8,69.5,132.2,144.0,1,2024-12-17 00:00:00
1279,EXC005,OP002,Material Loading,Medium,Soil,169.0,2.9,19.0,Cloudy,13.0,0.0,14.0,Frozen,Beginner,1.5,206,38.9,11.9,10844.0,1.5,52.8,92.9,67.6,68.1,1,2024-06-03 00:00:00
1280,EXC003,OP009,Demolition,Medium,Gravel,218.7,4.8,13.4,Sunny,38.8,0.0,13.7,Frozen,Beginner,5.6,235,115.0,12.0,2851.0,1.2,51.4,71.9,304.6,300.0,1,2024-06-29 00:00:00
1281,EXC003,OP008,Grading,Low,Sand,106.7,3.0,99.3,Sunny,16.7,0.0,7.1,Muddy,Expert,9.7,135,56.1,1.8,8654.0,1.5,57.9,79.2,35.1,40.8,1,2024-03-26 00:00:00
1282,EXC001,OP010,Demolition,High,Sand,78.0,1.0,51.1,Windy,17.6,0.0,58.6,Dry,Expert,7.4,105,104.9,3.6,11655.0,0.8,73.1,67.4,167.9,182.8,1,2024-11-06 00:00:00
1283,EXC003,OP010,Trenching,High,Rock,59.6,3.2,46.1,Rainy,25.0,19.6,9.3,Muddy,Expert,6.2,270,64.0,8.6,4860.0,0.8,66.8,89.1,218.7,212.2,1,2024-06-13 00:00:00
1284,EXC002,OP009,Demolition,Medium,Rock,197.7,5.1,74.4,Cloudy,24.0,0.0,8.3,Frozen,Beginner,6.6,174,108.3,10.1,4033.0,2.0,83.3,81.7,295.3,293.9,0,2024-05-14 00:00:00
1285,EXC004,OP009,Demolition,Low,Sand,93.0,4.4,75.9,Cloudy,40.5,0.0,1.8,Wet,Beginner,5.0,4,86.9,1.6,7437.0,1.5,59.2,84.4,137.3,137.7,1,2024-04-29 00:00:00
1286,EXC005,OP010,Trenching,Medium,Gravel,129.5,1.7,5.7,Rainy,30.1,40.8,2.2,Dry,Expert,8.7,219,79.9,14.8,3371.0,0.8,82.9,70.3,162.5,170.5,1,2024-09-01 00:00:00
1287,EXC002,OP008,Earth Excavation,High,Clay,64.3,1.9,94.6,Windy,11.0,0.0,25.6,Muddy,Intermediate,2.6,119,60.9,2.0,6360.0,0.8,52.1,69.8,196.6,205.6,0,2024-02-22 00:00:00
1288,EXC003,OP004,Trenching,Low,Gravel,247.5,2.0,5.0,Cloudy,6.4,0.0,1.5,Muddy,Beginner,14.6,95,80.0,8.8,9633.0,1.5,94.3,92.9,139.3,127.9,1,2024-07-19 00:00:00
1289,EXC003,OP001,Material Loading,High,Rock,132.1,4.3,36.6,Cloudy,12.2,0.0,4.7,Frozen,Expert,13.2,49,31.6,14.9,3314.0,1.0,53.2,89.9,96.0,92.4,1,2024-08-31 00:00:00
1290,EXC004,OP007,Grading,High,Clay,44.0,0.8,73.4,Windy,14.8,0.0,29.2,Dry,Beginner,8.3,211,51.7,5.1,5850.0,1.0,88.9,73.1,70.8,83.2,1,2024-09-06 00:00:00
1291,EXC001,OP004,Trenching,High,Mixed,32.9,1.8,62.9,Sunny,7.1,0.0,5.7,Wet,Intermediate,8.6,44,68.3,11.1,8527.0,1.2,53.4,77.4,71.7,80.6,1,2024-02-03 00:00:00
1292,EXC004,OP008,Earth Excavation,Medium,Clay,203.5,1.9,19.3,Windy,36.5,0.0,29.1,Wet,Intermediate,3.2,200,69.0,11.4,7955.0,1.0,92.5,94.0,208.1,198.5,1,2024-07-19 00:00:00
1293,EXC005,OP008,Grading,Low,Sand,63.3,5.2,56.0,Windy,21.6,0.0,35.0,Dry,Intermediate,2.6,264,40.0,2.1,8006.0,1.2,81.3,92.7,40.0,41.5,1,2024-04-10 00:00:00
1294,EXC002,OP004,Material Loading,Low,Sand,134.2,4.8,49.3,Windy,37.0,0.0,42.5,Frozen,Intermediate,14.1,183,34.6,15.0,4096.0,2.0,94.1,87.9,19.7,34.5,1,2024-03-25 00:00:00
1295,EXC003,OP002,Trenching,Low,Soil,36.0,3.9,20.0,Cloudy,36.9,0.0,5.9,Dry,Expert,12.3,155,77.1,11.0,10558.0,0.8,71.9,66.2,39.8,49.2,1,2024-03-08 00:00:00
1296,EXC002,OP002,Material Loading,Medium,Gravel,140.9,2.7,77.7,Sunny,34.5,0.0,4.4,Muddy,Expert,4.3,226,34.7,10.3,9333.0,1.0,50.5,79.1,78.3,75.8,1,2024-08-29 00:00:00
1297,EXC002,OP001,Trenching,High,Rock,186.2,5.1,54.2,Cloudy,9.0,0.0,14.7,Wet,Expert,1.3,147,89.7,14.5,3213.0,1.2,92.8,87.3,304.5,300.0,1,2024-08-21 00:00:00
1298,EXC004,OP006,Material Loading,Medium,Clay,216.6,2.9,98.1,Windy,22.1,0.0,27.5,Wet,Beginner,6.1,98,35.7,13.2,3360.0,2.0,60.0,96.7,97.8,91.3,1,2024-02-03 00:00:00
1299,EXC003,OP003,Material Loading,Low,Gravel,36.1,0.7,34.4,Sunny,36.2,0.0,14.7,Muddy,Expert,2.2,193,44.0,6.2,8865.0,2.0,60.5,75.9,10.6,11.1,1,2024-11-29 00:00:00
1300,EXC003,OP008,Compaction,Medium,Gravel,87.2,3.4,78.8,Rainy,36.4,19.1,11.9,Frozen,Beginner,3.7,245,52.7,1.7,3110.0,0.8,90.6,83.0,140.1,154.5,1,2024-02-06 00:00:00
1301,EXC001,OP007,Compaction,Medium,Gravel,214.6,5.6,23.6,Cloudy,23.6,0.0,0.7,Dry,Expert,4.0,207,54.1,9.4,5184.0,2.0,87.8,67.0,60.2,56.3,0,2024-10-29 00:00:00
1302,EXC002,OP005,Material Loading,Low,Clay,211.8,2.2,99.0,Rainy,15.0,34.2,12.0,Frozen,Expert,3.6,155,46.4,1.6,6705.0,1.0,80.5,92.0,99.3,103.0,1,2024-01-03 00:00:00
1303,EXC001,OP007,Grading,High,Soil,228.3,0.7,77.0,Rainy,29.2,42.4,11.7,Frozen,Intermediate,7.5,229,43.5,1.5,10931.0,1.2,66.0,97.5,138.3,158.0,1,2024-02-12 00:00:00
1304,EXC004,OP004,Demolition,High,Gravel,140.4,3.6,56.4,Sunny,5.4,0.0,0.7,Wet,Intermediate,9.4,132,94.7,12.0,5593.0,2.0,58.6,78.4,141.9,147.8,1,2024-05-31 00:00:00
1305,EXC004,OP007,Earth Excavation,High,Rock,43.4,4.5,90.6,Sunny,30.5,0.0,14.6,Muddy,Beginner,10.8,200,59.7,4.7,3216.0,0.8,80.4,82.3,169.5,182.5,1,2024-03-20 00:00:00
1306,EXC001,OP010,Compaction,High,Clay,97.1,4.9,97.1,Rainy,39.5,5.6,4.3,Frozen,Beginner,11.5,285,41.1,12.2,6150.0,1.0,50.7,81.6,174.0,175.3,1,2024-09-17 00:00:00
1307,EXC005,OP008,Earth Excavation,Medium,Rock,151.7,5.4,44.2,Cloudy,27.0,0.0,14.3,Wet,Expert,2.3,126,79.3,4.3,11017.0,1.0,62.2,97.9,157.1,159.1,1,2024-03-16 00:00:00
1308,EXC002,OP008,Earth Excavation,High,Mixed,104.9,3.3,15.8,Sunny,35.4,0.0,13.8,Frozen,Beginner,5.0,20,62.3,13.9,9650.0,1.0,82.8,97.0,201.4,197.0,1,2024-07-20 00:00:00
1309,EXC001,OP006,Grading,High,Rock,157.9,1.2,24.0,Cloudy,11.7,0.0,14.3,Muddy,Intermediate,11.7,194,56.7,8.2,7982.0,2.0,61.8,67.9,84.6,78.2,1,2024-11-26 00:00:00
1310,EXC003,OP003,Compaction,High,Mixed,175.5,1.2,14.9,Sunny,29.5,0.0,1.5,Wet,Beginner,2.4,150,38.2,6.9,5537.0,0.8,91.1,74.1,229.2,213.7,1,2024-08-18 00:00:00
1311,EXC002,OP002,Material Loading,Low,Sand,89.0,2.3,59.4,Sunny,10.9,0.0,3.6,Wet,Expert,7.0,95,37.7,13.2,9313.0,1.5,63.6,97.6,15.4,20.7,1,2024-04-30 00:00:00
1312,EXC003,OP007,Demolition,Low,Mixed,222.3,5.3,48.6,Cloudy,14.6,0.0,14.3,Dry,Beginner,4.5,104,100.6,4.2,2627.0,1.5,74.0,68.5,241.5,247.4,1,2024-11-26 00:00:00
1313,EXC004,OP005,Material Loading,Medium,Sand,75.6,5.6,52.7,Windy,38.6,0.0,29.7,Dry,Intermediate,5.4,131,33.0,11.6,7686.0,2.0,89.5,82.0,35.6,27.6,1,2024-03-19 00:00:00
1314,EXC003,OP002,Trenching,Medium,Mixed,170.2,1.6,93.9,Windy,12.5,0.0,35.8,Dry,Expert,12.0,204,77.8,11.6,3973.0,1.5,87.8,96.7,92.1,102.3,1,2024-06-20 00:00:00
1315,EXC005,OP004,Compaction,High,Clay,126.7,0.9,58.4,Sunny,24.3,0.0,2.1,Muddy,Beginner,4.1,87,58.4,0.9,7209.0,0.8,82.1,85.8,185.1,190.4,1,2024-08-09 00:00:00
1316,EXC003,OP005,Demolition,High,Soil,233.5,3.1,56.3,Rainy,7.0,40.4,8.9,Wet,Beginner,7.4,156,107.2,4.9,5436.0,2.0,83.1,67.7,304.7,300.0,1,2024-11-25 00:00:00
1317,EXC001,OP004,Compaction,Medium,Mixed,104.4,2.5,23.6,Cloudy,17.8,0.0,12.2,Wet,Intermediate,4.1,199,40.2,12.4,10363.0,1.5,51.4,83.5,57.8,52.9,1,2024-09-17 00:00:00
1318,EXC002,OP004,Earth Excavation,Low,Clay,84.4,5.6,33.1,Sunny,9.8,0.0,3.0,Muddy,Beginner,4.8,167,65.7,8.1,983.0,1.2,88.5,94.0,131.0,118.8,1,2024-04-11 00:00:00
1319,EXC003,OP008,Compaction,Low,Gravel,94.8,2.9,27.0,Sunny,37.4,0.0,5.8,Frozen,Expert,3.1,78,44.8,9.3,2624.0,2.0,80.3,96.7,30.0,21.9,1,2024-04-27 00:00:00
1320,EXC004,OP008,Compaction,Low,Rock,235.6,2.7,74.0,Rainy,12.2,26.5,4.7,Frozen,Expert,0.7,205,34.4,6.8,2235.0,1.0,93.1,91.7,185.6,178.2,1,2024-03-15 00:00:00
1321,EXC001,OP006,Earth Excavation,High,Sand,57.6,3.0,6.8,Sunny,19.9,0.0,1.7,Dry,Beginner,2.1,58,62.4,10.8,11994.0,0.8,60.3,74.8,142.3,137.3,1,2024-03-08 00:00:00
1322,EXC004,OP004,Earth Excavation,High,Soil,55.1,5.4,69.4,Rainy,39.5,47.0,7.7,Wet,Beginner,12.9,82,72.4,11.2,4454.0,1.2,79.6,96.4,123.5,134.5,1,2024-05-22 00:00:00
1323,EXC004,OP003,Demolition,High,Soil,183.4,1.9,30.2,Rainy,9.7,31.0,1.8,Dry,Beginner,5.5,268,111.6,13.4,5546.0,1.5,72.2,70.9,291.0,300.0,1,2024-07-04 00:00:00
1324,EXC003,OP003,Material Loading,Medium,Mixed,54.9,4.9,27.4,Cloudy,20.8,0.0,9.8,Dry,Intermediate,7.4,254,27.9,11.8,8320.0,1.5,55.9,90.5,27.8,21.9,1,2024-10-25 00:00:00
1325,EXC004,OP006,Earth Excavation,High,Gravel,127.4,1.6,71.3,Rainy,11.0,48.9,2.9,Wet,Beginner,1.3,7,63.8,12.7,2587.0,1.2,74.7,97.0,279.7,270.7,1,2024-04-18 00:00:00
1326,EXC003,OP009,Grading,Medium,Rock,180.2,3.2,33.8,Sunny,16.6,0.0,7.6,Frozen,Expert,3.3,276,50.9,2.4,4594.0,1.5,55.9,72.6,74.6,81.1,1,2024-01-06 00:00:00
1327,EXC002,OP007,Trenching,Medium,Rock,134.5,2.7,40.2,Cloudy,41.2,0.0,12.9,Muddy,Intermediate,7.8,158,78.1,12.6,1959.0,1.0,70.3,75.7,233.2,237.3,1,2024-07-19 00:00:00
1328,EXC001,OP001,Compaction,High,Soil,210.0,4.4,13.4,Cloudy,10.4,0.0,6.8,Frozen,Intermediate,4.8,225,45.5,13.1,2475.0,0.8,68.8,73.6,216.9,208.6,1,2024-11-29 00:00:00
1329,EXC003,OP008,Compaction,Low,Clay,38.7,0.5,62.4,Sunny,11.1,0.0,8.4,Wet,Intermediate,8.8,211,36.7,11.0,4721.0,0.8,66.5,68.2,67.8,45.9,1,2024-04-18 00:00:00
1330,EXC005,OP007,Trenching,Medium,Soil,98.7,2.9,12.2,Windy,34.2,0.0,32.4,Dry,Expert,1.8,2,77.4,7.4,8617.0,2.0,71.3,97.0,42.1,49.5,1,2024-05-14 00:00:00
1331,EXC001,OP004,Earth Excavation,Medium,Sand,206.8,5.6,35.4,Rainy,28.8,31.4,13.3,Wet,Intermediate,7.0,15,73.4,3.3,2596.0,0.8,54.5,74.9,263.0,275.7,1,2024-02-21 00:00:00
1332,EXC001,OP005,Trenching,Medium,Sand,135.1,2.3,45.2,Cloudy,26.5,0.0,5.2,Frozen,Expert,7.2,91,73.2,7.7,489.0,1.0,57.4,82.9,127.2,126.7,1,2024-04-24 00:00:00
1333,EXC002,OP006,Earth Excavation,Medium,Rock,138.5,1.9,39.4,Rainy,39.1,31.6,13.0,Muddy,Expert,11.0,284,73.6,14.5,6115.0,1.0,89.9,92.8,145.0,166.5,1,2024-04-27 00:00:00
1334,EXC002,OP009,Compaction,Medium,Sand,222.8,4.0,48.2,Windy,36.6,0.0,48.9,Wet,Intermediate,7.3,91,44.6,8.9,8293.0,1.5,81.0,75.3,100.3,102.0,1,2024-11-29 00:00:00
1335,EXC003,OP007,Trenching,Low,Sand,55.1,5.7,54.2,Rainy,14.9,24.0,8.7,Muddy,Beginner,9.8,164,77.5,5.5,4771.0,2.0,78.2,95.4,67.4,64.2,1,2024-07-17 00:00:00
1336,EXC003,OP002,Earth Excavation,High,Clay,49.1,2.5,27.7,Rainy,40.7,34.1,7.1,Muddy,Expert,13.0,208,74.3,8.3,10954.0,2.0,60.7,65.9,46.4,50.3,1,2024-04-15 00:00:00
1337,EXC002,OP008,Demolition,Medium,Clay,248.9,4.1,86.2,Rainy,33.1,25.1,0.1,Frozen,Beginner,10.2,74,110.3,2.0,11545.0,2.0,66.5,83.2,300.5,298.1,1,2024-07-08 00:00:00
1338,EXC005,OP008,Material Loading,Medium,Gravel,84.1,0.6,75.2,Windy,30.4,0.0,23.8,Frozen,Intermediate,2.4,112,31.5,1.1,5957.0,1.0,58.7,91.2,55.9,61.9,1,2024-09-27 00:00:00
1339,EXC003,OP010,Compaction,High,Rock,37.2,4.0,90.3,Rainy,30.6,20.2,9.3,Dry,Intermediate,12.3,108,42.5,11.6,5996.0,1.0,67.9,95.0,82.2,69.8,1,2024-06-09 00:00:00
1340,EXC004,OP002,Compaction,Medium,Sand,38.6,2.0,26.8,Windy,30.8,0.0,44.2,Frozen,Expert,4.8,182,45.6,12.0,3877.0,1.5,65.4,78.2,20.6,25.3,1,2024-08-02 00:00:00
1341,EXC005,OP008,Material Loading,High,Mixed,94.3,2.6,44.5,Windy,16.3,0.0,45.6,Dry,Intermediate,5.5,188,42.2,12.4,5672.0,2.0,92.7,79.7,31.8,41.3,1,2024-05-01 00:00:00
1342,EXC002,OP006,Compaction,Medium,Mixed,94.1,4.2,27.1,Sunny,8.3,0.0,14.7,Wet,Expert,5.1,142,56.9,3.7,4433.0,1.0,57.1,66.2,67.7,63.5,1,2024-09-25 00:00:00
1343,EXC001,OP007,Compaction,High,Gravel,52.9,0.7,22.8,Windy,35.7,0.0,38.7,Dry,Intermediate,2.5,156,41.8,2.4,10720.0,2.0,57.7,94.6,30.0,23.1,1,2024-01-02 00:00:00
1344,EXC001,OP009,Demolition,Medium,Sand,249.1,0.6,7.2,Rainy,34.0,10.5,10.3,Muddy,Intermediate,7.8,165,105.3,5.1,2930.0,1.5,85.0,70.6,205.7,204.6,1,2024-12-28 00:00:00
1345,EXC001,OP009,Earth Excavation,Medium,Sand,223.6,5.0,26.9,Cloudy,9.6,0.0,2.7,Frozen,Expert,4.3,55,55.3,1.7,10683.0,1.5,60.2,94.3,99.7,98.0,1,2024-11-03 00:00:00
1346,EXC005,OP007,Grading,Low,Rock,54.8,2.9,86.4,Cloudy,31.1,0.0,2.3,Muddy,Intermediate,11.5,155,42.1,10.2,3323.0,1.5,65.5,75.4,49.3,52.2,1,2024-11-17 00:00:00
1347,EXC004,OP004,Demolition,High,Rock,89.7,2.3,67.0,Windy,17.6,0.0,31.7,Dry,Intermediate,1.7,101,111.9,11.7,1515.0,0.8,76.6,82.5,294.8,300.0,1,2024-04-10 00:00:00
1348,EXC002,OP003,Compaction,High,Soil,92.2,4.7,46.5,Cloudy,16.1,0.0,6.5,Frozen,Beginner,9.9,279,44.4,14.8,3741.0,2.0,81.8,76.1,77.9,59.7,1,2024-12-10 00:00:00
1349,EXC002,OP006,Trenching,Medium,Sand,43.6,1.5,78.3,Cloudy,18.1,0.0,10.2,Frozen,Expert,15.0,292,87.8,7.2,6489.0,1.0,83.6,71.5,58.9,51.2,1,2024-02-29 00:00:00
1350,EXC003,OP010,Compaction,Low,Soil,243.4,0.7,46.6,Cloudy,11.3,0.0,5.6,Frozen,Expert,5.7,217,52.9,9.2,5362.0,2.0,93.5,74.2,27.8,44.8,1,2024-09-15 00:00:00
1351,EXC002,OP005,Compaction,High,Sand,42.2,3.2,82.2,Windy,5.0,0.0,37.3,Muddy,Expert,10.1,236,38.9,3.3,4930.0,0.8,53.0,69.5,69.5,66.4,1,2024-10-28 00:00:00
1352,EXC005,OP003,Compaction,Low,Clay,47.8,4.0,92.5,Cloudy,37.5,0.0,9.2,Frozen,Intermediate,3.0,198,45.3,10.4,8060.0,1.5,76.5,73.8,46.4,45.6,1,2024-04-12 00:00:00
1353,EXC005,OP004,Material Loading,Low,Sand,89.6,1.2,39.0,Rainy,20.0,20.2,10.9,Dry,Beginner,7.5,130,11.8,10.5,591.0,1.0,54.0,80.2,58.9,53.2,1,2024-08-26 00:00:00
1354,EXC004,OP001,Demolition,Medium,Clay,249.5,5.5,35.4,Windy,5.1,0.0,48.4,Dry,Intermediate,4.9,237,115.5,0.8,5588.0,0.8,69.1,76.9,301.1,300.0,1,2024-01-09 00:00:00
1355,EXC003,OP001,Trenching,Low,Rock,80.4,3.2,27.4,Cloudy,29.4,0.0,5.5,Frozen,Beginner,11.9,242,85.0,9.2,3197.0,2.0,91.9,69.0,72.8,76.6,0,2024-03-26 00:00:00
1356,EXC002,OP008,Trenching,High,Soil,108.0,2.7,30.4,Cloudy,20.6,0.0,12.0,Wet,Intermediate,12.5,108,88.7,6.6,4883.0,2.0,58.8,97.2,55.8,61.9,1,2024-04-29 00:00:00
1357,EXC005,OP006,Material Loading,Low,Rock,81.7,5.8,72.3,Sunny,39.0,0.0,12.9,Wet,Beginner,9.6,206,25.8,8.6,6207.0,1.0,81.6,84.8,71.1,75.2,1,2024-01-29 00:00:00
1358,EXC004,OP004,Grading,Medium,Gravel,102.5,2.4,6.6,Sunny,9.2,0.0,3.9,Frozen,Intermediate,11.6,159,48.0,12.1,3127.0,1.5,89.1,77.4,42.1,54.7,1,2024-01-26 00:00:00
1359,EXC005,OP006,Material Loading,High,Sand,199.2,0.6,77.2,Windy,35.9,0.0,30.6,Dry,Intermediate,7.7,16,28.1,1.3,2261.0,0.8,82.9,91.4,127.3,112.3,1,2024-09-03 00:00:00
1360,EXC001,OP001,Demolition,Low,Clay,64.1,1.6,70.0,Rainy,41.5,22.3,8.6,Frozen,Intermediate,4.9,246,112.7,12.8,1559.0,1.2,76.2,84.3,153.8,144.9,1,2024-09-21 00:00:00
1361,EXC003,OP010,Earth Excavation,Low,Rock,153.1,4.2,59.3,Sunny,31.9,0.0,2.3,Wet,Expert,3.6,227,71.2,3.9,5115.0,1.2,87.4,78.2,126.3,118.1,1,2024-02-10 00:00:00
1362,EXC002,OP008,Compaction,Medium,Soil,200.7,3.8,87.6,Windy,35.4,0.0,40.9,Wet,Beginner,5.5,94,50.5,5.8,7458.0,1.5,79.5,78.0,123.1,129.0,1,2024-10-30 00:00:00
1363,EXC004,OP004,Trenching,High,Soil,179.0,5.1,65.9,Rainy,22.8,30.9,0.4,Dry,Beginner,4.3,267,78.2,2.8,5078.0,1.0,58.5,67.3,298.2,300.0,1,2024-12-01 00:00:00
1364,EXC002,OP010,Grading,Low,Sand,174.6,4.6,13.3,Sunny,39.0,0.0,7.9,Dry,Expert,5.8,220,34.0,6.3,3658.0,2.0,57.3,66.1,44.7,35.6,1,2024-08-05 00:00:00
1365,EXC005,OP008,Grading,Medium,Gravel,101.4,5.6,80.6,Rainy,36.5,33.3,6.2,Dry,Expert,14.0,267,59.1,13.6,9976.0,0.8,91.2,89.6,115.2,101.1,1,2024-02-24 00:00:00
1366,EXC003,OP001,Grading,Medium,Mixed,186.1,2.5,28.6,Cloudy,28.3,0.0,14.3,Wet,Intermediate,5.0,276,56.3,5.9,5693.0,0.8,81.0,78.1,140.7,149.6,1,2024-08-01 00:00:00
1367,EXC001,OP004,Trenching,Low,Rock,54.4,0.6,8.1,Windy,34.5,0.0,43.7,Frozen,Intermediate,12.0,279,75.3,11.4,4696.0,1.0,89.5,76.5,82.6,85.0,1,2024-11-14 00:00:00
1368,EXC001,OP008,Compaction,High,Sand,243.0,3.3,75.7,Rainy,16.8,16.5,5.4,Frozen,Expert,5.5,238,42.5,1.4,3853.0,1.0,79.1,94.8,147.4,140.3,1,2024-08-10 00:00:00
1369,EXC001,OP009,Grading,Low,Gravel,165.8,3.7,93.6,Cloudy,17.5,0.0,2.4,Dry,Expert,2.4,70,50.5,12.4,10312.0,1.5,70.6,84.3,69.6,70.4,1,2024-01-17 00:00:00
1370,EXC001,OP006,Trenching,Low,Sand,85.8,5.0,69.4,Rainy,32.4,15.7,10.8,Muddy,Intermediate,10.9,271,92.4,5.3,3391.0,1.0,69.4,89.4,126.9,119.1,1,2024-02-26 00:00:00
1371,EXC004,OP009,Material Loading,Medium,Gravel,41.6,1.3,12.5,Rainy,24.2,40.1,0.8,Muddy,Expert,11.8,114,52.1,6.8,11309.0,1.0,94.3,83.4,18.4,31.7,1,2024-09-01 00:00:00
1372,EXC004,OP004,Trenching,Medium,Rock,68.2,5.1,46.0,Rainy,8.1,7.4,1.0,Frozen,Expert,10.3,23,67.0,4.2,1337.0,1.5,66.5,93.6,85.5,95.9,1,2024-11-18 00:00:00
1373,EXC005,OP008,Material Loading,Low,Gravel,66.8,4.6,43.4,Cloudy,5.3,0.0,9.7,Muddy,Beginner,10.8,257,36.1,13.6,2024.0,1.5,81.9,83.6,28.0,33.8,1,2024-04-03 00:00:00
1374,EXC004,OP010,Trenching,Medium,Clay,151.2,5.8,24.7,Rainy,28.2,38.7,4.8,Frozen,Expert,5.0,282,73.3,13.5,1373.0,1.2,57.1,78.6,209.1,204.0,1,2024-06-11 00:00:00
1375,EXC004,OP010,Grading,High,Mixed,184.3,4.7,59.6,Cloudy,5.5,0.0,9.8,Wet,Expert,9.4,29,42.4,9.4,3519.0,0.8,58.5,72.1,194.1,196.5,1,2024-10-30 00:00:00
1376,EXC004,OP006,Material Loading,Low,Sand,150.4,2.2,59.3,Rainy,11.4,24.1,2.9,Wet,Intermediate,4.8,142,38.2,10.5,2886.0,0.8,68.8,67.4,106.5,104.5,1,2024-12-28 00:00:00
1377,EXC005,OP005,Material Loading,High,Gravel,190.9,5.8,76.8,Cloudy,17.2,0.0,7.6,Muddy,Intermediate,3.6,68,43.0,9.5,4951.0,1.0,50.9,95.5,164.7,166.4,1,2024-04-22 00:00:00
1378,EXC005,OP003,Compaction,Medium,Clay,95.5,4.0,24.9,Cloudy,30.8,0.0,6.5,Dry,Intermediate,3.4,239,50.6,4.0,6423.0,1.0,67.0,82.0,74.3,69.9,1,2024-04-01 00:00:00
1379,EXC002,OP009,Trenching,Medium,Clay,46.9,3.0,77.0,Rainy,21.8,32.8,8.9,Muddy,Expert,7.2,160,84.2,1.6,7672.0,1.5,50.3,71.8,77.0,78.5,1,2024-09-16 00:00:00
1380,EXC004,OP004,Demolition,High,Clay,181.2,2.1,84.2,Windy,26.2,0.0,46.5,Wet,Beginner,14.6,147,107.2,15.0,6157.0,2.0,57.0,85.4,234.4,242.4,1,2024-07-13 00:00:00
1381,EXC002,OP002,Grading,High,Rock,154.5,3.3,10.5,Cloudy,31.4,0.0,11.0,Wet,Intermediate,7.5,243,43.7,13.6,11810.0,0.8,91.8,81.1,226.0,210.9,1,2024-01-26 00:00:00
1382,EXC005,OP004,Material Loading,High,Sand,199.4,1.6,17.6,Cloudy,31.1,0.0,4.8,Muddy,Expert,14.0,142,42.0,13.1,5525.0,1.5,76.1,93.0,43.8,41.5,1,2024-01-16 00:00:00
1383,EXC001,OP008,Material Loading,High,Sand,126.9,3.7,88.7,Windy,31.5,0.0,21.6,Wet,Beginner,13.0,250,22.2,10.1,10763.0,1.5,55.8,96.7,50.4,56.3,1,2024-07-21 00:00:00
1384,EXC002,OP010,Earth Excavation,Low,Mixed,219.3,2.9,59.8,Cloudy,41.4,0.0,7.2,Wet,Expert,1.5,58,71.6,10.5,8585.0,0.8,58.7,83.0,207.5,203.0,1,2024-04-19 00:00:00
1385,EXC003,OP008,Material Loading,High,Soil,223.7,3.1,41.6,Cloudy,10.1,0.0,2.9,Frozen,Expert,3.9,240,13.5,7.3,4591.0,1.5,63.4,79.0,67.6,68.6,1,2024-06-23 00:00:00
1386,EXC005,OP006,Grading,High,Rock,188.9,1.7,46.2,Cloudy,24.6,0.0,1.6,Frozen,Intermediate,9.0,49,59.8,8.8,2073.0,1.0,94.9,68.1,231.9,225.5,1,2024-09-12 00:00:00
1387,EXC004,OP005,Grading,High,Gravel,203.7,5.3,42.2,Cloudy,36.1,0.0,9.5,Muddy,Beginner,8.1,37,49.6,9.4,1471.0,0.8,82.7,97.0,307.4,300.0,1,2024-04-25 00:00:00
1388,EXC002,OP007,Earth Excavation,Low,Soil,126.4,4.5,16.9,Cloudy,21.4,0.0,1.7,Muddy,Intermediate,5.5,9,66.9,13.7,8296.0,0.8,51.0,69.4,205.0,186.8,1,2024-02-25 00:00:00
1389,EXC003,OP008,Grading,High,Rock,124.2,3.7,40.6,Sunny,12.8,0.0,10.0,Wet,Intermediate,10.3,15,62.6,6.9,5942.0,1.5,70.5,91.4,102.9,95.7,1,2024-05-30 00:00:00
1390,EXC005,OP001,Trenching,High,Mixed,165.9,3.0,17.8,Rainy,19.7,29.9,14.0,Muddy,Beginner,12.5,197,98.0,7.9,5486.0,2.0,51.5,76.6,180.0,168.4,1,2024-01-09 00:00:00
1391,EXC004,OP003,Grading,High,Soil,48.3,4.0,33.6,Sunny,12.8,0.0,9.4,Muddy,Expert,6.8,79,46.7,1.4,9904.0,2.0,77.8,85.1,13.2,22.0,1,2024-02-04 00:00:00
1392,EXC003,OP009,Grading,Low,Soil,182.8,2.2,43.4,Rainy,13.2,14.7,10.3,Wet,Expert,5.4,285,49.0,4.6,3723.0,1.2,77.6,83.5,71.1,72.2,1,2024-05-03 00:00:00
1393,EXC004,OP005,Material Loading,High,Soil,148.3,3.5,82.0,Cloudy,19.4,0.0,4.2,Frozen,Beginner,9.3,185,23.9,11.1,11913.0,1.5,72.1,69.4,95.3,90.4,1,2024-11-26 00:00:00
1394,EXC004,OP010,Trenching,Medium,Sand,247.7,5.7,30.2,Rainy,21.3,44.7,6.1,Muddy,Expert,14.3,161,81.6,3.4,8743.0,1.0,77.0,76.4,212.4,211.7,0,2024-02-12 00:00:00
1395,EXC003,OP008,Compaction,Medium,Clay,64.6,5.0,14.0,Sunny,31.8,0.0,0.8,Dry,Beginner,1.1,163,38.4,6.9,4706.0,1.2,81.6,75.2,69.1,64.9,1,2024-08-27 00:00:00
1396,EXC005,OP003,Trenching,Medium,Clay,245.5,2.3,94.5,Sunny,12.6,0.0,1.7,Wet,Beginner,8.2,166,70.8,14.7,5921.0,1.2,86.0,80.6,278.6,300.0,1,2024-07-08 00:00:00
1397,EXC004,OP007,Compaction,Medium,Rock,175.2,3.6,69.8,Cloudy,17.9,0.0,6.3,Muddy,Expert,3.3,247,52.6,12.9,8054.0,2.0,64.3,97.8,74.3,68.5,1,2024-06-04 00:00:00
1398,EXC003,OP005,Grading,Medium,Clay,137.7,4.4,20.8,Rainy,19.8,42.0,14.1,Wet,Intermediate,5.2,223,54.8,3.0,476.0,2.0,55.7,92.6,70.8,66.4,1,2024-05-12 00:00:00
1399,EXC002,OP008,Trenching,Medium,Sand,63.6,6.0,63.3,Cloudy,38.9,0.0,2.7,Muddy,Expert,6.1,261,81.3,13.2,10078.0,1.2,62.6,85.4,85.8,88.0,1,2024-08-14 00:00:00
1400,EXC001,OP004,Trenching,Low,Sand,216.8,5.3,29.7,Rainy,31.1,46.9,11.1,Frozen,Expert,0.9,112,75.4,9.3,9386.0,1.0,77.8,65.9,249.2,259.3,1,2024-05-31 00:00:00
1401,EXC002,OP004,Earth Excavation,Low,Sand,109.7,2.2,91.4,Windy,33.8,0.0,39.9,Frozen,Expert,6.8,125,73.4,13.7,9017.0,1.0,72.4,68.2,92.8,106.6,1,2024-05-22 00:00:00
1402,EXC005,OP008,Trenching,Medium,Mixed,54.2,1.3,72.4,Cloudy,12.5,0.0,5.2,Frozen,Intermediate,14.4,91,76.7,8.9,9738.0,1.2,54.7,75.9,86.5,79.1,1,2024-04-08 00:00:00
1403,EXC001,OP008,Demolition,Low,Gravel,30.4,1.8,19.5,Sunny,17.8,0.0,12.9,Frozen,Intermediate,14.2,254,116.7,2.9,2927.0,2.0,57.8,89.5,21.9,23.3,1,2024-09-09 00:00:00
1404,EXC004,OP003,Trenching,Low,Rock,135.7,1.3,57.7,Windy,13.1,0.0,54.0,Muddy,Intermediate,12.6,238,67.5,2.4,7143.0,2.0,81.3,73.3,95.4,86.4,1,2024-07-27 00:00:00
1405,EXC001,OP001,Grading,Medium,Gravel,175.8,1.9,56.5,Rainy,22.3,15.1,0.9,Wet,Intermediate,7.9,111,33.6,0.6,4800.0,0.8,78.5,97.6,150.9,143.7,1,2024-05-19 00:00:00
1406,EXC005,OP007,Trenching,Low,Soil,163.1,5.4,72.9,Sunny,21.3,0.0,2.2,Frozen,Beginner,14.4,28,85.1,10.5,4379.0,2.0,55.8,91.4,101.3,100.6,1,2024-09-25 00:00:00
1407,EXC005,OP004,Trenching,High,Sand,148.7,0.7,69.0,Cloudy,23.5,0.0,8.0,Frozen,Expert,6.5,226,74.1,1.4,2327.0,1.2,60.5,85.7,127.6,120.5,1,2024-03-02 00:00:00
1408,EXC001,OP008,Demolition,Low,Rock,121.9,3.2,47.0,Sunny,29.2,0.0,4.6,Dry,Intermediate,13.4,259,107.4,6.6,4232.0,1.5,91.5,76.8,111.7,106.4,1,2024-07-14 00:00:00
1409,EXC002,OP001,Earth Excavation,Low,Gravel,112.8,3.3,74.7,Cloudy,28.5,0.0,9.2,Wet,Intermediate,8.6,47,72.2,3.4,7335.0,1.5,82.1,79.9,67.2,74.2,1,2024-10-09 00:00:00
1410,EXC004,OP007,Material Loading,Low,Rock,144.6,5.1,73.4,Rainy,24.0,38.2,12.7,Wet,Beginner,1.3,113,35.5,9.1,711.0,1.2,63.9,90.2,159.8,152.6,1,2024-02-16 00:00:00
1411,EXC001,OP007,Trenching,Medium,Clay,65.8,1.5,21.4,Rainy,32.9,15.1,2.5,Frozen,Intermediate,6.8,247,61.6,4.1,4558.0,1.5,65.0,70.8,77.4,79.4,1,2024-08-09 00:00:00
1412,EXC002,OP008,Grading,High,Clay,211.4,4.6,32.0,Rainy,33.2,4.7,3.0,Wet,Intermediate,2.0,193,40.1,4.0,2869.0,1.0,90.5,75.8,256.0,243.6,1,2024-02-19 00:00:00
1413,EXC004,OP007,Grading,Low,Soil,237.3,0.6,72.0,Sunny,29.4,0.0,8.8,Muddy,Intermediate,10.5,47,47.2,7.9,11138.0,2.0,71.3,86.6,37.4,51.8,1,2024-02-22 00:00:00
1414,EXC004,OP003,Compaction,High,Sand,37.9,5.6,83.2,Sunny,28.6,0.0,1.0,Muddy,Beginner,4.8,172,46.4,4.2,3233.0,1.5,80.2,93.9,52.6,55.0,1,2024-05-25 00:00:00
1415,EXC004,OP005,Material Loading,Medium,Sand,183.6,2.4,93.3,Sunny,36.6,0.0,8.7,Frozen,Intermediate,1.4,244,36.5,0.7,7751.0,1.2,72.5,65.8,73.0,72.8,1,2024-10-14 00:00:00
1416,EXC004,OP010,Grading,Medium,Mixed,157.2,5.6,16.0,Cloudy,10.8,0.0,8.5,Wet,Expert,5.4,264,54.4,13.5,8611.0,0.8,56.6,93.7,125.1,122.0,0,2024-11-23 00:00:00
1417,EXC004,OP009,Trenching,Medium,Soil,37.9,1.1,70.6,Windy,30.9,0.0,15.8,Dry,Intermediate,3.7,47,76.6,8.7,8301.0,1.0,70.5,83.5,80.2,77.6,1,2024-05-27 00:00:00
1418,EXC004,OP005,Demolition,Medium,Gravel,165.7,3.1,18.5,Sunny,24.6,0.0,6.0,Frozen,Intermediate,9.9,267,114.1,1.8,10052.0,2.0,93.5,71.9,113.8,106.2,1,2024-07-05 00:00:00
1419,EXC002,OP002,Earth Excavation,Medium,Gravel,203.1,3.9,40.2,Cloudy,20.6,0.0,5.6,Muddy,Beginner,7.0,245,63.4,8.2,4105.0,0.8,91.8,82.3,309.0,299.8,1,2024-02-14 00:00:00
1420,EXC003,OP001,Material Loading,Low,Clay,71.8,2.7,7.7,Rainy,24.9,13.6,1.7,Muddy,Expert,1.5,102,34.8,10.9,3119.0,1.2,79.6,91.9,61.1,52.9,1,2024-10-25 00:00:00
1421,EXC005,OP001,Compaction,Medium,Clay,154.8,1.3,77.1,Cloudy,17.4,0.0,13.4,Muddy,Expert,12.5,119,40.4,4.5,3212.0,1.5,86.2,69.3,65.2,59.3,1,2024-03-05 00:00:00
1422,EXC002,OP005,Grading,Low,Gravel,149.9,2.8,96.6,Rainy,6.8,20.7,12.9,Dry,Beginner,3.5,55,42.9,14.1,5221.0,1.2,57.0,68.1,151.6,159.9,1,2024-02-13 00:00:00
1423,EXC001,OP005,Compaction,Medium,Rock,113.9,2.5,71.9,Sunny,19.6,0.0,0.2,Wet,Beginner,0.8,48,47.3,10.5,7997.0,2.0,89.0,86.9,78.8,84.1,1,2024-09-01 00:00:00
1424,EXC003,OP001,Grading,Low,Clay,206.2,3.9,70.9,Cloudy,16.9,0.0,13.2,Frozen,Intermediate,2.6,197,58.2,4.2,11914.0,1.5,93.2,81.8,98.9,101.8,1,2024-04-24 00:00:00
1425,EXC003,OP006,Demolition,High,Mixed,205.7,2.1,9.3,Windy,20.7,0.0,24.9,Dry,Expert,10.0,112,100.9,5.9,10711.0,1.0,67.0,90.1,229.2,223.7,1,2024-03-13 00:00:00
1426,EXC001,OP005,Material Loading,Medium,Mixed,90.7,3.5,97.6,Rainy,16.5,41.6,12.6,Dry,Expert,4.3,159,19.7,11.7,11860.0,1.2,92.9,85.0,57.9,62.6,1,2024-05-20 00:00:00
1427,EXC002,OP008,Grading,High,Sand,43.3,2.0,82.4,Sunny,11.8,0.0,3.3,Wet,Expert,14.6,52,61.7,13.7,9791.0,2.0,61.5,72.8,17.8,20.6,1,2024-02-23 00:00:00
1428,EXC005,OP008,Grading,High,Soil,233.6,4.0,66.9,Windy,16.0,0.0,46.2,Dry,Intermediate,10.4,37,57.7,7.2,8255.0,1.0,89.0,96.7,151.7,176.1,1,2024-03-12 00:00:00
1429,EXC001,OP001,Demolition,Medium,Sand,172.9,5.8,9.7,Rainy,5.5,33.3,8.2,Frozen,Intermediate,7.5,172,119.4,12.9,2075.0,2.0,91.9,79.7,186.3,173.6,1,2024-07-10 00:00:00
1430,EXC004,OP004,Grading,Medium,Mixed,213.3,2.3,72.9,Rainy,14.8,38.0,13.9,Muddy,Expert,1.7,147,45.1,8.4,6577.0,0.8,62.9,76.3,256.5,254.6,1,2024-08-16 00:00:00
1431,EXC001,OP008,Earth Excavation,High,Mixed,142.7,1.8,21.5,Windy,40.1,0.0,54.5,Dry,Expert,11.2,211,59.1,7.9,4736.0,2.0,50.4,82.3,64.5,59.2,1,2024-10-17 00:00:00
1432,EXC002,OP007,Trenching,Low,Soil,112.3,3.1,46.5,Rainy,23.1,37.6,2.1,Wet,Intermediate,5.6,289,83.8,0.5,533.0,1.0,77.3,93.9,130.0,127.6,1,2024-11-18 00:00:00
1433,EXC003,OP008,Demolition,High,Rock,69.7,4.4,76.0,Windy,20.3,0.0,40.8,Dry,Intermediate,7.5,74,100.5,5.3,8135.0,1.2,64.7,78.4,253.3,244.0,1,2024-10-10 00:00:00
1434,EXC004,OP004,Grading,Medium,Soil,69.5,5.5,44.6,Rainy,29.8,23.5,11.0,Wet,Intermediate,9.0,299,51.2,2.3,11112.0,1.5,79.7,80.6,47.4,49.9,1,2024-10-20 00:00:00
1435,EXC002,OP006,Trenching,High,Gravel,200.9,4.4,54.4,Windy,8.9,0.0,38.0,Muddy,Expert,8.7,44,80.0,1.4,8349.0,1.5,76.8,80.6,166.6,173.8,1,2024-10-28 00:00:00
1436,EXC003,OP004,Earth Excavation,Medium,Gravel,76.1,1.8,58.0,Sunny,30.1,0.0,14.7,Frozen,Expert,2.0,71,88.1,8.4,11851.0,1.5,55.0,97.1,63.1,58.7,1,2024-11-27 00:00:00
1437,EXC005,OP001,Earth Excavation,High,Rock,151.5,3.8,39.7,Sunny,15.0,0.0,2.6,Frozen,Beginner,4.0,246,53.1,2.4,3282.0,0.8,62.9,95.0,303.7,300.0,1,2024-07-08 00:00:00
1438,EXC004,OP008,Material Loading,High,Rock,117.9,1.0,31.5,Rainy,26.3,49.7,2.1,Wet,Intermediate,5.2,68,39.9,7.5,11347.0,1.5,54.9,91.2,92.8,85.6,1,2024-03-03 00:00:00
1439,EXC005,OP008,Earth Excavation,Low,Clay,175.3,5.0,53.5,Cloudy,18.0,0.0,1.0,Dry,Expert,12.0,200,75.3,1.6,3757.0,1.0,84.4,67.3,100.4,99.8,1,2024-04-18 00:00:00
1440,EXC005,OP005,Earth Excavation,Medium,Gravel,247.7,1.0,61.4,Windy,11.1,0.0,35.5,Dry,Expert,8.1,192,74.4,7.1,7747.0,1.2,93.8,91.6,104.6,110.4,1,2024-01-13 00:00:00
1441,EXC002,OP002,Material Loading,Low,Soil,150.6,2.1,24.6,Windy,37.4,0.0,35.8,Dry,Beginner,5.2,132,25.3,11.3,10268.0,0.8,58.2,97.8,106.2,87.3,1,2024-02-01 00:00:00
1442,EXC003,OP007,Demolition,High,Gravel,152.6,4.2,96.9,Sunny,11.4,0.0,2.1,Muddy,Intermediate,11.4,122,112.7,10.7,2394.0,2.0,63.6,87.6,189.6,176.6,1,2024-08-31 00:00:00
1443,EXC005,OP010,Demolition,Low,Clay,227.4,5.4,10.5,Cloudy,36.3,0.0,9.2,Wet,Intermediate,0.7,107,100.0,6.0,10679.0,0.8,80.4,83.7,289.2,300.0,1,2024-03-08 00:00:00
1444,EXC003,OP003,Trenching,Medium,Rock,191.1,1.8,60.4,Cloudy,37.0,0.0,7.9,Muddy,Beginner,9.7,259,81.9,10.3,8928.0,1.2,65.8,85.7,266.6,265.7,1,2024-01-10 00:00:00
1445,EXC001,OP002,Earth Excavation,Medium,Gravel,164.4,3.3,73.7,Sunny,23.1,0.0,12.7,Muddy,Beginner,1.6,92,60.5,9.4,4584.0,1.0,92.5,93.5,238.9,256.1,1,2024-10-15 00:00:00
1446,EXC005,OP002,Trenching,Low,Rock,71.5,2.9,92.3,Rainy,14.3,31.7,3.0,Dry,Intermediate,9.3,182,84.9,4.7,8242.0,1.2,84.7,94.1,116.9,110.0,1,2024-09-19 00:00:00
1447,EXC003,OP008,Material Loading,High,Sand,92.3,3.4,45.9,Windy,20.8,0.0,20.9,Dry,Beginner,13.4,1,35.6,10.4,2016.0,1.0,84.3,65.5,83.9,77.7,1,2024-04-14 00:00:00
1448,EXC005,OP010,Compaction,Medium,Gravel,160.3,3.0,58.1,Rainy,13.6,20.2,1.9,Dry,Expert,6.4,238,49.9,7.3,10322.0,1.5,73.7,95.0,44.5,53.3,1,2024-11-06 00:00:00
1449,EXC004,OP002,Trenching,Low,Sand,47.5,2.6,87.8,Sunny,6.1,0.0,10.4,Muddy,Expert,10.3,30,79.9,5.2,1530.0,1.0,93.6,87.3,48.7,58.8,1,2024-01-19 00:00:00
1450,EXC002,OP010,Compaction,Medium,Rock,201.0,4.9,44.3,Cloudy,12.7,0.0,9.5,Muddy,Intermediate,4.2,203,61.9,2.7,7466.0,1.0,73.1,90.9,151.1,168.9,1,2024-05-30 00:00:00
1451,EXC004,OP009,Grading,Low,Mixed,55.0,3.6,6.7,Cloudy,17.0,0.0,11.4,Frozen,Expert,8.7,23,49.7,1.7,5532.0,0.8,66.8,90.4,48.9,48.9,1,2024-09-23 00:00:00
1452,EXC005,OP007,Grading,Low,Soil,188.3,0.7,94.8,Windy,20.8,0.0,51.9,Dry,Intermediate,3.7,165,51.5,5.4,8779.0,1.0,67.1,81.7,101.4,107.6,1,2024-08-09 00:00:00
1453,EXC001,OP001,Earth Excavation,Medium,Rock,215.7,1.8,14.9,Rainy,7.7,7.9,9.8,Wet,Expert,6.5,270,66.3,5.6,10937.0,0.8,74.3,80.1,220.4,218.2,1,2024-12-24 00:00:00
1454,EXC001,OP009,Material Loading,High,Clay,99.0,1.8,10.6,Rainy,23.6,18.8,0.6,Muddy,Beginner,12.3,20,37.0,12.2,5982.0,1.2,87.8,80.9,83.6,96.9,1,2024-12-20 00:00:00
1455,EXC004,OP008,Grading,Low,Rock,33.3,5.5,10.9,Sunny,32.8,0.0,4.4,Wet,Expert,4.1,19,45.0,3.1,1787.0,2.0,57.0,84.4,18.8,22.1,1,2024-12-01 00:00:00
1456,EXC005,OP005,Material Loading,Low,Rock,233.9,3.8,63.7,Cloudy,39.3,0.0,7.2,Frozen,Beginner,3.6,124,42.4,14.8,10136.0,2.0,52.5,68.7,124.4,104.4,1,2024-03-03 00:00:00
1457,EXC005,OP007,Demolition,High,Mixed,81.5,1.7,93.9,Rainy,20.5,47.4,12.9,Dry,Beginner,7.0,3,115.7,0.9,11681.0,0.8,88.5,78.6,289.8,300.0,1,2024-05-15 00:00:00
1458,EXC001,OP010,Trenching,Low,Gravel,226.3,3.9,96.7,Cloudy,18.9,0.0,1.3,Wet,Intermediate,1.2,96,81.1,12.6,4725.0,2.0,88.7,80.1,139.0,149.0,1,2024-11-01 00:00:00
1459,EXC004,OP004,Grading,Medium,Rock,214.5,2.0,68.3,Rainy,20.4,5.1,9.4,Frozen,Beginner,6.1,12,54.2,9.7,6571.0,0.8,59.2,88.1,300.2,300.0,1,2024-03-12 00:00:00
1460,EXC001,OP005,Demolition,Low,Gravel,179.3,4.9,26.0,Windy,31.4,0.0,22.2,Muddy,Intermediate,1.0,273,106.0,1.6,749.0,1.2,62.6,69.2,226.1,238.0,1,2024-10-27 00:00:00
1461,EXC001,OP008,Trenching,Low,Mixed,67.9,2.6,37.0,Cloudy,23.3,0.0,10.5,Frozen,Intermediate,7.4,266,85.0,1.6,852.0,1.5,81.3,86.7,56.6,52.4,1,2024-02-21 00:00:00
1462,EXC002,OP004,Grading,Medium,Rock,116.4,3.8,21.2,Sunny,8.9,0.0,5.6,Dry,Beginner,12.2,181,50.5,11.9,8273.0,0.8,69.1,79.6,126.0,142.9,0,2024-06-30 00:00:00
1463,EXC002,OP009,Compaction,Medium,Rock,177.9,5.0,71.5,Cloudy,38.2,0.0,3.5,Muddy,Intermediate,10.1,239,49.4,13.4,3840.0,2.0,92.3,86.2,93.1,87.3,0,2024-05-22 00:00:00
1464,EXC003,OP006,Trenching,Medium,Clay,140.6,3.4,62.9,Windy,24.1,0.0,44.4,Wet,Expert,2.1,37,82.0,0.8,9956.0,1.5,71.6,74.8,121.6,140.8,1,2024-07-24 00:00:00
1465,EXC004,OP010,Grading,High,Clay,60.7,5.4,89.0,Windy,37.7,0.0,59.5,Dry,Intermediate,9.1,33,43.6,7.9,9609.0,1.0,85.2,91.8,109.3,113.3,1,2024-09-04 00:00:00
1466,EXC003,OP008,Trenching,Low,Sand,160.0,1.0,46.2,Sunny,37.9,0.0,5.4,Frozen,Beginner,6.0,19,95.8,5.7,4480.0,1.5,68.2,90.5,127.8,106.6,1,2024-03-06 00:00:00
1467,EXC001,OP009,Material Loading,Medium,Clay,165.6,2.6,33.0,Windy,40.4,0.0,31.3,Muddy,Expert,10.8,69,38.8,12.3,7959.0,1.0,63.0,65.8,82.2,85.3,1,2024-12-27 00:00:00
1468,EXC001,OP009,Earth Excavation,High,Soil,45.0,1.5,44.4,Rainy,23.4,11.8,12.1,Frozen,Expert,14.4,211,58.5,4.7,11187.0,0.8,86.8,94.2,74.7,72.0,1,2024-10-02 00:00:00
1469,EXC001,OP004,Grading,High,Soil,35.1,5.4,19.0,Rainy,35.7,34.4,1.0,Frozen,Intermediate,8.4,43,49.1,14.4,11089.0,1.0,57.8,70.1,80.9,91.1,1,2024-06-11 00:00:00
1470,EXC001,OP007,Trenching,Medium,Sand,157.9,5.5,73.1,Cloudy,9.5,0.0,6.1,Dry,Intermediate,0.5,171,79.2,4.0,11662.0,1.5,70.5,93.6,121.9,119.3,1,2024-02-12 00:00:00
1471,EXC003,OP004,Compaction,High,Clay,223.8,1.6,42.4,Sunny,17.5,0.0,7.5,Frozen,Expert,13.4,165,39.6,13.2,2273.0,1.2,74.0,79.9,94.1,97.6,1,2024-04-26 00:00:00
1472,EXC002,OP006,Trenching,Low,Rock,183.8,2.2,64.7,Rainy,28.8,20.6,0.5,Frozen,Expert,5.8,147,81.7,7.9,11412.0,2.0,82.7,68.6,131.2,129.9,1,2024-12-07 00:00:00
1473,EXC002,OP002,Demolition,High,Soil,185.9,3.3,12.3,Cloudy,11.2,0.0,3.6,Muddy,Expert,13.5,169,99.8,10.1,11800.0,0.8,53.8,80.8,283.4,289.4,1,2024-06-10 00:00:00
1474,EXC004,OP003,Compaction,Low,Gravel,37.5,3.8,63.6,Cloudy,12.7,0.0,6.7,Dry,Expert,0.6,20,26.0,4.6,7508.0,1.5,62.8,66.6,28.5,28.5,1,2024-06-30 00:00:00
1475,EXC001,OP009,Compaction,Medium,Soil,248.9,4.0,34.3,Windy,34.4,0.0,17.5,Wet,Intermediate,14.1,187,50.5,5.4,8284.0,1.2,54.3,88.8,89.0,83.3,1,2024-01-09 00:00:00
1476,EXC004,OP008,Earth Excavation,High,Sand,249.4,0.5,85.0,Windy,25.7,0.0,57.9,Frozen,Beginner,5.4,126,73.1,5.7,10116.0,0.8,82.0,84.8,311.8,300.0,1,2024-03-07 00:00:00
1477,EXC001,OP002,Demolition,High,Soil,49.7,5.3,6.0,Cloudy,8.1,0.0,12.2,Frozen,Intermediate,2.4,232,101.5,12.0,4335.0,1.2,52.3,76.3,157.5,153.4,1,2024-08-17 00:00:00
1478,EXC001,OP007,Demolition,Low,Soil,223.7,4.1,48.8,Cloudy,33.5,0.0,4.5,Dry,Beginner,14.9,166,105.7,12.8,10668.0,1.5,88.5,95.8,144.2,159.4,1,2024-05-15 00:00:00
1479,EXC002,OP008,Grading,Medium,Soil,109.1,2.4,69.1,Rainy,26.5,35.8,11.8,Frozen,Beginner,10.2,139,61.5,4.0,6125.0,1.5,53.3,94.5,88.1,83.9,1,2024-09-11 00:00:00
1480,EXC002,OP007,Demolition,High,Sand,162.7,1.3,6.3,Cloudy,40.8,0.0,9.5,Dry,Intermediate,0.7,139,118.4,7.6,2059.0,0.8,86.2,65.9,291.6,300.0,1,2024-10-25 00:00:00
1481,EXC001,OP005,Earth Excavation,High,Sand,83.4,5.8,46.2,Windy,35.9,0.0,52.1,Muddy,Beginner,5.0,177,70.5,3.1,4525.0,1.5,72.4,89.3,143.2,133.2,0,2024-02-17 00:00:00
1482,EXC005,OP008,Earth Excavation,Low,Clay,90.2,4.2,71.8,Windy,22.8,0.0,24.4,Frozen,Beginner,4.9,230,64.4,3.2,4479.0,1.0,57.6,86.2,140.4,144.1,1,2024-07-26 00:00:00
1483,EXC001,OP006,Material Loading,High,Gravel,115.1,5.7,71.9,Rainy,7.7,29.8,1.4,Muddy,Expert,8.1,136,35.0,1.8,7601.0,1.2,74.9,86.4,100.6,84.3,1,2024-08-09 00:00:00
1484,EXC005,OP004,Material Loading,Medium,Gravel,102.2,2.8,88.5,Rainy,21.2,12.6,7.8,Frozen,Beginner,3.2,112,25.4,8.9,11900.0,1.5,93.6,85.3,95.2,80.7,1,2024-11-24 00:00:00
1485,EXC001,OP009,Earth Excavation,Low,Rock,235.4,6.0,86.0,Sunny,35.7,0.0,7.8,Muddy,Intermediate,7.1,238,63.2,9.8,468.0,1.5,79.6,70.6,184.0,192.1,1,2024-12-03 00:00:00
1486,EXC002,OP006,Compaction,Medium,Clay,207.1,5.5,6.6,Sunny,32.3,0.0,13.2,Wet,Intermediate,14.3,95,44.8,4.4,2241.0,1.2,72.5,94.7,71.6,82.5,1,2024-08-17 00:00:00
1487,EXC004,OP006,Material Loading,Medium,Sand,165.7,1.4,20.6,Cloudy,14.6,0.0,8.1,Dry,Beginner,12.7,287,35.8,8.2,9435.0,0.8,83.3,86.2,73.3,72.6,1,2024-10-31 00:00:00
1488,EXC005,OP004,Trenching,Low,Soil,201.6,1.3,57.3,Rainy,20.0,31.7,10.0,Frozen,Beginner,12.2,250,92.6,4.0,11583.0,2.0,59.7,69.1,107.4,103.6,1,2024-01-17 00:00:00
1489,EXC003,OP002,Demolition,High,Gravel,203.0,5.2,88.0,Sunny,31.6,0.0,7.0,Muddy,Expert,13.8,178,91.1,6.7,1331.0,1.0,54.8,86.6,311.9,300.0,1,2024-04-05 00:00:00
1490,EXC002,OP009,Earth Excavation,Low,Gravel,165.8,2.9,21.4,Sunny,28.6,0.0,6.3,Frozen,Beginner,4.9,171,77.5,10.1,4667.0,1.5,57.6,81.0,114.0,106.6,0,2024-06-17 00:00:00
1491,EXC003,OP003,Grading,Low,Mixed,199.1,5.4,35.4,Windy,25.2,0.0,42.5,Dry,Intermediate,12.7,182,56.6,6.6,11431.0,1.5,89.3,67.8,84.2,78.1,1,2024-02-27 00:00:00
1492,EXC001,OP004,Earth Excavation,Low,Clay,85.3,5.0,79.9,Cloudy,41.7,0.0,10.2,Wet,Beginner,9.7,281,64.9,9.2,1494.0,1.5,73.1,93.1,82.4,75.0,1,2024-04-22 00:00:00
1493,EXC002,OP009,Trenching,Medium,Rock,121.9,3.8,93.9,Cloudy,14.8,0.0,1.4,Wet,Expert,14.4,260,89.8,8.6,11597.0,2.0,76.8,80.6,59.5,71.6,1,2024-05-20 00:00:00
1494,EXC005,OP010,Demolition,Low,Mixed,74.0,3.9,94.9,Sunny,37.4,0.0,13.0,Dry,Expert,5.8,42,93.6,7.8,3527.0,1.2,74.9,75.0,103.7,113.7,1,2024-04-19 00:00:00
1495,EXC004,OP005,Trenching,High,Mixed,179.9,2.9,32.1,Windy,10.8,0.0,39.3,Frozen,Beginner,5.3,0,79.8,10.2,3516.0,1.0,84.5,70.3,307.9,300.0,1,2024-12-27 00:00:00
1496,EXC005,OP004,Grading,High,Soil,85.0,1.7,5.3,Windy,33.6,0.0,46.9,Dry,Beginner,5.5,231,61.2,0.6,9470.0,2.0,54.5,80.2,51.4,44.9,1,2024-09-02 00:00:00
1497,EXC004,OP010,Compaction,Medium,Sand,106.3,1.9,35.0,Cloudy,22.7,0.0,5.7,Muddy,Intermediate,9.0,184,42.9,9.7,11954.0,1.2,83.1,68.2,75.8,63.3,1,2024-04-15 00:00:00
1498,EXC004,OP006,Demolition,Low,Sand,108.1,4.9,7.1,Sunny,25.0,0.0,1.1,Muddy,Intermediate,4.2,130,103.9,11.0,9106.0,1.2,90.0,88.6,143.2,147.4,1,2024-11-12 00:00:00
1499,EXC005,OP001,Trenching,High,Gravel,172.7,4.4,56.9,Rainy,11.9,12.4,7.4,Frozen,Intermediate,3.5,43,75.8,6.6,1936.0,2.0,87.9,82.9,188.7,191.2,0,2024-12-13 00:00:00
1500,EXC003,OP003,Earth Excavation,Low,Gravel,143.6,1.8,84.7,Cloudy,23.9,0.0,5.3,Dry,Intermediate,8.7,27,81.3,10.3,6794.0,1.5,92.0,76.7,86.6,82.0,1,2024-10-16 00:00:00
1501,EXC004,OP003,Material Loading,Medium,Mixed,119.6,2.0,69.4,Cloudy,29.8,0.0,14.1,Dry,Beginner,1.7,158,37.4,7.3,4904.0,1.2,55.4,81.2,73.2,70.1,1,2024-11-27 00:00:00
1502,EXC001,OP010,Demolition,Medium,Soil,62.3,2.7,48.1,Sunny,29.1,0.0,9.2,Wet,Beginner,9.6,170,103.7,14.1,4835.0,2.0,72.0,96.8,72.2,79.2,1,2024-01-25 00:00:00
1503,EXC001,OP009,Compaction,High,Gravel,86.4,1.2,86.0,Cloudy,41.3,0.0,1.0,Frozen,Intermediate,2.3,189,44.5,9.0,1218.0,1.5,82.4,78.7,78.9,75.9,1,2024-03-28 00:00:00
1504,EXC004,OP001,Trenching,High,Gravel,214.2,2.0,46.4,Windy,5.7,0.0,45.4,Dry,Beginner,5.6,152,90.1,13.0,1245.0,1.2,85.2,91.9,288.3,291.1,1,2024-05-20 00:00:00
1505,EXC003,OP007,Demolition,Medium,Rock,244.4,4.4,47.1,Rainy,19.9,29.2,6.5,Muddy,Intermediate,3.7,107,119.6,8.1,8138.0,2.0,62.7,72.2,301.3,300.0,1,2024-03-29 00:00:00
1506,EXC002,OP009,Demolition,Low,Gravel,195.8,3.3,27.2,Cloudy,35.0,0.0,1.9,Dry,Expert,6.6,57,116.9,12.4,9657.0,2.0,78.3,65.3,100.8,106.2,1,2024-01-23 00:00:00
1507,EXC005,OP003,Grading,Low,Mixed,119.4,4.0,57.5,Cloudy,37.0,0.0,2.3,Wet,Expert,1.9,276,52.1,9.7,10167.0,1.0,68.0,89.3,79.9,80.9,1,2024-07-14 00:00:00
1508,EXC004,OP005,Trenching,Low,Clay,210.2,5.2,49.1,Windy,31.8,0.0,25.9,Frozen,Expert,0.8,216,85.5,10.8,7356.0,1.0,70.8,94.7,220.7,220.6,1,2024-12-25 00:00:00
1509,EXC004,OP009,Earth Excavation,High,Mixed,230.7,4.3,57.1,Rainy,30.2,25.6,0.9,Frozen,Beginner,10.1,46,51.9,0.6,2800.0,2.0,65.3,95.0,181.7,183.0,1,2024-12-19 00:00:00
1510,EXC001,OP009,Demolition,High,Sand,96.5,3.0,78.0,Sunny,29.1,0.0,11.6,Muddy,Beginner,9.6,268,113.7,11.1,2037.0,1.2,64.6,83.5,213.9,222.9,1,2024-08-30 00:00:00
1511,EXC001,OP006,Compaction,Medium,Sand,191.7,2.6,59.6,Sunny,13.0,0.0,8.3,Frozen,Beginner,6.6,165,36.0,1.2,8775.0,1.0,91.7,91.7,118.2,118.6,1,2024-07-20 00:00:00
1512,EXC004,OP007,Grading,Low,Soil,51.9,4.3,55.0,Cloudy,26.8,0.0,13.3,Frozen,Beginner,4.1,120,46.2,0.7,2661.0,1.5,91.2,72.0,50.7,49.9,1,2024-01-04 00:00:00
1513,EXC001,OP007,Earth Excavation,Medium,Rock,208.4,5.5,54.8,Sunny,18.8,0.0,10.5,Muddy,Beginner,0.8,57,65.5,13.5,3222.0,1.0,64.0,67.1,319.1,300.0,1,2024-03-12 00:00:00
1514,EXC004,OP004,Material Loading,High,Gravel,207.7,1.0,14.3,Sunny,14.2,0.0,9.8,Muddy,Expert,1.6,129,36.8,0.6,5772.0,0.8,65.6,70.2,122.6,114.3,1,2024-12-27 00:00:00
1515,EXC004,OP004,Demolition,Medium,Clay,113.7,5.7,74.9,Windy,25.3,0.0,40.0,Wet,Intermediate,14.6,126,112.4,2.7,4296.0,1.5,94.3,67.8,166.0,174.1,1,2024-08-11 00:00:00
1516,EXC005,OP003,Compaction,Medium,Rock,157.8,3.8,28.4,Rainy,6.8,26.8,7.7,Frozen,Beginner,10.0,90,55.8,3.6,2320.0,0.8,94.0,68.8,276.3,263.7,1,2024-11-12 00:00:00
1517,EXC004,OP009,Material Loading,High,Rock,47.1,6.0,6.5,Rainy,23.3,18.4,11.6,Frozen,Intermediate,11.2,71,34.7,9.6,1082.0,0.8,54.2,97.3,75.9,83.9,1,2024-12-10 00:00:00
1518,EXC002,OP007,Compaction,Low,Gravel,87.2,5.6,66.1,Rainy,12.5,15.3,8.0,Frozen,Intermediate,13.3,84,51.3,12.1,3764.0,1.5,81.0,65.1,66.4,59.4,0,2024-01-01 00:00:00
1519,EXC003,OP006,Demolition,Low,Clay,228.0,1.0,87.6,Sunny,29.7,0.0,2.5,Dry,Intermediate,4.7,217,109.1,3.3,9514.0,1.2,63.7,66.8,221.0,214.7,1,2024-01-28 00:00:00
1520,EXC002,OP001,Compaction,Low,Soil,213.8,3.1,43.6,Sunny,9.6,0.0,10.4,Wet,Beginner,9.5,88,53.5,10.9,7944.0,1.2,89.4,94.0,79.5,93.7,1,2024-12-20 00:00:00
1521,EXC003,OP005,Material Loading,High,Rock,139.3,0.5,23.3,Sunny,10.7,0.0,0.9,Muddy,Intermediate,14.2,296,37.9,14.5,10723.0,1.5,87.4,95.8,64.7,54.6,1,2024-04-24 00:00:00
1522,EXC005,OP001,Grading,Low,Clay,147.1,2.5,63.6,Sunny,20.5,0.0,7.1,Wet,Intermediate,10.3,163,51.9,7.1,11409.0,1.5,71.8,96.7,63.8,55.9,1,2024-07-13 00:00:00
1523,EXC003,OP001,Material Loading,Low,Rock,194.0,1.2,60.3,Sunny,10.1,0.0,1.0,Dry,Beginner,8.2,275,32.3,13.2,4401.0,2.0,50.5,80.4,51.9,51.1,1,2024-12-02 00:00:00
1524,EXC005,OP010,Grading,High,Clay,104.0,2.7,32.8,Sunny,35.7,0.0,7.4,Frozen,Intermediate,2.5,216,52.2,3.4,3700.0,1.5,68.1,84.6,77.7,80.5,1,2024-05-15 00:00:00
1525,EXC005,OP005,Material Loading,High,Clay,225.8,5.1,23.0,Rainy,39.6,35.7,11.7,Frozen,Beginner,7.2,143,54.0,3.4,9629.0,1.2,93.5,70.1,202.1,197.1,1,2024-04-17 00:00:00
1526,EXC003,OP010,Compaction,Medium,Gravel,150.0,4.9,67.1,Cloudy,23.4,0.0,0.3,Wet,Expert,2.9,256,40.3,5.4,7296.0,1.5,85.7,96.7,52.5,55.0,1,2024-06-14 00:00:00
1527,EXC005,OP004,Demolition,Medium,Clay,239.7,1.1,97.3,Sunny,41.5,0.0,8.4,Frozen,Intermediate,5.3,116,112.2,0.6,383.0,0.8,85.2,96.1,299.9,300.0,1,2024-09-08 00:00:00
1528,EXC003,OP002,Demolition,High,Rock,36.9,5.7,94.3,Sunny,8.4,0.0,8.3,Dry,Intermediate,12.1,260,127.4,7.2,5850.0,1.5,93.7,72.6,98.1,109.7,1,2024-09-18 00:00:00
1529,EXC002,OP006,Demolition,Low,Soil,147.7,1.8,54.5,Windy,25.8,0.0,27.0,Dry,Beginner,7.8,163,112.1,6.4,8430.0,1.2,89.5,66.6,172.8,193.5,1,2024-01-23 00:00:00
1530,EXC003,OP003,Earth Excavation,Low,Clay,126.4,5.8,23.9,Sunny,24.0,0.0,3.8,Muddy,Expert,12.2,181,50.6,3.2,11547.0,1.5,82.2,83.4,63.1,58.2,1,2024-10-17 00:00:00
1531,EXC004,OP008,Earth Excavation,Low,Rock,140.7,4.1,5.6,Cloudy,39.2,0.0,2.5,Frozen,Expert,5.1,153,69.1,14.2,8848.0,0.8,88.8,67.0,186.4,187.4,1,2024-12-21 00:00:00
1532,EXC001,OP007,Material Loading,High,Sand,117.3,4.7,50.0,Rainy,41.2,42.8,11.9,Wet,Beginner,11.7,288,39.4,8.9,10834.0,0.8,76.5,77.3,141.3,137.7,1,2024-12-24 00:00:00
1533,EXC002,OP006,Compaction,Medium,Clay,173.9,2.2,51.1,Sunny,24.9,0.0,4.1,Frozen,Intermediate,0.8,83,54.0,3.6,9677.0,0.8,50.6,79.0,164.1,167.4,1,2024-11-03 00:00:00
1534,EXC005,OP001,Demolition,High,Gravel,122.5,5.4,20.3,Windy,16.5,0.0,43.9,Muddy,Expert,13.6,278,113.2,1.4,10472.0,0.8,59.9,93.4,233.7,241.9,1,2024-12-03 00:00:00
1535,EXC004,OP002,Compaction,Medium,Mixed,173.5,1.2,94.5,Sunny,13.4,0.0,1.3,Muddy,Beginner,3.9,176,46.7,1.2,2160.0,1.2,63.0,91.4,142.8,126.4,1,2024-05-22 00:00:00
1536,EXC005,OP007,Demolition,Low,Sand,102.5,0.8,26.7,Cloudy,33.0,0.0,5.9,Dry,Beginner,8.4,127,108.1,2.5,1293.0,1.5,60.8,80.6,74.9,82.2,1,2024-03-23 00:00:00
1537,EXC005,OP010,Trenching,Medium,Sand,159.9,3.8,64.5,Windy,22.4,0.0,22.0,Dry,Intermediate,6.7,217,76.1,14.6,3411.0,2.0,92.5,83.7,87.2,87.5,1,2024-03-01 00:00:00
1538,EXC004,OP004,Trenching,Medium,Mixed,79.2,1.9,63.8,Windy,22.9,0.0,58.2,Wet,Beginner,4.3,69,86.6,13.2,5634.0,1.5,56.1,72.9,157.5,154.0,1,2024-06-29 00:00:00
1539,EXC004,OP007,Demolition,Medium,Mixed,54.6,1.5,94.0,Windy,25.2,0.0,21.0,Muddy,Beginner,11.9,5,108.9,9.0,4534.0,1.5,85.2,88.7,131.0,132.4,1,2024-10-03 00:00:00
1540,EXC002,OP005,Trenching,High,Rock,113.0,3.1,73.3,Windy,37.7,0.0,59.5,Frozen,Expert,7.5,96,82.6,7.2,4098.0,1.2,85.1,86.6,230.4,225.1,1,2024-04-02 00:00:00
1541,EXC005,OP010,Trenching,Low,Rock,191.8,4.3,56.1,Sunny,19.3,0.0,13.3,Wet,Beginner,13.3,238,80.0,9.2,7964.0,2.0,82.5,72.4,125.4,122.9,1,2024-10-19 00:00:00
1542,EXC004,OP007,Grading,High,Sand,74.4,5.9,98.2,Rainy,40.9,30.7,12.5,Frozen,Beginner,1.6,230,62.8,4.2,1286.0,2.0,72.8,96.8,80.0,86.2,1,2024-06-16 00:00:00
1543,EXC005,OP005,Earth Excavation,Medium,Soil,131.7,2.8,58.1,Rainy,38.5,21.1,12.7,Muddy,Expert,9.4,63,61.3,0.7,5819.0,1.5,56.8,72.7,92.7,89.1,1,2024-05-05 00:00:00
1544,EXC004,OP003,Demolition,Medium,Mixed,231.1,5.0,16.8,Cloudy,17.6,0.0,4.9,Frozen,Beginner,11.1,109,109.1,8.1,3349.0,1.0,60.4,80.1,281.7,300.0,1,2024-12-30 00:00:00
1545,EXC004,OP002,Compaction,Medium,Sand,222.6,5.8,38.3,Cloudy,17.8,0.0,1.4,Dry,Beginner,9.5,45,55.8,0.9,6055.0,1.0,80.3,95.7,110.9,117.2,1,2024-09-04 00:00:00
1546,EXC001,OP008,Grading,Low,Gravel,35.6,2.9,75.6,Sunny,39.0,0.0,6.5,Muddy,Beginner,4.3,220,51.5,2.4,11239.0,1.0,60.4,95.1,44.8,56.5,1,2024-05-07 00:00:00
1547,EXC002,OP010,Compaction,Medium,Mixed,115.6,4.2,79.7,Sunny,41.5,0.0,8.6,Muddy,Intermediate,5.8,135,61.4,6.8,4951.0,2.0,51.4,73.2,66.6,60.3,1,2024-12-01 00:00:00
1548,EXC001,OP006,Earth Excavation,High,Mixed,203.4,2.3,59.4,Rainy,32.1,28.1,4.6,Frozen,Expert,9.9,280,63.6,12.7,10065.0,1.5,55.9,79.7,156.3,157.1,1,2024-05-26 00:00:00
1549,EXC003,OP006,Earth Excavation,Low,Mixed,158.2,5.4,26.2,Sunny,33.1,0.0,0.6,Frozen,Beginner,5.6,282,59.3,10.0,9950.0,1.5,78.5,80.3,111.9,115.3,1,2024-09-05 00:00:00
1550,EXC003,OP008,Trenching,High,Soil,236.0,3.0,82.7,Sunny,9.8,0.0,2.3,Frozen,Beginner,4.5,227,82.7,3.3,11726.0,1.2,86.4,76.5,316.8,300.0,1,2024-05-07 00:00:00
1551,EXC003,OP004,Earth Excavation,High,Gravel,232.6,2.2,13.3,Cloudy,17.4,0.0,10.1,Muddy,Expert,7.7,209,62.6,1.6,1028.0,1.5,83.1,68.6,124.4,118.4,1,2024-04-14 00:00:00
1552,EXC002,OP005,Grading,Medium,Rock,114.0,2.6,51.5,Rainy,21.8,5.1,4.4,Wet,Intermediate,2.4,200,56.9,9.2,5189.0,1.2,80.2,67.9,144.9,141.4,1,2024-02-17 00:00:00
1553,EXC001,OP003,Demolition,Medium,Soil,247.5,2.8,24.1,Cloudy,23.4,0.0,7.4,Frozen,Expert,7.3,42,110.2,0.8,1715.0,0.8,65.8,84.2,296.3,295.0,0,2024-07-31 00:00:00
1554,EXC004,OP008,Grading,Medium,Clay,53.1,1.6,25.0,Cloudy,38.7,0.0,1.2,Frozen,Expert,11.4,80,52.3,4.7,7073.0,2.0,58.0,91.6,28.4,15.0,1,2024-07-12 00:00:00
1555,EXC005,OP008,Earth Excavation,Medium,Gravel,218.7,5.5,64.5,Windy,40.8,0.0,30.5,Frozen,Beginner,10.6,169,59.2,0.6,3441.0,1.5,89.4,96.4,161.9,154.0,1,2024-06-04 00:00:00
1556,EXC002,OP001,Material Loading,High,Rock,210.4,5.8,57.7,Cloudy,34.3,0.0,8.4,Frozen,Intermediate,9.6,50,18.9,7.4,11523.0,1.2,86.8,89.8,138.4,149.9,1,2024-12-30 00:00:00
1557,EXC004,OP008,Earth Excavation,High,Sand,106.3,5.3,6.1,Sunny,39.6,0.0,7.3,Dry,Expert,2.4,233,71.8,9.2,8366.0,2.0,81.6,83.3,52.8,51.9,1,2024-04-21 00:00:00
1558,EXC002,OP003,Demolition,Low,Soil,195.7,4.1,74.1,Windy,18.1,0.0,54.0,Dry,Intermediate,7.0,197,123.0,2.4,9256.0,0.8,73.8,84.6,291.6,300.0,1,2024-06-04 00:00:00
1559,EXC003,OP009,Compaction,Low,Gravel,135.7,1.7,70.0,Sunny,17.3,0.0,6.3,Wet,Beginner,8.6,196,32.6,6.0,8474.0,1.5,84.1,82.3,68.2,61.4,1,2024-10-15 00:00:00
1560,EXC002,OP003,Trenching,High,Gravel,36.4,5.3,73.9,Cloudy,33.7,0.0,5.7,Muddy,Expert,5.0,35,90.9,0.7,9491.0,2.0,57.3,72.5,58.1,51.6,1,2024-09-29 00:00:00
1561,EXC005,OP001,Demolition,High,Mixed,64.7,1.9,44.3,Rainy,18.4,25.7,6.2,Muddy,Beginner,11.0,252,94.8,1.3,11938.0,1.0,65.1,78.1,244.3,242.6,1,2024-01-09 00:00:00
1562,EXC002,OP008,Grading,High,Sand,152.6,3.1,75.4,Windy,18.8,0.0,31.5,Wet,Intermediate,10.0,99,51.8,9.8,11660.0,2.0,75.3,75.6,61.2,71.8,1,2024-05-22 00:00:00
1563,EXC005,OP002,Compaction,Low,Gravel,163.6,2.1,91.0,Cloudy,24.5,0.0,11.7,Frozen,Beginner,12.8,67,41.6,13.2,10473.0,0.8,63.6,88.4,150.8,142.4,1,2024-10-16 00:00:00
1564,EXC001,OP010,Grading,High,Gravel,75.7,0.9,42.1,Rainy,18.7,38.4,10.1,Frozen,Beginner,13.1,228,60.0,7.8,3607.0,1.5,72.7,72.1,85.3,76.6,1,2024-08-23 00:00:00
1565,EXC005,OP007,Compaction,High,Mixed,166.9,3.2,76.0,Sunny,19.3,0.0,3.2,Muddy,Intermediate,7.6,141,31.2,5.5,1985.0,1.2,59.1,80.5,120.7,132.3,1,2024-10-25 00:00:00
1566,EXC004,OP009,Grading,Medium,Sand,195.4,5.5,49.9,Rainy,40.3,20.0,1.1,Frozen,Intermediate,3.1,147,53.9,8.6,372.0,2.0,57.1,77.3,96.8,99.5,1,2024-10-05 00:00:00
1567,EXC003,OP008,Demolition,Low,Sand,112.2,0.7,55.2,Windy,37.0,0.0,51.1,Wet,Expert,13.5,48,106.1,14.6,8614.0,1.5,51.6,70.0,76.0,89.2,0,2024-03-21 00:00:00
1568,EXC005,OP005,Compaction,Medium,Mixed,135.5,5.3,75.0,Windy,6.3,0.0,43.7,Dry,Beginner,12.4,98,33.4,4.4,7910.0,0.8,72.2,71.8,158.3,165.5,1,2024-03-21 00:00:00
1569,EXC005,OP008,Compaction,Low,Mixed,225.6,5.5,30.7,Sunny,22.6,0.0,14.7,Muddy,Beginner,10.2,126,32.4,1.5,4819.0,0.8,63.8,82.2,182.1,174.4,1,2024-10-05 00:00:00
1570,EXC001,OP006,Compaction,High,Soil,107.4,4.3,57.9,Sunny,19.3,0.0,8.0,Wet,Intermediate,10.7,62,52.7,10.3,9176.0,1.0,88.3,89.4,97.6,94.2,1,2024-12-27 00:00:00
1571,EXC005,OP006,Earth Excavation,Low,Clay,123.9,4.8,9.7,Sunny,11.7,0.0,0.9,Muddy,Expert,12.3,199,63.6,2.0,11093.0,2.0,90.9,78.5,48.3,40.4,1,2024-07-23 00:00:00
1572,EXC002,OP008,Demolition,Low,Soil,139.5,1.8,98.7,Windy,12.0,0.0,38.4,Wet,Intermediate,2.2,206,107.9,1.3,5957.0,1.5,86.2,82.5,147.4,153.1,0,2024-07-28 00:00:00
1573,EXC003,OP005,Material Loading,Low,Mixed,146.8,2.7,81.1,Sunny,9.3,0.0,6.5,Dry,Beginner,6.7,3,27.1,3.8,1332.0,2.0,50.8,78.2,48.9,41.6,1,2024-03-28 00:00:00
1574,EXC004,OP009,Material Loading,Medium,Rock,41.9,5.0,30.3,Cloudy,11.8,0.0,13.1,Frozen,Intermediate,8.2,271,34.7,9.4,294.0,0.8,61.7,73.6,74.4,64.4,1,2024-12-25 00:00:00
1575,EXC005,OP005,Earth Excavation,Medium,Sand,232.4,4.5,70.5,Rainy,7.0,27.2,9.0,Muddy,Expert,10.6,146,68.3,9.0,5032.0,2.0,93.5,75.9,118.1,105.7,1,2024-11-01 00:00:00
1576,EXC004,OP009,Compaction,High,Soil,106.8,0.6,15.0,Sunny,10.3,0.0,1.6,Frozen,Beginner,2.0,117,45.1,14.4,7970.0,1.5,86.9,83.6,92.0,82.4,1,2024-11-24 00:00:00
1577,EXC005,OP003,Trenching,Medium,Soil,86.7,1.9,47.9,Windy,14.5,0.0,11.5,Wet,Intermediate,2.0,261,92.5,12.8,10614.0,1.0,74.9,95.9,136.5,128.8,1,2024-07-11 00:00:00
1578,EXC004,OP004,Material Loading,Low,Mixed,107.3,1.7,99.2,Sunny,25.7,0.0,5.4,Dry,Expert,9.8,269,40.5,7.1,2664.0,0.8,67.8,74.4,56.5,47.7,1,2024-09-15 00:00:00
1579,EXC004,OP006,Trenching,Medium,Rock,128.2,2.1,51.4,Cloudy,32.8,0.0,5.9,Wet,Intermediate,14.2,180,72.6,3.7,5504.0,1.2,74.4,96.2,101.7,116.2,1,2024-05-05 00:00:00
1580,EXC002,OP001,Compaction,High,Soil,158.9,2.2,91.2,Sunny,32.3,0.0,3.9,Frozen,Beginner,4.9,231,44.0,10.8,11028.0,1.5,72.1,94.0,117.6,108.2,1,2024-02-20 00:00:00
1581,EXC004,OP009,Trenching,Low,Clay,79.5,1.9,37.4,Sunny,39.7,0.0,9.7,Frozen,Beginner,10.6,269,76.8,2.4,2473.0,1.2,78.5,91.7,78.3,78.3,1,2024-06-18 00:00:00
1582,EXC005,OP001,Material Loading,Low,Soil,120.3,5.9,29.5,Sunny,37.3,0.0,10.8,Muddy,Beginner,13.9,38,30.7,11.2,6039.0,1.5,68.6,92.4,49.0,41.4,1,2024-08-26 00:00:00
1583,EXC004,OP003,Compaction,Medium,Rock,83.2,0.9,19.1,Rainy,28.2,38.4,13.6,Frozen,Intermediate,1.7,90,44.8,12.3,7250.0,0.8,82.7,97.6,146.0,145.2,1,2024-04-29 00:00:00
1584,EXC005,OP002,Earth Excavation,Low,Sand,221.3,5.2,33.4,Rainy,9.6,22.2,2.7,Dry,Beginner,5.9,192,73.3,8.7,7803.0,1.5,59.8,72.5,139.8,144.1,1,2024-08-28 00:00:00
1585,EXC002,OP008,Demolition,High,Clay,78.8,4.4,76.6,Sunny,32.4,0.0,6.4,Dry,Expert,9.3,149,106.3,9.2,8700.0,1.5,72.8,87.6,118.5,115.0,1,2024-02-08 00:00:00
1586,EXC003,OP010,Demolition,High,Soil,221.1,1.2,51.1,Cloudy,8.9,0.0,12.0,Wet,Intermediate,4.6,7,110.2,9.1,2208.0,0.8,65.8,68.8,295.7,300.0,1,2024-08-17 00:00:00
1587,EXC002,OP004,Demolition,Low,Rock,171.5,4.6,21.7,Windy,39.6,0.0,32.7,Muddy,Expert,13.1,170,105.4,11.2,3574.0,2.0,93.5,66.2,158.3,145.1,1,2024-05-23 00:00:00
1588,EXC005,OP004,Demolition,High,Gravel,80.0,1.0,46.4,Windy,28.2,0.0,20.0,Frozen,Intermediate,7.0,114,122.8,10.4,7746.0,0.8,78.3,85.0,271.0,265.4,1,2024-11-09 00:00:00
1589,EXC002,OP004,Demolition,Medium,Gravel,154.1,1.7,60.3,Cloudy,35.2,0.0,5.9,Frozen,Beginner,14.3,33,120.6,11.6,9691.0,1.2,92.4,66.1,267.0,264.4,1,2024-03-04 00:00:00
1590,EXC005,OP006,Demolition,High,Gravel,244.6,2.7,91.7,Windy,33.8,0.0,28.4,Muddy,Expert,5.5,9,101.7,10.4,11298.0,1.0,80.3,93.3,311.1,300.0,1,2024-03-20 00:00:00
1591,EXC004,OP005,Earth Excavation,Low,Mixed,214.1,3.3,60.7,Rainy,11.7,40.4,6.0,Wet,Intermediate,8.9,82,67.0,12.8,5857.0,0.8,61.9,83.7,294.8,283.8,1,2024-02-13 00:00:00
1592,EXC003,OP003,Grading,High,Gravel,228.1,3.3,84.1,Sunny,25.6,0.0,5.6,Muddy,Beginner,11.2,200,44.7,3.1,11642.0,1.0,75.8,68.4,230.0,232.0,1,2024-12-03 00:00:00
1593,EXC002,OP009,Grading,Low,Clay,152.8,4.1,96.0,Sunny,7.2,0.0,3.0,Wet,Intermediate,3.9,122,51.7,6.7,1628.0,2.0,86.7,70.4,66.6,67.7,1,2024-03-17 00:00:00
1594,EXC001,OP004,Material Loading,Low,Gravel,212.6,3.7,41.3,Sunny,29.6,0.0,14.7,Dry,Beginner,1.5,53,31.3,5.3,2040.0,1.2,93.1,83.0,92.3,87.8,1,2024-11-11 00:00:00
1595,EXC003,OP002,Grading,Low,Mixed,30.1,2.8,18.4,Windy,26.1,0.0,25.6,Muddy,Beginner,3.2,124,35.5,14.8,4126.0,1.2,63.2,92.6,47.7,48.3,1,2024-06-09 00:00:00
1596,EXC004,OP009,Grading,Low,Sand,95.9,0.8,77.7,Rainy,11.6,17.6,8.9,Dry,Beginner,1.5,22,57.7,3.4,5971.0,2.0,69.0,83.4,52.7,48.9,1,2024-05-03 00:00:00
1597,EXC001,OP004,Trenching,Medium,Soil,39.3,0.8,32.0,Sunny,21.2,0.0,10.4,Wet,Expert,10.5,17,90.7,14.6,4349.0,0.8,88.8,89.1,77.5,63.8,1,2024-01-21 00:00:00
1598,EXC002,OP005,Trenching,High,Mixed,57.7,3.9,87.2,Windy,5.9,0.0,37.0,Muddy,Intermediate,4.1,84,86.7,7.4,9829.0,1.5,81.1,89.9,124.2,126.6,1,2024-11-10 00:00:00
1599,EXC002,OP006,Demolition,Low,Sand,49.5,0.6,88.6,Windy,6.7,0.0,28.6,Muddy,Beginner,3.6,266,101.0,5.5,3629.0,1.0,84.6,94.2,126.6,130.5,1,2024-09-16 00:00:00
1600,EXC002,OP007,Grading,High,Soil,131.7,5.9,25.5,Rainy,9.4,10.5,5.3,Muddy,Intermediate,8.3,239,53.6,14.7,10465.0,1.0,82.2,88.8,173.6,167.0,1,2024-12-12 00:00:00
1601,EXC001,OP002,Grading,Low,Clay,71.3,2.0,59.9,Rainy,15.8,2.0,5.8,Muddy,Beginner,3.9,23,36.6,7.9,5623.0,0.8,61.0,74.3,173.5,161.2,0,2024-06-01 00:00:00
1602,EXC003,OP004,Grading,High,Clay,39.8,2.8,97.0,Cloudy,15.2,0.0,7.9,Muddy,Intermediate,8.3,25,56.9,4.3,9395.0,1.5,50.2,72.5,61.7,58.7,1,2024-01-02 00:00:00
1603,EXC005,OP007,Demolition,Medium,Sand,180.1,1.6,99.7,Cloudy,14.5,0.0,10.3,Muddy,Expert,10.4,208,104.5,12.8,4907.0,0.8,78.2,79.4,280.6,282.7,1,2024-01-31 00:00:00
1604,EXC003,OP005,Compaction,Low,Rock,224.7,4.3,13.9,Cloudy,17.5,0.0,11.3,Wet,Expert,13.7,199,39.4,9.7,7235.0,1.5,67.1,80.8,70.5,58.7,1,2024-07-05 00:00:00
1605,EXC004,OP003,Demolition,High,Soil,203.4,5.1,84.8,Sunny,34.4,0.0,6.9,Wet,Expert,9.5,201,113.1,12.9,5159.0,1.0,57.2,83.6,300.3,300.0,1,2024-05-08 00:00:00
1606,EXC005,OP010,Compaction,Low,Mixed,185.3,3.6,35.3,Rainy,29.1,43.4,3.9,Dry,Intermediate,7.5,228,30.6,0.8,11363.0,0.8,86.1,81.7,129.9,128.7,1,2024-10-30 00:00:00
1607,EXC004,OP006,Grading,Low,Clay,218.8,2.7,56.9,Sunny,5.9,0.0,7.4,Wet,Beginner,6.4,22,56.4,8.3,4628.0,1.0,52.0,96.3,161.9,159.3,1,2024-12-29 00:00:00
1608,EXC005,OP003,Grading,High,Clay,127.7,1.6,83.7,Sunny,8.2,0.0,9.6,Wet,Expert,10.7,281,45.4,4.9,2169.0,2.0,70.2,89.9,43.1,49.8,1,2024-08-13 00:00:00
1609,EXC004,OP004,Compaction,Low,Sand,105.0,4.2,94.6,Sunny,8.3,0.0,7.6,Dry,Beginner,5.9,86,46.5,6.3,1003.0,0.8,61.4,88.7,100.6,98.7,1,2024-10-30 00:00:00
1610,EXC003,OP005,Earth Excavation,Low,Soil,243.5,4.7,63.0,Cloudy,29.7,0.0,9.0,Dry,Intermediate,9.9,92,62.2,3.7,11725.0,2.0,84.0,72.7,76.9,76.5,1,2024-06-25 00:00:00
1611,EXC004,OP002,Trenching,Medium,Soil,121.6,3.1,79.1,Sunny,24.3,0.0,4.9,Wet,Beginner,7.2,166,70.9,12.0,5875.0,0.8,57.8,65.3,264.2,273.7,1,2024-07-01 00:00:00
1612,EXC003,OP006,Compaction,Medium,Sand,99.2,5.8,48.4,Cloudy,35.9,0.0,9.2,Frozen,Intermediate,3.1,64,41.1,14.4,4028.0,1.0,78.9,73.4,118.8,108.2,1,2024-02-21 00:00:00
1613,EXC005,OP002,Compaction,Low,Sand,153.2,4.3,77.6,Rainy,40.7,43.2,4.9,Dry,Intermediate,11.0,137,32.6,1.6,1807.0,1.2,70.7,81.7,60.9,72.0,1,2024-03-10 00:00:00
1614,EXC004,OP006,Earth Excavation,High,Clay,77.0,2.8,32.8,Cloudy,25.2,0.0,14.9,Frozen,Intermediate,10.7,135,56.5,6.4,8259.0,0.8,89.3,72.6,164.2,159.9,1,2024-09-24 00:00:00
1615,EXC003,OP003,Trenching,High,Sand,192.4,4.1,98.4,Sunny,21.8,0.0,3.4,Frozen,Beginner,11.7,223,80.1,11.4,6368.0,0.8,64.0,72.1,305.1,300.0,1,2024-05-06 00:00:00
1616,EXC001,OP008,Trenching,High,Sand,152.4,5.8,94.7,Cloudy,15.8,0.0,8.0,Muddy,Expert,2.7,57,63.1,7.3,3994.0,1.0,91.8,85.9,271.0,271.1,1,2024-07-22 00:00:00
1617,EXC002,OP004,Compaction,Low,Soil,206.7,2.0,49.6,Cloudy,40.8,0.0,14.9,Dry,Beginner,12.0,239,54.6,12.1,11349.0,2.0,70.3,67.0,46.0,45.5,1,2024-05-22 00:00:00
1618,EXC003,OP010,Grading,Medium,Rock,90.9,3.1,28.4,Windy,30.2,0.0,52.7,Wet,Expert,1.7,109,42.4,12.4,10250.0,1.5,93.4,92.3,71.6,75.8,1,2024-06-12 00:00:00
1619,EXC005,OP007,Compaction,Low,Rock,33.0,0.8,30.6,Rainy,13.3,24.9,6.3,Frozen,Expert,9.0,64,47.3,2.6,8293.0,1.0,70.3,66.1,35.8,39.6,1,2024-02-24 00:00:00
1620,EXC002,OP001,Compaction,Low,Mixed,86.8,4.6,8.3,Sunny,25.1,0.0,12.9,Dry,Beginner,6.1,34,44.4,12.6,1933.0,1.2,91.3,91.1,60.0,61.8,1,2024-02-17 00:00:00
1621,EXC003,OP007,Demolition,High,Clay,125.4,1.8,31.0,Windy,10.4,0.0,16.3,Muddy,Beginner,10.2,160,116.4,2.8,1775.0,2.0,81.7,90.7,159.7,155.8,1,2024-12-20 00:00:00
1622,EXC005,OP010,Earth Excavation,High,Mixed,80.9,5.4,52.7,Cloudy,40.4,0.0,12.4,Dry,Intermediate,11.4,49,57.3,3.1,4263.0,1.0,86.9,97.5,82.2,107.4,1,2024-07-06 00:00:00
1623,EXC002,OP003,Earth Excavation,Low,Sand,49.5,2.2,68.3,Cloudy,27.7,0.0,8.4,Wet,Beginner,11.4,155,65.0,6.6,5417.0,1.0,53.0,84.2,54.1,61.6,1,2024-03-14 00:00:00
1624,EXC003,OP001,Demolition,Low,Sand,54.0,4.3,63.1,Windy,8.1,0.0,16.2,Muddy,Expert,14.6,162,110.0,3.1,10770.0,1.5,62.4,78.1,60.4,53.7,1,2024-05-18 00:00:00
1625,EXC005,OP009,Grading,Low,Mixed,246.5,0.7,23.6,Sunny,40.7,0.0,5.1,Frozen,Expert,6.1,147,50.9,10.1,4362.0,2.0,90.5,83.6,50.4,52.0,1,2024-09-18 00:00:00
1626,EXC002,OP004,Compaction,Medium,Soil,161.2,4.2,45.5,Rainy,22.7,37.1,13.4,Frozen,Beginner,3.2,249,53.0,2.5,7634.0,0.8,60.4,71.4,241.3,225.8,1,2024-10-29 00:00:00
1627,EXC003,OP002,Earth Excavation,Low,Sand,201.2,3.2,68.5,Rainy,12.4,41.7,11.7,Muddy,Intermediate,5.9,6,57.0,14.5,2093.0,1.2,84.3,84.8,202.5,203.2,1,2024-01-04 00:00:00
1628,EXC001,OP006,Earth Excavation,Medium,Gravel,238.1,1.0,8.3,Cloudy,10.1,0.0,5.1,Muddy,Expert,8.1,228,65.2,0.6,8370.0,1.5,93.1,73.2,90.9,84.1,1,2024-08-13 00:00:00
1629,EXC004,OP007,Material Loading,Medium,Mixed,87.4,3.9,60.3,Rainy,37.8,25.5,12.0,Frozen,Beginner,11.1,82,38.5,10.2,2463.0,0.8,75.5,67.2,138.5,134.5,1,2024-07-30 00:00:00
1630,EXC004,OP008,Demolition,Medium,Sand,194.1,5.3,83.8,Cloudy,23.2,0.0,11.6,Muddy,Beginner,7.4,68,103.3,6.1,3713.0,1.2,52.5,71.6,293.8,300.0,1,2024-01-19 00:00:00
1631,EXC001,OP008,Grading,Low,Mixed,146.0,1.9,57.8,Sunny,10.5,0.0,0.4,Frozen,Beginner,0.9,134,39.8,2.1,9593.0,1.2,78.1,93.9,110.2,96.8,1,2024-02-11 00:00:00
1632,EXC001,OP008,Earth Excavation,Medium,Gravel,82.4,1.2,97.5,Cloudy,22.2,0.0,3.5,Wet,Expert,2.4,134,69.1,9.1,1944.0,1.5,58.2,96.4,72.4,57.5,1,2024-03-07 00:00:00
1633,EXC005,OP004,Earth Excavation,High,Gravel,209.3,3.9,59.9,Cloudy,35.2,0.0,0.2,Muddy,Expert,7.9,284,62.2,2.4,2814.0,1.0,50.2,75.1,182.6,186.4,1,2024-05-06 00:00:00
1634,EXC001,OP008,Material Loading,Medium,Mixed,224.7,1.6,51.6,Windy,12.3,0.0,29.3,Frozen,Expert,14.8,8,21.8,11.6,6738.0,0.8,92.1,76.9,115.9,109.3,1,2024-01-08 00:00:00
1635,EXC004,OP004,Trenching,Medium,Sand,53.8,0.5,78.6,Cloudy,21.9,0.0,2.4,Muddy,Beginner,1.7,138,81.4,4.5,4382.0,1.0,54.5,97.3,125.7,118.3,1,2024-04-23 00:00:00
1636,EXC002,OP002,Material Loading,Medium,Gravel,225.7,3.5,73.2,Sunny,6.1,0.0,13.4,Frozen,Beginner,3.6,279,24.3,5.2,6379.0,1.0,93.2,76.4,141.5,144.1,1,2024-05-29 00:00:00
1637,EXC002,OP002,Material Loading,High,Gravel,162.3,5.8,58.0,Sunny,15.4,0.0,11.7,Wet,Expert,14.8,103,34.5,13.7,3678.0,1.0,84.0,84.7,92.1,83.2,1,2024-04-02 00:00:00
1638,EXC001,OP010,Demolition,Medium,Sand,126.1,4.6,89.0,Rainy,7.4,49.0,0.9,Dry,Intermediate,11.1,46,111.0,13.6,9070.0,1.5,56.8,71.9,206.7,199.9,1,2024-07-24 00:00:00
1639,EXC003,OP001,Demolition,Medium,Soil,170.6,4.7,56.0,Rainy,22.6,36.5,7.9,Frozen,Beginner,7.9,110,113.9,12.1,10083.0,1.2,68.7,91.4,294.1,300.0,1,2024-06-06 00:00:00
1640,EXC003,OP005,Compaction,High,Clay,202.0,5.1,29.2,Windy,17.2,0.0,15.9,Frozen,Beginner,6.0,270,51.0,1.0,9068.0,1.5,86.1,72.0,128.8,138.8,1,2024-03-14 00:00:00
1641,EXC004,OP007,Compaction,High,Clay,59.3,3.1,61.3,Sunny,33.4,0.0,1.7,Muddy,Expert,12.4,281,33.6,12.8,9563.0,1.5,89.3,90.3,29.0,36.9,1,2024-09-30 00:00:00
1642,EXC002,OP003,Trenching,Medium,Sand,243.4,2.0,44.2,Cloudy,38.6,0.0,14.4,Frozen,Beginner,8.7,231,78.8,14.3,10141.0,1.0,89.0,93.7,261.0,254.2,1,2024-03-29 00:00:00
1643,EXC002,OP010,Trenching,Low,Sand,99.5,1.7,14.0,Rainy,30.0,44.7,10.7,Wet,Beginner,10.4,14,81.3,14.8,8829.0,0.8,59.8,86.0,187.9,194.5,1,2024-12-12 00:00:00
1644,EXC002,OP010,Demolition,Low,Gravel,78.7,2.0,89.6,Windy,19.0,0.0,19.1,Dry,Beginner,5.8,91,114.5,9.5,2570.0,1.0,52.3,93.8,176.5,178.8,1,2024-08-30 00:00:00
1645,EXC003,OP006,Earth Excavation,Medium,Sand,223.0,5.7,21.2,Cloudy,30.3,0.0,2.3,Wet,Intermediate,1.0,217,63.0,2.7,7689.0,0.8,72.8,96.4,210.5,202.6,1,2024-03-11 00:00:00
1646,EXC004,OP009,Earth Excavation,High,Soil,173.7,4.7,97.0,Windy,36.0,0.0,27.8,Wet,Beginner,8.3,238,75.9,3.6,11631.0,1.2,74.1,73.2,216.0,224.8,1,2024-05-02 00:00:00
1647,EXC003,OP002,Material Loading,Medium,Gravel,176.2,1.0,29.6,Cloudy,16.4,0.0,3.7,Wet,Intermediate,6.1,179,31.6,5.4,8831.0,1.2,69.3,71.6,73.8,63.3,1,2024-12-25 00:00:00
1648,EXC005,OP010,Grading,High,Sand,159.6,2.0,67.7,Cloudy,5.2,0.0,5.7,Frozen,Beginner,12.9,173,51.4,8.9,3275.0,2.0,90.1,65.5,84.7,80.9,1,2024-12-13 00:00:00
1649,EXC003,OP010,Demolition,High,Sand,173.0,3.2,42.1,Cloudy,28.7,0.0,5.3,Dry,Intermediate,1.0,206,125.0,12.5,6273.0,1.5,75.9,85.3,201.8,205.5,1,2024-08-03 00:00:00
1650,EXC005,OP010,Compaction,Medium,Rock,176.3,2.3,14.4,Rainy,24.2,7.7,4.6,Dry,Expert,7.8,283,49.1,2.2,1528.0,1.0,59.5,84.5,99.5,91.3,1,2024-08-19 00:00:00
1651,EXC004,OP008,Demolition,High,Soil,33.2,5.1,19.3,Rainy,24.7,38.8,9.5,Wet,Expert,12.4,89,130.2,10.8,9122.0,1.0,67.1,81.5,103.9,111.3,1,2024-07-22 00:00:00
1652,EXC002,OP003,Material Loading,High,Mixed,193.9,1.6,48.5,Windy,31.3,0.0,34.2,Dry,Beginner,13.6,251,41.0,13.2,6135.0,0.8,93.2,74.6,148.3,148.4,1,2024-05-15 00:00:00
1653,EXC001,OP007,Earth Excavation,Low,Gravel,213.7,3.3,50.4,Cloudy,6.2,0.0,6.9,Wet,Expert,9.5,275,62.4,11.8,4401.0,1.2,87.8,67.7,98.2,106.9,1,2024-09-16 00:00:00
1654,EXC001,OP001,Material Loading,Low,Gravel,121.3,5.2,49.8,Sunny,20.4,0.0,3.6,Frozen,Expert,12.5,106,32.9,9.5,5287.0,2.0,79.8,93.4,37.7,22.4,1,2024-05-01 00:00:00
1655,EXC004,OP009,Material Loading,Low,Soil,79.3,2.8,17.5,Windy,30.6,0.0,34.1,Muddy,Expert,9.0,154,34.4,11.8,9359.0,1.5,89.7,95.8,24.3,26.5,1,2024-03-07 00:00:00
1656,EXC004,OP009,Compaction,High,Rock,222.7,1.1,6.6,Rainy,18.8,19.5,11.6,Muddy,Intermediate,0.6,123,53.2,11.6,6529.0,1.5,81.4,81.8,179.5,178.2,1,2024-06-11 00:00:00
1657,EXC005,OP003,Demolition,High,Gravel,192.8,1.9,46.0,Rainy,13.0,5.7,6.0,Muddy,Beginner,8.5,74,113.0,4.9,1085.0,1.0,61.1,84.5,284.2,300.0,1,2024-01-27 00:00:00
1658,EXC004,OP009,Compaction,High,Sand,160.0,5.8,46.2,Cloudy,29.6,0.0,6.6,Wet,Expert,14.0,246,56.5,4.3,5609.0,1.0,72.2,89.0,70.3,74.3,1,2024-02-26 00:00:00
1659,EXC002,OP003,Compaction,Low,Gravel,138.8,2.8,68.0,Sunny,27.6,0.0,1.6,Frozen,Beginner,4.8,261,55.0,13.5,9247.0,2.0,51.0,95.1,54.6,56.3,1,2024-06-11 00:00:00
1660,EXC005,OP005,Compaction,High,Rock,189.5,4.4,51.2,Windy,41.5,0.0,15.9,Dry,Intermediate,2.8,270,52.9,4.2,9682.0,1.2,84.3,90.5,155.3,143.1,1,2024-05-29 00:00:00
1661,EXC001,OP007,Earth Excavation,Low,Clay,49.2,6.0,8.6,Cloudy,39.0,0.0,1.2,Muddy,Intermediate,13.0,69,68.1,8.4,2517.0,2.0,65.8,91.2,21.1,27.4,1,2024-11-09 00:00:00
1662,EXC004,OP004,Earth Excavation,High,Gravel,90.4,5.9,61.1,Cloudy,26.1,0.0,12.6,Dry,Beginner,14.9,122,57.3,11.8,7208.0,1.5,88.9,71.0,101.0,109.7,1,2024-09-16 00:00:00
1663,EXC001,OP003,Earth Excavation,High,Clay,70.4,3.3,27.3,Rainy,30.9,42.1,4.4,Muddy,Beginner,13.7,59,66.1,11.3,11860.0,1.0,70.8,86.1,192.8,190.9,1,2024-01-18 00:00:00
1664,EXC003,OP009,Compaction,Low,Soil,212.3,5.5,21.9,Sunny,20.6,0.0,9.8,Frozen,Beginner,12.4,145,56.7,11.2,1634.0,1.5,79.1,74.7,84.6,79.4,1,2024-05-29 00:00:00
1665,EXC002,OP003,Demolition,Low,Rock,169.1,1.4,81.4,Sunny,36.3,0.0,7.8,Muddy,Intermediate,0.9,133,110.0,8.0,2727.0,2.0,84.2,66.8,188.6,195.8,1,2024-10-07 00:00:00
1666,EXC001,OP005,Compaction,Medium,Soil,156.8,5.0,50.9,Windy,8.6,0.0,19.3,Wet,Intermediate,11.5,37,29.8,13.0,5717.0,2.0,72.2,79.9,66.5,62.4,1,2024-05-07 00:00:00
1667,EXC003,OP006,Earth Excavation,Medium,Clay,222.4,1.2,24.5,Windy,24.5,0.0,53.6,Wet,Beginner,6.5,28,67.8,4.8,4940.0,0.8,87.7,95.2,282.8,300.0,1,2024-06-11 00:00:00
1668,EXC002,OP006,Material Loading,High,Gravel,210.2,4.7,93.3,Rainy,41.6,2.1,6.6,Frozen,Beginner,11.7,58,29.3,12.4,1178.0,1.0,77.3,94.6,203.1,201.9,1,2024-07-24 00:00:00
1669,EXC003,OP002,Trenching,High,Sand,33.8,4.8,38.8,Sunny,29.3,0.0,2.7,Wet,Expert,8.3,217,86.4,4.8,246.0,1.5,55.9,96.0,27.2,37.7,1,2024-07-12 00:00:00
1670,EXC005,OP006,Trenching,Low,Gravel,179.6,1.3,73.1,Windy,10.9,0.0,11.1,Frozen,Expert,2.8,55,63.1,9.6,11832.0,0.8,93.7,89.6,215.4,221.1,1,2024-08-29 00:00:00
1671,EXC001,OP001,Material Loading,High,Rock,215.6,1.1,97.6,Cloudy,40.2,0.0,9.1,Frozen,Beginner,10.8,265,26.6,1.0,5358.0,2.0,50.5,74.6,95.2,85.5,1,2024-06-08 00:00:00
1672,EXC003,OP003,Compaction,Medium,Clay,195.9,0.6,33.7,Windy,24.7,0.0,10.3,Wet,Intermediate,14.3,103,34.4,13.1,7838.0,0.8,69.8,70.1,131.3,133.6,1,2024-09-18 00:00:00
1673,EXC001,OP006,Earth Excavation,Medium,Clay,129.0,3.0,100.0,Sunny,17.4,0.0,1.3,Wet,Beginner,8.1,63,53.5,5.2,10558.0,1.2,88.5,86.9,149.2,160.7,1,2024-09-13 00:00:00
1674,EXC001,OP010,Grading,Medium,Sand,219.1,3.2,44.5,Sunny,14.2,0.0,2.0,Muddy,Beginner,4.7,202,52.2,6.4,9218.0,1.5,59.8,88.2,110.6,113.9,1,2024-03-07 00:00:00
1675,EXC002,OP006,Demolition,Medium,Clay,97.7,2.5,22.5,Cloudy,15.0,0.0,8.1,Muddy,Intermediate,8.1,2,118.4,13.6,10024.0,2.0,60.3,94.3,120.7,113.5,0,2024-09-08 00:00:00
1676,EXC005,OP002,Trenching,Medium,Soil,167.0,2.7,11.3,Rainy,8.0,47.5,2.3,Dry,Beginner,4.2,243,69.3,8.8,2408.0,0.8,58.9,67.4,297.7,300.0,1,2024-08-04 00:00:00
1677,EXC004,OP006,Material Loading,Medium,Soil,195.8,1.1,20.1,Cloudy,18.8,0.0,1.1,Dry,Intermediate,14.8,182,19.0,7.7,791.0,1.5,85.1,78.5,19.8,37.8,1,2024-07-09 00:00:00
1678,EXC002,OP005,Compaction,Medium,Mixed,209.6,4.2,40.2,Rainy,39.1,43.0,11.6,Frozen,Beginner,1.3,136,35.0,3.1,11036.0,0.8,94.2,74.2,296.4,300.0,1,2024-12-19 00:00:00
1679,EXC003,OP009,Material Loading,High,Rock,120.7,3.5,77.4,Rainy,25.0,46.3,1.8,Frozen,Beginner,14.4,22,40.8,8.5,4823.0,1.5,63.3,79.5,137.3,125.9,1,2024-06-08 00:00:00
1680,EXC003,OP010,Trenching,Low,Soil,49.8,1.9,83.0,Windy,19.9,0.0,59.8,Dry,Intermediate,11.5,38,75.9,4.3,289.0,1.2,73.7,88.3,62.0,60.3,1,2024-01-07 00:00:00
1681,EXC003,OP003,Compaction,Medium,Sand,123.4,1.6,79.0,Cloudy,27.5,0.0,3.0,Frozen,Expert,8.2,90,42.0,10.6,5492.0,1.0,81.0,87.7,67.8,64.8,1,2024-12-29 00:00:00
1682,EXC001,OP010,Earth Excavation,Medium,Sand,162.7,1.1,64.1,Cloudy,41.5,0.0,14.6,Frozen,Intermediate,6.5,38,80.7,12.4,9954.0,1.0,64.7,92.2,153.9,152.7,1,2024-05-20 00:00:00
1683,EXC001,OP005,Compaction,Low,Mixed,113.9,1.1,28.9,Cloudy,41.4,0.0,12.1,Wet,Intermediate,12.7,151,54.4,7.9,8010.0,1.5,80.5,93.5,29.7,33.2,1,2024-07-01 00:00:00
1684,EXC005,OP007,Demolition,Low,Soil,202.4,1.9,52.4,Rainy,25.0,22.3,1.0,Dry,Intermediate,3.7,246,123.5,12.3,1062.0,1.5,78.0,85.9,177.2,174.6,1,2024-01-16 00:00:00
1685,EXC001,OP002,Compaction,Medium,Soil,101.3,2.6,60.2,Sunny,39.5,0.0,5.9,Dry,Beginner,1.2,270,59.9,8.3,4424.0,1.2,69.4,75.6,62.4,67.6,1,2024-02-09 00:00:00
1686,EXC001,OP004,Earth Excavation,Medium,Sand,159.7,3.7,35.0,Sunny,40.6,0.0,9.5,Dry,Intermediate,13.9,188,75.9,4.9,6711.0,0.8,68.6,78.6,118.6,109.6,0,2024-02-08 00:00:00
1687,EXC001,OP003,Trenching,Low,Clay,197.8,0.5,73.0,Rainy,37.8,2.2,13.0,Frozen,Beginner,13.8,168,82.1,8.3,3557.0,2.0,64.0,95.8,116.4,105.9,1,2024-05-11 00:00:00
1688,EXC002,OP008,Demolition,Medium,Rock,103.5,5.2,21.9,Cloudy,34.3,0.0,9.2,Wet,Intermediate,2.2,296,114.0,1.4,3720.0,2.0,79.6,76.9,121.2,118.1,1,2024-07-16 00:00:00
1689,EXC005,OP009,Grading,Medium,Soil,73.9,3.6,63.4,Rainy,9.4,22.8,11.6,Frozen,Expert,1.1,52,52.8,6.5,1919.0,1.5,73.1,66.0,62.6,67.2,1,2024-05-14 00:00:00
1690,EXC001,OP008,Earth Excavation,Low,Clay,156.3,3.5,85.9,Rainy,34.9,20.4,9.2,Dry,Expert,6.9,260,63.2,9.5,1988.0,1.5,63.5,73.3,92.8,90.1,1,2024-12-24 00:00:00
1691,EXC005,OP006,Trenching,High,Sand,66.1,1.8,19.9,Sunny,28.1,0.0,3.0,Muddy,Beginner,1.7,128,70.2,4.4,8205.0,0.8,57.0,67.1,224.7,211.9,1,2024-03-08 00:00:00
1692,EXC004,OP007,Material Loading,Low,Sand,179.3,3.2,75.2,Cloudy,30.6,0.0,11.3,Frozen,Beginner,2.9,52,31.2,5.2,3327.0,1.0,70.1,80.3,108.0,108.6,1,2024-04-09 00:00:00
1693,EXC001,OP001,Material Loading,Low,Gravel,99.5,2.0,61.2,Windy,39.2,0.0,53.9,Muddy,Beginner,2.0,237,47.5,8.3,639.0,0.8,66.9,72.1,127.5,121.7,1,2024-05-27 00:00:00
1694,EXC003,OP010,Trenching,Low,Soil,227.0,3.5,53.0,Windy,12.6,0.0,57.5,Muddy,Expert,10.1,71,87.4,9.2,9523.0,1.2,54.6,93.6,157.1,163.0,1,2024-10-07 00:00:00
1695,EXC001,OP002,Trenching,Low,Sand,214.7,5.0,21.2,Rainy,5.8,9.8,11.1,Frozen,Intermediate,13.1,176,72.2,10.7,9883.0,2.0,72.8,97.0,82.0,86.1,1,2024-12-22 00:00:00
1696,EXC004,OP004,Trenching,Low,Rock,74.1,5.4,54.6,Sunny,34.6,0.0,7.3,Dry,Expert,1.1,159,76.1,10.6,764.0,1.0,67.8,83.0,119.1,115.4,1,2024-06-20 00:00:00
1697,EXC001,OP005,Grading,High,Soil,205.7,3.4,88.8,Rainy,25.9,46.9,0.3,Wet,Beginner,11.2,282,47.9,5.5,8090.0,2.0,79.4,89.6,122.8,116.4,1,2024-08-24 00:00:00
1698,EXC004,OP002,Compaction,High,Sand,113.3,4.0,89.9,Sunny,21.1,0.0,1.3,Dry,Expert,12.7,24,45.0,2.3,7721.0,0.8,68.6,95.0,84.0,86.7,1,2024-05-25 00:00:00
1699,EXC004,OP005,Grading,High,Mixed,217.2,2.9,54.3,Sunny,33.8,0.0,10.7,Dry,Intermediate,7.9,16,62.1,14.5,627.0,1.2,69.2,70.2,165.2,158.4,1,2024-11-15 00:00:00
1700,EXC003,OP005,Trenching,High,Gravel,181.6,1.3,70.9,Cloudy,30.6,0.0,10.0,Dry,Intermediate,9.1,57,71.6,13.3,1093.0,0.8,91.9,67.2,311.2,300.0,1,2024-08-04 00:00:00
1701,EXC001,OP007,Grading,Low,Mixed,34.0,4.3,76.2,Rainy,32.2,36.3,12.0,Wet,Beginner,7.3,199,59.3,5.5,9297.0,2.0,59.0,79.4,42.0,33.8,1,2024-11-01 00:00:00
1702,EXC005,OP002,Demolition,Low,Rock,31.9,2.7,42.4,Cloudy,9.4,0.0,6.6,Frozen,Beginner,2.2,5,101.0,12.6,4470.0,1.5,58.2,84.9,110.7,112.0,1,2024-05-07 00:00:00
1703,EXC002,OP008,Trenching,Medium,Clay,152.0,1.9,85.8,Windy,17.6,0.0,53.2,Wet,Beginner,14.0,104,66.3,3.0,9100.0,1.5,68.1,74.1,173.3,158.8,1,2024-01-10 00:00:00
1704,EXC004,OP005,Earth Excavation,Low,Soil,116.6,4.6,93.9,Windy,17.6,0.0,38.1,Wet,Intermediate,12.9,287,65.4,9.4,1524.0,2.0,84.6,94.8,41.0,51.6,1,2024-03-31 00:00:00
1705,EXC003,OP008,Earth Excavation,Low,Mixed,178.2,4.9,80.9,Windy,11.0,0.0,40.5,Muddy,Intermediate,3.6,296,62.5,2.1,6260.0,1.2,94.2,83.9,189.8,173.0,1,2024-02-23 00:00:00
1706,EXC002,OP001,Earth Excavation,Low,Rock,98.6,2.9,60.0,Windy,5.0,0.0,27.7,Dry,Intermediate,11.0,171,60.3,4.6,6932.0,1.5,94.0,68.9,61.0,72.7,1,2024-01-13 00:00:00
1707,EXC005,OP006,Grading,Medium,Clay,120.7,1.5,25.8,Sunny,15.7,0.0,8.3,Muddy,Intermediate,1.7,212,56.4,1.8,4115.0,0.8,94.0,65.4,142.8,143.4,1,2024-07-13 00:00:00
1708,EXC002,OP004,Compaction,High,Gravel,146.7,3.7,48.3,Windy,30.5,0.0,44.1,Frozen,Intermediate,9.9,231,54.0,1.4,11570.0,2.0,65.1,73.1,54.1,61.2,0,2024-02-28 00:00:00
1709,EXC002,OP004,Demolition,Low,Gravel,44.8,3.6,62.1,Windy,25.3,0.0,26.8,Wet,Intermediate,10.0,298,114.7,2.6,2791.0,2.0,68.7,69.9,25.9,43.3,1,2024-06-18 00:00:00
1710,EXC002,OP004,Trenching,Medium,Rock,37.2,5.8,62.5,Sunny,7.8,0.0,2.9,Dry,Beginner,11.2,61,88.9,11.1,4507.0,1.2,56.7,82.7,105.3,105.3,0,2024-05-09 00:00:00
1711,EXC003,OP001,Trenching,Low,Clay,178.5,3.6,52.2,Rainy,22.6,48.1,12.9,Dry,Intermediate,6.1,6,82.9,10.0,441.0,0.8,64.3,89.9,293.8,300.0,1,2024-01-18 00:00:00
1712,EXC004,OP009,Earth Excavation,High,Mixed,154.0,1.1,7.7,Cloudy,29.7,0.0,11.1,Dry,Intermediate,4.7,271,66.3,8.2,7115.0,0.8,57.2,79.5,180.3,168.6,1,2024-07-02 00:00:00
1713,EXC004,OP008,Earth Excavation,High,Gravel,222.6,3.8,62.1,Rainy,23.9,8.7,7.3,Muddy,Beginner,8.3,228,67.2,6.1,1959.0,1.5,70.5,88.1,229.1,236.2,1,2024-12-14 00:00:00
1714,EXC004,OP002,Material Loading,Low,Mixed,192.3,3.4,67.6,Rainy,41.1,34.8,2.3,Wet,Intermediate,3.5,289,20.7,13.1,766.0,1.2,72.9,94.9,85.8,86.3,1,2024-11-24 00:00:00
1715,EXC003,OP008,Material Loading,Medium,Rock,120.8,4.5,54.4,Sunny,36.5,0.0,0.5,Muddy,Beginner,5.2,150,42.2,9.2,7973.0,1.0,67.9,67.4,144.4,146.2,1,2024-04-23 00:00:00
1716,EXC004,OP002,Compaction,Medium,Sand,221.0,5.2,72.4,Windy,16.4,0.0,49.9,Dry,Beginner,3.9,182,38.7,3.7,6522.0,1.0,75.7,76.6,181.2,180.1,1,2024-09-12 00:00:00
1717,EXC005,OP002,Grading,High,Gravel,206.0,1.8,66.1,Sunny,20.8,0.0,9.9,Muddy,Intermediate,1.0,125,46.4,5.0,3826.0,2.0,55.2,79.4,105.2,100.4,1,2024-03-31 00:00:00
1718,EXC002,OP001,Earth Excavation,Medium,Gravel,217.9,4.2,63.9,Rainy,8.5,12.9,4.1,Wet,Beginner,6.8,249,74.0,13.9,4963.0,1.0,64.8,67.3,290.6,300.0,1,2024-07-21 00:00:00
1719,EXC002,OP005,Earth Excavation,Low,Soil,227.9,3.7,51.8,Rainy,31.5,10.0,0.3,Dry,Beginner,9.4,278,66.6,2.8,344.0,1.0,85.5,68.8,190.1,184.8,1,2024-10-11 00:00:00
1720,EXC002,OP006,Compaction,High,Soil,237.1,1.0,21.3,Windy,7.1,0.0,29.9,Frozen,Intermediate,9.1,125,42.6,9.6,9977.0,0.8,73.8,81.8,195.9,182.7,1,2024-05-10 00:00:00
1721,EXC002,OP003,Material Loading,Low,Clay,213.7,1.3,21.5,Rainy,7.5,19.1,11.4,Dry,Beginner,13.7,217,29.5,6.8,2975.0,2.0,81.0,87.5,46.9,38.3,1,2024-08-09 00:00:00
1722,EXC001,OP003,Earth Excavation,High,Clay,233.4,1.2,51.5,Windy,36.1,0.0,10.2,Dry,Beginner,2.1,45,62.9,5.5,1941.0,0.8,58.2,84.5,287.5,300.0,0,2024-03-18 00:00:00
1723,EXC003,OP006,Grading,Low,Soil,70.2,2.3,18.3,Cloudy,30.2,0.0,5.9,Frozen,Intermediate,11.1,187,67.5,8.5,4652.0,1.5,50.3,87.8,33.4,29.6,1,2024-11-27 00:00:00
1724,EXC002,OP002,Earth Excavation,Low,Rock,71.6,3.8,62.6,Windy,35.7,0.0,36.1,Dry,Expert,11.3,258,43.0,13.4,1776.0,1.0,82.4,75.8,79.5,83.9,1,2024-10-27 00:00:00
1725,EXC004,OP005,Material Loading,Medium,Clay,118.2,5.2,41.8,Rainy,23.0,49.8,5.3,Wet,Intermediate,12.4,178,34.8,4.5,496.0,2.0,71.6,91.0,44.0,37.7,1,2024-02-05 00:00:00
1726,EXC005,OP002,Trenching,High,Mixed,77.9,5.9,89.8,Sunny,24.3,0.0,9.4,Frozen,Beginner,6.9,183,73.9,3.5,8241.0,1.2,80.1,83.1,180.5,190.0,1,2024-12-17 00:00:00
1727,EXC004,OP003,Earth Excavation,Low,Soil,66.9,4.5,34.3,Rainy,34.6,7.8,5.8,Muddy,Beginner,6.1,116,69.0,7.5,5043.0,1.5,64.8,65.5,116.0,86.2,1,2024-10-03 00:00:00
1728,EXC003,OP007,Trenching,Low,Mixed,95.7,5.7,31.8,Windy,32.0,0.0,11.0,Wet,Intermediate,8.6,116,100.6,11.3,5756.0,1.2,78.9,90.3,88.9,109.1,1,2024-04-08 00:00:00
1729,EXC005,OP002,Demolition,Low,Clay,133.0,5.0,80.7,Windy,8.6,0.0,25.4,Muddy,Intermediate,7.1,105,110.7,5.4,3944.0,1.5,56.4,68.9,201.8,201.5,1,2024-04-15 00:00:00
1730,EXC005,OP007,Demolition,Medium,Gravel,160.6,4.9,20.2,Cloudy,30.8,0.0,8.2,Frozen,Beginner,10.3,206,94.8,2.0,11243.0,2.0,68.8,90.6,127.1,132.7,1,2024-08-24 00:00:00
1731,EXC004,OP004,Earth Excavation,Medium,Gravel,98.1,1.2,69.2,Rainy,26.8,45.3,11.1,Dry,Expert,6.3,104,62.6,9.7,10376.0,2.0,50.6,85.7,49.3,56.8,1,2024-07-17 00:00:00
1732,EXC001,OP003,Earth Excavation,High,Soil,243.8,2.6,75.6,Rainy,32.2,5.0,3.5,Dry,Beginner,13.4,128,79.7,2.9,6346.0,2.0,61.0,83.4,113.2,122.3,1,2024-02-11 00:00:00
1733,EXC005,OP010,Earth Excavation,Medium,Soil,104.3,3.9,56.6,Cloudy,37.0,0.0,12.3,Frozen,Expert,3.7,275,57.3,11.4,9552.0,1.2,93.3,89.3,82.1,90.5,1,2024-12-29 00:00:00
1734,EXC003,OP009,Grading,Low,Soil,98.5,4.4,12.5,Cloudy,27.7,0.0,8.7,Wet,Beginner,11.9,90,62.7,1.9,4125.0,1.0,81.4,88.5,52.9,63.2,1,2024-02-24 00:00:00
1735,EXC003,OP006,Demolition,High,Mixed,85.5,5.1,64.7,Sunny,22.9,0.0,13.9,Dry,Expert,12.2,236,117.1,2.4,8526.0,2.0,74.4,74.1,60.5,69.0,1,2024-12-09 00:00:00
1736,EXC001,OP007,Earth Excavation,Medium,Soil,227.7,1.3,26.5,Windy,24.9,0.0,54.8,Dry,Intermediate,1.2,269,75.0,3.6,8665.0,0.8,73.4,84.6,206.2,196.9,1,2024-12-17 00:00:00
1737,EXC003,OP008,Compaction,Low,Sand,52.8,2.0,21.0,Rainy,39.2,39.8,10.5,Muddy,Intermediate,11.6,68,50.3,9.2,10292.0,1.0,61.3,84.5,60.9,52.9,1,2024-07-22 00:00:00
1738,EXC004,OP009,Trenching,Low,Rock,44.8,3.2,82.6,Cloudy,13.9,0.0,9.5,Muddy,Intermediate,4.4,178,86.3,8.6,8472.0,1.2,59.3,89.4,95.7,98.7,1,2024-07-09 00:00:00
1739,EXC002,OP002,Trenching,Medium,Soil,171.6,5.6,18.9,Cloudy,32.4,0.0,9.3,Frozen,Beginner,10.2,173,78.6,12.8,4630.0,1.2,62.5,74.4,216.6,204.1,1,2024-03-22 00:00:00
1740,EXC003,OP009,Material Loading,Low,Soil,173.3,5.7,92.4,Cloudy,37.3,0.0,10.4,Dry,Expert,4.4,98,34.3,3.1,11403.0,1.5,93.2,81.6,36.6,46.1,1,2024-03-07 00:00:00
1741,EXC003,OP002,Compaction,High,Sand,81.9,2.9,64.6,Windy,26.5,0.0,60.0,Frozen,Expert,4.5,155,44.6,1.5,4777.0,0.8,67.4,75.5,100.2,107.1,1,2024-10-25 00:00:00
1742,EXC005,OP002,Grading,High,Soil,49.9,4.0,94.4,Rainy,9.9,14.2,13.0,Dry,Intermediate,7.8,238,51.9,6.7,5784.0,0.8,54.6,72.2,98.2,102.4,1,2024-05-25 00:00:00
1743,EXC002,OP010,Trenching,High,Clay,35.0,2.1,94.8,Rainy,10.8,43.7,11.6,Frozen,Expert,6.0,260,72.9,13.4,11088.0,1.2,68.3,84.4,103.3,104.8,1,2024-02-07 00:00:00
1744,EXC005,OP010,Compaction,Low,Mixed,33.3,3.3,94.3,Cloudy,15.3,0.0,5.3,Muddy,Intermediate,12.0,289,58.5,12.1,11335.0,0.8,87.7,84.6,55.0,53.8,0,2024-06-15 00:00:00
1745,EXC004,OP004,Trenching,High,Mixed,248.9,4.9,77.0,Sunny,31.4,0.0,0.8,Frozen,Beginner,4.7,105,83.9,12.1,10768.0,1.2,61.7,72.8,298.8,300.0,1,2024-03-28 00:00:00
1746,EXC001,OP010,Grading,Low,Rock,167.1,2.1,92.1,Sunny,15.4,0.0,11.9,Wet,Beginner,5.1,26,48.6,9.7,8448.0,1.0,57.8,77.5,207.5,195.6,1,2024-09-13 00:00:00
1747,EXC003,OP002,Demolition,Medium,Clay,56.8,1.7,27.5,Rainy,40.6,7.9,1.6,Muddy,Beginner,2.5,59,113.4,3.4,4551.0,1.2,54.0,69.5,214.0,209.1,1,2024-08-03 00:00:00
1748,EXC002,OP008,Demolition,Low,Soil,31.6,3.5,57.3,Sunny,16.9,0.0,7.1,Wet,Intermediate,6.2,142,117.5,7.2,10207.0,1.0,82.1,74.2,73.9,77.4,1,2024-10-30 00:00:00
1749,EXC004,OP002,Earth Excavation,High,Sand,241.4,4.7,51.5,Sunny,36.2,0.0,1.1,Frozen,Beginner,11.2,129,59.8,14.4,9859.0,1.5,65.6,94.4,193.6,184.6,1,2024-06-26 00:00:00
1750,EXC001,OP004,Grading,Medium,Soil,50.7,3.9,43.4,Sunny,29.0,0.0,7.3,Wet,Beginner,13.2,237,44.7,6.3,6199.0,2.0,55.9,81.2,31.0,28.9,1,2024-06-01 00:00:00
1751,EXC005,OP003,Earth Excavation,Low,Gravel,128.5,0.6,62.3,Rainy,10.4,23.4,0.5,Wet,Expert,6.9,149,61.8,13.2,1798.0,0.8,61.4,73.6,131.5,140.0,1,2024-01-30 00:00:00
1752,EXC003,OP006,Material Loading,High,Gravel,220.0,0.7,98.2,Sunny,40.8,0.0,0.5,Muddy,Intermediate,5.0,263,34.8,11.6,5846.0,1.5,50.2,76.7,85.3,91.3,1,2024-06-19 00:00:00
1753,EXC005,OP005,Trenching,Low,Mixed,214.5,4.1,19.2,Rainy,11.7,33.9,4.9,Wet,Expert,5.3,117,68.5,12.8,442.0,1.5,60.7,65.9,160.2,160.3,1,2024-08-04 00:00:00
1754,EXC004,OP005,Demolition,Medium,Rock,143.7,2.2,90.8,Windy,21.2,0.0,38.6,Muddy,Expert,8.6,148,119.6,12.5,6509.0,1.5,70.6,80.2,248.7,230.0,1,2024-02-20 00:00:00
1755,EXC003,OP006,Grading,High,Rock,77.8,0.8,50.5,Cloudy,32.9,0.0,9.9,Muddy,Beginner,0.9,192,62.3,8.1,4097.0,1.2,68.2,97.4,127.2,128.2,1,2024-04-30 00:00:00
1756,EXC001,OP007,Compaction,Low,Mixed,180.0,2.7,5.8,Rainy,31.0,46.7,12.9,Frozen,Intermediate,13.2,275,54.9,6.3,8620.0,1.2,78.7,82.9,81.6,73.8,1,2024-12-10 00:00:00
1757,EXC005,OP003,Earth Excavation,Low,Gravel,189.8,1.3,54.9,Cloudy,36.8,0.0,0.4,Dry,Intermediate,11.0,279,66.9,13.3,9590.0,1.0,85.2,82.1,106.2,105.4,1,2024-07-17 00:00:00
1758,EXC001,OP009,Compaction,Medium,Soil,36.7,3.4,13.1,Windy,33.2,0.0,41.7,Wet,Beginner,9.3,44,37.3,3.7,8751.0,1.5,63.6,83.8,38.3,26.2,1,2024-02-16 00:00:00
1759,EXC003,OP007,Grading,High,Soil,93.3,0.8,97.0,Rainy,7.0,41.1,10.0,Wet,Intermediate,6.4,263,55.7,11.3,9224.0,1.0,74.5,72.1,139.1,139.2,1,2024-09-10 00:00:00
1760,EXC002,OP004,Demolition,High,Mixed,134.1,0.7,13.8,Sunny,38.3,0.0,0.7,Dry,Expert,4.1,298,105.0,6.6,441.0,1.0,86.5,92.4,154.0,158.5,1,2024-07-10 00:00:00
1761,EXC005,OP007,Compaction,Medium,Rock,180.9,2.8,70.1,Sunny,32.3,0.0,11.3,Muddy,Intermediate,8.8,245,54.4,3.2,8467.0,0.8,54.2,94.6,153.1,161.9,1,2024-10-03 00:00:00
1762,EXC004,OP001,Trenching,High,Soil,129.2,2.6,44.1,Windy,21.8,0.0,33.9,Muddy,Intermediate,1.9,31,87.0,6.0,956.0,1.2,84.9,82.2,216.8,224.8,1,2024-03-26 00:00:00
1763,EXC003,OP004,Trenching,High,Clay,50.2,2.7,60.3,Sunny,7.6,0.0,1.0,Dry,Intermediate,11.1,205,78.0,6.4,4346.0,2.0,53.8,93.4,56.6,44.5,1,2024-11-06 00:00:00
1764,EXC004,OP002,Earth Excavation,Medium,Sand,246.5,2.0,47.4,Sunny,25.3,0.0,8.3,Wet,Expert,2.8,50,71.5,9.0,8742.0,1.5,92.5,88.9,101.2,100.5,1,2024-08-16 00:00:00
1765,EXC003,OP002,Grading,Medium,Sand,134.8,2.2,22.1,Sunny,9.0,0.0,6.2,Muddy,Beginner,5.4,55,44.6,14.5,10306.0,1.2,83.9,80.8,112.3,117.7,1,2024-03-09 00:00:00
1766,EXC004,OP005,Demolition,Low,Rock,198.0,3.1,16.6,Cloudy,17.0,0.0,8.5,Muddy,Intermediate,5.6,170,118.7,12.3,11385.0,1.2,60.9,94.3,274.5,269.9,1,2024-12-29 00:00:00
1767,EXC002,OP008,Earth Excavation,Medium,Sand,137.4,4.0,86.4,Sunny,21.9,0.0,4.1,Wet,Beginner,4.6,91,53.5,2.5,1917.0,1.2,84.5,78.6,145.6,152.9,1,2024-02-20 00:00:00
1768,EXC001,OP010,Earth Excavation,Medium,Clay,187.5,4.0,59.7,Windy,33.9,0.0,48.6,Dry,Intermediate,13.1,92,71.5,10.6,4399.0,1.5,73.6,81.2,108.7,119.3,1,2024-03-31 00:00:00
1769,EXC005,OP008,Compaction,Low,Sand,196.3,5.5,26.5,Windy,18.5,0.0,49.6,Wet,Intermediate,4.3,178,52.3,7.8,5433.0,1.5,94.5,68.4,108.4,89.1,1,2024-04-20 00:00:00
1770,EXC005,OP010,Trenching,Low,Soil,107.1,1.2,43.5,Windy,32.9,0.0,24.9,Dry,Expert,7.5,35,81.4,2.3,8440.0,0.8,64.3,69.5,119.0,106.1,1,2024-06-04 00:00:00
1771,EXC005,OP006,Demolition,Medium,Mixed,163.2,2.6,73.2,Windy,30.8,0.0,22.4,Muddy,Expert,6.8,228,124.4,2.4,4947.0,2.0,64.1,85.9,136.3,119.8,1,2024-03-25 00:00:00
1772,EXC005,OP004,Compaction,High,Sand,110.8,4.6,60.1,Rainy,7.0,26.7,11.2,Dry,Beginner,4.3,107,45.1,10.0,10123.0,1.5,52.9,84.1,108.1,108.1,1,2024-08-01 00:00:00
1773,EXC001,OP002,Demolition,Medium,Clay,47.2,3.8,19.9,Rainy,41.8,3.9,1.1,Wet,Intermediate,11.9,278,109.9,2.0,4980.0,1.5,85.5,72.7,82.3,76.9,1,2024-04-10 00:00:00
1774,EXC003,OP009,Compaction,Medium,Rock,161.9,3.3,36.0,Windy,27.5,0.0,16.2,Frozen,Expert,12.9,54,35.6,11.3,3586.0,0.8,76.1,94.8,130.9,130.8,1,2024-09-07 00:00:00
1775,EXC003,OP008,Compaction,High,Clay,222.3,3.5,34.8,Cloudy,31.0,0.0,7.4,Frozen,Beginner,1.0,66,36.5,9.9,11640.0,2.0,88.8,85.5,147.1,136.7,1,2024-07-01 00:00:00
1776,EXC004,OP002,Earth Excavation,Medium,Soil,235.1,5.0,81.2,Windy,25.0,0.0,14.6,Wet,Beginner,11.3,252,71.4,1.8,1279.0,1.2,61.5,95.4,165.9,169.2,1,2024-08-08 00:00:00
1777,EXC004,OP002,Trenching,Low,Rock,159.3,2.0,34.6,Cloudy,24.2,0.0,12.7,Wet,Intermediate,2.3,224,65.9,11.0,11949.0,1.5,69.9,89.1,130.7,131.6,1,2024-07-19 00:00:00
1778,EXC005,OP003,Earth Excavation,Medium,Sand,176.5,3.4,10.7,Rainy,16.3,1.4,13.7,Wet,Intermediate,5.0,260,61.5,1.9,230.0,1.5,77.5,85.5,90.5,92.2,1,2024-04-21 00:00:00
1779,EXC003,OP002,Compaction,High,Gravel,239.1,2.0,7.0,Rainy,13.5,2.2,6.1,Muddy,Intermediate,12.6,277,48.1,14.6,8464.0,1.2,68.4,75.0,127.1,134.1,1,2024-08-19 00:00:00
1780,EXC001,OP002,Earth Excavation,Low,Sand,178.5,1.8,12.2,Sunny,27.0,0.0,9.0,Dry,Expert,5.0,183,70.4,6.0,738.0,1.2,63.3,94.1,62.2,57.1,1,2024-01-30 00:00:00
1781,EXC001,OP001,Trenching,Medium,Soil,215.8,2.9,10.8,Sunny,26.4,0.0,5.7,Frozen,Beginner,1.7,172,79.6,4.7,4057.0,0.8,68.2,68.5,300.7,300.0,1,2024-10-21 00:00:00
1782,EXC004,OP002,Demolition,Medium,Clay,204.2,5.5,42.5,Windy,41.7,0.0,15.2,Wet,Expert,12.5,72,99.4,4.4,11258.0,1.5,89.1,90.2,167.6,164.3,1,2024-09-15 00:00:00
1783,EXC004,OP002,Earth Excavation,Low,Soil,118.1,3.4,24.8,Sunny,17.4,0.0,7.7,Muddy,Expert,3.3,295,57.1,10.5,5501.0,1.5,61.1,78.1,65.2,59.4,1,2024-07-31 00:00:00
1784,EXC001,OP005,Grading,High,Clay,68.7,5.3,12.1,Rainy,41.5,26.9,14.8,Dry,Intermediate,11.4,53,42.7,2.7,2884.0,1.2,54.8,89.1,65.0,68.4,1,2024-08-29 00:00:00
1785,EXC003,OP006,Earth Excavation,High,Gravel,147.8,2.0,53.1,Sunny,40.3,0.0,6.8,Wet,Beginner,4.3,68,71.8,2.6,10833.0,0.8,58.7,83.2,276.9,265.8,1,2024-06-08 00:00:00
1786,EXC001,OP005,Material Loading,High,Sand,81.8,3.2,69.0,Rainy,25.3,2.0,7.7,Wet,Intermediate,14.5,1,44.9,6.4,1571.0,2.0,51.0,78.6,19.1,30.4,1,2024-05-16 00:00:00
1787,EXC004,OP010,Grading,Low,Gravel,71.0,0.8,85.7,Sunny,34.5,0.0,13.9,Dry,Intermediate,5.2,21,51.2,13.1,4902.0,1.2,70.6,83.3,58.5,51.4,1,2024-08-05 00:00:00
1788,EXC002,OP009,Compaction,High,Mixed,182.2,0.6,68.8,Rainy,29.3,0.0,6.1,Muddy,Beginner,1.1,36,46.9,4.7,11842.0,2.0,92.3,87.6,137.3,128.9,1,2024-10-13 00:00:00
1789,EXC004,OP006,Demolition,Medium,Mixed,92.3,2.6,36.4,Sunny,17.2,0.0,9.0,Wet,Expert,9.6,290,114.6,9.2,1008.0,1.0,82.1,94.1,111.6,119.9,0,2024-04-17 00:00:00
1790,EXC004,OP001,Trenching,High,Mixed,190.8,4.8,41.3,Cloudy,38.7,0.0,4.4,Wet,Expert,12.6,131,79.1,6.7,2964.0,1.5,65.5,91.4,114.2,120.8,1,2024-03-28 00:00:00
1791,EXC001,OP007,Trenching,High,Soil,123.5,3.6,62.1,Cloudy,7.2,0.0,6.8,Muddy,Beginner,5.7,88,84.3,7.0,692.0,0.8,79.0,69.2,321.4,300.0,1,2024-04-19 00:00:00
1792,EXC004,OP009,Trenching,High,Rock,156.5,3.8,20.9,Rainy,24.8,45.9,1.7,Frozen,Beginner,3.3,87,101.9,4.2,9062.0,0.8,76.0,81.6,296.4,300.0,1,2024-05-15 00:00:00
1793,EXC003,OP002,Trenching,Low,Clay,135.3,3.9,8.2,Cloudy,7.4,0.0,14.1,Muddy,Expert,12.7,12,95.0,7.6,2565.0,2.0,93.9,65.2,72.2,68.9,1,2024-07-29 00:00:00
1794,EXC004,OP007,Trenching,Low,Sand,185.6,5.8,52.7,Cloudy,37.8,0.0,8.1,Dry,Intermediate,7.9,77,76.1,1.9,9807.0,2.0,68.5,84.8,79.0,68.5,1,2024-07-09 00:00:00
1795,EXC004,OP009,Trenching,Medium,Soil,143.8,1.3,40.5,Windy,36.1,0.0,55.8,Dry,Expert,4.4,275,87.5,14.1,3465.0,1.5,92.1,81.7,94.7,94.2,1,2024-01-27 00:00:00
1796,EXC001,OP008,Trenching,Low,Clay,214.2,5.4,88.1,Windy,30.2,0.0,55.7,Muddy,Beginner,4.5,170,66.5,11.0,1105.0,1.5,55.6,72.5,301.3,300.0,1,2024-06-22 00:00:00
1797,EXC004,OP002,Trenching,Low,Gravel,183.4,5.7,79.9,Windy,35.6,0.0,25.0,Dry,Beginner,7.1,2,72.8,2.5,4642.0,1.5,85.0,96.4,156.6,157.8,1,2024-04-01 00:00:00
1798,EXC001,OP005,Trenching,Low,Rock,93.7,0.7,71.6,Rainy,13.0,32.0,5.5,Frozen,Intermediate,11.9,112,91.4,13.4,2981.0,1.0,85.7,70.0,180.3,191.2,1,2024-10-20 00:00:00
1799,EXC005,OP010,Grading,Low,Mixed,51.8,4.9,86.1,Rainy,38.8,47.0,1.6,Wet,Intermediate,13.3,55,50.1,14.2,8351.0,0.8,68.0,68.0,87.0,103.5,1,2024-09-07 00:00:00
1800,EXC005,OP003,Grading,Medium,Rock,237.1,4.8,85.5,Sunny,6.3,0.0,6.2,Wet,Expert,9.2,231,50.4,10.1,10760.0,1.2,57.5,68.0,148.4,147.3,1,2024-09-30 00:00:00
1801,EXC005,OP002,Demolition,Low,Soil,164.4,3.7,7.5,Rainy,17.7,22.9,7.5,Dry,Intermediate,1.9,146,110.2,13.5,4145.0,1.0,79.9,88.7,253.4,246.4,1,2024-06-04 00:00:00
1802,EXC003,OP005,Grading,Medium,Gravel,44.0,5.5,58.8,Rainy,26.8,14.3,7.7,Dry,Beginner,6.7,98,42.3,14.3,1099.0,1.5,70.6,91.1,59.7,59.5,1,2024-01-01 00:00:00
1803,EXC003,OP004,Compaction,Low,Mixed,34.6,2.5,87.1,Windy,6.4,0.0,23.1,Frozen,Beginner,4.5,272,30.6,1.9,1292.0,2.0,81.3,75.3,30.2,24.9,1,2024-08-31 00:00:00
1804,EXC005,OP008,Trenching,High,Rock,202.0,4.5,8.4,Cloudy,36.7,0.0,5.5,Muddy,Expert,1.9,192,89.8,10.6,9016.0,1.0,53.2,76.7,300.6,300.0,1,2024-08-10 00:00:00
1805,EXC003,OP009,Grading,Low,Gravel,190.7,4.6,62.5,Cloudy,26.7,0.0,5.5,Dry,Intermediate,12.6,261,48.4,13.8,10187.0,1.0,90.9,71.7,92.4,99.4,1,2024-11-22 00:00:00
1806,EXC005,OP006,Earth Excavation,Low,Clay,55.7,1.0,47.8,Windy,27.2,0.0,40.4,Dry,Intermediate,1.8,121,66.2,14.6,1637.0,1.2,79.7,94.3,58.4,66.7,1,2024-08-11 00:00:00
1807,EXC002,OP002,Demolition,Medium,Rock,192.2,5.7,48.1,Windy,12.2,0.0,42.8,Wet,Expert,10.0,187,112.7,7.6,3275.0,1.2,58.1,89.9,287.0,276.0,1,2024-05-19 00:00:00
1808,EXC003,OP009,Demolition,High,Soil,64.9,2.4,48.6,Windy,5.2,0.0,19.4,Dry,Expert,12.5,232,104.7,8.0,4848.0,2.0,80.7,75.7,43.8,52.8,1,2024-08-07 00:00:00
1809,EXC003,OP006,Compaction,Medium,Clay,173.5,2.7,39.2,Sunny,38.6,0.0,5.4,Muddy,Expert,11.5,111,39.2,12.6,10936.0,0.8,84.4,75.8,134.7,126.0,1,2024-10-29 00:00:00
1810,EXC004,OP007,Trenching,Medium,Soil,101.5,1.1,92.4,Sunny,28.4,0.0,10.4,Frozen,Beginner,13.5,177,76.8,12.7,5531.0,1.0,57.2,87.2,157.0,147.7,1,2024-06-05 00:00:00
1811,EXC002,OP006,Compaction,High,Rock,140.3,6.0,46.8,Sunny,19.7,0.0,14.0,Frozen,Intermediate,10.1,193,51.3,2.9,2274.0,1.0,71.0,65.3,144.7,162.1,1,2024-09-06 00:00:00
1812,EXC001,OP009,Material Loading,High,Mixed,192.4,1.0,40.2,Sunny,13.5,0.0,13.4,Muddy,Expert,11.2,283,24.4,7.7,5012.0,1.0,88.6,71.4,58.4,76.6,1,2024-03-12 00:00:00
1813,EXC001,OP009,Material Loading,Low,Sand,166.8,2.8,82.5,Rainy,39.4,35.3,6.3,Frozen,Expert,14.9,54,34.2,7.0,1572.0,1.2,65.7,70.6,59.7,55.5,1,2024-04-22 00:00:00
1814,EXC004,OP006,Grading,Low,Mixed,38.3,4.3,44.7,Rainy,40.1,34.6,9.0,Dry,Intermediate,13.7,81,36.8,2.4,9445.0,1.0,82.8,87.2,42.0,42.1,1,2024-11-15 00:00:00
1815,EXC001,OP003,Grading,High,Gravel,102.6,1.7,57.6,Sunny,15.4,0.0,10.3,Frozen,Beginner,14.2,295,40.9,11.7,5159.0,2.0,84.7,91.8,63.3,55.4,0,2024-12-13 00:00:00
1816,EXC002,OP004,Compaction,High,Soil,97.1,2.5,87.5,Cloudy,38.4,0.0,12.9,Wet,Expert,11.4,277,36.4,4.5,1081.0,1.5,72.0,95.5,33.9,41.0,1,2024-05-27 00:00:00
1817,EXC005,OP009,Material Loading,Medium,Sand,127.7,0.9,39.9,Windy,11.6,0.0,11.6,Frozen,Intermediate,4.2,32,44.1,7.6,3119.0,0.8,70.3,69.9,74.3,86.4,1,2024-05-03 00:00:00
1818,EXC001,OP005,Material Loading,Low,Soil,226.4,3.4,32.2,Cloudy,32.1,0.0,9.6,Wet,Beginner,7.3,2,29.6,7.4,6020.0,2.0,65.3,82.1,55.0,49.0,1,2024-04-28 00:00:00
1819,EXC003,OP005,Trenching,Medium,Sand,46.8,2.6,55.6,Sunny,19.5,0.0,5.1,Muddy,Intermediate,4.6,298,92.8,6.0,1018.0,0.8,75.0,86.0,96.9,101.2,1,2024-06-11 00:00:00
1820,EXC002,OP008,Trenching,Low,Mixed,242.7,3.2,88.3,Sunny,7.6,0.0,9.3,Dry,Beginner,5.7,111,78.9,5.8,5514.0,2.0,76.9,85.3,142.4,131.6,1,2024-06-03 00:00:00
1821,EXC003,OP009,Earth Excavation,High,Mixed,158.4,3.2,9.0,Rainy,41.6,16.4,6.0,Dry,Beginner,7.9,61,70.1,13.3,9630.0,1.2,82.2,93.9,210.9,205.2,1,2024-03-14 00:00:00
1822,EXC002,OP004,Grading,High,Sand,91.0,3.5,24.8,Sunny,17.3,0.0,6.2,Muddy,Intermediate,0.7,264,48.2,7.9,11938.0,0.8,68.4,74.1,119.7,129.8,1,2024-08-21 00:00:00
1823,EXC001,OP005,Grading,Medium,Gravel,123.0,2.1,54.0,Rainy,25.2,42.3,3.8,Frozen,Beginner,13.6,183,49.1,8.3,8777.0,1.2,87.3,86.9,115.7,112.1,1,2024-12-30 00:00:00
1824,EXC003,OP003,Demolition,High,Clay,35.6,4.3,82.9,Cloudy,21.7,0.0,2.6,Frozen,Intermediate,9.4,263,101.7,11.2,7927.0,1.0,66.0,77.2,163.7,158.4,1,2024-06-26 00:00:00
1825,EXC004,OP003,Trenching,Medium,Sand,128.0,4.4,89.4,Windy,28.8,0.0,22.1,Wet,Beginner,2.6,55,72.9,12.7,6738.0,0.8,71.9,69.2,294.7,300.0,1,2024-09-10 00:00:00
1826,EXC004,OP009,Demolition,Low,Mixed,73.4,5.3,39.1,Sunny,6.2,0.0,0.5,Muddy,Beginner,3.2,4,107.7,11.8,10781.0,2.0,55.8,92.9,125.1,125.9,1,2024-04-05 00:00:00
1827,EXC003,OP005,Demolition,High,Gravel,156.9,4.6,92.0,Sunny,22.3,0.0,12.6,Frozen,Intermediate,9.4,94,108.7,3.5,7039.0,1.0,81.7,74.4,296.5,300.0,1,2024-11-03 00:00:00
1828,EXC004,OP005,Demolition,High,Soil,206.0,1.1,79.9,Windy,12.4,0.0,32.8,Muddy,Intermediate,12.3,93,101.8,1.5,11152.0,1.0,59.8,81.5,297.6,300.0,1,2024-08-01 00:00:00
1829,EXC001,OP007,Compaction,Medium,Gravel,236.6,2.7,31.8,Cloudy,6.9,0.0,11.3,Frozen,Beginner,8.2,280,31.6,3.3,10742.0,1.2,89.6,83.5,116.8,116.5,1,2024-02-10 00:00:00
1830,EXC001,OP002,Material Loading,Low,Gravel,220.7,3.0,60.3,Windy,39.8,0.0,18.4,Muddy,Beginner,13.3,10,33.8,12.2,11930.0,0.8,67.7,69.2,156.9,158.4,1,2024-12-26 00:00:00
1831,EXC001,OP006,Demolition,Low,Gravel,146.8,1.4,48.8,Windy,9.0,0.0,48.7,Dry,Beginner,5.8,248,104.1,5.1,11927.0,0.8,74.9,96.2,270.5,262.9,1,2024-01-09 00:00:00
1832,EXC003,OP002,Compaction,Low,Soil,45.3,0.8,41.0,Rainy,19.7,23.5,11.1,Dry,Intermediate,8.7,65,37.8,10.8,789.0,1.5,64.2,96.9,15.6,18.8,1,2024-06-23 00:00:00
1833,EXC002,OP009,Demolition,Medium,Clay,196.6,4.1,13.6,Sunny,8.0,0.0,12.6,Frozen,Intermediate,13.6,196,94.8,2.5,4630.0,2.0,87.6,95.0,110.3,109.4,1,2024-04-20 00:00:00
1834,EXC003,OP001,Material Loading,High,Soil,49.5,4.7,14.3,Windy,15.8,0.0,39.1,Wet,Expert,0.5,62,39.0,10.3,3931.0,2.0,83.7,97.2,27.6,30.0,1,2024-02-24 00:00:00
1835,EXC001,OP003,Grading,Low,Sand,186.7,4.1,53.4,Rainy,25.5,11.4,0.3,Wet,Beginner,12.1,212,44.6,13.4,9379.0,1.5,71.2,84.3,86.1,89.9,1,2024-02-01 00:00:00
1836,EXC004,OP004,Compaction,Low,Rock,233.1,5.1,86.0,Sunny,19.6,0.0,11.0,Muddy,Expert,10.2,281,68.1,14.8,6984.0,2.0,69.3,92.6,76.6,66.6,1,2024-08-07 00:00:00
1837,EXC001,OP001,Material Loading,Medium,Sand,147.2,5.1,65.0,Sunny,21.4,0.0,6.9,Muddy,Intermediate,15.0,187,36.9,2.5,2625.0,0.8,81.6,78.0,79.6,78.3,1,2024-03-27 00:00:00
1838,EXC002,OP003,Earth Excavation,Low,Rock,140.0,3.2,5.2,Windy,32.3,0.0,14.5,Frozen,Expert,14.0,246,63.9,9.8,3596.0,0.8,91.6,78.2,136.5,130.0,1,2024-08-29 00:00:00
1839,EXC005,OP004,Material Loading,High,Mixed,53.5,5.8,29.6,Sunny,14.8,0.0,6.3,Dry,Expert,3.1,131,50.3,12.5,1672.0,1.0,90.8,86.0,45.3,43.6,1,2024-10-05 00:00:00
1840,EXC002,OP007,Trenching,High,Clay,176.1,4.6,43.2,Sunny,24.8,0.0,2.0,Muddy,Beginner,11.4,86,72.5,6.6,10049.0,1.0,73.7,88.0,299.6,300.0,1,2024-07-03 00:00:00
1841,EXC003,OP001,Compaction,Low,Gravel,83.7,1.1,59.3,Windy,7.4,0.0,21.5,Muddy,Expert,7.9,279,42.3,9.4,2493.0,1.5,58.2,70.1,36.2,36.0,1,2024-08-28 00:00:00
1842,EXC002,OP003,Earth Excavation,High,Soil,124.0,3.6,7.9,Sunny,38.3,0.0,14.7,Dry,Expert,3.9,212,53.0,10.0,8210.0,2.0,93.5,81.0,64.9,54.3,1,2024-01-29 00:00:00
1843,EXC005,OP006,Material Loading,High,Rock,138.1,3.4,14.7,Cloudy,21.0,0.0,6.7,Dry,Intermediate,15.0,148,31.3,1.2,3883.0,0.8,88.1,80.2,78.6,89.0,1,2024-04-15 00:00:00
1844,EXC003,OP007,Grading,High,Gravel,243.3,3.2,81.3,Windy,25.3,0.0,45.2,Dry,Expert,5.0,159,65.5,14.5,2739.0,1.5,57.2,66.5,132.5,139.9,1,2024-08-25 00:00:00
1845,EXC004,OP007,Earth Excavation,High,Soil,110.8,2.5,73.5,Cloudy,41.9,0.0,7.9,Muddy,Intermediate,6.3,135,66.0,4.8,7569.0,1.5,84.8,85.0,107.4,108.9,1,2024-01-16 00:00:00
1846,EXC004,OP001,Earth Excavation,Low,Soil,218.3,2.2,37.7,Cloudy,29.4,0.0,3.3,Muddy,Intermediate,0.6,122,74.5,7.0,6429.0,0.8,70.1,80.1,211.1,216.0,1,2024-01-23 00:00:00
1847,EXC004,OP006,Trenching,Medium,Sand,60.5,2.1,31.0,Cloudy,19.2,0.0,6.9,Muddy,Beginner,3.7,18,65.4,9.5,4635.0,2.0,61.0,83.5,87.9,67.8,1,2024-02-21 00:00:00
1848,EXC005,OP010,Demolition,High,Sand,108.1,5.8,32.1,Rainy,22.4,27.5,1.0,Dry,Intermediate,10.9,33,124.6,2.0,2137.0,2.0,63.1,96.7,111.3,109.2,1,2024-06-01 00:00:00
1849,EXC005,OP002,Demolition,High,Rock,197.9,5.8,98.9,Rainy,27.2,8.0,14.5,Dry,Beginner,8.3,173,102.1,1.1,1162.0,0.8,87.6,96.1,293.5,300.0,1,2024-05-19 00:00:00
1850,EXC003,OP001,Earth Excavation,High,Sand,236.7,3.5,77.5,Sunny,17.5,0.0,11.5,Frozen,Expert,11.4,165,61.6,6.8,716.0,2.0,62.0,94.2,94.1,82.6,1,2024-04-29 00:00:00
1851,EXC003,OP003,Grading,Medium,Mixed,124.6,2.3,6.5,Cloudy,36.8,0.0,7.9,Wet,Expert,12.8,108,41.2,9.5,2568.0,1.5,68.8,89.4,42.0,41.9,1,2024-02-17 00:00:00
1852,EXC005,OP009,Material Loading,High,Gravel,191.7,2.4,88.2,Windy,29.6,0.0,43.3,Dry,Expert,6.0,169,40.4,13.6,11347.0,1.0,61.6,82.0,124.1,111.7,1,2024-06-26 00:00:00
1853,EXC005,OP003,Demolition,Medium,Soil,130.6,5.5,71.0,Rainy,40.0,16.5,14.9,Frozen,Intermediate,10.8,74,116.2,2.4,5073.0,1.2,60.6,95.7,216.4,218.3,1,2024-07-14 00:00:00
1854,EXC001,OP009,Grading,High,Gravel,90.7,1.2,62.7,Windy,40.8,0.0,45.5,Muddy,Beginner,13.4,194,48.0,13.5,2787.0,2.0,80.9,93.5,72.7,63.4,1,2024-03-22 00:00:00
1855,EXC004,OP007,Grading,High,Sand,79.6,5.4,98.9,Rainy,30.7,0.5,11.2,Frozen,Beginner,9.8,49,43.7,6.5,2891.0,1.0,53.8,86.1,161.2,156.1,1,2024-10-23 00:00:00
1856,EXC002,OP003,Grading,Medium,Soil,123.1,2.8,45.9,Windy,9.2,0.0,19.0,Dry,Expert,10.1,127,57.8,7.9,7394.0,1.2,55.8,91.9,51.2,44.8,1,2024-10-11 00:00:00
1857,EXC003,OP009,Earth Excavation,Low,Clay,234.0,4.4,47.5,Sunny,8.1,0.0,12.3,Muddy,Expert,3.2,77,51.6,4.5,10121.0,1.5,88.0,90.9,119.7,117.8,1,2024-01-28 00:00:00
1858,EXC002,OP003,Demolition,High,Mixed,89.8,5.9,91.5,Windy,6.5,0.0,39.5,Muddy,Expert,7.8,296,122.4,12.3,1691.0,2.0,73.7,81.5,143.1,147.0,1,2024-11-08 00:00:00
1859,EXC002,OP010,Trenching,Low,Sand,223.7,3.8,35.4,Cloudy,22.3,0.0,8.6,Muddy,Expert,8.3,272,95.0,4.2,1740.0,1.5,78.8,69.8,97.4,95.4,1,2024-02-20 00:00:00
1860,EXC002,OP008,Demolition,Medium,Sand,214.2,0.7,15.9,Rainy,29.9,3.9,8.1,Dry,Expert,8.8,164,114.4,0.8,4651.0,0.8,51.3,96.9,189.5,185.9,1,2024-05-02 00:00:00
1861,EXC005,OP005,Compaction,Medium,Sand,40.8,4.6,15.7,Rainy,24.4,27.8,1.9,Dry,Expert,14.5,15,52.9,9.8,2842.0,1.0,84.9,92.8,30.7,31.9,1,2024-11-02 00:00:00
1862,EXC004,OP002,Material Loading,Low,Gravel,45.4,0.5,97.6,Cloudy,7.0,0.0,0.7,Dry,Beginner,13.4,288,37.5,14.7,10166.0,1.0,56.3,86.1,34.3,33.1,1,2024-04-10 00:00:00
1863,EXC001,OP005,Earth Excavation,Medium,Sand,220.5,5.6,70.9,Rainy,10.8,44.4,3.1,Frozen,Intermediate,1.3,44,82.3,6.8,8279.0,1.0,63.5,67.6,302.2,300.0,1,2024-08-15 00:00:00
1864,EXC005,OP007,Material Loading,High,Rock,200.9,0.7,85.9,Windy,21.7,0.0,55.3,Muddy,Beginner,8.3,125,35.4,7.4,2506.0,1.5,71.1,81.3,167.6,153.8,1,2024-11-07 00:00:00
1865,EXC001,OP005,Grading,Medium,Mixed,158.7,3.1,44.1,Sunny,8.1,0.0,3.1,Wet,Expert,4.7,162,46.6,8.5,6297.0,0.8,53.4,65.3,138.7,136.9,1,2024-12-20 00:00:00
1866,EXC003,OP007,Grading,Medium,Gravel,60.3,2.6,38.9,Cloudy,26.1,0.0,10.3,Dry,Intermediate,12.1,133,61.8,8.1,2034.0,1.5,81.3,80.8,38.4,30.2,1,2024-07-10 00:00:00
1867,EXC004,OP009,Compaction,High,Sand,33.9,1.6,31.7,Cloudy,9.4,0.0,10.0,Muddy,Beginner,5.2,235,23.2,0.9,5355.0,1.5,65.3,94.8,33.7,31.8,1,2024-09-29 00:00:00
1868,EXC003,OP008,Compaction,Medium,Clay,150.7,0.9,23.7,Cloudy,22.1,0.0,12.7,Dry,Beginner,13.5,74,52.9,2.1,932.0,2.0,55.5,87.2,26.7,35.3,1,2024-04-04 00:00:00
1869,EXC001,OP010,Grading,High,Sand,62.0,5.7,25.9,Rainy,17.7,1.7,4.4,Wet,Expert,3.4,234,59.4,3.7,6952.0,1.2,83.5,92.4,65.3,62.6,1,2024-12-15 00:00:00
1870,EXC001,OP007,Material Loading,High,Gravel,128.1,4.7,87.7,Rainy,10.5,13.1,9.1,Dry,Expert,5.7,63,35.3,4.8,4723.0,0.8,81.6,71.6,125.8,125.8,1,2024-07-23 00:00:00
1871,EXC002,OP006,Trenching,Low,Gravel,245.9,3.3,81.2,Sunny,36.7,0.0,14.9,Muddy,Beginner,13.0,288,77.9,4.8,6860.0,1.5,78.5,90.4,158.0,147.8,1,2024-12-21 00:00:00
1872,EXC001,OP010,Trenching,Low,Gravel,76.2,5.1,7.0,Rainy,26.8,46.5,14.4,Frozen,Beginner,9.2,112,89.9,9.6,4801.0,2.0,82.6,73.1,86.2,85.0,0,2024-06-08 00:00:00
1873,EXC005,OP001,Demolition,Low,Sand,169.8,3.6,46.1,Sunny,36.2,0.0,11.3,Frozen,Beginner,10.4,67,102.5,9.2,8414.0,1.0,61.7,74.8,268.2,259.9,1,2024-04-11 00:00:00
1874,EXC005,OP002,Earth Excavation,Low,Sand,161.5,0.9,79.5,Sunny,35.4,0.0,9.1,Wet,Beginner,4.6,191,67.3,11.0,8468.0,1.5,91.1,68.9,104.5,110.3,1,2024-04-06 00:00:00
1875,EXC001,OP010,Material Loading,Medium,Clay,175.2,5.7,8.2,Sunny,5.8,0.0,1.1,Muddy,Beginner,0.5,207,37.9,14.0,5794.0,1.2,68.7,97.9,116.4,115.3,1,2024-09-12 00:00:00
1876,EXC003,OP001,Demolition,Low,Rock,137.1,3.3,21.2,Sunny,38.5,0.0,6.8,Muddy,Beginner,2.7,154,104.0,10.7,8781.0,1.5,52.0,76.0,249.3,244.9,1,2024-09-25 00:00:00
1877,EXC003,OP008,Trenching,High,Gravel,107.8,1.4,60.6,Windy,12.0,0.0,23.3,Frozen,Expert,6.3,85,73.5,7.2,4004.0,1.5,61.1,87.8,111.1,101.3,1,2024-08-11 00:00:00
1878,EXC005,OP001,Demolition,Low,Soil,202.0,0.9,96.4,Rainy,36.7,45.0,3.1,Wet,Beginner,7.8,261,108.8,6.9,4452.0,1.5,60.2,69.6,256.1,255.3,1,2024-12-07 00:00:00
1879,EXC002,OP009,Earth Excavation,High,Clay,161.0,5.1,96.9,Cloudy,7.5,0.0,5.0,Wet,Beginner,6.2,164,61.2,5.9,8080.0,1.2,90.1,72.3,283.4,282.2,1,2024-01-01 00:00:00
1880,EXC001,OP004,Grading,Medium,Clay,92.8,1.6,7.1,Rainy,29.7,27.3,2.0,Muddy,Beginner,3.4,23,49.3,10.1,5345.0,2.0,60.5,85.0,69.0,76.8,1,2024-02-08 00:00:00
1881,EXC004,OP002,Demolition,Low,Mixed,70.0,4.1,27.2,Rainy,37.6,13.4,1.9,Frozen,Expert,6.9,101,112.3,2.7,2541.0,2.0,79.7,68.9,63.9,67.7,1,2024-02-05 00:00:00
1882,EXC005,OP002,Earth Excavation,High,Sand,207.8,5.1,74.8,Rainy,13.7,26.3,14.5,Dry,Beginner,7.4,181,80.9,14.3,8181.0,0.8,88.0,71.3,306.8,300.0,1,2024-10-14 00:00:00
1883,EXC004,OP004,Grading,Medium,Clay,160.2,3.8,88.6,Windy,5.4,0.0,45.9,Muddy,Expert,8.7,157,51.3,12.7,2624.0,0.8,55.7,86.8,200.5,194.0,1,2024-03-14 00:00:00
1884,EXC001,OP001,Demolition,Medium,Sand,192.0,3.3,61.2,Cloudy,38.7,0.0,13.1,Dry,Intermediate,1.7,155,119.5,7.9,7543.0,1.2,88.3,73.8,232.8,231.9,1,2024-12-10 00:00:00
1885,EXC002,OP002,Trenching,Low,Rock,55.7,2.7,12.6,Sunny,25.8,0.0,6.1,Muddy,Beginner,9.2,125,74.9,14.8,11904.0,1.0,66.5,87.5,136.2,129.6,1,2024-02-05 00:00:00
1886,EXC004,OP007,Demolition,Medium,Gravel,136.1,2.1,61.7,Windy,9.2,0.0,39.9,Muddy,Expert,2.0,274,105.4,13.6,8978.0,1.5,58.2,90.9,167.8,166.3,1,2024-08-01 00:00:00
1887,EXC004,OP001,Earth Excavation,Medium,Sand,241.3,2.3,37.5,Sunny,13.0,0.0,13.0,Muddy,Expert,2.9,94,68.3,12.1,10021.0,1.5,85.0,79.9,111.1,116.5,1,2024-07-11 00:00:00
1888,EXC003,OP002,Grading,Medium,Gravel,94.0,3.1,25.6,Windy,27.7,0.0,50.5,Wet,Intermediate,1.9,233,59.2,0.9,9181.0,1.5,64.5,75.7,59.7,58.1,1,2024-03-05 00:00:00
1889,EXC002,OP010,Grading,High,Soil,175.4,5.9,72.6,Sunny,19.4,0.0,9.3,Wet,Expert,10.1,248,44.1,11.3,5730.0,1.5,62.9,96.8,64.3,76.0,1,2024-05-27 00:00:00
1890,EXC004,OP006,Material Loading,Medium,Mixed,58.4,2.9,53.8,Rainy,10.4,5.7,5.9,Dry,Beginner,3.9,290,39.3,8.8,6387.0,1.0,57.3,65.4,65.0,72.0,1,2024-12-17 00:00:00
1891,EXC005,OP005,Compaction,Medium,Mixed,144.8,4.3,45.8,Windy,37.6,0.0,18.4,Dry,Intermediate,6.6,81,51.3,1.4,8524.0,1.2,69.1,94.2,65.0,74.6,1,2024-10-28 00:00:00
1892,EXC003,OP003,Trenching,High,Clay,97.0,3.2,30.2,Cloudy,40.2,0.0,11.6,Wet,Expert,6.6,67,97.6,11.0,3915.0,1.5,53.7,79.2,101.6,106.0,1,2024-11-22 00:00:00
1893,EXC005,OP004,Demolition,Medium,Sand,111.7,4.6,15.6,Rainy,38.1,14.2,3.3,Muddy,Intermediate,4.5,182,99.1,12.3,3373.0,2.0,65.4,86.7,138.6,134.4,1,2024-09-13 00:00:00
1894,EXC002,OP003,Material Loading,High,Mixed,32.9,4.9,70.7,Rainy,38.5,26.1,10.2,Dry,Beginner,1.2,143,23.2,6.2,9294.0,2.0,54.9,90.8,27.4,33.8,1,2024-08-15 00:00:00
1895,EXC002,OP009,Grading,Low,Rock,144.0,4.5,93.0,Cloudy,18.6,0.0,2.2,Frozen,Beginner,0.9,270,37.2,5.2,6244.0,1.5,59.7,90.8,132.4,117.7,1,2024-02-18 00:00:00
1896,EXC003,OP007,Material Loading,High,Clay,241.6,3.8,44.2,Rainy,14.0,32.6,3.2,Dry,Beginner,1.9,266,41.8,1.9,10235.0,1.5,67.2,96.0,114.5,120.8,1,2024-03-20 00:00:00
1897,EXC002,OP010,Earth Excavation,Medium,Gravel,109.8,5.8,82.6,Sunny,31.8,0.0,10.3,Frozen,Intermediate,1.1,274,61.3,1.7,5299.0,2.0,54.2,78.9,70.8,76.5,1,2024-02-11 00:00:00
1898,EXC004,OP001,Grading,Low,Soil,46.1,5.7,99.5,Cloudy,29.8,0.0,5.3,Wet,Expert,4.1,100,46.9,6.8,2322.0,2.0,50.9,67.1,25.0,30.2,1,2024-03-04 00:00:00
1899,EXC005,OP010,Earth Excavation,Low,Gravel,57.8,3.1,17.1,Sunny,16.3,0.0,10.9,Wet,Beginner,10.0,236,59.6,6.1,11187.0,1.2,77.3,79.4,58.9,54.4,1,2024-03-15 00:00:00
1900,EXC001,OP005,Earth Excavation,Low,Mixed,228.8,2.3,42.9,Sunny,37.2,0.0,1.6,Frozen,Intermediate,10.8,263,77.9,12.2,10644.0,1.5,59.9,87.4,82.6,97.0,1,2024-11-06 00:00:00
1901,EXC004,OP001,Grading,Medium,Soil,187.8,4.9,7.8,Cloudy,17.9,0.0,6.5,Frozen,Intermediate,1.9,0,35.9,11.4,6370.0,1.5,78.4,76.2,107.9,107.8,1,2024-04-29 00:00:00
1902,EXC003,OP001,Compaction,High,Gravel,136.1,4.9,29.4,Rainy,31.6,31.6,9.3,Dry,Expert,6.4,11,43.0,0.7,2414.0,1.2,88.0,85.4,99.0,95.0,1,2024-08-13 00:00:00
1903,EXC001,OP004,Material Loading,High,Clay,96.3,5.3,83.5,Sunny,17.3,0.0,6.9,Frozen,Expert,14.4,233,29.6,9.3,271.0,1.0,66.3,74.1,77.1,66.4,1,2024-08-20 00:00:00
1904,EXC003,OP002,Demolition,Low,Mixed,41.0,3.5,20.9,Cloudy,9.2,0.0,3.9,Frozen,Expert,10.8,207,102.7,10.2,9465.0,0.8,52.8,90.3,90.8,83.3,1,2024-02-07 00:00:00
1905,EXC001,OP010,Trenching,Medium,Mixed,186.2,3.7,36.9,Rainy,23.9,41.8,14.9,Dry,Expert,11.5,230,75.3,12.0,8453.0,0.8,60.9,79.0,233.0,223.5,1,2024-05-08 00:00:00
1906,EXC005,OP002,Compaction,Medium,Sand,86.4,5.2,31.6,Rainy,31.8,5.5,8.2,Frozen,Intermediate,5.1,236,53.2,10.7,10292.0,1.5,50.7,68.8,65.1,63.1,0,2024-09-27 00:00:00
1907,EXC003,OP008,Material Loading,High,Gravel,186.3,2.0,99.8,Windy,12.7,0.0,25.3,Muddy,Intermediate,2.9,74,23.5,14.4,6943.0,1.0,56.1,93.9,153.0,166.2,1,2024-11-18 00:00:00
1908,EXC004,OP005,Demolition,Medium,Soil,119.1,3.6,61.4,Sunny,39.2,0.0,13.8,Wet,Intermediate,5.0,72,112.7,10.6,8610.0,0.8,93.1,67.8,307.2,300.0,0,2024-04-12 00:00:00
1909,EXC001,OP008,Earth Excavation,High,Sand,160.9,3.9,68.3,Sunny,41.8,0.0,6.0,Muddy,Beginner,2.5,115,57.8,2.5,6221.0,1.2,91.1,81.9,230.3,222.3,1,2024-10-12 00:00:00
1910,EXC001,OP002,Trenching,Low,Gravel,217.3,3.3,11.5,Windy,6.2,0.0,53.0,Dry,Intermediate,3.8,263,101.6,8.1,9366.0,1.2,61.4,89.3,149.2,150.1,1,2024-04-03 00:00:00
1911,EXC002,OP008,Earth Excavation,Medium,Clay,207.5,3.5,47.7,Windy,29.3,0.0,24.3,Wet,Intermediate,13.8,275,56.1,13.7,1058.0,1.2,58.2,87.5,138.8,134.0,1,2024-03-06 00:00:00
1912,EXC002,OP002,Material Loading,High,Sand,240.7,4.3,67.0,Windy,17.3,0.0,59.8,Wet,Beginner,3.7,157,37.0,3.1,3956.0,0.8,83.3,72.8,264.4,260.4,1,2024-08-26 00:00:00
1913,EXC003,OP008,Earth Excavation,Medium,Mixed,182.5,1.0,39.8,Sunny,8.0,0.0,8.1,Frozen,Expert,10.7,112,66.4,1.3,11082.0,1.2,60.6,69.3,99.1,87.6,1,2024-02-24 00:00:00
1914,EXC001,OP003,Trenching,High,Rock,39.9,6.0,68.3,Cloudy,7.0,0.0,11.6,Wet,Beginner,5.7,144,76.6,12.0,11408.0,0.8,51.2,96.8,253.4,243.1,1,2024-03-03 00:00:00
1915,EXC005,OP001,Grading,Low,Sand,67.7,5.8,80.8,Cloudy,41.3,0.0,1.6,Dry,Beginner,1.6,190,61.5,8.3,7451.0,1.0,54.2,92.8,70.8,71.0,1,2024-02-12 00:00:00
1916,EXC003,OP010,Demolition,Low,Gravel,70.7,5.6,81.6,Sunny,25.2,0.0,14.3,Dry,Expert,5.9,258,105.1,13.0,5717.0,1.0,88.2,94.7,114.0,115.1,1,2024-03-22 00:00:00
1917,EXC003,OP005,Grading,Medium,Gravel,30.5,1.3,5.8,Sunny,41.5,0.0,6.2,Wet,Expert,3.3,292,31.7,2.2,4571.0,1.0,74.7,76.7,29.5,30.6,1,2024-04-05 00:00:00
1918,EXC003,OP002,Trenching,High,Soil,139.5,4.8,84.9,Cloudy,38.9,0.0,5.7,Muddy,Intermediate,13.6,166,77.8,10.8,7574.0,1.5,74.9,65.7,166.0,169.9,1,2024-12-27 00:00:00
1919,EXC001,OP003,Demolition,High,Clay,156.2,5.9,9.2,Rainy,20.2,43.8,2.5,Frozen,Intermediate,8.8,275,112.5,8.1,9728.0,1.2,61.6,87.9,289.5,300.0,1,2024-07-05 00:00:00
1920,EXC003,OP003,Earth Excavation,High,Sand,219.3,3.9,89.7,Cloudy,41.5,0.0,11.6,Dry,Beginner,9.6,78,76.9,7.0,9800.0,2.0,81.7,80.6,126.4,126.0,1,2024-01-07 00:00:00
1921,EXC002,OP009,Grading,High,Rock,135.8,3.4,15.3,Sunny,10.1,0.0,8.7,Muddy,Expert,6.0,243,46.8,12.1,11669.0,0.8,68.3,80.9,177.9,172.8,1,2024-04-22 00:00:00
1922,EXC003,OP002,Trenching,Low,Rock,107.2,4.2,21.5,Sunny,38.5,0.0,8.6,Muddy,Beginner,11.6,137,82.5,6.3,11298.0,2.0,82.4,70.1,96.5,100.1,1,2024-06-29 00:00:00
1923,EXC002,OP004,Compaction,High,Rock,187.8,2.1,38.1,Windy,39.9,0.0,46.8,Muddy,Intermediate,1.5,69,41.7,7.1,4870.0,1.0,94.8,69.5,286.6,286.1,1,2024-10-10 00:00:00
1924,EXC001,OP009,Material Loading,Medium,Rock,221.6,1.1,59.1,Sunny,29.2,0.0,4.9,Muddy,Beginner,4.3,103,36.1,9.2,5097.0,2.0,90.7,70.4,97.7,94.5,1,2024-10-02 00:00:00
1925,EXC004,OP002,Earth Excavation,Low,Gravel,108.6,5.7,96.9,Rainy,23.0,3.8,13.8,Frozen,Expert,8.1,206,55.8,2.5,8839.0,0.8,56.3,74.1,145.1,144.1,1,2024-06-20 00:00:00
1926,EXC002,OP009,Grading,Low,Clay,209.6,5.1,79.4,Sunny,16.2,0.0,9.5,Muddy,Expert,5.8,124,47.9,6.1,8567.0,0.8,88.0,92.4,163.7,163.2,1,2024-05-14 00:00:00
1927,EXC002,OP008,Material Loading,High,Mixed,192.8,3.6,54.9,Cloudy,16.8,0.0,3.0,Muddy,Expert,1.7,148,33.0,10.8,2825.0,1.2,90.0,87.1,99.8,106.6,1,2024-06-30 00:00:00
1928,EXC003,OP005,Earth Excavation,Medium,Mixed,77.3,2.5,84.6,Sunny,10.6,0.0,0.2,Wet,Intermediate,13.0,184,48.1,4.8,1108.0,0.8,51.2,94.7,101.8,103.4,1,2024-10-07 00:00:00
1929,EXC003,OP003,Material Loading,Medium,Gravel,135.6,3.8,24.1,Windy,10.9,0.0,16.8,Frozen,Beginner,4.6,180,35.2,12.4,526.0,1.0,53.1,84.6,113.9,104.4,1,2024-09-16 00:00:00
1930,EXC004,OP010,Grading,Low,Mixed,152.5,3.1,58.5,Cloudy,26.1,0.0,7.4,Muddy,Intermediate,11.9,199,49.9,6.2,1481.0,1.2,78.9,91.3,68.2,74.2,1,2024-07-09 00:00:00
1931,EXC002,OP007,Demolition,High,Clay,65.3,0.9,14.9,Cloudy,14.6,0.0,12.7,Frozen,Expert,2.7,112,112.6,1.0,10271.0,1.2,76.5,67.8,135.5,128.8,1,2024-04-01 00:00:00
1932,EXC005,OP009,Material Loading,Medium,Rock,62.2,4.6,7.6,Windy,30.9,0.0,19.2,Muddy,Expert,7.0,115,31.0,8.6,7839.0,1.5,85.6,82.0,50.6,41.3,1,2024-01-12 00:00:00
1933,EXC003,OP007,Material Loading,Low,Clay,201.0,0.9,88.5,Windy,29.1,0.0,18.1,Wet,Beginner,7.9,159,26.3,7.8,10573.0,1.2,74.8,75.5,84.9,90.3,1,2024-11-20 00:00:00
1934,EXC004,OP009,Compaction,High,Clay,79.6,0.6,83.6,Cloudy,24.9,0.0,8.9,Wet,Expert,7.6,234,48.7,2.3,5346.0,1.0,63.2,94.4,60.9,57.8,1,2024-01-30 00:00:00
1935,EXC004,OP007,Trenching,Low,Soil,163.8,0.6,35.1,Windy,19.8,0.0,24.2,Dry,Expert,8.9,176,77.4,1.4,436.0,1.0,61.9,87.7,100.9,89.0,1,2024-05-17 00:00:00
1936,EXC001,OP007,Grading,Medium,Sand,103.7,3.7,40.6,Windy,41.6,0.0,40.2,Wet,Beginner,5.4,129,67.1,7.9,9411.0,1.2,86.3,86.0,92.3,100.4,0,2024-09-01 00:00:00
1937,EXC002,OP003,Material Loading,High,Rock,168.1,3.0,76.7,Sunny,28.4,0.0,0.1,Wet,Beginner,9.8,47,35.0,12.9,10255.0,1.5,65.6,68.9,108.4,127.9,1,2024-07-02 00:00:00
1938,EXC005,OP003,Compaction,High,Rock,227.1,3.7,76.6,Windy,15.9,0.0,27.2,Dry,Intermediate,2.2,298,44.8,5.5,2201.0,1.2,74.3,78.0,171.2,181.4,1,2024-04-02 00:00:00
1939,EXC001,OP001,Earth Excavation,Medium,Rock,85.6,3.1,21.0,Rainy,13.1,18.5,10.6,Dry,Expert,12.6,266,68.1,5.0,4894.0,0.8,85.1,87.8,116.2,99.5,1,2024-06-19 00:00:00
1940,EXC001,OP006,Earth Excavation,Medium,Gravel,122.4,1.6,80.8,Cloudy,38.8,0.0,4.7,Muddy,Intermediate,0.9,159,71.7,13.5,10165.0,0.8,85.9,76.8,238.5,226.0,1,2024-10-10 00:00:00
1941,EXC005,OP010,Earth Excavation,Low,Sand,71.4,0.6,57.5,Windy,27.0,0.0,15.0,Wet,Intermediate,8.4,292,61.9,6.8,5364.0,2.0,63.3,94.2,28.6,30.6,0,2024-11-24 00:00:00
1942,EXC004,OP008,Trenching,High,Rock,34.5,3.3,89.0,Cloudy,37.8,0.0,14.9,Muddy,Expert,5.5,294,91.0,2.3,1021.0,1.0,89.0,89.7,121.5,108.1,1,2024-05-12 00:00:00
1943,EXC005,OP009,Material Loading,Low,Clay,243.6,5.9,76.4,Sunny,36.0,0.0,1.6,Frozen,Beginner,2.3,224,31.4,1.8,946.0,1.0,52.5,96.3,132.0,138.9,1,2024-03-11 00:00:00
1944,EXC001,OP005,Earth Excavation,Low,Rock,95.7,5.3,28.8,Cloudy,41.9,0.0,1.7,Muddy,Expert,12.6,49,64.8,2.4,9160.0,1.5,88.8,75.3,68.7,67.6,1,2024-06-01 00:00:00
1945,EXC005,OP002,Trenching,Low,Gravel,184.0,4.3,95.0,Sunny,24.3,0.0,4.8,Frozen,Expert,13.7,99,89.1,14.8,441.0,1.2,66.3,68.7,149.6,140.3,1,2024-01-11 00:00:00
1946,EXC002,OP004,Grading,Low,Rock,195.7,5.3,81.7,Windy,33.8,0.0,46.5,Frozen,Beginner,6.0,100,38.9,10.0,6875.0,1.5,93.4,81.5,190.3,197.4,1,2024-07-31 00:00:00
1947,EXC001,OP009,Compaction,Low,Sand,70.2,2.0,91.4,Windy,34.6,0.0,17.2,Frozen,Expert,9.0,52,39.4,4.5,7631.0,1.0,65.8,77.8,34.3,41.0,1,2024-03-20 00:00:00
1948,EXC003,OP003,Demolition,High,Sand,175.2,4.5,97.0,Windy,5.1,0.0,21.8,Dry,Expert,12.6,39,104.8,13.4,5680.0,0.8,71.8,93.2,301.0,300.0,1,2024-04-10 00:00:00
1949,EXC003,OP007,Earth Excavation,Medium,Clay,165.7,1.8,74.1,Sunny,13.6,0.0,1.8,Frozen,Intermediate,4.1,158,83.9,8.2,10298.0,1.0,88.2,67.1,205.6,198.5,1,2024-03-03 00:00:00
1950,EXC001,OP008,Material Loading,Medium,Mixed,87.8,0.5,63.5,Rainy,23.2,38.9,1.5,Frozen,Expert,9.1,287,29.7,3.4,6272.0,2.0,57.1,95.1,20.3,23.3,0,2024-07-01 00:00:00
1951,EXC002,OP008,Earth Excavation,Medium,Rock,221.0,4.7,11.0,Sunny,23.4,0.0,1.7,Wet,Expert,6.4,75,74.7,12.7,686.0,2.0,87.2,78.4,105.6,107.7,1,2024-07-30 00:00:00
1952,EXC005,OP008,Demolition,High,Sand,55.2,5.2,71.4,Windy,11.4,0.0,37.3,Wet,Beginner,0.7,105,106.2,8.8,7070.0,2.0,68.4,92.2,141.0,139.3,1,2024-12-30 00:00:00
1953,EXC003,OP003,Demolition,High,Sand,78.8,3.3,12.8,Windy,25.4,0.0,28.5,Frozen,Beginner,11.1,220,102.3,9.6,3109.0,2.0,64.0,73.2,106.0,111.9,0,2024-12-08 00:00:00
1954,EXC001,OP009,Trenching,Medium,Rock,102.0,0.7,12.1,Cloudy,18.2,0.0,7.5,Frozen,Expert,11.3,114,67.4,11.6,10985.0,0.8,90.9,68.3,175.2,164.4,1,2024-07-04 00:00:00
1955,EXC004,OP001,Demolition,High,Rock,101.7,2.5,89.4,Cloudy,40.6,0.0,2.5,Dry,Beginner,0.8,225,108.4,12.5,6792.0,1.5,64.9,70.2,299.2,300.0,1,2024-04-27 00:00:00
1956,EXC001,OP004,Compaction,High,Soil,174.3,1.8,85.3,Windy,5.4,0.0,31.1,Frozen,Expert,14.4,200,59.5,2.1,9176.0,0.8,82.7,75.5,117.7,118.1,1,2024-11-05 00:00:00
1957,EXC003,OP002,Material Loading,Medium,Sand,139.2,5.8,78.6,Windy,14.9,0.0,41.2,Muddy,Beginner,3.6,56,37.4,3.7,2434.0,2.0,72.5,75.2,49.7,70.8,1,2024-01-18 00:00:00
1958,EXC002,OP004,Earth Excavation,Low,Gravel,101.5,5.8,97.4,Cloudy,39.9,0.0,11.9,Dry,Expert,11.2,2,67.1,14.3,2839.0,2.0,86.4,68.7,50.7,57.5,1,2024-07-21 00:00:00
1959,EXC004,OP009,Demolition,High,Gravel,169.6,5.5,95.9,Sunny,13.7,0.0,3.2,Frozen,Intermediate,10.4,254,109.1,7.6,8974.0,1.0,50.5,94.0,290.5,300.0,1,2024-11-22 00:00:00
1960,EXC001,OP010,Grading,High,Soil,215.5,4.2,16.3,Sunny,41.4,0.0,5.2,Muddy,Intermediate,9.7,177,42.8,4.5,9962.0,2.0,67.0,77.9,69.8,75.2,1,2024-10-12 00:00:00
1961,EXC002,OP007,Compaction,Medium,Rock,230.1,2.3,36.2,Rainy,18.5,24.9,13.3,Wet,Intermediate,3.5,24,38.7,9.9,3810.0,0.8,92.9,90.9,282.1,283.4,1,2024-02-20 00:00:00
1962,EXC003,OP010,Earth Excavation,High,Soil,205.6,4.1,23.2,Cloudy,33.8,0.0,1.7,Dry,Beginner,13.5,61,60.7,6.1,8780.0,1.5,57.6,75.4,120.3,132.3,1,2024-12-03 00:00:00
1963,EXC005,OP003,Grading,Medium,Mixed,45.3,4.4,91.5,Rainy,21.3,0.7,3.7,Wet,Expert,14.1,280,49.5,2.2,361.0,1.5,88.8,80.2,31.9,28.3,1,2024-05-29 00:00:00
1964,EXC003,OP003,Demolition,Medium,Sand,163.8,5.7,14.8,Cloudy,21.1,0.0,10.2,Wet,Intermediate,6.4,266,100.7,5.6,8406.0,2.0,77.3,74.3,107.4,112.2,1,2024-04-04 00:00:00
1965,EXC005,OP007,Demolition,High,Gravel,155.7,1.2,47.4,Windy,22.9,0.0,33.1,Muddy,Intermediate,4.0,166,101.4,2.3,11190.0,0.8,88.8,87.2,309.6,300.0,1,2024-07-22 00:00:00
1966,EXC002,OP001,Earth Excavation,Medium,Gravel,246.8,3.6,36.3,Rainy,8.6,45.8,14.1,Dry,Expert,4.2,93,59.6,6.8,7817.0,0.8,55.0,82.7,255.9,248.4,1,2024-07-19 00:00:00
1967,EXC005,OP007,Material Loading,Medium,Sand,140.3,3.2,86.4,Windy,30.2,0.0,11.5,Muddy,Intermediate,2.2,35,31.4,8.9,9170.0,1.5,72.6,86.2,73.6,65.5,1,2024-03-29 00:00:00
1968,EXC003,OP003,Demolition,High,Gravel,207.0,2.8,39.4,Cloudy,10.6,0.0,10.2,Wet,Expert,7.0,260,118.1,2.4,6825.0,1.5,94.5,66.7,175.6,184.3,1,2024-03-03 00:00:00
1969,EXC005,OP006,Grading,Low,Rock,199.0,4.0,89.7,Cloudy,32.2,0.0,7.8,Wet,Intermediate,2.2,100,60.2,12.2,8627.0,1.0,60.4,86.7,204.7,196.0,1,2024-06-22 00:00:00
1970,EXC004,OP010,Material Loading,High,Sand,47.0,0.9,48.6,Sunny,8.1,0.0,6.2,Wet,Intermediate,10.6,274,15.0,13.3,2813.0,0.8,89.5,97.3,42.2,37.6,1,2024-12-16 00:00:00
1971,EXC004,OP006,Material Loading,Low,Soil,139.5,5.6,8.9,Sunny,27.6,0.0,12.5,Frozen,Beginner,6.0,19,42.2,9.4,5437.0,0.8,72.7,67.9,119.5,114.1,1,2024-01-23 00:00:00
1972,EXC004,OP008,Compaction,High,Sand,194.0,4.5,70.8,Rainy,5.3,0.9,1.0,Wet,Intermediate,1.0,267,52.7,11.7,6653.0,1.2,72.7,67.8,183.6,177.5,1,2024-09-09 00:00:00
1973,EXC001,OP008,Compaction,Low,Clay,84.3,3.7,39.1,Cloudy,26.8,0.0,10.9,Frozen,Intermediate,12.7,35,46.3,3.3,1204.0,1.0,57.4,75.7,53.4,59.7,1,2024-07-09 00:00:00
1974,EXC005,OP007,Compaction,Medium,Gravel,222.4,2.4,30.6,Cloudy,19.5,0.0,3.7,Muddy,Beginner,14.9,281,42.1,9.9,10778.0,0.8,92.8,84.2,156.0,158.0,1,2024-05-26 00:00:00
1975,EXC002,OP005,Grading,High,Rock,174.0,2.5,69.7,Cloudy,36.5,0.0,5.0,Dry,Expert,6.1,53,60.9,10.5,5272.0,0.8,88.4,71.7,211.1,213.6,1,2024-06-08 00:00:00
1976,EXC004,OP009,Trenching,Medium,Soil,43.6,4.6,89.9,Windy,31.3,0.0,22.1,Frozen,Beginner,4.4,35,76.2,14.4,8461.0,0.8,87.3,79.7,225.7,214.4,1,2024-01-16 00:00:00
1977,EXC004,OP008,Demolition,Low,Gravel,192.5,2.7,94.7,Cloudy,11.0,0.0,7.9,Muddy,Intermediate,9.5,190,121.4,9.5,7951.0,1.0,85.6,91.9,266.0,267.8,1,2024-03-25 00:00:00
1978,EXC004,OP006,Grading,Medium,Soil,178.5,0.6,54.7,Cloudy,18.5,0.0,12.1,Wet,Intermediate,2.2,102,44.4,9.3,8602.0,2.0,76.8,74.1,63.1,60.5,1,2024-08-30 00:00:00
1979,EXC004,OP004,Earth Excavation,Medium,Sand,212.5,5.7,72.8,Cloudy,8.3,0.0,5.1,Wet,Intermediate,3.2,294,50.8,10.1,7258.0,0.8,70.1,68.5,256.6,259.0,1,2024-09-03 00:00:00
1980,EXC005,OP006,Trenching,Medium,Rock,87.3,3.0,85.1,Sunny,41.6,0.0,12.7,Frozen,Beginner,7.7,76,74.1,13.1,8538.0,2.0,55.1,67.8,129.0,132.2,1,2024-04-21 00:00:00
1981,EXC004,OP004,Compaction,Medium,Gravel,130.2,5.7,89.1,Cloudy,12.2,0.0,4.2,Frozen,Intermediate,4.8,144,44.3,0.7,6459.0,1.2,55.6,97.7,88.2,84.4,1,2024-04-25 00:00:00
1982,EXC005,OP002,Material Loading,Low,Soil,194.6,3.9,85.1,Sunny,35.7,0.0,13.3,Wet,Beginner,2.1,246,31.6,2.4,9627.0,2.0,94.8,83.6,63.8,55.4,1,2024-11-02 00:00:00
1983,EXC005,OP001,Trenching,High,Gravel,120.9,3.4,65.5,Cloudy,7.0,0.0,1.4,Frozen,Intermediate,1.7,150,84.3,9.1,5072.0,1.0,72.5,66.3,263.3,264.5,1,2024-12-25 00:00:00
1984,EXC005,OP006,Grading,High,Sand,241.6,5.2,89.9,Windy,7.8,0.0,36.5,Dry,Intermediate,4.1,263,59.6,8.4,8538.0,1.5,83.6,97.7,124.1,124.7,1,2024-09-21 00:00:00
1985,EXC003,OP005,Material Loading,Low,Soil,92.5,0.9,54.8,Cloudy,27.8,0.0,1.7,Frozen,Beginner,13.2,150,45.6,1.9,4875.0,1.0,76.2,75.5,48.4,48.4,1,2024-08-19 00:00:00
1986,EXC004,OP001,Demolition,High,Gravel,188.5,2.9,98.5,Cloudy,23.5,0.0,3.2,Dry,Beginner,12.0,181,107.8,14.0,3296.0,1.5,50.3,85.1,267.0,264.0,1,2024-10-19 00:00:00
1987,EXC003,OP002,Demolition,Low,Soil,171.2,3.5,78.9,Rainy,23.5,17.7,2.1,Muddy,Beginner,1.2,229,116.3,8.2,11043.0,0.8,67.7,97.5,286.7,300.0,1,2024-05-06 00:00:00
1988,EXC005,OP008,Material Loading,High,Mixed,56.8,3.0,58.3,Sunny,20.7,0.0,3.2,Muddy,Beginner,3.7,269,42.8,7.9,369.0,0.8,69.8,66.1,109.0,105.6,1,2024-06-28 00:00:00
1989,EXC005,OP009,Grading,Low,Mixed,62.4,3.9,25.6,Cloudy,21.5,0.0,8.0,Frozen,Expert,2.3,122,47.5,1.6,5912.0,2.0,91.4,88.0,26.5,24.6,1,2024-08-25 00:00:00
1990,EXC005,OP009,Material Loading,High,Gravel,87.8,0.9,51.2,Windy,29.2,0.0,10.3,Wet,Intermediate,3.8,269,23.4,1.6,11596.0,0.8,86.1,66.0,85.9,86.2,1,2024-06-19 00:00:00
1991,EXC004,OP001,Trenching,High,Rock,157.8,3.6,51.3,Windy,27.5,0.0,14.2,Wet,Beginner,7.1,155,98.2,4.6,228.0,1.0,66.4,79.2,301.3,300.0,1,2024-10-10 00:00:00
1992,EXC003,OP007,Grading,Medium,Gravel,57.1,2.5,79.9,Sunny,27.5,0.0,11.9,Muddy,Beginner,13.6,171,57.1,4.1,10990.0,1.0,79.8,83.5,65.2,70.5,1,2024-04-30 00:00:00
1993,EXC004,OP005,Trenching,Low,Sand,76.7,5.9,56.7,Sunny,12.1,0.0,2.2,Frozen,Expert,3.4,248,79.9,5.8,2619.0,2.0,66.5,82.4,32.2,43.2,1,2024-07-28 00:00:00
1994,EXC001,OP007,Demolition,Medium,Mixed,119.6,3.5,38.4,Rainy,27.9,41.3,5.6,Frozen,Beginner,8.3,179,110.4,11.7,2665.0,1.5,77.5,90.6,241.0,240.3,1,2024-06-23 00:00:00
1995,EXC005,OP008,Demolition,Medium,Gravel,214.0,2.5,72.2,Rainy,9.8,40.9,7.8,Frozen,Beginner,14.6,123,103.4,6.4,10501.0,1.0,54.9,87.7,293.9,300.0,1,2024-04-25 00:00:00
1996,EXC003,OP002,Grading,Low,Sand,175.0,3.7,81.7,Cloudy,16.1,0.0,2.7,Muddy,Intermediate,11.2,167,50.4,8.3,10827.0,1.5,93.4,93.6,66.9,64.8,1,2024-10-11 00:00:00
1997,EXC002,OP005,Material Loading,Low,Clay,100.5,0.6,88.2,Windy,7.6,0.0,21.6,Muddy,Expert,8.4,204,36.0,12.3,9425.0,1.5,87.3,87.6,32.8,36.8,0,2024-06-05 00:00:00
1998,EXC003,OP006,Material Loading,Medium,Clay,82.1,1.5,79.7,Sunny,35.0,0.0,9.9,Dry,Intermediate,3.3,137,44.9,9.7,8617.0,1.2,60.5,69.4,61.7,52.2,1,2024-07-01 00:00:00
1999,EXC004,OP010,Demolition,Medium,Sand,203.0,2.4,76.5,Windy,32.2,0.0,41.0,Wet,Beginner,9.7,39,104.8,10.1,9022.0,1.2,66.2,92.8,294.3,300.0,1,2024-03-04 00:00:00
2000,EXC001,OP008,Grading,High,Clay,86.0,2.2,90.3,Cloudy,19.2,0.0,14.6,Muddy,Intermediate,5.6,3,68.8,0.6,11454.0,2.0,60.7,87.9,69.7,71.4,0,2024-12-18 00:00:00
